event_id,run_id,scene_id,prn,center_window_id,recording_time_s,tow_s,event_utc,elevation_deg,azimuth_deg,tracking_cn0_db_hz,nmea_snr_db_hz,vehicle_speed_kmh,speed_source,geometry_join_status,geometry_join_valid,geometry_join_method,geometry_source_utc,geometry_time_delta_s,time_alignment_id,missing_reason,observation_quality,derivation_version,context_alignment_version
F1023_v50_D0127_P1__G31__ch5__nav_sage_v2__ingestion_20260825_event_path_v1__event_964,F1023_v50_D0127_P1__G31__ch5__nav_sage_v2__ingestion_20260825_event_path_v1,F1023_v50_D0127_P1,G31,964,58.0992017595308,218641.26,2026-01-27T12:43:43.260Z,39.000,306.000,42.1335334777832,41.000,17.6048341999129,NMEA_RMC,valid,1,tow_to_utc_nearest_gsv,2026-01-27T12:43:43.990Z,0.73,F1023_v50_D0127_P1__tow_to_utc_v1,,valid,sage-event-path-derivation-v1,sage-event-context-alignment-v1
F1023_v50_D0127_P1__G31__ch5__nav_sage_v2__ingestion_20260825_event_path_v1__event_327,F1023_v50_D0127_P1__G31__ch5__nav_sage_v2__ingestion_20260825_event_path_v1,F1023_v50_D0127_P1,G31,327,45.3591775171066,218628.52,2026-01-27T12:43:30.520Z,38.000,306.000,45.7023963928223,46.000,13.57219679998,NMEA_RMC,valid,1,tow_to_utc_nearest_gsv,2026-01-27T12:43:30.990Z,0.47,F1023_v50_D0127_P1__tow_to_utc_v1,,valid,sage-event-path-derivation-v1,sage-event-context-alignment-v1
F1023_v50_D0127_P1__G31__ch5__nav_sage_v2__ingestion_20260825_event_path_v1__event_329,F1023_v50_D0127_P1__G31__ch5__nav_sage_v2__ingestion_20260825_event_path_v1,F1023_v50_D0127_P1,G31,329,45.3991776148583,218628.56,2026-01-27T12:43:30.560Z,38.000,306.000,45.7844467163086,46.000,13.6670191999993,NMEA_RMC,valid,1,tow_to_utc_nearest_gsv,2026-01-27T12:43:30.990Z,0.43,F1023_v50_D0127_P1__tow_to_utc_v1,,valid,sage-event-path-derivation-v1,sage-event-context-alignment-v1
F1023_v50_D0127_P1__G31__ch5__nav_sage_v2__ingestion_20260825_event_path_v1__event_994,F1023_v50_D0127_P1__G31__ch5__nav_sage_v2__ingestion_20260825_event_path_v1,F1023_v50_D0127_P1,G31,994,58.6992029325513,218641.86,2026-01-27T12:43:43.860Z,39.000,306.000,41.1641387939453,41.000,12.9989102000916,NMEA_RMC,valid,1,tow_to_utc_nearest_gsv,2026-01-27T12:43:43.990Z,0.13,F1023_v50_D0127_P1__tow_to_utc_v1,,valid,sage-event-path-derivation-v1,sage-event-context-alignment-v1
F1023_v50_D0127_P1__G31__ch5__nav_sage_v2__ingestion_20260825_event_path_v1__event_1077,F1023_v50_D0127_P1__G31__ch5__nav_sage_v2__ingestion_20260825_event_path_v1,F1023_v50_D0127_P1,G31,1077,60.3592060606061,218643.52,2026-01-27T12:43:45.520Z,39.000,306.000,39.1099510192871,38.000,21.616173599947,NMEA_RMC,valid,1,tow_to_utc_nearest_gsv,2026-01-27T12:43:46.990Z,1.47,F1023_v50_D0127_P1__tow_to_utc_v1,,valid,sage-event-path-derivation-v1,sage-event-context-alignment-v1
F1023_v50_D0127_P1__G31__ch5__nav_sage_v2__ingestion_20260825_event_path_v1__event_1078,F1023_v50_D0127_P1__G31__ch5__nav_sage_v2__ingestion_20260825_event_path_v1,F1023_v50_D0127_P1,G31,1078,60.3792061583578,218643.54,2026-01-27T12:43:45.540Z,39.000,306.000,38.8170433044434,38.000,21.7418626667307,NMEA_RMC,valid,1,tow_to_utc_nearest_gsv,2026-01-27T12:43:46.990Z,1.45,F1023_v50_D0127_P1__tow_to_utc_v1,,valid,sage-event-path-derivation-v1,sage-event-context-alignment-v1
F1023_v50_D0127_P1__G31__ch5__nav_sage_v2__ingestion_20260825_event_path_v1__event_1186,F1023_v50_D0127_P1__G31__ch5__nav_sage_v2__ingestion_20260825_event_path_v1,F1023_v50_D0127_P1,G31,1186,62.5392101661779,218645.7,2026-01-27T12:43:47.700Z,39.000,306.000,37.3367080688477,38.000,18.4940719997619,NMEA_RMC,valid,1,tow_to_utc_nearest_gsv,2026-01-27T12:43:47.990Z,0.29,F1023_v50_D0127_P1__tow_to_utc_v1,,valid,sage-event-path-derivation-v1,sage-event-context-alignment-v1
F1023_v50_D0127_P1__G31__ch5__nav_sage_v2__ingestion_20260825_event_path_v1__event_1187,F1023_v50_D0127_P1__G31__ch5__nav_sage_v2__ingestion_20260825_event_path_v1,F1023_v50_D0127_P1,G31,1187,62.5592101661779,218645.72,2026-01-27T12:43:47.720Z,39.000,306.000,37.5767631530762,38.000,18.1458959999443,NMEA_RMC,valid,1,tow_to_utc_nearest_gsv,2026-01-27T12:43:47.990Z,0.27,F1023_v50_D0127_P1__tow_to_utc_v1,,valid,sage-event-path-derivation-v1,sage-event-context-alignment-v1
F1023_V70_D0117_P4__G25__ch7__nav_sage_v2__ingestion_20260825_event_path_v1__event_348,F1023_V70_D0117_P4__G25__ch7__nav_sage_v2__ingestion_20260825_event_path_v1,F1023_V70_D0117_P4,G25,348,53.7037350928641,562734.94,2026-01-17T12:18:36.940Z,83.000,357.000,49.1099815368652,49.000,51.528566399872,NMEA_RMC,valid,1,tow_to_utc_nearest_gsv,2026-01-17T12:18:36.980Z,0.04,F1023_V70_D0117_P4__tow_to_utc_v1,,valid,sage-event-path-derivation-v1,sage-event-context-alignment-v1
F1023_V70_D0117_P4__G25__ch7__nav_sage_v2__ingestion_20260825_event_path_v1__event_349,F1023_V70_D0117_P4__G25__ch7__nav_sage_v2__ingestion_20260825_event_path_v1,F1023_V70_D0117_P4,G25,349,53.7237350928641,562734.96,2026-01-17T12:18:36.960Z,83.000,357.000,49.093147277832,49.000,51.5719031999124,NMEA_RMC,valid,1,tow_to_utc_nearest_gsv,2026-01-17T12:18:36.980Z,0.02,F1023_V70_D0117_P4__tow_to_utc_v1,,valid,sage-event-path-derivation-v1,sage-event-context-alignment-v1
F1023_V70_D0117_P4__G25__ch7__nav_sage_v2__ingestion_20260825_event_path_v1__event_347,F1023_V70_D0117_P4__G25__ch7__nav_sage_v2__ingestion_20260825_event_path_v1,F1023_V70_D0117_P4,G25,347,53.6837349951124,562734.92,2026-01-17T12:18:36.920Z,83.000,357.000,49.0599327087402,49.000,51.4852296000839,NMEA_RMC,valid,1,tow_to_utc_nearest_gsv,2026-01-17T12:18:36.980Z,0.06,F1023_V70_D0117_P4__tow_to_utc_v1,,valid,sage-event-path-derivation-v1,sage-event-context-alignment-v1
F1023_V70_D0117_P4__G25__ch7__nav_sage_v2__ingestion_20260825_event_path_v1__event_350,F1023_V70_D0117_P4__G25__ch7__nav_sage_v2__ingestion_20260825_event_path_v1,F1023_V70_D0117_P4,G25,350,53.7437351906158,562734.98,2026-01-17T12:18:36.980Z,83.000,357.000,49.0500869750977,49.000,51.6152399999527,NMEA_RMC,valid,1,tow_to_utc_nearest_gsv,2026-01-17T12:18:36.980Z,0,F1023_V70_D0117_P4__tow_to_utc_v1,,valid,sage-event-path-derivation-v1,sage-event-context-alignment-v1
F1023_V70_D0117_P4__G28__ch6__nav_sage_v2__ingestion_20260825_event_path_v1__event_557,F1023_V70_D0117_P4__G28__ch6__nav_sage_v2__ingestion_20260825_event_path_v1,F1023_V70_D0117_P4,G28,557,57.8914086999023,562739.12,2026-01-17T12:18:41.120Z,42.000,304.000,46.1604156494141,46.000,48.9116904000228,NMEA_RMC,valid,1,tow_to_utc_nearest_gsv,2026-01-17T12:18:40.980Z,0.14,F1023_V70_D0117_P4__tow_to_utc_v1,,valid,sage-event-path-derivation-v1,sage-event-context-alignment-v1
F1023_V70_D0117_P4__G28__ch6__nav_sage_v2__ingestion_20260825_event_path_v1__event_558,F1023_V70_D0117_P4__G28__ch6__nav_sage_v2__ingestion_20260825_event_path_v1,F1023_V70_D0117_P4,G28,558,57.9114086999022,562739.14,2026-01-17T12:18:41.140Z,42.000,304.000,46.180492401123,46.000,48.8535375999687,NMEA_RMC,valid,1,tow_to_utc_nearest_gsv,2026-01-17T12:18:40.980Z,0.16,F1023_V70_D0117_P4__tow_to_utc_v1,,valid,sage-event-path-derivation-v1,sage-event-context-alignment-v1
F1023_V70_D0117_P4__G28__ch6__nav_sage_v2__ingestion_20260825_event_path_v1__event_18,F1023_V70_D0117_P4__G28__ch6__nav_sage_v2__ingestion_20260825_event_path_v1,F1023_V70_D0117_P4,G28,18,47.1113903225806,562728.34,2026-01-17T12:18:30.340Z,42.000,304.000,45.9887504577637,46.000,NaN,fallback_120_kmh,valid,1,tow_to_utc_nearest_gsv,2026-01-17T12:18:31.980Z,1.64,F1023_V70_D0117_P4__tow_to_utc_v1,,valid,sage-event-path-derivation-v1,sage-event-context-alignment-v1
F1023_V70_D0117_P4__G28__ch6__nav_sage_v2__ingestion_20260825_event_path_v1__event_58,F1023_V70_D0117_P4__G28__ch6__nav_sage_v2__ingestion_20260825_event_path_v1,F1023_V70_D0117_P4,G28,58,47.9113916911046,562729.14,2026-01-17T12:18:31.140Z,42.000,304.000,45.9552688598633,46.000,NaN,fallback_120_kmh,valid,1,tow_to_utc_nearest_gsv,2026-01-17T12:18:31.980Z,0.84,F1023_V70_D0117_P4__tow_to_utc_v1,,valid,sage-event-path-derivation-v1,sage-event-context-alignment-v1
F1023_V70_D0117_P4__G28__ch6__nav_sage_v2__ingestion_20260825_event_path_v1__event_409,F1023_V70_D0117_P4__G28__ch6__nav_sage_v2__ingestion_20260825_event_path_v1,F1023_V70_D0117_P4,G28,409,54.9314036168133,562736.16,2026-01-17T12:18:38.160Z,42.000,304.000,46.0673789978027,46.000,49.6098944000022,NMEA_RMC,valid,1,tow_to_utc_nearest_gsv,2026-01-17T12:18:37.980Z,0.18,F1023_V70_D0117_P4__tow_to_utc_v1,,valid,sage-event-path-derivation-v1,sage-event-context-alignment-v1
F1023_V70_D0117_P4__G28__ch6__nav_sage_v2__ingestion_20260825_event_path_v1__event_556,F1023_V70_D0117_P4__G28__ch6__nav_sage_v2__ingestion_20260825_event_path_v1,F1023_V70_D0117_P4,G28,556,57.8714086021505,562739.1,2026-01-17T12:18:41.100Z,42.000,304.000,46.0886993408203,46.000,48.969843200077,NMEA_RMC,valid,1,tow_to_utc_nearest_gsv,2026-01-17T12:18:40.980Z,0.12,F1023_V70_D0117_P4__tow_to_utc_v1,,valid,sage-event-path-derivation-v1,sage-event-context-alignment-v1
F1023_V70_D0117_P4__G28__ch6__nav_sage_v2__ingestion_20260825_event_path_v1__event_559,F1023_V70_D0117_P4__G28__ch6__nav_sage_v2__ingestion_20260825_event_path_v1,F1023_V70_D0117_P4,G28,559,57.9314086999022,562739.16,2026-01-17T12:18:41.160Z,42.000,304.000,46.0898704528809,46.000,48.7953847999145,NMEA_RMC,valid,1,tow_to_utc_nearest_gsv,2026-01-17T12:18:40.980Z,0.18,F1023_V70_D0117_P4__tow_to_utc_v1,,valid,sage-event-path-derivation-v1,sage-event-context-alignment-v1
F1023_V70_D0117_P4__G29__ch9__nav_sage_v2__ingestion_20260825_event_path_v1__event_307,F1023_V70_D0117_P4__G29__ch9__nav_sage_v2__ingestion_20260825_event_path_v1,F1023_V70_D0117_P4,G29,307,52.8884954056696,562734.12,2026-01-17T12:18:36.120Z,56.000,207.000,45.5915679931641,46.000,49.751757599983,NMEA_RMC,valid,1,tow_to_utc_nearest_gsv,2026-01-17T12:18:35.980Z,0.14,F1023_V70_D0117_P4__tow_to_utc_v1,,valid,sage-event-path-derivation-v1,sage-event-context-alignment-v1
F1023_V70_D0117_P4__G29__ch9__nav_sage_v2__ingestion_20260825_event_path_v1__event_308,F1023_V70_D0117_P4__G29__ch9__nav_sage_v2__ingestion_20260825_event_path_v1,F1023_V70_D0117_P4,G29,308,52.9084954056696,562734.14,2026-01-17T12:18:36.140Z,56.000,207.000,45.5915679931641,46.000,49.7950944000233,NMEA_RMC,valid,1,tow_to_utc_nearest_gsv,2026-01-17T12:18:35.980Z,0.16,F1023_V70_D0117_P4__tow_to_utc_v1,,valid,sage-event-path-derivation-v1,sage-event-context-alignment-v1
F1023_V70_D0117_P4__G29__ch9__nav_sage_v2__ingestion_20260825_event_path_v1__event_309,F1023_V70_D0117_P4__G29__ch9__nav_sage_v2__ingestion_20260825_event_path_v1,F1023_V70_D0117_P4,G29,309,52.9284955034213,562734.16,2026-01-17T12:18:36.160Z,56.000,207.000,45.607551574707,46.000,49.8384312000637,NMEA_RMC,valid,1,tow_to_utc_nearest_gsv,2026-01-17T12:18:35.980Z,0.18,F1023_V70_D0117_P4__tow_to_utc_v1,,valid,sage-event-path-derivation-v1,sage-event-context-alignment-v1
F1023_V70_D0117_P4__G29__ch9__nav_sage_v2__ingestion_20260825_event_path_v1__event_347,F1023_V70_D0117_P4__G29__ch9__nav_sage_v2__ingestion_20260825_event_path_v1,F1023_V70_D0117_P4,G29,347,53.6884968719453,562734.92,2026-01-17T12:18:36.920Z,56.000,207.000,45.1984024047852,45.000,51.4852296000839,NMEA_RMC,valid,1,tow_to_utc_nearest_gsv,2026-01-17T12:18:36.980Z,0.06,F1023_V70_D0117_P4__tow_to_utc_v1,,valid,sage-event-path-derivation-v1,sage-event-context-alignment-v1
F1023_V70_D0117_P4__G29__ch9__nav_sage_v2__ingestion_20260825_event_path_v1__event_348,F1023_V70_D0117_P4__G29__ch9__nav_sage_v2__ingestion_20260825_event_path_v1,F1023_V70_D0117_P4,G29,348,53.7084968719453,562734.94,2026-01-17T12:18:36.940Z,56.000,207.000,45.1984024047852,45.000,51.528566399872,NMEA_RMC,valid,1,tow_to_utc_nearest_gsv,2026-01-17T12:18:36.980Z,0.04,F1023_V70_D0117_P4__tow_to_utc_v1,,valid,sage-event-path-derivation-v1,sage-event-context-alignment-v1
F1023_V70_D0117_P4__G29__ch9__nav_sage_v2__ingestion_20260825_event_path_v1__event_349,F1023_V70_D0117_P4__G29__ch9__nav_sage_v2__ingestion_20260825_event_path_v1,F1023_V70_D0117_P4,G29,349,53.728496969697,562734.96,2026-01-17T12:18:36.960Z,56.000,207.000,45.2714233398438,45.000,51.5719031999124,NMEA_RMC,valid,1,tow_to_utc_nearest_gsv,2026-01-17T12:18:36.980Z,0.02,F1023_V70_D0117_P4__tow_to_utc_v1,,valid,sage-event-path-derivation-v1,sage-event-context-alignment-v1
F1023_V70_D0117_P4__G29__ch9__nav_sage_v2__ingestion_20260825_event_path_v1__event_464,F1023_V70_D0117_P4__G29__ch9__nav_sage_v2__ingestion_20260825_event_path_v1,F1023_V70_D0117_P4,G29,464,56.0285012707722,562737.26,2026-01-17T12:18:39.260Z,56.000,207.000,45.7217254638672,46.000,49.8365792000036,NMEA_RMC,valid,1,tow_to_utc_nearest_gsv,2026-01-17T12:18:38.980Z,0.28,F1023_V70_D0117_P4__tow_to_utc_v1,,valid,sage-event-path-derivation-v1,sage-event-context-alignment-v1
F1023_V70_D0117_P4__G29__ch9__nav_sage_v2__ingestion_20260825_event_path_v1__event_465,F1023_V70_D0117_P4__G29__ch9__nav_sage_v2__ingestion_20260825_event_path_v1,F1023_V70_D0117_P4,G29,465,56.0485012707722,562737.28,2026-01-17T12:18:39.280Z,56.000,207.000,45.7217254638672,46.000,49.8484320000147,NMEA_RMC,valid,1,tow_to_utc_nearest_gsv,2026-01-17T12:18:38.980Z,0.3,F1023_V70_D0117_P4__tow_to_utc_v1,,valid,sage-event-path-derivation-v1,sage-event-context-alignment-v1
F1023_V70_D0117_P4__G31__ch1__nav_sage_v2__ingestion_20260825_event_path_v1__event_436,F1023_V70_D0117_P4__G31__ch1__nav_sage_v2__ingestion_20260825_event_path_v1,F1023_V70_D0117_P4,G31,436,55.4786997067449,562736.7,2026-01-17T12:18:38.700Z,,,43.0529670715332,,49.6498975999963,NMEA_RMC,unavailable,0,tow_to_utc_nearest_gsv,,,F1023_V70_D0117_P4__tow_to_utc_v1,geometry_prn_missing_in_timeseries,warning,sage-event-path-derivation-v1,sage-event-context-alignment-v1
F1023_V70_D0117_P4__G32__ch3__nav_sage_v2__ingestion_20260825_event_path_v1__event_57,F1023_V70_D0117_P4__G32__ch3__nav_sage_v2__ingestion_20260825_event_path_v1,F1023_V70_D0117_P4,G32,57,47.8943080156403,562729.12,2026-01-17T12:18:31.120Z,28.000,250.000,45.2194175720215,45.000,NaN,fallback_120_kmh,valid,1,tow_to_utc_nearest_gsv,2026-01-17T12:18:31.980Z,0.86,F1023_V70_D0117_P4__tow_to_utc_v1,,valid,sage-event-path-derivation-v1,sage-event-context-alignment-v1
F1023_V70_D0117_P4__G32__ch3__nav_sage_v2__ingestion_20260825_event_path_v1__event_58,F1023_V70_D0117_P4__G32__ch3__nav_sage_v2__ingestion_20260825_event_path_v1,F1023_V70_D0117_P4,G32,58,47.914308113392,562729.14,2026-01-17T12:18:31.140Z,28.000,250.000,45.1924781799316,45.000,NaN,fallback_120_kmh,valid,1,tow_to_utc_nearest_gsv,2026-01-17T12:18:31.980Z,0.84,F1023_V70_D0117_P4__tow_to_utc_v1,,valid,sage-event-path-derivation-v1,sage-event-context-alignment-v1
F1023_V70_D0117_P4__G32__ch3__nav_sage_v2__ingestion_20260825_event_path_v1__event_275,F1023_V70_D0117_P4__G32__ch3__nav_sage_v2__ingestion_20260825_event_path_v1,F1023_V70_D0117_P4,G32,275,52.2543278592375,562733.48,2026-01-17T12:18:35.480Z,28.000,250.000,46.1730918884277,46.000,49.9114000000202,NMEA_RMC,valid,1,tow_to_utc_nearest_gsv,2026-01-17T12:18:34.980Z,0.5,F1023_V70_D0117_P4__tow_to_utc_v1,,valid,sage-event-path-derivation-v1,sage-event-context-alignment-v1
F1023_V70_D0117_P4__G32__ch3__nav_sage_v2__ingestion_20260825_event_path_v1__event_357,F1023_V70_D0117_P4__G32__ch3__nav_sage_v2__ingestion_20260825_event_path_v1,F1023_V70_D0117_P4,G32,357,53.8943353861193,562735.12,2026-01-17T12:18:37.120Z,28.000,250.000,45.5603408813477,46.000,51.3326248000159,NMEA_RMC,valid,1,tow_to_utc_nearest_gsv,2026-01-17T12:18:36.980Z,0.14,F1023_V70_D0117_P4__tow_to_utc_v1,,valid,sage-event-path-derivation-v1,sage-event-context-alignment-v1
F1023_V70_D0120_P1__G26__ch3__nav_sage_v2__ingestion_20260825_event_path_v1__event_76,F1023_V70_D0120_P1__G26__ch3__nav_sage_v2__ingestion_20260825_event_path_v1,F1023_V70_D0120_P1,G26,76,38.6278365591398,228097.5,2026-01-20T15:21:19.500Z,74.000,250.000,47.8922653198242,49.000,NaN,fallback_120_kmh,valid,1,tow_to_utc_nearest_gsv,2026-01-20T15:21:20.000Z,0.5,F1023_V70_D0120_P1__tow_to_utc_v1,,valid,sage-event-path-derivation-v1,sage-event-context-alignment-v1
F1023_V70_D0120_P1__G26__ch3__nav_sage_v2__ingestion_20260825_event_path_v1__event_77,F1023_V70_D0120_P1__G26__ch3__nav_sage_v2__ingestion_20260825_event_path_v1,F1023_V70_D0120_P1,G26,77,38.6478366568915,228097.52,2026-01-20T15:21:19.520Z,74.000,250.000,47.9944267272949,49.000,NaN,fallback_120_kmh,valid,1,tow_to_utc_nearest_gsv,2026-01-20T15:21:20.000Z,0.48,F1023_V70_D0120_P1__tow_to_utc_v1,,valid,sage-event-path-derivation-v1,sage-event-context-alignment-v1
F1023_V70_D0120_P1__G26__ch3__nav_sage_v2__ingestion_20260825_event_path_v1__event_78,F1023_V70_D0120_P1__G26__ch3__nav_sage_v2__ingestion_20260825_event_path_v1,F1023_V70_D0120_P1,G26,78,38.6678367546432,228097.54,2026-01-20T15:21:19.540Z,74.000,250.000,48.0359840393066,49.000,NaN,fallback_120_kmh,valid,1,tow_to_utc_nearest_gsv,2026-01-20T15:21:20.000Z,0.46,F1023_V70_D0120_P1__tow_to_utc_v1,,valid,sage-event-path-derivation-v1,sage-event-context-alignment-v1
F1023_V70_D0120_P1__G26__ch3__nav_sage_v2__ingestion_20260825_event_path_v1__event_2581,F1023_V70_D0120_P1__G26__ch3__nav_sage_v2__ingestion_20260825_event_path_v1,F1023_V70_D0120_P1,G26,2581,88.728,228147.6,2026-01-20T15:22:09.600Z,74.000,249.000,48.6736831665039,49.000,NaN,fallback_120_kmh,valid,1,tow_to_utc_nearest_gsv,2026-01-20T15:22:09.000Z,0.6,F1023_V70_D0120_P1__tow_to_utc_v1,,valid,sage-event-path-derivation-v1,sage-event-context-alignment-v1
F1023_V70_D0120_P1__G26__ch3__nav_sage_v2__ingestion_20260825_event_path_v1__event_2582,F1023_V70_D0120_P1__G26__ch3__nav_sage_v2__ingestion_20260825_event_path_v1,F1023_V70_D0120_P1,G26,2582,88.7480000977517,228147.62,2026-01-20T15:22:09.620Z,74.000,249.000,48.6535873413086,49.000,NaN,fallback_120_kmh,valid,1,tow_to_utc_nearest_gsv,2026-01-20T15:22:09.000Z,0.62,F1023_V70_D0120_P1__tow_to_utc_v1,,valid,sage-event-path-derivation-v1,sage-event-context-alignment-v1
F1023_V70_D0120_P1__G26__ch3__nav_sage_v2__ingestion_20260825_event_path_v1__event_2583,F1023_V70_D0120_P1__G26__ch3__nav_sage_v2__ingestion_20260825_event_path_v1,F1023_V70_D0120_P1,G26,2583,88.7680001955034,228147.64,2026-01-20T15:22:09.640Z,74.000,249.000,48.6301345825195,49.000,NaN,fallback_120_kmh,valid,1,tow_to_utc_nearest_gsv,2026-01-20T15:22:09.000Z,0.64,F1023_V70_D0120_P1__tow_to_utc_v1,,valid,sage-event-path-derivation-v1,sage-event-context-alignment-v1
F1023_V70_D0120_P1__G26__ch3__nav_sage_v2__ingestion_20260825_event_path_v1__event_597,F1023_V70_D0120_P1__G26__ch3__nav_sage_v2__ingestion_20260825_event_path_v1,F1023_V70_D0120_P1,G26,597,49.0478704789834,228107.92,2026-01-20T15:21:29.920Z,74.000,250.000,49.7488632202148,50.000,2.12683679989968,NMEA_RMC,valid,1,tow_to_utc_nearest_gsv,2026-01-20T15:21:30.000Z,0.08,F1023_V70_D0120_P1__tow_to_utc_v1,,valid,sage-event-path-derivation-v1,sage-event-context-alignment-v1
F1023_V70_D0120_P1__G26__ch3__nav_sage_v2__ingestion_20260825_event_path_v1__event_598,F1023_V70_D0120_P1__G26__ch3__nav_sage_v2__ingestion_20260825_event_path_v1,F1023_V70_D0120_P1,G26,598,49.0678705767351,228107.94,2026-01-20T15:21:29.940Z,74.000,250.000,49.8243293762207,50.000,1.97015759998176,NMEA_RMC,valid,1,tow_to_utc_nearest_gsv,2026-01-20T15:21:30.000Z,0.06,F1023_V70_D0120_P1__tow_to_utc_v1,,valid,sage-event-path-derivation-v1,sage-event-context-alignment-v1
F1023_V70_D0120_P1__G27__ch8__nav_sage_v2__ingestion_20260825_event_path_v1__event_429,F1023_V70_D0120_P1__G27__ch8__nav_sage_v2__ingestion_20260825_event_path_v1,F1023_V70_D0120_P1,G27,429,45.6987320625611,228104.56,2026-01-20T15:21:26.560Z,17.000,268.000,39.5230178833008,39.000,4.86705600000949,NMEA_RMC,valid,1,tow_to_utc_nearest_gsv,2026-01-20T15:21:27.000Z,0.44,F1023_V70_D0120_P1__tow_to_utc_v1,,valid,sage-event-path-derivation-v1,sage-event-context-alignment-v1
F1023_V70_D0120_P1__G27__ch8__nav_sage_v2__ingestion_20260825_event_path_v1__event_430,F1023_V70_D0120_P1__G27__ch8__nav_sage_v2__ingestion_20260825_event_path_v1,F1023_V70_D0120_P1,G27,430,45.7187320625611,228104.58,2026-01-20T15:21:26.580Z,17.000,268.000,39.540943145752,39.000,4.78556800005218,NMEA_RMC,valid,1,tow_to_utc_nearest_gsv,2026-01-20T15:21:27.000Z,0.42,F1023_V70_D0120_P1__tow_to_utc_v1,,valid,sage-event-path-derivation-v1,sage-event-context-alignment-v1
F1023_V70_D0120_P1__G27__ch8__nav_sage_v2__ingestion_20260825_event_path_v1__event_431,F1023_V70_D0120_P1__G27__ch8__nav_sage_v2__ingestion_20260825_event_path_v1,F1023_V70_D0120_P1,G27,431,45.7387321603128,228104.6,2026-01-20T15:21:26.600Z,17.000,268.000,39.477352142334,39.000,4.70407999997628,NMEA_RMC,valid,1,tow_to_utc_nearest_gsv,2026-01-20T15:21:27.000Z,0.4,F1023_V70_D0120_P1__tow_to_utc_v1,,valid,sage-event-path-derivation-v1,sage-event-context-alignment-v1
F1023_V70_D0120_P1__G29__ch5__nav_sage_v2__ingestion_20260825_event_path_v1__event_1216,F1023_V70_D0120_P1__G29__ch5__nav_sage_v2__ingestion_20260825_event_path_v1,F1023_V70_D0120_P1,G29,1216,61.4350205278592,228120.3,2026-01-20T15:21:42.300Z,34.000,76.000,43.0983047485352,43.000,2.25017999995796,NMEA_RMC,valid,1,tow_to_utc_nearest_gsv,2026-01-20T15:21:42.000Z,0.3,F1023_V70_D0120_P1__tow_to_utc_v1,,valid,sage-event-path-derivation-v1,sage-event-context-alignment-v1
F1023_V70_D0120_P1__G29__ch5__nav_sage_v2__ingestion_20260825_event_path_v1__event_1217,F1023_V70_D0120_P1__G29__ch5__nav_sage_v2__ingestion_20260825_event_path_v1,F1023_V70_D0120_P1,G29,1217,61.4550206256109,228120.32,2026-01-20T15:21:42.320Z,34.000,76.000,43.1297416687012,43.000,2.32240800002523,NMEA_RMC,valid,1,tow_to_utc_nearest_gsv,2026-01-20T15:21:42.000Z,0.32,F1023_V70_D0120_P1__tow_to_utc_v1,,valid,sage-event-path-derivation-v1,sage-event-context-alignment-v1
F1023_V70_D0120_P1__G29__ch5__nav_sage_v2__ingestion_20260825_event_path_v1__event_1218,F1023_V70_D0120_P1__G29__ch5__nav_sage_v2__ingestion_20260825_event_path_v1,F1023_V70_D0120_P1,G29,1218,61.4750207233627,228120.34,2026-01-20T15:21:42.340Z,34.000,76.000,43.091236114502,43.000,2.39463599998739,NMEA_RMC,valid,1,tow_to_utc_nearest_gsv,2026-01-20T15:21:42.000Z,0.34,F1023_V70_D0120_P1__tow_to_utc_v1,,valid,sage-event-path-derivation-v1,sage-event-context-alignment-v1
F1023_V70_D0120_P1__G29__ch5__nav_sage_v2__ingestion_20260825_event_path_v1__event_1646,F1023_V70_D0120_P1__G29__ch5__nav_sage_v2__ingestion_20260825_event_path_v1,F1023_V70_D0120_P1,G29,1646,70.0350635386119,228128.9,2026-01-20T15:21:50.900Z,34.000,76.000,43.3082962036133,43.000,3.226184000011,NMEA_RMC,valid,1,tow_to_utc_nearest_gsv,2026-01-20T15:21:51.000Z,0.1,F1023_V70_D0120_P1__tow_to_utc_v1,,valid,sage-event-path-derivation-v1,sage-event-context-alignment-v1
F1023_V70_D0120_P1__G29__ch5__nav_sage_v2__ingestion_20260825_event_path_v1__event_2098,F1023_V70_D0120_P1__G29__ch5__nav_sage_v2__ingestion_20260825_event_path_v1,F1023_V70_D0120_P1,G29,2098,79.0751086021505,228137.94,2026-01-20T15:21:59.940Z,33.000,76.000,43.3332443237305,44.000,15.9438679999972,NMEA_RMC,valid,1,tow_to_utc_nearest_gsv,2026-01-20T15:22:00.000Z,0.06,F1023_V70_D0120_P1__tow_to_utc_v1,,valid,sage-event-path-derivation-v1,sage-event-context-alignment-v1
F1023_V70_D0120_P1__G29__ch5__nav_sage_v2__ingestion_20260825_event_path_v1__event_2100,F1023_V70_D0120_P1__G29__ch5__nav_sage_v2__ingestion_20260825_event_path_v1,F1023_V70_D0120_P1,G29,2100,79.115108797654,228137.98,2026-01-20T15:21:59.980Z,33.000,76.000,43.4020080566406,44.000,15.8957159999874,NMEA_RMC,valid,1,tow_to_utc_nearest_gsv,2026-01-20T15:22:00.000Z,0.02,F1023_V70_D0120_P1__tow_to_utc_v1,,valid,sage-event-path-derivation-v1,sage-event-context-alignment-v1
F1023_V70_D0120_P1__G29__ch5__nav_sage_v2__ingestion_20260825_event_path_v1__event_2593,F1023_V70_D0120_P1__G29__ch5__nav_sage_v2__ingestion_20260825_event_path_v1,F1023_V70_D0120_P1,G29,2593,88.9751580645161,228147.84,2026-01-20T15:22:09.840Z,33.000,76.000,43.2382850646973,44.000,NaN,fallback_120_kmh,valid,1,tow_to_utc_nearest_gsv,2026-01-20T15:22:09.000Z,0.84,F1023_V70_D0120_P1__tow_to_utc_v1,,valid,sage-event-path-derivation-v1,sage-event-context-alignment-v1
F1023_V70_D0120_P1__G29__ch5__nav_sage_v2__ingestion_20260825_event_path_v1__event_2594,F1023_V70_D0120_P1__G29__ch5__nav_sage_v2__ingestion_20260825_event_path_v1,F1023_V70_D0120_P1,G29,2594,88.9951582600196,228147.86,2026-01-20T15:22:09.860Z,33.000,76.000,43.2404594421387,44.000,NaN,fallback_120_kmh,valid,1,tow_to_utc_nearest_gsv,2026-01-20T15:22:09.000Z,0.86,F1023_V70_D0120_P1__tow_to_utc_v1,,valid,sage-event-path-derivation-v1,sage-event-context-alignment-v1
F1023_V70_D0120_P1__G31__ch9__nav_sage_v2__ingestion_20260825_event_path_v1__event_540,F1023_V70_D0120_P1__G31__ch9__nav_sage_v2__ingestion_20260825_event_path_v1,F1023_V70_D0120_P1,G31,540,77.9152038123167,228136.78,2026-01-20T15:21:58.780Z,34.000,228.000,43.2215118408203,44.000,16.3583455999962,NMEA_RMC,valid,1,tow_to_utc_nearest_gsv,2026-01-20T15:21:59.000Z,0.22,F1023_V70_D0120_P1__tow_to_utc_v1,,valid,sage-event-path-derivation-v1,sage-event-context-alignment-v1
F1023_V70_D0120_P1__G31__ch9__nav_sage_v2__ingestion_20260825_event_path_v1__event_783,F1023_V70_D0120_P1__G31__ch9__nav_sage_v2__ingestion_20260825_event_path_v1,F1023_V70_D0120_P1,G31,783,82.775228054741,228141.64,2026-01-20T15:22:03.640Z,34.000,228.000,45.4858360290527,44.000,6.05011360006132,NMEA_RMC,valid,1,tow_to_utc_nearest_gsv,2026-01-20T15:22:04.000Z,0.36,F1023_V70_D0120_P1__tow_to_utc_v1,,valid,sage-event-path-derivation-v1,sage-event-context-alignment-v1
F1023_V70_D0120_P1__G31__ch9__nav_sage_v2__ingestion_20260825_event_path_v1__event_784,F1023_V70_D0120_P1__G31__ch9__nav_sage_v2__ingestion_20260825_event_path_v1,F1023_V70_D0120_P1,G31,784,82.7952281524927,228141.66,2026-01-20T15:22:03.660Z,34.000,228.000,45.6118965148926,44.000,6.13789840001533,NMEA_RMC,valid,1,tow_to_utc_nearest_gsv,2026-01-20T15:22:04.000Z,0.34,F1023_V70_D0120_P1__tow_to_utc_v1,,valid,sage-event-path-derivation-v1,sage-event-context-alignment-v1
F1023_V70_D0120_P1__G31__ch9__nav_sage_v2__ingestion_20260825_event_path_v1__event_785,F1023_V70_D0120_P1__G31__ch9__nav_sage_v2__ingestion_20260825_event_path_v1,F1023_V70_D0120_P1,G31,785,82.8152282502444,228141.68,2026-01-20T15:22:03.680Z,34.000,228.000,45.773307800293,44.000,6.22568319996934,NMEA_RMC,valid,1,tow_to_utc_nearest_gsv,2026-01-20T15:22:04.000Z,0.32,F1023_V70_D0120_P1__tow_to_utc_v1,,valid,sage-event-path-derivation-v1,sage-event-context-alignment-v1
F1023_V70_D0120_P1__G31__ch9__nav_sage_v2__ingestion_20260825_event_path_v1__event_157,F1023_V70_D0120_P1__G31__ch9__nav_sage_v2__ingestion_20260825_event_path_v1,F1023_V70_D0120_P1,G31,157,70.2551654936461,228129.12,2026-01-20T15:21:51.120Z,34.000,228.000,47.9164009094238,48.000,3.3595279999875,NMEA_RMC,valid,1,tow_to_utc_nearest_gsv,2026-01-20T15:21:51.000Z,0.12,F1023_V70_D0120_P1__tow_to_utc_v1,,valid,sage-event-path-derivation-v1,sage-event-context-alignment-v1
F1023_V70_D0120_P1__G31__ch9__nav_sage_v2__ingestion_20260825_event_path_v1__event_469,F1023_V70_D0120_P1__G31__ch9__nav_sage_v2__ingestion_20260825_event_path_v1,F1023_V70_D0120_P1,G31,469,76.4951966764418,228135.36,2026-01-20T15:21:57.360Z,34.000,228.000,42.0784645080566,44.000,9.28815039990117,NMEA_RMC,valid,1,tow_to_utc_nearest_gsv,2026-01-20T15:21:57.000Z,0.36,F1023_V70_D0120_P1__tow_to_utc_v1,,valid,sage-event-path-derivation-v1,sage-event-context-alignment-v1
F1023_V70_D0120_P1__G31__ch9__nav_sage_v2__ingestion_20260825_event_path_v1__event_471,F1023_V70_D0120_P1__G31__ch9__nav_sage_v2__ingestion_20260825_event_path_v1,F1023_V70_D0120_P1,G31,471,76.5351968719453,228135.4,2026-01-20T15:21:57.400Z,34.000,228.000,41.5017929077148,44.000,9.57113599995882,NMEA_RMC,valid,1,tow_to_utc_nearest_gsv,2026-01-20T15:21:57.000Z,0.4,F1023_V70_D0120_P1__tow_to_utc_v1,,valid,sage-event-path-derivation-v1,sage-event-context-alignment-v1
F1023_V70_D0120_P1__G31__ch9__nav_sage_v2__ingestion_20260825_event_path_v1__event_594,F1023_V70_D0120_P1__G31__ch9__nav_sage_v2__ingestion_20260825_event_path_v1,F1023_V70_D0120_P1,G31,594,78.9952091886608,228137.86,2026-01-20T15:21:59.860Z,34.000,228.000,42.3420257568359,42.000,16.0401720000168,NMEA_RMC,valid,1,tow_to_utc_nearest_gsv,2026-01-20T15:22:00.000Z,0.14,F1023_V70_D0120_P1__tow_to_utc_v1,,valid,sage-event-path-derivation-v1,sage-event-context-alignment-v1
F1023_V70_D0120_P5__G18__ch2__nav_sage_v2__ingestion_20260825_event_path_v1__event_1086,F1023_V70_D0120_P5__G18__ch2__nav_sage_v2__ingestion_20260825_event_path_v1,F1023_V70_D0120_P5,G18,1086,59.5366983382209,228477.7,2026-01-20T15:27:39.700Z,73.000,136.000,49.1608085632324,49.000,35.9762111997558,NMEA_RMC,valid,1,tow_to_utc_nearest_gsv,2026-01-20T15:27:39.990Z,0.29,F1023_V70_D0120_P5__tow_to_utc_v1,,valid,sage-event-path-derivation-v1,sage-event-context-alignment-v1
F1023_V70_D0120_P5__G18__ch2__nav_sage_v2__ingestion_20260825_event_path_v1__event_1087,F1023_V70_D0120_P5__G18__ch2__nav_sage_v2__ingestion_20260825_event_path_v1,F1023_V70_D0120_P5,G18,1087,59.5566984359726,228477.72,2026-01-20T15:27:39.720Z,73.000,136.000,49.1903839111328,49.000,35.6191455999428,NMEA_RMC,valid,1,tow_to_utc_nearest_gsv,2026-01-20T15:27:39.990Z,0.27,F1023_V70_D0120_P5__tow_to_utc_v1,,valid,sage-event-path-derivation-v1,sage-event-context-alignment-v1
F1023_V70_D0120_P5__G18__ch2__nav_sage_v2__ingestion_20260825_event_path_v1__event_1088,F1023_V70_D0120_P5__G18__ch2__nav_sage_v2__ingestion_20260825_event_path_v1,F1023_V70_D0120_P5,G18,1088,59.5766984359726,228477.74,2026-01-20T15:27:39.740Z,73.000,136.000,49.2306213378906,49.000,35.2620800001299,NMEA_RMC,valid,1,tow_to_utc_nearest_gsv,2026-01-20T15:27:39.990Z,0.25,F1023_V70_D0120_P5__tow_to_utc_v1,,valid,sage-event-path-derivation-v1,sage-event-context-alignment-v1
F1023_V70_D0120_P5__G18__ch2__nav_sage_v2__ingestion_20260825_event_path_v1__event_874,F1023_V70_D0120_P5__G18__ch2__nav_sage_v2__ingestion_20260825_event_path_v1,F1023_V70_D0120_P5,G18,874,55.2966860215054,228473.46,2026-01-20T15:27:35.460Z,73.000,136.000,48.0219383239746,48.000,324.83616999925,NMEA_RMC,valid,1,tow_to_utc_nearest_gsv,2026-01-20T15:27:34.990Z,0.47,F1023_V70_D0120_P5__tow_to_utc_v1,,valid,sage-event-path-derivation-v1,sage-event-context-alignment-v1
F1023_V70_D0120_P5__G23__ch0__nav_sage_v2__ingestion_20260825_event_path_v1__event_178,F1023_V70_D0120_P5__G23__ch0__nav_sage_v2__ingestion_20260825_event_path_v1,F1023_V70_D0120_P5,G23,178,53.3878809384164,228471.54,2026-01-20T15:27:33.540Z,16.000,143.000,40.9766807556152,40.000,98.6740970011837,NMEA_RMC,valid,1,tow_to_utc_nearest_gsv,2026-01-20T15:27:32.990Z,0.55,F1023_V70_D0120_P5__tow_to_utc_v1,,valid,sage-event-path-derivation-v1,sage-event-context-alignment-v1
F1023_V70_D0120_P5__G23__ch0__nav_sage_v2__ingestion_20260825_event_path_v1__event_16,F1023_V70_D0120_P5__G23__ch0__nav_sage_v2__ingestion_20260825_event_path_v1,F1023_V70_D0120_P5,G23,16,50.1478775171066,228468.3,2026-01-20T15:27:30.300Z,16.000,143.000,41.3095932006836,41.000,NaN,fallback_120_kmh,valid,1,tow_to_utc_nearest_gsv,2026-01-20T15:27:30.990Z,0.69,F1023_V70_D0120_P5__tow_to_utc_v1,,valid,sage-event-path-derivation-v1,sage-event-context-alignment-v1
F1023_V70_D0120_P5__G23__ch0__nav_sage_v2__ingestion_20260825_event_path_v1__event_17,F1023_V70_D0120_P5__G23__ch0__nav_sage_v2__ingestion_20260825_event_path_v1,F1023_V70_D0120_P5,G23,17,50.1678775171065,228468.32,2026-01-20T15:27:30.320Z,16.000,143.000,41.3569450378418,41.000,NaN,fallback_120_kmh,valid,1,tow_to_utc_nearest_gsv,2026-01-20T15:27:30.990Z,0.67,F1023_V70_D0120_P5__tow_to_utc_v1,,valid,sage-event-path-derivation-v1,sage-event-context-alignment-v1
F1023_V70_D0120_P5__G23__ch0__nav_sage_v2__ingestion_20260825_event_path_v1__event_18,F1023_V70_D0120_P5__G23__ch0__nav_sage_v2__ingestion_20260825_event_path_v1,F1023_V70_D0120_P5,G23,18,50.1878776148583,228468.34,2026-01-20T15:27:30.340Z,16.000,143.000,41.3569450378418,41.000,NaN,fallback_120_kmh,valid,1,tow_to_utc_nearest_gsv,2026-01-20T15:27:30.990Z,0.65,F1023_V70_D0120_P5__tow_to_utc_v1,,valid,sage-event-path-derivation-v1,sage-event-context-alignment-v1
F1023_V70_D0120_P5__G23__ch0__nav_sage_v2__ingestion_20260825_event_path_v1__event_65,F1023_V70_D0120_P5__G23__ch0__nav_sage_v2__ingestion_20260825_event_path_v1,F1023_V70_D0120_P5,G23,65,51.1278785923754,228469.28,2026-01-20T15:27:31.280Z,16.000,143.000,40.9913864135742,41.000,33.7644602000005,NMEA_RMC,valid,1,tow_to_utc_nearest_gsv,2026-01-20T15:27:30.990Z,0.29,F1023_V70_D0120_P5__tow_to_utc_v1,,valid,sage-event-path-derivation-v1,sage-event-context-alignment-v1
F1023_V70_D0120_P5__G23__ch0__nav_sage_v2__ingestion_20260825_event_path_v1__event_66,F1023_V70_D0120_P5__G23__ch0__nav_sage_v2__ingestion_20260825_event_path_v1,F1023_V70_D0120_P5,G23,66,51.1478785923754,228469.3,2026-01-20T15:27:31.300Z,16.000,143.000,40.8925285339355,41.000,33.7761277999944,NMEA_RMC,valid,1,tow_to_utc_nearest_gsv,2026-01-20T15:27:30.990Z,0.31,F1023_V70_D0120_P5__tow_to_utc_v1,,valid,sage-event-path-derivation-v1,sage-event-context-alignment-v1
F1023_V70_D0120_P5__G23__ch0__nav_sage_v2__ingestion_20260825_event_path_v1__event_67,F1023_V70_D0120_P5__G23__ch0__nav_sage_v2__ingestion_20260825_event_path_v1,F1023_V70_D0120_P5,G23,67,51.1678785923754,228469.32,2026-01-20T15:27:31.320Z,16.000,143.000,40.8713531494141,41.000,33.7877954000053,NMEA_RMC,valid,1,tow_to_utc_nearest_gsv,2026-01-20T15:27:30.990Z,0.33,F1023_V70_D0120_P5__tow_to_utc_v1,,valid,sage-event-path-derivation-v1,sage-event-context-alignment-v1
F1023_V70_D0120_P5__G23__ch0__nav_sage_v2__ingestion_20260825_event_path_v1__event_84,F1023_V70_D0120_P5__G23__ch0__nav_sage_v2__ingestion_20260825_event_path_v1,F1023_V70_D0120_P5,G23,84,51.5078789833822,228469.66,2026-01-20T15:27:31.660Z,16.000,143.000,41.4491767883301,41.000,33.9861446000032,NMEA_RMC,valid,1,tow_to_utc_nearest_gsv,2026-01-20T15:27:30.990Z,0.67,F1023_V70_D0120_P5__tow_to_utc_v1,,valid,sage-event-path-derivation-v1,sage-event-context-alignment-v1
F1023_V70_D0120_P5__G26__ch7__nav_sage_v2__ingestion_20260825_event_path_v1__event_122,F1023_V70_D0120_P5__G26__ch7__nav_sage_v2__ingestion_20260825_event_path_v1,F1023_V70_D0120_P5,G26,122,40.2558809384164,228458.42,2026-01-20T15:27:20.420Z,,,48.7027626037598,,NaN,fallback_120_kmh,inconclusive,0,tow_to_utc_nearest_gsv,2026-01-20T15:27:30.990Z,10.57,F1023_V70_D0120_P5__tow_to_utc_v1,nearest_geometry_delta_exceeds_5s,warning,sage-event-path-derivation-v1,sage-event-context-alignment-v1
F1023_V70_D0120_P5__G26__ch7__nav_sage_v2__ingestion_20260825_event_path_v1__event_123,F1023_V70_D0120_P5__G26__ch7__nav_sage_v2__ingestion_20260825_event_path_v1,F1023_V70_D0120_P5,G26,123,40.2758810361681,228458.44,2026-01-20T15:27:20.440Z,,,48.7381172180176,,NaN,fallback_120_kmh,inconclusive,0,tow_to_utc_nearest_gsv,2026-01-20T15:27:30.990Z,10.55,F1023_V70_D0120_P5__tow_to_utc_v1,nearest_geometry_delta_exceeds_5s,warning,sage-event-path-derivation-v1,sage-event-context-alignment-v1
F1023_V70_D0120_P5__G26__ch7__nav_sage_v2__ingestion_20260825_event_path_v1__event_121,F1023_V70_D0120_P5__G26__ch7__nav_sage_v2__ingestion_20260825_event_path_v1,F1023_V70_D0120_P5,G26,121,40.2358809384164,228458.4,2026-01-20T15:27:20.400Z,,,48.6912727355957,,NaN,fallback_120_kmh,inconclusive,0,tow_to_utc_nearest_gsv,2026-01-20T15:27:30.990Z,10.59,F1023_V70_D0120_P5__tow_to_utc_v1,nearest_geometry_delta_exceeds_5s,warning,sage-event-path-derivation-v1,sage-event-context-alignment-v1
F1023_V70_D0120_P5__G26__ch7__nav_sage_v2__ingestion_20260825_event_path_v1__event_124,F1023_V70_D0120_P5__G26__ch7__nav_sage_v2__ingestion_20260825_event_path_v1,F1023_V70_D0120_P5,G26,124,40.2958811339198,228458.46,2026-01-20T15:27:20.460Z,,,48.7521858215332,,NaN,fallback_120_kmh,inconclusive,0,tow_to_utc_nearest_gsv,2026-01-20T15:27:30.990Z,10.53,F1023_V70_D0120_P5__tow_to_utc_v1,nearest_geometry_delta_exceeds_5s,warning,sage-event-path-derivation-v1,sage-event-context-alignment-v1
F1023_V70_D0120_P5__G26__ch7__nav_sage_v2__ingestion_20260825_event_path_v1__event_136,F1023_V70_D0120_P5__G26__ch7__nav_sage_v2__ingestion_20260825_event_path_v1,F1023_V70_D0120_P5,G26,136,40.5358819159335,228458.7,2026-01-20T15:27:20.700Z,,,48.9501800537109,,NaN,fallback_120_kmh,inconclusive,0,tow_to_utc_nearest_gsv,2026-01-20T15:27:30.990Z,10.29,F1023_V70_D0120_P5__tow_to_utc_v1,nearest_geometry_delta_exceeds_5s,warning,sage-event-path-derivation-v1,sage-event-context-alignment-v1
F1023_V70_D0120_P5__G26__ch7__nav_sage_v2__ingestion_20260825_event_path_v1__event_137,F1023_V70_D0120_P5__G26__ch7__nav_sage_v2__ingestion_20260825_event_path_v1,F1023_V70_D0120_P5,G26,137,40.5558820136852,228458.72,2026-01-20T15:27:20.720Z,,,49.0169219970703,,NaN,fallback_120_kmh,inconclusive,0,tow_to_utc_nearest_gsv,2026-01-20T15:27:30.990Z,10.27,F1023_V70_D0120_P5__tow_to_utc_v1,nearest_geometry_delta_exceeds_5s,warning,sage-event-path-derivation-v1,sage-event-context-alignment-v1
F1023_V70_D0120_P5__G26__ch7__nav_sage_v2__ingestion_20260825_event_path_v1__event_138,F1023_V70_D0120_P5__G26__ch7__nav_sage_v2__ingestion_20260825_event_path_v1,F1023_V70_D0120_P5,G26,138,40.5758821114369,228458.74,2026-01-20T15:27:20.740Z,,,49.0139579772949,,NaN,fallback_120_kmh,inconclusive,0,tow_to_utc_nearest_gsv,2026-01-20T15:27:30.990Z,10.25,F1023_V70_D0120_P5__tow_to_utc_v1,nearest_geometry_delta_exceeds_5s,warning,sage-event-path-derivation-v1,sage-event-context-alignment-v1
F1023_V70_D0120_P5__G26__ch7__nav_sage_v2__ingestion_20260825_event_path_v1__event_286,F1023_V70_D0120_P5__G26__ch7__nav_sage_v2__ingestion_20260825_event_path_v1,F1023_V70_D0120_P5,G26,286,43.5358921798631,228461.7,2026-01-20T15:27:23.700Z,,,48.3531494140625,,NaN,fallback_120_kmh,inconclusive,0,tow_to_utc_nearest_gsv,2026-01-20T15:27:30.990Z,7.29,F1023_V70_D0120_P5__tow_to_utc_v1,nearest_geometry_delta_exceeds_5s,warning,sage-event-path-derivation-v1,sage-event-context-alignment-v1
F1023_V70_D0120_P7__G18__ch4__nav_sage_v2__ingestion_20260825_event_path_v1__event_145,F1023_V70_D0120_P7__G18__ch4__nav_sage_v2__ingestion_20260825_event_path_v1,F1023_V70_D0120_P7,G18,145,44.6613853372434,228734.88,2026-01-20T15:31:56.880Z,74.000,129.000,48.4736442565918,48.000,6.47385120001289,NMEA_RMC,valid,1,tow_to_utc_nearest_gsv,2026-01-20T15:31:56.990Z,0.11,F1023_V70_D0120_P7__tow_to_utc_v1,,valid,sage-event-path-derivation-v1,sage-event-context-alignment-v1
F1023_V70_D0120_P7__G18__ch4__nav_sage_v2__ingestion_20260825_event_path_v1__event_352,F1023_V70_D0120_P7__G18__ch4__nav_sage_v2__ingestion_20260825_event_path_v1,F1023_V70_D0120_P7,G18,352,48.8013979472141,228739.02,2026-01-20T15:32:01.020Z,74.000,129.000,48.8231163024902,49.000,10.7306731999458,NMEA_RMC,valid,1,tow_to_utc_nearest_gsv,2026-01-20T15:32:00.990Z,0.03,F1023_V70_D0120_P7__tow_to_utc_v1,,valid,sage-event-path-derivation-v1,sage-event-context-alignment-v1
F1023_V70_D0120_P7__G18__ch4__nav_sage_v2__ingestion_20260825_event_path_v1__event_982,F1023_V70_D0120_P7__G18__ch4__nav_sage_v2__ingestion_20260825_event_path_v1,F1023_V70_D0120_P7,G18,982,61.4014362658847,228751.62,2026-01-20T15:32:13.620Z,74.000,129.000,49.0736122131348,49.000,3.17043879999452,NMEA_RMC,valid,1,tow_to_utc_nearest_gsv,2026-01-20T15:32:13.990Z,0.37,F1023_V70_D0120_P7__tow_to_utc_v1,,valid,sage-event-path-derivation-v1,sage-event-context-alignment-v1
F1023_V70_D0120_P7__G18__ch4__nav_sage_v2__ingestion_20260825_event_path_v1__event_84,F1023_V70_D0120_P7__G18__ch4__nav_sage_v2__ingestion_20260825_event_path_v1,F1023_V70_D0120_P7,G18,84,43.4413816226784,228733.66,2026-01-20T15:31:55.660Z,74.000,129.000,48.8421745300293,48.000,NaN,fallback_120_kmh,valid,1,tow_to_utc_nearest_gsv,2026-01-20T15:31:55.990Z,0.33,F1023_V70_D0120_P7__tow_to_utc_v1,,valid,sage-event-path-derivation-v1,sage-event-context-alignment-v1
F1023_V70_D0120_P7__G18__ch4__nav_sage_v2__ingestion_20260825_event_path_v1__event_350,F1023_V70_D0120_P7__G18__ch4__nav_sage_v2__ingestion_20260825_event_path_v1,F1023_V70_D0120_P7,G18,350,48.7613977517107,228738.98,2026-01-20T15:32:00.980Z,74.000,129.000,48.8280754089355,49.000,10.4958396000526,NMEA_RMC,valid,1,tow_to_utc_nearest_gsv,2026-01-20T15:32:00.990Z,0.01,F1023_V70_D0120_P7__tow_to_utc_v1,,valid,sage-event-path-derivation-v1,sage-event-context-alignment-v1
F1023_V70_D0120_P7__G18__ch4__nav_sage_v2__ingestion_20260825_event_path_v1__event_417,F1023_V70_D0120_P7__G18__ch4__nav_sage_v2__ingestion_20260825_event_path_v1,F1023_V70_D0120_P7,G18,417,50.1014018572825,228740.32,2026-01-20T15:32:02.320Z,74.000,129.000,49.7899589538574,50.000,15.8214507999688,NMEA_RMC,valid,1,tow_to_utc_nearest_gsv,2026-01-20T15:32:01.990Z,0.33,F1023_V70_D0120_P7__tow_to_utc_v1,,valid,sage-event-path-derivation-v1,sage-event-context-alignment-v1
F1023_V70_D0120_P7__G18__ch4__nav_sage_v2__ingestion_20260825_event_path_v1__event_2197,F1023_V70_D0120_P7__G18__ch4__nav_sage_v2__ingestion_20260825_event_path_v1,F1023_V70_D0120_P7,G18,2197,85.7015105571847,228775.92,2026-01-20T15:32:37.920Z,74.000,128.000,45.2266044616699,45.000,14.205395599992,NMEA_RMC,valid,1,tow_to_utc_nearest_gsv,2026-01-20T15:32:37.990Z,0.07,F1023_V70_D0120_P7__tow_to_utc_v1,,valid,sage-event-path-derivation-v1,sage-event-context-alignment-v1
F1023_V70_D0120_P7__G26__ch6__nav_sage_v2__ingestion_20260825_event_path_v1__event_421,F1023_V70_D0120_P7__G26__ch6__nav_sage_v2__ingestion_20260825_event_path_v1,F1023_V70_D0120_P7,G26,421,50.1807827956989,228740.4,2026-01-20T15:32:02.400Z,74.000,232.000,50.446849822998,51.000,15.5443916000131,NMEA_RMC,valid,1,tow_to_utc_nearest_gsv,2026-01-20T15:32:01.990Z,0.41,F1023_V70_D0120_P7__tow_to_utc_v1,,valid,sage-event-path-derivation-v1,sage-event-context-alignment-v1
F1023_V70_D0120_P7__G26__ch6__nav_sage_v2__ingestion_20260825_event_path_v1__event_957,F1023_V70_D0120_P7__G26__ch6__nav_sage_v2__ingestion_20260825_event_path_v1,F1023_V70_D0120_P7,G26,957,60.9008208211144,228751.12,2026-01-20T15:32:13.120Z,74.000,232.000,49.1603775024414,50.000,2.12405879999452,NMEA_RMC,valid,1,tow_to_utc_nearest_gsv,2026-01-20T15:32:12.990Z,0.13,F1023_V70_D0120_P7__tow_to_utc_v1,,valid,sage-event-path-derivation-v1,sage-event-context-alignment-v1
F1023_V70_D0120_P7__G26__ch6__nav_sage_v2__ingestion_20260825_event_path_v1__event_958,F1023_V70_D0120_P7__G26__ch6__nav_sage_v2__ingestion_20260825_event_path_v1,F1023_V70_D0120_P7,G26,958,60.9208208211144,228751.14,2026-01-20T15:32:13.140Z,74.000,232.000,49.1603775024414,50.000,2.1659140000335,NMEA_RMC,valid,1,tow_to_utc_nearest_gsv,2026-01-20T15:32:12.990Z,0.15,F1023_V70_D0120_P7__tow_to_utc_v1,,valid,sage-event-path-derivation-v1,sage-event-context-alignment-v1
F1023_V70_D0120_P7__G26__ch6__nav_sage_v2__ingestion_20260825_event_path_v1__event_959,F1023_V70_D0120_P7__G26__ch6__nav_sage_v2__ingestion_20260825_event_path_v1,F1023_V70_D0120_P7,G26,959,60.9408209188661,228751.16,2026-01-20T15:32:13.160Z,74.000,232.000,49.2220230102539,50.000,2.20776920001157,NMEA_RMC,valid,1,tow_to_utc_nearest_gsv,2026-01-20T15:32:12.990Z,0.17,F1023_V70_D0120_P7__tow_to_utc_v1,,valid,sage-event-path-derivation-v1,sage-event-context-alignment-v1
F1023_V70_D0120_P7__G26__ch6__nav_sage_v2__ingestion_20260825_event_path_v1__event_939,F1023_V70_D0120_P7__G26__ch6__nav_sage_v2__ingestion_20260825_event_path_v1,F1023_V70_D0120_P7,G26,939,60.5408195503421,228750.76,2026-01-20T15:32:12.760Z,74.000,232.000,49.0636978149414,50.000,2.49945919996805,NMEA_RMC,valid,1,tow_to_utc_nearest_gsv,2026-01-20T15:32:12.990Z,0.23,F1023_V70_D0120_P7__tow_to_utc_v1,,valid,sage-event-path-derivation-v1,sage-event-context-alignment-v1
F1023_V70_D0120_P7__G26__ch6__nav_sage_v2__ingestion_20260825_event_path_v1__event_956,F1023_V70_D0120_P7__G26__ch6__nav_sage_v2__ingestion_20260825_event_path_v1,F1023_V70_D0120_P7,G26,956,60.8808207233627,228751.1,2026-01-20T15:32:13.100Z,74.000,232.000,49.1575317382812,50.000,2.08220360001645,NMEA_RMC,valid,1,tow_to_utc_nearest_gsv,2026-01-20T15:32:12.990Z,0.11,F1023_V70_D0120_P7__tow_to_utc_v1,,valid,sage-event-path-derivation-v1,sage-event-context-alignment-v1
F1023_V70_D0120_P7__G31__ch8__nav_sage_v2__ingestion_20260825_event_path_v1__event_74,F1023_V70_D0120_P7__G31__ch8__nav_sage_v2__ingestion_20260825_event_path_v1,F1023_V70_D0120_P7,G31,74,43.2490099706745,228733.46,2026-01-20T15:31:55.460Z,30.000,225.000,46.5574913024902,46.000,NaN,fallback_120_kmh,valid,1,tow_to_utc_nearest_gsv,2026-01-20T15:31:55.990Z,0.53,F1023_V70_D0120_P7__tow_to_utc_v1,,valid,sage-event-path-derivation-v1,sage-event-context-alignment-v1
F1023_V70_D0120_P7__G31__ch8__nav_sage_v2__ingestion_20260825_event_path_v1__event_75,F1023_V70_D0120_P7__G31__ch8__nav_sage_v2__ingestion_20260825_event_path_v1,F1023_V70_D0120_P7,G31,75,43.2690100684262,228733.48,2026-01-20T15:31:55.480Z,30.000,225.000,46.5878829956055,46.000,NaN,fallback_120_kmh,valid,1,tow_to_utc_nearest_gsv,2026-01-20T15:31:55.990Z,0.51,F1023_V70_D0120_P7__tow_to_utc_v1,,valid,sage-event-path-derivation-v1,sage-event-context-alignment-v1
F1023_V70_D0120_P7__G31__ch8__nav_sage_v2__ingestion_20260825_event_path_v1__event_73,F1023_V70_D0120_P7__G31__ch8__nav_sage_v2__ingestion_20260825_event_path_v1,F1023_V70_D0120_P7,G31,73,43.2290098729228,228733.44,2026-01-20T15:31:55.440Z,30.000,225.000,46.5574913024902,46.000,NaN,fallback_120_kmh,valid,1,tow_to_utc_nearest_gsv,2026-01-20T15:31:55.990Z,0.55,F1023_V70_D0120_P7__tow_to_utc_v1,,valid,sage-event-path-derivation-v1,sage-event-context-alignment-v1
F1023_V70_D0120_P7__G31__ch8__nav_sage_v2__ingestion_20260825_event_path_v1__event_76,F1023_V70_D0120_P7__G31__ch8__nav_sage_v2__ingestion_20260825_event_path_v1,F1023_V70_D0120_P7,G31,76,43.2890101661779,228733.5,2026-01-20T15:31:55.500Z,30.000,225.000,46.6587905883789,46.000,NaN,fallback_120_kmh,valid,1,tow_to_utc_nearest_gsv,2026-01-20T15:31:55.990Z,0.49,F1023_V70_D0120_P7__tow_to_utc_v1,,valid,sage-event-path-derivation-v1,sage-event-context-alignment-v1
F1023_V70_D0120_P7__G31__ch8__nav_sage_v2__ingestion_20260825_event_path_v1__event_2093,F1023_V70_D0120_P7__G31__ch8__nav_sage_v2__ingestion_20260825_event_path_v1,F1023_V70_D0120_P7,G31,2093,83.629219941349,228773.84,2026-01-20T15:32:35.840Z,30.000,224.000,35.834285736084,36.000,7.83210799999423,NMEA_RMC,valid,1,tow_to_utc_nearest_gsv,2026-01-20T15:32:35.990Z,0.15,F1023_V70_D0120_P7__tow_to_utc_v1,,valid,sage-event-path-derivation-v1,sage-event-context-alignment-v1
F1023_V70_D0120_P7__G31__ch8__nav_sage_v2__ingestion_20260825_event_path_v1__event_432,F1023_V70_D0120_P7__G31__ch8__nav_sage_v2__ingestion_20260825_event_path_v1,F1023_V70_D0120_P7,G31,432,50.4090471163245,228740.62,2026-01-20T15:32:02.620Z,30.000,225.000,46.7719345092773,47.000,14.7824788000091,NMEA_RMC,valid,1,tow_to_utc_nearest_gsv,2026-01-20T15:32:02.990Z,0.37,F1023_V70_D0120_P7__tow_to_utc_v1,,valid,sage-event-path-derivation-v1,sage-event-context-alignment-v1
F1023_V70_D0120_P7__G31__ch8__nav_sage_v2__ingestion_20260825_event_path_v1__event_957,F1023_V70_D0120_P7__G31__ch8__nav_sage_v2__ingestion_20260825_event_path_v1,F1023_V70_D0120_P7,G31,957,60.9091016617791,228751.12,2026-01-20T15:32:13.120Z,30.000,225.000,48.9744338989258,49.000,2.12405879999452,NMEA_RMC,valid,1,tow_to_utc_nearest_gsv,2026-01-20T15:32:12.990Z,0.13,F1023_V70_D0120_P7__tow_to_utc_v1,,valid,sage-event-path-derivation-v1,sage-event-context-alignment-v1
F1023_V70_D0120_P7__G31__ch8__nav_sage_v2__ingestion_20260825_event_path_v1__event_958,F1023_V70_D0120_P7__G31__ch8__nav_sage_v2__ingestion_20260825_event_path_v1,F1023_V70_D0120_P7,G31,958,60.9291017595308,228751.14,2026-01-20T15:32:13.140Z,30.000,225.000,48.9490585327148,49.000,2.1659140000335,NMEA_RMC,valid,1,tow_to_utc_nearest_gsv,2026-01-20T15:32:12.990Z,0.15,F1023_V70_D0120_P7__tow_to_utc_v1,,valid,sage-event-path-derivation-v1,sage-event-context-alignment-v1
F1023_V70_D0120_P8__G16__ch4__nav_sage_v2__ingestion_20260825_event_path_v1__event_97,F1023_V70_D0120_P8__G16__ch4__nav_sage_v2__ingestion_20260825_event_path_v1,F1023_V70_D0120_P8,G16,97,48.0786755620723,228859.92,2026-01-20T15:34:01.920Z,50.000,299.000,42.7751426696777,43.000,2.51649759983946,NMEA_RMC,valid,1,tow_to_utc_nearest_gsv,2026-01-20T15:34:01.990Z,0.07,F1023_V70_D0120_P8__tow_to_utc_v1,,valid,sage-event-path-derivation-v1,sage-event-context-alignment-v1
F1023_V70_D0120_P8__G16__ch4__nav_sage_v2__ingestion_20260825_event_path_v1__event_98,F1023_V70_D0120_P8__G16__ch4__nav_sage_v2__ingestion_20260825_event_path_v1,F1023_V70_D0120_P8,G16,98,48.098675659824,228859.94,2026-01-20T15:34:01.940Z,50.000,299.000,42.7079887390137,43.000,2.30018399995278,NMEA_RMC,valid,1,tow_to_utc_nearest_gsv,2026-01-20T15:34:01.990Z,0.05,F1023_V70_D0120_P8__tow_to_utc_v1,,valid,sage-event-path-derivation-v1,sage-event-context-alignment-v1
F1023_V70_D0120_P8__G16__ch4__nav_sage_v2__ingestion_20260825_event_path_v1__event_221,F1023_V70_D0120_P8__G16__ch4__nav_sage_v2__ingestion_20260825_event_path_v1,F1023_V70_D0120_P8,G16,221,50.5586804496579,228862.4,2026-01-20T15:34:04.400Z,50.000,299.000,41.5966148376465,41.000,15.4742008000214,NMEA_RMC,valid,1,tow_to_utc_nearest_gsv,2026-01-20T15:34:03.990Z,0.41,F1023_V70_D0120_P8__tow_to_utc_v1,,valid,sage-event-path-derivation-v1,sage-event-context-alignment-v1
F1023_V70_D0120_P8__G16__ch4__nav_sage_v2__ingestion_20260825_event_path_v1__event_222,F1023_V70_D0120_P8__G16__ch4__nav_sage_v2__ingestion_20260825_event_path_v1,F1023_V70_D0120_P8,G16,222,50.5786804496579,228862.42,2026-01-20T15:34:04.420Z,50.000,299.000,41.6771202087402,41.000,15.3608583999159,NMEA_RMC,valid,1,tow_to_utc_nearest_gsv,2026-01-20T15:34:03.990Z,0.43,F1023_V70_D0120_P8__tow_to_utc_v1,,valid,sage-event-path-derivation-v1,sage-event-context-alignment-v1
F1023_V70_D0120_P8__G16__ch4__nav_sage_v2__ingestion_20260825_event_path_v1__event_419,F1023_V70_D0120_P8__G16__ch4__nav_sage_v2__ingestion_20260825_event_path_v1,F1023_V70_D0120_P8,G16,419,54.518688172043,228866.36,2026-01-20T15:34:08.360Z,50.000,299.000,41.9194030761719,42.000,12.4961847999554,NMEA_RMC,valid,1,tow_to_utc_nearest_gsv,2026-01-20T15:34:07.990Z,0.37,F1023_V70_D0120_P8__tow_to_utc_v1,,valid,sage-event-path-derivation-v1,sage-event-context-alignment-v1
F1023_V70_D0120_P8__G16__ch4__nav_sage_v2__ingestion_20260825_event_path_v1__event_420,F1023_V70_D0120_P8__G16__ch4__nav_sage_v2__ingestion_20260825_event_path_v1,F1023_V70_D0120_P8,G16,420,54.538688172043,228866.38,2026-01-20T15:34:08.380Z,50.000,299.000,41.9194030761719,42.000,12.571005600025,NMEA_RMC,valid,1,tow_to_utc_nearest_gsv,2026-01-20T15:34:07.990Z,0.39,F1023_V70_D0120_P8__tow_to_utc_v1,,valid,sage-event-path-derivation-v1,sage-event-context-alignment-v1
F1023_V70_D0120_P8__G16__ch4__nav_sage_v2__ingestion_20260825_event_path_v1__event_91,F1023_V70_D0120_P8__G16__ch4__nav_sage_v2__ingestion_20260825_event_path_v1,F1023_V70_D0120_P8,G16,91,47.9586753665689,228859.8,2026-01-20T15:34:01.800Z,50.000,299.000,42.5625801086426,43.000,3.81437920010388,NMEA_RMC,valid,1,tow_to_utc_nearest_gsv,2026-01-20T15:34:01.990Z,0.19,F1023_V70_D0120_P8__tow_to_utc_v1,,valid,sage-event-path-derivation-v1,sage-event-context-alignment-v1
F1023_V70_D0120_P8__G16__ch4__nav_sage_v2__ingestion_20260825_event_path_v1__event_92,F1023_V70_D0120_P8__G16__ch4__nav_sage_v2__ingestion_20260825_event_path_v1,F1023_V70_D0120_P8,G16,92,47.9786753665689,228859.82,2026-01-20T15:34:01.820Z,50.000,299.000,42.6288909912109,43.000,3.59806559990242,NMEA_RMC,valid,1,tow_to_utc_nearest_gsv,2026-01-20T15:34:01.990Z,0.17,F1023_V70_D0120_P8__tow_to_utc_v1,,valid,sage-event-path-derivation-v1,sage-event-context-alignment-v1
F1023_V70_D0120_P8__G18__ch9__nav_sage_v2__ingestion_20260825_event_path_v1__event_259,F1023_V70_D0120_P8__G18__ch9__nav_sage_v2__ingestion_20260825_event_path_v1,F1023_V70_D0120_P8,G18,259,45.3173868035191,228857.16,2026-01-20T15:33:59.160Z,74.000,126.000,45.6661720275879,46.000,NaN,fallback_120_kmh,valid,1,tow_to_utc_nearest_gsv,2026-01-20T15:34:00.990Z,1.83,F1023_V70_D0120_P8__tow_to_utc_v1,,valid,sage-event-path-derivation-v1,sage-event-context-alignment-v1
F1023_V70_D0120_P8__G18__ch9__nav_sage_v2__ingestion_20260825_event_path_v1__event_261,F1023_V70_D0120_P8__G18__ch9__nav_sage_v2__ingestion_20260825_event_path_v1,F1023_V70_D0120_P8,G18,261,45.3573869012708,228857.2,2026-01-20T15:33:59.200Z,74.000,126.000,45.5804405212402,46.000,NaN,fallback_120_kmh,valid,1,tow_to_utc_nearest_gsv,2026-01-20T15:34:00.990Z,1.79,F1023_V70_D0120_P8__tow_to_utc_v1,,valid,sage-event-path-derivation-v1,sage-event-context-alignment-v1
F1023_V70_D0120_P8__G18__ch9__nav_sage_v2__ingestion_20260825_event_path_v1__event_768,F1023_V70_D0120_P8__G18__ch9__nav_sage_v2__ingestion_20260825_event_path_v1,F1023_V70_D0120_P8,G18,768,55.4974183773216,228867.34,2026-01-20T15:34:09.340Z,74.000,125.000,45.4094314575195,45.000,12.5130380000097,NMEA_RMC,valid,1,tow_to_utc_nearest_gsv,2026-01-20T15:34:08.990Z,0.35,F1023_V70_D0120_P8__tow_to_utc_v1,,valid,sage-event-path-derivation-v1,sage-event-context-alignment-v1
F1023_V70_D0120_P8__G18__ch9__nav_sage_v2__ingestion_20260825_event_path_v1__event_850,F1023_V70_D0120_P8__G18__ch9__nav_sage_v2__ingestion_20260825_event_path_v1,F1023_V70_D0120_P8,G18,850,57.1374234604106,228868.98,2026-01-20T15:34:10.980Z,74.000,125.000,45.4947700500488,46.000,2.90523239993348,NMEA_RMC,valid,1,tow_to_utc_nearest_gsv,2026-01-20T15:34:10.990Z,0.01,F1023_V70_D0120_P8__tow_to_utc_v1,,valid,sage-event-path-derivation-v1,sage-event-context-alignment-v1
F1023_V70_D0120_P8__G18__ch9__nav_sage_v2__ingestion_20260825_event_path_v1__event_516,F1023_V70_D0120_P8__G18__ch9__nav_sage_v2__ingestion_20260825_event_path_v1,F1023_V70_D0120_P8,G18,516,50.4574027370479,228862.3,2026-01-20T15:34:04.300Z,74.000,126.000,46.0131568908691,46.000,16.0409128000544,NMEA_RMC,valid,1,tow_to_utc_nearest_gsv,2026-01-20T15:34:03.990Z,0.31,F1023_V70_D0120_P8__tow_to_utc_v1,,valid,sage-event-path-derivation-v1,sage-event-context-alignment-v1
F1023_V70_D0120_P8__G18__ch9__nav_sage_v2__ingestion_20260825_event_path_v1__event_517,F1023_V70_D0120_P8__G18__ch9__nav_sage_v2__ingestion_20260825_event_path_v1,F1023_V70_D0120_P8,G18,517,50.4774027370479,228862.32,2026-01-20T15:34:04.320Z,74.000,126.000,46.0088539123535,46.000,15.9275703999489,NMEA_RMC,valid,1,tow_to_utc_nearest_gsv,2026-01-20T15:34:03.990Z,0.33,F1023_V70_D0120_P8__tow_to_utc_v1,,valid,sage-event-path-derivation-v1,sage-event-context-alignment-v1
F1023_V70_D0120_P8__G18__ch9__nav_sage_v2__ingestion_20260825_event_path_v1__event_848,F1023_V70_D0120_P8__G18__ch9__nav_sage_v2__ingestion_20260825_event_path_v1,F1023_V70_D0120_P8,G18,848,57.0974232649071,228868.94,2026-01-20T15:34:10.940Z,74.000,125.000,45.4651985168457,46.000,3.1178419999768,NMEA_RMC,valid,1,tow_to_utc_nearest_gsv,2026-01-20T15:34:10.990Z,0.05,F1023_V70_D0120_P8__tow_to_utc_v1,,valid,sage-event-path-derivation-v1,sage-event-context-alignment-v1
F1023_V70_D0120_P8__G18__ch9__nav_sage_v2__ingestion_20260825_event_path_v1__event_851,F1023_V70_D0120_P8__G18__ch9__nav_sage_v2__ingestion_20260825_event_path_v1,F1023_V70_D0120_P8,G18,851,57.1574234604106,228869,2026-01-20T15:34:11.000Z,74.000,125.000,45.5059013366699,46.000,2.87523000000472,NMEA_RMC,valid,1,tow_to_utc_nearest_gsv,2026-01-20T15:34:10.990Z,0.01,F1023_V70_D0120_P8__tow_to_utc_v1,,valid,sage-event-path-derivation-v1,sage-event-context-alignment-v1
F1023_V70_D0120_P8__G23__ch11__nav_sage_v2__ingestion_20260825_event_path_v1__event_51,F1023_V70_D0120_P8__G23__ch11__nav_sage_v2__ingestion_20260825_event_path_v1,F1023_V70_D0120_P8,G23,51,47.1678619745846,228859,2026-01-20T15:34:01.000Z,19.000,142.000,40.1922340393066,40.000,12.466923199978,NMEA_RMC,valid,1,tow_to_utc_nearest_gsv,2026-01-20T15:34:00.990Z,0.01,F1023_V70_D0120_P8__tow_to_utc_v1,,valid,sage-event-path-derivation-v1,sage-event-context-alignment-v1
F1023_V70_D0120_P8__G23__ch11__nav_sage_v2__ingestion_20260825_event_path_v1__event_52,F1023_V70_D0120_P8__G23__ch11__nav_sage_v2__ingestion_20260825_event_path_v1,F1023_V70_D0120_P8,G23,52,47.1878619745846,228859.02,2026-01-20T15:34:01.020Z,19.000,142.000,40.1339912414551,40.000,12.2506096000913,NMEA_RMC,valid,1,tow_to_utc_nearest_gsv,2026-01-20T15:34:00.990Z,0.03,F1023_V70_D0120_P8__tow_to_utc_v1,,valid,sage-event-path-derivation-v1,sage-event-context-alignment-v1
F1023_V70_D0120_P8__G23__ch11__nav_sage_v2__ingestion_20260825_event_path_v1__event_53,F1023_V70_D0120_P8__G23__ch11__nav_sage_v2__ingestion_20260825_event_path_v1,F1023_V70_D0120_P8,G23,53,47.2078620723363,228859.04,2026-01-20T15:34:01.040Z,19.000,142.000,40.066219329834,40.000,12.0342959998898,NMEA_RMC,valid,1,tow_to_utc_nearest_gsv,2026-01-20T15:34:00.990Z,0.05,F1023_V70_D0120_P8__tow_to_utc_v1,,valid,sage-event-path-derivation-v1,sage-event-context-alignment-v1
F1023_V70_D0120_P8__G23__ch11__nav_sage_v2__ingestion_20260825_event_path_v1__event_263,F1023_V70_D0120_P8__G23__ch11__nav_sage_v2__ingestion_20260825_event_path_v1,F1023_V70_D0120_P8,G23,263,51.4078668621701,228863.24,2026-01-20T15:34:05.240Z,19.000,142.000,40.3272972106934,40.000,13.0149299999743,NMEA_RMC,valid,1,tow_to_utc_nearest_gsv,2026-01-20T15:34:04.990Z,0.25,F1023_V70_D0120_P8__tow_to_utc_v1,,valid,sage-event-path-derivation-v1,sage-event-context-alignment-v1
F1023_V70_D0120_P8__G23__ch11__nav_sage_v2__ingestion_20260825_event_path_v1__event_265,F1023_V70_D0120_P8__G23__ch11__nav_sage_v2__ingestion_20260825_event_path_v1,F1023_V70_D0120_P8,G23,265,51.4478669599218,228863.28,2026-01-20T15:34:05.280Z,19.000,142.000,40.2927398681641,40.000,13.1564228000031,NMEA_RMC,valid,1,tow_to_utc_nearest_gsv,2026-01-20T15:34:04.990Z,0.29,F1023_V70_D0120_P8__tow_to_utc_v1,,valid,sage-event-path-derivation-v1,sage-event-context-alignment-v1
F1023_V70_D0120_P8__G26__ch3__nav_sage_v2__ingestion_20260825_event_path_v1__event_298,F1023_V70_D0120_P8__G26__ch3__nav_sage_v2__ingestion_20260825_event_path_v1,F1023_V70_D0120_P8,G26,298,46.0968290322581,228857.94,2026-01-20T15:33:59.940Z,74.000,229.000,47.9140167236328,47.000,NaN,fallback_120_kmh,valid,1,tow_to_utc_nearest_gsv,2026-01-20T15:34:00.990Z,1.05,F1023_V70_D0120_P8__tow_to_utc_v1,,valid,sage-event-path-derivation-v1,sage-event-context-alignment-v1
F1023_V70_D0120_P8__G26__ch3__nav_sage_v2__ingestion_20260825_event_path_v1__event_299,F1023_V70_D0120_P8__G26__ch3__nav_sage_v2__ingestion_20260825_event_path_v1,F1023_V70_D0120_P8,G26,299,46.1168290322581,228857.96,2026-01-20T15:33:59.960Z,74.000,229.000,47.9140167236328,47.000,NaN,fallback_120_kmh,valid,1,tow_to_utc_nearest_gsv,2026-01-20T15:34:00.990Z,1.03,F1023_V70_D0120_P8__tow_to_utc_v1,,valid,sage-event-path-derivation-v1,sage-event-context-alignment-v1
F1023_V70_D0120_P8__G26__ch3__nav_sage_v2__ingestion_20260825_event_path_v1__event_300,F1023_V70_D0120_P8__G26__ch3__nav_sage_v2__ingestion_20260825_event_path_v1,F1023_V70_D0120_P8,G26,300,46.1368291300098,228857.98,2026-01-20T15:33:59.980Z,74.000,229.000,47.9179878234863,47.000,NaN,fallback_120_kmh,valid,1,tow_to_utc_nearest_gsv,2026-01-20T15:34:00.990Z,1.01,F1023_V70_D0120_P8__tow_to_utc_v1,,valid,sage-event-path-derivation-v1,sage-event-context-alignment-v1
F1023_V70_D0120_P8__G26__ch3__nav_sage_v2__ingestion_20260825_event_path_v1__event_218,F1023_V70_D0120_P8__G26__ch3__nav_sage_v2__ingestion_20260825_event_path_v1,F1023_V70_D0120_P8,G26,218,44.4968232649071,228856.34,2026-01-20T15:33:58.340Z,74.000,229.000,46.9582595825195,47.000,NaN,fallback_120_kmh,valid,1,tow_to_utc_nearest_gsv,2026-01-20T15:34:00.990Z,2.65,F1023_V70_D0120_P8__tow_to_utc_v1,,valid,sage-event-path-derivation-v1,sage-event-context-alignment-v1
F1023_V70_D0120_P8__G26__ch3__nav_sage_v2__ingestion_20260825_event_path_v1__event_849,F1023_V70_D0120_P8__G26__ch3__nav_sage_v2__ingestion_20260825_event_path_v1,F1023_V70_D0120_P8,G26,849,57.1168687194526,228868.96,2026-01-20T15:34:10.960Z,73.000,229.000,47.4826393127441,48.000,3.01153720003249,NMEA_RMC,valid,1,tow_to_utc_nearest_gsv,2026-01-20T15:34:10.990Z,0.03,F1023_V70_D0120_P8__tow_to_utc_v1,,valid,sage-event-path-derivation-v1,sage-event-context-alignment-v1
F1023_V70_D0120_P8__G26__ch3__nav_sage_v2__ingestion_20260825_event_path_v1__event_850,F1023_V70_D0120_P8__G26__ch3__nav_sage_v2__ingestion_20260825_event_path_v1,F1023_V70_D0120_P8,G26,850,57.1368688172043,228868.98,2026-01-20T15:34:10.980Z,73.000,229.000,47.4386863708496,48.000,2.90523239993348,NMEA_RMC,valid,1,tow_to_utc_nearest_gsv,2026-01-20T15:34:10.990Z,0.01,F1023_V70_D0120_P8__tow_to_utc_v1,,valid,sage-event-path-derivation-v1,sage-event-context-alignment-v1
F1023_V70_D0120_P8__G26__ch3__nav_sage_v2__ingestion_20260825_event_path_v1__event_465,F1023_V70_D0120_P8__G26__ch3__nav_sage_v2__ingestion_20260825_event_path_v1,F1023_V70_D0120_P8,G26,465,49.4368409579668,228861.28,2026-01-20T15:34:03.280Z,74.000,229.000,47.406005859375,48.000,15.5886544000027,NMEA_RMC,valid,1,tow_to_utc_nearest_gsv,2026-01-20T15:34:02.990Z,0.29,F1023_V70_D0120_P8__tow_to_utc_v1,,valid,sage-event-path-derivation-v1,sage-event-context-alignment-v1
F1023_V70_D0120_P8__G26__ch3__nav_sage_v2__ingestion_20260825_event_path_v1__event_194,F1023_V70_D0120_P8__G26__ch3__nav_sage_v2__ingestion_20260825_event_path_v1,F1023_V70_D0120_P8,G26,194,44.0168215053763,228855.86,2026-01-20T15:33:57.860Z,74.000,229.000,47.1955223083496,47.000,NaN,fallback_120_kmh,valid,1,tow_to_utc_nearest_gsv,2026-01-20T15:34:00.990Z,3.13,F1023_V70_D0120_P8__tow_to_utc_v1,,valid,sage-event-path-derivation-v1,sage-event-context-alignment-v1
F1023_V70_D0120_P9__G16__ch9__nav_sage_v2__ingestion_20260825_event_path_v1__event_92,F1023_V70_D0120_P9__G16__ch9__nav_sage_v2__ingestion_20260825_event_path_v1,F1023_V70_D0120_P9,G16,92,32.3509012707722,228949.82,2026-01-20T15:35:31.820Z,50.000,299.000,47.6258087158203,48.000,NaN,fallback_120_kmh,valid,1,tow_to_utc_nearest_gsv,2026-01-20T15:35:32.000Z,0.18,F1023_V70_D0120_P9__tow_to_utc_v1,,valid,sage-event-path-derivation-v1,sage-event-context-alignment-v1
F1023_V70_D0120_P9__G16__ch9__nav_sage_v2__ingestion_20260825_event_path_v1__event_2565,F1023_V70_D0120_P9__G16__ch9__nav_sage_v2__ingestion_20260825_event_path_v1,F1023_V70_D0120_P9,G16,2565,81.8110004887586,228999.28,2026-01-20T15:36:21.280Z,51.000,299.000,44.955207824707,44.000,NaN,fallback_120_kmh,valid,1,tow_to_utc_nearest_gsv,2026-01-20T15:36:21.000Z,0.28,F1023_V70_D0120_P9__tow_to_utc_v1,,valid,sage-event-path-derivation-v1,sage-event-context-alignment-v1
F1023_V70_D0120_P9__G16__ch9__nav_sage_v2__ingestion_20260825_event_path_v1__event_2566,F1023_V70_D0120_P9__G16__ch9__nav_sage_v2__ingestion_20260825_event_path_v1,F1023_V70_D0120_P9,G16,2566,81.8310004887585,228999.3,2026-01-20T15:36:21.300Z,51.000,299.000,44.955207824707,44.000,NaN,fallback_120_kmh,valid,1,tow_to_utc_nearest_gsv,2026-01-20T15:36:21.000Z,0.3,F1023_V70_D0120_P9__tow_to_utc_v1,,valid,sage-event-path-derivation-v1,sage-event-context-alignment-v1
F1023_V70_D0120_P9__G16__ch9__nav_sage_v2__ingestion_20260825_event_path_v1__event_1899,F1023_V70_D0120_P9__G16__ch9__nav_sage_v2__ingestion_20260825_event_path_v1,F1023_V70_D0120_P9,G16,1899,68.4909736070381,228985.96,2026-01-20T15:36:07.960Z,51.000,299.000,45.7951164245605,46.000,16.4798367999579,NMEA_RMC,valid,1,tow_to_utc_nearest_gsv,2026-01-20T15:36:08.000Z,0.04,F1023_V70_D0120_P9__tow_to_utc_v1,,valid,sage-event-path-derivation-v1,sage-event-context-alignment-v1
F1023_V70_D0120_P9__G18__ch1__nav_sage_v2__ingestion_20260825_event_path_v1__event_2319,F1023_V70_D0120_P9__G18__ch1__nav_sage_v2__ingestion_20260825_event_path_v1,F1023_V70_D0120_P9,G18,2319,76.8898634408602,228994.36,2026-01-20T15:36:16.360Z,75.000,122.000,48.9385223388672,49.000,34.3383024000344,NMEA_RMC,valid,1,tow_to_utc_nearest_gsv,2026-01-20T15:36:16.000Z,0.36,F1023_V70_D0120_P9__tow_to_utc_v1,,valid,sage-event-path-derivation-v1,sage-event-context-alignment-v1
F1023_V70_D0120_P9__G18__ch1__nav_sage_v2__ingestion_20260825_event_path_v1__event_2320,F1023_V70_D0120_P9__G18__ch1__nav_sage_v2__ingestion_20260825_event_path_v1,F1023_V70_D0120_P9,G18,2320,76.9098635386119,228994.38,2026-01-20T15:36:16.380Z,75.000,122.000,48.9797286987305,49.000,34.2890391999885,NMEA_RMC,valid,1,tow_to_utc_nearest_gsv,2026-01-20T15:36:16.000Z,0.38,F1023_V70_D0120_P9__tow_to_utc_v1,,valid,sage-event-path-derivation-v1,sage-event-context-alignment-v1
F1023_V70_D0120_P9__G18__ch1__nav_sage_v2__ingestion_20260825_event_path_v1__event_1947,F1023_V70_D0120_P9__G18__ch1__nav_sage_v2__ingestion_20260825_event_path_v1,F1023_V70_D0120_P9,G18,1947,69.4498399804497,228986.92,2026-01-20T15:36:08.920Z,75.000,122.000,48.7467231750488,49.000,18.7652048000289,NMEA_RMC,valid,1,tow_to_utc_nearest_gsv,2026-01-20T15:36:09.000Z,0.08,F1023_V70_D0120_P9__tow_to_utc_v1,,valid,sage-event-path-derivation-v1,sage-event-context-alignment-v1
F1023_V70_D0120_P9__G18__ch1__nav_sage_v2__ingestion_20260825_event_path_v1__event_1948,F1023_V70_D0120_P9__G18__ch1__nav_sage_v2__ingestion_20260825_event_path_v1,F1023_V70_D0120_P9,G18,1948,69.4698400782014,228986.94,2026-01-20T15:36:08.940Z,75.000,122.000,48.7467231750488,49.000,18.8103936000053,NMEA_RMC,valid,1,tow_to_utc_nearest_gsv,2026-01-20T15:36:09.000Z,0.06,F1023_V70_D0120_P9__tow_to_utc_v1,,valid,sage-event-path-derivation-v1,sage-event-context-alignment-v1
F1023_V70_D0120_P9__G18__ch1__nav_sage_v2__ingestion_20260825_event_path_v1__event_1949,F1023_V70_D0120_P9__G18__ch1__nav_sage_v2__ingestion_20260825_event_path_v1,F1023_V70_D0120_P9,G18,1949,69.4898401759531,228986.96,2026-01-20T15:36:08.960Z,75.000,122.000,48.8404541015625,49.000,18.8555823999816,NMEA_RMC,valid,1,tow_to_utc_nearest_gsv,2026-01-20T15:36:09.000Z,0.04,F1023_V70_D0120_P9__tow_to_utc_v1,,valid,sage-event-path-derivation-v1,sage-event-context-alignment-v1
F1023_V70_D0120_P9__G18__ch1__nav_sage_v2__ingestion_20260825_event_path_v1__event_2318,F1023_V70_D0120_P9__G18__ch1__nav_sage_v2__ingestion_20260825_event_path_v1,F1023_V70_D0120_P9,G18,2318,76.8698633431085,228994.34,2026-01-20T15:36:16.340Z,75.000,122.000,48.9385223388672,49.000,34.3875656000086,NMEA_RMC,valid,1,tow_to_utc_nearest_gsv,2026-01-20T15:36:16.000Z,0.34,F1023_V70_D0120_P9__tow_to_utc_v1,,valid,sage-event-path-derivation-v1,sage-event-context-alignment-v1
F1023_V70_D0120_P9__G18__ch1__nav_sage_v2__ingestion_20260825_event_path_v1__event_2321,F1023_V70_D0120_P9__G18__ch1__nav_sage_v2__ingestion_20260825_event_path_v1,F1023_V70_D0120_P9,G18,2321,76.9298635386119,228994.4,2026-01-20T15:36:16.400Z,75.000,122.000,48.9560699462891,49.000,34.2397760000143,NMEA_RMC,valid,1,tow_to_utc_nearest_gsv,2026-01-20T15:36:16.000Z,0.4,F1023_V70_D0120_P9__tow_to_utc_v1,,valid,sage-event-path-derivation-v1,sage-event-context-alignment-v1
F1023_V70_D0120_P9__G18__ch1__nav_sage_v2__ingestion_20260825_event_path_v1__event_1278,F1023_V70_D0120_P9__G18__ch1__nav_sage_v2__ingestion_20260825_event_path_v1,F1023_V70_D0120_P9,G18,1278,56.0697978494624,228973.54,2026-01-20T15:35:55.540Z,75.000,122.000,48.8282508850098,49.000,2.2809232000006,NMEA_RMC,valid,1,tow_to_utc_nearest_gsv,2026-01-20T15:35:56.000Z,0.46,F1023_V70_D0120_P9__tow_to_utc_v1,,valid,sage-event-path-derivation-v1,sage-event-context-alignment-v1
F1023_V70_D0120_P9__G26__ch6__nav_sage_v2__ingestion_20260825_event_path_v1__event_1946,F1023_V70_D0120_P9__G26__ch6__nav_sage_v2__ingestion_20260825_event_path_v1,F1023_V70_D0120_P9,G26,1946,69.4293447702835,228986.9,2026-01-20T15:36:08.900Z,73.000,225.000,49.265552520752,49.000,18.7200159999869,NMEA_RMC,valid,1,tow_to_utc_nearest_gsv,2026-01-20T15:36:09.000Z,0.1,F1023_V70_D0120_P9__tow_to_utc_v1,,valid,sage-event-path-derivation-v1,sage-event-context-alignment-v1
F1023_V70_D0120_P9__G26__ch6__nav_sage_v2__ingestion_20260825_event_path_v1__event_1947,F1023_V70_D0120_P9__G26__ch6__nav_sage_v2__ingestion_20260825_event_path_v1,F1023_V70_D0120_P9,G26,1947,69.4493448680352,228986.92,2026-01-20T15:36:08.920Z,73.000,225.000,49.2471122741699,49.000,18.7652048000289,NMEA_RMC,valid,1,tow_to_utc_nearest_gsv,2026-01-20T15:36:09.000Z,0.08,F1023_V70_D0120_P9__tow_to_utc_v1,,valid,sage-event-path-derivation-v1,sage-event-context-alignment-v1
F1023_V70_D0120_P9__G26__ch6__nav_sage_v2__ingestion_20260825_event_path_v1__event_1948,F1023_V70_D0120_P9__G26__ch6__nav_sage_v2__ingestion_20260825_event_path_v1,F1023_V70_D0120_P9,G26,1948,69.4693449657869,228986.94,2026-01-20T15:36:08.940Z,73.000,225.000,49.2471122741699,49.000,18.8103936000053,NMEA_RMC,valid,1,tow_to_utc_nearest_gsv,2026-01-20T15:36:09.000Z,0.06,F1023_V70_D0120_P9__tow_to_utc_v1,,valid,sage-event-path-derivation-v1,sage-event-context-alignment-v1
F1023_V70_D0120_P9__G26__ch6__nav_sage_v2__ingestion_20260825_event_path_v1__event_2283,F1023_V70_D0120_P9__G26__ch6__nav_sage_v2__ingestion_20260825_event_path_v1,F1023_V70_D0120_P9,G26,2283,76.1693695014663,228993.64,2026-01-20T15:36:15.640Z,73.000,225.000,48.9664497375488,49.000,32.3048064001133,NMEA_RMC,valid,1,tow_to_utc_nearest_gsv,2026-01-20T15:36:16.000Z,0.36,F1023_V70_D0120_P9__tow_to_utc_v1,,valid,sage-event-path-derivation-v1,sage-event-context-alignment-v1
F1023_V70_D0120_P9__G26__ch6__nav_sage_v2__ingestion_20260825_event_path_v1__event_2284,F1023_V70_D0120_P9__G26__ch6__nav_sage_v2__ingestion_20260825_event_path_v1,F1023_V70_D0120_P9,G26,2284,76.189369599218,228993.66,2026-01-20T15:36:15.660Z,73.000,225.000,48.9441452026367,49.000,32.4670416000283,NMEA_RMC,valid,1,tow_to_utc_nearest_gsv,2026-01-20T15:36:16.000Z,0.34,F1023_V70_D0120_P9__tow_to_utc_v1,,valid,sage-event-path-derivation-v1,sage-event-context-alignment-v1
F1023_V70_D0120_P9__G26__ch6__nav_sage_v2__ingestion_20260825_event_path_v1__event_2285,F1023_V70_D0120_P9__G26__ch6__nav_sage_v2__ingestion_20260825_event_path_v1,F1023_V70_D0120_P9,G26,2285,76.209369599218,228993.68,2026-01-20T15:36:15.680Z,73.000,225.000,48.8982048034668,49.000,32.6292767999433,NMEA_RMC,valid,1,tow_to_utc_nearest_gsv,2026-01-20T15:36:16.000Z,0.32,F1023_V70_D0120_P9__tow_to_utc_v1,,valid,sage-event-path-derivation-v1,sage-event-context-alignment-v1
F1023_V70_D0120_P9__G26__ch6__nav_sage_v2__ingestion_20260825_event_path_v1__event_2303,F1023_V70_D0120_P9__G26__ch6__nav_sage_v2__ingestion_20260825_event_path_v1,F1023_V70_D0120_P9,G26,2303,76.5693709677419,228994.04,2026-01-20T15:36:16.040Z,73.000,225.000,49.4973373413086,49.000,35.1265135999799,NMEA_RMC,valid,1,tow_to_utc_nearest_gsv,2026-01-20T15:36:16.000Z,0.04,F1023_V70_D0120_P9__tow_to_utc_v1,,valid,sage-event-path-derivation-v1,sage-event-context-alignment-v1
F1023_V70_D0120_P9__G26__ch6__nav_sage_v2__ingestion_20260825_event_path_v1__event_2304,F1023_V70_D0120_P9__G26__ch6__nav_sage_v2__ingestion_20260825_event_path_v1,F1023_V70_D0120_P9,G26,2304,76.5893709677419,228994.06,2026-01-20T15:36:16.060Z,73.000,225.000,49.6299133300781,49.000,35.0772504000057,NMEA_RMC,valid,1,tow_to_utc_nearest_gsv,2026-01-20T15:36:16.000Z,0.06,F1023_V70_D0120_P9__tow_to_utc_v1,,valid,sage-event-path-derivation-v1,sage-event-context-alignment-v1
F1023_V70_D0120_P9__G27__ch5__nav_sage_v2__ingestion_20260825_event_path_v1__event_823,F1023_V70_D0120_P9__G27__ch5__nav_sage_v2__ingestion_20260825_event_path_v1,F1023_V70_D0120_P9,G27,823,76.9782062561095,228994.44,2026-01-20T15:36:16.440Z,22.000,271.000,36.6878967285156,38.000,34.1412495999943,NMEA_RMC,valid,1,tow_to_utc_nearest_gsv,2026-01-20T15:36:16.000Z,0.44,F1023_V70_D0120_P9__tow_to_utc_v1,,valid,sage-event-path-derivation-v1,sage-event-context-alignment-v1
F1023_V70_D0120_P9__G27__ch5__nav_sage_v2__ingestion_20260825_event_path_v1__event_822,F1023_V70_D0120_P9__G27__ch5__nav_sage_v2__ingestion_20260825_event_path_v1,F1023_V70_D0120_P9,G27,822,76.9582062561095,228994.42,2026-01-20T15:36:16.420Z,22.000,271.000,36.6878967285156,38.000,34.1905127999685,NMEA_RMC,valid,1,tow_to_utc_nearest_gsv,2026-01-20T15:36:16.000Z,0.42,F1023_V70_D0120_P9__tow_to_utc_v1,,valid,sage-event-path-derivation-v1,sage-event-context-alignment-v1
F1023_V70_D0120_P9__G27__ch5__nav_sage_v2__ingestion_20260825_event_path_v1__event_845,F1023_V70_D0120_P9__G27__ch5__nav_sage_v2__ingestion_20260825_event_path_v1,F1023_V70_D0120_P9,G27,845,77.4182068426197,228994.88,2026-01-20T15:36:16.880Z,22.000,271.000,36.1096267700195,36.000,33.0574591999885,NMEA_RMC,valid,1,tow_to_utc_nearest_gsv,2026-01-20T15:36:17.000Z,0.12,F1023_V70_D0120_P9__tow_to_utc_v1,,valid,sage-event-path-derivation-v1,sage-event-context-alignment-v1
F1023_V70_D0120_P9__G27__ch5__nav_sage_v2__ingestion_20260825_event_path_v1__event_846,F1023_V70_D0120_P9__G27__ch5__nav_sage_v2__ingestion_20260825_event_path_v1,F1023_V70_D0120_P9,G27,846,77.4382069403715,228994.9,2026-01-20T15:36:16.900Z,22.000,271.000,35.9952850341797,36.000,33.0081960000143,NMEA_RMC,valid,1,tow_to_utc_nearest_gsv,2026-01-20T15:36:17.000Z,0.1,F1023_V70_D0120_P9__tow_to_utc_v1,,valid,sage-event-path-derivation-v1,sage-event-context-alignment-v1
F1023_V70_D0120_P9__G27__ch5__nav_sage_v2__ingestion_20260825_event_path_v1__event_847,F1023_V70_D0120_P9__G27__ch5__nav_sage_v2__ingestion_20260825_event_path_v1,F1023_V70_D0120_P9,G27,847,77.4582069403715,228994.92,2026-01-20T15:36:16.920Z,22.000,271.000,35.9655685424805,36.000,32.9589327999685,NMEA_RMC,valid,1,tow_to_utc_nearest_gsv,2026-01-20T15:36:17.000Z,0.08,F1023_V70_D0120_P9__tow_to_utc_v1,,valid,sage-event-path-derivation-v1,sage-event-context-alignment-v1
F1023_V70_D0120_P9__G27__ch5__nav_sage_v2__ingestion_20260825_event_path_v1__event_755,F1023_V70_D0120_P9__G27__ch5__nav_sage_v2__ingestion_20260825_event_path_v1,F1023_V70_D0120_P9,G27,755,75.6182045943304,228993.08,2026-01-20T15:36:15.080Z,22.000,271.000,39.9852867126465,41.000,27.7622207998961,NMEA_RMC,valid,1,tow_to_utc_nearest_gsv,2026-01-20T15:36:15.000Z,0.08,F1023_V70_D0120_P9__tow_to_utc_v1,,valid,sage-event-path-derivation-v1,sage-event-context-alignment-v1
F1023_V70_D0120_P9__G27__ch5__nav_sage_v2__ingestion_20260825_event_path_v1__event_757,F1023_V70_D0120_P9__G27__ch5__nav_sage_v2__ingestion_20260825_event_path_v1,F1023_V70_D0120_P9,G27,757,75.6582045943304,228993.12,2026-01-20T15:36:15.120Z,22.000,271.000,39.6433944702148,41.000,28.0866911999622,NMEA_RMC,valid,1,tow_to_utc_nearest_gsv,2026-01-20T15:36:15.000Z,0.12,F1023_V70_D0120_P9__tow_to_utc_v1,,valid,sage-event-path-derivation-v1,sage-event-context-alignment-v1
F1023_V70_D0120_P9__G27__ch5__nav_sage_v2__ingestion_20260825_event_path_v1__event_796,F1023_V70_D0120_P9__G27__ch5__nav_sage_v2__ingestion_20260825_event_path_v1,F1023_V70_D0120_P9,G27,796,76.4382055718475,228993.9,2026-01-20T15:36:15.900Z,22.000,271.000,38.3950500488281,38.000,34.4138639999528,NMEA_RMC,valid,1,tow_to_utc_nearest_gsv,2026-01-20T15:36:16.000Z,0.1,F1023_V70_D0120_P9__tow_to_utc_v1,,valid,sage-event-path-derivation-v1,sage-event-context-alignment-v1
F1023_V70_D0120_P9__G28__ch11__nav_sage_v2__ingestion_20260825_event_path_v1__event_592,F1023_V70_D0120_P9__G28__ch11__nav_sage_v2__ingestion_20260825_event_path_v1,F1023_V70_D0120_P9,G28,592,60.3639391006843,228977.82,2026-01-20T15:35:59.820Z,,,41.8303527832031,,2.84467199999741,NMEA_RMC,unavailable,0,tow_to_utc_nearest_gsv,,,F1023_V70_D0120_P9__tow_to_utc_v1,geometry_prn_missing_in_timeseries,warning,sage-event-path-derivation-v1,sage-event-context-alignment-v1
F1023_V70_D0120_P9__G29__ch4__nav_sage_v2__ingestion_20260825_event_path_v1__event_1305,F1023_V70_D0120_P9__G29__ch4__nav_sage_v2__ingestion_20260825_event_path_v1,F1023_V70_D0120_P9,G29,1305,56.6177802541544,228974.08,2026-01-20T15:35:56.080Z,28.000,80.000,44.2369613647461,44.000,2.43500959998079,NMEA_RMC,valid,1,tow_to_utc_nearest_gsv,2026-01-20T15:35:56.000Z,0.08,F1023_V70_D0120_P9__tow_to_utc_v1,,valid,sage-event-path-derivation-v1,sage-event-context-alignment-v1
F1023_V70_D0120_P9__G29__ch4__nav_sage_v2__ingestion_20260825_event_path_v1__event_1306,F1023_V70_D0120_P9__G29__ch4__nav_sage_v2__ingestion_20260825_event_path_v1,F1023_V70_D0120_P9,G29,1306,56.6377803519062,228974.1,2026-01-20T15:35:56.100Z,28.000,80.000,44.212947845459,44.000,2.46501200000873,NMEA_RMC,valid,1,tow_to_utc_nearest_gsv,2026-01-20T15:35:56.000Z,0.1,F1023_V70_D0120_P9__tow_to_utc_v1,,valid,sage-event-path-derivation-v1,sage-event-context-alignment-v1
F1023_V70_D0120_P9__G29__ch4__nav_sage_v2__ingestion_20260825_event_path_v1__event_2559,F1023_V70_D0120_P9__G29__ch4__nav_sage_v2__ingestion_20260825_event_path_v1,F1023_V70_D0120_P9,G29,2559,81.6979092864125,228999.16,2026-01-20T15:36:21.160Z,28.000,80.000,42.7943305969238,42.000,NaN,fallback_120_kmh,valid,1,tow_to_utc_nearest_gsv,2026-01-20T15:36:21.000Z,0.16,F1023_V70_D0120_P9__tow_to_utc_v1,,valid,sage-event-path-derivation-v1,sage-event-context-alignment-v1
F1023_V70_D0120_P9__G29__ch4__nav_sage_v2__ingestion_20260825_event_path_v1__event_494,F1023_V70_D0120_P9__G29__ch4__nav_sage_v2__ingestion_20260825_event_path_v1,F1023_V70_D0120_P9,G29,494,40.3976967741935,228957.86,2026-01-20T15:35:39.860Z,28.000,80.000,44.6184959411621,45.000,3.07394960002768,NMEA_RMC,valid,1,tow_to_utc_nearest_gsv,2026-01-20T15:35:40.000Z,0.14,F1023_V70_D0120_P9__tow_to_utc_v1,,valid,sage-event-path-derivation-v1,sage-event-context-alignment-v1
F1023_V70_D0120_P9__G29__ch4__nav_sage_v2__ingestion_20260825_event_path_v1__event_495,F1023_V70_D0120_P9__G29__ch4__nav_sage_v2__ingestion_20260825_event_path_v1,F1023_V70_D0120_P9,G29,495,40.4176968719453,228957.88,2026-01-20T15:35:39.880Z,28.000,80.000,44.7571601867676,45.000,3.03431679999077,NMEA_RMC,valid,1,tow_to_utc_nearest_gsv,2026-01-20T15:35:40.000Z,0.12,F1023_V70_D0120_P9__tow_to_utc_v1,,valid,sage-event-path-derivation-v1,sage-event-context-alignment-v1
F1023_V70_D0120_P9__G29__ch4__nav_sage_v2__ingestion_20260825_event_path_v1__event_559,F1023_V70_D0120_P9__G29__ch4__nav_sage_v2__ingestion_20260825_event_path_v1,F1023_V70_D0120_P9,G29,559,41.6977034213099,228959.16,2026-01-20T15:35:41.160Z,28.000,80.000,44.8453903198242,45.000,3.41656960000181,NMEA_RMC,valid,1,tow_to_utc_nearest_gsv,2026-01-20T15:35:41.000Z,0.16,F1023_V70_D0120_P9__tow_to_utc_v1,,valid,sage-event-path-derivation-v1,sage-event-context-alignment-v1
F1023_V70_D0120_P9__G29__ch4__nav_sage_v2__ingestion_20260825_event_path_v1__event_560,F1023_V70_D0120_P9__G29__ch4__nav_sage_v2__ingestion_20260825_event_path_v1,F1023_V70_D0120_P9,G29,560,41.7177035190616,228959.18,2026-01-20T15:35:41.180Z,28.000,80.000,44.8453903198242,45.000,3.42694079999638,NMEA_RMC,valid,1,tow_to_utc_nearest_gsv,2026-01-20T15:35:41.000Z,0.18,F1023_V70_D0120_P9__tow_to_utc_v1,,valid,sage-event-path-derivation-v1,sage-event-context-alignment-v1
F1023_V70_D0120_P9__G29__ch4__nav_sage_v2__ingestion_20260825_event_path_v1__event_2539,F1023_V70_D0120_P9__G29__ch4__nav_sage_v2__ingestion_20260825_event_path_v1,F1023_V70_D0120_P9,G29,2539,81.2979072336266,228998.76,2026-01-20T15:36:20.760Z,28.000,80.000,41.7951126098633,42.000,35.435427199976,NMEA_RMC,valid,1,tow_to_utc_nearest_gsv,2026-01-20T15:36:21.000Z,0.24,F1023_V70_D0120_P9__tow_to_utc_v1,,valid,sage-event-path-derivation-v1,sage-event-context-alignment-v1
F1023_V70_D0120_P9__G31__ch7__nav_sage_v2__ingestion_20260825_event_path_v1__event_1476,F1023_V70_D0120_P9__G31__ch7__nav_sage_v2__ingestion_20260825_event_path_v1,F1023_V70_D0120_P9,G31,1476,78.0380546432063,228995.5,2026-01-20T15:36:17.500Z,29.000,223.000,46.4274482727051,46.000,35.4195,NMEA_RMC,valid,1,tow_to_utc_nearest_gsv,2026-01-20T15:36:17.000Z,0.5,F1023_V70_D0120_P9__tow_to_utc_v1,,valid,sage-event-path-derivation-v1,sage-event-context-alignment-v1
F1023_V70_D0120_P9__G31__ch7__nav_sage_v2__ingestion_20260825_event_path_v1__event_1477,F1023_V70_D0120_P9__G31__ch7__nav_sage_v2__ingestion_20260825_event_path_v1,F1023_V70_D0120_P9,G31,1477,78.0580548387097,228995.52,2026-01-20T15:36:17.520Z,29.000,223.000,46.4733428955078,46.000,35.5258047999443,NMEA_RMC,valid,1,tow_to_utc_nearest_gsv,2026-01-20T15:36:18.000Z,0.48,F1023_V70_D0120_P9__tow_to_utc_v1,,valid,sage-event-path-derivation-v1,sage-event-context-alignment-v1
F1023_V70_D0120_P9__G31__ch7__nav_sage_v2__ingestion_20260825_event_path_v1__event_1478,F1023_V70_D0120_P9__G31__ch7__nav_sage_v2__ingestion_20260825_event_path_v1,F1023_V70_D0120_P9,G31,1478,78.0780549364614,228995.54,2026-01-20T15:36:17.540Z,29.000,223.000,46.4733428955078,46.000,35.6321096000433,NMEA_RMC,valid,1,tow_to_utc_nearest_gsv,2026-01-20T15:36:18.000Z,0.46,F1023_V70_D0120_P9__tow_to_utc_v1,,valid,sage-event-path-derivation-v1,sage-event-context-alignment-v1
F1023_V70_D0120_P9__G31__ch7__nav_sage_v2__ingestion_20260825_event_path_v1__event_449,F1023_V70_D0120_P9__G31__ch7__nav_sage_v2__ingestion_20260825_event_path_v1,F1023_V70_D0120_P9,G31,449,57.4979465298143,228974.96,2026-01-20T15:35:56.960Z,29.000,223.000,46.1789627075195,46.000,3.75511519998778,NMEA_RMC,valid,1,tow_to_utc_nearest_gsv,2026-01-20T15:35:57.000Z,0.04,F1023_V70_D0120_P9__tow_to_utc_v1,,valid,sage-event-path-derivation-v1,sage-event-context-alignment-v1
F1023_V70_D0120_P9__G31__ch7__nav_sage_v2__ingestion_20260825_event_path_v1__event_450,F1023_V70_D0120_P9__G31__ch7__nav_sage_v2__ingestion_20260825_event_path_v1,F1023_V70_D0120_P9,G31,450,57.517946627566,228974.98,2026-01-20T15:35:56.980Z,29.000,223.000,46.1394577026367,46.000,3.78511760001572,NMEA_RMC,valid,1,tow_to_utc_nearest_gsv,2026-01-20T15:35:57.000Z,0.02,F1023_V70_D0120_P9__tow_to_utc_v1,,valid,sage-event-path-derivation-v1,sage-event-context-alignment-v1
F1023_V70_D0120_P9__G31__ch7__nav_sage_v2__ingestion_20260825_event_path_v1__event_451,F1023_V70_D0120_P9__G31__ch7__nav_sage_v2__ingestion_20260825_event_path_v1,F1023_V70_D0120_P9,G31,451,57.5379468230694,228975,2026-01-20T15:35:57.000Z,29.000,223.000,46.1311492919922,46.000,3.81512,NMEA_RMC,valid,1,tow_to_utc_nearest_gsv,2026-01-20T15:35:57.000Z,0,F1023_V70_D0120_P9__tow_to_utc_v1,,valid,sage-event-path-derivation-v1,sage-event-context-alignment-v1
F1023_V70_D0120_P9__G31__ch7__nav_sage_v2__ingestion_20260825_event_path_v1__event_1062,F1023_V70_D0120_P9__G31__ch7__nav_sage_v2__ingestion_20260825_event_path_v1,F1023_V70_D0120_P9,G31,1062,69.7580110459433,228987.22,2026-01-20T15:36:09.220Z,29.000,223.000,45.6579093933105,45.000,19.3493256000021,NMEA_RMC,valid,1,tow_to_utc_nearest_gsv,2026-01-20T15:36:09.000Z,0.22,F1023_V70_D0120_P9__tow_to_utc_v1,,valid,sage-event-path-derivation-v1,sage-event-context-alignment-v1
F1023_V70_D0120_P9__G31__ch7__nav_sage_v2__ingestion_20260825_event_path_v1__event_1063,F1023_V70_D0120_P9__G31__ch7__nav_sage_v2__ingestion_20260825_event_path_v1,F1023_V70_D0120_P9,G31,1063,69.778011143695,228987.24,2026-01-20T15:36:09.240Z,29.000,223.000,45.7427024841309,45.000,19.3859951999829,NMEA_RMC,valid,1,tow_to_utc_nearest_gsv,2026-01-20T15:36:09.000Z,0.24,F1023_V70_D0120_P9__tow_to_utc_v1,,valid,sage-event-path-derivation-v1,sage-event-context-alignment-v1
F1023_V70_D0122_P1__G13__ch5__nav_sage_v2__ingestion_20260825_event_path_v1__event_67,F1023_V70_D0122_P1__G13__ch5__nav_sage_v2__ingestion_20260825_event_path_v1,F1023_V70_D0122_P1,G13,67,29.5502829912023,375769.32,2026-01-22T08:22:31.320Z,31.000,152.000,47.4561195373535,47.000,NaN,fallback_120_kmh,valid,1,tow_to_utc_nearest_gsv,2026-01-22T08:22:31.990Z,0.67,F1023_V70_D0122_P1__tow_to_utc_v1,,valid,sage-event-path-derivation-v1,sage-event-context-alignment-v1
F1023_V70_D0122_P1__G13__ch5__nav_sage_v2__ingestion_20260825_event_path_v1__event_68,F1023_V70_D0122_P1__G13__ch5__nav_sage_v2__ingestion_20260825_event_path_v1,F1023_V70_D0122_P1,G13,68,29.5702830889541,375769.34,2026-01-22T08:22:31.340Z,31.000,152.000,47.4728469848633,47.000,NaN,fallback_120_kmh,valid,1,tow_to_utc_nearest_gsv,2026-01-22T08:22:31.990Z,0.65,F1023_V70_D0122_P1__tow_to_utc_v1,,valid,sage-event-path-derivation-v1,sage-event-context-alignment-v1
F1023_V70_D0122_P1__G13__ch5__nav_sage_v2__ingestion_20260825_event_path_v1__event_69,F1023_V70_D0122_P1__G13__ch5__nav_sage_v2__ingestion_20260825_event_path_v1,F1023_V70_D0122_P1,G13,69,29.5902831867058,375769.36,2026-01-22T08:22:31.360Z,31.000,152.000,47.4728469848633,47.000,NaN,fallback_120_kmh,valid,1,tow_to_utc_nearest_gsv,2026-01-22T08:22:31.990Z,0.63,F1023_V70_D0122_P1__tow_to_utc_v1,,valid,sage-event-path-derivation-v1,sage-event-context-alignment-v1
F1023_V70_D0122_P1__G13__ch5__nav_sage_v2__ingestion_20260825_event_path_v1__event_208,F1023_V70_D0122_P1__G13__ch5__nav_sage_v2__ingestion_20260825_event_path_v1,F1023_V70_D0122_P1,G13,208,32.3702983382209,375772.14,2026-01-22T08:22:34.140Z,31.000,152.000,45.6379280090332,46.000,14.4807880000884,NMEA_RMC,valid,1,tow_to_utc_nearest_gsv,2026-01-22T08:22:33.990Z,0.15,F1023_V70_D0122_P1__tow_to_utc_v1,,valid,sage-event-path-derivation-v1,sage-event-context-alignment-v1
F1023_V70_D0122_P1__G13__ch5__nav_sage_v2__ingestion_20260825_event_path_v1__event_1291,F1023_V70_D0122_P1__G13__ch5__nav_sage_v2__ingestion_20260825_event_path_v1,F1023_V70_D0122_P1,G13,1291,60.0704495601173,375799.84,2026-01-22T08:23:01.840Z,30.000,152.000,46.0680084228516,46.000,35.816754000012,NMEA_RMC,valid,1,tow_to_utc_nearest_gsv,2026-01-22T08:23:01.990Z,0.15,F1023_V70_D0122_P1__tow_to_utc_v1,,valid,sage-event-path-derivation-v1,sage-event-context-alignment-v1
F1023_V70_D0122_P1__G15__ch8__nav_sage_v2__ingestion_20260825_event_path_v1__event_431,F1023_V70_D0122_P1__G15__ch8__nav_sage_v2__ingestion_20260825_event_path_v1,F1023_V70_D0122_P1,G15,431,36.8260485826002,375776.6,2026-01-22T08:22:38.600Z,46.000,190.000,48.7713050842285,49.000,37.0794475999387,NMEA_RMC,valid,1,tow_to_utc_nearest_gsv,2026-01-22T08:22:38.990Z,0.39,F1023_V70_D0122_P1__tow_to_utc_v1,,valid,sage-event-path-derivation-v1,sage-event-context-alignment-v1
F1023_V70_D0122_P1__G15__ch8__nav_sage_v2__ingestion_20260825_event_path_v1__event_432,F1023_V70_D0122_P1__G15__ch8__nav_sage_v2__ingestion_20260825_event_path_v1,F1023_V70_D0122_P1,G15,432,36.8460486803519,375776.62,2026-01-22T08:22:38.620Z,46.000,190.000,48.7800445556641,49.000,37.1287107999846,NMEA_RMC,valid,1,tow_to_utc_nearest_gsv,2026-01-22T08:22:38.990Z,0.37,F1023_V70_D0122_P1__tow_to_utc_v1,,valid,sage-event-path-derivation-v1,sage-event-context-alignment-v1
F1023_V70_D0122_P1__G15__ch8__nav_sage_v2__ingestion_20260825_event_path_v1__event_433,F1023_V70_D0122_P1__G15__ch8__nav_sage_v2__ingestion_20260825_event_path_v1,F1023_V70_D0122_P1,G15,433,36.8660487781036,375776.64,2026-01-22T08:22:38.640Z,46.000,190.000,48.8121337890625,49.000,37.1779740000305,NMEA_RMC,valid,1,tow_to_utc_nearest_gsv,2026-01-22T08:22:38.990Z,0.35,F1023_V70_D0122_P1__tow_to_utc_v1,,valid,sage-event-path-derivation-v1,sage-event-context-alignment-v1
F1023_V70_D0122_P1__G15__ch8__nav_sage_v2__ingestion_20260825_event_path_v1__event_1585,F1023_V70_D0122_P1__G15__ch8__nav_sage_v2__ingestion_20260825_event_path_v1,F1023_V70_D0122_P1,G15,1585,59.9061650048876,375799.68,2026-01-22T08:23:01.680Z,46.000,190.000,49.1197967529297,50.000,35.7367475999957,NMEA_RMC,valid,1,tow_to_utc_nearest_gsv,2026-01-22T08:23:01.990Z,0.31,F1023_V70_D0122_P1__tow_to_utc_v1,,valid,sage-event-path-derivation-v1,sage-event-context-alignment-v1
F1023_V70_D0122_P1__G15__ch8__nav_sage_v2__ingestion_20260825_event_path_v1__event_1586,F1023_V70_D0122_P1__G15__ch8__nav_sage_v2__ingestion_20260825_event_path_v1,F1023_V70_D0122_P1,G15,1586,59.9261651026393,375799.7,2026-01-22T08:23:01.700Z,46.000,190.000,49.1796913146973,50.000,35.746748400005,NMEA_RMC,valid,1,tow_to_utc_nearest_gsv,2026-01-22T08:23:01.990Z,0.29,F1023_V70_D0122_P1__tow_to_utc_v1,,valid,sage-event-path-derivation-v1,sage-event-context-alignment-v1
F1023_V70_D0122_P1__G15__ch8__nav_sage_v2__ingestion_20260825_event_path_v1__event_1587,F1023_V70_D0122_P1__G15__ch8__nav_sage_v2__ingestion_20260825_event_path_v1,F1023_V70_D0122_P1,G15,1587,59.946165200391,375799.72,2026-01-22T08:23:01.720Z,46.000,190.000,49.2285575866699,50.000,35.7567491999852,NMEA_RMC,valid,1,tow_to_utc_nearest_gsv,2026-01-22T08:23:01.990Z,0.27,F1023_V70_D0122_P1__tow_to_utc_v1,,valid,sage-event-path-derivation-v1,sage-event-context-alignment-v1
F1023_V70_D0122_P1__G17__ch2__nav_sage_v2__ingestion_20260825_event_path_v1__event_1428,F1023_V70_D0122_P1__G17__ch2__nav_sage_v2__ingestion_20260825_event_path_v1,F1023_V70_D0122_P1,G17,1428,56.7695744868035,375796.54,2026-01-22T08:22:58.540Z,38.000,78.000,44.7835922241211,45.000,36.1853020000305,NMEA_RMC,valid,1,tow_to_utc_nearest_gsv,2026-01-22T08:22:58.990Z,0.45,F1023_V70_D0122_P1__tow_to_utc_v1,,valid,sage-event-path-derivation-v1,sage-event-context-alignment-v1
F1023_V70_D0122_P1__G17__ch2__nav_sage_v2__ingestion_20260825_event_path_v1__event_1592,F1023_V70_D0122_P1__G17__ch2__nav_sage_v2__ingestion_20260825_event_path_v1,F1023_V70_D0122_P1,G17,1592,60.0495852394917,375799.82,2026-01-22T08:23:01.820Z,38.000,78.000,44.4054069519043,44.000,35.8067532000027,NMEA_RMC,valid,1,tow_to_utc_nearest_gsv,2026-01-22T08:23:01.990Z,0.17,F1023_V70_D0122_P1__tow_to_utc_v1,,valid,sage-event-path-derivation-v1,sage-event-context-alignment-v1
F1023_V70_D0122_P1__G17__ch2__nav_sage_v2__ingestion_20260825_event_path_v1__event_1318,F1023_V70_D0122_P1__G17__ch2__nav_sage_v2__ingestion_20260825_event_path_v1,F1023_V70_D0122_P1,G17,1318,54.5695673509286,375794.34,2026-01-22T08:22:56.340Z,38.000,78.000,47.1242027282715,47.000,35.5926620000494,NMEA_RMC,valid,1,tow_to_utc_nearest_gsv,2026-01-22T08:22:55.990Z,0.35,F1023_V70_D0122_P1__tow_to_utc_v1,,valid,sage-event-path-derivation-v1,sage-event-context-alignment-v1
F1023_V70_D0122_P1__G17__ch2__nav_sage_v2__ingestion_20260825_event_path_v1__event_1329,F1023_V70_D0122_P1__G17__ch2__nav_sage_v2__ingestion_20260825_event_path_v1,F1023_V70_D0122_P1,G17,1329,54.7895680351906,375794.56,2026-01-22T08:22:56.560Z,38.000,78.000,46.1675720214844,46.000,36.0449203999919,NMEA_RMC,valid,1,tow_to_utc_nearest_gsv,2026-01-22T08:22:56.990Z,0.43,F1023_V70_D0122_P1__tow_to_utc_v1,,valid,sage-event-path-derivation-v1,sage-event-context-alignment-v1
F1023_V70_D0122_P1__G17__ch2__nav_sage_v2__ingestion_20260825_event_path_v1__event_1560,F1023_V70_D0122_P1__G17__ch2__nav_sage_v2__ingestion_20260825_event_path_v1,F1023_V70_D0122_P1,G17,1560,59.4095830889541,375799.18,2026-01-22T08:23:01.180Z,38.000,78.000,44.413646697998,45.000,35.4867275999957,NMEA_RMC,valid,1,tow_to_utc_nearest_gsv,2026-01-22T08:23:00.990Z,0.19,F1023_V70_D0122_P1__tow_to_utc_v1,,valid,sage-event-path-derivation-v1,sage-event-context-alignment-v1
F1023_V70_D0122_P1__G17__ch2__nav_sage_v2__ingestion_20260825_event_path_v1__event_1562,F1023_V70_D0122_P1__G17__ch2__nav_sage_v2__ingestion_20260825_event_path_v1,F1023_V70_D0122_P1,G17,1562,59.4495832844575,375799.22,2026-01-22T08:23:01.220Z,38.000,78.000,44.2047843933105,45.000,35.5067291999852,NMEA_RMC,valid,1,tow_to_utc_nearest_gsv,2026-01-22T08:23:00.990Z,0.23,F1023_V70_D0122_P1__tow_to_utc_v1,,valid,sage-event-path-derivation-v1,sage-event-context-alignment-v1
F1023_V70_D0122_P1__G17__ch2__nav_sage_v2__ingestion_20260825_event_path_v1__event_1332,F1023_V70_D0122_P1__G17__ch2__nav_sage_v2__ingestion_20260825_event_path_v1,F1023_V70_D0122_P1,G17,1332,54.849568230694,375794.62,2026-01-22T08:22:56.620Z,38.000,78.000,46.0341644287109,46.000,36.1682635999871,NMEA_RMC,valid,1,tow_to_utc_nearest_gsv,2026-01-22T08:22:56.990Z,0.37,F1023_V70_D0122_P1__tow_to_utc_v1,,valid,sage-event-path-derivation-v1,sage-event-context-alignment-v1
F1023_V70_D0122_P1__G17__ch2__nav_sage_v2__ingestion_20260825_event_path_v1__event_1429,F1023_V70_D0122_P1__G17__ch2__nav_sage_v2__ingestion_20260825_event_path_v1,F1023_V70_D0122_P1,G17,1429,56.7895745845552,375796.56,2026-01-22T08:22:58.560Z,38.000,78.000,44.8196678161621,45.000,36.1582628000053,NMEA_RMC,valid,1,tow_to_utc_nearest_gsv,2026-01-22T08:22:58.990Z,0.43,F1023_V70_D0122_P1__tow_to_utc_v1,,valid,sage-event-path-derivation-v1,sage-event-context-alignment-v1
F1023_V70_D0122_P1__G19__ch11__nav_sage_v2__ingestion_20260825_event_path_v1__event_1434,F1023_V70_D0122_P1__G19__ch11__nav_sage_v2__ingestion_20260825_event_path_v1,F1023_V70_D0122_P1,G19,1434,56.8892281524927,375796.66,2026-01-22T08:22:58.660Z,36.000,112.000,46.1522483825684,46.000,36.0230668000368,NMEA_RMC,valid,1,tow_to_utc_nearest_gsv,2026-01-22T08:22:58.990Z,0.33,F1023_V70_D0122_P1__tow_to_utc_v1,,valid,sage-event-path-derivation-v1,sage-event-context-alignment-v1
F1023_V70_D0122_P1__G22__ch4__nav_sage_v2__ingestion_20260825_event_path_v1__event_56,F1023_V70_D0122_P1__G22__ch4__nav_sage_v2__ingestion_20260825_event_path_v1,F1023_V70_D0122_P1,G22,56,29.3297693059629,375769.1,2026-01-22T08:22:31.100Z,38.000,60.000,47.2450065612793,47.000,NaN,fallback_120_kmh,valid,1,tow_to_utc_nearest_gsv,2026-01-22T08:22:31.990Z,0.89,F1023_V70_D0122_P1__tow_to_utc_v1,,valid,sage-event-path-derivation-v1,sage-event-context-alignment-v1
F1023_V70_D0122_P1__G22__ch4__nav_sage_v2__ingestion_20260825_event_path_v1__event_57,F1023_V70_D0122_P1__G22__ch4__nav_sage_v2__ingestion_20260825_event_path_v1,F1023_V70_D0122_P1,G22,57,29.3497694037146,375769.12,2026-01-22T08:22:31.120Z,38.000,60.000,47.213565826416,47.000,NaN,fallback_120_kmh,valid,1,tow_to_utc_nearest_gsv,2026-01-22T08:22:31.990Z,0.87,F1023_V70_D0122_P1__tow_to_utc_v1,,valid,sage-event-path-derivation-v1,sage-event-context-alignment-v1
F1023_V70_D0122_P1__G22__ch4__nav_sage_v2__ingestion_20260825_event_path_v1__event_55,F1023_V70_D0122_P1__G22__ch4__nav_sage_v2__ingestion_20260825_event_path_v1,F1023_V70_D0122_P1,G22,55,29.3097692082111,375769.08,2026-01-22T08:22:31.080Z,38.000,60.000,47.2544937133789,47.000,NaN,fallback_120_kmh,valid,1,tow_to_utc_nearest_gsv,2026-01-22T08:22:31.990Z,0.91,F1023_V70_D0122_P1__tow_to_utc_v1,,valid,sage-event-path-derivation-v1,sage-event-context-alignment-v1
F1023_V70_D0122_P1__G22__ch4__nav_sage_v2__ingestion_20260825_event_path_v1__event_58,F1023_V70_D0122_P1__G22__ch4__nav_sage_v2__ingestion_20260825_event_path_v1,F1023_V70_D0122_P1,G22,58,29.3697695014663,375769.14,2026-01-22T08:22:31.140Z,38.000,60.000,47.213565826416,47.000,NaN,fallback_120_kmh,valid,1,tow_to_utc_nearest_gsv,2026-01-22T08:22:31.990Z,0.85,F1023_V70_D0122_P1__tow_to_utc_v1,,valid,sage-event-path-derivation-v1,sage-event-context-alignment-v1
F1023_V70_D0122_P1__G22__ch4__nav_sage_v2__ingestion_20260825_event_path_v1__event_1606,F1023_V70_D0122_P1__G22__ch4__nav_sage_v2__ingestion_20260825_event_path_v1,F1023_V70_D0122_P1,G22,1606,60.3299226783969,375800.1,2026-01-22T08:23:02.100Z,38.000,60.000,46.7046585083008,46.000,NaN,fallback_120_kmh,valid,1,tow_to_utc_nearest_gsv,2026-01-22T08:23:01.990Z,0.11,F1023_V70_D0122_P1__tow_to_utc_v1,,valid,sage-event-path-derivation-v1,sage-event-context-alignment-v1
F1023_V70_D0122_P1__G22__ch4__nav_sage_v2__ingestion_20260825_event_path_v1__event_1604,F1023_V70_D0122_P1__G22__ch4__nav_sage_v2__ingestion_20260825_event_path_v1,F1023_V70_D0122_P1,G22,1604,60.2899224828935,375800.06,2026-01-22T08:23:02.060Z,38.000,60.000,46.6448783874512,46.000,NaN,fallback_120_kmh,valid,1,tow_to_utc_nearest_gsv,2026-01-22T08:23:01.990Z,0.07,F1023_V70_D0122_P1__tow_to_utc_v1,,valid,sage-event-path-derivation-v1,sage-event-context-alignment-v1
F1023_V70_D0122_P1__G22__ch4__nav_sage_v2__ingestion_20260825_event_path_v1__event_446,F1023_V70_D0122_P1__G22__ch4__nav_sage_v2__ingestion_20260825_event_path_v1,F1023_V70_D0122_P1,G22,446,37.1298077223851,375776.9,2026-01-22T08:22:38.900Z,38.000,60.000,46.3623199462891,46.000,37.8183956000534,NMEA_RMC,valid,1,tow_to_utc_nearest_gsv,2026-01-22T08:22:38.990Z,0.09,F1023_V70_D0122_P1__tow_to_utc_v1,,valid,sage-event-path-derivation-v1,sage-event-context-alignment-v1
F1023_V70_D0122_P1__G22__ch4__nav_sage_v2__ingestion_20260825_event_path_v1__event_434,F1023_V70_D0122_P1__G22__ch4__nav_sage_v2__ingestion_20260825_event_path_v1,F1023_V70_D0122_P1,G22,434,36.8898065493646,375776.66,2026-01-22T08:22:38.660Z,38.000,60.000,46.3659362792969,46.000,37.227237199933,NMEA_RMC,valid,1,tow_to_utc_nearest_gsv,2026-01-22T08:22:38.990Z,0.33,F1023_V70_D0122_P1__tow_to_utc_v1,,valid,sage-event-path-derivation-v1,sage-event-context-alignment-v1
F1023_V70_D0122_P1__G24__ch7__nav_sage_v2__ingestion_20260825_event_path_v1__event_8,F1023_V70_D0122_P1__G24__ch7__nav_sage_v2__ingestion_20260825_event_path_v1,F1023_V70_D0122_P1,G24,8,28.3619551319648,375768.14,2026-01-22T08:22:30.140Z,69.000,280.000,49.2190551757812,49.000,NaN,fallback_120_kmh,valid,1,tow_to_utc_nearest_gsv,2026-01-22T08:22:31.990Z,1.85,F1023_V70_D0122_P1__tow_to_utc_v1,,valid,sage-event-path-derivation-v1,sage-event-context-alignment-v1
F1023_V70_D0122_P1__G24__ch7__nav_sage_v2__ingestion_20260825_event_path_v1__event_9,F1023_V70_D0122_P1__G24__ch7__nav_sage_v2__ingestion_20260825_event_path_v1,F1023_V70_D0122_P1,G24,9,28.3819551319648,375768.16,2026-01-22T08:22:30.160Z,69.000,280.000,49.2215347290039,49.000,NaN,fallback_120_kmh,valid,1,tow_to_utc_nearest_gsv,2026-01-22T08:22:31.990Z,1.83,F1023_V70_D0122_P1__tow_to_utc_v1,,valid,sage-event-path-derivation-v1,sage-event-context-alignment-v1
F1023_V70_D0122_P1__G24__ch7__nav_sage_v2__ingestion_20260825_event_path_v1__event_930,F1023_V70_D0122_P1__G24__ch7__nav_sage_v2__ingestion_20260825_event_path_v1,F1023_V70_D0122_P1,G24,930,46.8020001955034,375786.58,2026-01-22T08:22:48.580Z,69.000,280.000,48.5990753173828,49.000,33.6819535999869,NMEA_RMC,valid,1,tow_to_utc_nearest_gsv,2026-01-22T08:22:48.990Z,0.41,F1023_V70_D0122_P1__tow_to_utc_v1,,valid,sage-event-path-derivation-v1,sage-event-context-alignment-v1
F1023_V70_D0122_P1__G24__ch7__nav_sage_v2__ingestion_20260825_event_path_v1__event_931,F1023_V70_D0122_P1__G24__ch7__nav_sage_v2__ingestion_20260825_event_path_v1,F1023_V70_D0122_P1,G24,931,46.8220001955034,375786.6,2026-01-22T08:22:48.600Z,69.000,280.000,48.588207244873,49.000,33.6641744000221,NMEA_RMC,valid,1,tow_to_utc_nearest_gsv,2026-01-22T08:22:48.990Z,0.39,F1023_V70_D0122_P1__tow_to_utc_v1,,valid,sage-event-path-derivation-v1,sage-event-context-alignment-v1
F1023_V70_D0122_P1__G24__ch7__nav_sage_v2__ingestion_20260825_event_path_v1__event_932,F1023_V70_D0122_P1__G24__ch7__nav_sage_v2__ingestion_20260825_event_path_v1,F1023_V70_D0122_P1,G24,932,46.8420002932551,375786.62,2026-01-22T08:22:48.620Z,69.000,280.000,48.4946060180664,49.000,33.6463952000056,NMEA_RMC,valid,1,tow_to_utc_nearest_gsv,2026-01-22T08:22:48.990Z,0.37,F1023_V70_D0122_P1__tow_to_utc_v1,,valid,sage-event-path-derivation-v1,sage-event-context-alignment-v1
F1023_V70_D0122_P1__G24__ch7__nav_sage_v2__ingestion_20260825_event_path_v1__event_1361,F1023_V70_D0122_P1__G24__ch7__nav_sage_v2__ingestion_20260825_event_path_v1,F1023_V70_D0122_P1,G24,1361,55.4220213098729,375795.2,2026-01-22T08:22:57.200Z,69.000,280.000,48.7144508361816,48.000,36.92888,NMEA_RMC,valid,1,tow_to_utc_nearest_gsv,2026-01-22T08:22:56.990Z,0.21,F1023_V70_D0122_P1__tow_to_utc_v1,,valid,sage-event-path-derivation-v1,sage-event-context-alignment-v1
F1023_V70_D0122_P1__G24__ch7__nav_sage_v2__ingestion_20260825_event_path_v1__event_1362,F1023_V70_D0122_P1__G24__ch7__nav_sage_v2__ingestion_20260825_event_path_v1,F1023_V70_D0122_P1,G24,1362,55.4420214076246,375795.22,2026-01-22T08:22:57.220Z,69.000,280.000,48.7255897521973,48.000,36.92888,NMEA_RMC,valid,1,tow_to_utc_nearest_gsv,2026-01-22T08:22:56.990Z,0.23,F1023_V70_D0122_P1__tow_to_utc_v1,,valid,sage-event-path-derivation-v1,sage-event-context-alignment-v1
F1023_V70_D0122_P1__G24__ch7__nav_sage_v2__ingestion_20260825_event_path_v1__event_1363,F1023_V70_D0122_P1__G24__ch7__nav_sage_v2__ingestion_20260825_event_path_v1,F1023_V70_D0122_P1,G24,1363,55.4620214076246,375795.24,2026-01-22T08:22:57.240Z,69.000,280.000,48.7582168579102,48.000,36.92888,NMEA_RMC,valid,1,tow_to_utc_nearest_gsv,2026-01-22T08:22:56.990Z,0.25,F1023_V70_D0122_P1__tow_to_utc_v1,,valid,sage-event-path-derivation-v1,sage-event-context-alignment-v1
F1023_V70_D0122_P2__G12__ch2__nav_sage_v2__ingestion_20260825_event_path_v1__event_594,F1023_V70_D0122_P2__G12__ch2__nav_sage_v2__ingestion_20260825_event_path_v1,F1023_V70_D0122_P2,G12,594,44.4880396871945,376295.86,2026-01-22T08:31:17.860Z,,,39.3924598693848,,32.4683380001024,NMEA_RMC,unavailable,0,tow_to_utc_nearest_gsv,,,F1023_V70_D0122_P2__tow_to_utc_v1,geometry_prn_missing_in_timeseries,warning,sage-event-path-derivation-v1,sage-event-context-alignment-v1
F1023_V70_D0122_P2__G12__ch2__nav_sage_v2__ingestion_20260825_event_path_v1__event_451,F1023_V70_D0122_P2__G12__ch2__nav_sage_v2__ingestion_20260825_event_path_v1,F1023_V70_D0122_P2,G12,451,41.6280363636364,376293,2026-01-22T08:31:15.000Z,,,40.3179664611816,,38.916631599999,NMEA_RMC,unavailable,0,tow_to_utc_nearest_gsv,,,F1023_V70_D0122_P2__tow_to_utc_v1,geometry_prn_missing_in_timeseries,warning,sage-event-path-derivation-v1,sage-event-context-alignment-v1
F1023_V70_D0122_P2__G12__ch2__nav_sage_v2__ingestion_20260825_event_path_v1__event_535,F1023_V70_D0122_P2__G12__ch2__nav_sage_v2__ingestion_20260825_event_path_v1,F1023_V70_D0122_P2,G12,535,43.3080383186706,376294.68,2026-01-22T08:31:16.680Z,,,40.2840385437012,,38.6016064000114,NMEA_RMC,unavailable,0,tow_to_utc_nearest_gsv,,,F1023_V70_D0122_P2__tow_to_utc_v1,geometry_prn_missing_in_timeseries,warning,sage-event-path-derivation-v1,sage-event-context-alignment-v1
F1023_V70_D0122_P2__G12__ch2__nav_sage_v2__ingestion_20260825_event_path_v1__event_653,F1023_V70_D0122_P2__G12__ch2__nav_sage_v2__ingestion_20260825_event_path_v1,F1023_V70_D0122_P2,G12,653,45.6680410557185,376297.04,2026-01-22T08:31:19.040Z,,,37.7176361083984,,32.4822279999173,NMEA_RMC,unavailable,0,tow_to_utc_nearest_gsv,,,F1023_V70_D0122_P2__tow_to_utc_v1,geometry_prn_missing_in_timeseries,warning,sage-event-path-derivation-v1,sage-event-context-alignment-v1
F1023_V70_D0122_P2__G12__ch2__nav_sage_v2__ingestion_20260825_event_path_v1__event_694,F1023_V70_D0122_P2__G12__ch2__nav_sage_v2__ingestion_20260825_event_path_v1,F1023_V70_D0122_P2,G12,694,46.4880420332356,376297.86,2026-01-22T08:31:19.860Z,,,39.5062026977539,,35.4891351999429,NMEA_RMC,unavailable,0,tow_to_utc_nearest_gsv,,,F1023_V70_D0122_P2__tow_to_utc_v1,geometry_prn_missing_in_timeseries,warning,sage-event-path-derivation-v1,sage-event-context-alignment-v1
F1023_V70_D0122_P2__G12__ch2__nav_sage_v2__ingestion_20260825_event_path_v1__event_848,F1023_V70_D0122_P2__G12__ch2__nav_sage_v2__ingestion_20260825_event_path_v1,F1023_V70_D0122_P2,G12,848,49.5680456500489,376300.94,2026-01-22T08:31:22.940Z,,,37.5796012878418,,31.3626940000004,NMEA_RMC,unavailable,0,tow_to_utc_nearest_gsv,,,F1023_V70_D0122_P2__tow_to_utc_v1,geometry_prn_missing_in_timeseries,warning,sage-event-path-derivation-v1,sage-event-context-alignment-v1
F1023_V70_D0122_P2__G12__ch2__nav_sage_v2__ingestion_20260825_event_path_v1__event_471,F1023_V70_D0122_P2__G12__ch2__nav_sage_v2__ingestion_20260825_event_path_v1,F1023_V70_D0122_P2,G12,471,42.0280368523949,376293.4,2026-01-22T08:31:15.400Z,,,40.5836639404297,,39.1610956000133,NMEA_RMC,unavailable,0,tow_to_utc_nearest_gsv,,,F1023_V70_D0122_P2__tow_to_utc_v1,geometry_prn_missing_in_timeseries,warning,sage-event-path-derivation-v1,sage-event-context-alignment-v1
F1023_V70_D0122_P2__G12__ch2__nav_sage_v2__ingestion_20260825_event_path_v1__event_595,F1023_V70_D0122_P2__G12__ch2__nav_sage_v2__ingestion_20260825_event_path_v1,F1023_V70_D0122_P2,G12,595,44.5080396871945,376295.88,2026-01-22T08:31:17.880Z,,,39.5491676330566,,32.3368459999799,NMEA_RMC,unavailable,0,tow_to_utc_nearest_gsv,,,F1023_V70_D0122_P2__tow_to_utc_v1,geometry_prn_missing_in_timeseries,warning,sage-event-path-derivation-v1,sage-event-context-alignment-v1
F1023_V70_D0122_P2__G19__ch11__nav_sage_v2__ingestion_20260825_event_path_v1__event_4191,F1023_V70_D0122_P2__G19__ch11__nav_sage_v2__ingestion_20260825_event_path_v1,F1023_V70_D0122_P2,G19,4191,116.466800391007,376367.84,2026-01-22T08:32:29.840Z,39.000,107.000,41.8709945678711,42.000,19.1783859999391,NMEA_RMC,valid,1,tow_to_utc_nearest_gsv,2026-01-22T08:32:29.990Z,0.15,F1023_V70_D0122_P2__tow_to_utc_v1,,valid,sage-event-path-derivation-v1,sage-event-context-alignment-v1
F1023_V70_D0122_P2__G19__ch11__nav_sage_v2__ingestion_20260825_event_path_v1__event_4189,F1023_V70_D0122_P2__G19__ch11__nav_sage_v2__ingestion_20260825_event_path_v1,F1023_V70_D0122_P2,G19,4189,116.426800293255,376367.8,2026-01-22T08:32:29.800Z,39.000,107.000,41.5389671325684,42.000,19.2798756000336,NMEA_RMC,valid,1,tow_to_utc_nearest_gsv,2026-01-22T08:32:29.990Z,0.19,F1023_V70_D0122_P2__tow_to_utc_v1,,valid,sage-event-path-derivation-v1,sage-event-context-alignment-v1
F1023_V70_D0122_P2__G19__ch11__nav_sage_v2__ingestion_20260825_event_path_v1__event_4190,F1023_V70_D0122_P2__G19__ch11__nav_sage_v2__ingestion_20260825_event_path_v1,F1023_V70_D0122_P2,G19,4190,116.446800293255,376367.82,2026-01-22T08:32:29.820Z,39.000,107.000,41.6980209350586,42.000,19.2291307999863,NMEA_RMC,valid,1,tow_to_utc_nearest_gsv,2026-01-22T08:32:29.990Z,0.17,F1023_V70_D0122_P2__tow_to_utc_v1,,valid,sage-event-path-derivation-v1,sage-event-context-alignment-v1
F1023_V70_D0122_P2__G19__ch11__nav_sage_v2__ingestion_20260825_event_path_v1__event_3267,F1023_V70_D0122_P2__G19__ch11__nav_sage_v2__ingestion_20260825_event_path_v1,F1023_V70_D0122_P2,G19,3267,97.9867595307918,376349.36,2026-01-22T08:32:11.360Z,39.000,107.000,44.4780921936035,44.000,14.9576780001312,NMEA_RMC,valid,1,tow_to_utc_nearest_gsv,2026-01-22T08:32:10.990Z,0.37,F1023_V70_D0122_P2__tow_to_utc_v1,,valid,sage-event-path-derivation-v1,sage-event-context-alignment-v1
F1023_V70_D0122_P2__G23__ch10__nav_sage_v2__ingestion_20260825_event_path_v1__event_987,F1023_V70_D0122_P2__G23__ch10__nav_sage_v2__ingestion_20260825_event_path_v1,F1023_V70_D0122_P2,G23,987,46.3501231671554,376297.72,2026-01-22T08:31:19.720Z,23.000,264.000,37.4584426879883,36.000,34.9757607998917,NMEA_RMC,valid,1,tow_to_utc_nearest_gsv,2026-01-22T08:31:19.990Z,0.27,F1023_V70_D0122_P2__tow_to_utc_v1,,valid,sage-event-path-derivation-v1,sage-event-context-alignment-v1
F1023_V70_D0122_P2__G23__ch10__nav_sage_v2__ingestion_20260825_event_path_v1__event_889,F1023_V70_D0122_P2__G23__ch10__nav_sage_v2__ingestion_20260825_event_path_v1,F1023_V70_D0122_P2,G23,889,44.3901139784946,376295.76,2026-01-22T08:31:17.760Z,23.000,264.000,39.1422462463379,40.000,33.1257979999493,NMEA_RMC,valid,1,tow_to_utc_nearest_gsv,2026-01-22T08:31:17.990Z,0.23,F1023_V70_D0122_P2__tow_to_utc_v1,,valid,sage-event-path-derivation-v1,sage-event-context-alignment-v1
F1023_V70_D0122_P2__G23__ch10__nav_sage_v2__ingestion_20260825_event_path_v1__event_1071,F1023_V70_D0122_P2__G23__ch10__nav_sage_v2__ingestion_20260825_event_path_v1,F1023_V70_D0122_P2,G23,1071,48.030131085044,376299.4,2026-01-22T08:31:21.400Z,23.000,264.000,35.2590522766113,40.000,42.2357859995804,NMEA_RMC,valid,1,tow_to_utc_nearest_gsv,2026-01-22T08:31:20.990Z,0.41,F1023_V70_D0122_P2__tow_to_utc_v1,,valid,sage-event-path-derivation-v1,sage-event-context-alignment-v1
F1023_V70_D0122_P2__G23__ch10__nav_sage_v2__ingestion_20260825_event_path_v1__event_2143,F1023_V70_D0122_P2__G23__ch10__nav_sage_v2__ingestion_20260825_event_path_v1,F1023_V70_D0122_P2,G23,2143,99.5103700879765,376350.88,2026-01-22T08:32:12.880Z,23.000,264.000,45.5649642944336,46.000,13.8355512000144,NMEA_RMC,valid,1,tow_to_utc_nearest_gsv,2026-01-22T08:32:12.990Z,0.11,F1023_V70_D0122_P2__tow_to_utc_v1,,valid,sage-event-path-derivation-v1,sage-event-context-alignment-v1
F1023_V70_D0122_P2__G23__ch10__nav_sage_v2__ingestion_20260825_event_path_v1__event_877,F1023_V70_D0122_P2__G23__ch10__nav_sage_v2__ingestion_20260825_event_path_v1,F1023_V70_D0122_P2,G23,877,44.1501129032258,376295.52,2026-01-22T08:31:17.520Z,23.000,264.000,38.6976013183594,40.000,34.7037019998881,NMEA_RMC,valid,1,tow_to_utc_nearest_gsv,2026-01-22T08:31:17.990Z,0.47,F1023_V70_D0122_P2__tow_to_utc_v1,,valid,sage-event-path-derivation-v1,sage-event-context-alignment-v1
F1023_V70_D0122_P2__G23__ch10__nav_sage_v2__ingestion_20260825_event_path_v1__event_878,F1023_V70_D0122_P2__G23__ch10__nav_sage_v2__ingestion_20260825_event_path_v1,F1023_V70_D0122_P2,G23,878,44.1701129032258,376295.54,2026-01-22T08:31:17.540Z,23.000,264.000,38.7311820983887,40.000,34.5722100001483,NMEA_RMC,valid,1,tow_to_utc_nearest_gsv,2026-01-22T08:31:17.990Z,0.45,F1023_V70_D0122_P2__tow_to_utc_v1,,valid,sage-event-path-derivation-v1,sage-event-context-alignment-v1
F1023_V70_D0122_P2__G23__ch10__nav_sage_v2__ingestion_20260825_event_path_v1__event_888,F1023_V70_D0122_P2__G23__ch10__nav_sage_v2__ingestion_20260825_event_path_v1,F1023_V70_D0122_P2,G23,888,44.3701138807429,376295.74,2026-01-22T08:31:17.740Z,23.000,264.000,39.1422462463379,40.000,33.2572900000718,NMEA_RMC,valid,1,tow_to_utc_nearest_gsv,2026-01-22T08:31:17.990Z,0.25,F1023_V70_D0122_P2__tow_to_utc_v1,,valid,sage-event-path-derivation-v1,sage-event-context-alignment-v1
F1023_V70_D0122_P2__G23__ch10__nav_sage_v2__ingestion_20260825_event_path_v1__event_891,F1023_V70_D0122_P2__G23__ch10__nav_sage_v2__ingestion_20260825_event_path_v1,F1023_V70_D0122_P2,G23,891,44.430114173998,376295.8,2026-01-22T08:31:17.800Z,23.000,264.000,39.0988349914551,40.000,32.8628140000871,NMEA_RMC,valid,1,tow_to_utc_nearest_gsv,2026-01-22T08:31:17.990Z,0.19,F1023_V70_D0122_P2__tow_to_utc_v1,,valid,sage-event-path-derivation-v1,sage-event-context-alignment-v1
F1023_V70_D0122_P2__G24__ch3__nav_sage_v2__ingestion_20260825_event_path_v1__event_2198,F1023_V70_D0122_P2__G24__ch3__nav_sage_v2__ingestion_20260825_event_path_v1,F1023_V70_D0122_P2,G24,2198,70.559780742913,376321.94,2026-01-22T08:31:43.940Z,,,47.2888336181641,,30.6892667567568,NMEA_RMC,inconclusive,0,tow_to_utc_nearest_gsv,2026-01-22T08:32:00.990Z,17.05,F1023_V70_D0122_P2__tow_to_utc_v1,nearest_geometry_delta_exceeds_5s,warning,sage-event-path-derivation-v1,sage-event-context-alignment-v1
F1023_V70_D0122_P2__G24__ch3__nav_sage_v2__ingestion_20260825_event_path_v1__event_2199,F1023_V70_D0122_P2__G24__ch3__nav_sage_v2__ingestion_20260825_event_path_v1,F1023_V70_D0122_P2,G24,2199,70.5797808406647,376321.96,2026-01-22T08:31:43.960Z,,,47.2422027587891,,30.6894169189191,NMEA_RMC,inconclusive,0,tow_to_utc_nearest_gsv,2026-01-22T08:32:00.990Z,17.03,F1023_V70_D0122_P2__tow_to_utc_v1,nearest_geometry_delta_exceeds_5s,warning,sage-event-path-derivation-v1,sage-event-context-alignment-v1
F1023_V70_D0122_P2__G24__ch3__nav_sage_v2__ingestion_20260825_event_path_v1__event_2197,F1023_V70_D0122_P2__G24__ch3__nav_sage_v2__ingestion_20260825_event_path_v1,F1023_V70_D0122_P2,G24,2197,70.539780742913,376321.92,2026-01-22T08:31:43.920Z,,,47.4140892028809,,30.6891165945945,NMEA_RMC,inconclusive,0,tow_to_utc_nearest_gsv,2026-01-22T08:32:00.990Z,17.07,F1023_V70_D0122_P2__tow_to_utc_v1,nearest_geometry_delta_exceeds_5s,warning,sage-event-path-derivation-v1,sage-event-context-alignment-v1
F1023_V70_D0122_P2__G24__ch3__nav_sage_v2__ingestion_20260825_event_path_v1__event_3071,F1023_V70_D0122_P2__G24__ch3__nav_sage_v2__ingestion_20260825_event_path_v1,F1023_V70_D0122_P2,G24,3071,88.0198285434995,376339.4,2026-01-22T08:32:01.400Z,74.000,279.000,47.2977294921875,47.000,33.3610020001345,NMEA_RMC,valid,1,tow_to_utc_nearest_gsv,2026-01-22T08:32:00.990Z,0.41,F1023_V70_D0122_P2__tow_to_utc_v1,,valid,sage-event-path-derivation-v1,sage-event-context-alignment-v1
F1023_V70_D0122_P2__G24__ch3__nav_sage_v2__ingestion_20260825_event_path_v1__event_3330,F1023_V70_D0122_P2__G24__ch3__nav_sage_v2__ingestion_20260825_event_path_v1,F1023_V70_D0122_P2,G24,3330,93.1998427174976,376344.58,2026-01-22T08:32:06.580Z,74.000,279.000,42.9396591186523,42.000,18.5477800000136,NMEA_RMC,valid,1,tow_to_utc_nearest_gsv,2026-01-22T08:32:06.990Z,0.41,F1023_V70_D0122_P2__tow_to_utc_v1,,valid,sage-event-path-derivation-v1,sage-event-context-alignment-v1
F1023_V70_D0122_P2__G24__ch3__nav_sage_v2__ingestion_20260825_event_path_v1__event_3332,F1023_V70_D0122_P2__G24__ch3__nav_sage_v2__ingestion_20260825_event_path_v1,F1023_V70_D0122_P2,G24,3332,93.2398428152493,376344.62,2026-01-22T08:32:06.620Z,74.000,279.000,42.9301300048828,42.000,18.5848199999942,NMEA_RMC,valid,1,tow_to_utc_nearest_gsv,2026-01-22T08:32:06.990Z,0.37,F1023_V70_D0122_P2__tow_to_utc_v1,,valid,sage-event-path-derivation-v1,sage-event-context-alignment-v1
F1023_V70_D0122_P2__G24__ch3__nav_sage_v2__ingestion_20260825_event_path_v1__event_1493,F1023_V70_D0122_P2__G24__ch3__nav_sage_v2__ingestion_20260825_event_path_v1,F1023_V70_D0122_P2,G24,1493,56.4597423264907,376307.84,2026-01-22T08:31:29.840Z,,,47.5503921508789,,30.5834024324326,NMEA_RMC,inconclusive,0,tow_to_utc_nearest_gsv,2026-01-22T08:31:23.990Z,5.85,F1023_V70_D0122_P2__tow_to_utc_v1,nearest_geometry_delta_exceeds_5s,warning,sage-event-path-derivation-v1,sage-event-context-alignment-v1
F1023_V70_D0122_P2__G24__ch3__nav_sage_v2__ingestion_20260825_event_path_v1__event_3317,F1023_V70_D0122_P2__G24__ch3__nav_sage_v2__ingestion_20260825_event_path_v1,F1023_V70_D0122_P2,G24,3317,92.9398420332356,376344.32,2026-01-22T08:32:06.320Z,74.000,279.000,44.2211227416992,45.000,18.307020000005,NMEA_RMC,valid,1,tow_to_utc_nearest_gsv,2026-01-22T08:32:05.990Z,0.33,F1023_V70_D0122_P2__tow_to_utc_v1,,valid,sage-event-path-derivation-v1,sage-event-context-alignment-v1
F1023_V80_D0117_P8__G12__ch4__nav_sage_v2__ingestion_20260825_event_path_v1__event_395,F1023_V80_D0117_P8__G12__ch4__nav_sage_v2__ingestion_20260825_event_path_v1,F1023_V80_D0117_P8,G12,395,48.7446337243402,564073.88,2026-01-17T12:40:55.880Z,38.000,89.000,42.008186340332,42.000,38.5682703999464,NMEA_RMC,valid,1,tow_to_utc_nearest_gsv,2026-01-17T12:40:55.990Z,0.11,F1023_V80_D0117_P8__tow_to_utc_v1,,valid,sage-event-path-derivation-v1,sage-event-context-alignment-v1
F1023_V80_D0117_P8__G12__ch4__nav_sage_v2__ingestion_20260825_event_path_v1__event_475,F1023_V80_D0117_P8__G12__ch4__nav_sage_v2__ingestion_20260825_event_path_v1,F1023_V80_D0117_P8,G12,475,50.3446417399805,564075.48,2026-01-17T12:40:57.480Z,38.000,89.000,44.8980903625488,47.000,37.333171599918,NMEA_RMC,valid,1,tow_to_utc_nearest_gsv,2026-01-17T12:40:56.990Z,0.49,F1023_V80_D0117_P8__tow_to_utc_v1,,valid,sage-event-path-derivation-v1,sage-event-context-alignment-v1
F1023_V80_D0117_P8__G28__ch6__nav_sage_v2__ingestion_20260825_event_path_v1__event_431,F1023_V80_D0117_P8__G28__ch6__nav_sage_v2__ingestion_20260825_event_path_v1,F1023_V80_D0117_P8,G28,431,49.4624600195503,564074.6,2026-01-17T12:40:56.600Z,50.000,297.000,45.2673225402832,45.000,35.993620000059,NMEA_RMC,valid,1,tow_to_utc_nearest_gsv,2026-01-17T12:40:56.990Z,0.39,F1023_V80_D0117_P8__tow_to_utc_v1,,valid,sage-event-path-derivation-v1,sage-event-context-alignment-v1
F1023_V80_D0117_P8__G28__ch6__nav_sage_v2__ingestion_20260825_event_path_v1__event_432,F1023_V80_D0117_P8__G28__ch6__nav_sage_v2__ingestion_20260825_event_path_v1,F1023_V80_D0117_P8,G28,432,49.4824600195503,564074.62,2026-01-17T12:40:56.620Z,50.000,297.000,45.240795135498,45.000,35.9380600000073,NMEA_RMC,valid,1,tow_to_utc_nearest_gsv,2026-01-17T12:40:56.990Z,0.37,F1023_V80_D0117_P8__tow_to_utc_v1,,valid,sage-event-path-derivation-v1,sage-event-context-alignment-v1
F1023_V80_D0117_P8__G28__ch6__nav_sage_v2__ingestion_20260825_event_path_v1__event_433,F1023_V80_D0117_P8__G28__ch6__nav_sage_v2__ingestion_20260825_event_path_v1,F1023_V80_D0117_P8,G28,433,49.5024600195503,564074.64,2026-01-17T12:40:56.640Z,50.000,297.000,45.0790634155273,45.000,35.8824999999555,NMEA_RMC,valid,1,tow_to_utc_nearest_gsv,2026-01-17T12:40:56.990Z,0.35,F1023_V80_D0117_P8__tow_to_utc_v1,,valid,sage-event-path-derivation-v1,sage-event-context-alignment-v1
F1023_V80_D0117_P8__G28__ch6__nav_sage_v2__ingestion_20260825_event_path_v1__event_1067,F1023_V80_D0117_P8__G28__ch6__nav_sage_v2__ingestion_20260825_event_path_v1,F1023_V80_D0117_P8,G28,1067,62.1824875855327,564087.32,2026-01-17T12:41:09.320Z,50.000,297.000,42.8028793334961,44.000,311.85846517723,NMEA_RMC,valid,1,tow_to_utc_nearest_gsv,2026-01-17T12:41:08.990Z,0.33,F1023_V80_D0117_P8__tow_to_utc_v1,,valid,sage-event-path-derivation-v1,sage-event-context-alignment-v1
F1023_V80_D0117_P8__G28__ch6__nav_sage_v2__ingestion_20260825_event_path_v1__event_434,F1023_V80_D0117_P8__G28__ch6__nav_sage_v2__ingestion_20260825_event_path_v1,F1023_V80_D0117_P8,G28,434,49.5224601173021,564074.66,2026-01-17T12:40:56.660Z,50.000,297.000,45.0403442382812,45.000,35.8269399999038,NMEA_RMC,valid,1,tow_to_utc_nearest_gsv,2026-01-17T12:40:56.990Z,0.33,F1023_V80_D0117_P8__tow_to_utc_v1,,valid,sage-event-path-derivation-v1,sage-event-context-alignment-v1
F1023_V80_D0117_P8__G28__ch6__nav_sage_v2__ingestion_20260825_event_path_v1__event_1035,F1023_V80_D0117_P8__G28__ch6__nav_sage_v2__ingestion_20260825_event_path_v1,F1023_V80_D0117_P8,G28,1035,61.5424862170088,564086.68,2026-01-17T12:41:08.680Z,50.000,297.000,43.3638801574707,44.000,125.67875720574,NMEA_RMC,valid,1,tow_to_utc_nearest_gsv,2026-01-17T12:41:08.990Z,0.31,F1023_V80_D0117_P8__tow_to_utc_v1,,valid,sage-event-path-derivation-v1,sage-event-context-alignment-v1
F1023_V80_D0117_P8__G28__ch6__nav_sage_v2__ingestion_20260825_event_path_v1__event_1036,F1023_V80_D0117_P8__G28__ch6__nav_sage_v2__ingestion_20260825_event_path_v1,F1023_V80_D0117_P8,G28,1036,61.5624862170088,564086.7,2026-01-17T12:41:08.700Z,50.000,297.000,43.3638801574707,44.000,127.834114795201,NMEA_RMC,valid,1,tow_to_utc_nearest_gsv,2026-01-17T12:41:08.990Z,0.29,F1023_V80_D0117_P8__tow_to_utc_v1,,valid,sage-event-path-derivation-v1,sage-event-context-alignment-v1
F1023_V80_D0117_P8__G28__ch6__nav_sage_v2__ingestion_20260825_event_path_v1__event_95,F1023_V80_D0117_P8__G28__ch6__nav_sage_v2__ingestion_20260825_event_path_v1,F1023_V80_D0117_P8,G28,95,42.7424453567937,564067.88,2026-01-17T12:40:49.880Z,50.000,297.000,43.9193420410156,44.000,NaN,fallback_120_kmh,valid,1,tow_to_utc_nearest_gsv,2026-01-17T12:40:49.990Z,0.11,F1023_V80_D0117_P8__tow_to_utc_v1,,valid,sage-event-path-derivation-v1,sage-event-context-alignment-v1
F1023_V80_D0117_P8__G29__ch9__nav_sage_v2__ingestion_20260825_event_path_v1__event_457,F1023_V80_D0117_P8__G29__ch9__nav_sage_v2__ingestion_20260825_event_path_v1,F1023_V80_D0117_P8,G29,457,49.979777028348,564075.12,2026-01-17T12:40:57.120Z,67.000,209.000,46.6960067749023,47.000,35.5530291999871,NMEA_RMC,valid,1,tow_to_utc_nearest_gsv,2026-01-17T12:40:56.990Z,0.13,F1023_V80_D0117_P8__tow_to_utc_v1,,valid,sage-event-path-derivation-v1,sage-event-context-alignment-v1
F1023_V80_D0117_P8__G29__ch9__nav_sage_v2__ingestion_20260825_event_path_v1__event_458,F1023_V80_D0117_P8__G29__ch9__nav_sage_v2__ingestion_20260825_event_path_v1,F1023_V80_D0117_P8,G29,458,49.999777028348,564075.14,2026-01-17T12:40:57.140Z,67.000,209.000,46.6960067749023,47.000,35.6519260000792,NMEA_RMC,valid,1,tow_to_utc_nearest_gsv,2026-01-17T12:40:56.990Z,0.15,F1023_V80_D0117_P8__tow_to_utc_v1,,valid,sage-event-path-derivation-v1,sage-event-context-alignment-v1
F1023_V80_D0117_P8__G29__ch9__nav_sage_v2__ingestion_20260825_event_path_v1__event_459,F1023_V80_D0117_P8__G29__ch9__nav_sage_v2__ingestion_20260825_event_path_v1,F1023_V80_D0117_P8,G29,459,50.0197771260997,564075.16,2026-01-17T12:40:57.160Z,67.000,209.000,46.7226409912109,47.000,35.7508228001713,NMEA_RMC,valid,1,tow_to_utc_nearest_gsv,2026-01-17T12:40:56.990Z,0.17,F1023_V80_D0117_P8__tow_to_utc_v1,,valid,sage-event-path-derivation-v1,sage-event-context-alignment-v1
F1023_V80_D0117_P8__G29__ch9__nav_sage_v2__ingestion_20260825_event_path_v1__event_1066,F1023_V80_D0117_P8__G29__ch9__nav_sage_v2__ingestion_20260825_event_path_v1,F1023_V80_D0117_P8,G29,1066,62.1598053763441,564087.3,2026-01-17T12:41:09.300Z,67.000,209.000,44.8103141784668,44.000,302.599576422501,NMEA_RMC,valid,1,tow_to_utc_nearest_gsv,2026-01-17T12:41:08.990Z,0.31,F1023_V80_D0117_P8__tow_to_utc_v1,,valid,sage-event-path-derivation-v1,sage-event-context-alignment-v1
F1023_V80_D0117_P8__G29__ch9__nav_sage_v2__ingestion_20260825_event_path_v1__event_1067,F1023_V80_D0117_P8__G29__ch9__nav_sage_v2__ingestion_20260825_event_path_v1,F1023_V80_D0117_P8,G29,1067,62.1798054740958,564087.32,2026-01-17T12:41:09.320Z,67.000,209.000,44.837833404541,44.000,311.85846517723,NMEA_RMC,valid,1,tow_to_utc_nearest_gsv,2026-01-17T12:41:08.990Z,0.33,F1023_V80_D0117_P8__tow_to_utc_v1,,valid,sage-event-path-derivation-v1,sage-event-context-alignment-v1
F1023_V80_D0117_P8__G29__ch9__nav_sage_v2__ingestion_20260825_event_path_v1__event_1068,F1023_V80_D0117_P8__G29__ch9__nav_sage_v2__ingestion_20260825_event_path_v1,F1023_V80_D0117_P8,G29,1068,62.1998054740958,564087.34,2026-01-17T12:41:09.340Z,67.000,209.000,44.8667373657227,44.000,321.117353985853,NMEA_RMC,valid,1,tow_to_utc_nearest_gsv,2026-01-17T12:41:08.990Z,0.35,F1023_V80_D0117_P8__tow_to_utc_v1,,valid,sage-event-path-derivation-v1,sage-event-context-alignment-v1
F1023_V80_D0117_P8__G29__ch9__nav_sage_v2__ingestion_20260825_event_path_v1__event_734,F1023_V80_D0117_P8__G29__ch9__nav_sage_v2__ingestion_20260825_event_path_v1,F1023_V80_D0117_P8,G29,734,55.5197899315738,564080.66,2026-01-17T12:41:02.660Z,67.000,209.000,44.1071281433105,44.000,39.4194495999641,NMEA_RMC,valid,1,tow_to_utc_nearest_gsv,2026-01-17T12:41:02.990Z,0.33,F1023_V80_D0117_P8__tow_to_utc_v1,,valid,sage-event-path-derivation-v1,sage-event-context-alignment-v1
F1023_V80_D0117_P8__G29__ch9__nav_sage_v2__ingestion_20260825_event_path_v1__event_733,F1023_V80_D0117_P8__G29__ch9__nav_sage_v2__ingestion_20260825_event_path_v1,F1023_V80_D0117_P8,G29,733,55.4997898338221,564080.64,2026-01-17T12:41:02.640Z,67.000,209.000,44.0820960998535,44.000,39.4401919999834,NMEA_RMC,valid,1,tow_to_utc_nearest_gsv,2026-01-17T12:41:02.990Z,0.35,F1023_V80_D0117_P8__tow_to_utc_v1,,valid,sage-event-path-derivation-v1,sage-event-context-alignment-v1
F1023_v90_D0117_P7__G12__ch10__nav_sage_v2__ingestion_20260825_event_path_v1__event_56,F1023_v90_D0117_P7__G12__ch10__nav_sage_v2__ingestion_20260825_event_path_v1,F1023_v90_D0117_P7,G12,56,30.2226476050831,563839.1,2026-01-17T12:37:01.100Z,39.000,87.000,46.5498008728027,46.000,NaN,fallback_120_kmh,valid,1,tow_to_utc_nearest_gsv,2026-01-17T12:37:01.990Z,0.89,F1023_v90_D0117_P7__tow_to_utc_v1,,valid,sage-event-path-derivation-v1,sage-event-context-alignment-v1
F1023_v90_D0117_P7__G12__ch10__nav_sage_v2__ingestion_20260825_event_path_v1__event_57,F1023_v90_D0117_P7__G12__ch10__nav_sage_v2__ingestion_20260825_event_path_v1,F1023_v90_D0117_P7,G12,57,30.2426477028348,563839.12,2026-01-17T12:37:01.120Z,39.000,87.000,46.5289764404297,46.000,NaN,fallback_120_kmh,valid,1,tow_to_utc_nearest_gsv,2026-01-17T12:37:01.990Z,0.87,F1023_v90_D0117_P7__tow_to_utc_v1,,valid,sage-event-path-derivation-v1,sage-event-context-alignment-v1
F1023_v90_D0117_P7__G12__ch10__nav_sage_v2__ingestion_20260825_event_path_v1__event_58,F1023_v90_D0117_P7__G12__ch10__nav_sage_v2__ingestion_20260825_event_path_v1,F1023_v90_D0117_P7,G12,58,30.2626478005865,563839.14,2026-01-17T12:37:01.140Z,39.000,87.000,46.5289764404297,46.000,NaN,fallback_120_kmh,valid,1,tow_to_utc_nearest_gsv,2026-01-17T12:37:01.990Z,0.85,F1023_v90_D0117_P7__tow_to_utc_v1,,valid,sage-event-path-derivation-v1,sage-event-context-alignment-v1
F1023_v90_D0117_P7__G12__ch10__nav_sage_v2__ingestion_20260825_event_path_v1__event_82,F1023_v90_D0117_P7__G12__ch10__nav_sage_v2__ingestion_20260825_event_path_v1,F1023_v90_D0117_P7,G12,82,30.7426502443793,563839.62,2026-01-17T12:37:01.620Z,39.000,87.000,46.7891044616699,46.000,NaN,fallback_120_kmh,valid,1,tow_to_utc_nearest_gsv,2026-01-17T12:37:01.990Z,0.37,F1023_v90_D0117_P7__tow_to_utc_v1,,valid,sage-event-path-derivation-v1,sage-event-context-alignment-v1
F1023_v90_D0117_P7__G25__ch0__nav_sage_v2__ingestion_20260825_event_path_v1__event_45,F1023_v90_D0117_P7__G25__ch0__nav_sage_v2__ingestion_20260825_event_path_v1,F1023_v90_D0117_P7,G25,45,29.9952290322581,563838.88,2026-01-17T12:37:00.880Z,80.000,57.000,47.2686462402344,48.000,NaN,fallback_120_kmh,valid,1,tow_to_utc_nearest_gsv,2026-01-17T12:37:01.990Z,1.11,F1023_v90_D0117_P7__tow_to_utc_v1,,valid,sage-event-path-derivation-v1,sage-event-context-alignment-v1
F1023_v90_D0117_P7__G25__ch0__nav_sage_v2__ingestion_20260825_event_path_v1__event_46,F1023_v90_D0117_P7__G25__ch0__nav_sage_v2__ingestion_20260825_event_path_v1,F1023_v90_D0117_P7,G25,46,30.0152290322581,563838.9,2026-01-17T12:37:00.900Z,80.000,57.000,47.288257598877,48.000,NaN,fallback_120_kmh,valid,1,tow_to_utc_nearest_gsv,2026-01-17T12:37:01.990Z,1.09,F1023_v90_D0117_P7__tow_to_utc_v1,,valid,sage-event-path-derivation-v1,sage-event-context-alignment-v1
F1023_v90_D0117_P7__G25__ch0__nav_sage_v2__ingestion_20260825_event_path_v1__event_47,F1023_v90_D0117_P7__G25__ch0__nav_sage_v2__ingestion_20260825_event_path_v1,F1023_v90_D0117_P7,G25,47,30.0352291300098,563838.92,2026-01-17T12:37:00.920Z,80.000,57.000,47.3177375793457,48.000,NaN,fallback_120_kmh,valid,1,tow_to_utc_nearest_gsv,2026-01-17T12:37:01.990Z,1.07,F1023_v90_D0117_P7__tow_to_utc_v1,,valid,sage-event-path-derivation-v1,sage-event-context-alignment-v1
F1023_v90_D0117_P7__G25__ch0__nav_sage_v2__ingestion_20260825_event_path_v1__event_84,F1023_v90_D0117_P7__G25__ch0__nav_sage_v2__ingestion_20260825_event_path_v1,F1023_v90_D0117_P7,G25,84,30.7752318670577,563839.66,2026-01-17T12:37:01.660Z,80.000,57.000,47.7111167907715,48.000,NaN,fallback_120_kmh,valid,1,tow_to_utc_nearest_gsv,2026-01-17T12:37:01.990Z,0.33,F1023_v90_D0117_P7__tow_to_utc_v1,,valid,sage-event-path-derivation-v1,sage-event-context-alignment-v1
F1023_v90_D0117_P7__G28__ch4__nav_sage_v2__ingestion_20260825_event_path_v1__event_7,F1023_v90_D0117_P7__G28__ch4__nav_sage_v2__ingestion_20260825_event_path_v1,F1023_v90_D0117_P7,G28,7,59.2412134897361,563868.12,2026-01-17T12:37:30.120Z,49.000,299.000,44.4939193725586,45.000,65.195955999985,NMEA_RMC,valid,1,tow_to_utc_nearest_gsv,2026-01-17T12:37:30.990Z,0.87,F1023_v90_D0117_P7__tow_to_utc_v1,,valid,sage-event-path-derivation-v1,sage-event-context-alignment-v1
F1023_v90_D0117_P7__G28__ch4__nav_sage_v2__ingestion_20260825_event_path_v1__event_8,F1023_v90_D0117_P7__G28__ch4__nav_sage_v2__ingestion_20260825_event_path_v1,F1023_v90_D0117_P7,G28,8,59.2612134897361,563868.14,2026-01-17T12:37:30.140Z,49.000,299.000,44.4939193725586,45.000,65.3107800000919,NMEA_RMC,valid,1,tow_to_utc_nearest_gsv,2026-01-17T12:37:30.990Z,0.85,F1023_v90_D0117_P7__tow_to_utc_v1,,valid,sage-event-path-derivation-v1,sage-event-context-alignment-v1
F1023_v90_D0117_P7__G28__ch4__nav_sage_v2__ingestion_20260825_event_path_v1__event_9,F1023_v90_D0117_P7__G28__ch4__nav_sage_v2__ingestion_20260825_event_path_v1,F1023_v90_D0117_P7,G28,9,59.2812135874878,563868.16,2026-01-17T12:37:30.160Z,49.000,299.000,44.5071487426758,45.000,65.4256040001988,NMEA_RMC,valid,1,tow_to_utc_nearest_gsv,2026-01-17T12:37:30.990Z,0.83,F1023_v90_D0117_P7__tow_to_utc_v1,,valid,sage-event-path-derivation-v1,sage-event-context-alignment-v1
F1023_v90_D0117_P7__G28__ch4__nav_sage_v2__ingestion_20260825_event_path_v1__event_43,F1023_v90_D0117_P7__G28__ch4__nav_sage_v2__ingestion_20260825_event_path_v1,F1023_v90_D0117_P7,G28,43,59.9612149560117,563868.84,2026-01-17T12:37:30.840Z,49.000,299.000,44.9119453430176,45.000,69.3296199998246,NMEA_RMC,valid,1,tow_to_utc_nearest_gsv,2026-01-17T12:37:30.990Z,0.15,F1023_v90_D0117_P7__tow_to_utc_v1,,valid,sage-event-path-derivation-v1,sage-event-context-alignment-v1
F1023_v90_D0117_P7__G28__ch4__nav_sage_v2__ingestion_20260825_event_path_v1__event_50,F1023_v90_D0117_P7__G28__ch4__nav_sage_v2__ingestion_20260825_event_path_v1,F1023_v90_D0117_P7,G28,50,60.1012152492669,563868.98,2026-01-17T12:37:30.980Z,49.000,299.000,45.1273765563965,45.000,70.1333879999048,NMEA_RMC,valid,1,tow_to_utc_nearest_gsv,2026-01-17T12:37:30.990Z,0.01,F1023_v90_D0117_P7__tow_to_utc_v1,,valid,sage-event-path-derivation-v1,sage-event-context-alignment-v1
F1023_v90_D0117_P7__G28__ch4__nav_sage_v2__ingestion_20260825_event_path_v1__event_74,F1023_v90_D0117_P7__G28__ch4__nav_sage_v2__ingestion_20260825_event_path_v1,F1023_v90_D0117_P7,G28,74,60.581216226784,563869.46,2026-01-17T12:37:31.460Z,49.000,299.000,45.2323760986328,45.000,NaN,fallback_120_kmh,valid,1,tow_to_utc_nearest_gsv,2026-01-17T12:37:30.990Z,0.47,F1023_v90_D0117_P7__tow_to_utc_v1,,valid,sage-event-path-derivation-v1,sage-event-context-alignment-v1
F1023_v90_D0117_P7__G29__ch11__nav_sage_v2__ingestion_20260825_event_path_v1__event_199,F1023_v90_D0117_P7__G29__ch11__nav_sage_v2__ingestion_20260825_event_path_v1,F1023_v90_D0117_P7,G29,199,33.0784352883675,563841.96,2026-01-17T12:37:03.960Z,65.000,209.000,45.6259574890137,46.000,84.4643491999067,NMEA_RMC,valid,1,tow_to_utc_nearest_gsv,2026-01-17T12:37:03.990Z,0.03,F1023_v90_D0117_P7__tow_to_utc_v1,,valid,sage-event-path-derivation-v1,sage-event-context-alignment-v1
F1023_v90_D0117_P7__G29__ch11__nav_sage_v2__ingestion_20260825_event_path_v1__event_1549,F1023_v90_D0117_P7__G29__ch11__nav_sage_v2__ingestion_20260825_event_path_v1,F1023_v90_D0117_P7,G29,1549,60.078495601173,563868.96,2026-01-17T12:37:30.960Z,65.000,209.000,45.2814483642578,45.000,70.0185639997978,NMEA_RMC,valid,1,tow_to_utc_nearest_gsv,2026-01-17T12:37:30.990Z,0.03,F1023_v90_D0117_P7__tow_to_utc_v1,,valid,sage-event-path-derivation-v1,sage-event-context-alignment-v1
F1023_v90_D0117_P7__G29__ch11__nav_sage_v2__ingestion_20260825_event_path_v1__event_1551,F1023_v90_D0117_P7__G29__ch11__nav_sage_v2__ingestion_20260825_event_path_v1,F1023_v90_D0117_P7,G29,1551,60.1184956989247,563869,2026-01-17T12:37:31.000Z,65.000,209.000,45.3851890563965,45.000,NaN,fallback_120_kmh,valid,1,tow_to_utc_nearest_gsv,2026-01-17T12:37:30.990Z,0.01,F1023_v90_D0117_P7__tow_to_utc_v1,,valid,sage-event-path-derivation-v1,sage-event-context-alignment-v1
F1023_v90_D0117_P7__G29__ch11__nav_sage_v2__ingestion_20260825_event_path_v1__event_1581,F1023_v90_D0117_P7__G29__ch11__nav_sage_v2__ingestion_20260825_event_path_v1,F1023_v90_D0117_P7,G29,1581,60.7184970674487,563869.6,2026-01-17T12:37:31.600Z,65.000,209.000,45.2300148010254,45.000,NaN,fallback_120_kmh,valid,1,tow_to_utc_nearest_gsv,2026-01-17T12:37:30.990Z,0.61,F1023_v90_D0117_P7__tow_to_utc_v1,,valid,sage-event-path-derivation-v1,sage-event-context-alignment-v1
F1023_v90_D0117_P7__G29__ch11__nav_sage_v2__ingestion_20260825_event_path_v1__event_1518,F1023_v90_D0117_P7__G29__ch11__nav_sage_v2__ingestion_20260825_event_path_v1,F1023_v90_D0117_P7,G29,1518,59.4584942326491,563868.34,2026-01-17T12:37:30.340Z,65.000,209.000,45.3679695129395,45.000,66.4590199998246,NMEA_RMC,valid,1,tow_to_utc_nearest_gsv,2026-01-17T12:37:29.990Z,0.35,F1023_v90_D0117_P7__tow_to_utc_v1,,valid,sage-event-path-derivation-v1,sage-event-context-alignment-v1
F1023_v90_D0117_P7__G29__ch11__nav_sage_v2__ingestion_20260825_event_path_v1__event_1555,F1023_v90_D0117_P7__G29__ch11__nav_sage_v2__ingestion_20260825_event_path_v1,F1023_v90_D0117_P7,G29,1555,60.1984958944282,563869.08,2026-01-17T12:37:31.080Z,65.000,209.000,45.2646980285645,45.000,NaN,fallback_120_kmh,valid,1,tow_to_utc_nearest_gsv,2026-01-17T12:37:30.990Z,0.09,F1023_v90_D0117_P7__tow_to_utc_v1,,valid,sage-event-path-derivation-v1,sage-event-context-alignment-v1
F1023_v90_D0117_P7__G32__ch5__nav_sage_v2__ingestion_20260825_event_path_v1__event_664,F1023_v90_D0117_P7__G32__ch5__nav_sage_v2__ingestion_20260825_event_path_v1,F1023_v90_D0117_P7,G32,664,42.3872861192571,563851.26,2026-01-17T12:37:13.260Z,22.000,243.000,44.3192176818848,44.000,86.0196587999048,NMEA_RMC,valid,1,tow_to_utc_nearest_gsv,2026-01-17T12:37:12.990Z,0.27,F1023_v90_D0117_P7__tow_to_utc_v1,,valid,sage-event-path-derivation-v1,sage-event-context-alignment-v1
F1023_v90_D0117_P7__G32__ch5__nav_sage_v2__ingestion_20260825_event_path_v1__event_665,F1023_v90_D0117_P7__G32__ch5__nav_sage_v2__ingestion_20260825_event_path_v1,F1023_v90_D0117_P7,G32,665,42.4072862170088,563851.28,2026-01-17T12:37:13.280Z,22.000,243.000,44.3089637756348,44.000,85.8518675997485,NMEA_RMC,valid,1,tow_to_utc_nearest_gsv,2026-01-17T12:37:12.990Z,0.29,F1023_v90_D0117_P7__tow_to_utc_v1,,valid,sage-event-path-derivation-v1,sage-event-context-alignment-v1
F1023_v90_D0117_P7__G32__ch5__nav_sage_v2__ingestion_20260825_event_path_v1__event_666,F1023_v90_D0117_P7__G32__ch5__nav_sage_v2__ingestion_20260825_event_path_v1,F1023_v90_D0117_P7,G32,666,42.4272863147605,563851.3,2026-01-17T12:37:13.300Z,22.000,243.000,44.2479362487793,44.000,85.6840763995922,NMEA_RMC,valid,1,tow_to_utc_nearest_gsv,2026-01-17T12:37:12.990Z,0.31,F1023_v90_D0117_P7__tow_to_utc_v1,,valid,sage-event-path-derivation-v1,sage-event-context-alignment-v1
F1023_v90_D0117_P7__G32__ch5__nav_sage_v2__ingestion_20260825_event_path_v1__event_150,F1023_v90_D0117_P7__G32__ch5__nav_sage_v2__ingestion_20260825_event_path_v1,F1023_v90_D0117_P7,G32,150,32.1072363636364,563840.98,2026-01-17T12:37:02.980Z,22.000,243.000,43.5168266296387,44.000,81.8600667999413,NMEA_RMC,valid,1,tow_to_utc_nearest_gsv,2026-01-17T12:37:02.990Z,0.01,F1023_v90_D0117_P7__tow_to_utc_v1,,valid,sage-event-path-derivation-v1,sage-event-context-alignment-v1
F1023_v90_D0117_P7__G32__ch5__nav_sage_v2__ingestion_20260825_event_path_v1__event_148,F1023_v90_D0117_P7__G32__ch5__nav_sage_v2__ingestion_20260825_event_path_v1,F1023_v90_D0117_P7,G32,148,32.0672362658847,563840.94,2026-01-17T12:37:02.940Z,22.000,243.000,43.5351982116699,44.000,81.7185739998095,NMEA_RMC,valid,1,tow_to_utc_nearest_gsv,2026-01-17T12:37:02.990Z,0.05,F1023_v90_D0117_P7__tow_to_utc_v1,,valid,sage-event-path-derivation-v1,sage-event-context-alignment-v1
F1023_v90_D0117_P7__G32__ch5__nav_sage_v2__ingestion_20260825_event_path_v1__event_149,F1023_v90_D0117_P7__G32__ch5__nav_sage_v2__ingestion_20260825_event_path_v1,F1023_v90_D0117_P7,G32,149,32.0872362658847,563840.96,2026-01-17T12:37:02.960Z,22.000,243.000,43.5168266296387,44.000,81.7893203998755,NMEA_RMC,valid,1,tow_to_utc_nearest_gsv,2026-01-17T12:37:02.990Z,0.03,F1023_v90_D0117_P7__tow_to_utc_v1,,valid,sage-event-path-derivation-v1,sage-event-context-alignment-v1
F1023_v90_D0117_P7__G32__ch5__nav_sage_v2__ingestion_20260825_event_path_v1__event_1542,F1023_v90_D0117_P7__G32__ch5__nav_sage_v2__ingestion_20260825_event_path_v1,F1023_v90_D0117_P7,G32,1542,59.9473713587488,563868.82,2026-01-17T12:37:30.820Z,22.000,243.000,41.4929809570312,42.000,69.2147959997176,NMEA_RMC,valid,1,tow_to_utc_nearest_gsv,2026-01-17T12:37:30.990Z,0.17,F1023_v90_D0117_P7__tow_to_utc_v1,,valid,sage-event-path-derivation-v1,sage-event-context-alignment-v1
F1023_v90_D0117_P7__G32__ch5__nav_sage_v2__ingestion_20260825_event_path_v1__event_1543,F1023_v90_D0117_P7__G32__ch5__nav_sage_v2__ingestion_20260825_event_path_v1,F1023_v90_D0117_P7,G32,1543,59.9673714565005,563868.84,2026-01-17T12:37:30.840Z,22.000,243.000,41.5011024475098,42.000,69.3296199998246,NMEA_RMC,valid,1,tow_to_utc_nearest_gsv,2026-01-17T12:37:30.990Z,0.15,F1023_v90_D0117_P7__tow_to_utc_v1,,valid,sage-event-path-derivation-v1,sage-event-context-alignment-v1
F1023_V70_D0117_P2__G06__ch4__G06_nav_sage_v1__ingestion_20260825_event_path_v1__event_203,F1023_V70_D0117_P2__G06__ch4__G06_nav_sage_v1__ingestion_20260825_event_path_v1,F1023_V70_D0117_P2,G06,203,41.8614130009775,560920.04,,,,42.2093124389648,,172.72418719992,NMEA_RMC,unavailable,0,,,,,legacy_context_missing_excluded_from_modeling,invalid,sage-event-path-derivation-v1,sage-event-context-alignment-v1
F1023_V70_D0117_P2__G06__ch4__G06_nav_sage_v1__ingestion_20260825_event_path_v1__event_264,F1023_V70_D0117_P2__G06__ch4__G06_nav_sage_v1__ingestion_20260825_event_path_v1,F1023_V70_D0117_P2,G06,264,43.0814179863148,560921.26,,,,42.0317306518555,,171.181841600019,NMEA_RMC,unavailable,0,,,,,legacy_context_missing_excluded_from_modeling,invalid,sage-event-path-derivation-v1,sage-event-context-alignment-v1
F1023_V70_D0117_P2__G11__ch5__nav_sage_v2__ingestion_20260825_event_path_v1__event_641,F1023_V70_D0117_P2__G11__ch5__nav_sage_v2__ingestion_20260825_event_path_v1,F1023_V70_D0117_P2,G11,641,50.6187615835777,560928.8,2026-01-17T11:48:30.800Z,31.000,95.000,46.1305732727051,46.000,65.3756000000345,NMEA_RMC,valid,1,tow_to_utc_nearest_gsv,2026-01-17T11:48:31.000Z,0.2,F1023_V70_D0117_P2__tow_to_utc_v1,,valid,sage-event-path-derivation-v1,sage-event-context-alignment-v1
F1023_V70_D0117_P2__G11__ch5__nav_sage_v2__ingestion_20260825_event_path_v1__event_642,F1023_V70_D0117_P2__G11__ch5__nav_sage_v2__ingestion_20260825_event_path_v1,F1023_V70_D0117_P2,G11,642,50.6387615835777,560928.82,2026-01-17T11:48:30.820Z,31.000,95.000,46.150074005127,46.000,65.3904159999621,NMEA_RMC,valid,1,tow_to_utc_nearest_gsv,2026-01-17T11:48:31.000Z,0.18,F1023_V70_D0117_P2__tow_to_utc_v1,,valid,sage-event-path-derivation-v1,sage-event-context-alignment-v1
F1023_V70_D0117_P2__G11__ch5__nav_sage_v2__ingestion_20260825_event_path_v1__event_317,F1023_V70_D0117_P2__G11__ch5__nav_sage_v2__ingestion_20260825_event_path_v1,F1023_V70_D0117_P2,G11,317,44.1387458455523,560922.32,2026-01-17T11:48:24.320Z,31.000,95.000,45.0182304382324,45.000,137.405806405644,NMEA_RMC,valid,1,tow_to_utc_nearest_gsv,2026-01-17T11:48:24.000Z,0.32,F1023_V70_D0117_P2__tow_to_utc_v1,,valid,sage-event-path-derivation-v1,sage-event-context-alignment-v1
F1023_V70_D0117_P2__G11__ch5__nav_sage_v2__ingestion_20260825_event_path_v1__event_640,F1023_V70_D0117_P2__G11__ch5__nav_sage_v2__ingestion_20260825_event_path_v1,F1023_V70_D0117_P2,G11,640,50.598761485826,560928.78,2026-01-17T11:48:30.780Z,31.000,95.000,46.0620918273926,46.000,65.3607840000207,NMEA_RMC,valid,1,tow_to_utc_nearest_gsv,2026-01-17T11:48:31.000Z,0.22,F1023_V70_D0117_P2__tow_to_utc_v1,,valid,sage-event-path-derivation-v1,sage-event-context-alignment-v1
F1023_V70_D0117_P2__G11__ch5__nav_sage_v2__ingestion_20260825_event_path_v1__event_643,F1023_V70_D0117_P2__G11__ch5__nav_sage_v2__ingestion_20260825_event_path_v1,F1023_V70_D0117_P2,G11,643,50.6587616813294,560928.84,2026-01-17T11:48:30.840Z,31.000,95.000,46.150074005127,46.000,65.4052319999759,NMEA_RMC,valid,1,tow_to_utc_nearest_gsv,2026-01-17T11:48:31.000Z,0.16,F1023_V70_D0117_P2__tow_to_utc_v1,,valid,sage-event-path-derivation-v1,sage-event-context-alignment-v1
F1023_V70_D0117_P2__G11__ch5__nav_sage_v2__ingestion_20260825_event_path_v1__event_730,F1023_V70_D0117_P2__G11__ch5__nav_sage_v2__ingestion_20260825_event_path_v1,F1023_V70_D0117_P2,G11,730,52.398765884653,560930.58,2026-01-17T11:48:32.580Z,31.000,95.000,45.3397598266602,46.000,67.3576103999853,NMEA_RMC,valid,1,tow_to_utc_nearest_gsv,2026-01-17T11:48:33.000Z,0.42,F1023_V70_D0117_P2__tow_to_utc_v1,,valid,sage-event-path-derivation-v1,sage-event-context-alignment-v1
F1023_V70_D0117_P2__G11__ch5__nav_sage_v2__ingestion_20260825_event_path_v1__event_769,F1023_V70_D0117_P2__G11__ch5__nav_sage_v2__ingestion_20260825_event_path_v1,F1023_V70_D0117_P2,G11,769,53.1787677419355,560931.36,2026-01-17T11:48:33.360Z,31.000,95.000,45.0122222900391,46.000,68.3654687999666,NMEA_RMC,valid,1,tow_to_utc_nearest_gsv,2026-01-17T11:48:33.000Z,0.36,F1023_V70_D0117_P2__tow_to_utc_v1,,valid,sage-event-path-derivation-v1,sage-event-context-alignment-v1
F1023_V70_D0117_P2__G12__ch6__nav_sage_v2__ingestion_20260825_event_path_v1__event_972,F1023_V70_D0117_P2__G12__ch6__nav_sage_v2__ingestion_20260825_event_path_v1,F1023_V70_D0117_P2,G12,972,57.2317813294233,560935.42,2026-01-17T11:48:37.420Z,59.000,71.000,49.1031074523926,49.000,68.9962600000194,NMEA_RMC,valid,1,tow_to_utc_nearest_gsv,2026-01-17T11:48:37.000Z,0.42,F1023_V70_D0117_P2__tow_to_utc_v1,,valid,sage-event-path-derivation-v1,sage-event-context-alignment-v1
F1023_V70_D0117_P2__G12__ch6__nav_sage_v2__ingestion_20260825_event_path_v1__event_970,F1023_V70_D0117_P2__G12__ch6__nav_sage_v2__ingestion_20260825_event_path_v1,F1023_V70_D0117_P2,G12,970,57.1917811339198,560935.38,2026-01-17T11:48:37.380Z,59.000,71.000,49.0546722412109,49.000,68.9777400000022,NMEA_RMC,valid,1,tow_to_utc_nearest_gsv,2026-01-17T11:48:37.000Z,0.38,F1023_V70_D0117_P2__tow_to_utc_v1,,valid,sage-event-path-derivation-v1,sage-event-context-alignment-v1
F1023_V70_D0117_P2__G12__ch6__nav_sage_v2__ingestion_20260825_event_path_v1__event_971,F1023_V70_D0117_P2__G12__ch6__nav_sage_v2__ingestion_20260825_event_path_v1,F1023_V70_D0117_P2,G12,971,57.2117812316716,560935.4,2026-01-17T11:48:37.400Z,59.000,71.000,49.0675811767578,49.000,68.9870000000108,NMEA_RMC,valid,1,tow_to_utc_nearest_gsv,2026-01-17T11:48:37.000Z,0.4,F1023_V70_D0117_P2__tow_to_utc_v1,,valid,sage-event-path-derivation-v1,sage-event-context-alignment-v1
F1023_V70_D0117_P2__G12__ch6__nav_sage_v2__ingestion_20260825_event_path_v1__event_651,F1023_V70_D0117_P2__G12__ch6__nav_sage_v2__ingestion_20260825_event_path_v1,F1023_V70_D0117_P2,G12,651,50.811752688172,560929,2026-01-17T11:48:31.000Z,59.000,70.000,49.1063652038574,49.000,65.52376,NMEA_RMC,valid,1,tow_to_utc_nearest_gsv,2026-01-17T11:48:31.000Z,0,F1023_V70_D0117_P2__tow_to_utc_v1,,valid,sage-event-path-derivation-v1,sage-event-context-alignment-v1
F1023_V70_D0117_P2__G28__ch1__nav_sage_v2__ingestion_20260825_event_path_v1__event_693,F1023_V70_D0117_P2__G28__ch1__nav_sage_v2__ingestion_20260825_event_path_v1,F1023_V70_D0117_P2,G28,693,51.6590780058651,560929.84,2026-01-17T11:48:31.840Z,29.000,308.000,45.4184494018555,46.000,66.8927583999469,NMEA_RMC,valid,1,tow_to_utc_nearest_gsv,2026-01-17T11:48:32.000Z,0.16,F1023_V70_D0117_P2__tow_to_utc_v1,,valid,sage-event-path-derivation-v1,sage-event-context-alignment-v1
F1023_V70_D0117_P2__G28__ch1__nav_sage_v2__ingestion_20260825_event_path_v1__event_298,F1023_V70_D0117_P2__G28__ch1__nav_sage_v2__ingestion_20260825_event_path_v1,F1023_V70_D0117_P2,G28,298,43.7590673509286,560921.94,2026-01-17T11:48:23.940Z,29.000,308.000,45.1066284179688,46.000,172.541950399888,NMEA_RMC,valid,1,tow_to_utc_nearest_gsv,2026-01-17T11:48:24.000Z,0.06,F1023_V70_D0117_P2__tow_to_utc_v1,,valid,sage-event-path-derivation-v1,sage-event-context-alignment-v1
F1023_V70_D0117_P2__G29__ch7__nav_sage_v2__ingestion_20260825_event_path_v1__event_80,F1023_V70_D0117_P2__G29__ch7__nav_sage_v2__ingestion_20260825_event_path_v1,F1023_V70_D0117_P2,G29,80,39.3959774193548,560917.58,2026-01-17T11:48:19.580Z,41.000,204.000,38.1986923217773,46.000,NaN,fallback_120_kmh,valid,1,tow_to_utc_nearest_gsv,2026-01-17T11:48:21.000Z,1.42,F1023_V70_D0117_P2__tow_to_utc_v1,,valid,sage-event-path-derivation-v1,sage-event-context-alignment-v1
F1023_V70_D0117_P2__G32__ch11__nav_sage_v2__ingestion_20260825_event_path_v1__event_83,F1023_V70_D0117_P2__G32__ch11__nav_sage_v2__ingestion_20260825_event_path_v1,F1023_V70_D0117_P2,G32,83,39.456988856305,560917.64,2026-01-17T11:48:19.640Z,36.000,265.000,43.0318222045898,48.000,NaN,fallback_120_kmh,valid,1,tow_to_utc_nearest_gsv,2026-01-17T11:48:21.000Z,1.36,F1023_V70_D0117_P2__tow_to_utc_v1,,valid,sage-event-path-derivation-v1,sage-event-context-alignment-v1
F1023_V70_D0117_P2__G32__ch11__nav_sage_v2__ingestion_20260825_event_path_v1__event_82,F1023_V70_D0117_P2__G32__ch11__nav_sage_v2__ingestion_20260825_event_path_v1,F1023_V70_D0117_P2,G32,82,39.4369887585533,560917.62,2026-01-17T11:48:19.620Z,36.000,265.000,42.9415435791016,48.000,NaN,fallback_120_kmh,valid,1,tow_to_utc_nearest_gsv,2026-01-17T11:48:21.000Z,1.38,F1023_V70_D0117_P2__tow_to_utc_v1,,valid,sage-event-path-derivation-v1,sage-event-context-alignment-v1
F1023_V70_D0117_P2__G32__ch11__nav_sage_v2__ingestion_20260825_event_path_v1__event_84,F1023_V70_D0117_P2__G32__ch11__nav_sage_v2__ingestion_20260825_event_path_v1,F1023_V70_D0117_P2,G32,84,39.4769889540567,560917.66,2026-01-17T11:48:19.660Z,36.000,265.000,43.173770904541,48.000,NaN,fallback_120_kmh,valid,1,tow_to_utc_nearest_gsv,2026-01-17T11:48:21.000Z,1.34,F1023_V70_D0117_P2__tow_to_utc_v1,,valid,sage-event-path-derivation-v1,sage-event-context-alignment-v1
F1023_V70_D0117_P2__G32__ch11__nav_sage_v2__ingestion_20260825_event_path_v1__event_143,F1023_V70_D0117_P2__G32__ch11__nav_sage_v2__ingestion_20260825_event_path_v1,F1023_V70_D0117_P2,G32,143,40.6569936461388,560918.84,2026-01-17T11:48:20.840Z,36.000,265.000,48.152416229248,48.000,NaN,fallback_120_kmh,valid,1,tow_to_utc_nearest_gsv,2026-01-17T11:48:21.000Z,0.16,F1023_V70_D0117_P2__tow_to_utc_v1,,valid,sage-event-path-derivation-v1,sage-event-context-alignment-v1
F1023_V70_D0117_P2__G32__ch11__nav_sage_v2__ingestion_20260825_event_path_v1__event_144,F1023_V70_D0117_P2__G32__ch11__nav_sage_v2__ingestion_20260825_event_path_v1,F1023_V70_D0117_P2,G32,144,40.6769937438905,560918.86,2026-01-17T11:48:20.860Z,36.000,265.000,48.1796646118164,48.000,NaN,fallback_120_kmh,valid,1,tow_to_utc_nearest_gsv,2026-01-17T11:48:21.000Z,0.14,F1023_V70_D0117_P2__tow_to_utc_v1,,valid,sage-event-path-derivation-v1,sage-event-context-alignment-v1
F1023_V70_D0117_P2__G32__ch11__nav_sage_v2__ingestion_20260825_event_path_v1__event_145,F1023_V70_D0117_P2__G32__ch11__nav_sage_v2__ingestion_20260825_event_path_v1,F1023_V70_D0117_P2,G32,145,40.6969937438905,560918.88,2026-01-17T11:48:20.880Z,36.000,265.000,48.2556648254395,48.000,NaN,fallback_120_kmh,valid,1,tow_to_utc_nearest_gsv,2026-01-17T11:48:21.000Z,0.12,F1023_V70_D0117_P2__tow_to_utc_v1,,valid,sage-event-path-derivation-v1,sage-event-context-alignment-v1
F1023_V70_D0117_P2__G32__ch11__nav_sage_v2__ingestion_20260825_event_path_v1__event_759,F1023_V70_D0117_P2__G32__ch11__nav_sage_v2__ingestion_20260825_event_path_v1,F1023_V70_D0117_P2,G32,759,52.977042228739,560931.16,2026-01-17T11:48:33.160Z,36.000,265.000,48.5143013000488,48.000,67.8876528000779,NMEA_RMC,valid,1,tow_to_utc_nearest_gsv,2026-01-17T11:48:33.000Z,0.16,F1023_V70_D0117_P2__tow_to_utc_v1,,valid,sage-event-path-derivation-v1,sage-event-context-alignment-v1
F1023_V70_D0117_P2__G32__ch11__nav_sage_v2__ingestion_20260825_event_path_v1__event_760,F1023_V70_D0117_P2__G32__ch11__nav_sage_v2__ingestion_20260825_event_path_v1,F1023_V70_D0117_P2,G32,760,52.9970423264907,560931.18,2026-01-17T11:48:33.180Z,36.000,265.000,48.5735244750977,48.000,67.9354344001224,NMEA_RMC,valid,1,tow_to_utc_nearest_gsv,2026-01-17T11:48:33.000Z,0.18,F1023_V70_D0117_P2__tow_to_utc_v1,,valid,sage-event-path-derivation-v1,sage-event-context-alignment-v1
