$GPGGA,090000.00,5228.30900026,N,01325.74168535,E,1,05,2.87,160.00,M,-21.3213,M,,*7E
$GPGGA,090000.10,5228.30900026,N,01325.74168535,E,1,05,2.87,160.00,M,-21.3213,M,,*7F
$GPGGA,090000.20,5228.30900026,N,01325.74168535,E,1,05,2.87,160.00,M,-21.3213,M,,*7C
$GPGGA,090000.30,5228.30900026,N,01325.74168535,E,1,05,2.87,160.00,M,-21.3213,M,,*7D
$GPGGA,090000.40,5228.30900026,N,01325.74168535,E,1,05,2.87,160.00,M,-21.3213,M,,*7A
$GPGGA,090000.50,5228.30900026,N,01325.74168535,E,1,05,2.87,160.00,M,-21.3213,M,,*7B
$GPGGA,090000.60,5228.30900026,N,01325.74168535,E,1,05,2.87,160.00,M,-21.3213,M,,*78
$GPGGA,090000.70,5228.30900026,N,01325.74168535,E,1,05,2.87,160.00,M,-21.3213,M,,*79
$GPGGA,090000.80,5228.30900026,N,01325.74168535,E,1,05,2.87,160.00,M,-21.3213,M,,*76
$GPGGA,090000.90,5228.30900026,N,01325.74168535,E,1,05,2.87,160.00,M,-21.3213,M,,*77
$GPGGA,090001.00,5228.30900026,N,01325.74168535,E,1,05,2.87,160.00,M,-21.3213,M,,*7F
$GPGGA,090001.10,5228.30900026,N,01325.74168535,E,1,05,2.87,160.00,M,-21.3213,M,,*7E
$GPGGA,090001.20,5228.30900026,N,01325.74168535,E,1,05,2.87,160.00,M,-21.3213,M,,*7D
$GPGGA,090001.30,5228.30900026,N,01325.74168535,E,1,05,2.87,160.00,M,-21.3213,M,,*7C
$GPGGA,090001.40,5228.30900026,N,01325.74168535,E,1,05,2.87,160.00,M,-21.3213,M,,*7B
$GPGGA,090001.50,5228.30900026,N,01325.74168535,E,1,05,2.87,160.00,M,-21.3213,M,,*7A
$GPGGA,090001.60,5228.30900026,N,01325.74168535,E,1,05,2.87,160.00,M,-21.3213,M,,*79
$GPGGA,090001.70,5228.30900026,N,01325.74168535,E,1,05,2.87,160.00,M,-21.3213,M,,*78
$GPGGA,090001.80,5228.30900026,N,01325.74168535,E,1,05,2.87,160.00,M,-21.3213,M,,*77
$GPGGA,090001.90,5228.30900026,N,01325.74168535,E,1,05,2.87,160.00,M,-21.3213,M,,*76
$GPGGA,090002.00,5228.30900026,N,01325.74168535,E,1,05,2.87,160.00,M,-21.3213,M,,*7C
$GPGGA,090002.10,5228.30900026,N,01325.74168535,E,1,05,2.87,160.00,M,-21.3213,M,,*7D
$GPGGA,090002.20,5228.30900026,N,01325.74168535,E,1,05,2.87,160.00,M,-21.3213,M,,*7E
$GPGGA,090002.30,5228.30900026,N,01325.74168535,E,1,05,2.87,160.00,M,-21.3213,M,,*7F
$GPGGA,090002.40,5228.30900026,N,01325.74168535,E,1,05,2.87,160.00,M,-21.3213,M,,*78
$GPGGA,090002.50,5228.30900026,N,01325.74168535,E,1,05,2.87,160.00,M,-21.3213,M,,*79
$GPGGA,090002.60,5228.30900026,N,01325.74168535,E,1,05,2.87,160.00,M,-21.3213,M,,*7A
$GPGGA,090002.70,5228.30900026,N,01325.74168535,E,1,05,2.87,160.00,M,-21.3213,M,,*7B
$GPGGA,090002.80,5228.30900026,N,01325.74168535,E,1,05,2.87,160.00,M,-21.3213,M,,*74
$GPGGA,090002.90,5228.30900026,N,01325.74168535,E,1,05,2.87,160.00,M,-21.3213,M,,*75
$GPGGA,090003.00,5228.30900026,N,01325.74168535,E,1,05,2.87,160.00,M,-21.3213,M,,*7D
$GPGGA,090003.10,5228.30900026,N,01325.74168535,E,1,05,2.87,160.00,M,-21.3213,M,,*7C
$GPGGA,090003.20,5228.30900026,N,01325.74168535,E,1,05,2.87,160.00,M,-21.3213,M,,*7F
$GPGGA,090003.30,5228.30900026,N,01325.74168535,E,1,05,2.87,160.00,M,-21.3213,M,,*7E
$GPGGA,090003.40,5228.30900026,N,01325.74168535,E,1,05,2.87,160.00,M,-21.3213,M,,*79
$GPGGA,090003.50,5228.30900026,N,01325.74168535,E,1,05,2.87,160.00,M,-21.3213,M,,*78
$GPGGA,090003.60,5228.30900026,N,01325.74168535,E,1,05,2.87,160.00,M,-21.3213,M,,*7B
$GPGGA,090003.70,5228.30900026,N,01325.74168535,E,1,05,2.87,160.00,M,-21.3213,M,,*7A
$GPGGA,090003.80,5228.30900026,N,01325.74168535,E,1,05,2.87,160.00,M,-21.3213,M,,*75
$GPGGA,090003.90,5228.30900026,N,01325.74168535,E,1,05,2.87,160.00,M,-21.3213,M,,*74
$GPGGA,090004.00,5228.30900026,N,01325.74168535,E,1,05,2.87,160.00,M,-21.3213,M,,*7A
$GPGGA,090004.10,5228.30900026,N,01325.74168535,E,1,05,2.87,160.00,M,-21.3213,M,,*7B
$GPGGA,090004.20,5228.30900026,N,01325.74168535,E,1,05,2.87,160.00,M,-21.3213,M,,*78
$GPGGA,090004.30,5228.30900026,N,01325.74168535,E,1,05,2.87,160.00,M,-21.3213,M,,*79
$GPGGA,090004.40,5228.30900026,N,01325.74168535,E,1,05,2.87,160.00,M,-21.3213,M,,*7E
$GPGGA,090004.50,5228.30900026,N,01325.74168535,E,1,05,2.87,160.00,M,-21.3213,M,,*7F
$GPGGA,090004.60,5228.30900026,N,01325.74168535,E,1,05,2.87,160.00,M,-21.3213,M,,*7C
$GPGGA,090004.70,5228.30900026,N,01325.74168535,E,1,05,2.87,160.00,M,-21.3213,M,,*7D
$GPGGA,090004.80,5228.30900026,N,01325.74168535,E,1,05,2.87,160.00,M,-21.3213,M,,*72
$GPGGA,090004.90,5228.30900026,N,01325.74168535,E,1,05,2.87,160.00,M,-21.3213,M,,*73
$GPGGA,090005.00,5228.30900026,N,01325.74168535,E,1,05,2.87,160.00,M,-21.3213,M,,*7B
$GPGGA,090005.10,5228.30900026,N,01325.74168535,E,1,05,2.87,160.00,M,-21.3213,M,,*7A
$GPGGA,090005.20,5228.30900026,N,01325.74168535,E,1,05,2.87,160.00,M,-21.3213,M,,*79
$GPGGA,090005.30,5228.30900026,N,01325.74168535,E,1,05,2.87,160.00,M,-21.3213,M,,*78
$GPGGA,090005.40,5228.30900026,N,01325.74168535,E,1,05,2.87,160.00,M,-21.3213,M,,*7F
$GPGGA,090005.50,5228.30900026,N,01325.74168535,E,1,05,2.87,160.00,M,-21.3213,M,,*7E
$GPGGA,090005.60,5228.30900026,N,01325.74168535,E,1,05,2.87,160.00,M,-21.3213,M,,*7D
$GPGGA,090005.70,5228.30900026,N,01325.74168535,E,1,05,2.87,160.00,M,-21.3213,M,,*7C
$GPGGA,090005.80,5228.30900026,N,01325.74168535,E,1,05,2.87,160.00,M,-21.3213,M,,*73
$GPGGA,090005.90,5228.30900026,N,01325.74168535,E,1,05,2.87,160.00,M,-21.3213,M,,*72
$GPGGA,090006.00,5228.30900026,N,01325.74168535,E,1,05,2.87,160.00,M,-21.3213,M,,*78
$GPGGA,090006.10,5228.30900026,N,01325.74168535,E,1,05,2.87,160.00,M,-21.3213,M,,*79
$GPGGA,090006.20,5228.30900026,N,01325.74168535,E,1,05,2.87,160.00,M,-21.3213,M,,*7A
$GPGGA,090006.30,5228.30900026,N,01325.74168535,E,1,05,2.87,160.00,M,-21.3213,M,,*7B
$GPGGA,090006.40,5228.30900026,N,01325.74168535,E,1,05,2.87,160.00,M,-21.3213,M,,*7C
$GPGGA,090006.50,5228.30900026,N,01325.74168535,E,1,05,2.87,160.00,M,-21.3213,M,,*7D
$GPGGA,090006.60,5228.30900026,N,01325.74168535,E,1,05,2.87,160.00,M,-21.3213,M,,*7E
$GPGGA,090006.70,5228.30900026,N,01325.74168535,E,1,05,2.87,160.00,M,-21.3213,M,,*7F
$GPGGA,090006.80,5228.30900026,N,01325.74168535,E,1,05,2.87,160.00,M,-21.3213,M,,*70
$GPGGA,090006.90,5228.30900026,N,01325.74168535,E,1,05,2.87,160.00,M,-21.3213,M,,*71
$GPGGA,090007.00,5228.30900026,N,01325.74168535,E,1,05,2.87,160.00,M,-21.3213,M,,*79
$GPGGA,090007.10,5228.30900026,N,01325.74168535,E,1,05,2.87,160.00,M,-21.3213,M,,*78
$GPGGA,090007.20,5228.30900026,N,01325.74168535,E,1,05,2.87,160.00,M,-21.3213,M,,*7B
$GPGGA,090007.30,5228.30900026,N,01325.74168535,E,1,05,2.87,160.00,M,-21.3213,M,,*7A
$GPGGA,090007.40,5228.30900026,N,01325.74168535,E,1,05,2.87,160.00,M,-21.3213,M,,*7D
$GPGGA,090007.50,5228.30900026,N,01325.74168535,E,1,05,2.87,160.00,M,-21.3213,M,,*7C
$GPGGA,090007.60,5228.30900026,N,01325.74168535,E,1,05,2.87,160.00,M,-21.3213,M,,*7F
$GPGGA,090007.70,5228.30900026,N,01325.74168535,E,1,05,2.87,160.00,M,-21.3213,M,,*7E
$GPGGA,090007.80,5228.30900026,N,01325.74168535,E,1,05,2.87,160.00,M,-21.3213,M,,*71
$GPGGA,090007.90,5228.30900026,N,01325.74168535,E,1,05,2.87,160.00,M,-21.3213,M,,*70
$GPGGA,090008.00,5228.30900026,N,01325.74168535,E,1,05,2.87,160.00,M,-21.3213,M,,*76
$GPGGA,090008.10,5228.30900026,N,01325.74168535,E,1,05,2.87,160.00,M,-21.3213,M,,*77
$GPGGA,090008.20,5228.30900026,N,01325.74168535,E,1,05,2.87,160.00,M,-21.3213,M,,*74
$GPGGA,090008.30,5228.30900026,N,01325.74168535,E,1,05,2.87,160.00,M,-21.3213,M,,*75
$GPGGA,090008.40,5228.30900026,N,01325.74168535,E,1,05,2.87,160.00,M,-21.3213,M,,*72
$GPGGA,090008.50,5228.30900026,N,01325.74168535,E,1,05,2.87,160.00,M,-21.3213,M,,*73
$GPGGA,090008.60,5228.30900026,N,01325.74168535,E,1,05,2.87,160.00,M,-21.3213,M,,*70
$GPGGA,090008.70,5228.30900026,N,01325.74168535,E,1,05,2.87,160.00,M,-21.3213,M,,*71
$GPGGA,090008.80,5228.30900026,N,01325.74168535,E,1,05,2.87,160.00,M,-21.3213,M,,*7E
$GPGGA,090008.90,5228.30900026,N,01325.74168535,E,1,05,2.87,160.00,M,-21.3213,M,,*7F
$GPGGA,090009.00,5228.30900026,N,01325.74168535,E,1,05,2.87,160.00,M,-21.3213,M,,*77
$GPGGA,090009.10,5228.30900026,N,01325.74168535,E,1,05,2.87,160.00,M,-21.3213,M,,*76
$GPGGA,090009.20,5228.30900026,N,01325.74168535,E,1,05,2.87,160.00,M,-21.3213,M,,*75
$GPGGA,090009.30,5228.30900026,N,01325.74168535,E,1,05,2.87,160.00,M,-21.3213,M,,*74
$GPGGA,090009.40,5228.30900026,N,01325.74168535,E,1,05,2.87,160.00,M,-21.3213,M,,*73
$GPGGA,090009.50,5228.30900026,N,01325.74168535,E,1,05,2.87,160.00,M,-21.3213,M,,*72
$GPGGA,090009.60,5228.30900026,N,01325.74168535,E,1,05,2.87,160.00,M,-21.3213,M,,*71
$GPGGA,090009.70,5228.30900026,N,01325.74168535,E,1,05,2.87,160.00,M,-21.3213,M,,*70
$GPGGA,090009.80,5228.30900026,N,01325.74168535,E,1,05,2.87,160.00,M,-21.3213,M,,*7F
$GPGGA,090009.90,5228.30900026,N,01325.74168535,E,1,05,2.87,160.00,M,-21.3213,M,,*7E
$GPGGA,090010.00,5228.30900026,N,01325.74168535,E,1,05,2.87,160.00,M,-21.3213,M,,*7F
$GPGGA,090010.10,5228.30900026,N,01325.74168535,E,1,05,2.87,160.00,M,-21.3213,M,,*7E
$GPGGA,090010.20,5228.30900026,N,01325.74168535,E,1,05,2.87,160.00,M,-21.3213,M,,*7D
$GPGGA,090010.30,5228.30900026,N,01325.74168535,E,1,05,2.87,160.00,M,-21.3213,M,,*7C
$GPGGA,090010.40,5228.30900026,N,01325.74168535,E,1,05,2.87,160.00,M,-21.3213,M,,*7B
$GPGGA,090010.50,5228.30900026,N,01325.74168535,E,1,05,2.87,160.00,M,-21.3213,M,,*7A
$GPGGA,090010.60,5228.30900026,N,01325.74168535,E,1,05,2.87,160.00,M,-21.3213,M,,*79
$GPGGA,090010.70,5228.30900026,N,01325.74168535,E,1,05,2.87,160.00,M,-21.3213,M,,*78
$GPGGA,090010.80,5228.30900026,N,01325.74168535,E,1,05,2.87,160.00,M,-21.3213,M,,*77
$GPGGA,090010.90,5228.30900026,N,01325.74168535,E,1,05,2.87,160.00,M,-21.3213,M,,*76
$GPGGA,090011.00,5228.30900026,N,01325.74168535,E,1,05,2.87,160.00,M,-21.3213,M,,*7E
$GPGGA,090011.10,5228.30900026,N,01325.74168535,E,1,05,2.87,160.00,M,-21.3213,M,,*7F
$GPGGA,090011.20,5228.30900026,N,01325.74168535,E,1,05,2.87,160.00,M,-21.3213,M,,*7C
$GPGGA,090011.30,5228.30900026,N,01325.74168535,E,1,05,2.87,160.00,M,-21.3213,M,,*7D
$GPGGA,090011.40,5228.30900026,N,01325.74168535,E,1,05,2.87,160.00,M,-21.3213,M,,*7A
$GPGGA,090011.50,5228.30900026,N,01325.74168535,E,1,05,2.87,160.00,M,-21.3213,M,,*7B
$GPGGA,090011.60,5228.30900026,N,01325.74168535,E,1,05,2.87,160.00,M,-21.3213,M,,*78
$GPGGA,090011.70,5228.30900026,N,01325.74168535,E,1,05,2.87,160.00,M,-21.3213,M,,*79
$GPGGA,090011.80,5228.30900026,N,01325.74168535,E,1,05,2.87,160.00,M,-21.3213,M,,*76
$GPGGA,090011.90,5228.30900026,N,01325.74168535,E,1,05,2.87,160.00,M,-21.3213,M,,*77
$GPGGA,090012.00,5228.30900026,N,01325.74168535,E,1,05,2.87,160.00,M,-21.3213,M,,*7D
$GPGGA,090012.10,5228.30900026,N,01325.74168535,E,1,05,2.87,160.00,M,-21.3213,M,,*7C
$GPGGA,090012.20,5228.30900026,N,01325.74168535,E,1,05,2.87,160.00,M,-21.3213,M,,*7F
$GPGGA,090012.30,5228.30900026,N,01325.74168535,E,1,05,2.87,160.00,M,-21.3213,M,,*7E
$GPGGA,090012.40,5228.30900026,N,01325.74168535,E,1,05,2.87,160.00,M,-21.3213,M,,*79
$GPGGA,090012.50,5228.30900026,N,01325.74168535,E,1,05,2.87,160.00,M,-21.3213,M,,*78
$GPGGA,090012.60,5228.30900026,N,01325.74168535,E,1,05,2.87,160.00,M,-21.3213,M,,*7B
$GPGGA,090012.70,5228.30900026,N,01325.74168535,E,1,05,2.87,160.00,M,-21.3213,M,,*7A
$GPGGA,090012.80,5228.30900026,N,01325.74168535,E,1,05,2.87,160.00,M,-21.3213,M,,*75
$GPGGA,090012.90,5228.30900026,N,01325.74168535,E,1,05,2.87,160.00,M,-21.3213,M,,*74
$GPGGA,090013.00,5228.30900026,N,01325.74168535,E,1,05,2.87,160.00,M,-21.3213,M,,*7C
$GPGGA,090013.10,5228.30900026,N,01325.74168535,E,1,05,2.87,160.00,M,-21.3213,M,,*7D
$GPGGA,090013.20,5228.30900026,N,01325.74168535,E,1,05,2.87,160.00,M,-21.3213,M,,*7E
$GPGGA,090013.30,5228.30900026,N,01325.74168535,E,1,05,2.87,160.00,M,-21.3213,M,,*7F
$GPGGA,090013.40,5228.30900026,N,01325.74168535,E,1,05,2.87,160.00,M,-21.3213,M,,*78
$GPGGA,090013.50,5228.30900026,N,01325.74168535,E,1,05,2.87,160.00,M,-21.3213,M,,*79
$GPGGA,090013.60,5228.30900026,N,01325.74168535,E,1,05,2.87,160.00,M,-21.3213,M,,*7A
$GPGGA,090013.70,5228.30900026,N,01325.74168535,E,1,05,2.87,160.00,M,-21.3213,M,,*7B
$GPGGA,090013.80,5228.30900026,N,01325.74168535,E,1,05,2.87,160.00,M,-21.3213,M,,*74
$GPGGA,090013.90,5228.30900026,N,01325.74168535,E,1,05,2.87,160.00,M,-21.3213,M,,*75
$GPGGA,090014.00,5228.30900026,N,01325.74168535,E,1,05,2.87,160.00,M,-21.3213,M,,*7B
$GPGGA,090014.10,5228.30900026,N,01325.74168535,E,1,05,2.87,160.00,M,-21.3213,M,,*7A
$GPGGA,090014.20,5228.30900026,N,01325.74168535,E,1,05,2.87,160.00,M,-21.3213,M,,*79
$GPGGA,090014.30,5228.30900026,N,01325.74168535,E,1,05,2.87,160.00,M,-21.3213,M,,*78
$GPGGA,090014.40,5228.30900026,N,01325.74168535,E,1,05,2.87,160.00,M,-21.3213,M,,*7F
$GPGGA,090014.50,5228.30900026,N,01325.74168535,E,1,05,2.87,160.00,M,-21.3213,M,,*7E
$GPGGA,090014.60,5228.30900026,N,01325.74168535,E,1,05,2.87,160.00,M,-21.3213,M,,*7D
$GPGGA,090014.70,5228.30900026,N,01325.74168535,E,1,05,2.87,160.00,M,-21.3213,M,,*7C
$GPGGA,090014.80,5228.30900026,N,01325.74168535,E,1,05,2.87,160.00,M,-21.3213,M,,*73
$GPGGA,090014.90,5228.30900026,N,01325.74168535,E,1,05,2.87,160.00,M,-21.3213,M,,*72
$GPGGA,090015.00,5228.30900026,N,01325.74168535,E,1,05,2.87,160.00,M,-21.3213,M,,*7A
$GPGGA,090015.10,5228.30900026,N,01325.74168535,E,1,05,2.87,160.00,M,-21.3213,M,,*7B
$GPGGA,090015.20,5228.30900026,N,01325.74168535,E,1,05,2.87,160.00,M,-21.3213,M,,*78
$GPGGA,090015.30,5228.30900026,N,01325.74168535,E,1,05,2.87,160.00,M,-21.3213,M,,*79
$GPGGA,090015.40,5228.30900026,N,01325.74168535,E,1,05,2.87,160.00,M,-21.3213,M,,*7E
$GPGGA,090015.50,5228.30900026,N,01325.74168535,E,1,05,2.87,160.00,M,-21.3213,M,,*7F
$GPGGA,090015.60,5228.30900026,N,01325.74168535,E,1,05,2.87,160.00,M,-21.3213,M,,*7C
$GPGGA,090015.70,5228.30900026,N,01325.74168535,E,1,05,2.87,160.00,M,-21.3213,M,,*7D
$GPGGA,090015.80,5228.30900026,N,01325.74168535,E,1,05,2.87,160.00,M,-21.3213,M,,*72
$GPGGA,090015.90,5228.30900026,N,01325.74168535,E,1,05,2.87,160.00,M,-21.3213,M,,*73
$GPGGA,090016.00,5228.30900026,N,01325.74168535,E,1,05,2.87,160.00,M,-21.3213,M,,*79
$GPGGA,090016.10,5228.30900026,N,01325.74168535,E,1,05,2.87,160.00,M,-21.3213,M,,*78
$GPGGA,090016.20,5228.30900026,N,01325.74168535,E,1,05,2.87,160.00,M,-21.3213,M,,*7B
$GPGGA,090016.30,5228.30900026,N,01325.74168535,E,1,05,2.87,160.00,M,-21.3213,M,,*7A
$GPGGA,090016.40,5228.30900026,N,01325.74168535,E,1,05,2.87,160.00,M,-21.3213,M,,*7D
$GPGGA,090016.50,5228.30900026,N,01325.74168535,E,1,05,2.87,160.00,M,-21.3213,M,,*7C
$GPGGA,090016.60,5228.30900026,N,01325.74168535,E,1,05,2.87,160.00,M,-21.3213,M,,*7F
$GPGGA,090016.70,5228.30900026,N,01325.74168535,E,1,05,2.87,160.00,M,-21.3213,M,,*7E
$GPGGA,090016.80,5228.30900026,N,01325.74168535,E,1,05,2.87,160.00,M,-21.3213,M,,*71
$GPGGA,090016.90,5228.30900026,N,01325.74168535,E,1,05,2.87,160.00,M,-21.3213,M,,*70
$GPGGA,090017.00,5228.30900026,N,01325.74168535,E,1,05,2.87,160.00,M,-21.3213,M,,*78
$GPGGA,090017.10,5228.30900026,N,01325.74168535,E,1,05,2.87,160.00,M,-21.3213,M,,*79
$GPGGA,090017.20,5228.30900026,N,01325.74168535,E,1,05,2.87,160.00,M,-21.3213,M,,*7A
$GPGGA,090017.30,5228.30900026,N,01325.74168535,E,1,05,2.87,160.00,M,-21.3213,M,,*7B
$GPGGA,090017.40,5228.30900026,N,01325.74168535,E,1,05,2.87,160.00,M,-21.3213,M,,*7C
$GPGGA,090017.50,5228.30900026,N,01325.74168535,E,1,05,2.87,160.00,M,-21.3213,M,,*7D
$GPGGA,090017.60,5228.30900026,N,01325.74168535,E,1,05,2.87,160.00,M,-21.3213,M,,*7E
$GPGGA,090017.70,5228.30900026,N,01325.74168535,E,1,05,2.87,160.00,M,-21.3213,M,,*7F
$GPGGA,090017.80,5228.30900026,N,01325.74168535,E,1,05,2.87,160.00,M,-21.3213,M,,*70
$GPGGA,090017.90,5228.30900026,N,01325.74168535,E,1,05,2.87,160.00,M,-21.3213,M,,*71
$GPGGA,090018.00,5228.30900026,N,01325.74168535,E,1,05,2.87,160.00,M,-21.3213,M,,*77
$GPGGA,090018.10,5228.30900026,N,01325.74168535,E,1,05,2.87,160.00,M,-21.3213,M,,*76
$GPGGA,090018.20,5228.30900026,N,01325.74168535,E,1,05,2.87,160.00,M,-21.3213,M,,*75
$GPGGA,090018.30,5228.30900026,N,01325.74168535,E,1,05,2.87,160.00,M,-21.3213,M,,*74
$GPGGA,090018.40,5228.30900026,N,01325.74168535,E,1,05,2.87,160.00,M,-21.3213,M,,*73
$GPGGA,090018.50,5228.30900026,N,01325.74168535,E,1,05,2.87,160.00,M,-21.3213,M,,*72
$GPGGA,090018.60,5228.30900026,N,01325.74168535,E,1,05,2.87,160.00,M,-21.3213,M,,*71
$GPGGA,090018.70,5228.30900026,N,01325.74168535,E,1,05,2.87,160.00,M,-21.3213,M,,*70
$GPGGA,090018.80,5228.30900026,N,01325.74168535,E,1,05,2.87,160.00,M,-21.3213,M,,*7F
$GPGGA,090018.90,5228.30900026,N,01325.74168535,E,1,05,2.87,160.00,M,-21.3213,M,,*7E
$GPGGA,090019.00,5228.30900026,N,01325.74168535,E,1,05,2.87,160.00,M,-21.3213,M,,*76
$GPGGA,090019.10,5228.30900026,N,01325.74168535,E,1,05,2.87,160.00,M,-21.3213,M,,*77
$GPGGA,090019.20,5228.30900026,N,01325.74168535,E,1,05,2.87,160.00,M,-21.3213,M,,*74
$GPGGA,090019.30,5228.30900026,N,01325.74168535,E,1,05,2.87,160.00,M,-21.3213,M,,*75
$GPGGA,090019.40,5228.30900026,N,01325.74168535,E,1,05,2.87,160.00,M,-21.3213,M,,*72
$GPGGA,090019.50,5228.30900026,N,01325.74168535,E,1,05,2.87,160.00,M,-21.3213,M,,*73
$GPGGA,090019.60,5228.30900026,N,01325.74168535,E,1,05,2.87,160.00,M,-21.3213,M,,*70
$GPGGA,090019.70,5228.30900026,N,01325.74168535,E,1,05,2.87,160.00,M,-21.3213,M,,*71
$GPGGA,090019.80,5228.30900026,N,01325.74168535,E,1,05,2.87,160.00,M,-21.3213,M,,*7E
$GPGGA,090019.90,5228.30900026,N,01325.74168535,E,1,05,2.87,160.00,M,-21.3213,M,,*7F
$GPGGA,090020.00,5228.30900026,N,01325.74168535,E,1,05,2.87,160.00,M,-21.3213,M,,*7C
$GPGGA,090020.10,5228.30900026,N,01325.74168535,E,1,05,2.87,160.00,M,-21.3213,M,,*7D
$GPGGA,090020.20,5228.30900026,N,01325.74168535,E,1,05,2.87,160.00,M,-21.3213,M,,*7E
$GPGGA,090020.30,5228.30900026,N,01325.74168535,E,1,05,2.87,160.00,M,-21.3213,M,,*7F
$GPGGA,090020.40,5228.30900026,N,01325.74168535,E,1,05,2.87,160.00,M,-21.3213,M,,*78
$GPGGA,090020.50,5228.30900026,N,01325.74168535,E,1,05,2.87,160.00,M,-21.3213,M,,*79
$GPGGA,090020.60,5228.30900026,N,01325.74168535,E,1,05,2.87,160.00,M,-21.3213,M,,*7A
$GPGGA,090020.70,5228.30900026,N,01325.74168535,E,1,05,2.87,160.00,M,-21.3213,M,,*7B
$GPGGA,090020.80,5228.30900026,N,01325.74168535,E,1,05,2.87,160.00,M,-21.3213,M,,*74
$GPGGA,090020.90,5228.30900026,N,01325.74168535,E,1,05,2.87,160.00,M,-21.3213,M,,*75
$GPGGA,090021.00,5228.30900026,N,01325.74168535,E,1,05,2.87,160.00,M,-21.3213,M,,*7D
$GPGGA,090021.10,5228.30900026,N,01325.74168535,E,1,05,2.87,160.00,M,-21.3213,M,,*7C
$GPGGA,090021.20,5228.30900026,N,01325.74168535,E,1,05,2.87,160.00,M,-21.3213,M,,*7F
$GPGGA,090021.30,5228.30900026,N,01325.74168535,E,1,05,2.87,160.00,M,-21.3213,M,,*7E
$GPGGA,090021.40,5228.30900026,N,01325.74168535,E,1,05,2.87,160.00,M,-21.3213,M,,*79
$GPGGA,090021.50,5228.30900026,N,01325.74168535,E,1,05,2.87,160.00,M,-21.3213,M,,*78
$GPGGA,090021.60,5228.30900026,N,01325.74168535,E,1,05,2.87,160.00,M,-21.3213,M,,*7B
$GPGGA,090021.70,5228.30900026,N,01325.74168535,E,1,05,2.87,160.00,M,-21.3213,M,,*7A
$GPGGA,090021.80,5228.30900026,N,01325.74168535,E,1,05,2.87,160.00,M,-21.3213,M,,*75
$GPGGA,090021.90,5228.30900026,N,01325.74168535,E,1,05,2.87,160.00,M,-21.3213,M,,*74
$GPGGA,090022.00,5228.30900026,N,01325.74168535,E,1,05,2.87,160.00,M,-21.3213,M,,*7E
$GPGGA,090022.10,5228.30900026,N,01325.74168535,E,1,05,2.87,160.00,M,-21.3213,M,,*7F
$GPGGA,090022.20,5228.30900026,N,01325.74168535,E,1,05,2.87,160.00,M,-21.3213,M,,*7C
$GPGGA,090022.30,5228.30900026,N,01325.74168535,E,1,05,2.87,160.00,M,-21.3213,M,,*7D
$GPGGA,090022.40,5228.30900026,N,01325.74168535,E,1,05,2.87,160.00,M,-21.3213,M,,*7A
$GPGGA,090022.50,5228.30900026,N,01325.74168535,E,1,05,2.87,160.00,M,-21.3213,M,,*7B
$GPGGA,090022.60,5228.30900026,N,01325.74168535,E,1,05,2.87,160.00,M,-21.3213,M,,*78
$GPGGA,090022.70,5228.30900026,N,01325.74168535,E,1,05,2.87,160.00,M,-21.3213,M,,*79
$GPGGA,090022.80,5228.30900026,N,01325.74168535,E,1,05,2.87,160.00,M,-21.3213,M,,*76
$GPGGA,090022.90,5228.30900026,N,01325.74168535,E,1,05,2.87,160.00,M,-21.3213,M,,*77
$GPGGA,090023.00,5228.30900026,N,01325.74168535,E,1,05,2.87,160.00,M,-21.3213,M,,*7F
$GPGGA,090023.10,5228.30900026,N,01325.74168535,E,1,05,2.87,160.00,M,-21.3213,M,,*7E
$GPGGA,090023.20,5228.30900026,N,01325.74168535,E,1,05,2.87,160.00,M,-21.3213,M,,*7D
$GPGGA,090023.30,5228.30900026,N,01325.74168535,E,1,05,2.87,160.00,M,-21.3213,M,,*7C
$GPGGA,090023.40,5228.30900026,N,01325.74168535,E,1,05,2.87,160.00,M,-21.3213,M,,*7B
$GPGGA,090023.50,5228.30900026,N,01325.74168535,E,1,05,2.87,160.00,M,-21.3213,M,,*7A
$GPGGA,090023.60,5228.30900026,N,01325.74168535,E,1,05,2.87,160.00,M,-21.3213,M,,*79
$GPGGA,090023.70,5228.30900026,N,01325.74168535,E,1,05,2.87,160.00,M,-21.3213,M,,*78
$GPGGA,090023.80,5228.30900026,N,01325.74168535,E,1,05,2.87,160.00,M,-21.3213,M,,*77
$GPGGA,090023.90,5228.30900026,N,01325.74168535,E,1,05,2.87,160.00,M,-21.3213,M,,*76
$GPGGA,090024.00,5228.30900026,N,01325.74168535,E,1,05,2.87,160.00,M,-21.3213,M,,*78
$GPGGA,090024.10,5228.30900026,N,01325.74168535,E,1,05,2.87,160.00,M,-21.3213,M,,*79
$GPGGA,090024.20,5228.30900026,N,01325.74168535,E,1,05,2.87,160.00,M,-21.3213,M,,*7A
$GPGGA,090024.30,5228.30900026,N,01325.74168535,E,1,05,2.87,160.00,M,-21.3213,M,,*7B
$GPGGA,090024.40,5228.30900026,N,01325.74168535,E,1,05,2.87,160.00,M,-21.3213,M,,*7C
$GPGGA,090024.50,5228.30900026,N,01325.74168535,E,1,05,2.87,160.00,M,-21.3213,M,,*7D
$GPGGA,090024.60,5228.30900026,N,01325.74168535,E,1,05,2.87,160.00,M,-21.3213,M,,*7E
$GPGGA,090024.70,5228.30900026,N,01325.74168535,E,1,05,2.87,160.00,M,-21.3213,M,,*7F
$GPGGA,090024.80,5228.30900026,N,01325.74168535,E,1,05,2.87,160.00,M,-21.3213,M,,*70
$GPGGA,090024.90,5228.30900026,N,01325.74168535,E,1,05,2.87,160.00,M,-21.3213,M,,*71
$GPGGA,090025.00,5228.30900026,N,01325.74168535,E,1,05,2.87,160.00,M,-21.3213,M,,*79
$GPGGA,090025.10,5228.30900026,N,01325.74168535,E,1,05,2.87,160.00,M,-21.3213,M,,*78
$GPGGA,090025.20,5228.30900026,N,01325.74168535,E,1,05,2.87,160.00,M,-21.3213,M,,*7B
$GPGGA,090025.30,5228.30900026,N,01325.74168535,E,1,05,2.87,160.00,M,-21.3213,M,,*7A
$GPGGA,090025.40,5228.30900026,N,01325.74168535,E,1,05,2.87,160.00,M,-21.3213,M,,*7D
$GPGGA,090025.50,5228.30900026,N,01325.74168535,E,1,05,2.87,160.00,M,-21.3213,M,,*7C
$GPGGA,090025.60,5228.30900026,N,01325.74168535,E,1,05,2.87,160.00,M,-21.3213,M,,*7F
$GPGGA,090025.70,5228.30900026,N,01325.74168535,E,1,05,2.87,160.00,M,-21.3213,M,,*7E
$GPGGA,090025.80,5228.30900026,N,01325.74168535,E,1,05,2.87,160.00,M,-21.3213,M,,*71
$GPGGA,090025.90,5228.30900026,N,01325.74168535,E,1,05,2.87,160.00,M,-21.3213,M,,*70
$GPGGA,090026.00,5228.30900026,N,01325.74168535,E,1,05,2.87,160.00,M,-21.3213,M,,*7A
$GPGGA,090026.10,5228.30900026,N,01325.74168535,E,1,05,2.87,160.00,M,-21.3213,M,,*7B
$GPGGA,090026.20,5228.30900026,N,01325.74168535,E,1,05,2.87,160.00,M,-21.3213,M,,*78
$GPGGA,090026.30,5228.30900026,N,01325.74168535,E,1,05,2.87,160.00,M,-21.3213,M,,*79
$GPGGA,090026.40,5228.30900026,N,01325.74168535,E,1,05,2.87,160.00,M,-21.3213,M,,*7E
$GPGGA,090026.50,5228.30900026,N,01325.74168535,E,1,05,2.87,160.00,M,-21.3213,M,,*7F
$GPGGA,090026.60,5228.30900026,N,01325.74168535,E,1,05,2.87,160.00,M,-21.3213,M,,*7C
$GPGGA,090026.70,5228.30900026,N,01325.74168535,E,1,05,2.87,160.00,M,-21.3213,M,,*7D
$GPGGA,090026.80,5228.30900026,N,01325.74168535,E,1,05,2.87,160.00,M,-21.3213,M,,*72
$GPGGA,090026.90,5228.30900026,N,01325.74168535,E,1,05,2.87,160.00,M,-21.3213,M,,*73
$GPGGA,090027.00,5228.30900026,N,01325.74168535,E,1,05,2.87,160.00,M,-21.3213,M,,*7B
$GPGGA,090027.10,5228.30900026,N,01325.74168535,E,1,05,2.87,160.00,M,-21.3213,M,,*7A
$GPGGA,090027.20,5228.30900026,N,01325.74168535,E,1,05,2.87,160.00,M,-21.3213,M,,*79
$GPGGA,090027.30,5228.30900026,N,01325.74168535,E,1,05,2.87,160.00,M,-21.3213,M,,*78
$GPGGA,090027.40,5228.30900026,N,01325.74168535,E,1,05,2.87,160.00,M,-21.3213,M,,*7F
$GPGGA,090027.50,5228.30900026,N,01325.74168535,E,1,05,2.87,160.00,M,-21.3213,M,,*7E
$GPGGA,090027.60,5228.30900026,N,01325.74168535,E,1,05,2.87,160.00,M,-21.3213,M,,*7D
$GPGGA,090027.70,5228.30900026,N,01325.74168535,E,1,05,2.87,160.00,M,-21.3213,M,,*7C
$GPGGA,090027.80,5228.30900026,N,01325.74168535,E,1,05,2.87,160.00,M,-21.3213,M,,*73
$GPGGA,090027.90,5228.30900026,N,01325.74168535,E,1,05,2.87,160.00,M,-21.3213,M,,*72
$GPGGA,090028.00,5228.30900026,N,01325.74168535,E,1,05,2.87,160.00,M,-21.3213,M,,*74
$GPGGA,090028.10,5228.30900026,N,01325.74168535,E,1,05,2.87,160.00,M,-21.3213,M,,*75
$GPGGA,090028.20,5228.30900026,N,01325.74168535,E,1,05,2.87,160.00,M,-21.3213,M,,*76
$GPGGA,090028.30,5228.30900026,N,01325.74168535,E,1,05,2.87,160.00,M,-21.3213,M,,*77
$GPGGA,090028.40,5228.30900026,N,01325.74168535,E,1,05,2.87,160.00,M,-21.3213,M,,*70
$GPGGA,090028.50,5228.30900026,N,01325.74168535,E,1,05,2.87,160.00,M,-21.3213,M,,*71
$GPGGA,090028.60,5228.30900026,N,01325.74168535,E,1,05,2.87,160.00,M,-21.3213,M,,*72
$GPGGA,090028.70,5228.30900026,N,01325.74168535,E,1,05,2.87,160.00,M,-21.3213,M,,*73
$GPGGA,090028.80,5228.30900026,N,01325.74168535,E,1,05,2.87,160.00,M,-21.3213,M,,*7C
$GPGGA,090028.90,5228.30900026,N,01325.74168535,E,1,05,2.87,160.00,M,-21.3213,M,,*7D
$GPGGA,090029.00,5228.30900026,N,01325.74168535,E,1,05,2.87,160.00,M,-21.3213,M,,*75
$GPGGA,090029.10,5228.30900026,N,01325.74168535,E,1,05,2.87,160.00,M,-21.3213,M,,*74
$GPGGA,090029.20,5228.30900026,N,01325.74168535,E,1,05,2.87,160.00,M,-21.3213,M,,*77
$GPGGA,090029.30,5228.30900026,N,01325.74168535,E,1,05,2.87,160.00,M,-21.3213,M,,*76
$GPGGA,090029.40,5228.30900026,N,01325.74168535,E,1,05,2.87,160.00,M,-21.3213,M,,*71
$GPGGA,090029.50,5228.30900026,N,01325.74168535,E,1,05,2.87,160.00,M,-21.3213,M,,*70
$GPGGA,090029.60,5228.30900026,N,01325.74168535,E,1,05,2.87,160.00,M,-21.3213,M,,*73
$GPGGA,090029.70,5228.30900026,N,01325.74168535,E,1,05,2.87,160.00,M,-21.3213,M,,*72
$GPGGA,090029.80,5228.30900026,N,01325.74168535,E,1,05,2.87,160.00,M,-21.3213,M,,*7D
$GPGGA,090029.90,5228.30900026,N,01325.74168535,E,1,05,2.87,160.00,M,-21.3213,M,,*7C
$GPGGA,090030.00,5228.30900026,N,01325.74168535,E,1,05,2.87,160.00,M,-21.3213,M,,*7D
$GPGGA,090030.10,5228.30900026,N,01325.74168535,E,1,05,2.87,160.00,M,-21.3213,M,,*7C
$GPGGA,090030.20,5228.30900026,N,01325.74168535,E,1,05,2.87,160.00,M,-21.3213,M,,*7F
$GPGGA,090030.30,5228.30900026,N,01325.74168535,E,1,05,2.87,160.00,M,-21.3213,M,,*7E
$GPGGA,090030.40,5228.30900026,N,01325.74168535,E,1,05,2.87,160.00,M,-21.3213,M,,*79
$GPGGA,090030.50,5228.30900026,N,01325.74168535,E,1,05,2.87,160.00,M,-21.3213,M,,*78
$GPGGA,090030.60,5228.30900026,N,01325.74168535,E,1,05,2.87,160.00,M,-21.3213,M,,*7B
$GPGGA,090030.70,5228.30900026,N,01325.74168535,E,1,05,2.87,160.00,M,-21.3213,M,,*7A
$GPGGA,090030.80,5228.30900026,N,01325.74168535,E,1,05,2.87,160.00,M,-21.3213,M,,*75
$GPGGA,090030.90,5228.30900026,N,01325.74168535,E,1,05,2.87,160.00,M,-21.3213,M,,*74
$GPGGA,090031.00,5228.30900026,N,01325.74168535,E,1,05,2.87,160.00,M,-21.3213,M,,*7C
$GPGGA,090031.10,5228.30900026,N,01325.74168535,E,1,05,2.87,160.00,M,-21.3213,M,,*7D
$GPGGA,090031.20,5228.30900026,N,01325.74168535,E,1,05,2.87,160.00,M,-21.3213,M,,*7E
$GPGGA,090031.30,5228.30900026,N,01325.74168535,E,1,05,2.87,160.00,M,-21.3213,M,,*7F
$GPGGA,090031.40,5228.30900026,N,01325.74168535,E,1,05,2.87,160.00,M,-21.3213,M,,*78
$GPGGA,090031.50,5228.30900026,N,01325.74168535,E,1,05,2.87,160.00,M,-21.3213,M,,*79
$GPGGA,090031.60,5228.30900026,N,01325.74168535,E,1,05,2.87,160.00,M,-21.3213,M,,*7A
$GPGGA,090031.70,5228.30900026,N,01325.74168535,E,1,05,2.87,160.00,M,-21.3213,M,,*7B
$GPGGA,090031.80,5228.30900026,N,01325.74168535,E,1,05,2.87,160.00,M,-21.3213,M,,*74
$GPGGA,090031.90,5228.30900026,N,01325.74168535,E,1,05,2.87,160.00,M,-21.3213,M,,*75
$GPGGA,090032.00,5228.30900026,N,01325.74168535,E,1,05,2.87,160.00,M,-21.3213,M,,*7F
$GPGGA,090032.10,5228.30900026,N,01325.74168535,E,1,05,2.87,160.00,M,-21.3213,M,,*7E
$GPGGA,090032.20,5228.30900026,N,01325.74168535,E,1,05,2.87,160.00,M,-21.3213,M,,*7D
$GPGGA,090032.30,5228.30900026,N,01325.74168535,E,1,05,2.87,160.00,M,-21.3213,M,,*7C
$GPGGA,090032.40,5228.30900026,N,01325.74168535,E,1,05,2.87,160.00,M,-21.3213,M,,*7B
$GPGGA,090032.50,5228.30900026,N,01325.74168535,E,1,05,2.87,160.00,M,-21.3213,M,,*7A
$GPGGA,090032.60,5228.30900026,N,01325.74168535,E,1,05,2.87,160.00,M,-21.3213,M,,*79
$GPGGA,090032.70,5228.30900026,N,01325.74168535,E,1,05,2.87,160.00,M,-21.3213,M,,*78
$GPGGA,090032.80,5228.30900026,N,01325.74168535,E,1,05,2.87,160.00,M,-21.3213,M,,*77
$GPGGA,090032.90,5228.30900026,N,01325.74168535,E,1,05,2.87,160.00,M,-21.3213,M,,*76
$GPGGA,090033.00,5228.30900026,N,01325.74168535,E,1,05,2.87,160.00,M,-21.3213,M,,*7E
$GPGGA,090033.10,5228.30900026,N,01325.74168535,E,1,05,2.87,160.00,M,-21.3213,M,,*7F
$GPGGA,090033.20,5228.30900026,N,01325.74168535,E,1,05,2.87,160.00,M,-21.3213,M,,*7C
$GPGGA,090033.30,5228.30900026,N,01325.74168535,E,1,05,2.87,160.00,M,-21.3213,M,,*7D
$GPGGA,090033.40,5228.30900026,N,01325.74168535,E,1,05,2.87,160.00,M,-21.3213,M,,*7A
$GPGGA,090033.50,5228.30900026,N,01325.74168535,E,1,05,2.87,160.00,M,-21.3213,M,,*7B
$GPGGA,090033.60,5228.30900026,N,01325.74168535,E,1,05,2.87,160.00,M,-21.3213,M,,*78
$GPGGA,090033.70,5228.30900026,N,01325.74168535,E,1,05,2.87,160.00,M,-21.3213,M,,*79
$GPGGA,090033.80,5228.30900026,N,01325.74168535,E,1,05,2.87,160.00,M,-21.3213,M,,*76
$GPGGA,090033.90,5228.30900026,N,01325.74168535,E,1,05,2.87,160.00,M,-21.3213,M,,*77
$GPGGA,090034.00,5228.30900026,N,01325.74168535,E,1,05,2.87,160.00,M,-21.3213,M,,*79
$GPGGA,090034.10,5228.30900026,N,01325.74168535,E,1,05,2.87,160.00,M,-21.3213,M,,*78
$GPGGA,090034.20,5228.30900026,N,01325.74168535,E,1,05,2.87,160.00,M,-21.3213,M,,*7B
$GPGGA,090034.30,5228.30900026,N,01325.74168535,E,1,05,2.87,160.00,M,-21.3213,M,,*7A
$GPGGA,090034.40,5228.30900026,N,01325.74168535,E,1,05,2.87,160.00,M,-21.3213,M,,*7D
$GPGGA,090034.50,5228.30900026,N,01325.74168535,E,1,05,2.87,160.00,M,-21.3213,M,,*7C
$GPGGA,090034.60,5228.30900026,N,01325.74168535,E,1,05,2.87,160.00,M,-21.3213,M,,*7F
$GPGGA,090034.70,5228.30900026,N,01325.74168535,E,1,05,2.87,160.00,M,-21.3213,M,,*7E
$GPGGA,090034.80,5228.30900026,N,01325.74168535,E,1,05,2.87,160.00,M,-21.3213,M,,*71
$GPGGA,090034.90,5228.30900026,N,01325.74168535,E,1,05,2.87,160.00,M,-21.3213,M,,*70
$GPGGA,090035.00,5228.30900026,N,01325.74168535,E,1,05,2.87,160.00,M,-21.3213,M,,*78
$GPGGA,090035.10,5228.30900026,N,01325.74168535,E,1,05,2.87,160.00,M,-21.3213,M,,*79
$GPGGA,090035.20,5228.30900026,N,01325.74168535,E,1,05,2.87,160.00,M,-21.3213,M,,*7A
$GPGGA,090035.30,5228.30900026,N,01325.74168535,E,1,05,2.87,160.00,M,-21.3213,M,,*7B
$GPGGA,090035.40,5228.30900026,N,01325.74168535,E,1,05,2.87,160.00,M,-21.3213,M,,*7C
$GPGGA,090035.50,5228.30900026,N,01325.74168535,E,1,05,2.87,160.00,M,-21.3213,M,,*7D
$GPGGA,090035.60,5228.30900026,N,01325.74168535,E,1,05,2.87,160.00,M,-21.3213,M,,*7E
$GPGGA,090035.70,5228.30900026,N,01325.74168535,E,1,05,2.87,160.00,M,-21.3213,M,,*7F
$GPGGA,090035.80,5228.30900026,N,01325.74168535,E,1,05,2.87,160.00,M,-21.3213,M,,*70
$GPGGA,090035.90,5228.30900026,N,01325.74168535,E,1,05,2.87,160.00,M,-21.3213,M,,*71
$GPGGA,090036.00,5228.30900026,N,01325.74168535,E,1,05,2.87,160.00,M,-21.3213,M,,*7B
$GPGGA,090036.10,5228.30900026,N,01325.74168535,E,1,05,2.87,160.00,M,-21.3213,M,,*7A
$GPGGA,090036.20,5228.30900026,N,01325.74168535,E,1,05,2.87,160.00,M,-21.3213,M,,*79
$GPGGA,090036.30,5228.30900026,N,01325.74168535,E,1,05,2.87,160.00,M,-21.3213,M,,*78
$GPGGA,090036.40,5228.30900026,N,01325.74168535,E,1,05,2.87,160.00,M,-21.3213,M,,*7F
$GPGGA,090036.50,5228.30900026,N,01325.74168535,E,1,05,2.87,160.00,M,-21.3213,M,,*7E
$GPGGA,090036.60,5228.30900026,N,01325.74168535,E,1,05,2.87,160.00,M,-21.3213,M,,*7D
$GPGGA,090036.70,5228.30900026,N,01325.74168535,E,1,05,2.87,160.00,M,-21.3213,M,,*7C
$GPGGA,090036.80,5228.30900026,N,01325.74168535,E,1,05,2.87,160.00,M,-21.3213,M,,*73
$GPGGA,090036.90,5228.30900026,N,01325.74168535,E,1,05,2.87,160.00,M,-21.3213,M,,*72
$GPGGA,090037.00,5228.30900026,N,01325.74168535,E,1,05,2.87,160.00,M,-21.3213,M,,*7A
$GPGGA,090037.10,5228.30900026,N,01325.74168535,E,1,05,2.87,160.00,M,-21.3213,M,,*7B
$GPGGA,090037.20,5228.30900026,N,01325.74168535,E,1,05,2.87,160.00,M,-21.3213,M,,*78
$GPGGA,090037.30,5228.30900026,N,01325.74168535,E,1,05,2.87,160.00,M,-21.3213,M,,*79
$GPGGA,090037.40,5228.30900026,N,01325.74168535,E,1,05,2.87,160.00,M,-21.3213,M,,*7E
$GPGGA,090037.50,5228.30900026,N,01325.74168535,E,1,05,2.87,160.00,M,-21.3213,M,,*7F
$GPGGA,090037.60,5228.30900026,N,01325.74168535,E,1,05,2.87,160.00,M,-21.3213,M,,*7C
$GPGGA,090037.70,5228.30900026,N,01325.74168535,E,1,05,2.87,160.00,M,-21.3213,M,,*7D
$GPGGA,090037.80,5228.30900026,N,01325.74168535,E,1,05,2.87,160.00,M,-21.3213,M,,*72
$GPGGA,090037.90,5228.30900026,N,01325.74168535,E,1,05,2.87,160.00,M,-21.3213,M,,*73
$GPGGA,090038.00,5228.30900026,N,01325.74168535,E,1,05,2.87,160.00,M,-21.3213,M,,*75
$GPGGA,090038.10,5228.30900026,N,01325.74168535,E,1,05,2.87,160.00,M,-21.3213,M,,*74
$GPGGA,090038.20,5228.30900026,N,01325.74168535,E,1,05,2.87,160.00,M,-21.3213,M,,*77
$GPGGA,090038.30,5228.30900026,N,01325.74168535,E,1,05,2.87,160.00,M,-21.3213,M,,*76
$GPGGA,090038.40,5228.30900026,N,01325.74168535,E,1,05,2.87,160.00,M,-21.3213,M,,*71
$GPGGA,090038.50,5228.30900026,N,01325.74168535,E,1,05,2.87,160.00,M,-21.3213,M,,*70
$GPGGA,090038.60,5228.30900026,N,01325.74168535,E,1,05,2.87,160.00,M,-21.3213,M,,*73
$GPGGA,090038.70,5228.30900026,N,01325.74168535,E,1,05,2.87,160.00,M,-21.3213,M,,*72
$GPGGA,090038.80,5228.30900026,N,01325.74168535,E,1,05,2.87,160.00,M,-21.3213,M,,*7D
$GPGGA,090038.90,5228.30900026,N,01325.74168535,E,1,05,2.87,160.00,M,-21.3213,M,,*7C
$GPGGA,090039.00,5228.30900026,N,01325.74168535,E,1,05,2.87,160.00,M,-21.3213,M,,*74
$GPGGA,090039.10,5228.30900026,N,01325.74168535,E,1,05,2.87,160.00,M,-21.3213,M,,*75
$GPGGA,090039.20,5228.30900026,N,01325.74168535,E,1,05,2.87,160.00,M,-21.3213,M,,*76
$GPGGA,090039.30,5228.30900026,N,01325.74168535,E,1,05,2.87,160.00,M,-21.3213,M,,*77
$GPGGA,090039.40,5228.30900026,N,01325.74168535,E,1,05,2.87,160.00,M,-21.3213,M,,*70
$GPGGA,090039.50,5228.30900026,N,01325.74168535,E,1,05,2.87,160.00,M,-21.3213,M,,*71
$GPGGA,090039.60,5228.30900026,N,01325.74168535,E,1,05,2.87,160.00,M,-21.3213,M,,*72
$GPGGA,090039.70,5228.30900026,N,01325.74168535,E,1,05,2.87,160.00,M,-21.3213,M,,*73
$GPGGA,090039.80,5228.30900026,N,01325.74168535,E,1,05,2.87,160.00,M,-21.3213,M,,*7C
$GPGGA,090039.90,5228.30900026,N,01325.74168535,E,1,05,2.87,160.00,M,-21.3213,M,,*7D
$GPGGA,090040.00,5228.30900026,N,01325.74168535,E,1,05,2.87,160.00,M,-21.3213,M,,*7A
$GPGGA,090040.10,5228.30900026,N,01325.74168535,E,1,05,2.87,160.00,M,-21.3213,M,,*7B
$GPGGA,090040.20,5228.30900026,N,01325.74168535,E,1,05,2.87,160.00,M,-21.3213,M,,*78
$GPGGA,090040.30,5228.30900026,N,01325.74168535,E,1,05,2.87,160.00,M,-21.3213,M,,*79
$GPGGA,090040.40,5228.30900026,N,01325.74168535,E,1,05,2.87,160.00,M,-21.3213,M,,*7E
$GPGGA,090040.50,5228.30900026,N,01325.74168535,E,1,05,2.87,160.00,M,-21.3213,M,,*7F
$GPGGA,090040.60,5228.30900026,N,01325.74168535,E,1,05,2.87,160.00,M,-21.3213,M,,*7C
$GPGGA,090040.70,5228.30900026,N,01325.74168535,E,1,05,2.87,160.00,M,-21.3213,M,,*7D
$GPGGA,090040.80,5228.30900026,N,01325.74168535,E,1,05,2.87,160.00,M,-21.3213,M,,*72
$GPGGA,090040.90,5228.30900026,N,01325.74168535,E,1,05,2.87,160.00,M,-21.3213,M,,*73
$GPGGA,090041.00,5228.30900026,N,01325.74168535,E,1,05,2.87,160.00,M,-21.3213,M,,*7B
$GPGGA,090041.10,5228.30900026,N,01325.74168535,E,1,05,2.87,160.00,M,-21.3213,M,,*7A
$GPGGA,090041.20,5228.30900026,N,01325.74168535,E,1,05,2.87,160.00,M,-21.3213,M,,*79
$GPGGA,090041.30,5228.30900026,N,01325.74168535,E,1,05,2.87,160.00,M,-21.3213,M,,*78
$GPGGA,090041.40,5228.30900026,N,01325.74168535,E,1,05,2.87,160.00,M,-21.3213,M,,*7F
$GPGGA,090041.50,5228.30900026,N,01325.74168535,E,1,05,2.87,160.00,M,-21.3213,M,,*7E
$GPGGA,090041.60,5228.30900026,N,01325.74168535,E,1,05,2.87,160.00,M,-21.3213,M,,*7D
$GPGGA,090041.70,5228.30900026,N,01325.74168535,E,1,05,2.87,160.00,M,-21.3213,M,,*7C
$GPGGA,090041.80,5228.30900026,N,01325.74168535,E,1,05,2.87,160.00,M,-21.3213,M,,*73
$GPGGA,090041.90,5228.30900026,N,01325.74168535,E,1,05,2.87,160.00,M,-21.3213,M,,*72
$GPGGA,090042.00,5228.30900026,N,01325.74168535,E,1,05,2.87,160.00,M,-21.3213,M,,*78
$GPGGA,090042.10,5228.30900026,N,01325.74168535,E,1,05,2.87,160.00,M,-21.3213,M,,*79
$GPGGA,090042.20,5228.30900026,N,01325.74168535,E,1,05,2.87,160.00,M,-21.3213,M,,*7A
$GPGGA,090042.30,5228.30900026,N,01325.74168535,E,1,05,2.87,160.00,M,-21.3213,M,,*7B
$GPGGA,090042.40,5228.30900026,N,01325.74168535,E,1,05,2.87,160.00,M,-21.3213,M,,*7C
$GPGGA,090042.50,5228.30900026,N,01325.74168535,E,1,05,2.87,160.00,M,-21.3213,M,,*7D
$GPGGA,090042.60,5228.30900026,N,01325.74168535,E,1,05,2.87,160.00,M,-21.3213,M,,*7E
$GPGGA,090042.70,5228.30900026,N,01325.74168535,E,1,05,2.87,160.00,M,-21.3213,M,,*7F
$GPGGA,090042.80,5228.30900026,N,01325.74168535,E,1,05,2.87,160.00,M,-21.3213,M,,*70
$GPGGA,090042.90,5228.30900026,N,01325.74168535,E,1,05,2.87,160.00,M,-21.3213,M,,*71
$GPGGA,090043.00,5228.30900026,N,01325.74168535,E,1,05,2.87,160.00,M,-21.3213,M,,*79
$GPGGA,090043.10,5228.30900026,N,01325.74168535,E,1,05,2.87,160.00,M,-21.3213,M,,*78
$GPGGA,090043.20,5228.30900026,N,01325.74168535,E,1,05,2.87,160.00,M,-21.3213,M,,*7B
$GPGGA,090043.30,5228.30900026,N,01325.74168535,E,1,05,2.87,160.00,M,-21.3213,M,,*7A
$GPGGA,090043.40,5228.30900026,N,01325.74168535,E,1,05,2.87,160.00,M,-21.3213,M,,*7D
$GPGGA,090043.50,5228.30900026,N,01325.74168535,E,1,05,2.87,160.00,M,-21.3213,M,,*7C
$GPGGA,090043.60,5228.30900026,N,01325.74168535,E,1,05,2.87,160.00,M,-21.3213,M,,*7F
$GPGGA,090043.70,5228.30900026,N,01325.74168535,E,1,05,2.87,160.00,M,-21.3213,M,,*7E
$GPGGA,090043.80,5228.30900026,N,01325.74168535,E,1,05,2.87,160.00,M,-21.3213,M,,*71
$GPGGA,090043.90,5228.30900026,N,01325.74168535,E,1,05,2.87,160.00,M,-21.3213,M,,*70
$GPGGA,090044.00,5228.30900026,N,01325.74168535,E,1,05,2.87,160.00,M,-21.3213,M,,*7E
$GPGGA,090044.10,5228.30900026,N,01325.74168535,E,1,05,2.87,160.00,M,-21.3213,M,,*7F
$GPGGA,090044.20,5228.30900026,N,01325.74168535,E,1,05,2.87,160.00,M,-21.3213,M,,*7C
$GPGGA,090044.30,5228.30900026,N,01325.74168535,E,1,05,2.87,160.00,M,-21.3213,M,,*7D
$GPGGA,090044.40,5228.30900026,N,01325.74168535,E,1,05,2.87,160.00,M,-21.3213,M,,*7A
$GPGGA,090044.50,5228.30900026,N,01325.74168535,E,1,05,2.87,160.00,M,-21.3213,M,,*7B
$GPGGA,090044.60,5228.30900026,N,01325.74168535,E,1,05,2.87,160.00,M,-21.3213,M,,*78
$GPGGA,090044.70,5228.30900026,N,01325.74168535,E,1,05,2.87,160.00,M,-21.3213,M,,*79
$GPGGA,090044.80,5228.30900026,N,01325.74168535,E,1,05,2.87,160.00,M,-21.3213,M,,*76
$GPGGA,090044.90,5228.30900026,N,01325.74168535,E,1,05,2.87,160.00,M,-21.3213,M,,*77
$GPGGA,090045.00,5228.30900026,N,01325.74168535,E,1,05,2.87,160.00,M,-21.3213,M,,*7F
$GPGGA,090045.10,5228.30900026,N,01325.74168535,E,1,05,2.87,160.00,M,-21.3213,M,,*7E
$GPGGA,090045.20,5228.30900026,N,01325.74168535,E,1,05,2.87,160.00,M,-21.3213,M,,*7D
$GPGGA,090045.30,5228.30900026,N,01325.74168535,E,1,05,2.87,160.00,M,-21.3213,M,,*7C
$GPGGA,090045.40,5228.30900026,N,01325.74168535,E,1,05,2.87,160.00,M,-21.3213,M,,*7B
$GPGGA,090045.50,5228.30900026,N,01325.74168535,E,1,05,2.87,160.00,M,-21.3213,M,,*7A
$GPGGA,090045.60,5228.30900026,N,01325.74168535,E,1,05,2.87,160.00,M,-21.3213,M,,*79
$GPGGA,090045.70,5228.30900026,N,01325.74168535,E,1,05,2.87,160.00,M,-21.3213,M,,*78
$GPGGA,090045.80,5228.30900026,N,01325.74168535,E,1,05,2.87,160.00,M,-21.3213,M,,*77
$GPGGA,090045.90,5228.30900026,N,01325.74168535,E,1,05,2.87,160.00,M,-21.3213,M,,*76
$GPGGA,090046.00,5228.30900026,N,01325.74168535,E,1,05,2.87,160.00,M,-21.3213,M,,*7C
$GPGGA,090046.10,5228.30900026,N,01325.74168535,E,1,05,2.87,160.00,M,-21.3213,M,,*7D
$GPGGA,090046.20,5228.30900026,N,01325.74168535,E,1,05,2.87,160.00,M,-21.3213,M,,*7E
$GPGGA,090046.30,5228.30900026,N,01325.74168535,E,1,05,2.87,160.00,M,-21.3213,M,,*7F
$GPGGA,090046.40,5228.30900026,N,01325.74168535,E,1,05,2.87,160.00,M,-21.3213,M,,*78
$GPGGA,090046.50,5228.30900026,N,01325.74168535,E,1,05,2.87,160.00,M,-21.3213,M,,*79
$GPGGA,090046.60,5228.30900026,N,01325.74168535,E,1,05,2.87,160.00,M,-21.3213,M,,*7A
$GPGGA,090046.70,5228.30900026,N,01325.74168535,E,1,05,2.87,160.00,M,-21.3213,M,,*7B
$GPGGA,090046.80,5228.30900026,N,01325.74168535,E,1,05,2.87,160.00,M,-21.3213,M,,*74
$GPGGA,090046.90,5228.30900026,N,01325.74168535,E,1,05,2.87,160.00,M,-21.3213,M,,*75
$GPGGA,090047.00,5228.30900026,N,01325.74168535,E,1,05,2.87,160.00,M,-21.3213,M,,*7D
$GPGGA,090047.10,5228.30900026,N,01325.74168535,E,1,05,2.87,160.00,M,-21.3213,M,,*7C
$GPGGA,090047.20,5228.30900026,N,01325.74168535,E,1,05,2.87,160.00,M,-21.3213,M,,*7F
$GPGGA,090047.30,5228.30900026,N,01325.74168535,E,1,05,2.87,160.00,M,-21.3213,M,,*7E
$GPGGA,090047.40,5228.30900026,N,01325.74168535,E,1,05,2.87,160.00,M,-21.3213,M,,*79
$GPGGA,090047.50,5228.30900026,N,01325.74168535,E,1,05,2.87,160.00,M,-21.3213,M,,*78
$GPGGA,090047.60,5228.30900026,N,01325.74168535,E,1,05,2.87,160.00,M,-21.3213,M,,*7B
$GPGGA,090047.70,5228.30900026,N,01325.74168535,E,1,05,2.87,160.00,M,-21.3213,M,,*7A
$GPGGA,090047.80,5228.30900026,N,01325.74168535,E,1,05,2.87,160.00,M,-21.3213,M,,*75
$GPGGA,090047.90,5228.30900026,N,01325.74168535,E,1,05,2.87,160.00,M,-21.3213,M,,*74
$GPGGA,090048.00,5228.30900026,N,01325.74168535,E,1,05,2.87,160.00,M,-21.3213,M,,*72
$GPGGA,090048.10,5228.30900026,N,01325.74168535,E,1,05,2.87,160.00,M,-21.3213,M,,*73
$GPGGA,090048.20,5228.30900026,N,01325.74168535,E,1,05,2.87,160.00,M,-21.3213,M,,*70
$GPGGA,090048.30,5228.30900026,N,01325.74168535,E,1,05,2.87,160.00,M,-21.3213,M,,*71
$GPGGA,090048.40,5228.30900026,N,01325.74168535,E,1,05,2.87,160.00,M,-21.3213,M,,*76
$GPGGA,090048.50,5228.30900026,N,01325.74168535,E,1,05,2.87,160.00,M,-21.3213,M,,*77
$GPGGA,090048.60,5228.30900026,N,01325.74168535,E,1,05,2.87,160.00,M,-21.3213,M,,*74
$GPGGA,090048.70,5228.30900026,N,01325.74168535,E,1,05,2.87,160.00,M,-21.3213,M,,*75
$GPGGA,090048.80,5228.30900026,N,01325.74168535,E,1,05,2.87,160.00,M,-21.3213,M,,*7A
$GPGGA,090048.90,5228.30900026,N,01325.74168535,E,1,05,2.87,160.00,M,-21.3213,M,,*7B
$GPGGA,090049.00,5228.30900026,N,01325.74168535,E,1,05,2.87,160.00,M,-21.3213,M,,*73
$GPGGA,090049.10,5228.30900026,N,01325.74168535,E,1,05,2.87,160.00,M,-21.3213,M,,*72
$GPGGA,090049.20,5228.30900026,N,01325.74168535,E,1,05,2.87,160.00,M,-21.3213,M,,*71
$GPGGA,090049.30,5228.30900026,N,01325.74168535,E,1,05,2.87,160.00,M,-21.3213,M,,*70
$GPGGA,090049.40,5228.30900026,N,01325.74168535,E,1,05,2.87,160.00,M,-21.3213,M,,*77
$GPGGA,090049.50,5228.30900026,N,01325.74168535,E,1,05,2.87,160.00,M,-21.3213,M,,*76
$GPGGA,090049.60,5228.30900026,N,01325.74168535,E,1,05,2.87,160.00,M,-21.3213,M,,*75
$GPGGA,090049.70,5228.30900026,N,01325.74168535,E,1,05,2.87,160.00,M,-21.3213,M,,*74
$GPGGA,090049.80,5228.30900026,N,01325.74168535,E,1,05,2.87,160.00,M,-21.3213,M,,*7B
$GPGGA,090049.90,5228.30900026,N,01325.74168535,E,1,05,2.87,160.00,M,-21.3213,M,,*7A
$GPGGA,090050.00,5228.30900026,N,01325.74168535,E,1,05,2.87,160.00,M,-21.3213,M,,*7B
$GPGGA,090050.10,5228.30900026,N,01325.74168535,E,1,05,2.87,160.00,M,-21.3213,M,,*7A
$GPGGA,090050.20,5228.30900026,N,01325.74168535,E,1,05,2.87,160.00,M,-21.3213,M,,*79
$GPGGA,090050.30,5228.30900026,N,01325.74168535,E,1,05,2.87,160.00,M,-21.3213,M,,*78
$GPGGA,090050.40,5228.30900026,N,01325.74168535,E,1,05,2.87,160.00,M,-21.3213,M,,*7F
$GPGGA,090050.50,5228.30900026,N,01325.74168535,E,1,05,2.87,160.00,M,-21.3213,M,,*7E
$GPGGA,090050.60,5228.30900026,N,01325.74168535,E,1,05,2.87,160.00,M,-21.3213,M,,*7D
$GPGGA,090050.70,5228.30900026,N,01325.74168535,E,1,05,2.87,160.00,M,-21.3213,M,,*7C
$GPGGA,090050.80,5228.30900026,N,01325.74168535,E,1,05,2.87,160.00,M,-21.3213,M,,*73
$GPGGA,090050.90,5228.30900026,N,01325.74168535,E,1,05,2.87,160.00,M,-21.3213,M,,*72
$GPGGA,090051.00,5228.30900026,N,01325.74168535,E,1,05,2.87,160.00,M,-21.3213,M,,*7A
$GPGGA,090051.10,5228.30900026,N,01325.74168535,E,1,05,2.87,160.00,M,-21.3213,M,,*7B
$GPGGA,090051.20,5228.30900026,N,01325.74168535,E,1,05,2.87,160.00,M,-21.3213,M,,*78
$GPGGA,090051.30,5228.30900026,N,01325.74168535,E,1,05,2.87,160.00,M,-21.3213,M,,*79
$GPGGA,090051.40,5228.30900026,N,01325.74168535,E,1,05,2.87,160.00,M,-21.3213,M,,*7E
$GPGGA,090051.50,5228.30900026,N,01325.74168535,E,1,05,2.87,160.00,M,-21.3213,M,,*7F
$GPGGA,090051.60,5228.30900026,N,01325.74168535,E,1,05,2.87,160.00,M,-21.3213,M,,*7C
$GPGGA,090051.70,5228.30900026,N,01325.74168535,E,1,05,2.87,160.00,M,-21.3213,M,,*7D
$GPGGA,090051.80,5228.30900026,N,01325.74168535,E,1,05,2.87,160.00,M,-21.3213,M,,*72
$GPGGA,090051.90,5228.30900026,N,01325.74168535,E,1,05,2.87,160.00,M,-21.3213,M,,*73
$GPGGA,090052.00,5228.30900026,N,01325.74168535,E,1,05,2.87,160.00,M,-21.3213,M,,*79
$GPGGA,090052.10,5228.30900026,N,01325.74168535,E,1,05,2.87,160.00,M,-21.3213,M,,*78
$GPGGA,090052.20,5228.30900026,N,01325.74168535,E,1,05,2.87,160.00,M,-21.3213,M,,*7B
$GPGGA,090052.30,5228.30900026,N,01325.74168535,E,1,05,2.87,160.00,M,-21.3213,M,,*7A
$GPGGA,090052.40,5228.30900026,N,01325.74168535,E,1,05,2.87,160.00,M,-21.3213,M,,*7D
$GPGGA,090052.50,5228.30900026,N,01325.74168535,E,1,05,2.87,160.00,M,-21.3213,M,,*7C
$GPGGA,090052.60,5228.30900026,N,01325.74168535,E,1,05,2.87,160.00,M,-21.3213,M,,*7F
$GPGGA,090052.70,5228.30900026,N,01325.74168535,E,1,05,2.87,160.00,M,-21.3213,M,,*7E
$GPGGA,090052.80,5228.30900026,N,01325.74168535,E,1,05,2.87,160.00,M,-21.3213,M,,*71
$GPGGA,090052.90,5228.30900026,N,01325.74168535,E,1,05,2.87,160.00,M,-21.3213,M,,*70
$GPGGA,090053.00,5228.30900026,N,01325.74168535,E,1,05,2.87,160.00,M,-21.3213,M,,*78
$GPGGA,090053.10,5228.30900026,N,01325.74168535,E,1,05,2.87,160.00,M,-21.3213,M,,*79
$GPGGA,090053.20,5228.30900026,N,01325.74168535,E,1,05,2.87,160.00,M,-21.3213,M,,*7A
$GPGGA,090053.30,5228.30900026,N,01325.74168535,E,1,05,2.87,160.00,M,-21.3213,M,,*7B
$GPGGA,090053.40,5228.30900026,N,01325.74168535,E,1,05,2.87,160.00,M,-21.3213,M,,*7C
$GPGGA,090053.50,5228.30900026,N,01325.74168535,E,1,05,2.87,160.00,M,-21.3213,M,,*7D
$GPGGA,090053.60,5228.30900026,N,01325.74168535,E,1,05,2.87,160.00,M,-21.3213,M,,*7E
$GPGGA,090053.70,5228.30900026,N,01325.74168535,E,1,05,2.87,160.00,M,-21.3213,M,,*7F
$GPGGA,090053.80,5228.30900026,N,01325.74168535,E,1,05,2.87,160.00,M,-21.3213,M,,*70
$GPGGA,090053.90,5228.30900026,N,01325.74168535,E,1,05,2.87,160.00,M,-21.3213,M,,*71
$GPGGA,090054.00,5228.30900026,N,01325.74168535,E,1,05,2.87,160.00,M,-21.3213,M,,*7F
$GPGGA,090054.10,5228.30900026,N,01325.74168535,E,1,05,2.87,160.00,M,-21.3213,M,,*7E
$GPGGA,090054.20,5228.30900026,N,01325.74168535,E,1,05,2.87,160.00,M,-21.3213,M,,*7D
$GPGGA,090054.30,5228.30900026,N,01325.74168535,E,1,05,2.87,160.00,M,-21.3213,M,,*7C
$GPGGA,090054.40,5228.30900026,N,01325.74168535,E,1,05,2.87,160.00,M,-21.3213,M,,*7B
$GPGGA,090054.50,5228.30900026,N,01325.74168535,E,1,05,2.87,160.00,M,-21.3213,M,,*7A
$GPGGA,090054.60,5228.30900026,N,01325.74168535,E,1,05,2.87,160.00,M,-21.3213,M,,*79
$GPGGA,090054.70,5228.30900026,N,01325.74168535,E,1,05,2.87,160.00,M,-21.3213,M,,*78
$GPGGA,090054.80,5228.30900026,N,01325.74168535,E,1,05,2.87,160.00,M,-21.3213,M,,*77
$GPGGA,090054.90,5228.30900026,N,01325.74168535,E,1,05,2.87,160.00,M,-21.3213,M,,*76
$GPGGA,090055.00,5228.30900026,N,01325.74168535,E,1,05,2.87,160.00,M,-21.3213,M,,*7E
$GPGGA,090055.10,5228.30900026,N,01325.74168535,E,1,05,2.87,160.00,M,-21.3213,M,,*7F
$GPGGA,090055.20,5228.30900026,N,01325.74168535,E,1,05,2.87,160.00,M,-21.3213,M,,*7C
$GPGGA,090055.30,5228.30900026,N,01325.74168535,E,1,05,2.87,160.00,M,-21.3213,M,,*7D
$GPGGA,090055.40,5228.30900026,N,01325.74168535,E,1,05,2.87,160.00,M,-21.3213,M,,*7A
$GPGGA,090055.50,5228.30900026,N,01325.74168535,E,1,05,2.87,160.00,M,-21.3213,M,,*7B
$GPGGA,090055.60,5228.30900026,N,01325.74168535,E,1,05,2.87,160.00,M,-21.3213,M,,*78
$GPGGA,090055.70,5228.30900026,N,01325.74168535,E,1,05,2.87,160.00,M,-21.3213,M,,*79
$GPGGA,090055.80,5228.30900026,N,01325.74168535,E,1,05,2.87,160.00,M,-21.3213,M,,*76
$GPGGA,090055.90,5228.30900026,N,01325.74168535,E,1,05,2.87,160.00,M,-21.3213,M,,*77
$GPGGA,090056.00,5228.30900026,N,01325.74168535,E,1,05,2.87,160.00,M,-21.3213,M,,*7D
$GPGGA,090056.10,5228.30900026,N,01325.74168535,E,1,05,2.87,160.00,M,-21.3213,M,,*7C
$GPGGA,090056.20,5228.30900026,N,01325.74168535,E,1,05,2.87,160.00,M,-21.3213,M,,*7F
$GPGGA,090056.30,5228.30900026,N,01325.74168535,E,1,05,2.87,160.00,M,-21.3213,M,,*7E
$GPGGA,090056.40,5228.30900026,N,01325.74168535,E,1,05,2.87,160.00,M,-21.3213,M,,*79
$GPGGA,090056.50,5228.30900026,N,01325.74168535,E,1,05,2.87,160.00,M,-21.3213,M,,*78
$GPGGA,090056.60,5228.30900026,N,01325.74168535,E,1,05,2.87,160.00,M,-21.3213,M,,*7B
$GPGGA,090056.70,5228.30900026,N,01325.74168535,E,1,05,2.87,160.00,M,-21.3213,M,,*7A
$GPGGA,090056.80,5228.30900026,N,01325.74168535,E,1,05,2.87,160.00,M,-21.3213,M,,*75
$GPGGA,090056.90,5228.30900026,N,01325.74168535,E,1,05,2.87,160.00,M,-21.3213,M,,*74
$GPGGA,090057.00,5228.30900026,N,01325.74168535,E,1,05,2.87,160.00,M,-21.3213,M,,*7C
$GPGGA,090057.10,5228.30900026,N,01325.74168535,E,1,05,2.87,160.00,M,-21.3213,M,,*7D
$GPGGA,090057.20,5228.30900026,N,01325.74168535,E,1,05,2.87,160.00,M,-21.3213,M,,*7E
$GPGGA,090057.30,5228.30900026,N,01325.74168535,E,1,05,2.87,160.00,M,-21.3213,M,,*7F
$GPGGA,090057.40,5228.30900026,N,01325.74168535,E,1,05,2.87,160.00,M,-21.3213,M,,*78
$GPGGA,090057.50,5228.30900026,N,01325.74168535,E,1,05,2.87,160.00,M,-21.3213,M,,*79
$GPGGA,090057.60,5228.30900026,N,01325.74168535,E,1,05,2.87,160.00,M,-21.3213,M,,*7A
$GPGGA,090057.70,5228.30900026,N,01325.74168535,E,1,05,2.87,160.00,M,-21.3213,M,,*7B
$GPGGA,090057.80,5228.30900026,N,01325.74168535,E,1,05,2.87,160.00,M,-21.3213,M,,*74
$GPGGA,090057.90,5228.30900026,N,01325.74168535,E,1,05,2.87,160.00,M,-21.3213,M,,*75
$GPGGA,090058.00,5228.30900026,N,01325.74168535,E,1,05,2.87,160.00,M,-21.3213,M,,*73
$GPGGA,090058.10,5228.30900026,N,01325.74168535,E,1,05,2.87,160.00,M,-21.3213,M,,*72
$GPGGA,090058.20,5228.30900026,N,01325.74168535,E,1,05,2.87,160.00,M,-21.3213,M,,*71
$GPGGA,090058.30,5228.30900026,N,01325.74168535,E,1,05,2.87,160.00,M,-21.3213,M,,*70
$GPGGA,090058.40,5228.30900026,N,01325.74168535,E,1,05,2.87,160.00,M,-21.3213,M,,*77
$GPGGA,090058.50,5228.30900026,N,01325.74168535,E,1,05,2.87,160.00,M,-21.3213,M,,*76
$GPGGA,090058.60,5228.30900026,N,01325.74168535,E,1,05,2.87,160.00,M,-21.3213,M,,*75
$GPGGA,090058.70,5228.30900026,N,01325.74168535,E,1,05,2.87,160.00,M,-21.3213,M,,*74
$GPGGA,090058.80,5228.30900026,N,01325.74168535,E,1,05,2.87,160.00,M,-21.3213,M,,*7B
$GPGGA,090058.90,5228.30900026,N,01325.74168535,E,1,05,2.87,160.00,M,-21.3213,M,,*7A
$GPGGA,090059.00,5228.30900026,N,01325.74168535,E,1,05,2.87,160.00,M,-21.3213,M,,*72
$GPGGA,090059.10,5228.30900026,N,01325.74168535,E,1,05,2.87,160.00,M,-21.3213,M,,*73
$GPGGA,090059.20,5228.30900026,N,01325.74168535,E,1,05,2.87,160.00,M,-21.3213,M,,*70
$GPGGA,090059.30,5228.30900026,N,01325.74168535,E,1,05,2.87,160.00,M,-21.3213,M,,*71
$GPGGA,090059.40,5228.30900026,N,01325.74168535,E,1,05,2.87,160.00,M,-21.3213,M,,*76
$GPGGA,090059.50,5228.30900026,N,01325.74168535,E,1,05,2.87,160.00,M,-21.3213,M,,*77
$GPGGA,090059.60,5228.30900026,N,01325.74168535,E,1,05,2.87,160.00,M,-21.3213,M,,*74
$GPGGA,090059.70,5228.30900026,N,01325.74168535,E,1,05,2.87,160.00,M,-21.3213,M,,*75
$GPGGA,090059.80,5228.30900026,N,01325.74168535,E,1,05,2.87,160.00,M,-21.3213,M,,*7A
$GPGGA,090059.90,5228.30900026,N,01325.74168535,E,1,05,2.87,160.00,M,-21.3213,M,,*7B
$GPGGA,090100.00,5228.30900026,N,01325.74168535,E,1,05,2.87,160.00,M,-21.3213,M,,*7F
$GPGGA,090100.10,5228.30900026,N,01325.74168535,E,1,05,2.87,160.00,M,-21.3213,M,,*7E
$GPGGA,090100.20,5228.30900026,N,01325.74168535,E,1,05,2.87,160.00,M,-21.3213,M,,*7D
$GPGGA,090100.30,5228.30900026,N,01325.74168535,E,1,05,2.87,160.00,M,-21.3213,M,,*7C
$GPGGA,090100.40,5228.30900026,N,01325.74168535,E,1,05,2.87,160.00,M,-21.3213,M,,*7B
$GPGGA,090100.50,5228.30900026,N,01325.74168535,E,1,05,2.87,160.00,M,-21.3213,M,,*7A
$GPGGA,090100.60,5228.30900026,N,01325.74168535,E,1,05,2.87,160.00,M,-21.3213,M,,*79
$GPGGA,090100.70,5228.30900026,N,01325.74168535,E,1,05,2.87,160.00,M,-21.3213,M,,*78
$GPGGA,090100.80,5228.30900026,N,01325.74168535,E,1,05,2.87,160.00,M,-21.3213,M,,*77
$GPGGA,090100.90,5228.30900026,N,01325.74168535,E,1,05,2.87,160.00,M,-21.3213,M,,*76
$GPGGA,090101.00,5228.30900026,N,01325.74168535,E,1,05,2.87,160.00,M,-21.3213,M,,*7E
$GPGGA,090101.10,5228.30900026,N,01325.74168535,E,1,05,2.87,160.00,M,-21.3213,M,,*7F
$GPGGA,090101.20,5228.30900026,N,01325.74168535,E,1,05,2.87,160.00,M,-21.3213,M,,*7C
$GPGGA,090101.30,5228.30900026,N,01325.74168535,E,1,05,2.87,160.00,M,-21.3213,M,,*7D
$GPGGA,090101.40,5228.30900026,N,01325.74168535,E,1,05,2.87,160.00,M,-21.3213,M,,*7A
$GPGGA,090101.50,5228.30900026,N,01325.74168535,E,1,05,2.87,160.00,M,-21.3213,M,,*7B
$GPGGA,090101.60,5228.30900026,N,01325.74168535,E,1,05,2.87,160.00,M,-21.3213,M,,*78
$GPGGA,090101.70,5228.30900026,N,01325.74168535,E,1,05,2.87,160.00,M,-21.3213,M,,*79
$GPGGA,090101.80,5228.30900026,N,01325.74168535,E,1,05,2.87,160.00,M,-21.3213,M,,*76
$GPGGA,090101.90,5228.30900026,N,01325.74168535,E,1,05,2.87,160.00,M,-21.3213,M,,*77
$GPGGA,090102.00,5228.30900026,N,01325.74168535,E,1,05,2.87,160.00,M,-21.3213,M,,*7D
$GPGGA,090102.10,5228.30900026,N,01325.74168535,E,1,05,2.87,160.00,M,-21.3213,M,,*7C
$GPGGA,090102.20,5228.30900026,N,01325.74168535,E,1,05,2.87,160.00,M,-21.3213,M,,*7F
$GPGGA,090102.30,5228.30900026,N,01325.74168535,E,1,05,2.87,160.00,M,-21.3213,M,,*7E
$GPGGA,090102.40,5228.30900026,N,01325.74168535,E,1,05,2.87,160.00,M,-21.3213,M,,*79
$GPGGA,090102.50,5228.30900026,N,01325.74168535,E,1,05,2.87,160.00,M,-21.3213,M,,*78
$GPGGA,090102.60,5228.30900026,N,01325.74168535,E,1,05,2.87,160.00,M,-21.3213,M,,*7B
$GPGGA,090102.70,5228.30900026,N,01325.74168535,E,1,05,2.87,160.00,M,-21.3213,M,,*7A
$GPGGA,090102.80,5228.30900026,N,01325.74168535,E,1,05,2.87,160.00,M,-21.3213,M,,*75
$GPGGA,090102.90,5228.30900026,N,01325.74168535,E,1,05,2.87,160.00,M,-21.3213,M,,*74
$GPGGA,090103.00,5228.30900026,N,01325.74168535,E,1,05,2.87,160.00,M,-21.3213,M,,*7C
$GPGGA,090103.10,5228.30900026,N,01325.74168535,E,1,05,2.87,160.00,M,-21.3213,M,,*7D
$GPGGA,090103.20,5228.30900026,N,01325.74168535,E,1,05,2.87,160.00,M,-21.3213,M,,*7E
$GPGGA,090103.30,5228.30900026,N,01325.74168535,E,1,05,2.87,160.00,M,-21.3213,M,,*7F
$GPGGA,090103.40,5228.30900026,N,01325.74168535,E,1,05,2.87,160.00,M,-21.3213,M,,*78
$GPGGA,090103.50,5228.30900026,N,01325.74168535,E,1,05,2.87,160.00,M,-21.3213,M,,*79
$GPGGA,090103.60,5228.30900026,N,01325.74168535,E,1,05,2.87,160.00,M,-21.3213,M,,*7A
$GPGGA,090103.70,5228.30900026,N,01325.74168535,E,1,05,2.87,160.00,M,-21.3213,M,,*7B
$GPGGA,090103.80,5228.30900026,N,01325.74168535,E,1,05,2.87,160.00,M,-21.3213,M,,*74
$GPGGA,090103.90,5228.30900026,N,01325.74168535,E,1,05,2.87,160.00,M,-21.3213,M,,*75
$GPGGA,090104.00,5228.30900026,N,01325.74168535,E,1,05,2.87,160.00,M,-21.3213,M,,*7B
$GPGGA,090104.10,5228.30900026,N,01325.74168535,E,1,05,2.87,160.00,M,-21.3213,M,,*7A
$GPGGA,090104.20,5228.30900026,N,01325.74168535,E,1,05,2.87,160.00,M,-21.3213,M,,*79
$GPGGA,090104.30,5228.30900026,N,01325.74168535,E,1,05,2.87,160.00,M,-21.3213,M,,*78
$GPGGA,090104.40,5228.30900026,N,01325.74168535,E,1,05,2.87,160.00,M,-21.3213,M,,*7F
$GPGGA,090104.50,5228.30900026,N,01325.74168535,E,1,05,2.87,160.00,M,-21.3213,M,,*7E
$GPGGA,090104.60,5228.30900026,N,01325.74168535,E,1,05,2.87,160.00,M,-21.3213,M,,*7D
$GPGGA,090104.70,5228.30900026,N,01325.74168535,E,1,05,2.87,160.00,M,-21.3213,M,,*7C
$GPGGA,090104.80,5228.30900026,N,01325.74168535,E,1,05,2.87,160.00,M,-21.3213,M,,*73
$GPGGA,090104.90,5228.30900026,N,01325.74168535,E,1,05,2.87,160.00,M,-21.3213,M,,*72
$GPGGA,090105.00,5228.30900026,N,01325.74168535,E,1,05,2.87,160.00,M,-21.3213,M,,*7A
$GPGGA,090105.10,5228.30900026,N,01325.74168535,E,1,05,2.87,160.00,M,-21.3213,M,,*7B
$GPGGA,090105.20,5228.30900026,N,01325.74168535,E,1,05,2.87,160.00,M,-21.3213,M,,*78
$GPGGA,090105.30,5228.30900026,N,01325.74168535,E,1,05,2.87,160.00,M,-21.3213,M,,*79
$GPGGA,090105.40,5228.30900026,N,01325.74168535,E,1,05,2.87,160.00,M,-21.3213,M,,*7E
$GPGGA,090105.50,5228.30900026,N,01325.74168535,E,1,05,2.87,160.00,M,-21.3213,M,,*7F
$GPGGA,090105.60,5228.30900026,N,01325.74168535,E,1,05,2.87,160.00,M,-21.3213,M,,*7C
$GPGGA,090105.70,5228.30900026,N,01325.74168535,E,1,05,2.87,160.00,M,-21.3213,M,,*7D
$GPGGA,090105.80,5228.30900026,N,01325.74168535,E,1,05,2.87,160.00,M,-21.3213,M,,*72
$GPGGA,090105.90,5228.30900026,N,01325.74168535,E,1,05,2.87,160.00,M,-21.3213,M,,*73
$GPGGA,090106.00,5228.30900026,N,01325.74168535,E,1,05,2.87,160.00,M,-21.3213,M,,*79
$GPGGA,090106.10,5228.30900026,N,01325.74168535,E,1,05,2.87,160.00,M,-21.3213,M,,*78
$GPGGA,090106.20,5228.30900026,N,01325.74168535,E,1,05,2.87,160.00,M,-21.3213,M,,*7B
$GPGGA,090106.30,5228.30900026,N,01325.74168535,E,1,05,2.87,160.00,M,-21.3213,M,,*7A
$GPGGA,090106.40,5228.30900026,N,01325.74168535,E,1,05,2.87,160.00,M,-21.3213,M,,*7D
$GPGGA,090106.50,5228.30900026,N,01325.74168535,E,1,05,2.87,160.00,M,-21.3213,M,,*7C
$GPGGA,090106.60,5228.30900026,N,01325.74168535,E,1,05,2.87,160.00,M,-21.3213,M,,*7F
$GPGGA,090106.70,5228.30900026,N,01325.74168535,E,1,05,2.87,160.00,M,-21.3213,M,,*7E
$GPGGA,090106.80,5228.30900026,N,01325.74168535,E,1,05,2.87,160.00,M,-21.3213,M,,*71
$GPGGA,090106.90,5228.30900026,N,01325.74168535,E,1,05,2.87,160.00,M,-21.3213,M,,*70
$GPGGA,090107.00,5228.30900026,N,01325.74168535,E,1,05,2.87,160.00,M,-21.3213,M,,*78
$GPGGA,090107.10,5228.30900026,N,01325.74168535,E,1,05,2.87,160.00,M,-21.3213,M,,*79
$GPGGA,090107.20,5228.30900026,N,01325.74168535,E,1,05,2.87,160.00,M,-21.3213,M,,*7A
$GPGGA,090107.30,5228.30900026,N,01325.74168535,E,1,05,2.87,160.00,M,-21.3213,M,,*7B
$GPGGA,090107.40,5228.30900026,N,01325.74168535,E,1,05,2.87,160.00,M,-21.3213,M,,*7C
$GPGGA,090107.50,5228.30900026,N,01325.74168535,E,1,05,2.87,160.00,M,-21.3213,M,,*7D
$GPGGA,090107.60,5228.30900026,N,01325.74168535,E,1,05,2.87,160.00,M,-21.3213,M,,*7E
$GPGGA,090107.70,5228.30900026,N,01325.74168535,E,1,05,2.87,160.00,M,-21.3213,M,,*7F
$GPGGA,090107.80,5228.30900026,N,01325.74168535,E,1,05,2.87,160.00,M,-21.3213,M,,*70
$GPGGA,090107.90,5228.30900026,N,01325.74168535,E,1,05,2.87,160.00,M,-21.3213,M,,*71
$GPGGA,090108.00,5228.30900026,N,01325.74168535,E,1,05,2.87,160.00,M,-21.3213,M,,*77
$GPGGA,090108.10,5228.30900026,N,01325.74168535,E,1,05,2.87,160.00,M,-21.3213,M,,*76
$GPGGA,090108.20,5228.30900026,N,01325.74168535,E,1,05,2.87,160.00,M,-21.3213,M,,*75
$GPGGA,090108.30,5228.30900026,N,01325.74168535,E,1,05,2.87,160.00,M,-21.3213,M,,*74
$GPGGA,090108.40,5228.30900026,N,01325.74168535,E,1,05,2.87,160.00,M,-21.3213,M,,*73
$GPGGA,090108.50,5228.30900026,N,01325.74168535,E,1,05,2.87,160.00,M,-21.3213,M,,*72
$GPGGA,090108.60,5228.30900026,N,01325.74168535,E,1,05,2.87,160.00,M,-21.3213,M,,*71
$GPGGA,090108.70,5228.30900026,N,01325.74168535,E,1,05,2.87,160.00,M,-21.3213,M,,*70
$GPGGA,090108.80,5228.30900026,N,01325.74168535,E,1,05,2.87,160.00,M,-21.3213,M,,*7F
$GPGGA,090108.90,5228.30900026,N,01325.74168535,E,1,05,2.87,160.00,M,-21.3213,M,,*7E
$GPGGA,090109.00,5228.30900026,N,01325.74168535,E,1,05,2.87,160.00,M,-21.3213,M,,*76
$GPGGA,090109.10,5228.30900026,N,01325.74168535,E,1,05,2.87,160.00,M,-21.3213,M,,*77
$GPGGA,090109.20,5228.30900026,N,01325.74168535,E,1,05,2.87,160.00,M,-21.3213,M,,*74
$GPGGA,090109.30,5228.30900026,N,01325.74168535,E,1,05,2.87,160.00,M,-21.3213,M,,*75
$GPGGA,090109.40,5228.30900026,N,01325.74168535,E,1,05,2.87,160.00,M,-21.3213,M,,*72
$GPGGA,090109.50,5228.30900026,N,01325.74168535,E,1,05,2.87,160.00,M,-21.3213,M,,*73
$GPGGA,090109.60,5228.30900026,N,01325.74168535,E,1,05,2.87,160.00,M,-21.3213,M,,*70
$GPGGA,090109.70,5228.30900026,N,01325.74168535,E,1,05,2.87,160.00,M,-21.3213,M,,*71
$GPGGA,090109.80,5228.30900026,N,01325.74168535,E,1,05,2.87,160.00,M,-21.3213,M,,*7E
$GPGGA,090109.90,5228.30900026,N,01325.74168535,E,1,05,2.87,160.00,M,-21.3213,M,,*7F
$GPGGA,090110.00,5228.30900026,N,01325.74168535,E,1,05,2.87,160.00,M,-21.3213,M,,*7E
$GPGGA,090110.10,5228.30900026,N,01325.74168535,E,1,05,2.87,160.00,M,-21.3213,M,,*7F
$GPGGA,090110.20,5228.30900026,N,01325.74168535,E,1,05,2.87,160.00,M,-21.3213,M,,*7C
$GPGGA,090110.30,5228.30900026,N,01325.74168535,E,1,05,2.87,160.00,M,-21.3213,M,,*7D
$GPGGA,090110.40,5228.30900026,N,01325.74168535,E,1,05,2.87,160.00,M,-21.3213,M,,*7A
$GPGGA,090110.50,5228.30900026,N,01325.74168535,E,1,05,2.87,160.00,M,-21.3213,M,,*7B
$GPGGA,090110.60,5228.30900026,N,01325.74168535,E,1,05,2.87,160.00,M,-21.3213,M,,*78
$GPGGA,090110.70,5228.30900026,N,01325.74168535,E,1,05,2.87,160.00,M,-21.3213,M,,*79
$GPGGA,090110.80,5228.30900026,N,01325.74168535,E,1,05,2.87,160.00,M,-21.3213,M,,*76
$GPGGA,090110.90,5228.30900026,N,01325.74168535,E,1,05,2.87,160.00,M,-21.3213,M,,*77
$GPGGA,090111.00,5228.30900026,N,01325.74168535,E,1,05,2.87,160.00,M,-21.3213,M,,*7F
$GPGGA,090111.10,5228.30900026,N,01325.74168535,E,1,05,2.87,160.00,M,-21.3213,M,,*7E
$GPGGA,090111.20,5228.30900026,N,01325.74168535,E,1,05,2.87,160.00,M,-21.3213,M,,*7D
$GPGGA,090111.30,5228.30900026,N,01325.74168535,E,1,05,2.87,160.00,M,-21.3213,M,,*7C
$GPGGA,090111.40,5228.30900026,N,01325.74168535,E,1,05,2.87,160.00,M,-21.3213,M,,*7B
$GPGGA,090111.50,5228.30900026,N,01325.74168535,E,1,05,2.87,160.00,M,-21.3213,M,,*7A
$GPGGA,090111.60,5228.30900026,N,01325.74168535,E,1,05,2.87,160.00,M,-21.3213,M,,*79
$GPGGA,090111.70,5228.30900026,N,01325.74168535,E,1,05,2.87,160.00,M,-21.3213,M,,*78
$GPGGA,090111.80,5228.30900026,N,01325.74168535,E,1,05,2.87,160.00,M,-21.3213,M,,*77
$GPGGA,090111.90,5228.30900026,N,01325.74168535,E,1,05,2.87,160.00,M,-21.3213,M,,*76
$GPGGA,090112.00,5228.30900026,N,01325.74168535,E,1,05,2.87,160.00,M,-21.3213,M,,*7C
$GPGGA,090112.10,5228.30900026,N,01325.74168535,E,1,05,2.87,160.00,M,-21.3213,M,,*7D
$GPGGA,090112.20,5228.30900026,N,01325.74168535,E,1,05,2.87,160.00,M,-21.3213,M,,*7E
$GPGGA,090112.30,5228.30900026,N,01325.74168535,E,1,05,2.87,160.00,M,-21.3213,M,,*7F
$GPGGA,090112.40,5228.30900026,N,01325.74168535,E,1,05,2.87,160.00,M,-21.3213,M,,*78
$GPGGA,090112.50,5228.30900026,N,01325.74168535,E,1,05,2.87,160.00,M,-21.3213,M,,*79
$GPGGA,090112.60,5228.30900026,N,01325.74168535,E,1,05,2.87,160.00,M,-21.3213,M,,*7A
$GPGGA,090112.70,5228.30900026,N,01325.74168535,E,1,05,2.87,160.00,M,-21.3213,M,,*7B
$GPGGA,090112.80,5228.30900026,N,01325.74168535,E,1,05,2.87,160.00,M,-21.3213,M,,*74
$GPGGA,090112.90,5228.30900026,N,01325.74168535,E,1,05,2.87,160.00,M,-21.3213,M,,*75
$GPGGA,090113.00,5228.30900026,N,01325.74168535,E,1,05,2.87,160.00,M,-21.3213,M,,*7D
$GPGGA,090113.10,5228.30900026,N,01325.74168535,E,1,05,2.87,160.00,M,-21.3213,M,,*7C
$GPGGA,090113.20,5228.30900026,N,01325.74168535,E,1,05,2.87,160.00,M,-21.3213,M,,*7F
$GPGGA,090113.30,5228.30900026,N,01325.74168535,E,1,05,2.87,160.00,M,-21.3213,M,,*7E
$GPGGA,090113.40,5228.30900026,N,01325.74168535,E,1,05,2.87,160.00,M,-21.3213,M,,*79
$GPGGA,090113.50,5228.30900026,N,01325.74168535,E,1,05,2.87,160.00,M,-21.3213,M,,*78
$GPGGA,090113.60,5228.30900026,N,01325.74168535,E,1,05,2.87,160.00,M,-21.3213,M,,*7B
$GPGGA,090113.70,5228.30900026,N,01325.74168535,E,1,05,2.87,160.00,M,-21.3213,M,,*7A
$GPGGA,090113.80,5228.30900026,N,01325.74168535,E,1,05,2.87,160.00,M,-21.3213,M,,*75
$GPGGA,090113.90,5228.30900026,N,01325.74168535,E,1,05,2.87,160.00,M,-21.3213,M,,*74
$GPGGA,090114.00,5228.30900026,N,01325.74168535,E,1,05,2.87,160.00,M,-21.3213,M,,*7A
$GPGGA,090114.10,5228.30900026,N,01325.74168535,E,1,05,2.87,160.00,M,-21.3213,M,,*7B
$GPGGA,090114.20,5228.30900026,N,01325.74168535,E,1,05,2.87,160.00,M,-21.3213,M,,*78
$GPGGA,090114.30,5228.30900026,N,01325.74168535,E,1,05,2.87,160.00,M,-21.3213,M,,*79
$GPGGA,090114.40,5228.30900026,N,01325.74168535,E,1,05,2.87,160.00,M,-21.3213,M,,*7E
$GPGGA,090114.50,5228.30900026,N,01325.74168535,E,1,05,2.87,160.00,M,-21.3213,M,,*7F
$GPGGA,090114.60,5228.30900026,N,01325.74168535,E,1,05,2.87,160.00,M,-21.3213,M,,*7C
$GPGGA,090114.70,5228.30900026,N,01325.74168535,E,1,05,2.87,160.00,M,-21.3213,M,,*7D
$GPGGA,090114.80,5228.30900026,N,01325.74168535,E,1,05,2.87,160.00,M,-21.3213,M,,*72
$GPGGA,090114.90,5228.30900026,N,01325.74168535,E,1,05,2.87,160.00,M,-21.3213,M,,*73
$GPGGA,090115.00,5228.30900026,N,01325.74168535,E,1,05,2.87,160.00,M,-21.3213,M,,*7B
$GPGGA,090115.10,5228.30900026,N,01325.74168535,E,1,05,2.87,160.00,M,-21.3213,M,,*7A
$GPGGA,090115.20,5228.30900026,N,01325.74168535,E,1,05,2.87,160.00,M,-21.3213,M,,*79
$GPGGA,090115.30,5228.30900026,N,01325.74168535,E,1,05,2.87,160.00,M,-21.3213,M,,*78
$GPGGA,090115.40,5228.30900026,N,01325.74168535,E,1,05,2.87,160.00,M,-21.3213,M,,*7F
$GPGGA,090115.50,5228.30900026,N,01325.74168535,E,1,05,2.87,160.00,M,-21.3213,M,,*7E
$GPGGA,090115.60,5228.30900026,N,01325.74168535,E,1,05,2.87,160.00,M,-21.3213,M,,*7D
$GPGGA,090115.70,5228.30900026,N,01325.74168535,E,1,05,2.87,160.00,M,-21.3213,M,,*7C
$GPGGA,090115.80,5228.30900026,N,01325.74168535,E,1,05,2.87,160.00,M,-21.3213,M,,*73
$GPGGA,090115.90,5228.30900026,N,01325.74168535,E,1,05,2.87,160.00,M,-21.3213,M,,*72
$GPGGA,090116.00,5228.30900026,N,01325.74168535,E,1,05,2.87,160.00,M,-21.3213,M,,*78
$GPGGA,090116.10,5228.30900026,N,01325.74168535,E,1,05,2.87,160.00,M,-21.3213,M,,*79
$GPGGA,090116.20,5228.30900026,N,01325.74168535,E,1,05,2.87,160.00,M,-21.3213,M,,*7A
$GPGGA,090116.30,5228.30900026,N,01325.74168535,E,1,05,2.87,160.00,M,-21.3213,M,,*7B
$GPGGA,090116.40,5228.30900026,N,01325.74168535,E,1,05,2.87,160.00,M,-21.3213,M,,*7C
$GPGGA,090116.50,5228.30900026,N,01325.74168535,E,1,05,2.87,160.00,M,-21.3213,M,,*7D
$GPGGA,090116.60,5228.30900026,N,01325.74168535,E,1,05,2.87,160.00,M,-21.3213,M,,*7E
$GPGGA,090116.70,5228.30900026,N,01325.74168535,E,1,05,2.87,160.00,M,-21.3213,M,,*7F
$GPGGA,090116.80,5228.30900026,N,01325.74168535,E,1,05,2.87,160.00,M,-21.3213,M,,*70
$GPGGA,090116.90,5228.30900026,N,01325.74168535,E,1,05,2.87,160.00,M,-21.3213,M,,*71
$GPGGA,090117.00,5228.30900026,N,01325.74168535,E,1,05,2.87,160.00,M,-21.3213,M,,*79
$GPGGA,090117.10,5228.30900026,N,01325.74168535,E,1,05,2.87,160.00,M,-21.3213,M,,*78
$GPGGA,090117.20,5228.30900026,N,01325.74168535,E,1,05,2.87,160.00,M,-21.3213,M,,*7B
$GPGGA,090117.30,5228.30900026,N,01325.74168535,E,1,05,2.87,160.00,M,-21.3213,M,,*7A
$GPGGA,090117.40,5228.30900026,N,01325.74168535,E,1,05,2.87,160.00,M,-21.3213,M,,*7D
$GPGGA,090117.50,5228.30900026,N,01325.74168535,E,1,05,2.87,160.00,M,-21.3213,M,,*7C
$GPGGA,090117.60,5228.30900026,N,01325.74168535,E,1,05,2.87,160.00,M,-21.3213,M,,*7F
$GPGGA,090117.70,5228.30900026,N,01325.74168535,E,1,05,2.87,160.00,M,-21.3213,M,,*7E
$GPGGA,090117.80,5228.30900026,N,01325.74168535,E,1,05,2.87,160.00,M,-21.3213,M,,*71
$GPGGA,090117.90,5228.30900026,N,01325.74168535,E,1,05,2.87,160.00,M,-21.3213,M,,*70
$GPGGA,090118.00,5228.30900026,N,01325.74168535,E,1,05,2.87,160.00,M,-21.3213,M,,*76
$GPGGA,090118.10,5228.30900026,N,01325.74168535,E,1,05,2.87,160.00,M,-21.3213,M,,*77
$GPGGA,090118.20,5228.30900026,N,01325.74168535,E,1,05,2.87,160.00,M,-21.3213,M,,*74
$GPGGA,090118.30,5228.30900026,N,01325.74168535,E,1,05,2.87,160.00,M,-21.3213,M,,*75
$GPGGA,090118.40,5228.30900026,N,01325.74168535,E,1,05,2.87,160.00,M,-21.3213,M,,*72
$GPGGA,090118.50,5228.30900026,N,01325.74168535,E,1,05,2.87,160.00,M,-21.3213,M,,*73
$GPGGA,090118.60,5228.30900026,N,01325.74168535,E,1,05,2.87,160.00,M,-21.3213,M,,*70
$GPGGA,090118.70,5228.30900026,N,01325.74168535,E,1,05,2.87,160.00,M,-21.3213,M,,*71
$GPGGA,090118.80,5228.30900026,N,01325.74168535,E,1,05,2.87,160.00,M,-21.3213,M,,*7E
$GPGGA,090118.90,5228.30900026,N,01325.74168535,E,1,05,2.87,160.00,M,-21.3213,M,,*7F
$GPGGA,090119.00,5228.30900026,N,01325.74168535,E,1,05,2.87,160.00,M,-21.3213,M,,*77
$GPGGA,090119.10,5228.30900026,N,01325.74168535,E,1,05,2.87,160.00,M,-21.3213,M,,*76
$GPGGA,090119.20,5228.30900026,N,01325.74168535,E,1,05,2.87,160.00,M,-21.3213,M,,*75
$GPGGA,090119.30,5228.30900026,N,01325.74168535,E,1,05,2.87,160.00,M,-21.3213,M,,*74
$GPGGA,090119.40,5228.30900026,N,01325.74168535,E,1,05,2.87,160.00,M,-21.3213,M,,*73
$GPGGA,090119.50,5228.30900026,N,01325.74168535,E,1,05,2.87,160.00,M,-21.3213,M,,*72
$GPGGA,090119.60,5228.30900026,N,01325.74168535,E,1,05,2.87,160.00,M,-21.3213,M,,*71
$GPGGA,090119.70,5228.30900026,N,01325.74168535,E,1,05,2.87,160.00,M,-21.3213,M,,*70
$GPGGA,090119.80,5228.30900026,N,01325.74168535,E,1,05,2.87,160.00,M,-21.3213,M,,*7F
$GPGGA,090119.90,5228.30900026,N,01325.74168535,E,1,05,2.87,160.00,M,-21.3213,M,,*7E
$GPGGA,090120.00,5228.30900026,N,01325.74168535,E,1,05,2.87,160.00,M,-21.3213,M,,*7D
$GPGGA,090120.10,5228.30900026,N,01325.74168535,E,1,05,2.87,160.00,M,-21.3213,M,,*7C
$GPGGA,090120.20,5228.30900026,N,01325.74168535,E,1,05,2.87,160.00,M,-21.3213,M,,*7F
$GPGGA,090120.30,5228.30900026,N,01325.74168535,E,1,05,2.87,160.00,M,-21.3213,M,,*7E
$GPGGA,090120.40,5228.30900026,N,01325.74168535,E,1,05,2.87,160.00,M,-21.3213,M,,*79
$GPGGA,090120.50,5228.30900026,N,01325.74168535,E,1,05,2.87,160.00,M,-21.3213,M,,*78
$GPGGA,090120.60,5228.30900026,N,01325.74168535,E,1,05,2.87,160.00,M,-21.3213,M,,*7B
$GPGGA,090120.70,5228.30900026,N,01325.74168535,E,1,05,2.87,160.00,M,-21.3213,M,,*7A
$GPGGA,090120.80,5228.30900026,N,01325.74168535,E,1,05,2.87,160.00,M,-21.3213,M,,*75
$GPGGA,090120.90,5228.30900026,N,01325.74168535,E,1,05,2.87,160.00,M,-21.3213,M,,*74
$GPGGA,090121.00,5228.30900026,N,01325.74168535,E,1,05,2.87,160.00,M,-21.3213,M,,*7C
$GPGGA,090121.10,5228.30900026,N,01325.74168535,E,1,05,2.87,160.00,M,-21.3213,M,,*7D
$GPGGA,090121.20,5228.30900026,N,01325.74168535,E,1,05,2.87,160.00,M,-21.3213,M,,*7E
$GPGGA,090121.30,5228.30900026,N,01325.74168535,E,1,05,2.87,160.00,M,-21.3213,M,,*7F
$GPGGA,090121.40,5228.30900026,N,01325.74168535,E,1,05,2.87,160.00,M,-21.3213,M,,*78
$GPGGA,090121.50,5228.30900026,N,01325.74168535,E,1,05,2.87,160.00,M,-21.3213,M,,*79
$GPGGA,090121.60,5228.30900026,N,01325.74168535,E,1,05,2.87,160.00,M,-21.3213,M,,*7A
$GPGGA,090121.70,5228.30900026,N,01325.74168535,E,1,05,2.87,160.00,M,-21.3213,M,,*7B
$GPGGA,090121.80,5228.30900026,N,01325.74168535,E,1,05,2.87,160.00,M,-21.3213,M,,*74
$GPGGA,090121.90,5228.30900026,N,01325.74168535,E,1,05,2.87,160.00,M,-21.3213,M,,*75
$GPGGA,090122.00,5228.30900026,N,01325.74168535,E,1,05,2.87,160.00,M,-21.3213,M,,*7F
$GPGGA,090122.10,5228.30900026,N,01325.74168535,E,1,05,2.87,160.00,M,-21.3213,M,,*7E
$GPGGA,090122.20,5228.30900026,N,01325.74168535,E,1,05,2.87,160.00,M,-21.3213,M,,*7D
$GPGGA,090122.30,5228.30900026,N,01325.74168535,E,1,05,2.87,160.00,M,-21.3213,M,,*7C
$GPGGA,090122.40,5228.30900026,N,01325.74168535,E,1,05,2.87,160.00,M,-21.3213,M,,*7B
$GPGGA,090122.50,5228.30900026,N,01325.74168535,E,1,05,2.87,160.00,M,-21.3213,M,,*7A
$GPGGA,090122.60,5228.30900026,N,01325.74168535,E,1,05,2.87,160.00,M,-21.3213,M,,*79
$GPGGA,090122.70,5228.30900026,N,01325.74168535,E,1,05,2.87,160.00,M,-21.3213,M,,*78
$GPGGA,090122.80,5228.30900026,N,01325.74168535,E,1,05,2.87,160.00,M,-21.3213,M,,*77
$GPGGA,090122.90,5228.30900026,N,01325.74168535,E,1,05,2.87,160.00,M,-21.3213,M,,*76
$GPGGA,090123.00,5228.30900026,N,01325.74168535,E,1,05,2.87,160.00,M,-21.3213,M,,*7E
$GPGGA,090123.10,5228.30900026,N,01325.74168535,E,1,05,2.87,160.00,M,-21.3213,M,,*7F
$GPGGA,090123.20,5228.30900026,N,01325.74168535,E,1,05,2.87,160.00,M,-21.3213,M,,*7C
$GPGGA,090123.30,5228.30900026,N,01325.74168535,E,1,05,2.87,160.00,M,-21.3213,M,,*7D
$GPGGA,090123.40,5228.30900026,N,01325.74168535,E,1,05,2.87,160.00,M,-21.3213,M,,*7A
$GPGGA,090123.50,5228.30900026,N,01325.74168535,E,1,05,2.87,160.00,M,-21.3213,M,,*7B
$GPGGA,090123.60,5228.30900026,N,01325.74168535,E,1,05,2.87,160.00,M,-21.3213,M,,*78
$GPGGA,090123.70,5228.30900026,N,01325.74168535,E,1,05,2.87,160.00,M,-21.3213,M,,*79
$GPGGA,090123.80,5228.30900026,N,01325.74168535,E,1,05,2.87,160.00,M,-21.3213,M,,*76
$GPGGA,090123.90,5228.30900026,N,01325.74168535,E,1,05,2.87,160.00,M,-21.3213,M,,*77
$GPGGA,090124.00,5228.30900026,N,01325.74168535,E,1,05,2.87,160.00,M,-21.3213,M,,*79
$GPGGA,090124.10,5228.30900026,N,01325.74168535,E,1,05,2.87,160.00,M,-21.3213,M,,*78
$GPGGA,090124.20,5228.30900026,N,01325.74168535,E,1,05,2.87,160.00,M,-21.3213,M,,*7B
$GPGGA,090124.30,5228.30900026,N,01325.74168535,E,1,05,2.87,160.00,M,-21.3213,M,,*7A
$GPGGA,090124.40,5228.30900026,N,01325.74168535,E,1,05,2.87,160.00,M,-21.3213,M,,*7D
$GPGGA,090124.50,5228.30900026,N,01325.74168535,E,1,05,2.87,160.00,M,-21.3213,M,,*7C
$GPGGA,090124.60,5228.30900026,N,01325.74168535,E,1,05,2.87,160.00,M,-21.3213,M,,*7F
$GPGGA,090124.70,5228.30900026,N,01325.74168535,E,1,05,2.87,160.00,M,-21.3213,M,,*7E
$GPGGA,090124.80,5228.30900026,N,01325.74168535,E,1,05,2.87,160.00,M,-21.3213,M,,*71
$GPGGA,090124.90,5228.30900026,N,01325.74168535,E,1,05,2.87,160.00,M,-21.3213,M,,*70
$GPGGA,090125.00,5228.30900026,N,01325.74168535,E,1,05,2.87,160.00,M,-21.3213,M,,*78
$GPGGA,090125.10,5228.30900026,N,01325.74168535,E,1,05,2.87,160.00,M,-21.3213,M,,*79
$GPGGA,090125.20,5228.30900026,N,01325.74168535,E,1,05,2.87,160.00,M,-21.3213,M,,*7A
$GPGGA,090125.30,5228.30900026,N,01325.74168535,E,1,05,2.87,160.00,M,-21.3213,M,,*7B
$GPGGA,090125.40,5228.30900026,N,01325.74168535,E,1,05,2.87,160.00,M,-21.3213,M,,*7C
$GPGGA,090125.50,5228.30900026,N,01325.74168535,E,1,05,2.87,160.00,M,-21.3213,M,,*7D
$GPGGA,090125.60,5228.30900026,N,01325.74168535,E,1,05,2.87,160.00,M,-21.3213,M,,*7E
$GPGGA,090125.70,5228.30900026,N,01325.74168535,E,1,05,2.87,160.00,M,-21.3213,M,,*7F
$GPGGA,090125.80,5228.30900026,N,01325.74168535,E,1,05,2.87,160.00,M,-21.3213,M,,*70
$GPGGA,090125.90,5228.30900026,N,01325.74168535,E,1,05,2.87,160.00,M,-21.3213,M,,*71
$GPGGA,090126.00,5228.30900026,N,01325.74168535,E,1,05,2.87,160.00,M,-21.3213,M,,*7B
$GPGGA,090126.10,5228.30900026,N,01325.74168535,E,1,05,2.87,160.00,M,-21.3213,M,,*7A
$GPGGA,090126.20,5228.30900026,N,01325.74168535,E,1,05,2.87,160.00,M,-21.3213,M,,*79
$GPGGA,090126.30,5228.30900026,N,01325.74168535,E,1,05,2.87,160.00,M,-21.3213,M,,*78
$GPGGA,090126.40,5228.30900026,N,01325.74168535,E,1,05,2.87,160.00,M,-21.3213,M,,*7F
$GPGGA,090126.50,5228.30900026,N,01325.74168535,E,1,05,2.87,160.00,M,-21.3213,M,,*7E
$GPGGA,090126.60,5228.30900026,N,01325.74168535,E,1,05,2.87,160.00,M,-21.3213,M,,*7D
$GPGGA,090126.70,5228.30900026,N,01325.74168535,E,1,05,2.87,160.00,M,-21.3213,M,,*7C
$GPGGA,090126.80,5228.30900026,N,01325.74168535,E,1,05,2.87,160.00,M,-21.3213,M,,*73
$GPGGA,090126.90,5228.30900026,N,01325.74168535,E,1,05,2.87,160.00,M,-21.3213,M,,*72
$GPGGA,090127.00,5228.30900026,N,01325.74168535,E,1,05,2.87,160.00,M,-21.3213,M,,*7A
$GPGGA,090127.10,5228.30900026,N,01325.74168535,E,1,05,2.87,160.00,M,-21.3213,M,,*7B
$GPGGA,090127.20,5228.30900026,N,01325.74168535,E,1,05,2.87,160.00,M,-21.3213,M,,*78
$GPGGA,090127.30,5228.30900026,N,01325.74168535,E,1,05,2.87,160.00,M,-21.3213,M,,*79
$GPGGA,090127.40,5228.30900026,N,01325.74168535,E,1,05,2.87,160.00,M,-21.3213,M,,*7E
$GPGGA,090127.50,5228.30900026,N,01325.74168535,E,1,05,2.87,160.00,M,-21.3213,M,,*7F
$GPGGA,090127.60,5228.30900026,N,01325.74168535,E,1,05,2.87,160.00,M,-21.3213,M,,*7C
$GPGGA,090127.70,5228.30900026,N,01325.74168535,E,1,05,2.87,160.00,M,-21.3213,M,,*7D
$GPGGA,090127.80,5228.30900026,N,01325.74168535,E,1,05,2.87,160.00,M,-21.3213,M,,*72
$GPGGA,090127.90,5228.30900026,N,01325.74168535,E,1,05,2.87,160.00,M,-21.3213,M,,*73
$GPGGA,090128.00,5228.30900026,N,01325.74168535,E,1,05,2.87,160.00,M,-21.3213,M,,*75
$GPGGA,090128.10,5228.30900026,N,01325.74168535,E,1,05,2.87,160.00,M,-21.3213,M,,*74
$GPGGA,090128.20,5228.30900026,N,01325.74168535,E,1,05,2.87,160.00,M,-21.3213,M,,*77
$GPGGA,090128.30,5228.30900026,N,01325.74168535,E,1,05,2.87,160.00,M,-21.3213,M,,*76
$GPGGA,090128.40,5228.30900026,N,01325.74168535,E,1,05,2.87,160.00,M,-21.3213,M,,*71
$GPGGA,090128.50,5228.30900026,N,01325.74168535,E,1,05,2.87,160.00,M,-21.3213,M,,*70
$GPGGA,090128.60,5228.30900026,N,01325.74168535,E,1,05,2.87,160.00,M,-21.3213,M,,*73
$GPGGA,090128.70,5228.30900026,N,01325.74168535,E,1,05,2.87,160.00,M,-21.3213,M,,*72
$GPGGA,090128.80,5228.30900026,N,01325.74168535,E,1,05,2.87,160.00,M,-21.3213,M,,*7D
$GPGGA,090128.90,5228.30900026,N,01325.74168535,E,1,05,2.87,160.00,M,-21.3213,M,,*7C
$GPGGA,090129.00,5228.30900026,N,01325.74168535,E,1,05,2.87,160.00,M,-21.3213,M,,*74
$GPGGA,090129.10,5228.30900026,N,01325.74168535,E,1,05,2.87,160.00,M,-21.3213,M,,*75
$GPGGA,090129.20,5228.30900026,N,01325.74168535,E,1,05,2.87,160.00,M,-21.3213,M,,*76
$GPGGA,090129.30,5228.30900026,N,01325.74168535,E,1,05,2.87,160.00,M,-21.3213,M,,*77
$GPGGA,090129.40,5228.30900026,N,01325.74168535,E,1,05,2.87,160.00,M,-21.3213,M,,*70
$GPGGA,090129.50,5228.30900026,N,01325.74168535,E,1,05,2.87,160.00,M,-21.3213,M,,*71
$GPGGA,090129.60,5228.30900026,N,01325.74168535,E,1,05,2.87,160.00,M,-21.3213,M,,*72
$GPGGA,090129.70,5228.30900026,N,01325.74168535,E,1,05,2.87,160.00,M,-21.3213,M,,*73
$GPGGA,090129.80,5228.30900026,N,01325.74168535,E,1,05,2.87,160.00,M,-21.3213,M,,*7C
$GPGGA,090129.90,5228.30900026,N,01325.74168535,E,1,05,2.87,160.00,M,-21.3213,M,,*7D
$GPGGA,090130.00,5228.30900026,N,01325.74168535,E,1,05,2.87,160.00,M,-21.3213,M,,*7C
$GPGGA,090130.10,5228.30900026,N,01325.74168535,E,1,05,2.87,160.00,M,-21.3213,M,,*7D
$GPGGA,090130.20,5228.30900026,N,01325.74168535,E,1,05,2.87,160.00,M,-21.3213,M,,*7E
$GPGGA,090130.30,5228.30900026,N,01325.74168535,E,1,05,2.87,160.00,M,-21.3213,M,,*7F
$GPGGA,090130.40,5228.30900026,N,01325.74168535,E,1,05,2.87,160.00,M,-21.3213,M,,*78
$GPGGA,090130.50,5228.30900026,N,01325.74168535,E,1,05,2.87,160.00,M,-21.3213,M,,*79
$GPGGA,090130.60,5228.30900026,N,01325.74168535,E,1,05,2.87,160.00,M,-21.3213,M,,*7A
$GPGGA,090130.70,5228.30900026,N,01325.74168535,E,1,05,2.87,160.00,M,-21.3213,M,,*7B
$GPGGA,090130.80,5228.30900026,N,01325.74168535,E,1,05,2.87,160.00,M,-21.3213,M,,*74
$GPGGA,090130.90,5228.30900026,N,01325.74168535,E,1,05,2.87,160.00,M,-21.3213,M,,*75
$GPGGA,090131.00,5228.30900026,N,01325.74168535,E,1,05,2.87,160.00,M,-21.3213,M,,*7D
$GPGGA,090131.10,5228.30900026,N,01325.74168535,E,1,05,2.87,160.00,M,-21.3213,M,,*7C
$GPGGA,090131.20,5228.30900026,N,01325.74168535,E,1,05,2.87,160.00,M,-21.3213,M,,*7F
$GPGGA,090131.30,5228.30900026,N,01325.74168535,E,1,05,2.87,160.00,M,-21.3213,M,,*7E
$GPGGA,090131.40,5228.30900026,N,01325.74168535,E,1,05,2.87,160.00,M,-21.3213,M,,*79
$GPGGA,090131.50,5228.30900026,N,01325.74168535,E,1,05,2.87,160.00,M,-21.3213,M,,*78
$GPGGA,090131.60,5228.30900026,N,01325.74168535,E,1,05,2.87,160.00,M,-21.3213,M,,*7B
$GPGGA,090131.70,5228.30900026,N,01325.74168535,E,1,05,2.87,160.00,M,-21.3213,M,,*7A
$GPGGA,090131.80,5228.30900026,N,01325.74168535,E,1,05,2.87,160.00,M,-21.3213,M,,*75
$GPGGA,090131.90,5228.30900026,N,01325.74168535,E,1,05,2.87,160.00,M,-21.3213,M,,*74
$GPGGA,090132.00,5228.30900026,N,01325.74168535,E,1,05,2.87,160.00,M,-21.3213,M,,*7E
$GPGGA,090132.10,5228.30900026,N,01325.74168535,E,1,05,2.87,160.00,M,-21.3213,M,,*7F
$GPGGA,090132.20,5228.30900026,N,01325.74168535,E,1,05,2.87,160.00,M,-21.3213,M,,*7C
$GPGGA,090132.30,5228.30900026,N,01325.74168535,E,1,05,2.87,160.00,M,-21.3213,M,,*7D
$GPGGA,090132.40,5228.30900026,N,01325.74168535,E,1,05,2.87,160.00,M,-21.3213,M,,*7A
$GPGGA,090132.50,5228.30900026,N,01325.74168535,E,1,05,2.87,160.00,M,-21.3213,M,,*7B
$GPGGA,090132.60,5228.30900026,N,01325.74168535,E,1,05,2.87,160.00,M,-21.3213,M,,*78
$GPGGA,090132.70,5228.30900026,N,01325.74168535,E,1,05,2.87,160.00,M,-21.3213,M,,*79
$GPGGA,090132.80,5228.30900026,N,01325.74168535,E,1,05,2.87,160.00,M,-21.3213,M,,*76
$GPGGA,090132.90,5228.30900026,N,01325.74168535,E,1,05,2.87,160.00,M,-21.3213,M,,*77
$GPGGA,090133.00,5228.30900026,N,01325.74168535,E,1,05,2.87,160.00,M,-21.3213,M,,*7F
$GPGGA,090133.10,5228.30900026,N,01325.74168535,E,1,05,2.87,160.00,M,-21.3213,M,,*7E
$GPGGA,090133.20,5228.30900026,N,01325.74168535,E,1,05,2.87,160.00,M,-21.3213,M,,*7D
$GPGGA,090133.30,5228.30900026,N,01325.74168535,E,1,05,2.87,160.00,M,-21.3213,M,,*7C
$GPGGA,090133.40,5228.30900026,N,01325.74168535,E,1,05,2.87,160.00,M,-21.3213,M,,*7B
$GPGGA,090133.50,5228.30900026,N,01325.74168535,E,1,05,2.87,160.00,M,-21.3213,M,,*7A
$GPGGA,090133.60,5228.30900026,N,01325.74168535,E,1,05,2.87,160.00,M,-21.3213,M,,*79
$GPGGA,090133.70,5228.30900026,N,01325.74168535,E,1,05,2.87,160.00,M,-21.3213,M,,*78
$GPGGA,090133.80,5228.30900026,N,01325.74168535,E,1,05,2.87,160.00,M,-21.3213,M,,*77
$GPGGA,090133.90,5228.30900026,N,01325.74168535,E,1,05,2.87,160.00,M,-21.3213,M,,*76
$GPGGA,090134.00,5228.30900026,N,01325.74168535,E,1,05,2.87,160.00,M,-21.3213,M,,*78
$GPGGA,090134.10,5228.30900026,N,01325.74168535,E,1,05,2.87,160.00,M,-21.3213,M,,*79
$GPGGA,090134.20,5228.30900026,N,01325.74168535,E,1,05,2.87,160.00,M,-21.3213,M,,*7A
$GPGGA,090134.30,5228.30900026,N,01325.74168535,E,1,05,2.87,160.00,M,-21.3213,M,,*7B
$GPGGA,090134.40,5228.30900026,N,01325.74168535,E,1,05,2.87,160.00,M,-21.3213,M,,*7C
$GPGGA,090134.50,5228.30900026,N,01325.74168535,E,1,05,2.87,160.00,M,-21.3213,M,,*7D
$GPGGA,090134.60,5228.30900026,N,01325.74168535,E,1,05,2.87,160.00,M,-21.3213,M,,*7E
$GPGGA,090134.70,5228.30900026,N,01325.74168535,E,1,05,2.87,160.00,M,-21.3213,M,,*7F
$GPGGA,090134.80,5228.30900026,N,01325.74168535,E,1,05,2.87,160.00,M,-21.3213,M,,*70
$GPGGA,090134.90,5228.30900026,N,01325.74168535,E,1,05,2.87,160.00,M,-21.3213,M,,*71
$GPGGA,090135.00,5228.30900026,N,01325.74168535,E,1,05,2.87,160.00,M,-21.3213,M,,*79
$GPGGA,090135.10,5228.30900026,N,01325.74168535,E,1,05,2.87,160.00,M,-21.3213,M,,*78
$GPGGA,090135.20,5228.30900026,N,01325.74168535,E,1,05,2.87,160.00,M,-21.3213,M,,*7B
$GPGGA,090135.30,5228.30900026,N,01325.74168535,E,1,05,2.87,160.00,M,-21.3213,M,,*7A
$GPGGA,090135.40,5228.30900026,N,01325.74168535,E,1,05,2.87,160.00,M,-21.3213,M,,*7D
$GPGGA,090135.50,5228.30900026,N,01325.74168535,E,1,05,2.87,160.00,M,-21.3213,M,,*7C
$GPGGA,090135.60,5228.30900026,N,01325.74168535,E,1,05,2.87,160.00,M,-21.3213,M,,*7F
$GPGGA,090135.70,5228.30900026,N,01325.74168535,E,1,05,2.87,160.00,M,-21.3213,M,,*7E
$GPGGA,090135.80,5228.30900026,N,01325.74168535,E,1,05,2.87,160.00,M,-21.3213,M,,*71
$GPGGA,090135.90,5228.30900026,N,01325.74168535,E,1,05,2.87,160.00,M,-21.3213,M,,*70
$GPGGA,090136.00,5228.30900026,N,01325.74168535,E,1,05,2.87,160.00,M,-21.3213,M,,*7A
$GPGGA,090136.10,5228.30900026,N,01325.74168535,E,1,05,2.87,160.00,M,-21.3213,M,,*7B
$GPGGA,090136.20,5228.30900026,N,01325.74168535,E,1,05,2.87,160.00,M,-21.3213,M,,*78
$GPGGA,090136.30,5228.30900026,N,01325.74168535,E,1,05,2.87,160.00,M,-21.3213,M,,*79
$GPGGA,090136.40,5228.30900026,N,01325.74168535,E,1,05,2.87,160.00,M,-21.3213,M,,*7E
$GPGGA,090136.50,5228.30900026,N,01325.74168535,E,1,05,2.87,160.00,M,-21.3213,M,,*7F
$GPGGA,090136.60,5228.30900026,N,01325.74168535,E,1,05,2.87,160.00,M,-21.3213,M,,*7C
$GPGGA,090136.70,5228.30900026,N,01325.74168535,E,1,05,2.87,160.00,M,-21.3213,M,,*7D
$GPGGA,090136.80,5228.30900026,N,01325.74168535,E,1,05,2.87,160.00,M,-21.3213,M,,*72
$GPGGA,090136.90,5228.30900026,N,01325.74168535,E,1,05,2.87,160.00,M,-21.3213,M,,*73
$GPGGA,090137.00,5228.30900026,N,01325.74168535,E,1,05,2.87,160.00,M,-21.3213,M,,*7B
$GPGGA,090137.10,5228.30900026,N,01325.74168535,E,1,05,2.87,160.00,M,-21.3213,M,,*7A
$GPGGA,090137.20,5228.30900026,N,01325.74168535,E,1,05,2.87,160.00,M,-21.3213,M,,*79
$GPGGA,090137.30,5228.30900026,N,01325.74168535,E,1,05,2.87,160.00,M,-21.3213,M,,*78
$GPGGA,090137.40,5228.30900026,N,01325.74168535,E,1,05,2.87,160.00,M,-21.3213,M,,*7F
$GPGGA,090137.50,5228.30900026,N,01325.74168535,E,1,05,2.87,160.00,M,-21.3213,M,,*7E
$GPGGA,090137.60,5228.30900026,N,01325.74168535,E,1,05,2.87,160.00,M,-21.3213,M,,*7D
$GPGGA,090137.70,5228.30900026,N,01325.74168535,E,1,05,2.87,160.00,M,-21.3213,M,,*7C
$GPGGA,090137.80,5228.30900026,N,01325.74168535,E,1,05,2.87,160.00,M,-21.3213,M,,*73
$GPGGA,090137.90,5228.30900026,N,01325.74168535,E,1,05,2.87,160.00,M,-21.3213,M,,*72
$GPGGA,090138.00,5228.30900026,N,01325.74168535,E,1,05,2.87,160.00,M,-21.3213,M,,*74
$GPGGA,090138.10,5228.30900026,N,01325.74168535,E,1,05,2.87,160.00,M,-21.3213,M,,*75
$GPGGA,090138.20,5228.30900026,N,01325.74168535,E,1,05,2.87,160.00,M,-21.3213,M,,*76
$GPGGA,090138.30,5228.30900026,N,01325.74168535,E,1,05,2.87,160.00,M,-21.3213,M,,*77
$GPGGA,090138.40,5228.30900026,N,01325.74168535,E,1,05,2.87,160.00,M,-21.3213,M,,*70
$GPGGA,090138.50,5228.30900026,N,01325.74168535,E,1,05,2.87,160.00,M,-21.3213,M,,*71
$GPGGA,090138.60,5228.30900026,N,01325.74168535,E,1,05,2.87,160.00,M,-21.3213,M,,*72
$GPGGA,090138.70,5228.30900026,N,01325.74168535,E,1,05,2.87,160.00,M,-21.3213,M,,*73
$GPGGA,090138.80,5228.30900026,N,01325.74168535,E,1,05,2.87,160.00,M,-21.3213,M,,*7C
$GPGGA,090138.90,5228.30900026,N,01325.74168535,E,1,05,2.87,160.00,M,-21.3213,M,,*7D
$GPGGA,090139.00,5228.30900026,N,01325.74168535,E,1,05,2.87,160.00,M,-21.3213,M,,*75
$GPGGA,090139.10,5228.30900026,N,01325.74168535,E,1,05,2.87,160.00,M,-21.3213,M,,*74
$GPGGA,090139.20,5228.30900026,N,01325.74168535,E,1,05,2.87,160.00,M,-21.3213,M,,*77
$GPGGA,090139.30,5228.30900026,N,01325.74168535,E,1,05,2.87,160.00,M,-21.3213,M,,*76
$GPGGA,090139.40,5228.30900026,N,01325.74168535,E,1,05,2.87,160.00,M,-21.3213,M,,*71
$GPGGA,090139.50,5228.30900026,N,01325.74168535,E,1,05,2.87,160.00,M,-21.3213,M,,*70
$GPGGA,090139.60,5228.30900026,N,01325.74168535,E,1,05,2.87,160.00,M,-21.3213,M,,*73
$GPGGA,090139.70,5228.30900026,N,01325.74168535,E,1,05,2.87,160.00,M,-21.3213,M,,*72
$GPGGA,090139.80,5228.30900026,N,01325.74168535,E,1,05,2.87,160.00,M,-21.3213,M,,*7D
$GPGGA,090139.90,5228.30900026,N,01325.74168535,E,1,05,2.87,160.00,M,-21.3213,M,,*7C
$GPGGA,090140.00,5228.30900026,N,01325.74168535,E,1,05,2.87,160.00,M,-21.3213,M,,*7B
$GPGGA,090140.10,5228.30900026,N,01325.74168535,E,1,05,2.87,160.00,M,-21.3213,M,,*7A
$GPGGA,090140.20,5228.30900026,N,01325.74168535,E,1,05,2.87,160.00,M,-21.3213,M,,*79
$GPGGA,090140.30,5228.30900026,N,01325.74168535,E,1,05,2.87,160.00,M,-21.3213,M,,*78
$GPGGA,090140.40,5228.30900026,N,01325.74168535,E,1,05,2.87,160.00,M,-21.3213,M,,*7F
$GPGGA,090140.50,5228.30900026,N,01325.74168535,E,1,05,2.87,160.00,M,-21.3213,M,,*7E
$GPGGA,090140.60,5228.30900026,N,01325.74168535,E,1,05,2.87,160.00,M,-21.3213,M,,*7D
$GPGGA,090140.70,5228.30900026,N,01325.74168535,E,1,05,2.87,160.00,M,-21.3213,M,,*7C
$GPGGA,090140.80,5228.30900026,N,01325.74168535,E,1,05,2.87,160.00,M,-21.3213,M,,*73
$GPGGA,090140.90,5228.30900026,N,01325.74168535,E,1,05,2.87,160.00,M,-21.3213,M,,*72
$GPGGA,090141.00,5228.30900026,N,01325.74168535,E,1,05,2.87,160.00,M,-21.3213,M,,*7A
$GPGGA,090141.10,5228.30900026,N,01325.74168535,E,1,05,2.87,160.00,M,-21.3213,M,,*7B
$GPGGA,090141.20,5228.30900026,N,01325.74168535,E,1,05,2.87,160.00,M,-21.3213,M,,*78
$GPGGA,090141.30,5228.30900026,N,01325.74168535,E,1,05,2.87,160.00,M,-21.3213,M,,*79
$GPGGA,090141.40,5228.30900026,N,01325.74168535,E,1,05,2.87,160.00,M,-21.3213,M,,*7E
$GPGGA,090141.50,5228.30900026,N,01325.74168535,E,1,05,2.87,160.00,M,-21.3213,M,,*7F
$GPGGA,090141.60,5228.30900026,N,01325.74168535,E,1,05,2.87,160.00,M,-21.3213,M,,*7C
$GPGGA,090141.70,5228.30900026,N,01325.74168535,E,1,05,2.87,160.00,M,-21.3213,M,,*7D
$GPGGA,090141.80,5228.30900026,N,01325.74168535,E,1,05,2.87,160.00,M,-21.3213,M,,*72
$GPGGA,090141.90,5228.30900026,N,01325.74168535,E,1,05,2.87,160.00,M,-21.3213,M,,*73
$GPGGA,090142.00,5228.30900026,N,01325.74168535,E,1,05,2.87,160.00,M,-21.3213,M,,*79
$GPGGA,090142.10,5228.30900026,N,01325.74168535,E,1,05,2.87,160.00,M,-21.3213,M,,*78
$GPGGA,090142.20,5228.30900026,N,01325.74168535,E,1,05,2.87,160.00,M,-21.3213,M,,*7B
$GPGGA,090142.30,5228.30900026,N,01325.74168535,E,1,05,2.87,160.00,M,-21.3213,M,,*7A
$GPGGA,090142.40,5228.30900026,N,01325.74168535,E,1,05,2.87,160.00,M,-21.3213,M,,*7D
$GPGGA,090142.50,5228.30900026,N,01325.74168535,E,1,05,2.87,160.00,M,-21.3213,M,,*7C
$GPGGA,090142.60,5228.30900026,N,01325.74168535,E,1,05,2.87,160.00,M,-21.3213,M,,*7F
$GPGGA,090142.70,5228.30900026,N,01325.74168535,E,1,05,2.87,160.00,M,-21.3213,M,,*7E
$GPGGA,090142.80,5228.30900026,N,01325.74168535,E,1,05,2.87,160.00,M,-21.3213,M,,*71
$GPGGA,090142.90,5228.30900026,N,01325.74168535,E,1,05,2.87,160.00,M,-21.3213,M,,*70
$GPGGA,090143.00,5228.30900026,N,01325.74168535,E,1,05,2.87,160.00,M,-21.3213,M,,*78
$GPGGA,090143.10,5228.30900026,N,01325.74168535,E,1,05,2.87,160.00,M,-21.3213,M,,*79
$GPGGA,090143.20,5228.30900026,N,01325.74168535,E,1,05,2.87,160.00,M,-21.3213,M,,*7A
$GPGGA,090143.30,5228.30900026,N,01325.74168535,E,1,05,2.87,160.00,M,-21.3213,M,,*7B
$GPGGA,090143.40,5228.30900026,N,01325.74168535,E,1,05,2.87,160.00,M,-21.3213,M,,*7C
$GPGGA,090143.50,5228.30900026,N,01325.74168535,E,1,05,2.87,160.00,M,-21.3213,M,,*7D
$GPGGA,090143.60,5228.30900026,N,01325.74168535,E,1,05,2.87,160.00,M,-21.3213,M,,*7E
$GPGGA,090143.70,5228.30900026,N,01325.74168535,E,1,05,2.87,160.00,M,-21.3213,M,,*7F
$GPGGA,090143.80,5228.30900026,N,01325.74168535,E,1,05,2.87,160.00,M,-21.3213,M,,*70
$GPGGA,090143.90,5228.30900026,N,01325.74168535,E,1,05,2.87,160.00,M,-21.3213,M,,*71
$GPGGA,090144.00,5228.30900026,N,01325.74168535,E,1,05,2.87,160.00,M,-21.3213,M,,*7F
$GPGGA,090144.10,5228.30900026,N,01325.74168535,E,1,05,2.87,160.00,M,-21.3213,M,,*7E
$GPGGA,090144.20,5228.30900026,N,01325.74168535,E,1,05,2.87,160.00,M,-21.3213,M,,*7D
$GPGGA,090144.30,5228.30900026,N,01325.74168535,E,1,05,2.87,160.00,M,-21.3213,M,,*7C
$GPGGA,090144.40,5228.30900026,N,01325.74168535,E,1,05,2.87,160.00,M,-21.3213,M,,*7B
$GPGGA,090144.50,5228.30900026,N,01325.74168535,E,1,05,2.87,160.00,M,-21.3213,M,,*7A
$GPGGA,090144.60,5228.30900026,N,01325.74168535,E,1,05,2.87,160.00,M,-21.3213,M,,*79
$GPGGA,090144.70,5228.30900026,N,01325.74168535,E,1,05,2.87,160.00,M,-21.3213,M,,*78
$GPGGA,090144.80,5228.30900026,N,01325.74168535,E,1,05,2.87,160.00,M,-21.3213,M,,*77
$GPGGA,090144.90,5228.30900026,N,01325.74168535,E,1,05,2.87,160.00,M,-21.3213,M,,*76
$GPGGA,090145.00,5228.30900026,N,01325.74168535,E,1,05,2.87,160.00,M,-21.3213,M,,*7E
$GPGGA,090145.10,5228.30900026,N,01325.74168535,E,1,05,2.87,160.00,M,-21.3213,M,,*7F
$GPGGA,090145.20,5228.30900026,N,01325.74168535,E,1,05,2.87,160.00,M,-21.3213,M,,*7C
$GPGGA,090145.30,5228.30900026,N,01325.74168535,E,1,05,2.87,160.00,M,-21.3213,M,,*7D
$GPGGA,090145.40,5228.30900026,N,01325.74168535,E,1,05,2.87,160.00,M,-21.3213,M,,*7A
$GPGGA,090145.50,5228.30900026,N,01325.74168535,E,1,05,2.87,160.00,M,-21.3213,M,,*7B
$GPGGA,090145.60,5228.30900026,N,01325.74168535,E,1,05,2.87,160.00,M,-21.3213,M,,*78
$GPGGA,090145.70,5228.30900026,N,01325.74168535,E,1,05,2.87,160.00,M,-21.3213,M,,*79
$GPGGA,090145.80,5228.30900026,N,01325.74168535,E,1,05,2.87,160.00,M,-21.3213,M,,*76
$GPGGA,090145.90,5228.30900026,N,01325.74168535,E,1,05,2.87,160.00,M,-21.3213,M,,*77
$GPGGA,090146.00,5228.30900026,N,01325.74168535,E,1,05,2.87,160.00,M,-21.3213,M,,*7D
$GPGGA,090146.10,5228.30900026,N,01325.74168535,E,1,05,2.87,160.00,M,-21.3213,M,,*7C
$GPGGA,090146.20,5228.30900026,N,01325.74168535,E,1,05,2.87,160.00,M,-21.3213,M,,*7F
$GPGGA,090146.30,5228.30900026,N,01325.74168535,E,1,05,2.87,160.00,M,-21.3213,M,,*7E
$GPGGA,090146.40,5228.30900026,N,01325.74168535,E,1,05,2.87,160.00,M,-21.3213,M,,*79
$GPGGA,090146.50,5228.30900026,N,01325.74168535,E,1,05,2.87,160.00,M,-21.3213,M,,*78
$GPGGA,090146.60,5228.30900026,N,01325.74168535,E,1,05,2.87,160.00,M,-21.3213,M,,*7B
$GPGGA,090146.70,5228.30900026,N,01325.74168535,E,1,05,2.87,160.00,M,-21.3213,M,,*7A
$GPGGA,090146.80,5228.30900026,N,01325.74168535,E,1,05,2.87,160.00,M,-21.3213,M,,*75
$GPGGA,090146.90,5228.30900026,N,01325.74168535,E,1,05,2.87,160.00,M,-21.3213,M,,*74
$GPGGA,090147.00,5228.30900026,N,01325.74168535,E,1,05,2.87,160.00,M,-21.3213,M,,*7C
$GPGGA,090147.10,5228.30900026,N,01325.74168535,E,1,05,2.87,160.00,M,-21.3213,M,,*7D
$GPGGA,090147.20,5228.30900026,N,01325.74168535,E,1,05,2.87,160.00,M,-21.3213,M,,*7E
$GPGGA,090147.30,5228.30900026,N,01325.74168535,E,1,05,2.87,160.00,M,-21.3213,M,,*7F
$GPGGA,090147.40,5228.30900026,N,01325.74168535,E,1,05,2.87,160.00,M,-21.3213,M,,*78
$GPGGA,090147.50,5228.30900026,N,01325.74168535,E,1,05,2.87,160.00,M,-21.3213,M,,*79
$GPGGA,090147.60,5228.30900026,N,01325.74168535,E,1,05,2.87,160.00,M,-21.3213,M,,*7A
$GPGGA,090147.70,5228.30900026,N,01325.74168535,E,1,05,2.87,160.00,M,-21.3213,M,,*7B
$GPGGA,090147.80,5228.30900026,N,01325.74168535,E,1,05,2.87,160.00,M,-21.3213,M,,*74
$GPGGA,090147.90,5228.30900026,N,01325.74168535,E,1,05,2.87,160.00,M,-21.3213,M,,*75
$GPGGA,090148.00,5228.30900026,N,01325.74168535,E,1,05,2.87,160.00,M,-21.3213,M,,*73
$GPGGA,090148.10,5228.30900026,N,01325.74168535,E,1,05,2.87,160.00,M,-21.3213,M,,*72
$GPGGA,090148.20,5228.30900026,N,01325.74168535,E,1,05,2.87,160.00,M,-21.3213,M,,*71
$GPGGA,090148.30,5228.30900026,N,01325.74168535,E,1,05,2.87,160.00,M,-21.3213,M,,*70
$GPGGA,090148.40,5228.30900026,N,01325.74168535,E,1,05,2.87,160.00,M,-21.3213,M,,*77
$GPGGA,090148.50,5228.30900026,N,01325.74168535,E,1,05,2.87,160.00,M,-21.3213,M,,*76
$GPGGA,090148.60,5228.30900026,N,01325.74168535,E,1,05,2.87,160.00,M,-21.3213,M,,*75
$GPGGA,090148.70,5228.30900026,N,01325.74168535,E,1,05,2.87,160.00,M,-21.3213,M,,*74
$GPGGA,090148.80,5228.30900026,N,01325.74168535,E,1,05,2.87,160.00,M,-21.3213,M,,*7B
$GPGGA,090148.90,5228.30900026,N,01325.74168535,E,1,05,2.87,160.00,M,-21.3213,M,,*7A
$GPGGA,090149.00,5228.30900026,N,01325.74168535,E,1,05,2.87,160.00,M,-21.3213,M,,*72
$GPGGA,090149.10,5228.30900026,N,01325.74168535,E,1,05,2.87,160.00,M,-21.3213,M,,*73
$GPGGA,090149.20,5228.30900026,N,01325.74168535,E,1,05,2.87,160.00,M,-21.3213,M,,*70
$GPGGA,090149.30,5228.30900026,N,01325.74168535,E,1,05,2.87,160.00,M,-21.3213,M,,*71
$GPGGA,090149.40,5228.30900026,N,01325.74168535,E,1,05,2.87,160.00,M,-21.3213,M,,*76
$GPGGA,090149.50,5228.30900026,N,01325.74168535,E,1,05,2.87,160.00,M,-21.3213,M,,*77
$GPGGA,090149.60,5228.30900026,N,01325.74168535,E,1,05,2.87,160.00,M,-21.3213,M,,*74
$GPGGA,090149.70,5228.30900026,N,01325.74168535,E,1,05,2.87,160.00,M,-21.3213,M,,*75
$GPGGA,090149.80,5228.30900026,N,01325.74168535,E,1,05,2.87,160.00,M,-21.3213,M,,*7A
$GPGGA,090149.90,5228.30900026,N,01325.74168535,E,1,05,2.87,160.00,M,-21.3213,M,,*7B
$GPGGA,090150.00,5228.30900026,N,01325.74168535,E,1,05,2.87,160.00,M,-21.3213,M,,*7A
$GPGGA,090150.10,5228.30900026,N,01325.74168535,E,1,05,2.87,160.00,M,-21.3213,M,,*7B
$GPGGA,090150.20,5228.30900026,N,01325.74168535,E,1,05,2.87,160.00,M,-21.3213,M,,*78
$GPGGA,090150.30,5228.30900026,N,01325.74168535,E,1,05,2.87,160.00,M,-21.3213,M,,*79
$GPGGA,090150.40,5228.30900026,N,01325.74168535,E,1,05,2.87,160.00,M,-21.3213,M,,*7E
$GPGGA,090150.50,5228.30900026,N,01325.74168535,E,1,05,2.87,160.00,M,-21.3213,M,,*7F
$GPGGA,090150.60,5228.30900026,N,01325.74168535,E,1,05,2.87,160.00,M,-21.3213,M,,*7C
$GPGGA,090150.70,5228.30900026,N,01325.74168535,E,1,05,2.87,160.00,M,-21.3213,M,,*7D
$GPGGA,090150.80,5228.30900026,N,01325.74168535,E,1,05,2.87,160.00,M,-21.3213,M,,*72
$GPGGA,090150.90,5228.30900026,N,01325.74168535,E,1,05,2.87,160.00,M,-21.3213,M,,*73
$GPGGA,090151.00,5228.30900026,N,01325.74168535,E,1,05,2.87,160.00,M,-21.3213,M,,*7B
$GPGGA,090151.10,5228.30900026,N,01325.74168535,E,1,05,2.87,160.00,M,-21.3213,M,,*7A
$GPGGA,090151.20,5228.30900026,N,01325.74168535,E,1,05,2.87,160.00,M,-21.3213,M,,*79
$GPGGA,090151.30,5228.30900026,N,01325.74168535,E,1,05,2.87,160.00,M,-21.3213,M,,*78
$GPGGA,090151.40,5228.30900026,N,01325.74168535,E,1,05,2.87,160.00,M,-21.3213,M,,*7F
$GPGGA,090151.50,5228.30900026,N,01325.74168535,E,1,05,2.87,160.00,M,-21.3213,M,,*7E
$GPGGA,090151.60,5228.30900026,N,01325.74168535,E,1,05,2.87,160.00,M,-21.3213,M,,*7D
$GPGGA,090151.70,5228.30900026,N,01325.74168535,E,1,05,2.87,160.00,M,-21.3213,M,,*7C
$GPGGA,090151.80,5228.30900026,N,01325.74168535,E,1,05,2.87,160.00,M,-21.3213,M,,*73
$GPGGA,090151.90,5228.30900026,N,01325.74168535,E,1,05,2.87,160.00,M,-21.3213,M,,*72
$GPGGA,090152.00,5228.30900026,N,01325.74168535,E,1,05,2.87,160.00,M,-21.3213,M,,*78
$GPGGA,090152.10,5228.30900026,N,01325.74168535,E,1,05,2.87,160.00,M,-21.3213,M,,*79
$GPGGA,090152.20,5228.30900026,N,01325.74168535,E,1,05,2.87,160.00,M,-21.3213,M,,*7A
$GPGGA,090152.30,5228.30900026,N,01325.74168535,E,1,05,2.87,160.00,M,-21.3213,M,,*7B
$GPGGA,090152.40,5228.30900026,N,01325.74168535,E,1,05,2.87,160.00,M,-21.3213,M,,*7C
$GPGGA,090152.50,5228.30900026,N,01325.74168535,E,1,05,2.87,160.00,M,-21.3213,M,,*7D
$GPGGA,090152.60,5228.30900026,N,01325.74168535,E,1,05,2.87,160.00,M,-21.3213,M,,*7E
$GPGGA,090152.70,5228.30900026,N,01325.74168535,E,1,05,2.87,160.00,M,-21.3213,M,,*7F
$GPGGA,090152.80,5228.30900026,N,01325.74168535,E,1,05,2.87,160.00,M,-21.3213,M,,*70
$GPGGA,090152.90,5228.30900026,N,01325.74168535,E,1,05,2.87,160.00,M,-21.3213,M,,*71
$GPGGA,090153.00,5228.30900026,N,01325.74168535,E,1,05,2.87,160.00,M,-21.3213,M,,*79
$GPGGA,090153.10,5228.30900026,N,01325.74168535,E,1,05,2.87,160.00,M,-21.3213,M,,*78
$GPGGA,090153.20,5228.30900026,N,01325.74168535,E,1,05,2.87,160.00,M,-21.3213,M,,*7B
$GPGGA,090153.30,5228.30900026,N,01325.74168535,E,1,05,2.87,160.00,M,-21.3213,M,,*7A
$GPGGA,090153.40,5228.30900026,N,01325.74168535,E,1,05,2.87,160.00,M,-21.3213,M,,*7D
$GPGGA,090153.50,5228.30900026,N,01325.74168535,E,1,05,2.87,160.00,M,-21.3213,M,,*7C
$GPGGA,090153.60,5228.30900026,N,01325.74168535,E,1,05,2.87,160.00,M,-21.3213,M,,*7F
$GPGGA,090153.70,5228.30900026,N,01325.74168535,E,1,05,2.87,160.00,M,-21.3213,M,,*7E
$GPGGA,090153.80,5228.30900026,N,01325.74168535,E,1,05,2.87,160.00,M,-21.3213,M,,*71
$GPGGA,090153.90,5228.30900026,N,01325.74168535,E,1,05,2.87,160.00,M,-21.3213,M,,*70
$GPGGA,090154.00,5228.30900026,N,01325.74168535,E,1,05,2.87,160.00,M,-21.3213,M,,*7E
$GPGGA,090154.10,5228.30900026,N,01325.74168535,E,1,05,2.87,160.00,M,-21.3213,M,,*7F
$GPGGA,090154.20,5228.30900026,N,01325.74168535,E,1,05,2.87,160.00,M,-21.3213,M,,*7C
$GPGGA,090154.30,5228.30900026,N,01325.74168535,E,1,05,2.87,160.00,M,-21.3213,M,,*7D
$GPGGA,090154.40,5228.30900026,N,01325.74168535,E,1,05,2.87,160.00,M,-21.3213,M,,*7A
$GPGGA,090154.50,5228.30900026,N,01325.74168535,E,1,05,2.87,160.00,M,-21.3213,M,,*7B
$GPGGA,090154.60,5228.30900026,N,01325.74168535,E,1,05,2.87,160.00,M,-21.3213,M,,*78
$GPGGA,090154.70,5228.30900026,N,01325.74168535,E,1,05,2.87,160.00,M,-21.3213,M,,*79
$GPGGA,090154.80,5228.30900026,N,01325.74168535,E,1,05,2.87,160.00,M,-21.3213,M,,*76
$GPGGA,090154.90,5228.30900026,N,01325.74168535,E,1,05,2.87,160.00,M,-21.3213,M,,*77
$GPGGA,090155.00,5228.30900026,N,01325.74168535,E,1,05,2.87,160.00,M,-21.3213,M,,*7F
$GPGGA,090155.10,5228.30900026,N,01325.74168535,E,1,05,2.87,160.00,M,-21.3213,M,,*7E
$GPGGA,090155.20,5228.30900026,N,01325.74168535,E,1,05,2.87,160.00,M,-21.3213,M,,*7D
$GPGGA,090155.30,5228.30900026,N,01325.74168535,E,1,05,2.87,160.00,M,-21.3213,M,,*7C
$GPGGA,090155.40,5228.30900026,N,01325.74168535,E,1,05,2.87,160.00,M,-21.3213,M,,*7B
$GPGGA,090155.50,5228.30900026,N,01325.74168535,E,1,05,2.87,160.00,M,-21.3213,M,,*7A
$GPGGA,090155.60,5228.30900026,N,01325.74168535,E,1,05,2.87,160.00,M,-21.3213,M,,*79
$GPGGA,090155.70,5228.30900026,N,01325.74168535,E,1,05,2.87,160.00,M,-21.3213,M,,*78
$GPGGA,090155.80,5228.30900026,N,01325.74168535,E,1,05,2.87,160.00,M,-21.3213,M,,*77
$GPGGA,090155.90,5228.30900026,N,01325.74168535,E,1,05,2.87,160.00,M,-21.3213,M,,*76
$GPGGA,090156.00,5228.30900026,N,01325.74168535,E,1,05,2.87,160.00,M,-21.3213,M,,*7C
$GPGGA,090156.10,5228.30900026,N,01325.74168535,E,1,05,2.87,160.00,M,-21.3213,M,,*7D
$GPGGA,090156.20,5228.30900026,N,01325.74168535,E,1,05,2.87,160.00,M,-21.3213,M,,*7E
$GPGGA,090156.30,5228.30900026,N,01325.74168535,E,1,05,2.87,160.00,M,-21.3213,M,,*7F
$GPGGA,090156.40,5228.30900026,N,01325.74168535,E,1,05,2.87,160.00,M,-21.3213,M,,*78
$GPGGA,090156.50,5228.30900026,N,01325.74168535,E,1,05,2.87,160.00,M,-21.3213,M,,*79
$GPGGA,090156.60,5228.30900026,N,01325.74168535,E,1,05,2.87,160.00,M,-21.3213,M,,*7A
$GPGGA,090156.70,5228.30900026,N,01325.74168535,E,1,05,2.87,160.00,M,-21.3213,M,,*7B
$GPGGA,090156.80,5228.30900026,N,01325.74168535,E,1,05,2.87,160.00,M,-21.3213,M,,*74
$GPGGA,090156.90,5228.30900026,N,01325.74168535,E,1,05,2.87,160.00,M,-21.3213,M,,*75
$GPGGA,090157.00,5228.30900026,N,01325.74168535,E,1,05,2.87,160.00,M,-21.3213,M,,*7D
$GPGGA,090157.10,5228.30900026,N,01325.74168535,E,1,05,2.87,160.00,M,-21.3213,M,,*7C
$GPGGA,090157.20,5228.30900026,N,01325.74168535,E,1,05,2.87,160.00,M,-21.3213,M,,*7F
$GPGGA,090157.30,5228.30900026,N,01325.74168535,E,1,05,2.87,160.00,M,-21.3213,M,,*7E
$GPGGA,090157.40,5228.30900026,N,01325.74168535,E,1,05,2.87,160.00,M,-21.3213,M,,*79
$GPGGA,090157.50,5228.30900026,N,01325.74168535,E,1,05,2.87,160.00,M,-21.3213,M,,*78
$GPGGA,090157.60,5228.30900026,N,01325.74168535,E,1,05,2.87,160.00,M,-21.3213,M,,*7B
$GPGGA,090157.70,5228.30900026,N,01325.74168535,E,1,05,2.87,160.00,M,-21.3213,M,,*7A
$GPGGA,090157.80,5228.30900026,N,01325.74168535,E,1,05,2.87,160.00,M,-21.3213,M,,*75
$GPGGA,090157.90,5228.30900026,N,01325.74168535,E,1,05,2.87,160.00,M,-21.3213,M,,*74
$GPGGA,090158.00,5228.30900026,N,01325.74168535,E,1,05,2.87,160.00,M,-21.3213,M,,*72
$GPGGA,090158.10,5228.30900026,N,01325.74168535,E,1,05,2.87,160.00,M,-21.3213,M,,*73
$GPGGA,090158.20,5228.30900026,N,01325.74168535,E,1,05,2.87,160.00,M,-21.3213,M,,*70
$GPGGA,090158.30,5228.30900026,N,01325.74168535,E,1,05,2.87,160.00,M,-21.3213,M,,*71
$GPGGA,090158.40,5228.30900026,N,01325.74168535,E,1,05,2.87,160.00,M,-21.3213,M,,*76
$GPGGA,090158.50,5228.30900026,N,01325.74168535,E,1,05,2.87,160.00,M,-21.3213,M,,*77
$GPGGA,090158.60,5228.30900026,N,01325.74168535,E,1,05,2.87,160.00,M,-21.3213,M,,*74
$GPGGA,090158.70,5228.30900026,N,01325.74168535,E,1,05,2.87,160.00,M,-21.3213,M,,*75
$GPGGA,090158.80,5228.30900026,N,01325.74168535,E,1,05,2.87,160.00,M,-21.3213,M,,*7A
$GPGGA,090158.90,5228.30900026,N,01325.74168535,E,1,05,2.87,160.00,M,-21.3213,M,,*7B
$GPGGA,090159.00,5228.30900026,N,01325.74168535,E,1,05,2.87,160.00,M,-21.3213,M,,*73
$GPGGA,090159.10,5228.30900026,N,01325.74168535,E,1,05,2.87,160.00,M,-21.3213,M,,*72
$GPGGA,090159.20,5228.30900026,N,01325.74168535,E,1,05,2.87,160.00,M,-21.3213,M,,*71
$GPGGA,090159.30,5228.30900026,N,01325.74168535,E,1,05,2.87,160.00,M,-21.3213,M,,*70
$GPGGA,090159.40,5228.30900026,N,01325.74168535,E,1,05,2.87,160.00,M,-21.3213,M,,*77
$GPGGA,090159.50,5228.30900026,N,01325.74168535,E,1,05,2.87,160.00,M,-21.3213,M,,*76
$GPGGA,090159.60,5228.30900026,N,01325.74168535,E,1,05,2.87,160.00,M,-21.3213,M,,*75
$GPGGA,090159.70,5228.30900026,N,01325.74168535,E,1,05,2.87,160.00,M,-21.3213,M,,*74
$GPGGA,090159.80,5228.30900026,N,01325.74168535,E,1,05,2.87,160.00,M,-21.3213,M,,*7B
$GPGGA,090159.90,5228.30863944,N,01325.74174000,E,1,05,2.87,160.00,M,-21.3213,M,,*7D
$GPGGA,090200.00,5228.30808944,N,01325.74185082,E,1,05,2.87,160.00,M,-21.3213,M,,*72
$GPGGA,090200.10,5228.30749696,N,01325.74199851,E,1,05,2.87,160.00,M,-21.3213,M,,*72
$GPGGA,090200.20,5228.30688399,N,01325.74217376,E,1,05,2.87,160.00,M,-21.3213,M,,*7C
$GPGGA,090200.30,5228.30627039,N,01325.74236658,E,1,05,2.87,160.00,M,-21.3213,M,,*7B
$GPGGA,090200.40,5228.30567223,N,01325.74256781,E,1,05,2.87,160.00,M,-21.3213,M,,*71
$GPGGA,090200.50,5228.30510294,N,01325.74276929,E,1,05,2.87,160.00,M,-21.3213,M,,*72
$GPGGA,090200.60,5228.30449776,N,01325.74299243,E,1,05,2.87,160.00,M,-21.3213,M,,*73
$GPGGA,090200.70,5228.30393842,N,01325.74320572,E,1,05,2.87,160.00,M,-21.3213,M,,*7C
$GPGGA,090200.80,5228.30335386,N,01325.74343491,E,1,05,2.87,160.00,M,-21.3213,M,,*75
$GPGGA,090200.90,5228.30274675,N,01325.74367896,E,1,05,2.87,160.00,M,-21.3213,M,,*74
$GPGGA,090201.00,5228.30211960,N,01325.74393678,E,1,05,2.87,160.00,M,-21.3213,M,,*71
$GPGGA,090201.10,5228.30147478,N,01325.74420728,E,1,05,2.87,160.00,M,-21.3213,M,,*7F
$GPGGA,090201.20,5228.30090044,N,01325.74445242,E,1,05,2.87,160.00,M,-21.3213,M,,*76
$GPGGA,090201.30,5228.30022806,N,01325.74474396,E,1,05,2.87,160.00,M,-21.3213,M,,*7A
$GPGGA,090201.40,5228.29963245,N,01325.74500593,E,1,05,2.87,160.00,M,-21.3213,M,,*75
$GPGGA,090201.50,5228.29894003,N,01325.74531432,E,1,05,2.87,160.00,M,-21.3213,M,,*75
$GPGGA,090201.60,5228.29832990,N,01325.74558913,E,1,05,2.87,160.00,M,-21.3213,M,,*78
$GPGGA,090201.70,5228.29771526,N,01325.74586854,E,1,05,2.87,160.00,M,-21.3213,M,,*71
$GPGGA,090201.80,5228.29700556,N,01325.74619404,E,1,05,2.87,160.00,M,-21.3213,M,,*73
$GPGGA,090201.90,5228.29629249,N,01325.74652381,E,1,05,2.87,160.00,M,-21.3213,M,,*74
$GPGGA,090202.00,5228.29567033,N,01325.74681353,E,1,05,2.87,160.00,M,-21.3213,M,,*79
$GPGGA,090202.10,5228.29495545,N,01325.74714844,E,1,05,2.87,160.00,M,-21.3213,M,,*70
$GPGGA,090202.20,5228.29424125,N,01325.74748493,E,1,05,2.87,160.00,M,-21.3213,M,,*74
$GPGGA,090202.30,5228.29352898,N,01325.74782215,E,1,05,2.87,160.00,M,-21.3213,M,,*72
$GPGGA,090202.40,5228.29281982,N,01325.74815931,E,1,05,2.87,160.00,M,-21.3213,M,,*7C
$GPGGA,090202.50,5228.29211491,N,01325.74849565,E,1,05,2.87,160.00,M,-21.3213,M,,*7F
$GPGGA,090202.60,5228.29131828,N,01325.74887697,E,1,05,2.87,160.00,M,-21.3213,M,,*7F
$GPGGA,090202.70,5228.29052710,N,01325.74925672,E,1,05,2.87,160.00,M,-21.3213,M,,*7C
$GPGGA,090202.80,5228.28974248,N,01325.74963413,E,1,05,2.87,160.00,M,-21.3213,M,,*70
$GPGGA,090202.90,5228.28896550,N,01325.75000846,E,1,05,2.87,160.00,M,-21.3213,M,,*73
$GPGGA,090203.00,5228.28819716,N,01325.75037903,E,1,05,2.87,160.00,M,-21.3213,M,,*78
$GPGGA,090203.10,5228.28733923,N,01325.75079305,E,1,05,2.87,160.00,M,-21.3213,M,,*70
$GPGGA,090203.20,5228.28649117,N,01325.75120236,E,1,05,2.87,160.00,M,-21.3213,M,,*7C
$GPGGA,090203.30,5228.28565395,N,01325.75160624,E,1,05,2.87,160.00,M,-21.3213,M,,*7B
$GPGGA,090203.40,5228.28472788,N,01325.75205253,E,1,05,2.87,160.00,M,-21.3213,M,,*77
$GPGGA,090203.50,5228.28391313,N,01325.75244459,E,1,05,2.87,160.00,M,-21.3213,M,,*73
$GPGGA,090203.60,5228.28300882,N,01325.75287910,E,1,05,2.87,160.00,M,-21.3213,M,,*74
$GPGGA,090203.70,5228.28201404,N,01325.75335637,E,1,05,2.87,160.00,M,-21.3213,M,,*75
$GPGGA,090203.80,5228.28113069,N,01325.75377963,E,1,05,2.87,160.00,M,-21.3213,M,,*7D
$GPGGA,090203.90,5228.28015622,N,01325.75424601,E,1,05,2.87,160.00,M,-21.3213,M,,*78
$GPGGA,090204.00,5228.27919163,N,01325.75470716,E,1,05,2.87,160.00,M,-21.3213,M,,*78
$GPGGA,090204.10,5228.27823677,N,01325.75516322,E,1,05,2.87,160.00,M,-21.3213,M,,*71
$GPGGA,090204.20,5228.27718935,N,01325.75566306,E,1,05,2.87,160.00,M,-21.3213,M,,*7D
$GPGGA,090204.30,5228.27625327,N,01325.75610941,E,1,05,2.87,160.00,M,-21.3213,M,,*71
$GPGGA,090204.40,5228.27522390,N,01325.75659993,E,1,05,2.87,160.00,M,-21.3213,M,,*7C
$GPGGA,090204.50,5228.27420315,N,01325.75708604,E,1,05,2.87,160.00,M,-21.3213,M,,*77
$GPGGA,090204.60,5228.27308810,N,01325.75761678,E,1,05,2.87,160.00,M,-21.3213,M,,*73
$GPGGA,090204.70,5228.27208375,N,01325.75809462,E,1,05,2.87,160.00,M,-21.3213,M,,*73
$GPGGA,090204.80,5228.27098433,N,01325.75861750,E,1,05,2.87,160.00,M,-21.3213,M,,*7E
$GPGGA,090204.90,5228.26989225,N,01325.75913674,E,1,05,2.87,160.00,M,-21.3213,M,,*75
$GPGGA,090205.00,5228.26880721,N,01325.75965252,E,1,05,2.87,160.00,M,-21.3213,M,,*75
$GPGGA,090205.10,5228.26772888,N,01325.76016504,E,1,05,2.87,160.00,M,-21.3213,M,,*70
$GPGGA,090205.20,5228.26665692,N,01325.76067450,E,1,05,2.87,160.00,M,-21.3213,M,,*77
$GPGGA,090205.30,5228.26559097,N,01325.76118111,E,1,05,2.87,160.00,M,-21.3213,M,,*70
$GPGGA,090205.40,5228.26442734,N,01325.76173418,E,1,05,2.87,160.00,M,-21.3213,M,,*73
$GPGGA,090205.50,5228.26337223,N,01325.76223575,E,1,05,2.87,160.00,M,-21.3213,M,,*78
$GPGGA,090205.60,5228.26221859,N,01325.76278431,E,1,05,2.87,160.00,M,-21.3213,M,,*75
$GPGGA,090205.70,5228.26107049,N,01325.76333048,E,1,05,2.87,160.00,M,-21.3213,M,,*7E
$GPGGA,090205.80,5228.25992533,N,01325.76387564,E,1,05,2.87,160.00,M,-21.3213,M,,*7A
$GPGGA,090205.90,5228.25878387,N,01325.76441955,E,1,05,2.87,160.00,M,-21.3213,M,,*74
$GPGGA,090206.00,5228.25764571,N,01325.76496254,E,1,05,2.87,160.00,M,-21.3213,M,,*73
$GPGGA,090206.10,5228.25651049,N,01325.76550492,E,1,05,2.87,160.00,M,-21.3213,M,,*7C
$GPGGA,090206.20,5228.25537781,N,01325.76604702,E,1,05,2.87,160.00,M,-21.3213,M,,*77
$GPGGA,090206.30,5228.25424729,N,01325.76658919,E,1,05,2.87,160.00,M,-21.3213,M,,*7A
$GPGGA,090206.40,5228.25311851,N,01325.76713176,E,1,05,2.87,160.00,M,-21.3213,M,,*73
$GPGGA,090206.50,5228.25199100,N,01325.76767508,E,1,05,2.87,160.00,M,-21.3213,M,,*73
$GPGGA,090206.60,5228.25086428,N,01325.76821947,E,1,05,2.87,160.00,M,-21.3213,M,,*7A
$GPGGA,090206.70,5228.24963447,N,01325.76881548,E,1,05,2.87,160.00,M,-21.3213,M,,*78
$GPGGA,090206.80,5228.24850828,N,01325.76936309,E,1,05,2.87,160.00,M,-21.3213,M,,*7D
$GPGGA,090206.90,5228.24738228,N,01325.76991252,E,1,05,2.87,160.00,M,-21.3213,M,,*75
$GPGGA,090207.00,5228.24625652,N,01325.77046394,E,1,05,2.87,160.00,M,-21.3213,M,,*70
$GPGGA,090207.10,5228.24502773,N,01325.77106849,E,1,05,2.87,160.00,M,-21.3213,M,,*7B
$GPGGA,090207.20,5228.24390259,N,01325.77162476,E,1,05,2.87,160.00,M,-21.3213,M,,*7A
$GPGGA,090207.30,5228.24277780,N,01325.77218371,E,1,05,2.87,160.00,M,-21.3213,M,,*7C
$GPGGA,090207.40,5228.24165325,N,01325.77274492,E,1,05,2.87,160.00,M,-21.3213,M,,*70
$GPGGA,090207.50,5228.24052852,N,01325.77330668,E,1,05,2.87,160.00,M,-21.3213,M,,*79
$GPGGA,090207.60,5228.23930020,N,01325.77391980,E,1,05,2.87,160.00,M,-21.3213,M,,*7F
$GPGGA,090207.70,5228.23817481,N,01325.77448140,E,1,05,2.87,160.00,M,-21.3213,M,,*72
$GPGGA,090207.80,5228.23704916,N,01325.77504323,E,1,05,2.87,160.00,M,-21.3213,M,,*7D
$GPGGA,090207.90,5228.23592330,N,01325.77560549,E,1,05,2.87,160.00,M,-21.3213,M,,*77
$GPGGA,090208.00,5228.23479727,N,01325.77616838,E,1,05,2.87,160.00,M,-21.3213,M,,*7E
$GPGGA,090208.10,5228.23356784,N,01325.77678385,E,1,05,2.87,160.00,M,-21.3213,M,,*79
$GPGGA,090208.20,5228.23244159,N,01325.77734875,E,1,05,2.87,160.00,M,-21.3213,M,,*73
$GPGGA,090208.30,5228.23131527,N,01325.77791498,E,1,05,2.87,160.00,M,-21.3213,M,,*7E
$GPGGA,090208.40,5228.23018893,N,01325.77848278,E,1,05,2.87,160.00,M,-21.3213,M,,*72
$GPGGA,090208.50,5228.22906260,N,01325.77905243,E,1,05,2.87,160.00,M,-21.3213,M,,*72
$GPGGA,090208.60,5228.22793630,N,01325.77962423,E,1,05,2.87,160.00,M,-21.3213,M,,*73
$GPGGA,090208.70,5228.22670690,N,01325.78025125,E,1,05,2.87,160.00,M,-21.3213,M,,*72
$GPGGA,090208.80,5228.22558081,N,01325.78082860,E,1,05,2.87,160.00,M,-21.3213,M,,*77
$GPGGA,090208.90,5228.22445486,N,01325.78140921,E,1,05,2.87,160.00,M,-21.3213,M,,*73
$GPGGA,090209.00,5228.22332908,N,01325.78199347,E,1,05,2.87,160.00,M,-21.3213,M,,*79
$GPGGA,090209.10,5228.22220350,N,01325.78258139,E,1,05,2.87,160.00,M,-21.3213,M,,*78
$GPGGA,090209.20,5228.22107816,N,01325.78317254,E,1,05,2.87,160.00,M,-21.3213,M,,*76
$GPGGA,090209.30,5228.21985012,N,01325.78382098,E,1,05,2.87,160.00,M,-21.3213,M,,*74
$GPGGA,090209.40,5228.21872537,N,01325.78441754,E,1,05,2.87,160.00,M,-21.3213,M,,*77
$GPGGA,090209.50,5228.21760094,N,01325.78501614,E,1,05,2.87,160.00,M,-21.3213,M,,*76
$GPGGA,090209.60,5228.21647683,N,01325.78561651,E,1,05,2.87,160.00,M,-21.3213,M,,*76
$GPGGA,090209.70,5228.21535297,N,01325.78621847,E,1,05,2.87,160.00,M,-21.3213,M,,*7E
$GPGGA,090209.80,5228.21422934,N,01325.78682185,E,1,05,2.87,160.00,M,-21.3213,M,,*7A
$GPGGA,090209.90,5228.21310590,N,01325.78742649,E,1,05,2.87,160.00,M,-21.3213,M,,*75
$GPGGA,090210.00,5228.21187982,N,01325.78808773,E,1,05,2.87,160.00,M,-21.3213,M,,*7E
$GPGGA,090210.10,5228.21075666,N,01325.78869457,E,1,05,2.87,160.00,M,-21.3213,M,,*74
$GPGGA,090210.20,5228.20963357,N,01325.78930229,E,1,05,2.87,160.00,M,-21.3213,M,,*7D
$GPGGA,090210.30,5228.20851053,N,01325.78991077,E,1,05,2.87,160.00,M,-21.3213,M,,*79
$GPGGA,090210.40,5228.20738751,N,01325.79051992,E,1,05,2.87,160.00,M,-21.3213,M,,*7D
$GPGGA,090210.50,5228.20626447,N,01325.79112967,E,1,05,2.87,160.00,M,-21.3213,M,,*7A
$GPGGA,090210.60,5228.20514137,N,01325.79173978,E,1,05,2.87,160.00,M,-21.3213,M,,*70
$GPGGA,090210.70,5228.20391530,N,01325.79240537,E,1,05,2.87,160.00,M,-21.3213,M,,*7D
$GPGGA,090210.80,5228.20279165,N,01325.79301417,E,1,05,2.87,160.00,M,-21.3213,M,,*76
$GPGGA,090210.90,5228.20166775,N,01325.79362187,E,1,05,2.87,160.00,M,-21.3213,M,,*74
$GPGGA,090211.00,5228.20054390,N,01325.79422884,E,1,05,2.87,160.00,M,-21.3213,M,,*7A
$GPGGA,090211.10,5228.19942023,N,01325.79483522,E,1,05,2.87,160.00,M,-21.3213,M,,*7E
$GPGGA,090211.20,5228.19829668,N,01325.79544085,E,1,05,2.87,160.00,M,-21.3213,M,,*7A
$GPGGA,090211.30,5228.19717318,N,01325.79604554,E,1,05,2.87,160.00,M,-21.3213,M,,*75
$GPGGA,090211.40,5228.19594682,N,01325.79670429,E,1,05,2.87,160.00,M,-21.3213,M,,*75
$GPGGA,090211.50,5228.19482317,N,01325.79730639,E,1,05,2.87,160.00,M,-21.3213,M,,*7D
$GPGGA,090211.60,5228.19369933,N,01325.79790693,E,1,05,2.87,160.00,M,-21.3213,M,,*7A
$GPGGA,090211.70,5228.19257522,N,01325.79850564,E,1,05,2.87,160.00,M,-21.3213,M,,*73
$GPGGA,090211.80,5228.19145076,N,01325.79910228,E,1,05,2.87,160.00,M,-21.3213,M,,*72
$GPGGA,090211.90,5228.19032587,N,01325.79969654,E,1,05,2.87,160.00,M,-21.3213,M,,*78
$GPGGA,090212.00,5228.18920049,N,01325.80028818,E,1,05,2.87,160.00,M,-21.3213,M,,*72
$GPGGA,090212.10,5228.18797176,N,01325.80093107,E,1,05,2.87,160.00,M,-21.3213,M,,*7B
$GPGGA,090212.20,5228.18684608,N,01325.80151756,E,1,05,2.87,160.00,M,-21.3213,M,,*78
$GPGGA,090212.30,5228.18572069,N,01325.80210189,E,1,05,2.87,160.00,M,-21.3213,M,,*70
$GPGGA,090212.40,5228.18459572,N,01325.80268469,E,1,05,2.87,160.00,M,-21.3213,M,,*74
$GPGGA,090212.50,5228.18347124,N,01325.80326679,E,1,05,2.87,160.00,M,-21.3213,M,,*72
$GPGGA,090212.60,5228.18234735,N,01325.80384900,E,1,05,2.87,160.00,M,-21.3213,M,,*7B
$GPGGA,090212.70,5228.18112117,N,01325.80448568,E,1,05,2.87,160.00,M,-21.3213,M,,*7E
$GPGGA,090212.80,5228.17999875,N,01325.80507079,E,1,05,2.87,160.00,M,-21.3213,M,,*77
$GPGGA,090212.90,5228.17887716,N,01325.80565835,E,1,05,2.87,160.00,M,-21.3213,M,,*76
$GPGGA,090213.00,5228.17775634,N,01325.80624826,E,1,05,2.87,160.00,M,-21.3213,M,,*79
$GPGGA,090213.10,5228.17663621,N,01325.80684030,E,1,05,2.87,160.00,M,-21.3213,M,,*7F
$GPGGA,090213.20,5228.17541401,N,01325.80748889,E,1,05,2.87,160.00,M,-21.3213,M,,*74
$GPGGA,090213.30,5228.17429508,N,01325.80808483,E,1,05,2.87,160.00,M,-21.3213,M,,*7F
$GPGGA,090213.40,5228.17317663,N,01325.80868240,E,1,05,2.87,160.00,M,-21.3213,M,,*73
$GPGGA,090213.50,5228.17205862,N,01325.80928149,E,1,05,2.87,160.00,M,-21.3213,M,,*70
$GPGGA,090213.60,5228.17094099,N,01325.80988197,E,1,05,2.87,160.00,M,-21.3213,M,,*7C
$GPGGA,090213.70,5228.16972122,N,01325.81053906,E,1,05,2.87,160.00,M,-21.3213,M,,*72
$GPGGA,090213.80,5228.16860428,N,01325.81114221,E,1,05,2.87,160.00,M,-21.3213,M,,*7C
$GPGGA,090213.90,5228.16748763,N,01325.81174655,E,1,05,2.87,160.00,M,-21.3213,M,,*75
$GPGGA,090214.00,5228.16637122,N,01325.81235204,E,1,05,2.87,160.00,M,-21.3213,M,,*77
$GPGGA,090214.10,5228.16525504,N,01325.81295863,E,1,05,2.87,160.00,M,-21.3213,M,,*77
$GPGGA,090214.20,5228.16403667,N,01325.81362215,E,1,05,2.87,160.00,M,-21.3213,M,,*75
$GPGGA,090214.30,5228.16292089,N,01325.81423104,E,1,05,2.87,160.00,M,-21.3213,M,,*7D
$GPGGA,090214.40,5228.16180528,N,01325.81484105,E,1,05,2.87,160.00,M,-21.3213,M,,*78
$GPGGA,090214.50,5228.16068981,N,01325.81545219,E,1,05,2.87,160.00,M,-21.3213,M,,*73
$GPGGA,090214.60,5228.15957448,N,01325.81606452,E,1,05,2.87,160.00,M,-21.3213,M,,*73
$GPGGA,090214.70,5228.15835695,N,01325.81673443,E,1,05,2.87,160.00,M,-21.3213,M,,*77
$GPGGA,090214.80,5228.15724186,N,01325.81734941,E,1,05,2.87,160.00,M,-21.3213,M,,*7F
$GPGGA,090214.90,5228.15612687,N,01325.81796579,E,1,05,2.87,160.00,M,-21.3213,M,,*73
$GPGGA,090215.00,5228.15501197,N,01325.81858367,E,1,05,2.87,160.00,M,-21.3213,M,,*78
$GPGGA,090215.10,5228.15389715,N,01325.81920316,E,1,05,2.87,160.00,M,-21.3213,M,,*7B
$GPGGA,090215.20,5228.15268018,N,01325.81988148,E,1,05,2.87,160.00,M,-21.3213,M,,*77
$GPGGA,090215.30,5228.15156552,N,01325.82050484,E,1,05,2.87,160.00,M,-21.3213,M,,*79
$GPGGA,090215.40,5228.15045093,N,01325.82113033,E,1,05,2.87,160.00,M,-21.3213,M,,*7B
$GPGGA,090215.50,5228.14933638,N,01325.82175816,E,1,05,2.87,160.00,M,-21.3213,M,,*7B
$GPGGA,090215.60,5228.14822190,N,01325.82238858,E,1,05,2.87,160.00,M,-21.3213,M,,*7C
$GPGGA,090215.70,5228.14710745,N,01325.82302185,E,1,05,2.87,160.00,M,-21.3213,M,,*7C
$GPGGA,090215.80,5228.14589097,N,01325.82371659,E,1,05,2.87,160.00,M,-21.3213,M,,*7B
$GPGGA,090215.90,5228.14477652,N,01325.82435579,E,1,05,2.87,160.00,M,-21.3213,M,,*73
$GPGGA,090216.00,5228.14366192,N,01325.82499713,E,1,05,2.87,160.00,M,-21.3213,M,,*7D
$GPGGA,090216.10,5228.14254708,N,01325.82564011,E,1,05,2.87,160.00,M,-21.3213,M,,*7F
$GPGGA,090216.20,5228.14143188,N,01325.82628430,E,1,05,2.87,160.00,M,-21.3213,M,,*7B
$GPGGA,090216.30,5228.14031624,N,01325.82692925,E,1,05,2.87,160.00,M,-21.3213,M,,*77
$GPGGA,090216.40,5228.13909793,N,01325.82763353,E,1,05,2.87,160.00,M,-21.3213,M,,*7C
$GPGGA,090216.50,5228.13798104,N,01325.82827868,E,1,05,2.87,160.00,M,-21.3213,M,,*7F
$GPGGA,090216.60,5228.13686341,N,01325.82892343,E,1,05,2.87,160.00,M,-21.3213,M,,*7D
$GPGGA,090216.70,5228.13574498,N,01325.82956753,E,1,05,2.87,160.00,M,-21.3213,M,,*7D
$GPGGA,090216.80,5228.13462587,N,01325.83021116,E,1,05,2.87,160.00,M,-21.3213,M,,*74
$GPGGA,090216.90,5228.13350640,N,01325.83085509,E,1,05,2.87,160.00,M,-21.3213,M,,*7F
$GPGGA,090217.00,5228.13238673,N,01325.83149929,E,1,05,2.87,160.00,M,-21.3213,M,,*77
$GPGGA,090217.10,5228.13126663,N,01325.83214221,E,1,05,2.87,160.00,M,-21.3213,M,,*73
$GPGGA,090217.20,5228.13014586,N,01325.83278215,E,1,05,2.87,160.00,M,-21.3213,M,,*75
$GPGGA,090217.30,5228.12892163,N,01325.83347518,E,1,05,2.87,160.00,M,-21.3213,M,,*7B
$GPGGA,090217.40,5228.12779888,N,01325.83410470,E,1,05,2.87,160.00,M,-21.3213,M,,*70
$GPGGA,090217.50,5228.12667550,N,01325.83472960,E,1,05,2.87,160.00,M,-21.3213,M,,*7F
$GPGGA,090217.60,5228.12555180,N,01325.83535048,E,1,05,2.87,160.00,M,-21.3213,M,,*76
$GPGGA,090217.70,5228.12442807,N,01325.83596789,E,1,05,2.87,160.00,M,-21.3213,M,,*75
$GPGGA,090217.80,5228.12330463,N,01325.83658236,E,1,05,2.87,160.00,M,-21.3213,M,,*76
$GPGGA,090217.90,5228.12218166,N,01325.83719433,E,1,05,2.87,160.00,M,-21.3213,M,,*7B
$GPGGA,090218.00,5228.12105915,N,01325.83780419,E,1,05,2.87,160.00,M,-21.3213,M,,*76
$GPGGA,090218.10,5228.11983437,N,01325.83846788,E,1,05,2.87,160.00,M,-21.3213,M,,*71
$GPGGA,090218.20,5228.11871271,N,01325.83907444,E,1,05,2.87,160.00,M,-21.3213,M,,*7D
$GPGGA,090218.30,5228.11759145,N,01325.83967990,E,1,05,2.87,160.00,M,-21.3213,M,,*7F
$GPGGA,090218.40,5228.11647058,N,01325.84028456,E,1,05,2.87,160.00,M,-21.3213,M,,*79
$GPGGA,090218.50,5228.11535009,N,01325.84088870,E,1,05,2.87,160.00,M,-21.3213,M,,*78
$GPGGA,090218.60,5228.11422997,N,01325.84149261,E,1,05,2.87,160.00,M,-21.3213,M,,*74
$GPGGA,090218.70,5228.11300763,N,01325.84215192,E,1,05,2.87,160.00,M,-21.3213,M,,*72
$GPGGA,090218.80,5228.11188831,N,01325.84275622,E,1,05,2.87,160.00,M,-21.3213,M,,*7D
$GPGGA,090218.90,5228.11076941,N,01325.84336114,E,1,05,2.87,160.00,M,-21.3213,M,,*7E
$GPGGA,090219.00,5228.10965092,N,01325.84396697,E,1,05,2.87,160.00,M,-21.3213,M,,*7D
$GPGGA,090219.10,5228.10853288,N,01325.84457400,E,1,05,2.87,160.00,M,-21.3213,M,,*77
$GPGGA,090219.20,5228.10741531,N,01325.84518254,E,1,05,2.87,160.00,M,-21.3213,M,,*70
$GPGGA,090219.30,5228.10619584,N,01325.84584895,E,1,05,2.87,160.00,M,-21.3213,M,,*71
$GPGGA,090219.40,5228.10507935,N,01325.84646140,E,1,05,2.87,160.00,M,-21.3213,M,,*70
$GPGGA,090219.50,5228.10396344,N,01325.84707589,E,1,05,2.87,160.00,M,-21.3213,M,,*76
$GPGGA,090219.60,5228.10284815,N,01325.84769258,E,1,05,2.87,160.00,M,-21.3213,M,,*7B
$GPGGA,090219.70,5228.10173352,N,01325.84831161,E,1,05,2.87,160.00,M,-21.3213,M,,*72
$GPGGA,090219.80,5228.10051747,N,01325.84899035,E,1,05,2.87,160.00,M,-21.3213,M,,*7E
$GPGGA,090219.90,5228.09940442,N,01325.84961498,E,1,05,2.87,160.00,M,-21.3213,M,,*7D
$GPGGA,090220.00,5228.09829217,N,01325.85024231,E,1,05,2.87,160.00,M,-21.3213,M,,*7A
$GPGGA,090220.10,5228.09718063,N,01325.85087170,E,1,05,2.87,160.00,M,-21.3213,M,,*78
$GPGGA,090220.20,5228.09606969,N,01325.85150241,E,1,05,2.87,160.00,M,-21.3213,M,,*7C
$GPGGA,090220.30,5228.09485735,N,01325.85219172,E,1,05,2.87,160.00,M,-21.3213,M,,*7E
$GPGGA,090220.40,5228.09374744,N,01325.85282420,E,1,05,2.87,160.00,M,-21.3213,M,,*76
$GPGGA,090220.50,5228.09263805,N,01325.85346017,E,1,05,2.87,160.00,M,-21.3213,M,,*73
$GPGGA,090220.60,5228.09152915,N,01325.85409951,E,1,05,2.87,160.00,M,-21.3213,M,,*76
$GPGGA,090220.70,5228.09031898,N,01325.85480104,E,1,05,2.87,160.00,M,-21.3213,M,,*7E
$GPGGA,090220.80,5228.08921093,N,01325.85544656,E,1,05,2.87,160.00,M,-21.3213,M,,*72
$GPGGA,090220.90,5228.08810320,N,01325.85609471,E,1,05,2.87,160.00,M,-21.3213,M,,*76
$GPGGA,090221.00,5228.08699577,N,01325.85674531,E,1,05,2.87,160.00,M,-21.3213,M,,*7A
$GPGGA,090221.10,5228.08588859,N,01325.85739822,E,1,05,2.87,160.00,M,-21.3213,M,,*7E
$GPGGA,090221.20,5228.08468012,N,01325.85811352,E,1,05,2.87,160.00,M,-21.3213,M,,*7C
$GPGGA,090221.30,5228.08357339,N,01325.85877090,E,1,05,2.87,160.00,M,-21.3213,M,,*71
$GPGGA,090221.40,5228.08246682,N,01325.85943032,E,1,05,2.87,160.00,M,-21.3213,M,,*7C
$GPGGA,090221.50,5228.08136039,N,01325.86009173,E,1,05,2.87,160.00,M,-21.3213,M,,*7F
$GPGGA,090221.60,5228.08025409,N,01325.86075511,E,1,05,2.87,160.00,M,-21.3213,M,,*73
$GPGGA,090221.70,5228.07914788,N,01325.86142049,E,1,05,2.87,160.00,M,-21.3213,M,,*71
$GPGGA,090221.80,5228.07794042,N,01325.86214918,E,1,05,2.87,160.00,M,-21.3213,M,,*74
$GPGGA,090221.90,5228.07683459,N,01325.86281902,E,1,05,2.87,160.00,M,-21.3213,M,,*7B
$GPGGA,090222.00,5228.07572916,N,01325.86349130,E,1,05,2.87,160.00,M,-21.3213,M,,*76
$GPGGA,090222.10,5228.07462427,N,01325.86416626,E,1,05,2.87,160.00,M,-21.3213,M,,*75
$GPGGA,090222.20,5228.07352008,N,01325.86484418,E,1,05,2.87,160.00,M,-21.3213,M,,*7F
$GPGGA,090222.30,5228.07231567,N,01325.86558798,E,1,05,2.87,160.00,M,-21.3213,M,,*7D
$GPGGA,090222.40,5228.07121341,N,01325.86627303,E,1,05,2.87,160.00,M,-21.3213,M,,*77
$GPGGA,090222.50,5228.07011200,N,01325.86696112,E,1,05,2.87,160.00,M,-21.3213,M,,*78
$GPGGA,090222.60,5228.06901116,N,01325.86765143,E,1,05,2.87,160.00,M,-21.3213,M,,*7F
$GPGGA,090222.70,5228.06791063,N,01325.86834319,E,1,05,2.87,160.00,M,-21.3213,M,,*7C
$GPGGA,090222.80,5228.06681016,N,01325.86903564,E,1,05,2.87,160.00,M,-21.3213,M,,*78
$GPGGA,090222.90,5228.06560861,N,01325.86979144,E,1,05,2.87,160.00,M,-21.3213,M,,*76
$GPGGA,090223.00,5228.06450749,N,01325.87048300,E,1,05,2.87,160.00,M,-21.3213,M,,*71
$GPGGA,090223.10,5228.06340580,N,01325.87117337,E,1,05,2.87,160.00,M,-21.3213,M,,*7E
$GPGGA,090223.20,5228.06230341,N,01325.87186211,E,1,05,2.87,160.00,M,-21.3213,M,,*7D
$GPGGA,090223.30,5228.06120016,N,01325.87254876,E,1,05,2.87,160.00,M,-21.3213,M,,*78
$GPGGA,090223.40,5228.06009589,N,01325.87323287,E,1,05,2.87,160.00,M,-21.3213,M,,*73
$GPGGA,090223.50,5228.05888951,N,01325.87397708,E,1,05,2.87,160.00,M,-21.3213,M,,*74
$GPGGA,090223.60,5228.05778394,N,01325.87465787,E,1,05,2.87,160.00,M,-21.3213,M,,*79
$GPGGA,090223.70,5228.05667850,N,01325.87533902,E,1,05,2.87,160.00,M,-21.3213,M,,*75
$GPGGA,090223.80,5228.05557370,N,01325.87602180,E,1,05,2.87,160.00,M,-21.3213,M,,*70
$GPGGA,090223.90,5228.05446983,N,01325.87670698,E,1,05,2.87,160.00,M,-21.3213,M,,*7D
$GPGGA,090224.00,5228.05336687,N,01325.87739443,E,1,05,2.87,160.00,M,-21.3213,M,,*70
$GPGGA,090224.10,5228.05216382,N,01325.87814724,E,1,05,2.87,160.00,M,-21.3213,M,,*70
$GPGGA,090224.20,5228.05106259,N,01325.87883887,E,1,05,2.87,160.00,M,-21.3213,M,,*7E
$GPGGA,090224.30,5228.04996212,N,01325.87953227,E,1,05,2.87,160.00,M,-21.3213,M,,*7C
$GPGGA,090224.40,5228.04886241,N,01325.88022731,E,1,05,2.87,160.00,M,-21.3213,M,,*7F
$GPGGA,090224.50,5228.04776345,N,01325.88092390,E,1,05,2.87,160.00,M,-21.3213,M,,*7F
$GPGGA,090224.60,5228.04666506,N,01325.88162206,E,1,05,2.87,160.00,M,-21.3213,M,,*7D
$GPGGA,090224.70,5228.04546621,N,01325.88238624,E,1,05,2.87,160.00,M,-21.3213,M,,*73
$GPGGA,090224.80,5228.04436768,N,01325.88308840,E,1,05,2.87,160.00,M,-21.3213,M,,*78
$GPGGA,090224.90,5228.04326835,N,01325.88379292,E,1,05,2.87,160.00,M,-21.3213,M,,*7B
$GPGGA,090225.00,5228.04216775,N,01325.88450011,E,1,05,2.87,160.00,M,-21.3213,M,,*7F
$GPGGA,090225.10,5228.04106545,N,01325.88521030,E,1,05,2.87,160.00,M,-21.3213,M,,*79
$GPGGA,090225.20,5228.03996099,N,01325.88592384,E,1,05,2.87,160.00,M,-21.3213,M,,*7C
$GPGGA,090225.30,5228.03885393,N,01325.88664099,E,1,05,2.87,160.00,M,-21.3213,M,,*72
$GPGGA,090225.40,5228.03774380,N,01325.88736201,E,1,05,2.87,160.00,M,-21.3213,M,,*73
$GPGGA,090225.50,5228.03663015,N,01325.88808717,E,1,05,2.87,160.00,M,-21.3213,M,,*7A
$GPGGA,090225.60,5228.03561263,N,01325.88875137,E,1,05,2.87,160.00,M,-21.3213,M,,*75
$GPGGA,090225.70,5228.03449060,N,01325.88948559,E,1,05,2.87,160.00,M,-21.3213,M,,*7D
$GPGGA,090225.80,5228.03346372,N,01325.89015923,E,1,05,2.87,160.00,M,-21.3213,M,,*7B
$GPGGA,090225.90,5228.03233165,N,01325.89090380,E,1,05,2.87,160.00,M,-21.3213,M,,*73
$GPGGA,090226.00,5228.03129381,N,01325.89158824,E,1,05,2.87,160.00,M,-21.3213,M,,*79
$GPGGA,090226.10,5228.03024989,N,01325.89227858,E,1,05,2.87,160.00,M,-21.3213,M,,*76
$GPGGA,090226.20,5228.02919952,N,01325.89297518,E,1,05,2.87,160.00,M,-21.3213,M,,*77
$GPGGA,090226.30,5228.02814236,N,01325.89367844,E,1,05,2.87,160.00,M,-21.3213,M,,*79
$GPGGA,090226.40,5228.02717748,N,01325.89432237,E,1,05,2.87,160.00,M,-21.3213,M,,*77
$GPGGA,090226.50,5228.02610568,N,01325.89503993,E,1,05,2.87,160.00,M,-21.3213,M,,*76
$GPGGA,090226.60,5228.02512524,N,01325.89569776,E,1,05,2.87,160.00,M,-21.3213,M,,*75
$GPGGA,090226.70,5228.02413644,N,01325.89636183,E,1,05,2.87,160.00,M,-21.3213,M,,*74
$GPGGA,090226.80,5228.02313892,N,01325.89703158,E,1,05,2.87,160.00,M,-21.3213,M,,*78
$GPGGA,090226.90,5228.02223118,N,01325.89764022,E,1,05,2.87,160.00,M,-21.3213,M,,*7D
$GPGGA,090227.00,5228.02121518,N,01325.89832006,E,1,05,2.87,160.00,M,-21.3213,M,,*7A
$GPGGA,090227.10,5228.02028827,N,01325.89893928,E,1,05,2.87,160.00,M,-21.3213,M,,*7C
$GPGGA,090227.20,5228.01935145,N,01325.89956451,E,1,05,2.87,160.00,M,-21.3213,M,,*7F
$GPGGA,090227.30,5228.01840460,N,01325.90019619,E,1,05,2.87,160.00,M,-21.3213,M,,*7B
$GPGGA,090227.40,5228.01754565,N,01325.90076934,E,1,05,2.87,160.00,M,-21.3213,M,,*7B
$GPGGA,090227.50,5228.01667605,N,01325.90135005,E,1,05,2.87,160.00,M,-21.3213,M,,*73
$GPGGA,090227.60,5228.01579569,N,01325.90193889,E,1,05,2.87,160.00,M,-21.3213,M,,*75
$GPGGA,090227.70,5228.01490453,N,01325.90253647,E,1,05,2.87,160.00,M,-21.3213,M,,*79
$GPGGA,090227.80,5228.01400252,N,01325.90314342,E,1,05,2.87,160.00,M,-21.3213,M,,*7A
$GPGGA,090227.90,5228.01318635,N,01325.90369496,E,1,05,2.87,160.00,M,-21.3213,M,,*74
$GPGGA,090228.00,5228.01245501,N,01325.90419148,E,1,05,2.87,160.00,M,-21.3213,M,,*79
$GPGGA,090228.10,5228.01161555,N,01325.90476460,E,1,05,2.87,160.00,M,-21.3213,M,,*7A
$GPGGA,090228.20,5228.01086020,N,01325.90528369,E,1,05,2.87,160.00,M,-21.3213,M,,*72
$GPGGA,090228.30,5228.01009306,N,01325.90581468,E,1,05,2.87,160.00,M,-21.3213,M,,*76
$GPGGA,090228.40,5228.00931513,N,01325.90635762,E,1,05,2.87,160.00,M,-21.3213,M,,*75
$GPGGA,090228.50,5228.00862157,N,01325.90684598,E,1,05,2.87,160.00,M,-21.3213,M,,*7A
$GPGGA,090228.60,5228.00791834,N,01325.90734580,E,1,05,2.87,160.00,M,-21.3213,M,,*75
$GPGGA,090228.70,5228.00720653,N,01325.90785708,E,1,05,2.87,160.00,M,-21.3213,M,,*79
$GPGGA,090228.80,5228.00657960,N,01325.90831236,E,1,05,2.87,160.00,M,-21.3213,M,,*70
$GPGGA,090228.90,5228.00594504,N,01325.90877843,E,1,05,2.87,160.00,M,-21.3213,M,,*79
$GPGGA,090229.00,5228.00530393,N,01325.90925533,E,1,05,2.87,160.00,M,-21.3213,M,,*7B
$GPGGA,090229.10,5228.00465738,N,01325.90974314,E,1,05,2.87,160.00,M,-21.3213,M,,*79
$GPGGA,090229.20,5228.00400656,N,01325.91024200,E,1,05,2.87,160.00,M,-21.3213,M,,*79
$GPGGA,090229.30,5228.00344143,N,01325.91068232,E,1,05,2.87,160.00,M,-21.3213,M,,*75
$GPGGA,090229.40,5228.00287274,N,01325.91113286,E,1,05,2.87,160.00,M,-21.3213,M,,*79
$GPGGA,090229.50,5228.00230162,N,01325.91159369,E,1,05,2.87,160.00,M,-21.3213,M,,*7E
$GPGGA,090229.60,5228.00172923,N,01325.91206490,E,1,05,2.87,160.00,M,-21.3213,M,,*7D
$GPGGA,090229.70,5228.00115678,N,01325.91254660,E,1,05,2.87,160.00,M,-21.3213,M,,*76
$GPGGA,090229.80,5228.00066949,N,01325.91296579,E,1,05,2.87,160.00,M,-21.3213,M,,*74
$GPGGA,090229.90,5228.00018242,N,01325.91339413,E,1,05,2.87,160.00,M,-21.3213,M,,*75
$GPGGA,090230.00,5227.99961488,N,01325.91390634,E,1,05,2.87,160.00,M,-21.3213,M,,*78
$GPGGA,090230.10,5227.99913279,N,01325.91435381,E,1,05,2.87,160.00,M,-21.3213,M,,*77
$GPGGA,090230.20,5227.99865438,N,01325.91481050,E,1,05,2.87,160.00,M,-21.3213,M,,*77
$GPGGA,090230.30,5227.99818085,N,01325.91527664,E,1,05,2.87,160.00,M,-21.3213,M,,*72
$GPGGA,090230.40,5227.99778982,N,01325.91567358,E,1,05,2.87,160.00,M,-21.3213,M,,*7C
$GPGGA,090230.50,5227.99732817,N,01325.91615817,E,1,05,2.87,160.00,M,-21.3213,M,,*78
$GPGGA,090230.60,5227.99687501,N,01325.91665299,E,1,05,2.87,160.00,M,-21.3213,M,,*75
$GPGGA,090230.70,5227.99643162,N,01325.91715837,E,1,05,2.87,160.00,M,-21.3213,M,,*75
$GPGGA,090230.80,5227.99606882,N,01325.91758986,E,1,05,2.87,160.00,M,-21.3213,M,,*7E
$GPGGA,090230.90,5227.99564667,N,01325.91811554,E,1,05,2.87,160.00,M,-21.3213,M,,*7C
$GPGGA,090231.00,5227.99523790,N,01325.91865271,E,1,05,2.87,160.00,M,-21.3213,M,,*7D
$GPGGA,090231.10,5227.99484370,N,01325.91920177,E,1,05,2.87,160.00,M,-21.3213,M,,*7F
$GPGGA,090231.20,5227.99452608,N,01325.91967041,E,1,05,2.87,160.00,M,-21.3213,M,,*7A
$GPGGA,090231.30,5227.99416187,N,01325.92024221,E,1,05,2.87,160.00,M,-21.3213,M,,*72
$GPGGA,090231.40,5227.99381541,N,01325.92082738,E,1,05,2.87,160.00,M,-21.3213,M,,*73
$GPGGA,090231.50,5227.99348770,N,01325.92142672,E,1,05,2.87,160.00,M,-21.3213,M,,*75
$GPGGA,090231.60,5227.99317964,N,01325.92204129,E,1,05,2.87,160.00,M,-21.3213,M,,*7F
$GPGGA,090231.70,5227.99289207,N,01325.92267240,E,1,05,2.87,160.00,M,-21.3213,M,,*7F
$GPGGA,090231.80,5227.99262581,N,01325.92332179,E,1,05,2.87,160.00,M,-21.3213,M,,*74
$GPGGA,090231.90,5227.99247327,N,01325.92373035,E,1,05,2.87,160.00,M,-21.3213,M,,*74
$GPGGA,090232.00,5227.99224257,N,01325.92441349,E,1,05,2.87,160.00,M,-21.3213,M,,*73
$GPGGA,090232.10,5227.99203286,N,01325.92511766,E,1,05,2.87,160.00,M,-21.3213,M,,*76
$GPGGA,090232.20,5227.99184233,N,01325.92584404,E,1,05,2.87,160.00,M,-21.3213,M,,*7C
$GPGGA,090232.30,5227.99169731,N,01325.92646644,E,1,05,2.87,160.00,M,-21.3213,M,,*72
$GPGGA,090232.40,5227.99153937,N,01325.92723146,E,1,05,2.87,160.00,M,-21.3213,M,,*73
$GPGGA,090232.50,5227.99139793,N,01325.92801613,E,1,05,2.87,160.00,M,-21.3213,M,,*76
$GPGGA,090232.60,5227.99127217,N,01325.92881935,E,1,05,2.87,160.00,M,-21.3213,M,,*70
$GPGGA,090232.70,5227.99116126,N,01325.92963986,E,1,05,2.87,160.00,M,-21.3213,M,,*77
$GPGGA,090232.80,5227.99106444,N,01325.93047626,E,1,05,2.87,160.00,M,-21.3213,M,,*73
$GPGGA,090232.90,5227.99099368,N,01325.93118757,E,1,05,2.87,160.00,M,-21.3213,M,,*70
$GPGGA,090233.00,5227.99092076,N,01325.93204926,E,1,05,2.87,160.00,M,-21.3213,M,,*79
$GPGGA,090233.10,5227.99085975,N,01325.93292233,E,1,05,2.87,160.00,M,-21.3213,M,,*74
$GPGGA,090233.20,5227.99081732,N,01325.93366015,E,1,05,2.87,160.00,M,-21.3213,M,,*72
$GPGGA,090233.30,5227.99077625,N,01325.93454937,E,1,05,2.87,160.00,M,-21.3213,M,,*72
$GPGGA,090233.40,5227.99074494,N,01325.93544513,E,1,05,2.87,160.00,M,-21.3213,M,,*74
$GPGGA,090233.50,5227.99072264,N,01325.93634579,E,1,05,2.87,160.00,M,-21.3213,M,,*72
$GPGGA,090233.60,5227.99070864,N,01325.93724971,E,1,05,2.87,160.00,M,-21.3213,M,,*7D
$GPGGA,090233.70,5227.99070222,N,01325.93815527,E,1,05,2.87,160.00,M,-21.3213,M,,*76
$GPGGA,090233.80,5227.99070278,N,01325.93906082,E,1,05,2.87,160.00,M,-21.3213,M,,*7F
$GPGGA,090233.90,5227.99071155,N,01325.94011970,E,1,05,2.87,160.00,M,-21.3213,M,,*7F
$GPGGA,090234.00,5227.99072537,N,01325.94102244,E,1,05,2.87,160.00,M,-21.3213,M,,*7D
$GPGGA,090234.10,5227.99074441,N,01325.94191934,E,1,05,2.87,160.00,M,-21.3213,M,,*7C
$GPGGA,090234.20,5227.99077289,N,01325.94296805,E,1,05,2.87,160.00,M,-21.3213,M,,*79
$GPGGA,090234.30,5227.99080731,N,01325.94401076,E,1,05,2.87,160.00,M,-21.3213,M,,*72
$GPGGA,090234.40,5227.99084703,N,01325.94504585,E,1,05,2.87,160.00,M,-21.3213,M,,*7D
$GPGGA,090234.50,5227.99089141,N,01325.94607172,E,1,05,2.87,160.00,M,-21.3213,M,,*7D
$GPGGA,090234.60,5227.99094801,N,01325.94724873,E,1,05,2.87,160.00,M,-21.3213,M,,*77
$GPGGA,090234.70,5227.99100068,N,01325.94825228,E,1,05,2.87,160.00,M,-21.3213,M,,*77
$GPGGA,090234.80,5227.99106584,N,01325.94940549,E,1,05,2.87,160.00,M,-21.3213,M,,*7B
$GPGGA,090234.90,5227.99113471,N,01325.95054483,E,1,05,2.87,160.00,M,-21.3213,M,,*7F
$GPGGA,090235.00,5227.99121758,N,01325.95183367,E,1,05,2.87,160.00,M,-21.3213,M,,*78
$GPGGA,090235.10,5227.99129267,N,01325.95294134,E,1,05,2.87,160.00,M,-21.3213,M,,*79
$GPGGA,090235.20,5227.99138177,N,01325.95419676,E,1,05,2.87,160.00,M,-21.3213,M,,*7A
$GPGGA,090235.30,5227.99147337,N,01325.95543350,E,1,05,2.87,160.00,M,-21.3213,M,,*7A
$GPGGA,090235.40,5227.99158003,N,01325.95681737,E,1,05,2.87,160.00,M,-21.3213,M,,*7F
$GPGGA,090235.50,5227.99167543,N,01325.95801280,E,1,05,2.87,160.00,M,-21.3213,M,,*7C
$GPGGA,090235.60,5227.99178574,N,01325.95935345,E,1,05,2.87,160.00,M,-21.3213,M,,*7B
$GPGGA,090235.70,5227.99191183,N,01325.96083969,E,1,05,2.87,160.00,M,-21.3213,M,,*72
$GPGGA,090235.80,5227.99202469,N,01325.96213452,E,1,05,2.87,160.00,M,-21.3213,M,,*7B
$GPGGA,090235.90,5227.99215340,N,01325.96357615,E,1,05,2.87,160.00,M,-21.3213,M,,*70
$GPGGA,090236.00,5227.99229879,N,01325.96516606,E,1,05,2.87,160.00,M,-21.3213,M,,*75
$GPGGA,090236.10,5227.99242951,N,01325.96656498,E,1,05,2.87,160.00,M,-21.3213,M,,*70
$GPGGA,090236.20,5227.99257703,N,01325.96811350,E,1,05,2.87,160.00,M,-21.3213,M,,*70
$GPGGA,090236.30,5227.99272535,N,01325.96964197,E,1,05,2.87,160.00,M,-21.3213,M,,*7B
$GPGGA,090236.40,5227.99289119,N,01325.97132190,E,1,05,2.87,160.00,M,-21.3213,M,,*7F
$GPGGA,090236.50,5227.99304045,N,01325.97281148,E,1,05,2.87,160.00,M,-21.3213,M,,*7C
$GPGGA,090236.60,5227.99320715,N,01325.97445369,E,1,05,2.87,160.00,M,-21.3213,M,,*74
$GPGGA,090236.70,5227.99337397,N,01325.97607767,E,1,05,2.87,160.00,M,-21.3213,M,,*73
$GPGGA,090236.80,5227.99354067,N,01325.97768379,E,1,05,2.87,160.00,M,-21.3213,M,,*76
$GPGGA,090236.90,5227.99372514,N,01325.97944470,E,1,05,2.87,160.00,M,-21.3213,M,,*7C
$GPGGA,090237.00,5227.99390944,N,01325.98118894,E,1,05,2.87,160.00,M,-21.3213,M,,*79
$GPGGA,090237.10,5227.99409347,N,01325.98291704,E,1,05,2.87,160.00,M,-21.3213,M,,*72
$GPGGA,090237.20,5227.99427713,N,01325.98462954,E,1,05,2.87,160.00,M,-21.3213,M,,*79
$GPGGA,090237.30,5227.99446036,N,01325.98632701,E,1,05,2.87,160.00,M,-21.3213,M,,*76
$GPGGA,090237.40,5227.99466194,N,01325.98818292,E,1,05,2.87,160.00,M,-21.3213,M,,*73
$GPGGA,090237.50,5227.99484431,N,01325.98985224,E,1,05,2.87,160.00,M,-21.3213,M,,*7C
$GPGGA,090237.60,5227.99504521,N,01325.99168143,E,1,05,2.87,160.00,M,-21.3213,M,,*7E
$GPGGA,090237.70,5227.99524561,N,01325.99349642,E,1,05,2.87,160.00,M,-21.3213,M,,*7E
$GPGGA,090237.80,5227.99544592,N,01325.99530149,E,1,05,2.87,160.00,M,-21.3213,M,,*7F
$GPGGA,090237.90,5227.99566533,N,01325.99726875,E,1,05,2.87,160.00,M,-21.3213,M,,*76
$GPGGA,090238.00,5227.99586523,N,01325.99905246,E,1,05,2.87,160.00,M,-21.3213,M,,*7A
$GPGGA,090238.10,5227.99608452,N,01326.00099983,E,1,05,2.87,160.00,M,-21.3213,M,,*74
$GPGGA,090238.20,5227.99628423,N,01326.00276496,E,1,05,2.87,160.00,M,-21.3213,M,,*79
$GPGGA,090238.30,5227.99650367,N,01326.00469523,E,1,05,2.87,160.00,M,-21.3213,M,,*77
$GPGGA,090238.40,5227.99672336,N,01326.00661805,E,1,05,2.87,160.00,M,-21.3213,M,,*77
$GPGGA,090238.50,5227.99694343,N,01326.00853415,E,1,05,2.87,160.00,M,-21.3213,M,,*7E
$GPGGA,090238.60,5227.99716400,N,01326.01044427,E,1,05,2.87,160.00,M,-21.3213,M,,*78
$GPGGA,090238.70,5227.99738521,N,01326.01234915,E,1,05,2.87,160.00,M,-21.3213,M,,*7E
$GPGGA,090238.80,5227.99760724,N,01326.01424954,E,1,05,2.87,160.00,M,-21.3213,M,,*79
$GPGGA,090238.90,5227.99783025,N,01326.01614620,E,1,05,2.87,160.00,M,-21.3213,M,,*7E
$GPGGA,090239.00,5227.99805444,N,01326.01803990,E,1,05,2.87,160.00,M,-21.3213,M,,*78
$GPGGA,090239.10,5227.99828004,N,01326.01993140,E,1,05,2.87,160.00,M,-21.3213,M,,*7B
$GPGGA,090239.20,5227.99850728,N,01326.02182146,E,1,05,2.87,160.00,M,-21.3213,M,,*73
$GPGGA,090239.30,5227.99875756,N,01326.02388418,E,1,05,2.87,160.00,M,-21.3213,M,,*7A
$GPGGA,090239.40,5227.99898909,N,01326.02577339,E,1,05,2.87,160.00,M,-21.3213,M,,*78
$GPGGA,090239.50,5227.99922298,N,01326.02766243,E,1,05,2.87,160.00,M,-21.3213,M,,*74
$GPGGA,090239.60,5227.99945900,N,01326.02955131,E,1,05,2.87,160.00,M,-21.3213,M,,*74
$GPGGA,090239.70,5227.99969676,N,01326.03144006,E,1,05,2.87,160.00,M,-21.3213,M,,*79
$GPGGA,090239.80,5227.99995784,N,01326.03350188,E,1,05,2.87,160.00,M,-21.3213,M,,*79
$GPGGA,090239.90,5228.00019801,N,01326.03539047,E,1,05,2.87,160.00,M,-21.3213,M,,*73
$GPGGA,090240.00,5228.00043879,N,01326.03727903,E,1,05,2.87,160.00,M,-21.3213,M,,*70
$GPGGA,090240.10,5228.00067984,N,01326.03916758,E,1,05,2.87,160.00,M,-21.3213,M,,*78
$GPGGA,090240.20,5228.00092082,N,01326.04105614,E,1,05,2.87,160.00,M,-21.3213,M,,*7A
$GPGGA,090240.30,5228.00118340,N,01326.04311790,E,1,05,2.87,160.00,M,-21.3213,M,,*7F
$GPGGA,090240.40,5228.00142311,N,01326.04500660,E,1,05,2.87,160.00,M,-21.3213,M,,*7B
$GPGGA,090240.50,5228.00166168,N,01326.04689539,E,1,05,2.87,160.00,M,-21.3213,M,,*7D
$GPGGA,090240.60,5228.00189874,N,01326.04878433,E,1,05,2.87,160.00,M,-21.3213,M,,*70
$GPGGA,090240.70,5228.00213389,N,01326.05067342,E,1,05,2.87,160.00,M,-21.3213,M,,*7E
$GPGGA,090240.80,5228.00238801,N,01326.05273605,E,1,05,2.87,160.00,M,-21.3213,M,,*72
$GPGGA,090240.90,5228.00261850,N,01326.05462592,E,1,05,2.87,160.00,M,-21.3213,M,,*70
$GPGGA,090241.00,5228.00284730,N,01326.05651707,E,1,05,2.87,160.00,M,-21.3213,M,,*76
$GPGGA,090241.10,5228.00307485,N,01326.05841029,E,1,05,2.87,160.00,M,-21.3213,M,,*74
$GPGGA,090241.20,5228.00330157,N,01326.06030636,E,1,05,2.87,160.00,M,-21.3213,M,,*7C
$GPGGA,090241.30,5228.00352790,N,01326.06220608,E,1,05,2.87,160.00,M,-21.3213,M,,*7A
$GPGGA,090241.40,5228.00375422,N,01326.06411022,E,1,05,2.87,160.00,M,-21.3213,M,,*78
$GPGGA,090241.50,5228.00398085,N,01326.06601951,E,1,05,2.87,160.00,M,-21.3213,M,,*7D
$GPGGA,090241.60,5228.00420806,N,01326.06793465,E,1,05,2.87,160.00,M,-21.3213,M,,*79
$GPGGA,090241.70,5228.00443609,N,01326.06985634,E,1,05,2.87,160.00,M,-21.3213,M,,*73
$GPGGA,090241.80,5228.00466521,N,01326.07178525,E,1,05,2.87,160.00,M,-21.3213,M,,*7A
$GPGGA,090241.90,5228.00487505,N,01326.07354879,E,1,05,2.87,160.00,M,-21.3213,M,,*7A
$GPGGA,090242.00,5228.00510712,N,01326.07549422,E,1,05,2.87,160.00,M,-21.3213,M,,*73
$GPGGA,090242.10,5228.00532034,N,01326.07727574,E,1,05,2.87,160.00,M,-21.3213,M,,*79
$GPGGA,090242.20,5228.00555645,N,01326.07924031,E,1,05,2.87,160.00,M,-21.3213,M,,*72
$GPGGA,090242.30,5228.00577406,N,01326.08104237,E,1,05,2.87,160.00,M,-21.3213,M,,*77
$GPGGA,090242.40,5228.00599394,N,01326.08285550,E,1,05,2.87,160.00,M,-21.3213,M,,*70
$GPGGA,090242.50,5228.00621609,N,01326.08468016,E,1,05,2.87,160.00,M,-21.3213,M,,*72
$GPGGA,090242.60,5228.00641957,N,01326.08634430,E,1,05,2.87,160.00,M,-21.3213,M,,*78
$GPGGA,090242.70,5228.00664695,N,01326.08819377,E,1,05,2.87,160.00,M,-21.3213,M,,*7A
$GPGGA,090242.80,5228.00685617,N,01326.08988420,E,1,05,2.87,160.00,M,-21.3213,M,,*7C
$GPGGA,090242.90,5228.00709029,N,01326.09176070,E,1,05,2.87,160.00,M,-21.3213,M,,*7A
$GPGGA,090243.00,5228.00730679,N,01326.09347957,E,1,05,2.87,160.00,M,-21.3213,M,,*77
$GPGGA,090243.10,5228.00750554,N,01326.09504195,E,1,05,2.87,160.00,M,-21.3213,M,,*7B
$GPGGA,090243.20,5228.00773065,N,01326.09679164,E,1,05,2.87,160.00,M,-21.3213,M,,*79
$GPGGA,090243.30,5228.00793846,N,01326.09838623,E,1,05,2.87,160.00,M,-21.3213,M,,*70
$GPGGA,090243.40,5228.00815137,N,01326.09999771,E,1,05,2.87,160.00,M,-21.3213,M,,*75
$GPGGA,090243.50,5228.00836990,N,01326.10162645,E,1,05,2.87,160.00,M,-21.3213,M,,*72
$GPGGA,090243.60,5228.00859456,N,01326.10327248,E,1,05,2.87,160.00,M,-21.3213,M,,*75
$GPGGA,090243.70,5228.00880200,N,01326.10476508,E,1,05,2.87,160.00,M,-21.3213,M,,*75
$GPGGA,090243.80,5228.00903980,N,01326.10644237,E,1,05,2.87,160.00,M,-21.3213,M,,*7B
$GPGGA,090243.90,5228.00926036,N,01326.10796418,E,1,05,2.87,160.00,M,-21.3213,M,,*7C
$GPGGA,090244.00,5228.00946270,N,01326.10933046,E,1,05,2.87,160.00,M,-21.3213,M,,*7A
$GPGGA,090244.10,5228.00969713,N,01326.11087656,E,1,05,2.87,160.00,M,-21.3213,M,,*76
$GPGGA,090244.20,5228.00991310,N,01326.11226523,E,1,05,2.87,160.00,M,-21.3213,M,,*7D
$GPGGA,090244.30,5228.01016302,N,01326.11382953,E,1,05,2.87,160.00,M,-21.3213,M,,*7C
$GPGGA,090244.40,5228.01039393,N,01326.11523448,E,1,05,2.87,160.00,M,-21.3213,M,,*74
$GPGGA,090244.50,5228.01063251,N,01326.11664551,E,1,05,2.87,160.00,M,-21.3213,M,,*7C
$GPGGA,090244.60,5228.01085013,N,01326.11789680,E,1,05,2.87,160.00,M,-21.3213,M,,*7E
$GPGGA,090244.70,5228.01110441,N,01326.11931587,E,1,05,2.87,160.00,M,-21.3213,M,,*78
$GPGGA,090244.80,5228.01136754,N,01326.12073599,E,1,05,2.87,160.00,M,-21.3213,M,,*77
$GPGGA,090244.90,5228.01160855,N,01326.12199390,E,1,05,2.87,160.00,M,-21.3213,M,,*71
$GPGGA,090245.00,5228.01189001,N,01326.12341167,E,1,05,2.87,160.00,M,-21.3213,M,,*7A
$GPGGA,090245.10,5228.01214850,N,01326.12466569,E,1,05,2.87,160.00,M,-21.3213,M,,*78
$GPGGA,090245.20,5228.01241627,N,01326.12591550,E,1,05,2.87,160.00,M,-21.3213,M,,*76
$GPGGA,090245.30,5228.01269439,N,01326.12715913,E,1,05,2.87,160.00,M,-21.3213,M,,*75
$GPGGA,090245.40,5228.01298351,N,01326.12839480,E,1,05,2.87,160.00,M,-21.3213,M,,*73
$GPGGA,090245.50,5228.01332299,N,01326.12977426,E,1,05,2.87,160.00,M,-21.3213,M,,*71
$GPGGA,090245.60,5228.01363771,N,01326.13098698,E,1,05,2.87,160.00,M,-21.3213,M,,*7B
$GPGGA,090245.70,5228.01396573,N,01326.13218628,E,1,05,2.87,160.00,M,-21.3213,M,,*71
$GPGGA,090245.80,5228.01430793,N,01326.13337036,E,1,05,2.87,160.00,M,-21.3213,M,,*7C
$GPGGA,090245.90,5228.01466527,N,01326.13453747,E,1,05,2.87,160.00,M,-21.3213,M,,*77
$GPGGA,090246.00,5228.01503884,N,01326.13568590,E,1,05,2.87,160.00,M,-21.3213,M,,*7A
$GPGGA,090246.10,5228.01542985,N,01326.13681399,E,1,05,2.87,160.00,M,-21.3213,M,,*75
$GPGGA,090246.20,5228.01583968,N,01326.13792019,E,1,05,2.87,160.00,M,-21.3213,M,,*70
$GPGGA,090246.30,5228.01601812,N,01326.13837876,E,1,05,2.87,160.00,M,-21.3213,M,,*75
$GPGGA,090246.40,5228.01645685,N,01326.13945214,E,1,05,2.87,160.00,M,-21.3213,M,,*78
$GPGGA,090246.50,5228.01691480,N,01326.14050304,E,1,05,2.87,160.00,M,-21.3213,M,,*7D
$GPGGA,090246.60,5228.01739178,N,01326.14153557,E,1,05,2.87,160.00,M,-21.3213,M,,*7D
$GPGGA,090246.70,5228.01788627,N,01326.14255027,E,1,05,2.87,160.00,M,-21.3213,M,,*7C
$GPGGA,090246.80,5228.01839727,N,01326.14354847,E,1,05,2.87,160.00,M,-21.3213,M,,*79
$GPGGA,090246.90,5228.01892380,N,01326.14453125,E,1,05,2.87,160.00,M,-21.3213,M,,*7D
$GPGGA,090247.00,5228.01946494,N,01326.14549946,E,1,05,2.87,160.00,M,-21.3213,M,,*78
$GPGGA,090247.10,5228.02001978,N,01326.14645381,E,1,05,2.87,160.00,M,-21.3213,M,,*71
$GPGGA,090247.20,5228.02058748,N,01326.14739484,E,1,05,2.87,160.00,M,-21.3213,M,,*7B
$GPGGA,090247.30,5228.02116720,N,01326.14832295,E,1,05,2.87,160.00,M,-21.3213,M,,*7D
$GPGGA,090247.40,5228.02175816,N,01326.14923845,E,1,05,2.87,160.00,M,-21.3213,M,,*73
$GPGGA,090247.50,5228.02235961,N,01326.15014150,E,1,05,2.87,160.00,M,-21.3213,M,,*75
$GPGGA,090247.60,5228.02297083,N,01326.15103221,E,1,05,2.87,160.00,M,-21.3213,M,,*79
$GPGGA,090247.70,5228.02351399,N,01326.15180265,E,1,05,2.87,160.00,M,-21.3213,M,,*70
$GPGGA,090247.80,5228.02414182,N,01326.15267019,E,1,05,2.87,160.00,M,-21.3213,M,,*72
$GPGGA,090247.90,5228.02477756,N,01326.15352511,E,1,05,2.87,160.00,M,-21.3213,M,,*73
$GPGGA,090248.00,5228.02542062,N,01326.15436719,E,1,05,2.87,160.00,M,-21.3213,M,,*7D
$GPGGA,090248.10,5228.02607048,N,01326.15519613,E,1,05,2.87,160.00,M,-21.3213,M,,*71
$GPGGA,090248.20,5228.02672662,N,01326.15601158,E,1,05,2.87,160.00,M,-21.3213,M,,*7C
$GPGGA,090248.30,5228.02730655,N,01326.15671488,E,1,05,2.87,160.00,M,-21.3213,M,,*71
$GPGGA,090248.40,5228.02797390,N,01326.15750450,E,1,05,2.87,160.00,M,-21.3213,M,,*70
$GPGGA,090248.50,5228.02864602,N,01326.15827879,E,1,05,2.87,160.00,M,-21.3213,M,,*74
$GPGGA,090248.60,5228.02932361,N,01326.15903832,E,1,05,2.87,160.00,M,-21.3213,M,,*7D
$GPGGA,090248.70,5228.02992222,N,01326.15969176,E,1,05,2.87,160.00,M,-21.3213,M,,*75
$GPGGA,090248.80,5228.03061054,N,01326.16042268,E,1,05,2.87,160.00,M,-21.3213,M,,*72
$GPGGA,090248.90,5228.03130482,N,01326.16113754,E,1,05,2.87,160.00,M,-21.3213,M,,*76
$GPGGA,090249.00,5228.03200531,N,01326.16183564,E,1,05,2.87,160.00,M,-21.3213,M,,*7F
$GPGGA,090249.10,5228.03262542,N,01326.16243379,E,1,05,2.87,160.00,M,-21.3213,M,,*7B
$GPGGA,090249.20,5228.03333871,N,01326.16309813,E,1,05,2.87,160.00,M,-21.3213,M,,*78
$GPGGA,090249.30,5228.03405930,N,01326.16374276,E,1,05,2.87,160.00,M,-21.3213,M,,*7C
$GPGGA,090249.40,5228.03469896,N,01326.16429186,E,1,05,2.87,160.00,M,-21.3213,M,,*7F
$GPGGA,090249.50,5228.03543424,N,01326.16489514,E,1,05,2.87,160.00,M,-21.3213,M,,*77
$GPGGA,090249.60,5228.03608695,N,01326.16540464,E,1,05,2.87,160.00,M,-21.3213,M,,*72
$GPGGA,090249.70,5228.03674538,N,01326.16589280,E,1,05,2.87,160.00,M,-21.3213,M,,*75
$GPGGA,090249.80,5228.03750031,N,01326.16641913,E,1,05,2.87,160.00,M,-21.3213,M,,*77
$GPGGA,090249.90,5228.03817008,N,01326.16685491,E,1,05,2.87,160.00,M,-21.3213,M,,*7F
$GPGGA,090250.00,5228.03884501,N,01326.16726301,E,1,05,2.87,160.00,M,-21.3213,M,,*7E
$GPGGA,090250.10,5228.03961816,N,01326.16769035,E,1,05,2.87,160.00,M,-21.3213,M,,*71
$GPGGA,090250.20,5228.04030418,N,01326.16803194,E,1,05,2.87,160.00,M,-21.3213,M,,*73
$GPGGA,090250.30,5228.04099574,N,01326.16833882,E,1,05,2.87,160.00,M,-21.3213,M,,*77
$GPGGA,090250.40,5228.04136611,N,01326.16848708,E,1,05,2.87,160.00,M,-21.3213,M,,*75
$GPGGA,090250.50,5228.04206695,N,01326.16873684,E,1,05,2.87,160.00,M,-21.3213,M,,*75
$GPGGA,090250.60,5228.04277347,N,01326.16895042,E,1,05,2.87,160.00,M,-21.3213,M,,*7E
$GPGGA,090250.70,5228.04348727,N,01326.16913024,E,1,05,2.87,160.00,M,-21.3213,M,,*7F
$GPGGA,090250.80,5228.04430545,N,01326.16929529,E,1,05,2.87,160.00,M,-21.3213,M,,*7F
$GPGGA,090250.90,5228.04503294,N,01326.16940825,E,1,05,2.87,160.00,M,-21.3213,M,,*7A
$GPGGA,090251.00,5228.04576701,N,01326.16949312,E,1,05,2.87,160.00,M,-21.3213,M,,*7F
$GPGGA,090251.10,5228.04650767,N,01326.16955188,E,1,05,2.87,160.00,M,-21.3213,M,,*75
$GPGGA,090251.20,5228.04725482,N,01326.16958641,E,1,05,2.87,160.00,M,-21.3213,M,,*72
$GPGGA,090251.30,5228.04800832,N,01326.16959849,E,1,05,2.87,160.00,M,-21.3213,M,,*7B
$GPGGA,090251.40,5228.04876798,N,01326.16958979,E,1,05,2.87,160.00,M,-21.3213,M,,*71
$GPGGA,090251.50,5228.04953359,N,01326.16956194,E,1,05,2.87,160.00,M,-21.3213,M,,*7A
$GPGGA,090251.60,5228.05020352,N,01326.16952339,E,1,05,2.87,160.00,M,-21.3213,M,,*7F
$GPGGA,090251.70,5228.05098001,N,01326.16946381,E,1,05,2.87,160.00,M,-21.3213,M,,*7E
$GPGGA,090251.80,5228.05176168,N,01326.16938888,E,1,05,2.87,160.00,M,-21.3213,M,,*75
$GPGGA,090251.90,5228.05244578,N,01326.16931096,E,1,05,2.87,160.00,M,-21.3213,M,,*7D
$GPGGA,090252.00,5228.05323631,N,01326.16920716,E,1,05,2.87,160.00,M,-21.3213,M,,*76
$GPGGA,090252.10,5228.05403100,N,01326.16908916,E,1,05,2.87,160.00,M,-21.3213,M,,*73
$GPGGA,090252.20,5228.05472666,N,01326.16897554,E,1,05,2.87,160.00,M,-21.3213,M,,*7C
$GPGGA,090252.30,5228.05542563,N,01326.16885246,E,1,05,2.87,160.00,M,-21.3213,M,,*7E
$GPGGA,090252.40,5228.05623105,N,01326.16870041,E,1,05,2.87,160.00,M,-21.3213,M,,*76
$GPGGA,090252.50,5228.05693702,N,01326.16855886,E,1,05,2.87,160.00,M,-21.3213,M,,*79
$GPGGA,090252.60,5228.05774866,N,01326.16838741,E,1,05,2.87,160.00,M,-21.3213,M,,*70
$GPGGA,090252.70,5228.05845943,N,01326.16823022,E,1,05,2.87,160.00,M,-21.3213,M,,*72
$GPGGA,090252.80,5228.05917264,N,01326.16806644,E,1,05,2.87,160.00,M,-21.3213,M,,*74
$GPGGA,090252.90,5228.05988816,N,01326.16789656,E,1,05,2.87,160.00,M,-21.3213,M,,*77
$GPGGA,090253.00,5228.06071001,N,01326.16769514,E,1,05,2.87,160.00,M,-21.3213,M,,*76
$GPGGA,090253.10,5228.06142984,N,01326.16751370,E,1,05,2.87,160.00,M,-21.3213,M,,*7D
$GPGGA,090253.20,5228.06215158,N,01326.16732751,E,1,05,2.87,160.00,M,-21.3213,M,,*74
$GPGGA,090253.30,5228.06287511,N,01326.16713697,E,1,05,2.87,160.00,M,-21.3213,M,,*7F
$GPGGA,090253.40,5228.06360032,N,01326.16694246,E,1,05,2.87,160.00,M,-21.3213,M,,*72
$GPGGA,090253.50,5228.06432709,N,01326.16674429,E,1,05,2.87,160.00,M,-21.3213,M,,*7D
$GPGGA,090253.60,5228.06505533,N,01326.16654268,E,1,05,2.87,160.00,M,-21.3213,M,,*71
$GPGGA,090253.70,5228.06578493,N,01326.16633786,E,1,05,2.87,160.00,M,-21.3213,M,,*75
$GPGGA,090253.80,5228.06651581,N,01326.16613003,E,1,05,2.87,160.00,M,-21.3213,M,,*78
$GPGGA,090253.90,5228.06724787,N,01326.16591938,E,1,05,2.87,160.00,M,-21.3213,M,,*76
$GPGGA,090254.00,5228.06808602,N,01326.16567537,E,1,05,2.87,160.00,M,-21.3213,M,,*7F
$GPGGA,090254.10,5228.06882026,N,01326.16545932,E,1,05,2.87,160.00,M,-21.3213,M,,*75
$GPGGA,090254.20,5228.06955544,N,01326.16524098,E,1,05,2.87,160.00,M,-21.3213,M,,*72
$GPGGA,090254.30,5228.07029150,N,01326.16502051,E,1,05,2.87,160.00,M,-21.3213,M,,*70
$GPGGA,090254.40,5228.07102837,N,01326.16479804,E,1,05,2.87,160.00,M,-21.3213,M,,*72
$GPGGA,090254.50,5228.07176600,N,01326.16457370,E,1,05,2.87,160.00,M,-21.3213,M,,*7E
$GPGGA,090254.60,5228.07239905,N,01326.16437995,E,1,05,2.87,160.00,M,-21.3213,M,,*78
$GPGGA,090254.70,5228.07313799,N,01326.16415245,E,1,05,2.87,160.00,M,-21.3213,M,,*7D
$GPGGA,090254.80,5228.07387752,N,01326.16392341,E,1,05,2.87,160.00,M,-21.3213,M,,*75
$GPGGA,090254.90,5228.07461760,N,01326.16369292,E,1,05,2.87,160.00,M,-21.3213,M,,*71
$GPGGA,090255.00,5228.07535817,N,01326.16346100,E,1,05,2.87,160.00,M,-21.3213,M,,*73
$GPGGA,090255.10,5228.07609919,N,01326.16322762,E,1,05,2.87,160.00,M,-21.3213,M,,*71
$GPGGA,090255.20,5228.07684062,N,01326.16299279,E,1,05,2.87,160.00,M,-21.3213,M,,*7C
$GPGGA,090255.30,5228.07758240,N,01326.16275648,E,1,05,2.87,160.00,M,-21.3213,M,,*7B
$GPGGA,090255.40,5228.07832450,N,01326.16251867,E,1,05,2.87,160.00,M,-21.3213,M,,*7D
$GPGGA,090255.50,5228.07906687,N,01326.16227930,E,1,05,2.87,160.00,M,-21.3213,M,,*70
$GPGGA,090255.60,5228.07980947,N,01326.16203836,E,1,05,2.87,160.00,M,-21.3213,M,,*7F
$GPGGA,090255.70,5228.08055227,N,01326.16179577,E,1,05,2.87,160.00,M,-21.3213,M,,*7B
$GPGGA,090255.80,5228.08129523,N,01326.16155149,E,1,05,2.87,160.00,M,-21.3213,M,,*7A
$GPGGA,090255.90,5228.08203831,N,01326.16130547,E,1,05,2.87,160.00,M,-21.3213,M,,*77
$GPGGA,090256.00,5228.08267607,N,01326.16109317,E,1,05,2.87,160.00,M,-21.3213,M,,*7D
$GPGGA,090256.10,5228.08341938,N,01326.16084494,E,1,05,2.87,160.00,M,-21.3213,M,,*72
$GPGGA,090256.20,5228.08416207,N,01326.16059663,E,1,05,2.87,160.00,M,-21.3213,M,,*79
$GPGGA,090256.30,5228.08490560,N,01326.16034822,E,1,05,2.87,160.00,M,-21.3213,M,,*70
$GPGGA,090256.40,5228.08564923,N,01326.16010001,E,1,05,2.87,160.00,M,-21.3213,M,,*79
$GPGGA,090256.50,5228.08639292,N,01326.15985200,E,1,05,2.87,160.00,M,-21.3213,M,,*77
$GPGGA,090256.60,5228.08713664,N,01326.15960422,E,1,05,2.87,160.00,M,-21.3213,M,,*7D
$GPGGA,090256.70,5228.08788036,N,01326.15935666,E,1,05,2.87,160.00,M,-21.3213,M,,*7D
$GPGGA,090256.80,5228.08862406,N,01326.15910934,E,1,05,2.87,160.00,M,-21.3213,M,,*71
$GPGGA,090256.90,5228.08936771,N,01326.15886228,E,1,05,2.87,160.00,M,-21.3213,M,,*7B
$GPGGA,090257.00,5228.09000582,N,01326.15865047,E,1,05,2.87,160.00,M,-21.3213,M,,*76
$GPGGA,090257.10,5228.09074928,N,01326.15840391,E,1,05,2.87,160.00,M,-21.3213,M,,*77
$GPGGA,090257.20,5228.09149262,N,01326.15815764,E,1,05,2.87,160.00,M,-21.3213,M,,*70
$GPGGA,090257.30,5228.09223579,N,01326.15791169,E,1,05,2.87,160.00,M,-21.3213,M,,*7B
$GPGGA,090257.40,5228.09297876,N,01326.15766606,E,1,05,2.87,160.00,M,-21.3213,M,,*77
$GPGGA,090257.50,5228.09372150,N,01326.15742079,E,1,05,2.87,160.00,M,-21.3213,M,,*79
$GPGGA,090257.60,5228.09446399,N,01326.15717589,E,1,05,2.87,160.00,M,-21.3213,M,,*77
$GPGGA,090257.70,5228.09520618,N,01326.15693139,E,1,05,2.87,160.00,M,-21.3213,M,,*79
$GPGGA,090257.80,5228.09594803,N,01326.15668726,E,1,05,2.87,160.00,M,-21.3213,M,,*71
$GPGGA,090257.90,5228.09668951,N,01326.15644343,E,1,05,2.87,160.00,M,-21.3213,M,,*7F
$GPGGA,090258.00,5228.09743057,N,01326.15619985,E,1,05,2.87,160.00,M,-21.3213,M,,*76
$GPGGA,090258.10,5228.09817116,N,01326.15595645,E,1,05,2.87,160.00,M,-21.3213,M,,*79
$GPGGA,090258.20,5228.09880602,N,01326.15574776,E,1,05,2.87,160.00,M,-21.3213,M,,*78
$GPGGA,090258.30,5228.09954557,N,01326.15550454,E,1,05,2.87,160.00,M,-21.3213,M,,*77
$GPGGA,090258.40,5228.10028450,N,01326.15526133,E,1,05,2.87,160.00,M,-21.3213,M,,*79
$GPGGA,090258.50,5228.10102276,N,01326.15501807,E,1,05,2.87,160.00,M,-21.3213,M,,*78
$GPGGA,090258.60,5228.10176028,N,01326.15477469,E,1,05,2.87,160.00,M,-21.3213,M,,*75
$GPGGA,090258.70,5228.10249700,N,01326.15453113,E,1,05,2.87,160.00,M,-21.3213,M,,*78
$GPGGA,090258.80,5228.10323286,N,01326.15428734,E,1,05,2.87,160.00,M,-21.3213,M,,*7E
$GPGGA,090258.90,5228.10396778,N,01326.15404322,E,1,05,2.87,160.00,M,-21.3213,M,,*78
$GPGGA,090259.00,5228.10470167,N,01326.15379868,E,1,05,2.87,160.00,M,-21.3213,M,,*7F
$GPGGA,090259.10,5228.10543447,N,01326.15355364,E,1,05,2.87,160.00,M,-21.3213,M,,*71
$GPGGA,090259.20,5228.10616607,N,01326.15330800,E,1,05,2.87,160.00,M,-21.3213,M,,*7D
$GPGGA,090259.30,5228.10689640,N,01326.15306165,E,1,05,2.87,160.00,M,-21.3213,M,,*76
$GPGGA,090259.40,5228.10762533,N,01326.15281451,E,1,05,2.87,160.00,M,-21.3213,M,,*7E
$GPGGA,090259.50,5228.10835278,N,01326.15256646,E,1,05,2.87,160.00,M,-21.3213,M,,*74
$GPGGA,090259.60,5228.10907863,N,01326.15231745,E,1,05,2.87,160.00,M,-21.3213,M,,*74
$GPGGA,090259.70,5228.10980278,N,01326.15206763,E,1,05,2.87,160.00,M,-21.3213,M,,*7A
$GPGGA,090259.80,5228.11062889,N,01326.15178118,E,1,05,2.87,160.00,M,-21.3213,M,,*75
$GPGGA,090259.90,5228.11134912,N,01326.15153037,E,1,05,2.87,160.00,M,-21.3213,M,,*70
$GPGGA,090300.00,5228.11206728,N,01326.15127945,E,1,05,2.87,160.00,M,-21.3213,M,,*7E
$GPGGA,090300.10,5228.11278321,N,01326.15102837,E,1,05,2.87,160.00,M,-21.3213,M,,*78
$GPGGA,090300.20,5228.11349673,N,01326.15077702,E,1,05,2.87,160.00,M,-21.3213,M,,*70
$GPGGA,090300.30,5228.11420774,N,01326.15052525,E,1,05,2.87,160.00,M,-21.3213,M,,*7F
$GPGGA,090300.40,5228.11491642,N,01326.15027281,E,1,05,2.87,160.00,M,-21.3213,M,,*7D
$GPGGA,090300.50,5228.11572552,N,01326.14998253,E,1,05,2.87,160.00,M,-21.3213,M,,*71
$GPGGA,090300.60,5228.11643023,N,01326.14972764,E,1,05,2.87,160.00,M,-21.3213,M,,*75
$GPGGA,090300.70,5228.11713349,N,01326.14947113,E,1,05,2.87,160.00,M,-21.3213,M,,*7F
$GPGGA,090300.80,5228.11783557,N,01326.14921267,E,1,05,2.87,160.00,M,-21.3213,M,,*70
$GPGGA,090300.90,5228.11863795,N,01326.14891403,E,1,05,2.87,160.00,M,-21.3213,M,,*72
$GPGGA,090301.00,5228.11933801,N,01326.14865032,E,1,05,2.87,160.00,M,-21.3213,M,,*71
$GPGGA,090301.10,5228.12003754,N,01326.14838357,E,1,05,2.87,160.00,M,-21.3213,M,,*7E
$GPGGA,090301.20,5228.12073671,N,01326.14811338,E,1,05,2.87,160.00,M,-21.3213,M,,*7E
$GPGGA,090301.30,5228.12143568,N,01326.14783934,E,1,05,2.87,160.00,M,-21.3213,M,,*74
$GPGGA,090301.40,5228.12213456,N,01326.14756102,E,1,05,2.87,160.00,M,-21.3213,M,,*7C
$GPGGA,090301.50,5228.12283347,N,01326.14727794,E,1,05,2.87,160.00,M,-21.3213,M,,*7C
$GPGGA,090301.60,5228.12343427,N,01326.14703045,E,1,05,2.87,160.00,M,-21.3213,M,,*7E
$GPGGA,090301.70,5228.12413397,N,01326.14673692,E,1,05,2.87,160.00,M,-21.3213,M,,*7B
$GPGGA,090301.80,5228.12483385,N,01326.14643707,E,1,05,2.87,160.00,M,-21.3213,M,,*70
$GPGGA,090301.90,5228.12543745,N,01326.14617296,E,1,05,2.87,160.00,M,-21.3213,M,,*78
$GPGGA,090302.00,5228.12613822,N,01326.14585930,E,1,05,2.87,160.00,M,-21.3213,M,,*75
$GPGGA,090302.10,5228.12674399,N,01326.14558150,E,1,05,2.87,160.00,M,-21.3213,M,,*70
$GPGGA,090302.20,5228.12735113,N,01326.14529627,E,1,05,2.87,160.00,M,-21.3213,M,,*76
$GPGGA,090302.30,5228.12795961,N,01326.14500292,E,1,05,2.87,160.00,M,-21.3213,M,,*71
$GPGGA,090302.40,5228.12856933,N,01326.14470073,E,1,05,2.87,160.00,M,-21.3213,M,,*7A
$GPGGA,090302.50,5228.12918015,N,01326.14438889,E,1,05,2.87,160.00,M,-21.3213,M,,*7C
$GPGGA,090302.60,5228.12970110,N,01326.14411502,E,1,05,2.87,160.00,M,-21.3213,M,,*70
$GPGGA,090302.70,5228.13031453,N,01326.14378225,E,1,05,2.87,160.00,M,-21.3213,M,,*74
$GPGGA,090302.80,5228.13083906,N,01326.14348801,E,1,05,2.87,160.00,M,-21.3213,M,,*70
$GPGGA,090302.90,5228.13136435,N,01326.14318345,E,1,05,2.87,160.00,M,-21.3213,M,,*7D
$GPGGA,090303.00,5228.13188926,N,01326.14286823,E,1,05,2.87,160.00,M,-21.3213,M,,*72
$GPGGA,090303.10,5228.13241258,N,01326.14254198,E,1,05,2.87,160.00,M,-21.3213,M,,*71
$GPGGA,090303.20,5228.13293310,N,01326.14220429,E,1,05,2.87,160.00,M,-21.3213,M,,*7C
$GPGGA,090303.30,5228.13336679,N,01326.14191180,E,1,05,2.87,160.00,M,-21.3213,M,,*76
$GPGGA,090303.40,5228.13387935,N,01326.14155158,E,1,05,2.87,160.00,M,-21.3213,M,,*71
$GPGGA,090303.50,5228.13430545,N,01326.14123877,E,1,05,2.87,160.00,M,-21.3213,M,,*75
$GPGGA,090303.60,5228.13480518,N,01326.14085449,E,1,05,2.87,160.00,M,-21.3213,M,,*79
$GPGGA,090303.70,5228.13521908,N,01326.14052019,E,1,05,2.87,160.00,M,-21.3213,M,,*74
$GPGGA,090303.80,5228.13562597,N,01326.14017559,E,1,05,2.87,160.00,M,-21.3213,M,,*76
$GPGGA,090303.90,5228.13609802,N,01326.13975326,E,1,05,2.87,160.00,M,-21.3213,M,,*7C
$GPGGA,090304.00,5228.13648585,N,01326.13938553,E,1,05,2.87,160.00,M,-21.3213,M,,*78
$GPGGA,090304.10,5228.13686345,N,01326.13900688,E,1,05,2.87,160.00,M,-21.3213,M,,*7F
$GPGGA,090304.20,5228.13722981,N,01326.13861715,E,1,05,2.87,160.00,M,-21.3213,M,,*72
$GPGGA,090304.30,5228.13764890,N,01326.13813985,E,1,05,2.87,160.00,M,-21.3213,M,,*72
$GPGGA,090304.40,5228.13798777,N,01326.13772497,E,1,05,2.87,160.00,M,-21.3213,M,,*76
$GPGGA,090304.50,5228.13831272,N,01326.13729834,E,1,05,2.87,160.00,M,-21.3213,M,,*70
$GPGGA,090304.60,5228.13868027,N,01326.13677490,E,1,05,2.87,160.00,M,-21.3213,M,,*75
$GPGGA,090304.70,5228.13897270,N,01326.13632079,E,1,05,2.87,160.00,M,-21.3213,M,,*76
$GPGGA,090304.80,5228.13930058,N,01326.13576210,E,1,05,2.87,160.00,M,-21.3213,M,,*73
$GPGGA,090304.90,5228.13955805,N,01326.13527733,E,1,05,2.87,160.00,M,-21.3213,M,,*71
$GPGGA,090305.00,5228.13984350,N,01326.13467828,E,1,05,2.87,160.00,M,-21.3213,M,,*7E
$GPGGA,090305.10,5228.14002380,N,01326.13425690,E,1,05,2.87,160.00,M,-21.3213,M,,*79
$GPGGA,090305.20,5228.14023079,N,01326.13372013,E,1,05,2.87,160.00,M,-21.3213,M,,*74
$GPGGA,090305.30,5228.14045668,N,01326.13305539,E,1,05,2.87,160.00,M,-21.3213,M,,*7E
$GPGGA,090305.40,5228.14066152,N,01326.13236345,E,1,05,2.87,160.00,M,-21.3213,M,,*7A
$GPGGA,090305.50,5228.14081815,N,01326.13176151,E,1,05,2.87,160.00,M,-21.3213,M,,*78
$GPGGA,090305.60,5228.14096198,N,01326.13113853,E,1,05,2.87,160.00,M,-21.3213,M,,*79
$GPGGA,090305.70,5228.14111676,N,01326.13037102,E,1,05,2.87,160.00,M,-21.3213,M,,*7B
$GPGGA,090305.80,5228.14123421,N,01326.12970067,E,1,05,2.87,160.00,M,-21.3213,M,,*7C
$GPGGA,090305.90,5228.14134024,N,01326.12900798,E,1,05,2.87,160.00,M,-21.3213,M,,*7A
$GPGGA,090306.00,5228.14143510,N,01326.12829321,E,1,05,2.87,160.00,M,-21.3213,M,,*7E
$GPGGA,090306.10,5228.14151901,N,01326.12755675,E,1,05,2.87,160.00,M,-21.3213,M,,*70
$GPGGA,090306.20,5228.14158012,N,01326.12693368,E,1,05,2.87,160.00,M,-21.3213,M,,*73
$GPGGA,090306.30,5228.14164476,N,01326.12615755,E,1,05,2.87,160.00,M,-21.3213,M,,*7F
$GPGGA,090306.40,5228.14169049,N,01326.12549976,E,1,05,2.87,160.00,M,-21.3213,M,,*78
$GPGGA,090306.50,5228.14173659,N,01326.12468617,E,1,05,2.87,160.00,M,-21.3213,M,,*7F
$GPGGA,090306.60,5228.14176743,N,01326.12399570,E,1,05,2.87,160.00,M,-21.3213,M,,*78
$GPGGA,090306.70,5228.14179173,N,01326.12329049,E,1,05,2.87,160.00,M,-21.3213,M,,*77
$GPGGA,090306.80,5228.14180961,N,01326.12257105,E,1,05,2.87,160.00,M,-21.3213,M,,*74
$GPGGA,090306.90,5228.14182121,N,01326.12183790,E,1,05,2.87,160.00,M,-21.3213,M,,*7B
$GPGGA,090307.00,5228.14182667,N,01326.12109157,E,1,05,2.87,160.00,M,-21.3213,M,,*79
$GPGGA,090307.10,5228.14182671,N,01326.12048109,E,1,05,2.87,160.00,M,-21.3213,M,,*70
$GPGGA,090307.20,5228.14182147,N,01326.11971041,E,1,05,2.87,160.00,M,-21.3213,M,,*7C
$GPGGA,090307.30,5228.14181055,N,01326.11892874,E,1,05,2.87,160.00,M,-21.3213,M,,*7E
$GPGGA,090307.40,5228.14179766,N,01326.11828767,E,1,05,2.87,160.00,M,-21.3213,M,,*75
$GPGGA,090307.50,5228.14177687,N,01326.11748510,E,1,05,2.87,160.00,M,-21.3213,M,,*7F
$GPGGA,090307.60,5228.14175616,N,01326.11682594,E,1,05,2.87,160.00,M,-21.3213,M,,*7D
$GPGGA,090307.70,5228.14173208,N,01326.11615870,E,1,05,2.87,160.00,M,-21.3213,M,,*78
$GPGGA,090307.80,5228.14169799,N,01326.11532837,E,1,05,2.87,160.00,M,-21.3213,M,,*74
$GPGGA,090307.90,5228.14166672,N,01326.11464517,E,1,05,2.87,160.00,M,-21.3213,M,,*73
$GPGGA,090308.00,5228.14163236,N,01326.11395486,E,1,05,2.87,160.00,M,-21.3213,M,,*74
$GPGGA,090308.10,5228.14159500,N,01326.11325773,E,1,05,2.87,160.00,M,-21.3213,M,,*7C
$GPGGA,090308.20,5228.14155472,N,01326.11255406,E,1,05,2.87,160.00,M,-21.3213,M,,*70
$GPGGA,090308.30,5228.14151162,N,01326.11184412,E,1,05,2.87,160.00,M,-21.3213,M,,*7B
$GPGGA,090308.40,5228.14146579,N,01326.11112817,E,1,05,2.87,160.00,M,-21.3213,M,,*72
$GPGGA,090308.50,5228.14141731,N,01326.11040647,E,1,05,2.87,160.00,M,-21.3213,M,,*77
$GPGGA,090308.60,5228.14136628,N,01326.10967925,E,1,05,2.87,160.00,M,-21.3213,M,,*7B
$GPGGA,090308.70,5228.14131278,N,01326.10894675,E,1,05,2.87,160.00,M,-21.3213,M,,*7B
$GPGGA,090308.80,5228.14125691,N,01326.10820919,E,1,05,2.87,160.00,M,-21.3213,M,,*78
$GPGGA,090308.90,5228.14119875,N,01326.10746679,E,1,05,2.87,160.00,M,-21.3213,M,,*74
$GPGGA,090309.00,5228.14113837,N,01326.10671976,E,1,05,2.87,160.00,M,-21.3213,M,,*75
$GPGGA,090309.10,5228.14108958,N,01326.10613133,E,1,05,2.87,160.00,M,-21.3213,M,,*7B
$GPGGA,090309.20,5228.14102544,N,01326.10537605,E,1,05,2.87,160.00,M,-21.3213,M,,*74
$GPGGA,090309.30,5228.14095931,N,01326.10461668,E,1,05,2.87,160.00,M,-21.3213,M,,*7D
$GPGGA,090309.40,5228.14089127,N,01326.10385340,E,1,05,2.87,160.00,M,-21.3213,M,,*7A
$GPGGA,090309.50,5228.14083652,N,01326.10325099,E,1,05,2.87,160.00,M,-21.3213,M,,*79
$GPGGA,090309.60,5228.14076523,N,01326.10248076,E,1,05,2.87,160.00,M,-21.3213,M,,*7E
$GPGGA,090309.70,5228.14069224,N,01326.10170710,E,1,05,2.87,160.00,M,-21.3213,M,,*7E
$GPGGA,090309.80,5228.14063363,N,01326.10109574,E,1,05,2.87,160.00,M,-21.3213,M,,*77
$GPGGA,090309.90,5228.14055773,N,01326.10031596,E,1,05,2.87,160.00,M,-21.3213,M,,*70
$GPGGA,090310.00,5228.14049686,N,01326.09969933,E,1,05,2.87,160.00,M,-21.3213,M,,*78
$GPGGA,090310.10,5228.14041827,N,01326.09891394,E,1,05,2.87,160.00,M,-21.3213,M,,*75
$GPGGA,090310.20,5228.14035529,N,01326.09829247,E,1,05,2.87,160.00,M,-21.3213,M,,*7A
$GPGGA,090310.30,5228.14027420,N,01326.09750192,E,1,05,2.87,160.00,M,-21.3213,M,,*7A
$GPGGA,090310.40,5228.14020927,N,01326.09687600,E,1,05,2.87,160.00,M,-21.3213,M,,*77
$GPGGA,090310.50,5228.14012588,N,01326.09608071,E,1,05,2.87,160.00,M,-21.3213,M,,*79
$GPGGA,090310.60,5228.14005915,N,01326.09545071,E,1,05,2.87,160.00,M,-21.3213,M,,*7E
$GPGGA,090310.70,5228.13997362,N,01326.09465107,E,1,05,2.87,160.00,M,-21.3213,M,,*73
$GPGGA,090310.80,5228.13990522,N,01326.09401733,E,1,05,2.87,160.00,M,-21.3213,M,,*7A
$GPGGA,090310.90,5228.13981781,N,01326.09321441,E,1,05,2.87,160.00,M,-21.3213,M,,*73
$GPGGA,090311.00,5228.13974787,N,01326.09257722,E,1,05,2.87,160.00,M,-21.3213,M,,*71
$GPGGA,090311.10,5228.13965857,N,01326.09176993,E,1,05,2.87,160.00,M,-21.3213,M,,*76
$GPGGA,090311.20,5228.13958722,N,01326.09112960,E,1,05,2.87,160.00,M,-21.3213,M,,*78
$GPGGA,090311.30,5228.13951526,N,01326.09048786,E,1,05,2.87,160.00,M,-21.3213,M,,*7E
$GPGGA,090311.40,5228.13942359,N,01326.08967572,E,1,05,2.87,160.00,M,-21.3213,M,,*79
$GPGGA,090311.50,5228.13935037,N,01326.08903121,E,1,05,2.87,160.00,M,-21.3213,M,,*73
$GPGGA,090311.60,5228.13925722,N,01326.08821612,E,1,05,2.87,160.00,M,-21.3213,M,,*74
$GPGGA,090311.70,5228.13918285,N,01326.08756907,E,1,05,2.87,160.00,M,-21.3213,M,,*77
$GPGGA,090311.80,5228.13910799,N,01326.08692089,E,1,05,2.87,160.00,M,-21.3213,M,,*7E
$GPGGA,090311.90,5228.13901292,N,01326.08610190,E,1,05,2.87,160.00,M,-21.3213,M,,*72
$GPGGA,090312.00,5228.13893704,N,01326.08545149,E,1,05,2.87,160.00,M,-21.3213,M,,*7F
$GPGGA,090312.10,5228.13886073,N,01326.08480010,E,1,05,2.87,160.00,M,-21.3213,M,,*78
$GPGGA,090312.20,5228.13876395,N,01326.08397769,E,1,05,2.87,160.00,M,-21.3213,M,,*77
$GPGGA,090312.30,5228.13868674,N,01326.08332434,E,1,05,2.87,160.00,M,-21.3213,M,,*77
$GPGGA,090312.40,5228.13860916,N,01326.08267012,E,1,05,2.87,160.00,M,-21.3213,M,,*72
$GPGGA,090312.50,5228.13851089,N,01326.08184472,E,1,05,2.87,160.00,M,-21.3213,M,,*72
$GPGGA,090312.60,5228.13843252,N,01326.08118880,E,1,05,2.87,160.00,M,-21.3213,M,,*72
$GPGGA,090312.70,5228.13835381,N,01326.08053212,E,1,05,2.87,160.00,M,-21.3213,M,,*72
$GPGGA,090312.80,5228.13827479,N,01326.07987472,E,1,05,2.87,160.00,M,-21.3213,M,,*71
$GPGGA,090312.90,5228.13817485,N,01326.07904594,E,1,05,2.87,160.00,M,-21.3213,M,,*72
$GPGGA,090313.00,5228.13809517,N,01326.07838712,E,1,05,2.87,160.00,M,-21.3213,M,,*7D
$GPGGA,090313.10,5228.13801521,N,01326.07772767,E,1,05,2.87,160.00,M,-21.3213,M,,*72
$GPGGA,090313.20,5228.13791419,N,01326.07689672,E,1,05,2.87,160.00,M,-21.3213,M,,*7D
$GPGGA,090313.30,5228.13783366,N,01326.07623604,E,1,05,2.87,160.00,M,-21.3213,M,,*71
$GPGGA,090313.40,5228.13775289,N,01326.07557482,E,1,05,2.87,160.00,M,-21.3213,M,,*73
$GPGGA,090313.50,5228.13767189,N,01326.07491308,E,1,05,2.87,160.00,M,-21.3213,M,,*7C
$GPGGA,090313.60,5228.13756967,N,01326.07407971,E,1,05,2.87,160.00,M,-21.3213,M,,*7E
$GPGGA,090313.70,5228.13748820,N,01326.07341696,E,1,05,2.87,160.00,M,-21.3213,M,,*71
$GPGGA,090313.80,5228.13740654,N,01326.07275376,E,1,05,2.87,160.00,M,-21.3213,M,,*76
$GPGGA,090313.90,5228.13732470,N,01326.07209015,E,1,05,2.87,160.00,M,-21.3213,M,,*7B
$GPGGA,090314.00,5228.13722150,N,01326.07125481,E,1,05,2.87,160.00,M,-21.3213,M,,*77
$GPGGA,090314.10,5228.13713928,N,01326.07059038,E,1,05,2.87,160.00,M,-21.3213,M,,*7F
$GPGGA,090314.20,5228.13705690,N,01326.06992559,E,1,05,2.87,160.00,M,-21.3213,M,,*7A
$GPGGA,090314.30,5228.13697438,N,01326.06926047,E,1,05,2.87,160.00,M,-21.3213,M,,*74
$GPGGA,090314.40,5228.13687040,N,01326.06842355,E,1,05,2.87,160.00,M,-21.3213,M,,*7A
$GPGGA,090314.50,5228.13678758,N,01326.06775778,E,1,05,2.87,160.00,M,-21.3213,M,,*75
$GPGGA,090314.60,5228.13670464,N,01326.06709174,E,1,05,2.87,160.00,M,-21.3213,M,,*73
$GPGGA,090314.70,5228.13662159,N,01326.06642544,E,1,05,2.87,160.00,M,-21.3213,M,,*73
$GPGGA,090314.80,5228.13651701,N,01326.06558730,E,1,05,2.87,160.00,M,-21.3213,M,,*7E
$GPGGA,090314.90,5228.13643374,N,01326.06492050,E,1,05,2.87,160.00,M,-21.3213,M,,*7C
$GPGGA,090315.00,5228.13635037,N,01326.06425350,E,1,05,2.87,160.00,M,-21.3213,M,,*7E
$GPGGA,090315.10,5228.13626693,N,01326.06358631,E,1,05,2.87,160.00,M,-21.3213,M,,*7A
$GPGGA,090315.20,5228.13618342,N,01326.06291895,E,1,05,2.87,160.00,M,-21.3213,M,,*79
$GPGGA,090315.30,5228.13607833,N,01326.06207972,E,1,05,2.87,160.00,M,-21.3213,M,,*7C
$GPGGA,090315.40,5228.13599467,N,01326.06141204,E,1,05,2.87,160.00,M,-21.3213,M,,*79
$GPGGA,090315.50,5228.13591097,N,01326.06074423,E,1,05,2.87,160.00,M,-21.3213,M,,*7F
$GPGGA,090315.60,5228.13582722,N,01326.06007632,E,1,05,2.87,160.00,M,-21.3213,M,,*71
$GPGGA,090315.70,5228.13572189,N,01326.05923654,E,1,05,2.87,160.00,M,-21.3213,M,,*74
$GPGGA,090315.80,5228.13563807,N,01326.05856844,E,1,05,2.87,160.00,M,-21.3213,M,,*78
$GPGGA,090315.90,5228.13555422,N,01326.05790026,E,1,05,2.87,160.00,M,-21.3213,M,,*7E
$GPGGA,090316.00,5228.13547036,N,01326.05723204,E,1,05,2.87,160.00,M,-21.3213,M,,*7C
$GPGGA,090316.10,5228.13538649,N,01326.05656377,E,1,05,2.87,160.00,M,-21.3213,M,,*7D
$GPGGA,090316.20,5228.13528105,N,01326.05572371,E,1,05,2.87,160.00,M,-21.3213,M,,*73
$GPGGA,090316.30,5228.13519719,N,01326.05505541,E,1,05,2.87,160.00,M,-21.3213,M,,*7E
$GPGGA,090316.40,5228.13511333,N,01326.05438712,E,1,05,2.87,160.00,M,-21.3213,M,,*76
$GPGGA,090316.50,5228.13502949,N,01326.05371885,E,1,05,2.87,160.00,M,-21.3213,M,,*79
$GPGGA,090316.60,5228.13492413,N,01326.05287884,E,1,05,2.87,160.00,M,-21.3213,M,,*79
$GPGGA,090316.70,5228.13484036,N,01326.05221066,E,1,05,2.87,160.00,M,-21.3213,M,,*74
$GPGGA,090316.80,5228.13475662,N,01326.05154254,E,1,05,2.87,160.00,M,-21.3213,M,,*70
$GPGGA,090316.90,5228.13467293,N,01326.05087451,E,1,05,2.87,160.00,M,-21.3213,M,,*74
$GPGGA,090317.00,5228.13458929,N,01326.05020656,E,1,05,2.87,160.00,M,-21.3213,M,,*72
$GPGGA,090317.10,5228.13448423,N,01326.04936700,E,1,05,2.87,160.00,M,-21.3213,M,,*78
$GPGGA,090317.20,5228.13440074,N,01326.04869930,E,1,05,2.87,160.00,M,-21.3213,M,,*73
$GPGGA,090317.30,5228.13431732,N,01326.04803174,E,1,05,2.87,160.00,M,-21.3213,M,,*75
$GPGGA,090317.40,5228.13423398,N,01326.04736434,E,1,05,2.87,160.00,M,-21.3213,M,,*7D
$GPGGA,090317.50,5228.13412933,N,01326.04652545,E,1,05,2.87,160.00,M,-21.3213,M,,*71
$GPGGA,090317.60,5228.13404621,N,01326.04585842,E,1,05,2.87,160.00,M,-21.3213,M,,*7A
$GPGGA,090317.70,5228.13396319,N,01326.04519160,E,1,05,2.87,160.00,M,-21.3213,M,,*75
$GPGGA,090317.80,5228.13388028,N,01326.04452500,E,1,05,2.87,160.00,M,-21.3213,M,,*78
$GPGGA,090317.90,5228.13379750,N,01326.04385864,E,1,05,2.87,160.00,M,-21.3213,M,,*7D
$GPGGA,090318.00,5228.13369359,N,01326.04302100,E,1,05,2.87,160.00,M,-21.3213,M,,*73
$GPGGA,090318.10,5228.13361111,N,01326.04235520,E,1,05,2.87,160.00,M,-21.3213,M,,*77
$GPGGA,090318.20,5228.13352878,N,01326.04168969,E,1,05,2.87,160.00,M,-21.3213,M,,*78
$GPGGA,090318.30,5228.13344660,N,01326.04102449,E,1,05,2.87,160.00,M,-21.3213,M,,*7A
$GPGGA,090318.40,5228.13334348,N,01326.04018823,E,1,05,2.87,160.00,M,-21.3213,M,,*7F
$GPGGA,090318.50,5228.13326169,N,01326.03952375,E,1,05,2.87,160.00,M,-21.3213,M,,*74
$GPGGA,090318.60,5228.13318009,N,01326.03885965,E,1,05,2.87,160.00,M,-21.3213,M,,*7D
$GPGGA,090318.70,5228.13309869,N,01326.03819594,E,1,05,2.87,160.00,M,-21.3213,M,,*75
$GPGGA,090318.80,5228.13299656,N,01326.03736143,E,1,05,2.87,160.00,M,-21.3213,M,,*7C
$GPGGA,090318.90,5228.13291562,N,01326.03669864,E,1,05,2.87,160.00,M,-21.3213,M,,*76
$GPGGA,090319.00,5228.13283492,N,01326.03603632,E,1,05,2.87,160.00,M,-21.3213,M,,*72
$GPGGA,090319.10,5228.13275445,N,01326.03537450,E,1,05,2.87,160.00,M,-21.3213,M,,*72
$GPGGA,090319.20,5228.13265353,N,01326.03454221,E,1,05,2.87,160.00,M,-21.3213,M,,*74
$GPGGA,090319.30,5228.13257363,N,01326.03388152,E,1,05,2.87,160.00,M,-21.3213,M,,*76
$GPGGA,090319.40,5228.13249400,N,01326.03322142,E,1,05,2.87,160.00,M,-21.3213,M,,*7D
$GPGGA,090319.50,5228.13239416,N,01326.03239114,E,1,05,2.87,160.00,M,-21.3213,M,,*74
$GPGGA,090319.60,5228.13231519,N,01326.03173237,E,1,05,2.87,160.00,M,-21.3213,M,,*7E
$GPGGA,090319.70,5228.13223653,N,01326.03107427,E,1,05,2.87,160.00,M,-21.3213,M,,*75
$GPGGA,090319.80,5228.13215820,N,01326.03041689,E,1,05,2.87,160.00,M,-21.3213,M,,*70
$GPGGA,090319.90,5228.13206001,N,01326.02958978,E,1,05,2.87,160.00,M,-21.3213,M,,*79
$GPGGA,090320.00,5228.13198245,N,01326.02893400,E,1,05,2.87,160.00,M,-21.3213,M,,*78
$GPGGA,090320.10,5228.13190527,N,01326.02827904,E,1,05,2.87,160.00,M,-21.3213,M,,*74
$GPGGA,090320.20,5228.13180855,N,01326.02745476,E,1,05,2.87,160.00,M,-21.3213,M,,*7D
$GPGGA,090320.30,5228.13173225,N,01326.02680166,E,1,05,2.87,160.00,M,-21.3213,M,,*71
$GPGGA,090320.40,5228.13165638,N,01326.02614949,E,1,05,2.87,160.00,M,-21.3213,M,,*71
$GPGGA,090320.50,5228.13156132,N,01326.02532846,E,1,05,2.87,160.00,M,-21.3213,M,,*74
$GPGGA,090320.60,5228.13148645,N,01326.02467841,E,1,05,2.87,160.00,M,-21.3213,M,,*79
$GPGGA,090320.70,5228.13141205,N,01326.02402945,E,1,05,2.87,160.00,M,-21.3213,M,,*77
$GPGGA,090320.80,5228.13131889,N,01326.02321213,E,1,05,2.87,160.00,M,-21.3213,M,,*7F
$GPGGA,090320.90,5228.13124563,N,01326.02256559,E,1,05,2.87,160.00,M,-21.3213,M,,*7B
$GPGGA,090321.00,5228.13117291,N,01326.02192027,E,1,05,2.87,160.00,M,-21.3213,M,,*7E
$GPGGA,090321.10,5228.13108188,N,01326.02110720,E,1,05,2.87,160.00,M,-21.3213,M,,*70
$GPGGA,090321.20,5228.13101044,N,01326.02046466,E,1,05,2.87,160.00,M,-21.3213,M,,*78
$GPGGA,090321.30,5228.13092105,N,01326.01965480,E,1,05,2.87,160.00,M,-21.3213,M,,*75
$GPGGA,090321.40,5228.13085100,N,01326.01901528,E,1,05,2.87,160.00,M,-21.3213,M,,*70
$GPGGA,090321.50,5228.13078161,N,01326.01837728,E,1,05,2.87,160.00,M,-21.3213,M,,*72
$GPGGA,090321.60,5228.13069483,N,01326.01757271,E,1,05,2.87,160.00,M,-21.3213,M,,*78
$GPGGA,090321.70,5228.13062700,N,01326.01693815,E,1,05,2.87,160.00,M,-21.3213,M,,*7B
$GPGGA,090321.80,5228.13054223,N,01326.01613757,E,1,05,2.87,160.00,M,-21.3213,M,,*74
$GPGGA,090321.90,5228.13047609,N,01326.01550676,E,1,05,2.87,160.00,M,-21.3213,M,,*7D
$GPGGA,090322.00,5228.13039347,N,01326.01471054,E,1,05,2.87,160.00,M,-21.3213,M,,*75
$GPGGA,090322.10,5228.13032916,N,01326.01408382,E,1,05,2.87,160.00,M,-21.3213,M,,*77
$GPGGA,090322.20,5228.13024888,N,01326.01329233,E,1,05,2.87,160.00,M,-21.3213,M,,*7A
$GPGGA,090322.30,5228.13018654,N,01326.01267007,E,1,05,2.87,160.00,M,-21.3213,M,,*75
$GPGGA,090322.40,5228.13010879,N,01326.01188376,E,1,05,2.87,160.00,M,-21.3213,M,,*7C
$GPGGA,090322.50,5228.13004858,N,01326.01126634,E,1,05,2.87,160.00,M,-21.3213,M,,*7C
$GPGGA,090322.60,5228.12997356,N,01326.01048566,E,1,05,2.87,160.00,M,-21.3213,M,,*75
$GPGGA,090322.70,5228.12990014,N,01326.00970814,E,1,05,2.87,160.00,M,-21.3213,M,,*7D
$GPGGA,090322.80,5228.12984356,N,01326.00909897,E,1,05,2.87,160.00,M,-21.3213,M,,*77
$GPGGA,090322.90,5228.12977321,N,01326.00832786,E,1,05,2.87,160.00,M,-21.3213,M,,*7C
$GPGGA,090323.00,5228.12970464,N,01326.00756035,E,1,05,2.87,160.00,M,-21.3213,M,,*77
$GPGGA,090323.10,5228.12965213,N,01326.00696056,E,1,05,2.87,160.00,M,-21.3213,M,,*7C
$GPGGA,090323.20,5228.12958700,N,01326.00620034,E,1,05,2.87,160.00,M,-21.3213,M,,*7F
$GPGGA,090323.30,5228.12952387,N,01326.00544422,E,1,05,2.87,160.00,M,-21.3213,M,,*7D
$GPGGA,090323.40,5228.12947588,N,01326.00485508,E,1,05,2.87,160.00,M,-21.3213,M,,*72
$GPGGA,090323.50,5228.12941657,N,01326.00410724,E,1,05,2.87,160.00,M,-21.3213,M,,*74
$GPGGA,090323.60,5228.12935949,N,01326.00336404,E,1,05,2.87,160.00,M,-21.3213,M,,*76
$GPGGA,090323.70,5228.12930473,N,01326.00262570,E,1,05,2.87,160.00,M,-21.3213,M,,*74
$GPGGA,090323.80,5228.12925238,N,01326.00189243,E,1,05,2.87,160.00,M,-21.3213,M,,*77
$GPGGA,090323.90,5228.12920251,N,01326.00116446,E,1,05,2.87,160.00,M,-21.3213,M,,*79
$GPGGA,090324.00,5228.12915523,N,01326.00044202,E,1,05,2.87,160.00,M,-21.3213,M,,*73
$GPGGA,090324.10,5228.12911062,N,01325.99972535,E,1,05,2.87,160.00,M,-21.3213,M,,*7A
$GPGGA,090324.20,5228.12906877,N,01325.99901471,E,1,05,2.87,160.00,M,-21.3213,M,,*76
$GPGGA,090324.30,5228.12902977,N,01325.99831035,E,1,05,2.87,160.00,M,-21.3213,M,,*74
$GPGGA,090324.40,5228.12899372,N,01325.99761255,E,1,05,2.87,160.00,M,-21.3213,M,,*71
$GPGGA,090324.50,5228.12896071,N,01325.99692160,E,1,05,2.87,160.00,M,-21.3213,M,,*77
$GPGGA,090324.60,5228.12893082,N,01325.99623776,E,1,05,2.87,160.00,M,-21.3213,M,,*76
$GPGGA,090324.70,5228.12889847,N,01325.99540674,E,1,05,2.87,160.00,M,-21.3213,M,,*78
$GPGGA,090324.80,5228.12887585,N,01325.99473891,E,1,05,2.87,160.00,M,-21.3213,M,,*7E
$GPGGA,090324.90,5228.12885663,N,01325.99407917,E,1,05,2.87,160.00,M,-21.3213,M,,*7A
$GPGGA,090325.00,5228.12883772,N,01325.99327597,E,1,05,2.87,160.00,M,-21.3213,M,,*74
$GPGGA,090325.10,5228.12882640,N,01325.99263435,E,1,05,2.87,160.00,M,-21.3213,M,,*7C
$GPGGA,090325.20,5228.12881747,N,01325.99185208,E,1,05,2.87,160.00,M,-21.3213,M,,*79
$GPGGA,090325.30,5228.12881429,N,01325.99108154,E,1,05,2.87,160.00,M,-21.3213,M,,*7C
$GPGGA,090325.40,5228.12881603,N,01325.99047055,E,1,05,2.87,160.00,M,-21.3213,M,,*7B
$GPGGA,090325.50,5228.12882366,N,01325.98972366,E,1,05,2.87,160.00,M,-21.3213,M,,*72
$GPGGA,090325.60,5228.12883749,N,01325.98898997,E,1,05,2.87,160.00,M,-21.3213,M,,*78
$GPGGA,090325.70,5228.12885768,N,01325.98826998,E,1,05,2.87,160.00,M,-21.3213,M,,*76
$GPGGA,090325.80,5228.12888435,N,01325.98756422,E,1,05,2.87,160.00,M,-21.3213,M,,*7B
$GPGGA,090325.90,5228.12891763,N,01325.98687319,E,1,05,2.87,160.00,M,-21.3213,M,,*70
$GPGGA,090326.00,5228.12896679,N,01325.98605900,E,1,05,2.87,160.00,M,-21.3213,M,,*7F
$GPGGA,090326.10,5228.12901515,N,01325.98540061,E,1,05,2.87,160.00,M,-21.3213,M,,*74
$GPGGA,090326.20,5228.12908309,N,01325.98462383,E,1,05,2.87,160.00,M,-21.3213,M,,*7B
$GPGGA,090326.30,5228.12914704,N,01325.98400004,E,1,05,2.87,160.00,M,-21.3213,M,,*76
$GPGGA,090326.40,5228.12923452,N,01325.98326281,E,1,05,2.87,160.00,M,-21.3213,M,,*79
$GPGGA,090326.50,5228.12933313,N,01325.98254719,E,1,05,2.87,160.00,M,-21.3213,M,,*7B
$GPGGA,090326.60,5228.12944311,N,01325.98185353,E,1,05,2.87,160.00,M,-21.3213,M,,*7F
$GPGGA,090326.70,5228.12956473,N,01325.98118209,E,1,05,2.87,160.00,M,-21.3213,M,,*74
$GPGGA,090326.80,5228.12969827,N,01325.98053290,E,1,05,2.87,160.00,M,-21.3213,M,,*74
$GPGGA,090326.90,5228.12987325,N,01325.97978930,E,1,05,2.87,160.00,M,-21.3213,M,,*72
$GPGGA,090327.00,5228.13003466,N,01325.97918703,E,1,05,2.87,160.00,M,-21.3213,M,,*76
$GPGGA,090327.10,5228.13024499,N,01325.97849633,E,1,05,2.87,160.00,M,-21.3213,M,,*75
$GPGGA,090327.20,5228.13047649,N,01325.97783339,E,1,05,2.87,160.00,M,-21.3213,M,,*7A
$GPGGA,090327.30,5228.13065769,N,01325.97737207,E,1,05,2.87,160.00,M,-21.3213,M,,*7B
$GPGGA,090327.40,5228.13088376,N,01325.97685366,E,1,05,2.87,160.00,M,-21.3213,M,,*7B
$GPGGA,090327.50,5228.13117513,N,01325.97625738,E,1,05,2.87,160.00,M,-21.3213,M,,*7D
$GPGGA,090327.60,5228.13148966,N,01325.97568254,E,1,05,2.87,160.00,M,-21.3213,M,,*7F
$GPGGA,090327.70,5228.13177081,N,01325.97521576,E,1,05,2.87,160.00,M,-21.3213,M,,*78
$GPGGA,090327.80,5228.13212554,N,01325.97467701,E,1,05,2.87,160.00,M,-21.3213,M,,*7B
$GPGGA,090327.90,5228.13243968,N,01325.97423816,E,1,05,2.87,160.00,M,-21.3213,M,,*74
$GPGGA,090328.00,5228.13283139,N,01325.97373211,E,1,05,2.87,160.00,M,-21.3213,M,,*7D
$GPGGA,090328.10,5228.13317554,N,01325.97331920,E,1,05,2.87,160.00,M,-21.3213,M,,*70
$GPGGA,090328.20,5228.13353226,N,01325.97291760,E,1,05,2.87,160.00,M,-21.3213,M,,*70
$GPGGA,090328.30,5228.13397074,N,01325.97245548,E,1,05,2.87,160.00,M,-21.3213,M,,*7D
$GPGGA,090328.40,5228.13435183,N,01325.97207821,E,1,05,2.87,160.00,M,-21.3213,M,,*78
$GPGGA,090328.50,5228.13474259,N,01325.97171175,E,1,05,2.87,160.00,M,-21.3213,M,,*72
$GPGGA,090328.60,5228.13514198,N,01325.97135598,E,1,05,2.87,160.00,M,-21.3213,M,,*7F
$GPGGA,090328.70,5228.13562631,N,01325.97094701,E,1,05,2.87,160.00,M,-21.3213,M,,*73
$GPGGA,090328.80,5228.13604136,N,01325.97061382,E,1,05,2.87,160.00,M,-21.3213,M,,*7A
$GPGGA,090328.90,5228.13654227,N,01325.97023048,E,1,05,2.87,160.00,M,-21.3213,M,,*7E
$GPGGA,090329.00,5228.13696838,N,01325.96991886,E,1,05,2.87,160.00,M,-21.3213,M,,*77
$GPGGA,090329.10,5228.13748095,N,01325.96955971,E,1,05,2.87,160.00,M,-21.3213,M,,*7A
$GPGGA,090329.20,5228.13791358,N,01325.96926862,E,1,05,2.87,160.00,M,-21.3213,M,,*78
$GPGGA,090329.30,5228.13843299,N,01325.96893228,E,1,05,2.87,160.00,M,-21.3213,M,,*7E
$GPGGA,090329.40,5228.13895519,N,01325.96860718,E,1,05,2.87,160.00,M,-21.3213,M,,*77
$GPGGA,090329.50,5228.13947795,N,01325.96829357,E,1,05,2.87,160.00,M,-21.3213,M,,*7C
$GPGGA,090329.60,5228.14000061,N,01325.96799076,E,1,05,2.87,160.00,M,-21.3213,M,,*7A
$GPGGA,090329.70,5228.14061222,N,01325.96764876,E,1,05,2.87,160.00,M,-21.3213,M,,*73
$GPGGA,090329.80,5228.14113219,N,01325.96736752,E,1,05,2.87,160.00,M,-21.3213,M,,*7E
$GPGGA,090329.90,5228.14174074,N,01325.96704845,E,1,05,2.87,160.00,M,-21.3213,M,,*7F
$GPGGA,090330.00,5228.14234644,N,01325.96674071,E,1,05,2.87,160.00,M,-21.3213,M,,*75
$GPGGA,090330.10,5228.14294810,N,01325.96644386,E,1,05,2.87,160.00,M,-21.3213,M,,*79
$GPGGA,090330.20,5228.14354458,N,01325.96615751,E,1,05,2.87,160.00,M,-21.3213,M,,*7D
$GPGGA,090330.30,5228.14423014,N,01325.96583730,E,1,05,2.87,160.00,M,-21.3213,M,,*7C
$GPGGA,090330.40,5228.14490976,N,01325.96552844,E,1,05,2.87,160.00,M,-21.3213,M,,*7E
$GPGGA,090330.50,5228.14558224,N,01325.96523046,E,1,05,2.87,160.00,M,-21.3213,M,,*7A
$GPGGA,090330.60,5228.14624646,N,01325.96494296,E,1,05,2.87,160.00,M,-21.3213,M,,*73
$GPGGA,090330.70,5228.14699938,N,01325.96462454,E,1,05,2.87,160.00,M,-21.3213,M,,*73
$GPGGA,090330.80,5228.14774302,N,01325.96431714,E,1,05,2.87,160.00,M,-21.3213,M,,*7C
$GPGGA,090330.90,5228.14847625,N,01325.96402035,E,1,05,2.87,160.00,M,-21.3213,M,,*76
$GPGGA,090331.00,5228.14919796,N,01325.96373379,E,1,05,2.87,160.00,M,-21.3213,M,,*77
$GPGGA,090331.10,5228.15000731,N,01325.96341844,E,1,05,2.87,160.00,M,-21.3213,M,,*7F
$GPGGA,090331.20,5228.15080422,N,01325.96311361,E,1,05,2.87,160.00,M,-21.3213,M,,*7C
$GPGGA,090331.30,5228.15168966,N,01325.96278089,E,1,05,2.87,160.00,M,-21.3213,M,,*7C
$GPGGA,090331.40,5228.15246181,N,01325.96249542,E,1,05,2.87,160.00,M,-21.3213,M,,*75
$GPGGA,090331.50,5228.15332326,N,01325.96218162,E,1,05,2.87,160.00,M,-21.3213,M,,*7B
$GPGGA,090331.60,5228.15427516,N,01325.96184010,E,1,05,2.87,160.00,M,-21.3213,M,,*7C
$GPGGA,090331.70,5228.15511337,N,01325.96154349,E,1,05,2.87,160.00,M,-21.3213,M,,*7E
$GPGGA,090331.80,5228.15604275,N,01325.96121872,E,1,05,2.87,160.00,M,-21.3213,M,,*70
$GPGGA,090331.90,5228.15706427,N,01325.96086625,E,1,05,2.87,160.00,M,-21.3213,M,,*73
$GPGGA,090332.00,5228.15797192,N,01325.96055665,E,1,05,2.87,160.00,M,-21.3213,M,,*70
$GPGGA,090332.10,5228.15897241,N,01325.96021892,E,1,05,2.87,160.00,M,-21.3213,M,,*76
$GPGGA,090332.20,5228.15996265,N,01325.95988796,E,1,05,2.87,160.00,M,-21.3213,M,,*71
$GPGGA,090332.30,5228.16094278,N,01325.95956332,E,1,05,2.87,160.00,M,-21.3213,M,,*7D
$GPGGA,090332.40,5228.16191296,N,01325.95924458,E,1,05,2.87,160.00,M,-21.3213,M,,*70
$GPGGA,090332.50,5228.16297789,N,01325.95889744,E,1,05,2.87,160.00,M,-21.3213,M,,*77
$GPGGA,090332.60,5228.16403363,N,01325.95855583,E,1,05,2.87,160.00,M,-21.3213,M,,*77
$GPGGA,090332.70,5228.16508040,N,01325.95821939,E,1,05,2.87,160.00,M,-21.3213,M,,*70
$GPGGA,090332.80,5228.16611843,N,01325.95788776,E,1,05,2.87,160.00,M,-21.3213,M,,*76
$GPGGA,090332.90,5228.16714801,N,01325.95756062,E,1,05,2.87,160.00,M,-21.3213,M,,*74
$GPGGA,090333.00,5228.16827459,N,01325.95720449,E,1,05,2.87,160.00,M,-21.3213,M,,*7E
$GPGGA,090333.10,5228.16928717,N,01325.95688587,E,1,05,2.87,160.00,M,-21.3213,M,,*78
$GPGGA,090333.20,5228.17039866,N,01325.95653758,E,1,05,2.87,160.00,M,-21.3213,M,,*7C
$GPGGA,090333.30,5228.17150316,N,01325.95619282,E,1,05,2.87,160.00,M,-21.3213,M,,*73
$GPGGA,090333.40,5228.17270652,N,01325.95581859,E,1,05,2.87,160.00,M,-21.3213,M,,*7E
$GPGGA,090333.50,5228.17379816,N,01325.95548021,E,1,05,2.87,160.00,M,-21.3213,M,,*7B
$GPGGA,090333.60,5228.17488389,N,01325.95514461,E,1,05,2.87,160.00,M,-21.3213,M,,*75
$GPGGA,090333.70,5228.17606981,N,01325.95477901,E,1,05,2.87,160.00,M,-21.3213,M,,*7D
$GPGGA,090333.80,5228.17714497,N,01325.95444834,E,1,05,2.87,160.00,M,-21.3213,M,,*7D
$GPGGA,090333.90,5228.17832124,N,01325.95408735,E,1,05,2.87,160.00,M,-21.3213,M,,*7C
$GPGGA,090334.00,5228.17949333,N,01325.95372836,E,1,05,2.87,160.00,M,-21.3213,M,,*7D
$GPGGA,090334.10,5228.18066167,N,01325.95337118,E,1,05,2.87,160.00,M,-21.3213,M,,*70
$GPGGA,090334.20,5228.18182669,N,01325.95301558,E,1,05,2.87,160.00,M,-21.3213,M,,*74
$GPGGA,090334.30,5228.18298885,N,01325.95266138,E,1,05,2.87,160.00,M,-21.3213,M,,*73
$GPGGA,090334.40,5228.18414860,N,01325.95230839,E,1,05,2.87,160.00,M,-21.3213,M,,*76
$GPGGA,090334.50,5228.18530639,N,01325.95195643,E,1,05,2.87,160.00,M,-21.3213,M,,*7D
$GPGGA,090334.60,5228.18656869,N,01325.95157313,E,1,05,2.87,160.00,M,-21.3213,M,,*78
$GPGGA,090334.70,5228.18772399,N,01325.95122270,E,1,05,2.87,160.00,M,-21.3213,M,,*7C
$GPGGA,090334.80,5228.18887875,N,01325.95087276,E,1,05,2.87,160.00,M,-21.3213,M,,*77
$GPGGA,090334.90,5228.19003345,N,01325.95052314,E,1,05,2.87,160.00,M,-21.3213,M,,*76
$GPGGA,090335.00,5228.19118839,N,01325.95017374,E,1,05,2.87,160.00,M,-21.3213,M,,*72
$GPGGA,090335.10,5228.19244965,N,01325.94979247,E,1,05,2.87,160.00,M,-21.3213,M,,*70
$GPGGA,090335.20,5228.19360505,N,01325.94944347,E,1,05,2.87,160.00,M,-21.3213,M,,*71
$GPGGA,090335.30,5228.19476064,N,01325.94909466,E,1,05,2.87,160.00,M,-21.3213,M,,*7F
$GPGGA,090335.40,5228.19591639,N,01325.94874605,E,1,05,2.87,160.00,M,-21.3213,M,,*72
$GPGGA,090335.50,5228.19707227,N,01325.94839762,E,1,05,2.87,160.00,M,-21.3213,M,,*7C
$GPGGA,090335.60,5228.19833439,N,01325.94801744,E,1,05,2.87,160.00,M,-21.3213,M,,*71
$GPGGA,090335.70,5228.19949049,N,01325.94766944,E,1,05,2.87,160.00,M,-21.3213,M,,*7F
$GPGGA,090335.80,5228.20064668,N,01325.94732166,E,1,05,2.87,160.00,M,-21.3213,M,,*70
$GPGGA,090335.90,5228.20180293,N,01325.94697411,E,1,05,2.87,160.00,M,-21.3213,M,,*71
$GPGGA,090336.00,5228.20295922,N,01325.94662681,E,1,05,2.87,160.00,M,-21.3213,M,,*7C
$GPGGA,090336.10,5228.20422168,N,01325.94624793,E,1,05,2.87,160.00,M,-21.3213,M,,*71
$GPGGA,090336.20,5228.20537802,N,01325.94590121,E,1,05,2.87,160.00,M,-21.3213,M,,*71
$GPGGA,090336.30,5228.20653436,N,01325.94555480,E,1,05,2.87,160.00,M,-21.3213,M,,*7D
$GPGGA,090336.40,5228.20769069,N,01325.94520873,E,1,05,2.87,160.00,M,-21.3213,M,,*7E
$GPGGA,090336.50,5228.20895313,N,01325.94483132,E,1,05,2.87,160.00,M,-21.3213,M,,*79
$GPGGA,090336.60,5228.21010940,N,01325.94448598,E,1,05,2.87,160.00,M,-21.3213,M,,*71
$GPGGA,090336.70,5228.21126565,N,01325.94414094,E,1,05,2.87,160.00,M,-21.3213,M,,*7F
$GPGGA,090336.80,5228.21242189,N,01325.94379617,E,1,05,2.87,160.00,M,-21.3213,M,,*76
$GPGGA,090336.90,5228.21357810,N,01325.94345165,E,1,05,2.87,160.00,M,-21.3213,M,,*76
$GPGGA,090337.00,5228.21484043,N,01325.94307574,E,1,05,2.87,160.00,M,-21.3213,M,,*7B
$GPGGA,090337.10,5228.21599661,N,01325.94273165,E,1,05,2.87,160.00,M,-21.3213,M,,*77
$GPGGA,090337.20,5228.21715278,N,01325.94238773,E,1,05,2.87,160.00,M,-21.3213,M,,*70
$GPGGA,090337.30,5228.21830893,N,01325.94204397,E,1,05,2.87,160.00,M,-21.3213,M,,*77
$GPGGA,090337.40,5228.21946508,N,01325.94170036,E,1,05,2.87,160.00,M,-21.3213,M,,*77
$GPGGA,090337.50,5228.22072735,N,01325.94132536,E,1,05,2.87,160.00,M,-21.3213,M,,*74
$GPGGA,090337.60,5228.22188347,N,01325.94098201,E,1,05,2.87,160.00,M,-21.3213,M,,*70
$GPGGA,090337.70,5228.22303959,N,01325.94063878,E,1,05,2.87,160.00,M,-21.3213,M,,*75
$GPGGA,090337.80,5228.22419569,N,01325.94029564,E,1,05,2.87,160.00,M,-21.3213,M,,*77
$GPGGA,090337.90,5228.22545793,N,01325.93992112,E,1,05,2.87,160.00,M,-21.3213,M,,*72
$GPGGA,090338.00,5228.22661402,N,01325.93957818,E,1,05,2.87,160.00,M,-21.3213,M,,*70
$GPGGA,090338.10,5228.22777011,N,01325.93923532,E,1,05,2.87,160.00,M,-21.3213,M,,*77
$GPGGA,090338.20,5228.22892619,N,01325.93889255,E,1,05,2.87,160.00,M,-21.3213,M,,*79
$GPGGA,090338.30,5228.23008226,N,01325.93854985,E,1,05,2.87,160.00,M,-21.3213,M,,*7C
$GPGGA,090338.40,5228.23134446,N,01325.93817578,E,1,05,2.87,160.00,M,-21.3213,M,,*7C
$GPGGA,090338.50,5228.23250052,N,01325.93783324,E,1,05,2.87,160.00,M,-21.3213,M,,*70
$GPGGA,090338.60,5228.23365657,N,01325.93749077,E,1,05,2.87,160.00,M,-21.3213,M,,*74
$GPGGA,090338.70,5228.23481262,N,01325.93714838,E,1,05,2.87,160.00,M,-21.3213,M,,*71
$GPGGA,090338.80,5228.23596866,N,01325.93680607,E,1,05,2.87,160.00,M,-21.3213,M,,*79
$GPGGA,090338.90,5228.23723083,N,01325.93643242,E,1,05,2.87,160.00,M,-21.3213,M,,*7D
$GPGGA,090339.00,5228.23838686,N,01325.93609028,E,1,05,2.87,160.00,M,-21.3213,M,,*73
$GPGGA,090339.10,5228.23954287,N,01325.93574822,E,1,05,2.87,160.00,M,-21.3213,M,,*77
$GPGGA,090339.20,5228.24069888,N,01325.93540627,E,1,05,2.87,160.00,M,-21.3213,M,,*7D
$GPGGA,090339.30,5228.24196102,N,01325.93503303,E,1,05,2.87,160.00,M,-21.3213,M,,*72
$GPGGA,090339.40,5228.24311701,N,01325.93469129,E,1,05,2.87,160.00,M,-21.3213,M,,*7A
$GPGGA,090339.50,5228.24427299,N,01325.93434968,E,1,05,2.87,160.00,M,-21.3213,M,,*78
$GPGGA,090339.60,5228.24542896,N,01325.93400820,E,1,05,2.87,160.00,M,-21.3213,M,,*76
$GPGGA,090339.70,5228.24658491,N,01325.93366686,E,1,05,2.87,160.00,M,-21.3213,M,,*71
$GPGGA,090339.80,5228.24784699,N,01325.93329436,E,1,05,2.87,160.00,M,-21.3213,M,,*76
$GPGGA,090339.90,5228.24900291,N,01325.93295337,E,1,05,2.87,160.00,M,-21.3213,M,,*79
$GPGGA,090340.00,5228.25015882,N,01325.93261257,E,1,05,2.87,160.00,M,-21.3213,M,,*76
$GPGGA,090340.10,5228.25131471,N,01325.93227199,E,1,05,2.87,160.00,M,-21.3213,M,,*73
$GPGGA,090340.20,5228.25257671,N,01325.93190041,E,1,05,2.87,160.00,M,-21.3213,M,,*7A
$GPGGA,090340.30,5228.25373255,N,01325.93156036,E,1,05,2.87,160.00,M,-21.3213,M,,*74
$GPGGA,090340.40,5228.25488836,N,01325.93122061,E,1,05,2.87,160.00,M,-21.3213,M,,*7E
$GPGGA,090340.50,5228.25604414,N,01325.93088119,E,1,05,2.87,160.00,M,-21.3213,M,,*7A
$GPGGA,090340.60,5228.25719989,N,01325.93054213,E,1,05,2.87,160.00,M,-21.3213,M,,*75
$GPGGA,090340.70,5228.25846175,N,01325.93017241,E,1,05,2.87,160.00,M,-21.3213,M,,*7A
$GPGGA,090340.80,5228.25961742,N,01325.92983427,E,1,05,2.87,160.00,M,-21.3213,M,,*70
$GPGGA,090340.90,5228.26077304,N,01325.92949664,E,1,05,2.87,160.00,M,-21.3213,M,,*79
$GPGGA,090341.00,5228.26192861,N,01325.92915958,E,1,05,2.87,160.00,M,-21.3213,M,,*7A
$GPGGA,090341.10,5228.26319026,N,01325.92879229,E,1,05,2.87,160.00,M,-21.3213,M,,*77
$GPGGA,090341.20,5228.26434571,N,01325.92845664,E,1,05,2.87,160.00,M,-21.3213,M,,*79
$GPGGA,090341.30,5228.26550109,N,01325.92812180,E,1,05,2.87,160.00,M,-21.3213,M,,*7F
$GPGGA,090341.40,5228.26665638,N,01325.92778785,E,1,05,2.87,160.00,M,-21.3213,M,,*78
$GPGGA,090341.50,5228.26781159,N,01325.92745488,E,1,05,2.87,160.00,M,-21.3213,M,,*72
$GPGGA,090341.60,5228.26907285,N,01325.92709259,E,1,05,2.87,160.00,M,-21.3213,M,,*71
$GPGGA,090341.70,5228.27022787,N,01325.92676208,E,1,05,2.87,160.00,M,-21.3213,M,,*75
$GPGGA,090341.80,5228.27138316,N,01325.92643285,E,1,05,2.87,160.00,M,-21.3213,M,,*7F
$GPGGA,090341.90,5228.27253921,N,01325.92610491,E,1,05,2.87,160.00,M,-21.3213,M,,*7B
$GPGGA,090342.00,5228.27380266,N,01325.92574831,E,1,05,2.87,160.00,M,-21.3213,M,,*71
$GPGGA,090342.10,5228.27496167,N,01325.92542264,E,1,05,2.87,160.00,M,-21.3213,M,,*7D
$GPGGA,090342.20,5228.27612282,N,01325.92509751,E,1,05,2.87,160.00,M,-21.3213,M,,*74
$GPGGA,090342.30,5228.27728657,N,01325.92477259,E,1,05,2.87,160.00,M,-21.3213,M,,*74
$GPGGA,090342.40,5228.27845335,N,01325.92444753,E,1,05,2.87,160.00,M,-21.3213,M,,*79
$GPGGA,090342.50,5228.27962358,N,01325.92412203,E,1,05,2.87,160.00,M,-21.3213,M,,*74
$GPGGA,090342.60,5228.28079770,N,01325.92379576,E,1,05,2.87,160.00,M,-21.3213,M,,*7A
$GPGGA,090342.70,5228.28197610,N,01325.92346843,E,1,05,2.87,160.00,M,-21.3213,M,,*7A
$GPGGA,090342.80,5228.28305324,N,01325.92316915,E,1,05,2.87,160.00,M,-21.3213,M,,*79
$GPGGA,090342.90,5228.28424148,N,01325.92283875,E,1,05,2.87,160.00,M,-21.3213,M,,*7E
$GPGGA,090343.00,5228.28532934,N,01325.92253583,E,1,05,2.87,160.00,M,-21.3213,M,,*7A
$GPGGA,090343.10,5228.28652896,N,01325.92220114,E,1,05,2.87,160.00,M,-21.3213,M,,*79
$GPGGA,090343.20,5228.28762906,N,01325.92189340,E,1,05,2.87,160.00,M,-21.3213,M,,*73
$GPGGA,090343.30,5228.28873586,N,01325.92158280,E,1,05,2.87,160.00,M,-21.3213,M,,*78
$GPGGA,090343.40,5228.28984969,N,01325.92126904,E,1,05,2.87,160.00,M,-21.3213,M,,*75
$GPGGA,090343.50,5228.29086543,N,01325.92098167,E,1,05,2.87,160.00,M,-21.3213,M,,*73
$GPGGA,090343.60,5228.29199438,N,01325.92066066,E,1,05,2.87,160.00,M,-21.3213,M,,*73
$GPGGA,090343.70,5228.29302606,N,01325.92036559,E,1,05,2.87,160.00,M,-21.3213,M,,*71
$GPGGA,090343.80,5228.29417128,N,01325.92003586,E,1,05,2.87,160.00,M,-21.3213,M,,*72
$GPGGA,090343.90,5228.29522001,N,01325.91973161,E,1,05,2.87,160.00,M,-21.3213,M,,*7E
$GPGGA,090344.00,5228.29617293,N,01325.91945299,E,1,05,2.87,160.00,M,-21.3213,M,,*7D
$GPGGA,090344.10,5228.29723994,N,01325.91913827,E,1,05,2.87,160.00,M,-21.3213,M,,*7A
$GPGGA,090344.20,5228.29821191,N,01325.91884877,E,1,05,2.87,160.00,M,-21.3213,M,,*73
$GPGGA,090344.30,5228.29929797,N,01325.91852172,E,1,05,2.87,160.00,M,-21.3213,M,,*7C
$GPGGA,090344.40,5228.30028970,N,01325.91821939,E,1,05,2.87,160.00,M,-21.3213,M,,*7F
$GPGGA,090344.50,5228.30118793,N,01325.91794220,E,1,05,2.87,160.00,M,-21.3213,M,,*7D
$GPGGA,090344.60,5228.30220038,N,01325.91762548,E,1,05,2.87,160.00,M,-21.3213,M,,*70
$GPGGA,090344.70,5228.30312004,N,01325.91733344,E,1,05,2.87,160.00,M,-21.3213,M,,*70
$GPGGA,090344.80,5228.30405068,N,01325.91703322,E,1,05,2.87,160.00,M,-21.3213,M,,*77
$GPGGA,090344.90,5228.30488986,N,01325.91675806,E,1,05,2.87,160.00,M,-21.3213,M,,*77
$GPGGA,090345.00,5228.30584286,N,01325.91643992,E,1,05,2.87,160.00,M,-21.3213,M,,*70
$GPGGA,090345.10,5228.30670515,N,01325.91614637,E,1,05,2.87,160.00,M,-21.3213,M,,*76
$GPGGA,090345.20,5228.30757914,N,01325.91584272,E,1,05,2.87,160.00,M,-21.3213,M,,*73
$GPGGA,090345.30,5228.30836398,N,01325.91556429,E,1,05,2.87,160.00,M,-21.3213,M,,*73
$GPGGA,090345.40,5228.30916132,N,01325.91527530,E,1,05,2.87,160.00,M,-21.3213,M,,*7A
$GPGGA,090345.50,5228.30997089,N,01325.91497494,E,1,05,2.87,160.00,M,-21.3213,M,,*76
$GPGGA,090345.60,5228.31079167,N,01325.91466256,E,1,05,2.87,160.00,M,-21.3213,M,,*7A
$GPGGA,090345.70,5228.31152380,N,01325.91437658,E,1,05,2.87,160.00,M,-21.3213,M,,*76
$GPGGA,090345.80,5228.31226598,N,01325.91407890,E,1,05,2.87,160.00,M,-21.3213,M,,*7F
$GPGGA,090345.90,5228.31291958,N,01325.91380968,E,1,05,2.87,160.00,M,-21.3213,M,,*7C
$GPGGA,090346.00,5228.31367905,N,01325.91348782,E,1,05,2.87,160.00,M,-21.3213,M,,*78
$GPGGA,090346.10,5228.31434897,N,01325.91319524,E,1,05,2.87,160.00,M,-21.3213,M,,*78
$GPGGA,090346.20,5228.31502566,N,01325.91289075,E,1,05,2.87,160.00,M,-21.3213,M,,*75
$GPGGA,090346.30,5228.31561339,N,01325.91261838,E,1,05,2.87,160.00,M,-21.3213,M,,*7A
$GPGGA,090346.40,5228.31630089,N,01325.91228965,E,1,05,2.87,160.00,M,-21.3213,M,,*76
$GPGGA,090346.50,5228.31689869,N,01325.91199414,E,1,05,2.87,160.00,M,-21.3213,M,,*71
$GPGGA,090346.60,5228.31750020,N,01325.91168691,E,1,05,2.87,160.00,M,-21.3213,M,,*73
$GPGGA,090346.70,5228.31810423,N,01325.91136748,E,1,05,2.87,160.00,M,-21.3213,M,,*70
$GPGGA,090346.80,5228.31861957,N,01325.91108552,E,1,05,2.87,160.00,M,-21.3213,M,,*73
$GPGGA,090346.90,5228.31922603,N,01325.91074148,E,1,05,2.87,160.00,M,-21.3213,M,,*7F
$GPGGA,090347.00,5228.31974347,N,01325.91043651,E,1,05,2.87,160.00,M,-21.3213,M,,*7A
$GPGGA,090347.10,5228.32026075,N,01325.91012005,E,1,05,2.87,160.00,M,-21.3213,M,,*77
$GPGGA,090347.20,5228.32077671,N,01325.90979171,E,1,05,2.87,160.00,M,-21.3213,M,,*75
$GPGGA,090347.30,5228.32129015,N,01325.90945108,E,1,05,2.87,160.00,M,-21.3213,M,,*7B
$GPGGA,090347.40,5228.32179985,N,01325.90909771,E,1,05,2.87,160.00,M,-21.3213,M,,*79
$GPGGA,090347.50,5228.32230458,N,01325.90873115,E,1,05,2.87,160.00,M,-21.3213,M,,*73
$GPGGA,090347.60,5228.32272314,N,01325.90841314,E,1,05,2.87,160.00,M,-21.3213,M,,*7B
$GPGGA,090347.70,5228.32321573,N,01325.90802071,E,1,05,2.87,160.00,M,-21.3213,M,,*7D
$GPGGA,090347.80,5228.32362287,N,01325.90767972,E,1,05,2.87,160.00,M,-21.3213,M,,*7F
$GPGGA,090347.90,5228.32409851,N,01325.90725983,E,1,05,2.87,160.00,M,-21.3213,M,,*7D
$GPGGA,090348.00,5228.32448979,N,01325.90689476,E,1,05,2.87,160.00,M,-21.3213,M,,*75
$GPGGA,090348.10,5228.32494363,N,01325.90644609,E,1,05,2.87,160.00,M,-21.3213,M,,*7F
$GPGGA,090348.20,5228.32531464,N,01325.90605634,E,1,05,2.87,160.00,M,-21.3213,M,,*79
$GPGGA,090348.30,5228.32567496,N,01325.90565522,E,1,05,2.87,160.00,M,-21.3213,M,,*77
$GPGGA,090348.40,5228.32608844,N,01325.90516307,E,1,05,2.87,160.00,M,-21.3213,M,,*7C
$GPGGA,090348.50,5228.32642245,N,01325.90473660,E,1,05,2.87,160.00,M,-21.3213,M,,*7E
$GPGGA,090348.60,5228.32680289,N,01325.90421326,E,1,05,2.87,160.00,M,-21.3213,M,,*73
$GPGGA,090348.70,5228.32710709,N,01325.90376055,E,1,05,2.87,160.00,M,-21.3213,M,,*75
$GPGGA,090348.80,5228.32745075,N,01325.90320423,E,1,05,2.87,160.00,M,-21.3213,M,,*70
$GPGGA,090348.90,5228.32777320,N,01325.90262857,E,1,05,2.87,160.00,M,-21.3213,M,,*7B
$GPGGA,090349.00,5228.32802616,N,01325.90213092,E,1,05,2.87,160.00,M,-21.3213,M,,*79
$GPGGA,090349.10,5228.32830728,N,01325.90151628,E,1,05,2.87,160.00,M,-21.3213,M,,*77
$GPGGA,090349.20,5228.32846888,N,01325.90112556,E,1,05,2.87,160.00,M,-21.3213,M,,*7D
$GPGGA,090349.30,5228.32867400,N,01325.90057945,E,1,05,2.87,160.00,M,-21.3213,M,,*7D
$GPGGA,090349.40,5228.32889874,N,01325.89990313,E,1,05,2.87,160.00,M,-21.3213,M,,*76
$GPGGA,090349.50,5228.32910324,N,01325.89919937,E,1,05,2.87,160.00,M,-21.3213,M,,*75
$GPGGA,090349.60,5228.32926010,N,01325.89858746,E,1,05,2.87,160.00,M,-21.3213,M,,*7B
$GPGGA,090349.70,5228.32943031,N,01325.89783265,E,1,05,2.87,160.00,M,-21.3213,M,,*77
$GPGGA,090349.80,5228.32956014,N,01325.89717546,E,1,05,2.87,160.00,M,-21.3213,M,,*70
$GPGGA,090349.90,5228.32967839,N,01325.89649682,E,1,05,2.87,160.00,M,-21.3213,M,,*75
$GPGGA,090350.00,5228.32978532,N,01325.89579681,E,1,05,2.87,160.00,M,-21.3213,M,,*7F
$GPGGA,090350.10,5228.32988120,N,01325.89507567,E,1,05,2.87,160.00,M,-21.3213,M,,*74
$GPGGA,090350.20,5228.32996627,N,01325.89433377,E,1,05,2.87,160.00,M,-21.3213,M,,*79
$GPGGA,090350.30,5228.33004079,N,01325.89357161,E,1,05,2.87,160.00,M,-21.3213,M,,*76
$GPGGA,090350.40,5228.33010502,N,01325.89278974,E,1,05,2.87,160.00,M,-21.3213,M,,*7D
$GPGGA,090350.50,5228.33015051,N,01325.89212886,E,1,05,2.87,160.00,M,-21.3213,M,,*7A
$GPGGA,090350.60,5228.33018944,N,01325.89145294,E,1,05,2.87,160.00,M,-21.3213,M,,*71
$GPGGA,090350.70,5228.33022772,N,01325.89061924,E,1,05,2.87,160.00,M,-21.3213,M,,*75
$GPGGA,090350.80,5228.33025242,N,01325.88991314,E,1,05,2.87,160.00,M,-21.3213,M,,*75
$GPGGA,090350.90,5228.33027091,N,01325.88919346,E,1,05,2.87,160.00,M,-21.3213,M,,*7D
$GPGGA,090351.00,5228.33028331,N,01325.88846069,E,1,05,2.87,160.00,M,-21.3213,M,,*76
$GPGGA,090351.10,5228.33028976,N,01325.88771532,E,1,05,2.87,160.00,M,-21.3213,M,,*7E
$GPGGA,090351.20,5228.33029042,N,01325.88695785,E,1,05,2.87,160.00,M,-21.3213,M,,*77
$GPGGA,090351.30,5228.33028544,N,01325.88618803,E,1,05,2.87,160.00,M,-21.3213,M,,*70
$GPGGA,090351.40,5228.33027743,N,01325.88555980,E,1,05,2.87,160.00,M,-21.3213,M,,*7D
$GPGGA,090351.50,5228.33026267,N,01325.88476995,E,1,05,2.87,160.00,M,-21.3213,M,,*7A
$GPGGA,090351.60,5228.33024275,N,01325.88396983,E,1,05,2.87,160.00,M,-21.3213,M,,*76
$GPGGA,090351.70,5228.33022295,N,01325.88331474,E,1,05,2.87,160.00,M,-21.3213,M,,*77
$GPGGA,090351.80,5228.33019409,N,01325.88249634,E,1,05,2.87,160.00,M,-21.3213,M,,*7B
$GPGGA,090351.90,5228.33016720,N,01325.88182541,E,1,05,2.87,160.00,M,-21.3213,M,,*78
$GPGGA,090352.00,5228.33013728,N,01325.88114742,E,1,05,2.87,160.00,M,-21.3213,M,,*71
$GPGGA,090352.10,5228.33009644,N,01325.88030477,E,1,05,2.87,160.00,M,-21.3213,M,,*72
$GPGGA,090352.20,5228.33006005,N,01325.87961284,E,1,05,2.87,160.00,M,-21.3213,M,,*75
$GPGGA,090352.30,5228.33002089,N,01325.87891470,E,1,05,2.87,160.00,M,-21.3213,M,,*77
$GPGGA,090352.40,5228.32997903,N,01325.87821062,E,1,05,2.87,160.00,M,-21.3213,M,,*73
$GPGGA,090352.50,5228.32993457,N,01325.87750084,E,1,05,2.87,160.00,M,-21.3213,M,,*7B
$GPGGA,090352.60,5228.32988759,N,01325.87678559,E,1,05,2.87,160.00,M,-21.3213,M,,*71
$GPGGA,090352.70,5228.32982680,N,01325.87590361,E,1,05,2.87,160.00,M,-21.3213,M,,*77
$GPGGA,090352.80,5228.32977454,N,01325.87517762,E,1,05,2.87,160.00,M,-21.3213,M,,*71
$GPGGA,090352.90,5228.32972002,N,01325.87444685,E,1,05,2.87,160.00,M,-21.3213,M,,*7D
$GPGGA,090353.00,5228.32966333,N,01325.87371151,E,1,05,2.87,160.00,M,-21.3213,M,,*7E
$GPGGA,090353.10,5228.32961766,N,01325.87313518,E,1,05,2.87,160.00,M,-21.3213,M,,*71
$GPGGA,090353.20,5228.32955723,N,01325.87239170,E,1,05,2.87,160.00,M,-21.3213,M,,*77
$GPGGA,090353.30,5228.32949483,N,01325.87164420,E,1,05,2.87,160.00,M,-21.3213,M,,*79
$GPGGA,090353.40,5228.32943053,N,01325.87089284,E,1,05,2.87,160.00,M,-21.3213,M,,*77
$GPGGA,090353.50,5228.32936441,N,01325.87013780,E,1,05,2.87,160.00,M,-21.3213,M,,*71
$GPGGA,090353.60,5228.32929654,N,01325.86937924,E,1,05,2.87,160.00,M,-21.3213,M,,*74
$GPGGA,090353.70,5228.32922697,N,01325.86861732,E,1,05,2.87,160.00,M,-21.3213,M,,*7A
$GPGGA,090353.80,5228.32917133,N,01325.86801807,E,1,05,2.87,160.00,M,-21.3213,M,,*75
$GPGGA,090353.90,5228.32909888,N,01325.86725015,E,1,05,2.87,160.00,M,-21.3213,M,,*70
$GPGGA,090354.00,5228.32902492,N,01325.86647928,E,1,05,2.87,160.00,M,-21.3213,M,,*70
$GPGGA,090354.10,5228.32896587,N,01325.86587233,E,1,05,2.87,160.00,M,-21.3213,M,,*76
$GPGGA,090354.20,5228.32888935,N,01325.86509620,E,1,05,2.87,160.00,M,-21.3213,M,,*7F
$GPGGA,090354.30,5228.32881148,N,01325.86431748,E,1,05,2.87,160.00,M,-21.3213,M,,*70
$GPGGA,090354.40,5228.32873234,N,01325.86353630,E,1,05,2.87,160.00,M,-21.3213,M,,*7F
$GPGGA,090354.50,5228.32866925,N,01325.86292047,E,1,05,2.87,160.00,M,-21.3213,M,,*7B
$GPGGA,090354.60,5228.32858793,N,01325.86213489,E,1,05,2.87,160.00,M,-21.3213,M,,*79
$GPGGA,090354.70,5228.32852314,N,01325.86151528,E,1,05,2.87,160.00,M,-21.3213,M,,*76
$GPGGA,090354.80,5228.32843979,N,01325.86072569,E,1,05,2.87,160.00,M,-21.3213,M,,*7D
$GPGGA,090354.90,5228.32835540,N,01325.85993413,E,1,05,2.87,160.00,M,-21.3213,M,,*72
$GPGGA,090355.00,5228.32828831,N,01325.85931009,E,1,05,2.87,160.00,M,-21.3213,M,,*7A
$GPGGA,090355.10,5228.32820214,N,01325.85851502,E,1,05,2.87,160.00,M,-21.3213,M,,*77
$GPGGA,090355.20,5228.32813358,N,01325.85788725,E,1,05,2.87,160.00,M,-21.3213,M,,*71
$GPGGA,090355.30,5228.32804576,N,01325.85708899,E,1,05,2.87,160.00,M,-21.3213,M,,*7C
$GPGGA,090355.40,5228.32795710,N,01325.85628916,E,1,05,2.87,160.00,M,-21.3213,M,,*7B
$GPGGA,090355.50,5228.32788661,N,01325.85565730,E,1,05,2.87,160.00,M,-21.3213,M,,*71
$GPGGA,090355.60,5228.32779651,N,01325.85485470,E,1,05,2.87,160.00,M,-21.3213,M,,*77
$GPGGA,090355.70,5228.32772489,N,01325.85422046,E,1,05,2.87,160.00,M,-21.3213,M,,*76
$GPGGA,090355.80,5228.32763347,N,01325.85341535,E,1,05,2.87,160.00,M,-21.3213,M,,*7F
$GPGGA,090355.90,5228.32756082,N,01325.85277894,E,1,05,2.87,160.00,M,-21.3213,M,,*70
$GPGGA,090356.00,5228.32746818,N,01325.85197155,E,1,05,2.87,160.00,M,-21.3213,M,,*79
$GPGGA,090356.10,5228.32739459,N,01325.85133319,E,1,05,2.87,160.00,M,-21.3213,M,,*7D
$GPGGA,090356.20,5228.32730085,N,01325.85052374,E,1,05,2.87,160.00,M,-21.3213,M,,*7F
$GPGGA,090356.30,5228.32722639,N,01325.84988361,E,1,05,2.87,160.00,M,-21.3213,M,,*77
$GPGGA,090356.40,5228.32713164,N,01325.84907230,E,1,05,2.87,160.00,M,-21.3213,M,,*7F
$GPGGA,090356.50,5228.32705640,N,01325.84843059,E,1,05,2.87,160.00,M,-21.3213,M,,*74
$GPGGA,090356.60,5228.32698082,N,01325.84778818,E,1,05,2.87,160.00,M,-21.3213,M,,*70
$GPGGA,090356.70,5228.32688476,N,01325.84697447,E,1,05,2.87,160.00,M,-21.3213,M,,*79
$GPGGA,090356.80,5228.32680850,N,01325.84633072,E,1,05,2.87,160.00,M,-21.3213,M,,*7A
$GPGGA,090356.90,5228.32671163,N,01325.84551560,E,1,05,2.87,160.00,M,-21.3213,M,,*7D
$GPGGA,090357.00,5228.32663475,N,01325.84487065,E,1,05,2.87,160.00,M,-21.3213,M,,*7E
$GPGGA,090357.10,5228.32653716,N,01325.84405429,E,1,05,2.87,160.00,M,-21.3213,M,,*7C
$GPGGA,090357.20,5228.32645971,N,01325.84340828,E,1,05,2.87,160.00,M,-21.3213,M,,*7C
$GPGGA,090357.30,5228.32636146,N,01325.84259084,E,1,05,2.87,160.00,M,-21.3213,M,,*72
$GPGGA,090357.40,5228.32628351,N,01325.84194391,E,1,05,2.87,160.00,M,-21.3213,M,,*7B
$GPGGA,090357.50,5228.32620535,N,01325.84129660,E,1,05,2.87,160.00,M,-21.3213,M,,*7B
$GPGGA,090357.60,5228.32610627,N,01325.84047781,E,1,05,2.87,160.00,M,-21.3213,M,,*7C
$GPGGA,090357.70,5228.32602768,N,01325.83982976,E,1,05,2.87,160.00,M,-21.3213,M,,*75
$GPGGA,090357.80,5228.32592809,N,01325.83901024,E,1,05,2.87,160.00,M,-21.3213,M,,*7D
$GPGGA,090357.90,5228.32584912,N,01325.83836158,E,1,05,2.87,160.00,M,-21.3213,M,,*7F
$GPGGA,090358.00,5228.32574909,N,01325.83754145,E,1,05,2.87,160.00,M,-21.3213,M,,*7B
$GPGGA,090358.10,5228.32566979,N,01325.83689230,E,1,05,2.87,160.00,M,-21.3213,M,,*7E
$GPGGA,090358.20,5228.32559035,N,01325.83624296,E,1,05,2.87,160.00,M,-21.3213,M,,*7B
$GPGGA,090358.30,5228.32548978,N,01325.83542216,E,1,05,2.87,160.00,M,-21.3213,M,,*71
$GPGGA,090358.40,5228.32541006,N,01325.83477249,E,1,05,2.87,160.00,M,-21.3213,M,,*72
$GPGGA,090358.50,5228.32530918,N,01325.83395139,E,1,05,2.87,160.00,M,-21.3213,M,,*7C
$GPGGA,090358.60,5228.32522924,N,01325.83330150,E,1,05,2.87,160.00,M,-21.3213,M,,*73
$GPGGA,090358.70,5228.32512810,N,01325.83248023,E,1,05,2.87,160.00,M,-21.3213,M,,*7C
$GPGGA,090358.80,5228.32504796,N,01325.83183023,E,1,05,2.87,160.00,M,-21.3213,M,,*71
$GPGGA,090358.90,5228.32496775,N,01325.83118022,E,1,05,2.87,160.00,M,-21.3213,M,,*74
$GPGGA,090359.00,5228.32486631,N,01325.83035890,E,1,05,2.87,160.00,M,-21.3213,M,,*73
$GPGGA,090359.10,5228.32478597,N,01325.82970893,E,1,05,2.87,160.00,M,-21.3213,M,,*76
$GPGGA,090359.20,5228.32468438,N,01325.82888772,E,1,05,2.87,160.00,M,-21.3213,M,,*76
$GPGGA,090359.30,5228.32460393,N,01325.82823791,E,1,05,2.87,160.00,M,-21.3213,M,,*75
$GPGGA,090359.40,5228.32452346,N,01325.82758820,E,1,05,2.87,160.00,M,-21.3213,M,,*7D
$GPGGA,090359.50,5228.32442173,N,01325.82676739,E,1,05,2.87,160.00,M,-21.3213,M,,*73
$GPGGA,090359.60,5228.32434121,N,01325.82611800,E,1,05,2.87,160.00,M,-21.3213,M,,*72
$GPGGA,090359.70,5228.32423944,N,01325.82529760,E,1,05,2.87,160.00,M,-21.3213,M,,*7F
$GPGGA,090359.80,5228.32415890,N,01325.82464863,E,1,05,2.87,160.00,M,-21.3213,M,,*79
$GPGGA,090359.90,5228.32407837,N,01325.82399990,E,1,05,2.87,160.00,M,-21.3213,M,,*7E
$GPGGA,090400.00,5228.32397662,N,01325.82318035,E,1,05,2.87,160.00,M,-21.3213,M,,*73
$GPGGA,090400.10,5228.32389613,N,01325.82253222,E,1,05,2.87,160.00,M,-21.3213,M,,*71
$GPGGA,090400.20,5228.32379444,N,01325.82171340,E,1,05,2.87,160.00,M,-21.3213,M,,*7B
$GPGGA,090400.30,5228.32371403,N,01325.82106598,E,1,05,2.87,160.00,M,-21.3213,M,,*72
$GPGGA,090400.40,5228.32361244,N,01325.82024804,E,1,05,2.87,160.00,M,-21.3213,M,,*78
$GPGGA,090400.50,5228.32353214,N,01325.81960146,E,1,05,2.87,160.00,M,-21.3213,M,,*78
$GPGGA,090400.60,5228.32345190,N,01325.81895532,E,1,05,2.87,160.00,M,-21.3213,M,,*7F
$GPGGA,090400.70,5228.32335054,N,01325.81813893,E,1,05,2.87,160.00,M,-21.3213,M,,*78
$GPGGA,090400.80,5228.32327047,N,01325.81749383,E,1,05,2.87,160.00,M,-21.3213,M,,*7C
$GPGGA,090400.90,5228.32316933,N,01325.81667869,E,1,05,2.87,160.00,M,-21.3213,M,,*77
$GPGGA,090401.00,5228.32308946,N,01325.81603476,E,1,05,2.87,160.00,M,-21.3213,M,,*72
$GPGGA,090401.10,5228.32298858,N,01325.81522102,E,1,05,2.87,160.00,M,-21.3213,M,,*73
$GPGGA,090401.20,5228.32290896,N,01325.81457843,E,1,05,2.87,160.00,M,-21.3213,M,,*75
$GPGGA,090401.30,5228.32280838,N,01325.81376628,E,1,05,2.87,160.00,M,-21.3213,M,,*76
$GPGGA,090401.40,5228.32272904,N,01325.81312518,E,1,05,2.87,160.00,M,-21.3213,M,,*70
$GPGGA,090401.50,5228.32262883,N,01325.81231479,E,1,05,2.87,160.00,M,-21.3213,M,,*78
$GPGGA,090401.60,5228.32254982,N,01325.81167535,E,1,05,2.87,160.00,M,-21.3213,M,,*77
$GPGGA,090401.70,5228.32245002,N,01325.81086694,E,1,05,2.87,160.00,M,-21.3213,M,,*71
$GPGGA,090401.80,5228.32237138,N,01325.81022935,E,1,05,2.87,160.00,M,-21.3213,M,,*79
$GPGGA,090401.90,5228.32227205,N,01325.80942311,E,1,05,2.87,160.00,M,-21.3213,M,,*76
$GPGGA,090402.00,5228.32219383,N,01325.80878756,E,1,05,2.87,160.00,M,-21.3213,M,,*71
$GPGGA,090402.10,5228.32209503,N,01325.80798374,E,1,05,2.87,160.00,M,-21.3213,M,,*7A
$GPGGA,090402.20,5228.32201728,N,01325.80735045,E,1,05,2.87,160.00,M,-21.3213,M,,*7C
$GPGGA,090402.30,5228.32191906,N,01325.80654928,E,1,05,2.87,160.00,M,-21.3213,M,,*71
$GPGGA,090402.40,5228.32184185,N,01325.80591848,E,1,05,2.87,160.00,M,-21.3213,M,,*7C
$GPGGA,090402.50,5228.32174428,N,01325.80512023,E,1,05,2.87,160.00,M,-21.3213,M,,*7E
$GPGGA,090402.60,5228.32166764,N,01325.80449216,E,1,05,2.87,160.00,M,-21.3213,M,,*7E
$GPGGA,090402.70,5228.32157078,N,01325.80369713,E,1,05,2.87,160.00,M,-21.3213,M,,*72
$GPGGA,090402.80,5228.32149475,N,01325.80307207,E,1,05,2.87,160.00,M,-21.3213,M,,*73
$GPGGA,090402.90,5228.32139860,N,01325.80228057,E,1,05,2.87,160.00,M,-21.3213,M,,*76
$GPGGA,090403.00,5228.32132318,N,01325.80165882,E,1,05,2.87,160.00,M,-21.3213,M,,*7B
$GPGGA,090403.10,5228.32122777,N,01325.80087122,E,1,05,2.87,160.00,M,-21.3213,M,,*78
$GPGGA,090403.20,5228.32113276,N,01325.80008582,E,1,05,2.87,160.00,M,-21.3213,M,,*74
$GPGGA,090403.30,5228.32105833,N,01325.79946977,E,1,05,2.87,160.00,M,-21.3213,M,,*7A
$GPGGA,090403.40,5228.32096408,N,01325.79868886,E,1,05,2.87,160.00,M,-21.3213,M,,*70
$GPGGA,090403.50,5228.32087025,N,01325.79791049,E,1,05,2.87,160.00,M,-21.3213,M,,*78
$GPGGA,090403.60,5228.32079686,N,01325.79730098,E,1,05,2.87,160.00,M,-21.3213,M,,*72
$GPGGA,090403.70,5228.32070384,N,01325.79652777,E,1,05,2.87,160.00,M,-21.3213,M,,*7E
$GPGGA,090403.80,5228.32061127,N,01325.79575748,E,1,05,2.87,160.00,M,-21.3213,M,,*70
$GPGGA,090403.90,5228.32053899,N,01325.79515548,E,1,05,2.87,160.00,M,-21.3213,M,,*78
$GPGGA,090404.00,5228.32044729,N,01325.79439110,E,1,05,2.87,160.00,M,-21.3213,M,,*72
$GPGGA,090404.10,5228.32035608,N,01325.79363007,E,1,05,2.87,160.00,M,-21.3213,M,,*78
$GPGGA,090404.20,5228.32026536,N,01325.79287254,E,1,05,2.87,160.00,M,-21.3213,M,,*78
$GPGGA,090404.30,5228.32019474,N,01325.79228242,E,1,05,2.87,160.00,M,-21.3213,M,,*70
$GPGGA,090404.40,5228.32010499,N,01325.79153198,E,1,05,2.87,160.00,M,-21.3213,M,,*76
$GPGGA,090404.50,5228.32001579,N,01325.79078556,E,1,05,2.87,160.00,M,-21.3213,M,,*76
$GPGGA,090404.60,5228.31992715,N,01325.79004334,E,1,05,2.87,160.00,M,-21.3213,M,,*74
$GPGGA,090404.70,5228.31983909,N,01325.78930552,E,1,05,2.87,160.00,M,-21.3213,M,,*7F
$GPGGA,090404.80,5228.31975163,N,01325.78857231,E,1,05,2.87,160.00,M,-21.3213,M,,*7F
$GPGGA,090404.90,5228.31966480,N,01325.78784392,E,1,05,2.87,160.00,M,-21.3213,M,,*7D
$GPGGA,090405.00,5228.31957861,N,01325.78712060,E,1,05,2.87,160.00,M,-21.3213,M,,*75
$GPGGA,090405.10,5228.31949309,N,01325.78640256,E,1,05,2.87,160.00,M,-21.3213,M,,*7F
$GPGGA,090405.20,5228.31940827,N,01325.78569006,E,1,05,2.87,160.00,M,-21.3213,M,,*7D
$GPGGA,090405.30,5228.31932417,N,01325.78498336,E,1,05,2.87,160.00,M,-21.3213,M,,*79
$GPGGA,090405.40,5228.31924082,N,01325.78428273,E,1,05,2.87,160.00,M,-21.3213,M,,*7A
$GPGGA,090405.50,5228.31915826,N,01325.78358845,E,1,05,2.87,160.00,M,-21.3213,M,,*70
$GPGGA,090405.60,5228.31907651,N,01325.78290082,E,1,05,2.87,160.00,M,-21.3213,M,,*78
$GPGGA,090405.70,5228.31897715,N,01325.78206479,E,1,05,2.87,160.00,M,-21.3213,M,,*7F
$GPGGA,090405.80,5228.31889724,N,01325.78139223,E,1,05,2.87,160.00,M,-21.3213,M,,*7B
$GPGGA,090405.90,5228.31881825,N,01325.78072733,E,1,05,2.87,160.00,M,-21.3213,M,,*76
$GPGGA,090406.00,5228.31872210,N,01325.77991779,E,1,05,2.87,160.00,M,-21.3213,M,,*79
$GPGGA,090406.10,5228.31864520,N,01325.77927025,E,1,05,2.87,160.00,M,-21.3213,M,,*78
$GPGGA,090406.20,5228.31855143,N,01325.77848059,E,1,05,2.87,160.00,M,-21.3213,M,,*7B
$GPGGA,090406.30,5228.31845889,N,01325.77770123,E,1,05,2.87,160.00,M,-21.3213,M,,*7C
$GPGGA,090406.40,5228.31838514,N,01325.77708007,E,1,05,2.87,160.00,M,-21.3213,M,,*70
$GPGGA,090406.50,5228.31829481,N,01325.77631924,E,1,05,2.87,160.00,M,-21.3213,M,,*7F
$GPGGA,090406.60,5228.31820560,N,01325.77556796,E,1,05,2.87,160.00,M,-21.3213,M,,*7E
$GPGGA,090406.70,5228.31813462,N,01325.77497028,E,1,05,2.87,160.00,M,-21.3213,M,,*72
$GPGGA,090406.80,5228.31804743,N,01325.77423611,E,1,05,2.87,160.00,M,-21.3213,M,,*78
$GPGGA,090406.90,5228.31796129,N,01325.77351101,E,1,05,2.87,160.00,M,-21.3213,M,,*73
$GPGGA,090407.00,5228.31787621,N,01325.77279492,E,1,05,2.87,160.00,M,-21.3213,M,,*70
$GPGGA,090407.10,5228.31780857,N,01325.77222575,E,1,05,2.87,160.00,M,-21.3213,M,,*7F
$GPGGA,090407.20,5228.31772536,N,01325.77152585,E,1,05,2.87,160.00,M,-21.3213,M,,*70
$GPGGA,090407.30,5228.31764319,N,01325.77083493,E,1,05,2.87,160.00,M,-21.3213,M,,*76
$GPGGA,090407.40,5228.31756206,N,01325.77015312,E,1,05,2.87,160.00,M,-21.3213,M,,*7E
$GPGGA,090407.50,5228.31748199,N,01325.76948057,E,1,05,2.87,160.00,M,-21.3213,M,,*77
$GPGGA,090407.60,5228.31741825,N,01325.76894554,E,1,05,2.87,160.00,M,-21.3213,M,,*75
$GPGGA,090407.70,5228.31734010,N,01325.76828986,E,1,05,2.87,160.00,M,-21.3213,M,,*7C
$GPGGA,090407.80,5228.31726307,N,01325.76764413,E,1,05,2.87,160.00,M,-21.3213,M,,*73
$GPGGA,090407.90,5228.31720164,N,01325.76712966,E,1,05,2.87,160.00,M,-21.3213,M,,*7D
$GPGGA,090408.00,5228.31712668,N,01325.76650232,E,1,05,2.87,160.00,M,-21.3213,M,,*7C
$GPGGA,090408.10,5228.31706680,N,01325.76600180,E,1,05,2.87,160.00,M,-21.3213,M,,*71
$GPGGA,090408.20,5228.31699405,N,01325.76539431,E,1,05,2.87,160.00,M,-21.3213,M,,*7C
$GPGGA,090408.30,5228.31693585,N,01325.76490894,E,1,05,2.87,160.00,M,-21.3213,M,,*7F
$GPGGA,090408.40,5228.31687837,N,01325.76443028,E,1,05,2.87,160.00,M,-21.3213,M,,*78
$GPGGA,090408.50,5228.31682165,N,01325.76395866,E,1,05,2.87,160.00,M,-21.3213,M,,*7C
$GPGGA,090408.60,5228.31676574,N,01325.76349447,E,1,05,2.87,160.00,M,-21.3213,M,,*7E
$GPGGA,090408.70,5228.31671067,N,01325.76303818,E,1,05,2.87,160.00,M,-21.3213,M,,*77
$GPGGA,090408.80,5228.31666790,N,01325.76268452,E,1,05,2.87,160.00,M,-21.3213,M,,*7F
$GPGGA,090408.90,5228.31661425,N,01325.76224194,E,1,05,2.87,160.00,M,-21.3213,M,,*73
$GPGGA,090409.00,5228.31657221,N,01325.76189600,E,1,05,2.87,160.00,M,-21.3213,M,,*72
$GPGGA,090409.10,5228.31653045,N,01325.76155322,E,1,05,2.87,160.00,M,-21.3213,M,,*73
$GPGGA,090409.20,5228.31648916,N,01325.76121546,E,1,05,2.87,160.00,M,-21.3213,M,,*72
$GPGGA,090409.30,5228.31645801,N,01325.76096140,E,1,05,2.87,160.00,M,-21.3213,M,,*76
$GPGGA,090409.40,5228.31641794,N,01325.76063586,E,1,05,2.87,160.00,M,-21.3213,M,,*72
$GPGGA,090409.50,5228.31638760,N,01325.76039048,E,1,05,2.87,160.00,M,-21.3213,M,,*7E
$GPGGA,090409.60,5228.31635778,N,01325.76015036,E,1,05,2.87,160.00,M,-21.3213,M,,*7E
$GPGGA,090409.70,5228.31633643,N,01325.75997932,E,1,05,2.87,160.00,M,-21.3213,M,,*7D
$GPGGA,090409.80,5228.31630779,N,01325.75975107,E,1,05,2.87,160.00,M,-21.3213,M,,*7B
$GPGGA,090409.90,5228.31628718,N,01325.75958787,E,1,05,2.87,160.00,M,-21.3213,M,,*75
$GPGGA,090410.00,5228.31626703,N,01325.75942917,E,1,05,2.87,160.00,M,-21.3213,M,,*7C
$GPGGA,090410.10,5228.31624753,N,01325.75927645,E,1,05,2.87,160.00,M,-21.3213,M,,*71
$GPGGA,090410.20,5228.31622889,N,01325.75913124,E,1,05,2.87,160.00,M,-21.3213,M,,*7B
$GPGGA,090410.30,5228.31621649,N,01325.75903510,E,1,05,2.87,160.00,M,-21.3213,M,,*79
$GPGGA,090410.40,5228.31620446,N,01325.75894213,E,1,05,2.87,160.00,M,-21.3213,M,,*79
$GPGGA,090410.50,5228.31619295,N,01325.75885359,E,1,05,2.87,160.00,M,-21.3213,M,,*75
$GPGGA,090410.60,5228.31618214,N,01325.75877075,E,1,05,2.87,160.00,M,-21.3213,M,,*7E
$GPGGA,090410.70,5228.31617571,N,01325.75872165,E,1,05,2.87,160.00,M,-21.3213,M,,*71
$GPGGA,090410.80,5228.31616636,N,01325.75865040,E,1,05,2.87,160.00,M,-21.3213,M,,*7F
$GPGGA,090410.90,5228.31616085,N,01325.75860866,E,1,05,2.87,160.00,M,-21.3213,M,,*79
$GPGGA,090411.00,5228.31615585,N,01325.75857077,E,1,05,2.87,160.00,M,-21.3213,M,,*7B
$GPGGA,090411.10,5228.31615148,N,01325.75853783,E,1,05,2.87,160.00,M,-21.3213,M,,*77
$GPGGA,090411.20,5228.31614942,N,01325.75852226,E,1,05,2.87,160.00,M,-21.3213,M,,*7C
$GPGGA,090411.30,5228.31614635,N,01325.75849926,E,1,05,2.87,160.00,M,-21.3213,M,,*73
$GPGGA,090411.40,5228.31614512,N,01325.75848999,E,1,05,2.87,160.00,M,-21.3213,M,,*77
$GPGGA,090411.50,5228.31614393,N,01325.75848111,E,1,05,2.87,160.00,M,-21.3213,M,,*71
$GPGGA,090411.60,5228.31614413,N,01325.75848259,E,1,05,2.87,160.00,M,-21.3213,M,,*72
$GPGGA,090411.70,5228.31614446,N,01325.75848506,E,1,05,2.87,160.00,M,-21.3213,M,,*7E
$GPGGA,090411.80,5228.31614458,N,01325.75848593,E,1,05,2.87,160.00,M,-21.3213,M,,*72
$GPGGA,090411.90,5228.31382490,N,01325.74120000,E,1,05,2.87,160.00,M,-21.3213,M,,*74
$GPGGA,090412.00,5228.31382490,N,01325.74120000,E,1,05,2.87,160.00,M,-21.3213,M,,*7E
$GPGGA,090412.10,5228.31382490,N,01325.74120000,E,1,05,2.87,160.00,M,-21.3213,M,,*7F
$GPGGA,090412.20,5228.31382490,N,01325.74120000,E,1,05,2.87,160.00,M,-21.3213,M,,*7C
$GPGGA,090412.30,5228.31382490,N,01325.74120000,E,1,05,2.87,160.00,M,-21.3213,M,,*7D
$GPGGA,090412.40,5228.31382490,N,01325.74120000,E,1,05,2.87,160.00,M,-21.3213,M,,*7A
$GPGGA,090412.50,5228.31382490,N,01325.74120000,E,1,05,2.87,160.00,M,-21.3213,M,,*7B
$GPGGA,090412.60,5228.31382490,N,01325.74120000,E,1,05,2.87,160.00,M,-21.3213,M,,*78
$GPGGA,090412.70,5228.31382490,N,01325.74120000,E,1,05,2.87,160.00,M,-21.3213,M,,*79
$GPGGA,090412.80,5228.31382490,N,01325.74120000,E,1,05,2.87,160.00,M,-21.3213,M,,*76
$GPGGA,090412.90,5228.31382490,N,01325.74120000,E,1,05,2.87,160.00,M,-21.3213,M,,*77
$GPGGA,090413.00,5228.31382490,N,01325.74120000,E,1,05,2.87,160.00,M,-21.3213,M,,*7F
$GPGGA,090413.10,5228.31382490,N,01325.74120000,E,1,05,2.87,160.00,M,-21.3213,M,,*7E
$GPGGA,090413.20,5228.31382490,N,01325.74120000,E,1,05,2.87,160.00,M,-21.3213,M,,*7D
$GPGGA,090413.30,5228.31382490,N,01325.74120000,E,1,05,2.87,160.00,M,-21.3213,M,,*7C
$GPGGA,090413.40,5228.31382490,N,01325.74120000,E,1,05,2.87,160.00,M,-21.3213,M,,*7B
$GPGGA,090413.50,5228.31382490,N,01325.74120000,E,1,05,2.87,160.00,M,-21.3213,M,,*7A
$GPGGA,090413.60,5228.31382490,N,01325.74120000,E,1,05,2.87,160.00,M,-21.3213,M,,*79
$GPGGA,090413.70,5228.31382490,N,01325.74120000,E,1,05,2.87,160.00,M,-21.3213,M,,*78
$GPGGA,090413.80,5228.31382490,N,01325.74120000,E,1,05,2.87,160.00,M,-21.3213,M,,*77
$GPGGA,090413.90,5228.31382490,N,01325.74120000,E,1,05,2.87,160.00,M,-21.3213,M,,*76
$GPGGA,090414.00,5228.31382490,N,01325.74120000,E,1,05,2.87,160.00,M,-21.3213,M,,*78
$GPGGA,090414.10,5228.31382490,N,01325.74120000,E,1,05,2.87,160.00,M,-21.3213,M,,*79
$GPGGA,090414.20,5228.31382490,N,01325.74120000,E,1,05,2.87,160.00,M,-21.3213,M,,*7A
$GPGGA,090414.30,5228.31382490,N,01325.74120000,E,1,05,2.87,160.00,M,-21.3213,M,,*7B
$GPGGA,090414.40,5228.31382490,N,01325.74120000,E,1,05,2.87,160.00,M,-21.3213,M,,*7C
$GPGGA,090414.50,5228.31382490,N,01325.74120000,E,1,05,2.87,160.00,M,-21.3213,M,,*7D
$GPGGA,090414.60,5228.31382490,N,01325.74120000,E,1,05,2.87,160.00,M,-21.3213,M,,*7E
$GPGGA,090414.70,5228.31382490,N,01325.74120000,E,1,05,2.87,160.00,M,-21.3213,M,,*7F
$GPGGA,090414.80,5228.31382490,N,01325.74120000,E,1,05,2.87,160.00,M,-21.3213,M,,*70
$GPGGA,090414.90,5228.31382490,N,01325.74120000,E,1,05,2.87,160.00,M,-21.3213,M,,*71
$GPGGA,090415.00,5228.31382490,N,01325.74120000,E,1,05,2.87,160.00,M,-21.3213,M,,*79
$GPGGA,090415.10,5228.31382490,N,01325.74120000,E,1,05,2.87,160.00,M,-21.3213,M,,*78
$GPGGA,090415.20,5228.31382490,N,01325.74120000,E,1,05,2.87,160.00,M,-21.3213,M,,*7B
$GPGGA,090415.30,5228.31382490,N,01325.74120000,E,1,05,2.87,160.00,M,-21.3213,M,,*7A
$GPGGA,090415.40,5228.31382490,N,01325.74120000,E,1,05,2.87,160.00,M,-21.3213,M,,*7D
$GPGGA,090415.50,5228.31382490,N,01325.74120000,E,1,05,2.87,160.00,M,-21.3213,M,,*7C
$GPGGA,090415.60,5228.31382490,N,01325.74120000,E,1,05,2.87,160.00,M,-21.3213,M,,*7F
$GPGGA,090415.70,5228.31382490,N,01325.74120000,E,1,05,2.87,160.00,M,-21.3213,M,,*7E
$GPGGA,090415.80,5228.31382490,N,01325.74120000,E,1,05,2.87,160.00,M,-21.3213,M,,*71
$GPGGA,090415.90,5228.31382490,N,01325.74120000,E,1,05,2.87,160.00,M,-21.3213,M,,*70
$GPGGA,090416.00,5228.31382490,N,01325.74120000,E,1,05,2.87,160.00,M,-21.3213,M,,*7A
$GPGGA,090416.10,5228.31382490,N,01325.74120000,E,1,05,2.87,160.00,M,-21.3213,M,,*7B
$GPGGA,090416.20,5228.31382490,N,01325.74120000,E,1,05,2.87,160.00,M,-21.3213,M,,*78
$GPGGA,090416.30,5228.31382490,N,01325.74120000,E,1,05,2.87,160.00,M,-21.3213,M,,*79
$GPGGA,090416.40,5228.31382490,N,01325.74120000,E,1,05,2.87,160.00,M,-21.3213,M,,*7E
$GPGGA,090416.50,5228.31382490,N,01325.74120000,E,1,05,2.87,160.00,M,-21.3213,M,,*7F
$GPGGA,090416.60,5228.31382490,N,01325.74120000,E,1,05,2.87,160.00,M,-21.3213,M,,*7C
$GPGGA,090416.70,5228.31382490,N,01325.74120000,E,1,05,2.87,160.00,M,-21.3213,M,,*7D
$GPGGA,090416.80,5228.31382490,N,01325.74120000,E,1,05,2.87,160.00,M,-21.3213,M,,*72
$GPGGA,090416.90,5228.31382490,N,01325.74120000,E,1,05,2.87,160.00,M,-21.3213,M,,*73
$GPGGA,090417.00,5228.31382490,N,01325.74120000,E,1,05,2.87,160.00,M,-21.3213,M,,*7B
