stage3_path_id,stage3_center_id,run_id,logical_run_key,scene_id,prn,center_window_id,center_recording_time_s,selected_L,multipath_id,excess_delay_samples,doppler_offset_hz,relative_power_db,matched_window_count,longest_consecutive_count,persistence_pass,match_pattern,persistence_radius_windows,support_window_ids,support_window_count_derived,association_parse_status,environment_class,elevation_deg,elevation_band,geometry_join_status,geometry_join_valid,track_id,track_observation_count,track_weight,elevation_ready,quality_status,doppler_provenance_class,primary_exclusion_reason,sensitivity_exclusion_reason,author_gate_id,primary_population_included,sensitivity_population_included,track_weight_fixed_original,track_weight_recomputed_primary,track_weight_recomputed_sensitivity,absolute_doppler_hz,log_excess_delay,log1p_absolute_doppler,cell_id,cell_ready,parent_scope_role
F1023_V70_D0117_P2__G11__ch5__nav_sage_v2__ingestion_20260825_event_path_v1__center_317__mp_1,F1023_V70_D0117_P2__G11__ch5__nav_sage_v2__ingestion_20260825_event_path_v1__center_317,F1023_V70_D0117_P2__G11__ch5__nav_sage_v2__ingestion_20260825_event_path_v1,F1023_V70_D0117_P2__G11__ch5__nav_sage_v2,F1023_V70_D0117_P2,G11,317,44.1387458455523,3,1,1.8,-50.3356979047153,-5.24268676425022,3,3,1,01110,2,316;317;318,3,VALID,Mountain/Valley,31,MID,valid,1,ALGTRACK_0001,1,1.0,1,PRIMARY_ADMITTED_SENSITIVITY_EXCLUDED,COARSE_GRID_LOCK_CANDIDATE,NONE,EXACT_FOUR_REPEATED_DOPPLER_MODE,AUTHOR_APPROVED_KEEP_FULL_PRIMARY_20260831,1,0,1.0,1,,50.3356979047153,0.5877866649021191,3.938386375763518,Mountain/Valley__MID,1,CELL_AND_ENVIRONMENT
F1023_V70_D0117_P2__G11__ch5__nav_sage_v2__ingestion_20260825_event_path_v1__center_317__mp_2,F1023_V70_D0117_P2__G11__ch5__nav_sage_v2__ingestion_20260825_event_path_v1__center_317,F1023_V70_D0117_P2__G11__ch5__nav_sage_v2__ingestion_20260825_event_path_v1,F1023_V70_D0117_P2__G11__ch5__nav_sage_v2,F1023_V70_D0117_P2,G11,317,44.1387458455523,3,2,2.8,99.6643020952847,-14.6746129362091,3,3,1,01110,2,316;317;318,3,VALID,Mountain/Valley,31,MID,valid,1,ALGTRACK_0002,1,1.0,1,PRIMARY_ADMITTED_SENSITIVITY_EXCLUDED,COARSE_GRID_LOCK_CANDIDATE,NONE,EXACT_FOUR_REPEATED_DOPPLER_MODE,AUTHOR_APPROVED_KEEP_FULL_PRIMARY_20260831,1,0,1.0,1,,99.6643020952847,1.0296194171811581,4.611791239311198,Mountain/Valley__MID,1,CELL_AND_ENVIRONMENT
F1023_V70_D0117_P2__G11__ch5__nav_sage_v2__ingestion_20260825_event_path_v1__center_640__mp_1,F1023_V70_D0117_P2__G11__ch5__nav_sage_v2__ingestion_20260825_event_path_v1__center_640,F1023_V70_D0117_P2__G11__ch5__nav_sage_v2__ingestion_20260825_event_path_v1,F1023_V70_D0117_P2__G11__ch5__nav_sage_v2,F1023_V70_D0117_P2,G11,640,50.598761485826,3,1,1.5,-45.0131071441147,-0.524608582481407,3,3,1,00111,2,640;641;642,3,VALID,Mountain/Valley,31,MID,valid,1,ALGTRACK_0003,4,0.25,1,PRIMARY_ADMITTED_SENSITIVITY_INCLUDED,FINE_GRID_QUANTIZED_VALID,NONE,NONE,AUTHOR_APPROVED_KEEP_FULL_PRIMARY_20260831,1,1,0.25,0.25,0.25,45.0131071441147,0.4054651081081644,3.828926293817534,Mountain/Valley__MID,1,CELL_AND_ENVIRONMENT
F1023_V70_D0117_P2__G11__ch5__nav_sage_v2__ingestion_20260825_event_path_v1__center_640__mp_2,F1023_V70_D0117_P2__G11__ch5__nav_sage_v2__ingestion_20260825_event_path_v1__center_640,F1023_V70_D0117_P2__G11__ch5__nav_sage_v2__ingestion_20260825_event_path_v1,F1023_V70_D0117_P2__G11__ch5__nav_sage_v2,F1023_V70_D0117_P2,G11,640,50.598761485826,3,2,2.5,-90.0131071441147,-11.3611185658663,3,3,1,00111,2,640;641;642,3,VALID,Mountain/Valley,31,MID,valid,1,ALGTRACK_0004,4,0.25,1,PRIMARY_ADMITTED_SENSITIVITY_INCLUDED,COARSE_GRID_LOCK_CANDIDATE,NONE,NONE,AUTHOR_APPROVED_KEEP_FULL_PRIMARY_20260831,1,1,0.25,0.25,0.25,90.0131071441147,0.9162907318741551,4.511003530695581,Mountain/Valley__MID,1,CELL_AND_ENVIRONMENT
F1023_V70_D0117_P2__G11__ch5__nav_sage_v2__ingestion_20260825_event_path_v1__center_641__mp_1,F1023_V70_D0117_P2__G11__ch5__nav_sage_v2__ingestion_20260825_event_path_v1__center_641,F1023_V70_D0117_P2__G11__ch5__nav_sage_v2__ingestion_20260825_event_path_v1,F1023_V70_D0117_P2__G11__ch5__nav_sage_v2,F1023_V70_D0117_P2,G11,641,50.6187615835777,3,1,1.2,-45.0563619249897,-0.71960391848256,4,4,1,01111,2,640;641;642;643,4,VALID,Mountain/Valley,31,MID,valid,1,ALGTRACK_0003,4,0.25,1,PRIMARY_ADMITTED_SENSITIVITY_INCLUDED,FINE_GRID_QUANTIZED_VALID,NONE,NONE,AUTHOR_APPROVED_KEEP_FULL_PRIMARY_20260831,1,1,0.25,0.25,0.25,45.0563619249897,0.1823215567939546,3.8298659057104816,Mountain/Valley__MID,1,CELL_AND_ENVIRONMENT
F1023_V70_D0117_P2__G11__ch5__nav_sage_v2__ingestion_20260825_event_path_v1__center_641__mp_2,F1023_V70_D0117_P2__G11__ch5__nav_sage_v2__ingestion_20260825_event_path_v1__center_641,F1023_V70_D0117_P2__G11__ch5__nav_sage_v2__ingestion_20260825_event_path_v1,F1023_V70_D0117_P2__G11__ch5__nav_sage_v2,F1023_V70_D0117_P2,G11,641,50.6187615835777,3,2,2.2,-95.0563619249897,-12.347430453551,4,4,1,01111,2,640;641;642;643,4,VALID,Mountain/Valley,31,MID,valid,1,ALGTRACK_0004,4,0.25,1,PRIMARY_ADMITTED_SENSITIVITY_INCLUDED,FINE_GRID_QUANTIZED_VALID,NONE,NONE,AUTHOR_APPROVED_KEEP_FULL_PRIMARY_20260831,1,1,0.25,0.25,0.25,95.0563619249897,0.7884573603642703,4.564935122575379,Mountain/Valley__MID,1,CELL_AND_ENVIRONMENT
F1023_V70_D0117_P2__G11__ch5__nav_sage_v2__ingestion_20260825_event_path_v1__center_642__mp_1,F1023_V70_D0117_P2__G11__ch5__nav_sage_v2__ingestion_20260825_event_path_v1__center_642,F1023_V70_D0117_P2__G11__ch5__nav_sage_v2__ingestion_20260825_event_path_v1,F1023_V70_D0117_P2__G11__ch5__nav_sage_v2,F1023_V70_D0117_P2,G11,642,50.6387615835777,3,1,1.9,-45.0996167056128,-1.76705666840904,4,4,1,11110,2,640;641;642;643,4,VALID,Mountain/Valley,31,MID,valid,1,ALGTRACK_0003,4,0.25,1,PRIMARY_ADMITTED_SENSITIVITY_INCLUDED,FINE_GRID_QUANTIZED_VALID,NONE,NONE,AUTHOR_APPROVED_KEEP_FULL_PRIMARY_20260831,1,1,0.25,0.25,0.25,45.0996167056128,0.6418538861723947,3.8308046355561682,Mountain/Valley__MID,1,CELL_AND_ENVIRONMENT
F1023_V70_D0117_P2__G11__ch5__nav_sage_v2__ingestion_20260825_event_path_v1__center_642__mp_2,F1023_V70_D0117_P2__G11__ch5__nav_sage_v2__ingestion_20260825_event_path_v1__center_642,F1023_V70_D0117_P2__G11__ch5__nav_sage_v2__ingestion_20260825_event_path_v1,F1023_V70_D0117_P2__G11__ch5__nav_sage_v2,F1023_V70_D0117_P2,G11,642,50.6387615835777,3,2,2.9,-90.0996167056128,-12.6099973526779,4,4,1,11110,2,640;641;642;643,4,VALID,Mountain/Valley,31,MID,valid,1,ALGTRACK_0004,4,0.25,1,PRIMARY_ADMITTED_SENSITIVITY_INCLUDED,COARSE_GRID_LOCK_CANDIDATE,NONE,NONE,AUTHOR_APPROVED_KEEP_FULL_PRIMARY_20260831,1,1,0.25,0.25,0.25,90.0996167056128,1.0647107369924282,4.511953596854348,Mountain/Valley__MID,1,CELL_AND_ENVIRONMENT
F1023_V70_D0117_P2__G11__ch5__nav_sage_v2__ingestion_20260825_event_path_v1__center_643__mp_1,F1023_V70_D0117_P2__G11__ch5__nav_sage_v2__ingestion_20260825_event_path_v1__center_643,F1023_V70_D0117_P2__G11__ch5__nav_sage_v2__ingestion_20260825_event_path_v1,F1023_V70_D0117_P2__G11__ch5__nav_sage_v2,F1023_V70_D0117_P2,G11,643,50.6587616813294,3,1,1.1,-45.1428714864874,-0.483723456558375,3,3,1,11100,2,641;642;643,3,VALID,Mountain/Valley,31,MID,valid,1,ALGTRACK_0003,4,0.25,1,PRIMARY_ADMITTED_SENSITIVITY_INCLUDED,FINE_GRID_QUANTIZED_VALID,NONE,NONE,AUTHOR_APPROVED_KEEP_FULL_PRIMARY_20260831,1,1,0.25,0.25,0.25,45.1428714864874,0.09531017980432493,3.831742485019963,Mountain/Valley__MID,1,CELL_AND_ENVIRONMENT
F1023_V70_D0117_P2__G11__ch5__nav_sage_v2__ingestion_20260825_event_path_v1__center_643__mp_2,F1023_V70_D0117_P2__G11__ch5__nav_sage_v2__ingestion_20260825_event_path_v1__center_643,F1023_V70_D0117_P2__G11__ch5__nav_sage_v2__ingestion_20260825_event_path_v1,F1023_V70_D0117_P2__G11__ch5__nav_sage_v2,F1023_V70_D0117_P2,G11,643,50.6587616813294,3,2,2.1,-90.1428714864874,-11.0589366989101,3,3,1,11100,2,641;642;643,3,VALID,Mountain/Valley,31,MID,valid,1,ALGTRACK_0004,4,0.25,1,PRIMARY_ADMITTED_SENSITIVITY_INCLUDED,COARSE_GRID_LOCK_CANDIDATE,NONE,NONE,AUTHOR_APPROVED_KEEP_FULL_PRIMARY_20260831,1,1,0.25,0.25,0.25,90.1428714864874,0.7419373447293773,4.512428291664718,Mountain/Valley__MID,1,CELL_AND_ENVIRONMENT
F1023_V70_D0117_P2__G11__ch5__nav_sage_v2__ingestion_20260825_event_path_v1__center_730__mp_1,F1023_V70_D0117_P2__G11__ch5__nav_sage_v2__ingestion_20260825_event_path_v1__center_730,F1023_V70_D0117_P2__G11__ch5__nav_sage_v2__ingestion_20260825_event_path_v1,F1023_V70_D0117_P2__G11__ch5__nav_sage_v2,F1023_V70_D0117_P2,G11,730,52.398765884653,3,1,1.6,54.1572297690009,-10.5281244101325,3,3,1,00111,2,730;731;732,3,VALID,Mountain/Valley,31,MID,valid,1,ALGTRACK_0005,1,1.0,1,PRIMARY_ADMITTED_SENSITIVITY_INCLUDED,COARSE_GRID_LOCK_CANDIDATE,NONE,NONE,AUTHOR_APPROVED_KEEP_FULL_PRIMARY_20260831,1,1,1.0,1,1,54.1572297690009,0.47000362924573563,4.010187829927198,Mountain/Valley__MID,1,CELL_AND_ENVIRONMENT
F1023_V70_D0117_P2__G11__ch5__nav_sage_v2__ingestion_20260825_event_path_v1__center_730__mp_2,F1023_V70_D0117_P2__G11__ch5__nav_sage_v2__ingestion_20260825_event_path_v1__center_730,F1023_V70_D0117_P2__G11__ch5__nav_sage_v2__ingestion_20260825_event_path_v1,F1023_V70_D0117_P2__G11__ch5__nav_sage_v2,F1023_V70_D0117_P2,G11,730,52.398765884653,3,2,2.6,-45.8427702309991,-12.7081716581542,3,3,1,00111,2,730;731;732,3,VALID,Mountain/Valley,31,MID,valid,1,ALGTRACK_0006,1,1.0,1,PRIMARY_ADMITTED_SENSITIVITY_INCLUDED,COARSE_GRID_LOCK_CANDIDATE,NONE,NONE,AUTHOR_APPROVED_KEEP_FULL_PRIMARY_20260831,1,1,1.0,1,1,45.8427702309991,0.9555114450274363,3.846796679401661,Mountain/Valley__MID,1,CELL_AND_ENVIRONMENT
F1023_V70_D0117_P2__G11__ch5__nav_sage_v2__ingestion_20260825_event_path_v1__center_769__mp_1,F1023_V70_D0117_P2__G11__ch5__nav_sage_v2__ingestion_20260825_event_path_v1__center_769,F1023_V70_D0117_P2__G11__ch5__nav_sage_v2__ingestion_20260825_event_path_v1,F1023_V70_D0117_P2__G11__ch5__nav_sage_v2,F1023_V70_D0117_P2,G11,769,53.1787677419355,2,1,1.4,-48.7851766972208,-5.49702832783214,4,4,1,01111,2,768;769;770;771,4,VALID,Mountain/Valley,31,MID,valid,1,ALGTRACK_0007,1,1.0,1,PRIMARY_ADMITTED_SENSITIVITY_INCLUDED,COARSE_GRID_LOCK_CANDIDATE,NONE,NONE,AUTHOR_APPROVED_KEEP_FULL_PRIMARY_20260831,1,1,1.0,1,1,48.7851766972208,0.3364722366212129,3.907717283039751,Mountain/Valley__MID,1,CELL_AND_ENVIRONMENT
F1023_V70_D0117_P2__G12__ch6__nav_sage_v2__ingestion_20260825_event_path_v1__center_651__mp_1,F1023_V70_D0117_P2__G12__ch6__nav_sage_v2__ingestion_20260825_event_path_v1__center_651,F1023_V70_D0117_P2__G12__ch6__nav_sage_v2__ingestion_20260825_event_path_v1,F1023_V70_D0117_P2__G12__ch6__nav_sage_v2,F1023_V70_D0117_P2,G12,651,50.811752688172,3,1,1.1,-45.4889097332352,-0.332247218288244,3,3,1,00111,2,651;652;653,3,VALID,Mountain/Valley,59,MID,valid,1,ALGTRACK_0008,1,1.0,1,PRIMARY_ADMITTED_SENSITIVITY_INCLUDED,FINE_GRID_QUANTIZED_VALID,NONE,NONE,AUTHOR_APPROVED_KEEP_FULL_PRIMARY_20260831,1,1,1.0,1,1,45.4889097332352,0.09531017980432493,3.8392137837870433,Mountain/Valley__MID,1,CELL_AND_ENVIRONMENT
F1023_V70_D0117_P2__G12__ch6__nav_sage_v2__ingestion_20260825_event_path_v1__center_651__mp_2,F1023_V70_D0117_P2__G12__ch6__nav_sage_v2__ingestion_20260825_event_path_v1__center_651,F1023_V70_D0117_P2__G12__ch6__nav_sage_v2__ingestion_20260825_event_path_v1,F1023_V70_D0117_P2__G12__ch6__nav_sage_v2,F1023_V70_D0117_P2,G12,651,50.811752688172,3,2,2.1,-90.4889097332352,-11.2135657944836,3,3,1,00111,2,651;652;653,3,VALID,Mountain/Valley,59,MID,valid,1,ALGTRACK_0009,1,1.0,1,PRIMARY_ADMITTED_SENSITIVITY_INCLUDED,COARSE_GRID_LOCK_CANDIDATE,NONE,NONE,AUTHOR_APPROVED_KEEP_FULL_PRIMARY_20260831,1,1,1.0,1,1,90.4889097332352,0.7419373447293773,4.516217759834289,Mountain/Valley__MID,1,CELL_AND_ENVIRONMENT
F1023_V70_D0117_P2__G12__ch6__nav_sage_v2__ingestion_20260825_event_path_v1__center_970__mp_1,F1023_V70_D0117_P2__G12__ch6__nav_sage_v2__ingestion_20260825_event_path_v1__center_970,F1023_V70_D0117_P2__G12__ch6__nav_sage_v2__ingestion_20260825_event_path_v1,F1023_V70_D0117_P2__G12__ch6__nav_sage_v2,F1023_V70_D0117_P2,G12,970,57.1917811339198,4,1,1.8,54.4273194846846,-4.74040640373085,3,3,1,00111,2,970;971;972,3,VALID,Mountain/Valley,59,MID,valid,1,ALGTRACK_0010,3,0.3333333333333333,1,PRIMARY_ADMITTED_SENSITIVITY_INCLUDED,FINE_GRID_QUANTIZED_VALID,NONE,NONE,AUTHOR_APPROVED_KEEP_FULL_PRIMARY_20260831,1,1,0.3333333333333333,0.333333333333,0.333333333333,54.4273194846846,0.5877866649021191,4.015072603696364,Mountain/Valley__MID,1,CELL_AND_ENVIRONMENT
F1023_V70_D0117_P2__G12__ch6__nav_sage_v2__ingestion_20260825_event_path_v1__center_970__mp_2,F1023_V70_D0117_P2__G12__ch6__nav_sage_v2__ingestion_20260825_event_path_v1__center_970,F1023_V70_D0117_P2__G12__ch6__nav_sage_v2__ingestion_20260825_event_path_v1,F1023_V70_D0117_P2__G12__ch6__nav_sage_v2,F1023_V70_D0117_P2,G12,970,57.1917811339198,4,2,2.8,-45.5726805153154,-10.6120394389896,3,3,1,00111,2,970;971;972,3,VALID,Mountain/Valley,59,MID,valid,1,ALGTRACK_0011,3,0.3333333333333333,1,PRIMARY_ADMITTED_SENSITIVITY_INCLUDED,FINE_GRID_QUANTIZED_VALID,NONE,NONE,AUTHOR_APPROVED_KEEP_FULL_PRIMARY_20260831,1,1,0.3333333333333333,0.333333333333,0.333333333333,45.5726805153154,1.0296194171811581,3.8410141141807723,Mountain/Valley__MID,1,CELL_AND_ENVIRONMENT
F1023_V70_D0117_P2__G12__ch6__nav_sage_v2__ingestion_20260825_event_path_v1__center_970__mp_3,F1023_V70_D0117_P2__G12__ch6__nav_sage_v2__ingestion_20260825_event_path_v1__center_970,F1023_V70_D0117_P2__G12__ch6__nav_sage_v2__ingestion_20260825_event_path_v1,F1023_V70_D0117_P2__G12__ch6__nav_sage_v2,F1023_V70_D0117_P2,G12,970,57.1917811339198,4,3,3.8,99.4273194846846,-13.3141216781399,3,3,1,00111,2,970;971;972,3,VALID,Mountain/Valley,59,MID,valid,1,ALGTRACK_0012,3,0.3333333333333333,1,PRIMARY_ADMITTED_SENSITIVITY_INCLUDED,COARSE_GRID_LOCK_CANDIDATE,NONE,NONE,AUTHOR_APPROVED_KEEP_FULL_PRIMARY_20260831,1,1,0.3333333333333333,0.333333333333,0.333333333333,99.4273194846846,1.33500106673234,4.609434276664552,Mountain/Valley__MID,1,CELL_AND_ENVIRONMENT
F1023_V70_D0117_P2__G12__ch6__nav_sage_v2__ingestion_20260825_event_path_v1__center_971__mp_1,F1023_V70_D0117_P2__G12__ch6__nav_sage_v2__ingestion_20260825_event_path_v1__center_971,F1023_V70_D0117_P2__G12__ch6__nav_sage_v2__ingestion_20260825_event_path_v1,F1023_V70_D0117_P2__G12__ch6__nav_sage_v2,F1023_V70_D0117_P2,G12,971,57.2117812316716,4,1,1.9,49.4002852466374,-3.47422131512007,4,4,1,01111,2,970;971;972;973,4,VALID,Mountain/Valley,59,MID,valid,1,ALGTRACK_0010,3,0.3333333333333333,1,PRIMARY_ADMITTED_SENSITIVITY_INCLUDED,COARSE_GRID_LOCK_CANDIDATE,NONE,NONE,AUTHOR_APPROVED_KEEP_FULL_PRIMARY_20260831,1,1,0.3333333333333333,0.333333333333,0.333333333333,49.4002852466374,0.6418538861723947,3.919996834716811,Mountain/Valley__MID,1,CELL_AND_ENVIRONMENT
F1023_V70_D0117_P2__G12__ch6__nav_sage_v2__ingestion_20260825_event_path_v1__center_971__mp_2,F1023_V70_D0117_P2__G12__ch6__nav_sage_v2__ingestion_20260825_event_path_v1__center_971,F1023_V70_D0117_P2__G12__ch6__nav_sage_v2__ingestion_20260825_event_path_v1,F1023_V70_D0117_P2__G12__ch6__nav_sage_v2,F1023_V70_D0117_P2,G12,971,57.2117812316716,4,2,2.9,-50.5997147533626,-13.1326158480606,4,4,1,01111,2,970;971;972;973,4,VALID,Mountain/Valley,59,MID,valid,1,ALGTRACK_0011,3,0.3333333333333333,1,PRIMARY_ADMITTED_SENSITIVITY_INCLUDED,COARSE_GRID_LOCK_CANDIDATE,NONE,NONE,AUTHOR_APPROVED_KEEP_FULL_PRIMARY_20260831,1,1,0.3333333333333333,0.333333333333,0.333333333333,50.5997147533626,1.0647107369924282,3.9435161444366287,Mountain/Valley__MID,1,CELL_AND_ENVIRONMENT
F1023_V70_D0117_P2__G12__ch6__nav_sage_v2__ingestion_20260825_event_path_v1__center_971__mp_3,F1023_V70_D0117_P2__G12__ch6__nav_sage_v2__ingestion_20260825_event_path_v1__center_971,F1023_V70_D0117_P2__G12__ch6__nav_sage_v2__ingestion_20260825_event_path_v1,F1023_V70_D0117_P2__G12__ch6__nav_sage_v2,F1023_V70_D0117_P2,G12,971,57.2117812316716,4,3,3.9,99.4002852466374,-14.995546694332,3,3,1,01110,2,970;971;972,3,VALID,Mountain/Valley,59,MID,valid,1,ALGTRACK_0012,3,0.3333333333333333,1,PRIMARY_ADMITTED_SENSITIVITY_INCLUDED,COARSE_GRID_LOCK_CANDIDATE,NONE,NONE,AUTHOR_APPROVED_KEEP_FULL_PRIMARY_20260831,1,1,0.3333333333333333,0.333333333333,0.333333333333,99.4002852466374,1.3609765531356006,4.609165048355559,Mountain/Valley__MID,1,CELL_AND_ENVIRONMENT
F1023_V70_D0117_P2__G12__ch6__nav_sage_v2__ingestion_20260825_event_path_v1__center_972__mp_1,F1023_V70_D0117_P2__G12__ch6__nav_sage_v2__ingestion_20260825_event_path_v1__center_972,F1023_V70_D0117_P2__G12__ch6__nav_sage_v2__ingestion_20260825_event_path_v1,F1023_V70_D0117_P2__G12__ch6__nav_sage_v2,F1023_V70_D0117_P2,G12,972,57.2317813294233,4,1,1,49.3732510085902,-5.11126883036109,4,4,1,11110,2,970;971;972;973,4,VALID,Mountain/Valley,59,MID,valid,1,ALGTRACK_0010,3,0.3333333333333333,1,PRIMARY_ADMITTED_SENSITIVITY_INCLUDED,COARSE_GRID_LOCK_CANDIDATE,NONE,NONE,AUTHOR_APPROVED_KEEP_FULL_PRIMARY_20260831,1,1,0.3333333333333333,0.333333333333,0.333333333333,49.3732510085902,0.0,3.9194603002316613,Mountain/Valley__MID,1,CELL_AND_ENVIRONMENT
F1023_V70_D0117_P2__G12__ch6__nav_sage_v2__ingestion_20260825_event_path_v1__center_972__mp_2,F1023_V70_D0117_P2__G12__ch6__nav_sage_v2__ingestion_20260825_event_path_v1__center_972,F1023_V70_D0117_P2__G12__ch6__nav_sage_v2__ingestion_20260825_event_path_v1,F1023_V70_D0117_P2__G12__ch6__nav_sage_v2,F1023_V70_D0117_P2,G12,972,57.2317813294233,4,2,2,-50.6267489914098,-12.7648288295861,4,4,1,11110,2,970;971;972;973,4,VALID,Mountain/Valley,59,MID,valid,1,ALGTRACK_0011,3,0.3333333333333333,1,PRIMARY_ADMITTED_SENSITIVITY_INCLUDED,COARSE_GRID_LOCK_CANDIDATE,NONE,NONE,AUTHOR_APPROVED_KEEP_FULL_PRIMARY_20260831,1,1,0.3333333333333333,0.333333333333,0.333333333333,50.6267489914098,0.6931471805599453,3.944039929475553,Mountain/Valley__MID,1,CELL_AND_ENVIRONMENT
F1023_V70_D0117_P2__G12__ch6__nav_sage_v2__ingestion_20260825_event_path_v1__center_972__mp_3,F1023_V70_D0117_P2__G12__ch6__nav_sage_v2__ingestion_20260825_event_path_v1__center_972,F1023_V70_D0117_P2__G12__ch6__nav_sage_v2__ingestion_20260825_event_path_v1,F1023_V70_D0117_P2__G12__ch6__nav_sage_v2,F1023_V70_D0117_P2,G12,972,57.2317813294233,4,3,3,99.3732510085902,-13.4088386564713,4,4,1,11110,2,970;971;972;973,4,VALID,Mountain/Valley,59,MID,valid,1,ALGTRACK_0012,3,0.3333333333333333,1,PRIMARY_ADMITTED_SENSITIVITY_INCLUDED,COARSE_GRID_LOCK_CANDIDATE,NONE,NONE,AUTHOR_APPROVED_KEEP_FULL_PRIMARY_20260831,1,1,0.3333333333333333,0.333333333333,0.333333333333,99.3732510085902,1.0986122886681098,4.608895747543163,Mountain/Valley__MID,1,CELL_AND_ENVIRONMENT
F1023_V70_D0117_P2__G28__ch1__nav_sage_v2__ingestion_20260825_event_path_v1__center_298__mp_1,F1023_V70_D0117_P2__G28__ch1__nav_sage_v2__ingestion_20260825_event_path_v1__center_298,F1023_V70_D0117_P2__G28__ch1__nav_sage_v2__ingestion_20260825_event_path_v1,F1023_V70_D0117_P2__G28__ch1__nav_sage_v2,F1023_V70_D0117_P2,G28,298,43.7590673509286,2,1,1.6,-55.3356979047153,-6.33416297746319,3,3,1,00111,2,298;299;300,3,VALID,Mountain/Valley,29,LOW,valid,1,ALGTRACK_0013,1,1.0,1,PRIMARY_ADMITTED_SENSITIVITY_INCLUDED,FINE_GRID_QUANTIZED_VALID,NONE,NONE,AUTHOR_APPROVED_KEEP_FULL_PRIMARY_20260831,1,1,1.0,1,1,55.3356979047153,0.47000362924573563,4.03132840001397,Mountain/Valley__LOW,1,CELL_AND_ENVIRONMENT
F1023_V70_D0117_P2__G28__ch1__nav_sage_v2__ingestion_20260825_event_path_v1__center_693__mp_1,F1023_V70_D0117_P2__G28__ch1__nav_sage_v2__ingestion_20260825_event_path_v1__center_693,F1023_V70_D0117_P2__G28__ch1__nav_sage_v2__ingestion_20260825_event_path_v1,F1023_V70_D0117_P2__G28__ch1__nav_sage_v2,F1023_V70_D0117_P2,G28,693,51.6590780058651,3,1,1,-49.4856514822004,-2.02981939618553,3,3,1,01110,2,692;693;694,3,VALID,Mountain/Valley,29,LOW,valid,1,ALGTRACK_0014,1,1.0,1,PRIMARY_ADMITTED_SENSITIVITY_INCLUDED,FINE_GRID_QUANTIZED_VALID,NONE,NONE,AUTHOR_APPROVED_KEEP_FULL_PRIMARY_20260831,1,1,1.0,1,1,49.4856514822004,0.0,3.9216891668436653,Mountain/Valley__LOW,1,CELL_AND_ENVIRONMENT
F1023_V70_D0117_P2__G28__ch1__nav_sage_v2__ingestion_20260825_event_path_v1__center_693__mp_2,F1023_V70_D0117_P2__G28__ch1__nav_sage_v2__ingestion_20260825_event_path_v1__center_693,F1023_V70_D0117_P2__G28__ch1__nav_sage_v2__ingestion_20260825_event_path_v1,F1023_V70_D0117_P2__G28__ch1__nav_sage_v2,F1023_V70_D0117_P2,G28,693,51.6590780058651,3,2,2,-94.4856514822004,-10.0997933159106,3,3,1,01110,2,692;693;694,3,VALID,Mountain/Valley,29,LOW,valid,1,ALGTRACK_0015,1,1.0,1,PRIMARY_ADMITTED_SENSITIVITY_INCLUDED,COARSE_GRID_LOCK_CANDIDATE,NONE,NONE,AUTHOR_APPROVED_KEEP_FULL_PRIMARY_20260831,1,1,1.0,1,1,94.4856514822004,0.6931471805599453,4.558975989938903,Mountain/Valley__LOW,1,CELL_AND_ENVIRONMENT
F1023_V70_D0117_P2__G29__ch7__nav_sage_v2__ingestion_20260825_event_path_v1__center_80__mp_1,F1023_V70_D0117_P2__G29__ch7__nav_sage_v2__ingestion_20260825_event_path_v1__center_80,F1023_V70_D0117_P2__G29__ch7__nav_sage_v2__ingestion_20260825_event_path_v1,F1023_V70_D0117_P2__G29__ch7__nav_sage_v2,F1023_V70_D0117_P2,G29,80,39.3959774193548,2,1,1.5,-15.3356979047153,-15.33792971207,3,3,1,00111,2,80;81;82,3,VALID,Mountain/Valley,41,MID,valid,1,ALGTRACK_0016,1,1.0,1,PRIMARY_ADMITTED_SENSITIVITY_INCLUDED,FINE_GRID_QUANTIZED_VALID,NONE,NONE,AUTHOR_APPROVED_KEEP_FULL_PRIMARY_20260831,1,1,1.0,1,1,15.3356979047153,0.4054651081081644,2.7933527686408457,Mountain/Valley__MID,1,CELL_AND_ENVIRONMENT
F1023_V70_D0117_P2__G32__ch11__nav_sage_v2__ingestion_20260825_event_path_v1__center_82__mp_1,F1023_V70_D0117_P2__G32__ch11__nav_sage_v2__ingestion_20260825_event_path_v1__center_82,F1023_V70_D0117_P2__G32__ch11__nav_sage_v2__ingestion_20260825_event_path_v1,F1023_V70_D0117_P2__G32__ch11__nav_sage_v2,F1023_V70_D0117_P2,G32,82,39.4369887585533,4,1,1.2,54.6643020952852,-3.79270962844949,4,4,1,01111,2,81;82;83;84,4,VALID,Mountain/Valley,36,MID,valid,1,ALGTRACK_0024,3,0.3333333333333333,1,PRIMARY_ADMITTED_SENSITIVITY_INCLUDED,FINE_GRID_QUANTIZED_VALID,NONE,NONE,AUTHOR_APPROVED_KEEP_FULL_PRIMARY_20260831,1,1,0.3333333333333333,0.333333333333,1,54.6643020952852,0.1823215567939546,4.0193390455162525,Mountain/Valley__MID,1,CELL_AND_ENVIRONMENT
F1023_V70_D0117_P2__G32__ch11__nav_sage_v2__ingestion_20260825_event_path_v1__center_82__mp_2,F1023_V70_D0117_P2__G32__ch11__nav_sage_v2__ingestion_20260825_event_path_v1__center_82,F1023_V70_D0117_P2__G32__ch11__nav_sage_v2__ingestion_20260825_event_path_v1,F1023_V70_D0117_P2__G32__ch11__nav_sage_v2,F1023_V70_D0117_P2,G32,82,39.4369887585533,4,2,2.2,-45.3356979047148,-10.1621645159536,3,3,1,00111,2,82;83;84,3,VALID,Mountain/Valley,36,MID,valid,1,ALGTRACK_0025,3,0.3333333333333333,1,PRIMARY_ADMITTED_SENSITIVITY_INCLUDED,FINE_GRID_QUANTIZED_VALID,NONE,NONE,AUTHOR_APPROVED_KEEP_FULL_PRIMARY_20260831,1,1,0.3333333333333333,0.333333333333,1,45.3356979047148,0.7884573603642703,3.835912677075104,Mountain/Valley__MID,1,CELL_AND_ENVIRONMENT
F1023_V70_D0117_P2__G32__ch11__nav_sage_v2__ingestion_20260825_event_path_v1__center_82__mp_3,F1023_V70_D0117_P2__G32__ch11__nav_sage_v2__ingestion_20260825_event_path_v1__center_82,F1023_V70_D0117_P2__G32__ch11__nav_sage_v2__ingestion_20260825_event_path_v1,F1023_V70_D0117_P2__G32__ch11__nav_sage_v2,F1023_V70_D0117_P2,G32,82,39.4369887585533,4,3,3.2,104.664302095285,-14.9212207943622,4,4,1,01111,2,81;82;83;84,4,VALID,Mountain/Valley,36,MID,valid,1,ALGTRACK_0026,3,0.3333333333333333,1,PRIMARY_ADMITTED_SENSITIVITY_INCLUDED,FINE_GRID_QUANTIZED_VALID,NONE,NONE,AUTHOR_APPROVED_KEEP_FULL_PRIMARY_20260831,1,1,0.3333333333333333,0.333333333333,1,104.664302095285,1.1631508098056809,4.660267107311642,Mountain/Valley__MID,1,CELL_AND_ENVIRONMENT
F1023_V70_D0117_P2__G32__ch11__nav_sage_v2__ingestion_20260825_event_path_v1__center_83__mp_1,F1023_V70_D0117_P2__G32__ch11__nav_sage_v2__ingestion_20260825_event_path_v1__center_83,F1023_V70_D0117_P2__G32__ch11__nav_sage_v2__ingestion_20260825_event_path_v1,F1023_V70_D0117_P2__G32__ch11__nav_sage_v2,F1023_V70_D0117_P2,G32,83,39.456988856305,4,1,1.5,49.6643020952852,-4.31328660772873,5,5,1,11111,2,81;82;83;84;85,5,VALID,Mountain/Valley,36,MID,valid,1,ALGTRACK_0024,3,0.3333333333333333,1,PRIMARY_ADMITTED_SENSITIVITY_EXCLUDED,COARSE_GRID_LOCK_CANDIDATE,NONE,EXACT_FOUR_REPEATED_DOPPLER_MODE,AUTHOR_APPROVED_KEEP_FULL_PRIMARY_20260831,1,0,0.3333333333333333,0.333333333333,,49.6643020952852,0.4054651081081644,3.9252215619171245,Mountain/Valley__MID,1,CELL_AND_ENVIRONMENT
F1023_V70_D0117_P2__G32__ch11__nav_sage_v2__ingestion_20260825_event_path_v1__center_83__mp_2,F1023_V70_D0117_P2__G32__ch11__nav_sage_v2__ingestion_20260825_event_path_v1__center_83,F1023_V70_D0117_P2__G32__ch11__nav_sage_v2__ingestion_20260825_event_path_v1,F1023_V70_D0117_P2__G32__ch11__nav_sage_v2,F1023_V70_D0117_P2,G32,83,39.456988856305,4,2,2.5,-50.3356979047148,-11.5139687798105,5,5,1,11111,2,81;82;83;84;85,5,VALID,Mountain/Valley,36,MID,valid,1,ALGTRACK_0025,3,0.3333333333333333,1,PRIMARY_ADMITTED_SENSITIVITY_EXCLUDED,COARSE_GRID_LOCK_CANDIDATE,NONE,EXACT_FOUR_REPEATED_DOPPLER_MODE,AUTHOR_APPROVED_KEEP_FULL_PRIMARY_20260831,1,0,0.3333333333333333,0.333333333333,,50.3356979047148,0.9162907318741551,3.9383863757635083,Mountain/Valley__MID,1,CELL_AND_ENVIRONMENT
F1023_V70_D0117_P2__G32__ch11__nav_sage_v2__ingestion_20260825_event_path_v1__center_83__mp_3,F1023_V70_D0117_P2__G32__ch11__nav_sage_v2__ingestion_20260825_event_path_v1__center_83,F1023_V70_D0117_P2__G32__ch11__nav_sage_v2__ingestion_20260825_event_path_v1,F1023_V70_D0117_P2__G32__ch11__nav_sage_v2,F1023_V70_D0117_P2,G32,83,39.456988856305,4,3,3.5,99.6643020952852,-14.8373739546731,4,4,1,11110,2,81;82;83;84,4,VALID,Mountain/Valley,36,MID,valid,1,ALGTRACK_0026,3,0.3333333333333333,1,PRIMARY_ADMITTED_SENSITIVITY_EXCLUDED,COARSE_GRID_LOCK_CANDIDATE,NONE,EXACT_FOUR_REPEATED_DOPPLER_MODE,AUTHOR_APPROVED_KEEP_FULL_PRIMARY_20260831,1,0,0.3333333333333333,0.333333333333,,99.6643020952852,1.252762968495368,4.611791239311203,Mountain/Valley__MID,1,CELL_AND_ENVIRONMENT
F1023_V70_D0117_P2__G32__ch11__nav_sage_v2__ingestion_20260825_event_path_v1__center_84__mp_1,F1023_V70_D0117_P2__G32__ch11__nav_sage_v2__ingestion_20260825_event_path_v1__center_84,F1023_V70_D0117_P2__G32__ch11__nav_sage_v2__ingestion_20260825_event_path_v1,F1023_V70_D0117_P2__G32__ch11__nav_sage_v2,F1023_V70_D0117_P2,G32,84,39.4769889540567,4,1,1.6,49.6643020952852,-6.41508394313817,5,5,1,11111,2,82;83;84;85;86,5,VALID,Mountain/Valley,36,MID,valid,1,ALGTRACK_0024,3,0.3333333333333333,1,PRIMARY_ADMITTED_SENSITIVITY_EXCLUDED,COARSE_GRID_LOCK_CANDIDATE,NONE,EXACT_FOUR_REPEATED_DOPPLER_MODE,AUTHOR_APPROVED_KEEP_FULL_PRIMARY_20260831,1,0,0.3333333333333333,0.333333333333,,49.6643020952852,0.47000362924573563,3.9252215619171245,Mountain/Valley__MID,1,CELL_AND_ENVIRONMENT
F1023_V70_D0117_P2__G32__ch11__nav_sage_v2__ingestion_20260825_event_path_v1__center_84__mp_2,F1023_V70_D0117_P2__G32__ch11__nav_sage_v2__ingestion_20260825_event_path_v1__center_84,F1023_V70_D0117_P2__G32__ch11__nav_sage_v2__ingestion_20260825_event_path_v1,F1023_V70_D0117_P2__G32__ch11__nav_sage_v2,F1023_V70_D0117_P2,G32,84,39.4769889540567,4,2,2.6,-50.3356979047148,-14.9103769852384,4,4,1,11110,2,82;83;84;85,4,VALID,Mountain/Valley,36,MID,valid,1,ALGTRACK_0025,3,0.3333333333333333,1,PRIMARY_ADMITTED_SENSITIVITY_EXCLUDED,COARSE_GRID_LOCK_CANDIDATE,NONE,EXACT_FOUR_REPEATED_DOPPLER_MODE,AUTHOR_APPROVED_KEEP_FULL_PRIMARY_20260831,1,0,0.3333333333333333,0.333333333333,,50.3356979047148,0.9555114450274363,3.9383863757635083,Mountain/Valley__MID,1,CELL_AND_ENVIRONMENT
F1023_V70_D0117_P2__G32__ch11__nav_sage_v2__ingestion_20260825_event_path_v1__center_84__mp_3,F1023_V70_D0117_P2__G32__ch11__nav_sage_v2__ingestion_20260825_event_path_v1__center_84,F1023_V70_D0117_P2__G32__ch11__nav_sage_v2__ingestion_20260825_event_path_v1,F1023_V70_D0117_P2__G32__ch11__nav_sage_v2,F1023_V70_D0117_P2,G32,84,39.4769889540567,4,3,3.6,99.6643020952852,-16.7833615889531,3,3,1,11100,2,82;83;84,3,VALID,Mountain/Valley,36,MID,valid,1,ALGTRACK_0026,3,0.3333333333333333,1,PRIMARY_ADMITTED_SENSITIVITY_EXCLUDED,COARSE_GRID_LOCK_CANDIDATE,NONE,EXACT_FOUR_REPEATED_DOPPLER_MODE,AUTHOR_APPROVED_KEEP_FULL_PRIMARY_20260831,1,0,0.3333333333333333,0.333333333333,,99.6643020952852,1.2809338454620642,4.611791239311203,Mountain/Valley__MID,1,CELL_AND_ENVIRONMENT
F1023_V70_D0117_P2__G32__ch11__nav_sage_v2__ingestion_20260825_event_path_v1__center_143__mp_1,F1023_V70_D0117_P2__G32__ch11__nav_sage_v2__ingestion_20260825_event_path_v1__center_143,F1023_V70_D0117_P2__G32__ch11__nav_sage_v2__ingestion_20260825_event_path_v1,F1023_V70_D0117_P2__G32__ch11__nav_sage_v2,F1023_V70_D0117_P2,G32,143,40.6569936461388,4,1,1.9,-50.3356979047148,-6.41088972228692,4,3,1,10111,2,141;143;144;145,4,VALID,Mountain/Valley,36,MID,valid,1,ALGTRACK_0017,3,0.3333333333333333,1,PRIMARY_ADMITTED_SENSITIVITY_EXCLUDED,COARSE_GRID_LOCK_CANDIDATE,NONE,EXACT_FOUR_REPEATED_DOPPLER_MODE,AUTHOR_APPROVED_KEEP_FULL_PRIMARY_20260831,1,0,0.3333333333333333,0.333333333333,,50.3356979047148,0.6418538861723947,3.9383863757635083,Mountain/Valley__MID,1,CELL_AND_ENVIRONMENT
F1023_V70_D0117_P2__G32__ch11__nav_sage_v2__ingestion_20260825_event_path_v1__center_143__mp_2,F1023_V70_D0117_P2__G32__ch11__nav_sage_v2__ingestion_20260825_event_path_v1__center_143,F1023_V70_D0117_P2__G32__ch11__nav_sage_v2__ingestion_20260825_event_path_v1,F1023_V70_D0117_P2__G32__ch11__nav_sage_v2,F1023_V70_D0117_P2,G32,143,40.6569936461388,4,2,2.9,49.6643020952852,-14.5686051617606,4,3,1,10111,2,141;143;144;145,4,VALID,Mountain/Valley,36,MID,valid,1,ALGTRACK_0018,3,0.3333333333333333,1,PRIMARY_ADMITTED_SENSITIVITY_EXCLUDED,COARSE_GRID_LOCK_CANDIDATE,NONE,EXACT_FOUR_REPEATED_DOPPLER_MODE,AUTHOR_APPROVED_KEEP_FULL_PRIMARY_20260831,1,0,0.3333333333333333,0.333333333333,,49.6643020952852,1.0647107369924282,3.9252215619171245,Mountain/Valley__MID,1,CELL_AND_ENVIRONMENT
F1023_V70_D0117_P2__G32__ch11__nav_sage_v2__ingestion_20260825_event_path_v1__center_143__mp_3,F1023_V70_D0117_P2__G32__ch11__nav_sage_v2__ingestion_20260825_event_path_v1__center_143,F1023_V70_D0117_P2__G32__ch11__nav_sage_v2__ingestion_20260825_event_path_v1,F1023_V70_D0117_P2__G32__ch11__nav_sage_v2,F1023_V70_D0117_P2,G32,143,40.6569936461388,4,3,3.9,-100.335697904715,-17.3687986087845,4,3,1,10111,2,141;143;144;145,4,VALID,Mountain/Valley,36,MID,valid,1,ALGTRACK_0019,3,0.3333333333333333,1,PRIMARY_ADMITTED_SENSITIVITY_EXCLUDED,COARSE_GRID_LOCK_CANDIDATE,NONE,EXACT_FOUR_REPEATED_DOPPLER_MODE,AUTHOR_APPROVED_KEEP_FULL_PRIMARY_20260831,1,0,0.3333333333333333,0.333333333333,,100.335697904715,1.3609765531356006,4.618438747051868,Mountain/Valley__MID,1,CELL_AND_ENVIRONMENT
F1023_V70_D0117_P2__G32__ch11__nav_sage_v2__ingestion_20260825_event_path_v1__center_144__mp_1,F1023_V70_D0117_P2__G32__ch11__nav_sage_v2__ingestion_20260825_event_path_v1__center_144,F1023_V70_D0117_P2__G32__ch11__nav_sage_v2__ingestion_20260825_event_path_v1,F1023_V70_D0117_P2__G32__ch11__nav_sage_v2,F1023_V70_D0117_P2,G32,144,40.6769937438905,4,1,1.1,-50.3356979047148,-5.53549110597694,4,4,1,01111,2,143;144;145;146,4,VALID,Mountain/Valley,36,MID,valid,1,ALGTRACK_0017,3,0.3333333333333333,1,PRIMARY_ADMITTED_SENSITIVITY_EXCLUDED,COARSE_GRID_LOCK_CANDIDATE,NONE,EXACT_FOUR_REPEATED_DOPPLER_MODE,AUTHOR_APPROVED_KEEP_FULL_PRIMARY_20260831,1,0,0.3333333333333333,0.333333333333,,50.3356979047148,0.09531017980432493,3.9383863757635083,Mountain/Valley__MID,1,CELL_AND_ENVIRONMENT
F1023_V70_D0117_P2__G32__ch11__nav_sage_v2__ingestion_20260825_event_path_v1__center_144__mp_2,F1023_V70_D0117_P2__G32__ch11__nav_sage_v2__ingestion_20260825_event_path_v1__center_144,F1023_V70_D0117_P2__G32__ch11__nav_sage_v2__ingestion_20260825_event_path_v1,F1023_V70_D0117_P2__G32__ch11__nav_sage_v2,F1023_V70_D0117_P2,G32,144,40.6769937438905,4,2,2.1,49.6643020952852,-13.084267076431,4,4,1,01111,2,143;144;145;146,4,VALID,Mountain/Valley,36,MID,valid,1,ALGTRACK_0018,3,0.3333333333333333,1,PRIMARY_ADMITTED_SENSITIVITY_EXCLUDED,COARSE_GRID_LOCK_CANDIDATE,NONE,EXACT_FOUR_REPEATED_DOPPLER_MODE,AUTHOR_APPROVED_KEEP_FULL_PRIMARY_20260831,1,0,0.3333333333333333,0.333333333333,,49.6643020952852,0.7419373447293773,3.9252215619171245,Mountain/Valley__MID,1,CELL_AND_ENVIRONMENT
F1023_V70_D0117_P2__G32__ch11__nav_sage_v2__ingestion_20260825_event_path_v1__center_144__mp_3,F1023_V70_D0117_P2__G32__ch11__nav_sage_v2__ingestion_20260825_event_path_v1__center_144,F1023_V70_D0117_P2__G32__ch11__nav_sage_v2__ingestion_20260825_event_path_v1,F1023_V70_D0117_P2__G32__ch11__nav_sage_v2,F1023_V70_D0117_P2,G32,144,40.6769937438905,4,3,3.1,-100.335697904715,-14.6706052719401,3,3,1,01110,2,143;144;145,3,VALID,Mountain/Valley,36,MID,valid,1,ALGTRACK_0019,3,0.3333333333333333,1,PRIMARY_ADMITTED_SENSITIVITY_EXCLUDED,COARSE_GRID_LOCK_CANDIDATE,NONE,EXACT_FOUR_REPEATED_DOPPLER_MODE,AUTHOR_APPROVED_KEEP_FULL_PRIMARY_20260831,1,0,0.3333333333333333,0.333333333333,,100.335697904715,1.1314021114911006,4.618438747051868,Mountain/Valley__MID,1,CELL_AND_ENVIRONMENT
F1023_V70_D0117_P2__G32__ch11__nav_sage_v2__ingestion_20260825_event_path_v1__center_145__mp_1,F1023_V70_D0117_P2__G32__ch11__nav_sage_v2__ingestion_20260825_event_path_v1__center_145,F1023_V70_D0117_P2__G32__ch11__nav_sage_v2__ingestion_20260825_event_path_v1,F1023_V70_D0117_P2__G32__ch11__nav_sage_v2,F1023_V70_D0117_P2,G32,145,40.6969937438905,4,1,1.4,-50.3356979047148,-5.74925345844575,5,5,1,11111,2,143;144;145;146;147,5,VALID,Mountain/Valley,36,MID,valid,1,ALGTRACK_0017,3,0.3333333333333333,1,PRIMARY_ADMITTED_SENSITIVITY_EXCLUDED,COARSE_GRID_LOCK_CANDIDATE,NONE,EXACT_FOUR_REPEATED_DOPPLER_MODE,AUTHOR_APPROVED_KEEP_FULL_PRIMARY_20260831,1,0,0.3333333333333333,0.333333333333,,50.3356979047148,0.3364722366212129,3.9383863757635083,Mountain/Valley__MID,1,CELL_AND_ENVIRONMENT
F1023_V70_D0117_P2__G32__ch11__nav_sage_v2__ingestion_20260825_event_path_v1__center_145__mp_2,F1023_V70_D0117_P2__G32__ch11__nav_sage_v2__ingestion_20260825_event_path_v1__center_145,F1023_V70_D0117_P2__G32__ch11__nav_sage_v2__ingestion_20260825_event_path_v1,F1023_V70_D0117_P2__G32__ch11__nav_sage_v2,F1023_V70_D0117_P2,G32,145,40.6969937438905,4,2,2.4,49.6643020952852,-12.4068973631397,4,4,1,11110,2,143;144;145;146,4,VALID,Mountain/Valley,36,MID,valid,1,ALGTRACK_0018,3,0.3333333333333333,1,PRIMARY_ADMITTED_SENSITIVITY_EXCLUDED,COARSE_GRID_LOCK_CANDIDATE,NONE,EXACT_FOUR_REPEATED_DOPPLER_MODE,AUTHOR_APPROVED_KEEP_FULL_PRIMARY_20260831,1,0,0.3333333333333333,0.333333333333,,49.6643020952852,0.8754687373538999,3.9252215619171245,Mountain/Valley__MID,1,CELL_AND_ENVIRONMENT
F1023_V70_D0117_P2__G32__ch11__nav_sage_v2__ingestion_20260825_event_path_v1__center_145__mp_3,F1023_V70_D0117_P2__G32__ch11__nav_sage_v2__ingestion_20260825_event_path_v1__center_145,F1023_V70_D0117_P2__G32__ch11__nav_sage_v2__ingestion_20260825_event_path_v1,F1023_V70_D0117_P2__G32__ch11__nav_sage_v2,F1023_V70_D0117_P2,G32,145,40.6969937438905,4,3,3.4,-100.335697904715,-15.0994524695284,3,3,1,11100,2,143;144;145,3,VALID,Mountain/Valley,36,MID,valid,1,ALGTRACK_0019,3,0.3333333333333333,1,PRIMARY_ADMITTED_SENSITIVITY_EXCLUDED,COARSE_GRID_LOCK_CANDIDATE,NONE,EXACT_FOUR_REPEATED_DOPPLER_MODE,AUTHOR_APPROVED_KEEP_FULL_PRIMARY_20260831,1,0,0.3333333333333333,0.333333333333,,100.335697904715,1.2237754316221157,4.618438747051868,Mountain/Valley__MID,1,CELL_AND_ENVIRONMENT
F1023_V70_D0117_P2__G32__ch11__nav_sage_v2__ingestion_20260825_event_path_v1__center_347__mp_1,F1023_V70_D0117_P2__G32__ch11__nav_sage_v2__ingestion_20260825_event_path_v1__center_347,F1023_V70_D0117_P2__G32__ch11__nav_sage_v2__ingestion_20260825_event_path_v1,F1023_V70_D0117_P2__G32__ch11__nav_sage_v2,F1023_V70_D0117_P2,G32,347,44.7370097751711,2,1,1.9,-107.353948767179,-18.581652241303,3,3,1,00111,2,347;348;349,3,VALID,Mountain/Valley,36,MID,valid,1,ALGTRACK_0020,2,0.5,1,PRIMARY_ADMITTED_SENSITIVITY_INCLUDED,COARSE_GRID_LOCK_CANDIDATE,NONE,NONE,AUTHOR_APPROVED_KEEP_FULL_PRIMARY_20260831,1,1,0.5,0.5,0.5,107.353948767179,0.6418538861723947,4.685403171870003,Mountain/Valley__MID,1,CELL_AND_ENVIRONMENT
F1023_V70_D0117_P2__G32__ch11__nav_sage_v2__ingestion_20260825_event_path_v1__center_349__mp_1,F1023_V70_D0117_P2__G32__ch11__nav_sage_v2__ingestion_20260825_event_path_v1__center_349,F1023_V70_D0117_P2__G32__ch11__nav_sage_v2__ingestion_20260825_event_path_v1,F1023_V70_D0117_P2__G32__ch11__nav_sage_v2,F1023_V70_D0117_P2,G32,349,44.7770098729228,2,1,1.5,-94.48781423338,-18.9583806839315,3,3,1,11100,2,347;348;349,3,VALID,Mountain/Valley,36,MID,valid,1,ALGTRACK_0020,2,0.5,1,PRIMARY_ADMITTED_SENSITIVITY_INCLUDED,COARSE_GRID_LOCK_CANDIDATE,NONE,NONE,AUTHOR_APPROVED_KEEP_FULL_PRIMARY_20260831,1,1,0.5,0.5,0.5,94.48781423338,0.4054651081081644,4.5589986396946856,Mountain/Valley__MID,1,CELL_AND_ENVIRONMENT
F1023_V70_D0117_P2__G32__ch11__nav_sage_v2__ingestion_20260825_event_path_v1__center_759__mp_1,F1023_V70_D0117_P2__G32__ch11__nav_sage_v2__ingestion_20260825_event_path_v1__center_759,F1023_V70_D0117_P2__G32__ch11__nav_sage_v2__ingestion_20260825_event_path_v1,F1023_V70_D0117_P2__G32__ch11__nav_sage_v2,F1023_V70_D0117_P2,G32,759,52.977042228739,4,1,1,-52.3902100156283,-2.94313035465148,3,3,1,00111,2,759;760;761,3,VALID,Mountain/Valley,36,MID,valid,1,ALGTRACK_0021,3,0.3333333333333333,1,PRIMARY_ADMITTED_SENSITIVITY_INCLUDED,FINE_GRID_QUANTIZED_VALID,NONE,NONE,AUTHOR_APPROVED_KEEP_FULL_PRIMARY_20260831,1,1,0.3333333333333333,0.333333333333,0.333333333333,52.3902100156283,0.0,3.9776273961179243,Mountain/Valley__MID,1,CELL_AND_ENVIRONMENT
F1023_V70_D0117_P2__G32__ch11__nav_sage_v2__ingestion_20260825_event_path_v1__center_759__mp_2,F1023_V70_D0117_P2__G32__ch11__nav_sage_v2__ingestion_20260825_event_path_v1__center_759,F1023_V70_D0117_P2__G32__ch11__nav_sage_v2__ingestion_20260825_event_path_v1,F1023_V70_D0117_P2__G32__ch11__nav_sage_v2,F1023_V70_D0117_P2,G32,759,52.977042228739,4,2,2,47.6097899843717,-10.9981114666958,4,4,1,01111,2,758;759;760;761,4,VALID,Mountain/Valley,36,MID,valid,1,ALGTRACK_0022,3,0.3333333333333333,1,PRIMARY_ADMITTED_SENSITIVITY_INCLUDED,FINE_GRID_QUANTIZED_VALID,NONE,NONE,AUTHOR_APPROVED_KEEP_FULL_PRIMARY_20260831,1,1,0.3333333333333333,0.333333333333,0.333333333333,47.6097899843717,0.6931471805599453,3.883824950627782,Mountain/Valley__MID,1,CELL_AND_ENVIRONMENT
F1023_V70_D0117_P2__G32__ch11__nav_sage_v2__ingestion_20260825_event_path_v1__center_759__mp_3,F1023_V70_D0117_P2__G32__ch11__nav_sage_v2__ingestion_20260825_event_path_v1__center_759,F1023_V70_D0117_P2__G32__ch11__nav_sage_v2__ingestion_20260825_event_path_v1,F1023_V70_D0117_P2__G32__ch11__nav_sage_v2,F1023_V70_D0117_P2,G32,759,52.977042228739,4,3,3,-97.3902100156283,-12.5976697699996,3,3,1,00111,2,759;760;761,3,VALID,Mountain/Valley,36,MID,valid,1,ALGTRACK_0023,3,0.3333333333333333,1,PRIMARY_ADMITTED_SENSITIVITY_INCLUDED,COARSE_GRID_LOCK_CANDIDATE,NONE,NONE,AUTHOR_APPROVED_KEEP_FULL_PRIMARY_20260831,1,1,0.3333333333333333,0.333333333333,0.333333333333,97.3902100156283,1.0986122886681098,4.5889413073974845,Mountain/Valley__MID,1,CELL_AND_ENVIRONMENT
F1023_V70_D0117_P2__G32__ch11__nav_sage_v2__ingestion_20260825_event_path_v1__center_760__mp_1,F1023_V70_D0117_P2__G32__ch11__nav_sage_v2__ingestion_20260825_event_path_v1__center_760,F1023_V70_D0117_P2__G32__ch11__nav_sage_v2__ingestion_20260825_event_path_v1,F1023_V70_D0117_P2__G32__ch11__nav_sage_v2,F1023_V70_D0117_P2,G32,760,52.9970423264907,4,1,1.3,-52.5297066839503,-4.52224384955984,3,3,1,01110,2,759;760;761,3,VALID,Mountain/Valley,36,MID,valid,1,ALGTRACK_0021,3,0.3333333333333333,1,PRIMARY_ADMITTED_SENSITIVITY_INCLUDED,FINE_GRID_QUANTIZED_VALID,NONE,NONE,AUTHOR_APPROVED_KEEP_FULL_PRIMARY_20260831,1,1,0.3333333333333333,0.333333333333,0.333333333333,52.5297066839503,0.26236426446749106,3.980236764919893,Mountain/Valley__MID,1,CELL_AND_ENVIRONMENT
F1023_V70_D0117_P2__G32__ch11__nav_sage_v2__ingestion_20260825_event_path_v1__center_760__mp_2,F1023_V70_D0117_P2__G32__ch11__nav_sage_v2__ingestion_20260825_event_path_v1__center_760,F1023_V70_D0117_P2__G32__ch11__nav_sage_v2__ingestion_20260825_event_path_v1,F1023_V70_D0117_P2__G32__ch11__nav_sage_v2,F1023_V70_D0117_P2,G32,760,52.9970423264907,4,2,2.3,52.4702933160497,-12.057662161147,4,4,1,11110,2,758;759;760;761,4,VALID,Mountain/Valley,36,MID,valid,1,ALGTRACK_0022,3,0.3333333333333333,1,PRIMARY_ADMITTED_SENSITIVITY_INCLUDED,COARSE_GRID_LOCK_CANDIDATE,NONE,NONE,AUTHOR_APPROVED_KEEP_FULL_PRIMARY_20260831,1,1,0.3333333333333333,0.333333333333,0.333333333333,52.4702933160497,0.8329091229351039,3.979126234564627,Mountain/Valley__MID,1,CELL_AND_ENVIRONMENT
F1023_V70_D0117_P2__G32__ch11__nav_sage_v2__ingestion_20260825_event_path_v1__center_760__mp_3,F1023_V70_D0117_P2__G32__ch11__nav_sage_v2__ingestion_20260825_event_path_v1__center_760,F1023_V70_D0117_P2__G32__ch11__nav_sage_v2__ingestion_20260825_event_path_v1,F1023_V70_D0117_P2__G32__ch11__nav_sage_v2,F1023_V70_D0117_P2,G32,760,52.9970423264907,4,3,3.3,-97.5297066839503,-13.2443294449171,3,3,1,01110,2,759;760;761,3,VALID,Mountain/Valley,36,MID,valid,1,ALGTRACK_0023,3,0.3333333333333333,1,PRIMARY_ADMITTED_SENSITIVITY_INCLUDED,COARSE_GRID_LOCK_CANDIDATE,NONE,NONE,AUTHOR_APPROVED_KEEP_FULL_PRIMARY_20260831,1,1,0.3333333333333333,0.333333333333,0.333333333333,97.5297066839503,1.1939224684724346,4.590358093408713,Mountain/Valley__MID,1,CELL_AND_ENVIRONMENT
F1023_V70_D0117_P2__G32__ch11__nav_sage_v2__ingestion_20260825_event_path_v1__center_761__mp_1,F1023_V70_D0117_P2__G32__ch11__nav_sage_v2__ingestion_20260825_event_path_v1__center_761,F1023_V70_D0117_P2__G32__ch11__nav_sage_v2__ingestion_20260825_event_path_v1,F1023_V70_D0117_P2__G32__ch11__nav_sage_v2,F1023_V70_D0117_P2,G32,761,53.0170424242424,4,1,1.6,-47.6692033514601,-4.35296512415498,3,3,1,11100,2,759;760;761,3,VALID,Mountain/Valley,36,MID,valid,1,ALGTRACK_0021,3,0.3333333333333333,1,PRIMARY_ADMITTED_SENSITIVITY_INCLUDED,COARSE_GRID_LOCK_CANDIDATE,NONE,NONE,AUTHOR_APPROVED_KEEP_FULL_PRIMARY_20260831,1,1,0.3333333333333333,0.333333333333,0.333333333333,47.6692033514601,0.47000362924573563,3.885046455341975,Mountain/Valley__MID,1,CELL_AND_ENVIRONMENT
F1023_V70_D0117_P2__G32__ch11__nav_sage_v2__ingestion_20260825_event_path_v1__center_761__mp_2,F1023_V70_D0117_P2__G32__ch11__nav_sage_v2__ingestion_20260825_event_path_v1__center_761,F1023_V70_D0117_P2__G32__ch11__nav_sage_v2__ingestion_20260825_event_path_v1,F1023_V70_D0117_P2__G32__ch11__nav_sage_v2,F1023_V70_D0117_P2,G32,761,53.0170424242424,4,2,2.6,52.3307966485399,-12.3742885348742,3,3,1,11100,2,759;760;761,3,VALID,Mountain/Valley,36,MID,valid,1,ALGTRACK_0022,3,0.3333333333333333,1,PRIMARY_ADMITTED_SENSITIVITY_INCLUDED,COARSE_GRID_LOCK_CANDIDATE,NONE,NONE,AUTHOR_APPROVED_KEEP_FULL_PRIMARY_20260831,1,1,0.3333333333333333,0.333333333333,0.333333333333,52.3307966485399,0.9555114450274363,3.9765139625946926,Mountain/Valley__MID,1,CELL_AND_ENVIRONMENT
F1023_V70_D0117_P2__G32__ch11__nav_sage_v2__ingestion_20260825_event_path_v1__center_761__mp_3,F1023_V70_D0117_P2__G32__ch11__nav_sage_v2__ingestion_20260825_event_path_v1__center_761,F1023_V70_D0117_P2__G32__ch11__nav_sage_v2__ingestion_20260825_event_path_v1,F1023_V70_D0117_P2__G32__ch11__nav_sage_v2,F1023_V70_D0117_P2,G32,761,53.0170424242424,4,3,3.6,-97.6692033514601,-16.4728554842188,3,3,1,11100,2,759;760;761,3,VALID,Mountain/Valley,36,MID,valid,1,ALGTRACK_0023,3,0.3333333333333333,1,PRIMARY_ADMITTED_SENSITIVITY_INCLUDED,COARSE_GRID_LOCK_CANDIDATE,NONE,NONE,AUTHOR_APPROVED_KEEP_FULL_PRIMARY_20260831,1,1,0.3333333333333333,0.333333333333,0.333333333333,97.6692033514601,1.2809338454620642,4.59177287496864,Mountain/Valley__MID,1,CELL_AND_ENVIRONMENT
F1023_V70_D0117_P4__G25__ch7__nav_sage_v2__ingestion_20260825_event_path_v1__center_347__mp_1,F1023_V70_D0117_P4__G25__ch7__nav_sage_v2__ingestion_20260825_event_path_v1__center_347,F1023_V70_D0117_P4__G25__ch7__nav_sage_v2__ingestion_20260825_event_path_v1,F1023_V70_D0117_P4__G25__ch7__nav_sage_v2,F1023_V70_D0117_P4,G25,347,53.6837349951124,4,1,1.7,-49.5039235231416,-4.52724414405396,4,4,1,01111,2,346;347;348;349,4,VALID,Mountain/Valley,83,HIGH,valid,1,ALGTRACK_0027,4,0.25,1,PRIMARY_ADMITTED_SENSITIVITY_INCLUDED,COARSE_GRID_LOCK_CANDIDATE,NONE,NONE,AUTHOR_APPROVED_KEEP_FULL_PRIMARY_20260831,1,1,0.25,0.25,0.25,49.5039235231416,0.5306282510621704,3.922051026790885,Mountain/Valley__HIGH,1,CELL_AND_ENVIRONMENT
F1023_V70_D0117_P4__G25__ch7__nav_sage_v2__ingestion_20260825_event_path_v1__center_347__mp_2,F1023_V70_D0117_P4__G25__ch7__nav_sage_v2__ingestion_20260825_event_path_v1__center_347,F1023_V70_D0117_P4__G25__ch7__nav_sage_v2__ingestion_20260825_event_path_v1,F1023_V70_D0117_P4__G25__ch7__nav_sage_v2,F1023_V70_D0117_P4,G25,347,53.6837349951124,4,2,2.7,-99.5039235231416,-14.6378299681221,3,3,1,00111,2,347;348;349,3,VALID,Mountain/Valley,83,HIGH,valid,1,ALGTRACK_0028,4,0.25,1,PRIMARY_ADMITTED_SENSITIVITY_INCLUDED,COARSE_GRID_LOCK_CANDIDATE,NONE,NONE,AUTHOR_APPROVED_KEEP_FULL_PRIMARY_20260831,1,1,0.25,0.25,0.25,99.5039235231416,0.9932517730102834,4.610196766768348,Mountain/Valley__HIGH,1,CELL_AND_ENVIRONMENT
F1023_V70_D0117_P4__G25__ch7__nav_sage_v2__ingestion_20260825_event_path_v1__center_347__mp_3,F1023_V70_D0117_P4__G25__ch7__nav_sage_v2__ingestion_20260825_event_path_v1__center_347,F1023_V70_D0117_P4__G25__ch7__nav_sage_v2__ingestion_20260825_event_path_v1,F1023_V70_D0117_P4__G25__ch7__nav_sage_v2,F1023_V70_D0117_P4,G25,347,53.6837349951124,4,3,3.7,50.4960764768584,-16.3940129976109,3,3,1,00111,2,347;348;349,3,VALID,Mountain/Valley,83,HIGH,valid,1,ALGTRACK_0029,4,0.25,1,PRIMARY_ADMITTED_SENSITIVITY_INCLUDED,COARSE_GRID_LOCK_CANDIDATE,NONE,NONE,AUTHOR_APPROVED_KEEP_FULL_PRIMARY_20260831,1,1,0.25,0.25,0.25,50.4960764768584,1.308332819650179,3.9415056198521015,Mountain/Valley__HIGH,1,CELL_AND_ENVIRONMENT
F1023_V70_D0117_P4__G25__ch7__nav_sage_v2__ingestion_20260825_event_path_v1__center_348__mp_1,F1023_V70_D0117_P4__G25__ch7__nav_sage_v2__ingestion_20260825_event_path_v1__center_348,F1023_V70_D0117_P4__G25__ch7__nav_sage_v2__ingestion_20260825_event_path_v1,F1023_V70_D0117_P4__G25__ch7__nav_sage_v2,F1023_V70_D0117_P4,G25,348,53.7037350928641,4,1,1.8,-49.630443756465,-5.22026570865917,5,5,1,11111,2,346;347;348;349;350,5,VALID,Mountain/Valley,83,HIGH,valid,1,ALGTRACK_0027,4,0.25,1,PRIMARY_ADMITTED_SENSITIVITY_INCLUDED,COARSE_GRID_LOCK_CANDIDATE,NONE,NONE,AUTHOR_APPROVED_KEEP_FULL_PRIMARY_20260831,1,1,0.25,0.25,0.25,49.630443756465,0.5877866649021191,3.9245530506375617,Mountain/Valley__HIGH,1,CELL_AND_ENVIRONMENT
F1023_V70_D0117_P4__G25__ch7__nav_sage_v2__ingestion_20260825_event_path_v1__center_348__mp_2,F1023_V70_D0117_P4__G25__ch7__nav_sage_v2__ingestion_20260825_event_path_v1__center_348,F1023_V70_D0117_P4__G25__ch7__nav_sage_v2__ingestion_20260825_event_path_v1,F1023_V70_D0117_P4__G25__ch7__nav_sage_v2,F1023_V70_D0117_P4,G25,348,53.7037350928641,4,2,2.8,50.369556243535,-14.414071099259,5,5,1,11111,2,346;347;348;349;350,5,VALID,Mountain/Valley,83,HIGH,valid,1,ALGTRACK_0028,4,0.25,1,PRIMARY_ADMITTED_SENSITIVITY_INCLUDED,COARSE_GRID_LOCK_CANDIDATE,NONE,NONE,AUTHOR_APPROVED_KEEP_FULL_PRIMARY_20260831,1,1,0.25,0.25,0.25,50.369556243535,1.0296194171811581,3.9390457060057154,Mountain/Valley__HIGH,1,CELL_AND_ENVIRONMENT
F1023_V70_D0117_P4__G25__ch7__nav_sage_v2__ingestion_20260825_event_path_v1__center_348__mp_3,F1023_V70_D0117_P4__G25__ch7__nav_sage_v2__ingestion_20260825_event_path_v1__center_348,F1023_V70_D0117_P4__G25__ch7__nav_sage_v2__ingestion_20260825_event_path_v1,F1023_V70_D0117_P4__G25__ch7__nav_sage_v2,F1023_V70_D0117_P4,G25,348,53.7037350928641,4,3,3.8,-99.630443756465,-16.4628608723272,4,4,1,01111,2,347;348;349;350,4,VALID,Mountain/Valley,83,HIGH,valid,1,ALGTRACK_0029,4,0.25,1,PRIMARY_ADMITTED_SENSITIVITY_INCLUDED,COARSE_GRID_LOCK_CANDIDATE,NONE,NONE,AUTHOR_APPROVED_KEEP_FULL_PRIMARY_20260831,1,1,0.25,0.25,0.25,99.630443756465,1.33500106673234,4.611454833718536,Mountain/Valley__HIGH,1,CELL_AND_ENVIRONMENT
F1023_V70_D0117_P4__G25__ch7__nav_sage_v2__ingestion_20260825_event_path_v1__center_349__mp_1,F1023_V70_D0117_P4__G25__ch7__nav_sage_v2__ingestion_20260825_event_path_v1__center_349,F1023_V70_D0117_P4__G25__ch7__nav_sage_v2__ingestion_20260825_event_path_v1,F1023_V70_D0117_P4__G25__ch7__nav_sage_v2,F1023_V70_D0117_P4,G25,349,53.7237350928641,4,1,1.4,-54.7569639905241,-5.530927527243,4,4,1,11110,2,347;348;349;350,4,VALID,Mountain/Valley,83,HIGH,valid,1,ALGTRACK_0027,4,0.25,1,PRIMARY_ADMITTED_SENSITIVITY_INCLUDED,FINE_GRID_QUANTIZED_VALID,NONE,NONE,AUTHOR_APPROVED_KEEP_FULL_PRIMARY_20260831,1,1,0.25,0.25,0.25,54.7569639905241,0.3364722366212129,4.02100231716728,Mountain/Valley__HIGH,1,CELL_AND_ENVIRONMENT
F1023_V70_D0117_P4__G25__ch7__nav_sage_v2__ingestion_20260825_event_path_v1__center_349__mp_2,F1023_V70_D0117_P4__G25__ch7__nav_sage_v2__ingestion_20260825_event_path_v1__center_349,F1023_V70_D0117_P4__G25__ch7__nav_sage_v2__ingestion_20260825_event_path_v1,F1023_V70_D0117_P4__G25__ch7__nav_sage_v2,F1023_V70_D0117_P4,G25,349,53.7237350928641,4,2,2.4,-99.7569639905241,-11.0251599986328,4,4,1,11110,2,347;348;349;350,4,VALID,Mountain/Valley,83,HIGH,valid,1,ALGTRACK_0028,4,0.25,1,PRIMARY_ADMITTED_SENSITIVITY_INCLUDED,COARSE_GRID_LOCK_CANDIDATE,NONE,NONE,AUTHOR_APPROVED_KEEP_FULL_PRIMARY_20260831,1,1,0.25,0.25,0.25,99.7569639905241,0.8754687373538999,4.612711319932048,Mountain/Valley__HIGH,1,CELL_AND_ENVIRONMENT
F1023_V70_D0117_P4__G25__ch7__nav_sage_v2__ingestion_20260825_event_path_v1__center_349__mp_3,F1023_V70_D0117_P4__G25__ch7__nav_sage_v2__ingestion_20260825_event_path_v1__center_349,F1023_V70_D0117_P4__G25__ch7__nav_sage_v2__ingestion_20260825_event_path_v1,F1023_V70_D0117_P4__G25__ch7__nav_sage_v2,F1023_V70_D0117_P4,G25,349,53.7237350928641,4,3,3.4,50.2430360094759,-12.5435346255179,4,4,1,11110,2,347;348;349;350,4,VALID,Mountain/Valley,83,HIGH,valid,1,ALGTRACK_0029,4,0.25,1,PRIMARY_ADMITTED_SENSITIVITY_INCLUDED,COARSE_GRID_LOCK_CANDIDATE,NONE,NONE,AUTHOR_APPROVED_KEEP_FULL_PRIMARY_20260831,1,1,0.25,0.25,0.25,50.2430360094759,1.2237754316221157,3.936579726043688,Mountain/Valley__HIGH,1,CELL_AND_ENVIRONMENT
F1023_V70_D0117_P4__G25__ch7__nav_sage_v2__ingestion_20260825_event_path_v1__center_350__mp_1,F1023_V70_D0117_P4__G25__ch7__nav_sage_v2__ingestion_20260825_event_path_v1__center_350,F1023_V70_D0117_P4__G25__ch7__nav_sage_v2__ingestion_20260825_event_path_v1,F1023_V70_D0117_P4__G25__ch7__nav_sage_v2,F1023_V70_D0117_P4,G25,350,53.7437351906158,4,1,1.3,-49.8834842245833,-3.33311778182636,3,3,1,11100,2,348;349;350,3,VALID,Mountain/Valley,83,HIGH,valid,1,ALGTRACK_0027,4,0.25,1,PRIMARY_ADMITTED_SENSITIVITY_INCLUDED,COARSE_GRID_LOCK_CANDIDATE,NONE,NONE,AUTHOR_APPROVED_KEEP_FULL_PRIMARY_20260831,1,1,0.25,0.25,0.25,49.8834842245833,0.26236426446749106,3.9295383959440167,Mountain/Valley__HIGH,1,CELL_AND_ENVIRONMENT
F1023_V70_D0117_P4__G25__ch7__nav_sage_v2__ingestion_20260825_event_path_v1__center_350__mp_2,F1023_V70_D0117_P4__G25__ch7__nav_sage_v2__ingestion_20260825_event_path_v1__center_350,F1023_V70_D0117_P4__G25__ch7__nav_sage_v2__ingestion_20260825_event_path_v1,F1023_V70_D0117_P4__G25__ch7__nav_sage_v2,F1023_V70_D0117_P4,G25,350,53.7437351906158,4,2,2.3,50.1165157754167,-12.0680487840978,3,3,1,11100,2,348;349;350,3,VALID,Mountain/Valley,83,HIGH,valid,1,ALGTRACK_0028,4,0.25,1,PRIMARY_ADMITTED_SENSITIVITY_INCLUDED,COARSE_GRID_LOCK_CANDIDATE,NONE,NONE,AUTHOR_APPROVED_KEEP_FULL_PRIMARY_20260831,1,1,0.25,0.25,0.25,50.1165157754167,0.8329091229351039,3.934107649988545,Mountain/Valley__HIGH,1,CELL_AND_ENVIRONMENT
F1023_V70_D0117_P4__G25__ch7__nav_sage_v2__ingestion_20260825_event_path_v1__center_350__mp_3,F1023_V70_D0117_P4__G25__ch7__nav_sage_v2__ingestion_20260825_event_path_v1__center_350,F1023_V70_D0117_P4__G25__ch7__nav_sage_v2__ingestion_20260825_event_path_v1,F1023_V70_D0117_P4__G25__ch7__nav_sage_v2,F1023_V70_D0117_P4,G25,350,53.7437351906158,4,3,3.3,-99.8834842245833,-13.2057312907268,3,3,1,11100,2,348;349;350,3,VALID,Mountain/Valley,83,HIGH,valid,1,ALGTRACK_0029,4,0.25,1,PRIMARY_ADMITTED_SENSITIVITY_INCLUDED,COARSE_GRID_LOCK_CANDIDATE,NONE,NONE,AUTHOR_APPROVED_KEEP_FULL_PRIMARY_20260831,1,1,0.25,0.25,0.25,99.8834842245833,1.1939224684724346,4.6139662293689465,Mountain/Valley__HIGH,1,CELL_AND_ENVIRONMENT
F1023_V70_D0117_P4__G28__ch6__nav_sage_v2__ingestion_20260825_event_path_v1__center_18__mp_1,F1023_V70_D0117_P4__G28__ch6__nav_sage_v2__ingestion_20260825_event_path_v1__center_18,F1023_V70_D0117_P4__G28__ch6__nav_sage_v2__ingestion_20260825_event_path_v1,F1023_V70_D0117_P4__G28__ch6__nav_sage_v2,F1023_V70_D0117_P4,G28,18,47.1113903225806,3,1,1.4,49.6643020952847,-4.42153917382763,3,3,1,11100,2,16;17;18,3,VALID,Mountain/Valley,42,MID,valid,1,ALGTRACK_0030,1,1.0,1,PRIMARY_ADMITTED_SENSITIVITY_EXCLUDED,COARSE_GRID_LOCK_CANDIDATE,NONE,EXACT_FOUR_REPEATED_DOPPLER_MODE,AUTHOR_APPROVED_KEEP_FULL_PRIMARY_20260831,1,0,1.0,1,,49.6643020952847,0.3364722366212129,3.9252215619171142,Mountain/Valley__MID,1,CELL_AND_ENVIRONMENT
F1023_V70_D0117_P4__G28__ch6__nav_sage_v2__ingestion_20260825_event_path_v1__center_18__mp_2,F1023_V70_D0117_P4__G28__ch6__nav_sage_v2__ingestion_20260825_event_path_v1__center_18,F1023_V70_D0117_P4__G28__ch6__nav_sage_v2__ingestion_20260825_event_path_v1,F1023_V70_D0117_P4__G28__ch6__nav_sage_v2,F1023_V70_D0117_P4,G28,18,47.1113903225806,3,2,2.4,-50.3356979047153,-12.5561630380573,3,3,1,11100,2,16;17;18,3,VALID,Mountain/Valley,42,MID,valid,1,ALGTRACK_0031,1,1.0,1,PRIMARY_ADMITTED_SENSITIVITY_EXCLUDED,COARSE_GRID_LOCK_CANDIDATE,NONE,EXACT_FOUR_REPEATED_DOPPLER_MODE,AUTHOR_APPROVED_KEEP_FULL_PRIMARY_20260831,1,0,1.0,1,,50.3356979047153,0.8754687373538999,3.938386375763518,Mountain/Valley__MID,1,CELL_AND_ENVIRONMENT
F1023_V70_D0117_P4__G28__ch6__nav_sage_v2__ingestion_20260825_event_path_v1__center_58__mp_1,F1023_V70_D0117_P4__G28__ch6__nav_sage_v2__ingestion_20260825_event_path_v1__center_58,F1023_V70_D0117_P4__G28__ch6__nav_sage_v2__ingestion_20260825_event_path_v1,F1023_V70_D0117_P4__G28__ch6__nav_sage_v2,F1023_V70_D0117_P4,G28,58,47.9113916911046,3,1,1.5,49.6643020952847,-5.23187550724451,3,3,1,01110,2,57;58;59,3,VALID,Mountain/Valley,42,MID,valid,1,ALGTRACK_0036,1,1.0,1,PRIMARY_ADMITTED_SENSITIVITY_EXCLUDED,COARSE_GRID_LOCK_CANDIDATE,NONE,EXACT_FOUR_REPEATED_DOPPLER_MODE,AUTHOR_APPROVED_KEEP_FULL_PRIMARY_20260831,1,0,1.0,1,,49.6643020952847,0.4054651081081644,3.9252215619171142,Mountain/Valley__MID,1,CELL_AND_ENVIRONMENT
F1023_V70_D0117_P4__G28__ch6__nav_sage_v2__ingestion_20260825_event_path_v1__center_58__mp_2,F1023_V70_D0117_P4__G28__ch6__nav_sage_v2__ingestion_20260825_event_path_v1__center_58,F1023_V70_D0117_P4__G28__ch6__nav_sage_v2__ingestion_20260825_event_path_v1,F1023_V70_D0117_P4__G28__ch6__nav_sage_v2,F1023_V70_D0117_P4,G28,58,47.9113916911046,3,2,2.5,-50.3356979047153,-13.8050777610735,3,3,1,01110,2,57;58;59,3,VALID,Mountain/Valley,42,MID,valid,1,ALGTRACK_0037,1,1.0,1,PRIMARY_ADMITTED_SENSITIVITY_EXCLUDED,COARSE_GRID_LOCK_CANDIDATE,NONE,EXACT_FOUR_REPEATED_DOPPLER_MODE,AUTHOR_APPROVED_KEEP_FULL_PRIMARY_20260831,1,0,1.0,1,,50.3356979047153,0.9162907318741551,3.938386375763518,Mountain/Valley__MID,1,CELL_AND_ENVIRONMENT
F1023_V70_D0117_P4__G28__ch6__nav_sage_v2__ingestion_20260825_event_path_v1__center_409__mp_1,F1023_V70_D0117_P4__G28__ch6__nav_sage_v2__ingestion_20260825_event_path_v1__center_409,F1023_V70_D0117_P4__G28__ch6__nav_sage_v2__ingestion_20260825_event_path_v1,F1023_V70_D0117_P4__G28__ch6__nav_sage_v2,F1023_V70_D0117_P4,G28,409,54.9314036168133,3,1,1.5,-49.0289496387595,-2.77273227799565,3,3,1,01110,2,408;409;410,3,VALID,Mountain/Valley,42,MID,valid,1,ALGTRACK_0032,1,1.0,1,PRIMARY_ADMITTED_SENSITIVITY_INCLUDED,FINE_GRID_QUANTIZED_VALID,NONE,NONE,AUTHOR_APPROVED_KEEP_FULL_PRIMARY_20260831,1,1,1.0,1,1,49.0289496387595,0.4054651081081644,3.91260183065169,Mountain/Valley__MID,1,CELL_AND_ENVIRONMENT
F1023_V70_D0117_P4__G28__ch6__nav_sage_v2__ingestion_20260825_event_path_v1__center_409__mp_2,F1023_V70_D0117_P4__G28__ch6__nav_sage_v2__ingestion_20260825_event_path_v1__center_409,F1023_V70_D0117_P4__G28__ch6__nav_sage_v2__ingestion_20260825_event_path_v1,F1023_V70_D0117_P4__G28__ch6__nav_sage_v2,F1023_V70_D0117_P4,G28,409,54.9314036168133,3,2,2.5,55.9710503612405,-13.0336855762415,4,4,1,11110,2,407;408;409;410,4,VALID,Mountain/Valley,42,MID,valid,1,ALGTRACK_0033,1,1.0,1,PRIMARY_ADMITTED_SENSITIVITY_INCLUDED,COARSE_GRID_LOCK_CANDIDATE,NONE,NONE,AUTHOR_APPROVED_KEEP_FULL_PRIMARY_20260831,1,1,1.0,1,1,55.9710503612405,0.9162907318741551,4.042543250416261,Mountain/Valley__MID,1,CELL_AND_ENVIRONMENT
F1023_V70_D0117_P4__G28__ch6__nav_sage_v2__ingestion_20260825_event_path_v1__center_556__mp_1,F1023_V70_D0117_P4__G28__ch6__nav_sage_v2__ingestion_20260825_event_path_v1__center_556,F1023_V70_D0117_P4__G28__ch6__nav_sage_v2__ingestion_20260825_event_path_v1,F1023_V70_D0117_P4__G28__ch6__nav_sage_v2,F1023_V70_D0117_P4,G28,556,57.8714086021505,3,1,1.4,-42.1603431069216,-2.28273885339362,3,3,1,00111,2,556;557;558,3,VALID,Mountain/Valley,42,MID,valid,1,ALGTRACK_0034,4,0.25,1,PRIMARY_ADMITTED_SENSITIVITY_INCLUDED,COARSE_GRID_LOCK_CANDIDATE,NONE,NONE,AUTHOR_APPROVED_KEEP_FULL_PRIMARY_20260831,1,1,0.25,0.25,0.25,42.1603431069216,0.3364722366212129,3.7649220900089753,Mountain/Valley__MID,1,CELL_AND_ENVIRONMENT
F1023_V70_D0117_P4__G28__ch6__nav_sage_v2__ingestion_20260825_event_path_v1__center_556__mp_2,F1023_V70_D0117_P4__G28__ch6__nav_sage_v2__ingestion_20260825_event_path_v1__center_556,F1023_V70_D0117_P4__G28__ch6__nav_sage_v2__ingestion_20260825_event_path_v1,F1023_V70_D0117_P4__G28__ch6__nav_sage_v2,F1023_V70_D0117_P4,G28,556,57.8714086021505,3,2,2.4,-92.1603431069216,-13.1207408612694,3,3,1,00111,2,556;557;558,3,VALID,Mountain/Valley,42,MID,valid,1,ALGTRACK_0035,4,0.25,1,PRIMARY_ADMITTED_SENSITIVITY_INCLUDED,COARSE_GRID_LOCK_CANDIDATE,NONE,NONE,AUTHOR_APPROVED_KEEP_FULL_PRIMARY_20260831,1,1,0.25,0.25,0.25,92.1603431069216,0.8754687373538999,4.534322127994777,Mountain/Valley__MID,1,CELL_AND_ENVIRONMENT
F1023_V70_D0117_P4__G28__ch6__nav_sage_v2__ingestion_20260825_event_path_v1__center_557__mp_1,F1023_V70_D0117_P4__G28__ch6__nav_sage_v2__ingestion_20260825_event_path_v1__center_557,F1023_V70_D0117_P4__G28__ch6__nav_sage_v2__ingestion_20260825_event_path_v1,F1023_V70_D0117_P4__G28__ch6__nav_sage_v2,F1023_V70_D0117_P4,G28,557,57.8914086999023,3,1,1.1,-41.9905680919874,-2.14009485682395,4,4,1,01111,2,556;557;558;559,4,VALID,Mountain/Valley,42,MID,valid,1,ALGTRACK_0034,4,0.25,1,PRIMARY_ADMITTED_SENSITIVITY_INCLUDED,COARSE_GRID_LOCK_CANDIDATE,NONE,NONE,AUTHOR_APPROVED_KEEP_FULL_PRIMARY_20260831,1,1,0.25,0.25,0.25,41.9905680919874,0.09531017980432493,3.7609807449355896,Mountain/Valley__MID,1,CELL_AND_ENVIRONMENT
F1023_V70_D0117_P4__G28__ch6__nav_sage_v2__ingestion_20260825_event_path_v1__center_557__mp_2,F1023_V70_D0117_P4__G28__ch6__nav_sage_v2__ingestion_20260825_event_path_v1__center_557,F1023_V70_D0117_P4__G28__ch6__nav_sage_v2__ingestion_20260825_event_path_v1,F1023_V70_D0117_P4__G28__ch6__nav_sage_v2,F1023_V70_D0117_P4,G28,557,57.8914086999023,3,2,2.1,-91.9905680919874,-13.5276969166394,4,4,1,01111,2,556;557;558;559,4,VALID,Mountain/Valley,42,MID,valid,1,ALGTRACK_0035,4,0.25,1,PRIMARY_ADMITTED_SENSITIVITY_INCLUDED,COARSE_GRID_LOCK_CANDIDATE,NONE,NONE,AUTHOR_APPROVED_KEEP_FULL_PRIMARY_20260831,1,1,0.25,0.25,0.25,91.9905680919874,0.7419373447293773,4.532498069644339,Mountain/Valley__MID,1,CELL_AND_ENVIRONMENT
F1023_V70_D0117_P4__G28__ch6__nav_sage_v2__ingestion_20260825_event_path_v1__center_558__mp_1,F1023_V70_D0117_P4__G28__ch6__nav_sage_v2__ingestion_20260825_event_path_v1__center_558,F1023_V70_D0117_P4__G28__ch6__nav_sage_v2__ingestion_20260825_event_path_v1,F1023_V70_D0117_P4__G28__ch6__nav_sage_v2,F1023_V70_D0117_P4,G28,558,57.9114086999022,3,1,1.7,-46.8207930770536,-1.91960332516051,4,4,1,11110,2,556;557;558;559,4,VALID,Mountain/Valley,42,MID,valid,1,ALGTRACK_0034,4,0.25,1,PRIMARY_ADMITTED_SENSITIVITY_INCLUDED,FINE_GRID_QUANTIZED_VALID,NONE,NONE,AUTHOR_APPROVED_KEEP_FULL_PRIMARY_20260831,1,1,0.25,0.25,0.25,46.8207930770536,0.5306282510621704,3.8674605465236382,Mountain/Valley__MID,1,CELL_AND_ENVIRONMENT
F1023_V70_D0117_P4__G28__ch6__nav_sage_v2__ingestion_20260825_event_path_v1__center_558__mp_2,F1023_V70_D0117_P4__G28__ch6__nav_sage_v2__ingestion_20260825_event_path_v1__center_558,F1023_V70_D0117_P4__G28__ch6__nav_sage_v2__ingestion_20260825_event_path_v1,F1023_V70_D0117_P4__G28__ch6__nav_sage_v2,F1023_V70_D0117_P4,G28,558,57.9114086999022,3,2,2.7,-91.8207930770536,-11.5306193587493,4,4,1,11110,2,556;557;558;559,4,VALID,Mountain/Valley,42,MID,valid,1,ALGTRACK_0035,4,0.25,1,PRIMARY_ADMITTED_SENSITIVITY_INCLUDED,COARSE_GRID_LOCK_CANDIDATE,NONE,NONE,AUTHOR_APPROVED_KEEP_FULL_PRIMARY_20260831,1,1,0.25,0.25,0.25,91.8207930770536,0.9932517730102834,4.530670678024035,Mountain/Valley__MID,1,CELL_AND_ENVIRONMENT
F1023_V70_D0117_P4__G28__ch6__nav_sage_v2__ingestion_20260825_event_path_v1__center_559__mp_1,F1023_V70_D0117_P4__G28__ch6__nav_sage_v2__ingestion_20260825_event_path_v1__center_559,F1023_V70_D0117_P4__G28__ch6__nav_sage_v2__ingestion_20260825_event_path_v1,F1023_V70_D0117_P4__G28__ch6__nav_sage_v2,F1023_V70_D0117_P4,G28,559,57.9314086999022,3,1,1.7,-41.6510180621194,-2.72725343292428,3,3,1,11100,2,557;558;559,3,VALID,Mountain/Valley,42,MID,valid,1,ALGTRACK_0034,4,0.25,1,PRIMARY_ADMITTED_SENSITIVITY_INCLUDED,COARSE_GRID_LOCK_CANDIDATE,NONE,NONE,AUTHOR_APPROVED_KEEP_FULL_PRIMARY_20260831,1,1,0.25,0.25,0.25,41.6510180621194,0.5306282510621704,3.7530511438080034,Mountain/Valley__MID,1,CELL_AND_ENVIRONMENT
F1023_V70_D0117_P4__G28__ch6__nav_sage_v2__ingestion_20260825_event_path_v1__center_559__mp_2,F1023_V70_D0117_P4__G28__ch6__nav_sage_v2__ingestion_20260825_event_path_v1__center_559,F1023_V70_D0117_P4__G28__ch6__nav_sage_v2__ingestion_20260825_event_path_v1,F1023_V70_D0117_P4__G28__ch6__nav_sage_v2,F1023_V70_D0117_P4,G28,559,57.9314086999022,3,2,2.7,-91.6510180621194,-14.4631214268977,3,3,1,11100,2,557;558;559,3,VALID,Mountain/Valley,42,MID,valid,1,ALGTRACK_0035,4,0.25,1,PRIMARY_ADMITTED_SENSITIVITY_INCLUDED,COARSE_GRID_LOCK_CANDIDATE,NONE,NONE,AUTHOR_APPROVED_KEEP_FULL_PRIMARY_20260831,1,1,0.25,0.25,0.25,91.6510180621194,0.9932517730102834,4.528839940929168,Mountain/Valley__MID,1,CELL_AND_ENVIRONMENT
F1023_V70_D0117_P4__G29__ch9__nav_sage_v2__ingestion_20260825_event_path_v1__center_252__mp_1,F1023_V70_D0117_P4__G29__ch9__nav_sage_v2__ingestion_20260825_event_path_v1__center_252,F1023_V70_D0117_P4__G29__ch9__nav_sage_v2__ingestion_20260825_event_path_v1,F1023_V70_D0117_P4__G29__ch9__nav_sage_v2,F1023_V70_D0117_P4,G29,252,51.7884933528837,2,1,1.2,18.8472406223082,-17.4025930907328,3,3,1,01110,2,251;252;253,3,VALID,Mountain/Valley,56,MID,valid,1,ALGTRACK_0038,2,0.5,1,PRIMARY_ADMITTED_SENSITIVITY_INCLUDED,FINE_GRID_QUANTIZED_VALID,NONE,NONE,AUTHOR_APPROVED_KEEP_FULL_PRIMARY_20260831,1,1,0.5,0.5,0.5,18.8472406223082,0.1823215567939546,2.9880649859995896,Mountain/Valley__MID,1,CELL_AND_ENVIRONMENT
F1023_V70_D0117_P4__G29__ch9__nav_sage_v2__ingestion_20260825_event_path_v1__center_253__mp_1,F1023_V70_D0117_P4__G29__ch9__nav_sage_v2__ingestion_20260825_event_path_v1__center_253,F1023_V70_D0117_P4__G29__ch9__nav_sage_v2__ingestion_20260825_event_path_v1,F1023_V70_D0117_P4__G29__ch9__nav_sage_v2,F1023_V70_D0117_P4,G29,253,51.8084933528837,2,1,1.3,13.9013090984017,-14.7128171673278,3,3,1,11100,2,251;252;253,3,VALID,Mountain/Valley,56,MID,valid,1,ALGTRACK_0038,2,0.5,1,PRIMARY_ADMITTED_SENSITIVITY_INCLUDED,FINE_GRID_QUANTIZED_VALID,NONE,NONE,AUTHOR_APPROVED_KEEP_FULL_PRIMARY_20260831,1,1,0.5,0.5,0.5,13.9013090984017,0.26236426446749106,2.701449068045176,Mountain/Valley__MID,1,CELL_AND_ENVIRONMENT
F1023_V70_D0117_P4__G29__ch9__nav_sage_v2__ingestion_20260825_event_path_v1__center_307__mp_1,F1023_V70_D0117_P4__G29__ch9__nav_sage_v2__ingestion_20260825_event_path_v1__center_307,F1023_V70_D0117_P4__G29__ch9__nav_sage_v2__ingestion_20260825_event_path_v1,F1023_V70_D0117_P4__G29__ch9__nav_sage_v2,F1023_V70_D0117_P4,G29,307,52.8884954056696,4,1,1,-49.4431141651949,-2.08473374639869,3,3,1,00111,2,307;308;309,3,VALID,Mountain/Valley,56,MID,valid,1,ALGTRACK_0039,3,0.3333333333333333,1,PRIMARY_ADMITTED_SENSITIVITY_INCLUDED,FINE_GRID_QUANTIZED_VALID,NONE,NONE,AUTHOR_APPROVED_KEEP_FULL_PRIMARY_20260831,1,1,0.3333333333333333,0.333333333333,0.333333333333,49.4431141651949,0.0,3.9208462491828526,Mountain/Valley__MID,1,CELL_AND_ENVIRONMENT
F1023_V70_D0117_P4__G29__ch9__nav_sage_v2__ingestion_20260825_event_path_v1__center_307__mp_2,F1023_V70_D0117_P4__G29__ch9__nav_sage_v2__ingestion_20260825_event_path_v1__center_307,F1023_V70_D0117_P4__G29__ch9__nav_sage_v2__ingestion_20260825_event_path_v1,F1023_V70_D0117_P4__G29__ch9__nav_sage_v2,F1023_V70_D0117_P4,G29,307,52.8884954056696,4,2,2,-94.4431141651949,-10.3767128988147,3,3,1,00111,2,307;308;309,3,VALID,Mountain/Valley,56,MID,valid,1,ALGTRACK_0040,3,0.3333333333333333,1,PRIMARY_ADMITTED_SENSITIVITY_INCLUDED,COARSE_GRID_LOCK_CANDIDATE,NONE,NONE,AUTHOR_APPROVED_KEEP_FULL_PRIMARY_20260831,1,1,0.3333333333333333,0.333333333333,0.333333333333,94.4431141651949,0.6931471805599453,4.558530406817208,Mountain/Valley__MID,1,CELL_AND_ENVIRONMENT
F1023_V70_D0117_P4__G29__ch9__nav_sage_v2__ingestion_20260825_event_path_v1__center_307__mp_3,F1023_V70_D0117_P4__G29__ch9__nav_sage_v2__ingestion_20260825_event_path_v1__center_307,F1023_V70_D0117_P4__G29__ch9__nav_sage_v2__ingestion_20260825_event_path_v1,F1023_V70_D0117_P4__G29__ch9__nav_sage_v2,F1023_V70_D0117_P4,G29,307,52.8884954056696,4,3,3,55.5568858348051,-14.8896916037385,3,3,1,00111,2,307;308;309,3,VALID,Mountain/Valley,56,MID,valid,1,ALGTRACK_0041,3,0.3333333333333333,1,PRIMARY_ADMITTED_SENSITIVITY_INCLUDED,COARSE_GRID_LOCK_CANDIDATE,NONE,NONE,AUTHOR_APPROVED_KEEP_FULL_PRIMARY_20260831,1,1,0.3333333333333333,0.333333333333,0.333333333333,55.5568858348051,1.0986122886681098,4.0352469605747,Mountain/Valley__MID,1,CELL_AND_ENVIRONMENT
F1023_V70_D0117_P4__G29__ch9__nav_sage_v2__ingestion_20260825_event_path_v1__center_308__mp_1,F1023_V70_D0117_P4__G29__ch9__nav_sage_v2__ingestion_20260825_event_path_v1__center_308,F1023_V70_D0117_P4__G29__ch9__nav_sage_v2__ingestion_20260825_event_path_v1,F1023_V70_D0117_P4__G29__ch9__nav_sage_v2,F1023_V70_D0117_P4,G29,308,52.9084954056696,4,1,1,-49.569634399254,-1.68077525245772,3,3,1,01110,2,307;308;309,3,VALID,Mountain/Valley,56,MID,valid,1,ALGTRACK_0039,3,0.3333333333333333,1,PRIMARY_ADMITTED_SENSITIVITY_INCLUDED,FINE_GRID_QUANTIZED_VALID,NONE,NONE,AUTHOR_APPROVED_KEEP_FULL_PRIMARY_20260831,1,1,0.3333333333333333,0.333333333333,0.333333333333,49.569634399254,0.0,3.9233512854682497,Mountain/Valley__MID,1,CELL_AND_ENVIRONMENT
F1023_V70_D0117_P4__G29__ch9__nav_sage_v2__ingestion_20260825_event_path_v1__center_308__mp_2,F1023_V70_D0117_P4__G29__ch9__nav_sage_v2__ingestion_20260825_event_path_v1__center_308,F1023_V70_D0117_P4__G29__ch9__nav_sage_v2__ingestion_20260825_event_path_v1,F1023_V70_D0117_P4__G29__ch9__nav_sage_v2,F1023_V70_D0117_P4,G29,308,52.9084954056696,4,2,2,-94.569634399254,-9.9506249166469,3,3,1,01110,2,307;308;309,3,VALID,Mountain/Valley,56,MID,valid,1,ALGTRACK_0040,3,0.3333333333333333,1,PRIMARY_ADMITTED_SENSITIVITY_INCLUDED,COARSE_GRID_LOCK_CANDIDATE,NONE,NONE,AUTHOR_APPROVED_KEEP_FULL_PRIMARY_20260831,1,1,0.3333333333333333,0.333333333333,0.333333333333,94.569634399254,0.6931471805599453,4.559855137794722,Mountain/Valley__MID,1,CELL_AND_ENVIRONMENT
F1023_V70_D0117_P4__G29__ch9__nav_sage_v2__ingestion_20260825_event_path_v1__center_308__mp_3,F1023_V70_D0117_P4__G29__ch9__nav_sage_v2__ingestion_20260825_event_path_v1__center_308,F1023_V70_D0117_P4__G29__ch9__nav_sage_v2__ingestion_20260825_event_path_v1,F1023_V70_D0117_P4__G29__ch9__nav_sage_v2,F1023_V70_D0117_P4,G29,308,52.9084954056696,4,3,3,55.430365600746,-11.8533276814375,3,3,1,01110,2,307;308;309,3,VALID,Mountain/Valley,56,MID,valid,1,ALGTRACK_0041,3,0.3333333333333333,1,PRIMARY_ADMITTED_SENSITIVITY_INCLUDED,COARSE_GRID_LOCK_CANDIDATE,NONE,NONE,AUTHOR_APPROVED_KEEP_FULL_PRIMARY_20260831,1,1,0.3333333333333333,0.333333333333,0.333333333333,55.430365600746,1.0986122886681098,4.033007410796602,Mountain/Valley__MID,1,CELL_AND_ENVIRONMENT
F1023_V70_D0117_P4__G29__ch9__nav_sage_v2__ingestion_20260825_event_path_v1__center_309__mp_1,F1023_V70_D0117_P4__G29__ch9__nav_sage_v2__ingestion_20260825_event_path_v1__center_309,F1023_V70_D0117_P4__G29__ch9__nav_sage_v2__ingestion_20260825_event_path_v1,F1023_V70_D0117_P4__G29__ch9__nav_sage_v2,F1023_V70_D0117_P4,G29,309,52.9284955034213,4,1,1.2,-49.6961546333132,-1.43979425206778,3,3,1,11100,2,307;308;309,3,VALID,Mountain/Valley,56,MID,valid,1,ALGTRACK_0039,3,0.3333333333333333,1,PRIMARY_ADMITTED_SENSITIVITY_INCLUDED,FINE_GRID_QUANTIZED_VALID,NONE,NONE,AUTHOR_APPROVED_KEEP_FULL_PRIMARY_20260831,1,1,0.3333333333333333,0.333333333333,0.333333333333,49.6961546333132,0.1823215567939546,3.925850062223941,Mountain/Valley__MID,1,CELL_AND_ENVIRONMENT
F1023_V70_D0117_P4__G29__ch9__nav_sage_v2__ingestion_20260825_event_path_v1__center_309__mp_2,F1023_V70_D0117_P4__G29__ch9__nav_sage_v2__ingestion_20260825_event_path_v1__center_309,F1023_V70_D0117_P4__G29__ch9__nav_sage_v2__ingestion_20260825_event_path_v1,F1023_V70_D0117_P4__G29__ch9__nav_sage_v2,F1023_V70_D0117_P4,G29,309,52.9284955034213,4,2,2.2,-94.6961546333132,-10.6609221212527,3,3,1,11100,2,307;308;309,3,VALID,Mountain/Valley,56,MID,valid,1,ALGTRACK_0040,3,0.3333333333333333,1,PRIMARY_ADMITTED_SENSITIVITY_INCLUDED,COARSE_GRID_LOCK_CANDIDATE,NONE,NONE,AUTHOR_APPROVED_KEEP_FULL_PRIMARY_20260831,1,1,0.3333333333333333,0.333333333333,0.333333333333,94.6961546333132,0.7884573603642703,4.56117811618153,Mountain/Valley__MID,1,CELL_AND_ENVIRONMENT
F1023_V70_D0117_P4__G29__ch9__nav_sage_v2__ingestion_20260825_event_path_v1__center_309__mp_3,F1023_V70_D0117_P4__G29__ch9__nav_sage_v2__ingestion_20260825_event_path_v1__center_309,F1023_V70_D0117_P4__G29__ch9__nav_sage_v2__ingestion_20260825_event_path_v1,F1023_V70_D0117_P4__G29__ch9__nav_sage_v2,F1023_V70_D0117_P4,G29,309,52.9284955034213,4,3,3.2,55.3038453666868,-14.5095136515723,3,3,1,11100,2,307;308;309,3,VALID,Mountain/Valley,56,MID,valid,1,ALGTRACK_0041,3,0.3333333333333333,1,PRIMARY_ADMITTED_SENSITIVITY_INCLUDED,COARSE_GRID_LOCK_CANDIDATE,NONE,NONE,AUTHOR_APPROVED_KEEP_FULL_PRIMARY_20260831,1,1,0.3333333333333333,0.333333333333,0.333333333333,55.3038453666868,1.1631508098056809,4.030762834175323,Mountain/Valley__MID,1,CELL_AND_ENVIRONMENT
F1023_V70_D0117_P4__G29__ch9__nav_sage_v2__ingestion_20260825_event_path_v1__center_347__mp_1,F1023_V70_D0117_P4__G29__ch9__nav_sage_v2__ingestion_20260825_event_path_v1__center_347,F1023_V70_D0117_P4__G29__ch9__nav_sage_v2__ingestion_20260825_event_path_v1,F1023_V70_D0117_P4__G29__ch9__nav_sage_v2,F1023_V70_D0117_P4,G29,347,53.6884968719453,4,1,1.7,50.496076476858,-5.26529370253935,4,4,1,01111,2,346;347;348;349,4,VALID,Mountain/Valley,56,MID,valid,1,ALGTRACK_0042,3,0.3333333333333333,1,PRIMARY_ADMITTED_SENSITIVITY_INCLUDED,COARSE_GRID_LOCK_CANDIDATE,NONE,NONE,AUTHOR_APPROVED_KEEP_FULL_PRIMARY_20260831,1,1,0.3333333333333333,0.333333333333,0.333333333333,50.496076476858,0.5306282510621704,3.941505619852094,Mountain/Valley__MID,1,CELL_AND_ENVIRONMENT
F1023_V70_D0117_P4__G29__ch9__nav_sage_v2__ingestion_20260825_event_path_v1__center_347__mp_2,F1023_V70_D0117_P4__G29__ch9__nav_sage_v2__ingestion_20260825_event_path_v1__center_347,F1023_V70_D0117_P4__G29__ch9__nav_sage_v2__ingestion_20260825_event_path_v1,F1023_V70_D0117_P4__G29__ch9__nav_sage_v2,F1023_V70_D0117_P4,G29,347,53.6884968719453,4,2,2.7,-49.503923523142,-13.1009855599124,3,3,1,00111,2,347;348;349,3,VALID,Mountain/Valley,56,MID,valid,1,ALGTRACK_0043,3,0.3333333333333333,1,PRIMARY_ADMITTED_SENSITIVITY_INCLUDED,COARSE_GRID_LOCK_CANDIDATE,NONE,NONE,AUTHOR_APPROVED_KEEP_FULL_PRIMARY_20260831,1,1,0.3333333333333333,0.333333333333,0.333333333333,49.503923523142,0.9932517730102834,3.922051026790893,Mountain/Valley__MID,1,CELL_AND_ENVIRONMENT
F1023_V70_D0117_P4__G29__ch9__nav_sage_v2__ingestion_20260825_event_path_v1__center_347__mp_3,F1023_V70_D0117_P4__G29__ch9__nav_sage_v2__ingestion_20260825_event_path_v1__center_347,F1023_V70_D0117_P4__G29__ch9__nav_sage_v2__ingestion_20260825_event_path_v1,F1023_V70_D0117_P4__G29__ch9__nav_sage_v2,F1023_V70_D0117_P4,G29,347,53.6884968719453,4,3,3.7,100.496076476858,-14.7471874031296,3,3,1,00111,2,347;348;349,3,VALID,Mountain/Valley,56,MID,valid,1,ALGTRACK_0044,3,0.3333333333333333,1,PRIMARY_ADMITTED_SENSITIVITY_INCLUDED,COARSE_GRID_LOCK_CANDIDATE,NONE,NONE,AUTHOR_APPROVED_KEEP_FULL_PRIMARY_20260831,1,1,0.3333333333333333,0.333333333333,0.333333333333,100.496076476858,1.308332819650179,4.620020142334289,Mountain/Valley__MID,1,CELL_AND_ENVIRONMENT
F1023_V70_D0117_P4__G29__ch9__nav_sage_v2__ingestion_20260825_event_path_v1__center_348__mp_1,F1023_V70_D0117_P4__G29__ch9__nav_sage_v2__ingestion_20260825_event_path_v1__center_348,F1023_V70_D0117_P4__G29__ch9__nav_sage_v2__ingestion_20260825_event_path_v1,F1023_V70_D0117_P4__G29__ch9__nav_sage_v2,F1023_V70_D0117_P4,G29,348,53.7084968719453,4,1,1.3,55.3695562435355,-4.5069779490238,3,3,1,01110,2,347;348;349,3,VALID,Mountain/Valley,56,MID,valid,1,ALGTRACK_0042,3,0.3333333333333333,1,PRIMARY_ADMITTED_SENSITIVITY_INCLUDED,FINE_GRID_QUANTIZED_VALID,NONE,NONE,AUTHOR_APPROVED_KEEP_FULL_PRIMARY_20260831,1,1,0.3333333333333333,0.333333333333,0.333333333333,55.3695562435355,0.26236426446749106,4.031929229852731,Mountain/Valley__MID,1,CELL_AND_ENVIRONMENT
F1023_V70_D0117_P4__G29__ch9__nav_sage_v2__ingestion_20260825_event_path_v1__center_348__mp_2,F1023_V70_D0117_P4__G29__ch9__nav_sage_v2__ingestion_20260825_event_path_v1__center_348,F1023_V70_D0117_P4__G29__ch9__nav_sage_v2__ingestion_20260825_event_path_v1,F1023_V70_D0117_P4__G29__ch9__nav_sage_v2,F1023_V70_D0117_P4,G29,348,53.7084968719453,4,2,2.3,-49.6304437564645,-9.50182399269042,4,4,1,11110,2,346;347;348;349,4,VALID,Mountain/Valley,56,MID,valid,1,ALGTRACK_0043,3,0.3333333333333333,1,PRIMARY_ADMITTED_SENSITIVITY_INCLUDED,COARSE_GRID_LOCK_CANDIDATE,NONE,NONE,AUTHOR_APPROVED_KEEP_FULL_PRIMARY_20260831,1,1,0.3333333333333333,0.333333333333,0.333333333333,49.6304437564645,0.8329091229351039,3.924553050637552,Mountain/Valley__MID,1,CELL_AND_ENVIRONMENT
F1023_V70_D0117_P4__G29__ch9__nav_sage_v2__ingestion_20260825_event_path_v1__center_348__mp_3,F1023_V70_D0117_P4__G29__ch9__nav_sage_v2__ingestion_20260825_event_path_v1__center_348,F1023_V70_D0117_P4__G29__ch9__nav_sage_v2__ingestion_20260825_event_path_v1,F1023_V70_D0117_P4__G29__ch9__nav_sage_v2,F1023_V70_D0117_P4,G29,348,53.7084968719453,4,3,3.3,100.369556243535,-14.5074140574416,3,3,1,01110,2,347;348;349,3,VALID,Mountain/Valley,56,MID,valid,1,ALGTRACK_0044,3,0.3333333333333333,1,PRIMARY_ADMITTED_SENSITIVITY_INCLUDED,COARSE_GRID_LOCK_CANDIDATE,NONE,NONE,AUTHOR_APPROVED_KEEP_FULL_PRIMARY_20260831,1,1,0.3333333333333333,0.333333333333,0.333333333333,100.369556243535,1.1939224684724346,4.618772811793082,Mountain/Valley__MID,1,CELL_AND_ENVIRONMENT
F1023_V70_D0117_P4__G29__ch9__nav_sage_v2__ingestion_20260825_event_path_v1__center_349__mp_1,F1023_V70_D0117_P4__G29__ch9__nav_sage_v2__ingestion_20260825_event_path_v1__center_349,F1023_V70_D0117_P4__G29__ch9__nav_sage_v2__ingestion_20260825_event_path_v1,F1023_V70_D0117_P4__G29__ch9__nav_sage_v2,F1023_V70_D0117_P4,G29,349,53.728496969697,4,1,1.8,50.2430360094763,-6.40478274972673,3,3,1,11100,2,347;348;349,3,VALID,Mountain/Valley,56,MID,valid,1,ALGTRACK_0042,3,0.3333333333333333,1,PRIMARY_ADMITTED_SENSITIVITY_INCLUDED,COARSE_GRID_LOCK_CANDIDATE,NONE,NONE,AUTHOR_APPROVED_KEEP_FULL_PRIMARY_20260831,1,1,0.3333333333333333,0.333333333333,0.333333333333,50.2430360094763,0.5877866649021191,3.9365797260436954,Mountain/Valley__MID,1,CELL_AND_ENVIRONMENT
F1023_V70_D0117_P4__G29__ch9__nav_sage_v2__ingestion_20260825_event_path_v1__center_349__mp_2,F1023_V70_D0117_P4__G29__ch9__nav_sage_v2__ingestion_20260825_event_path_v1__center_349,F1023_V70_D0117_P4__G29__ch9__nav_sage_v2__ingestion_20260825_event_path_v1,F1023_V70_D0117_P4__G29__ch9__nav_sage_v2,F1023_V70_D0117_P4,G29,349,53.728496969697,4,2,2.8,-49.7569639905237,-12.0450826845581,3,3,1,11100,2,347;348;349,3,VALID,Mountain/Valley,56,MID,valid,1,ALGTRACK_0043,3,0.3333333333333333,1,PRIMARY_ADMITTED_SENSITIVITY_INCLUDED,COARSE_GRID_LOCK_CANDIDATE,NONE,NONE,AUTHOR_APPROVED_KEEP_FULL_PRIMARY_20260831,1,1,0.3333333333333333,0.333333333333,0.333333333333,49.7569639905237,1.0296194171811581,3.9270488299960413,Mountain/Valley__MID,1,CELL_AND_ENVIRONMENT
F1023_V70_D0117_P4__G29__ch9__nav_sage_v2__ingestion_20260825_event_path_v1__center_349__mp_3,F1023_V70_D0117_P4__G29__ch9__nav_sage_v2__ingestion_20260825_event_path_v1__center_349,F1023_V70_D0117_P4__G29__ch9__nav_sage_v2__ingestion_20260825_event_path_v1,F1023_V70_D0117_P4__G29__ch9__nav_sage_v2,F1023_V70_D0117_P4,G29,349,53.728496969697,4,3,3.8,100.243036009476,-14.1026395662313,3,3,1,11100,2,347;348;349,3,VALID,Mountain/Valley,56,MID,valid,1,ALGTRACK_0044,3,0.3333333333333333,1,PRIMARY_ADMITTED_SENSITIVITY_INCLUDED,COARSE_GRID_LOCK_CANDIDATE,NONE,NONE,AUTHOR_APPROVED_KEEP_FULL_PRIMARY_20260831,1,1,0.3333333333333333,0.333333333333,0.333333333333,100.243036009476,1.33500106673234,4.617523923467862,Mountain/Valley__MID,1,CELL_AND_ENVIRONMENT
F1023_V70_D0117_P4__G29__ch9__nav_sage_v2__ingestion_20260825_event_path_v1__center_464__mp_1,F1023_V70_D0117_P4__G29__ch9__nav_sage_v2__ingestion_20260825_event_path_v1__center_464,F1023_V70_D0117_P4__G29__ch9__nav_sage_v2__ingestion_20260825_event_path_v1,F1023_V70_D0117_P4__G29__ch9__nav_sage_v2,F1023_V70_D0117_P4,G29,464,56.0285012707722,3,1,1.8,-49.6907477855334,-3.07073789190777,3,3,1,00111,2,464;465;466,3,VALID,Mountain/Valley,56,MID,valid,1,ALGTRACK_0045,3,0.3333333333333333,1,PRIMARY_ADMITTED_SENSITIVITY_INCLUDED,FINE_GRID_QUANTIZED_VALID,NONE,NONE,AUTHOR_APPROVED_KEEP_FULL_PRIMARY_20260831,1,1,0.3333333333333333,0.333333333333,0.333333333333,49.6907477855334,0.5877866649021191,3.925743404506703,Mountain/Valley__MID,1,CELL_AND_ENVIRONMENT
F1023_V70_D0117_P4__G29__ch9__nav_sage_v2__ingestion_20260825_event_path_v1__center_464__mp_2,F1023_V70_D0117_P4__G29__ch9__nav_sage_v2__ingestion_20260825_event_path_v1__center_464,F1023_V70_D0117_P4__G29__ch9__nav_sage_v2__ingestion_20260825_event_path_v1,F1023_V70_D0117_P4__G29__ch9__nav_sage_v2,F1023_V70_D0117_P4,G29,464,56.0285012707722,3,2,2.8,-94.6907477855334,-11.2625747116331,3,3,1,00111,2,464;465;466,3,VALID,Mountain/Valley,56,MID,valid,1,ALGTRACK_0046,3,0.3333333333333333,1,PRIMARY_ADMITTED_SENSITIVITY_INCLUDED,COARSE_GRID_LOCK_CANDIDATE,NONE,NONE,AUTHOR_APPROVED_KEEP_FULL_PRIMARY_20260831,1,1,0.3333333333333333,0.333333333333,0.333333333333,94.6907477855334,1.0296194171811581,4.56112161442814,Mountain/Valley__MID,1,CELL_AND_ENVIRONMENT
F1023_V70_D0117_P4__G29__ch9__nav_sage_v2__ingestion_20260825_event_path_v1__center_465__mp_1,F1023_V70_D0117_P4__G29__ch9__nav_sage_v2__ingestion_20260825_event_path_v1__center_465,F1023_V70_D0117_P4__G29__ch9__nav_sage_v2__ingestion_20260825_event_path_v1,F1023_V70_D0117_P4__G29__ch9__nav_sage_v2,F1023_V70_D0117_P4,G29,465,56.0485012707722,3,1,1.4,-49.7253516102337,-3.03230465232946,4,4,1,01111,2,464;465;466;467,4,VALID,Mountain/Valley,56,MID,valid,1,ALGTRACK_0045,3,0.3333333333333333,1,PRIMARY_ADMITTED_SENSITIVITY_INCLUDED,FINE_GRID_QUANTIZED_VALID,NONE,NONE,AUTHOR_APPROVED_KEEP_FULL_PRIMARY_20260831,1,1,0.3333333333333333,0.333333333333,0.333333333333,49.7253516102337,0.3364722366212129,3.9264258173829494,Mountain/Valley__MID,1,CELL_AND_ENVIRONMENT
F1023_V70_D0117_P4__G29__ch9__nav_sage_v2__ingestion_20260825_event_path_v1__center_465__mp_2,F1023_V70_D0117_P4__G29__ch9__nav_sage_v2__ingestion_20260825_event_path_v1__center_465,F1023_V70_D0117_P4__G29__ch9__nav_sage_v2__ingestion_20260825_event_path_v1,F1023_V70_D0117_P4__G29__ch9__nav_sage_v2,F1023_V70_D0117_P4,G29,465,56.0485012707722,3,2,2.4,-94.7253516102337,-12.2182811430562,3,3,1,01110,2,464;465;466,3,VALID,Mountain/Valley,56,MID,valid,1,ALGTRACK_0046,3,0.3333333333333333,1,PRIMARY_ADMITTED_SENSITIVITY_INCLUDED,COARSE_GRID_LOCK_CANDIDATE,NONE,NONE,AUTHOR_APPROVED_KEEP_FULL_PRIMARY_20260831,1,1,0.3333333333333333,0.333333333333,0.333333333333,94.7253516102337,0.8754687373538999,4.561483170485197,Mountain/Valley__MID,1,CELL_AND_ENVIRONMENT
F1023_V70_D0117_P4__G29__ch9__nav_sage_v2__ingestion_20260825_event_path_v1__center_466__mp_1,F1023_V70_D0117_P4__G29__ch9__nav_sage_v2__ingestion_20260825_event_path_v1__center_466,F1023_V70_D0117_P4__G29__ch9__nav_sage_v2__ingestion_20260825_event_path_v1,F1023_V70_D0117_P4__G29__ch9__nav_sage_v2,F1023_V70_D0117_P4,G29,466,56.0685013685239,3,1,1,-44.7599554349335,-1.02309443671046,3,3,1,11100,2,464;465;466,3,VALID,Mountain/Valley,56,MID,valid,1,ALGTRACK_0045,3,0.3333333333333333,1,PRIMARY_ADMITTED_SENSITIVITY_INCLUDED,COARSE_GRID_LOCK_CANDIDATE,NONE,NONE,AUTHOR_APPROVED_KEEP_FULL_PRIMARY_20260831,1,1,0.3333333333333333,0.333333333333,0.333333333333,44.7599554349335,0.0,3.8234093731841257,Mountain/Valley__MID,1,CELL_AND_ENVIRONMENT
F1023_V70_D0117_P4__G29__ch9__nav_sage_v2__ingestion_20260825_event_path_v1__center_466__mp_2,F1023_V70_D0117_P4__G29__ch9__nav_sage_v2__ingestion_20260825_event_path_v1__center_466,F1023_V70_D0117_P4__G29__ch9__nav_sage_v2__ingestion_20260825_event_path_v1,F1023_V70_D0117_P4__G29__ch9__nav_sage_v2,F1023_V70_D0117_P4,G29,466,56.0685013685239,3,2,2,-94.7599554349335,-14.016323844001,3,3,1,11100,2,464;465;466,3,VALID,Mountain/Valley,56,MID,valid,1,ALGTRACK_0046,3,0.3333333333333333,1,PRIMARY_ADMITTED_SENSITIVITY_INCLUDED,COARSE_GRID_LOCK_CANDIDATE,NONE,NONE,AUTHOR_APPROVED_KEEP_FULL_PRIMARY_20260831,1,1,0.3333333333333333,0.333333333333,0.333333333333,94.7599554349335,0.6931471805599453,4.5618445958667095,Mountain/Valley__MID,1,CELL_AND_ENVIRONMENT
F1023_V70_D0117_P4__G29__ch9__nav_sage_v2__ingestion_20260825_event_path_v1__center_876__mp_1,F1023_V70_D0117_P4__G29__ch9__nav_sage_v2__ingestion_20260825_event_path_v1__center_876,F1023_V70_D0117_P4__G29__ch9__nav_sage_v2__ingestion_20260825_event_path_v1,F1023_V70_D0117_P4__G29__ch9__nav_sage_v2,F1023_V70_D0117_P4,G29,876,64.2685167155425,3,1,1.5,49.6643020952847,-5.43602591974289,3,3,1,01110,2,875;876;877,3,VALID,Mountain/Valley,56,MID,valid,1,ALGTRACK_0047,1,1.0,1,PRIMARY_ADMITTED_SENSITIVITY_EXCLUDED,COARSE_GRID_LOCK_CANDIDATE,NONE,EXACT_FOUR_REPEATED_DOPPLER_MODE,AUTHOR_APPROVED_KEEP_FULL_PRIMARY_20260831,1,0,1.0,1,,49.6643020952847,0.4054651081081644,3.9252215619171142,Mountain/Valley__MID,1,CELL_AND_ENVIRONMENT
F1023_V70_D0117_P4__G29__ch9__nav_sage_v2__ingestion_20260825_event_path_v1__center_876__mp_2,F1023_V70_D0117_P4__G29__ch9__nav_sage_v2__ingestion_20260825_event_path_v1__center_876,F1023_V70_D0117_P4__G29__ch9__nav_sage_v2__ingestion_20260825_event_path_v1,F1023_V70_D0117_P4__G29__ch9__nav_sage_v2,F1023_V70_D0117_P4,G29,876,64.2685167155425,3,2,2.5,-50.3356979047153,-13.9980593374024,4,4,1,01111,2,875;876;877;878,4,VALID,Mountain/Valley,56,MID,valid,1,ALGTRACK_0048,1,1.0,1,PRIMARY_ADMITTED_SENSITIVITY_EXCLUDED,COARSE_GRID_LOCK_CANDIDATE,NONE,EXACT_FOUR_REPEATED_DOPPLER_MODE,AUTHOR_APPROVED_KEEP_FULL_PRIMARY_20260831,1,0,1.0,1,,50.3356979047153,0.9162907318741551,3.938386375763518,Mountain/Valley__MID,1,CELL_AND_ENVIRONMENT
F1023_V70_D0117_P4__G31__ch1__nav_sage_v2__ingestion_20260825_event_path_v1__center_436__mp_1,F1023_V70_D0117_P4__G31__ch1__nav_sage_v2__ingestion_20260825_event_path_v1__center_436,F1023_V70_D0117_P4__G31__ch1__nav_sage_v2__ingestion_20260825_event_path_v1,F1023_V70_D0117_P4__G31__ch1__nav_sage_v2,F1023_V70_D0117_P4,G31,436,55.4786997067449,2,1,1.7,-44.1457375469959,-4.16938099961148,3,3,1,11100,2,434;435;436,3,VALID,Mountain/Valley,,,unavailable,0,ALGTRACK_0049,1,1.0,0,PRIMARY_ADMITTED_SENSITIVITY_INCLUDED,COARSE_GRID_LOCK_CANDIDATE,NONE,NONE,AUTHOR_APPROVED_KEEP_FULL_PRIMARY_20260831,1,1,1.0,1,1,44.1457375469959,0.5306282510621704,3.809895868916851,,0,ENVIRONMENT_PARENT_ONLY
F1023_V70_D0117_P4__G32__ch3__nav_sage_v2__ingestion_20260825_event_path_v1__center_57__mp_1,F1023_V70_D0117_P4__G32__ch3__nav_sage_v2__ingestion_20260825_event_path_v1__center_57,F1023_V70_D0117_P4__G32__ch3__nav_sage_v2__ingestion_20260825_event_path_v1,F1023_V70_D0117_P4__G32__ch3__nav_sage_v2,F1023_V70_D0117_P4,G32,57,47.8943080156403,3,1,1.8,-50.3356979047148,-4.51728530360926,3,3,1,00111,2,57;58;59,3,VALID,Mountain/Valley,28,LOW,valid,1,ALGTRACK_0053,2,0.5,1,PRIMARY_ADMITTED_SENSITIVITY_EXCLUDED,COARSE_GRID_LOCK_CANDIDATE,NONE,EXACT_FOUR_REPEATED_DOPPLER_MODE,AUTHOR_APPROVED_KEEP_FULL_PRIMARY_20260831,1,0,0.5,0.5,,50.3356979047148,0.5877866649021191,3.9383863757635083,Mountain/Valley__LOW,1,CELL_AND_ENVIRONMENT
F1023_V70_D0117_P4__G32__ch3__nav_sage_v2__ingestion_20260825_event_path_v1__center_57__mp_2,F1023_V70_D0117_P4__G32__ch3__nav_sage_v2__ingestion_20260825_event_path_v1__center_57,F1023_V70_D0117_P4__G32__ch3__nav_sage_v2__ingestion_20260825_event_path_v1,F1023_V70_D0117_P4__G32__ch3__nav_sage_v2,F1023_V70_D0117_P4,G32,57,47.8943080156403,3,2,2.8,49.6643020952852,-11.1880716317484,3,3,1,00111,2,57;58;59,3,VALID,Mountain/Valley,28,LOW,valid,1,ALGTRACK_0054,2,0.5,1,PRIMARY_ADMITTED_SENSITIVITY_EXCLUDED,COARSE_GRID_LOCK_CANDIDATE,NONE,EXACT_FOUR_REPEATED_DOPPLER_MODE,AUTHOR_APPROVED_KEEP_FULL_PRIMARY_20260831,1,0,0.5,0.5,,49.6643020952852,1.0296194171811581,3.9252215619171245,Mountain/Valley__LOW,1,CELL_AND_ENVIRONMENT
F1023_V70_D0117_P4__G32__ch3__nav_sage_v2__ingestion_20260825_event_path_v1__center_58__mp_1,F1023_V70_D0117_P4__G32__ch3__nav_sage_v2__ingestion_20260825_event_path_v1__center_58,F1023_V70_D0117_P4__G32__ch3__nav_sage_v2__ingestion_20260825_event_path_v1,F1023_V70_D0117_P4__G32__ch3__nav_sage_v2,F1023_V70_D0117_P4,G32,58,47.914308113392,3,1,1,-55.3356979047148,-12.0500590522491,3,3,1,01110,2,57;58;59,3,VALID,Mountain/Valley,28,LOW,valid,1,ALGTRACK_0053,2,0.5,1,PRIMARY_ADMITTED_SENSITIVITY_INCLUDED,FINE_GRID_QUANTIZED_VALID,NONE,NONE,AUTHOR_APPROVED_KEEP_FULL_PRIMARY_20260831,1,1,0.5,0.5,1,55.3356979047148,0.0,4.031328400013961,Mountain/Valley__LOW,1,CELL_AND_ENVIRONMENT
F1023_V70_D0117_P4__G32__ch3__nav_sage_v2__ingestion_20260825_event_path_v1__center_58__mp_2,F1023_V70_D0117_P4__G32__ch3__nav_sage_v2__ingestion_20260825_event_path_v1__center_58,F1023_V70_D0117_P4__G32__ch3__nav_sage_v2__ingestion_20260825_event_path_v1,F1023_V70_D0117_P4__G32__ch3__nav_sage_v2,F1023_V70_D0117_P4,G32,58,47.914308113392,3,2,2,49.6643020952852,-14.5703226738307,3,3,1,01110,2,57;58;59,3,VALID,Mountain/Valley,28,LOW,valid,1,ALGTRACK_0054,2,0.5,1,PRIMARY_ADMITTED_SENSITIVITY_EXCLUDED,COARSE_GRID_LOCK_CANDIDATE,NONE,EXACT_FOUR_REPEATED_DOPPLER_MODE,AUTHOR_APPROVED_KEEP_FULL_PRIMARY_20260831,1,0,0.5,0.5,,49.6643020952852,0.6931471805599453,3.9252215619171245,Mountain/Valley__LOW,1,CELL_AND_ENVIRONMENT
F1023_V70_D0117_P4__G32__ch3__nav_sage_v2__ingestion_20260825_event_path_v1__center_275__mp_1,F1023_V70_D0117_P4__G32__ch3__nav_sage_v2__ingestion_20260825_event_path_v1__center_275,F1023_V70_D0117_P4__G32__ch3__nav_sage_v2__ingestion_20260825_event_path_v1,F1023_V70_D0117_P4__G32__ch3__nav_sage_v2,F1023_V70_D0117_P4,G32,275,52.2543278592375,3,1,1.6,-44.9091844287968,-3.40642706553745,4,4,1,01111,2,274;275;276;277,4,VALID,Mountain/Valley,28,LOW,valid,1,ALGTRACK_0050,1,1.0,1,PRIMARY_ADMITTED_SENSITIVITY_INCLUDED,COARSE_GRID_LOCK_CANDIDATE,NONE,NONE,AUTHOR_APPROVED_KEEP_FULL_PRIMARY_20260831,1,1,1.0,1,1,44.9091844287968,0.47000362924573563,3.826665193537815,Mountain/Valley__LOW,1,CELL_AND_ENVIRONMENT
F1023_V70_D0117_P4__G32__ch3__nav_sage_v2__ingestion_20260825_event_path_v1__center_275__mp_2,F1023_V70_D0117_P4__G32__ch3__nav_sage_v2__ingestion_20260825_event_path_v1__center_275,F1023_V70_D0117_P4__G32__ch3__nav_sage_v2__ingestion_20260825_event_path_v1,F1023_V70_D0117_P4__G32__ch3__nav_sage_v2,F1023_V70_D0117_P4,G32,275,52.2543278592375,3,2,2.6,-94.9091844287968,-13.0147498515289,3,3,1,01110,2,274;275;276,3,VALID,Mountain/Valley,28,LOW,valid,1,ALGTRACK_0051,1,1.0,1,PRIMARY_ADMITTED_SENSITIVITY_INCLUDED,COARSE_GRID_LOCK_CANDIDATE,NONE,NONE,AUTHOR_APPROVED_KEEP_FULL_PRIMARY_20260831,1,1,1.0,1,1,94.9091844287968,0.9555114450274363,4.563401748198302,Mountain/Valley__LOW,1,CELL_AND_ENVIRONMENT
F1023_V70_D0117_P4__G32__ch3__nav_sage_v2__ingestion_20260825_event_path_v1__center_357__mp_1,F1023_V70_D0117_P4__G32__ch3__nav_sage_v2__ingestion_20260825_event_path_v1__center_357,F1023_V70_D0117_P4__G32__ch3__nav_sage_v2__ingestion_20260825_event_path_v1,F1023_V70_D0117_P4__G32__ch3__nav_sage_v2,F1023_V70_D0117_P4,G32,357,53.8943353861193,2,1,1.3,-19.0583992803467,-15.1679076078401,3,3,1,01110,2,356;357;358,3,VALID,Mountain/Valley,28,LOW,valid,1,ALGTRACK_0052,1,1.0,1,PRIMARY_ADMITTED_SENSITIVITY_INCLUDED,FINE_GRID_QUANTIZED_VALID,NONE,NONE,AUTHOR_APPROVED_KEEP_FULL_PRIMARY_20260831,1,1,1.0,1,1,19.0583992803467,0.26236426446749106,2.9986479827569856,Mountain/Valley__LOW,1,CELL_AND_ENVIRONMENT
F1023_V70_D0120_P1__G26__ch3__nav_sage_v2__ingestion_20260825_event_path_v1__center_76__mp_1,F1023_V70_D0120_P1__G26__ch3__nav_sage_v2__ingestion_20260825_event_path_v1__center_76,F1023_V70_D0120_P1__G26__ch3__nav_sage_v2__ingestion_20260825_event_path_v1,F1023_V70_D0120_P1__G26__ch3__nav_sage_v2,F1023_V70_D0120_P1,G26,76,38.6278365591398,4,1,1.7,54.6643020952852,-5.01085372812397,3,3,1,00111,2,76;77;78,3,VALID,Urban,74,HIGH,valid,1,ALGTRACK_0064,3,0.3333333333333333,1,PRIMARY_ADMITTED_SENSITIVITY_INCLUDED,FINE_GRID_QUANTIZED_VALID,NONE,NONE,AUTHOR_APPROVED_KEEP_FULL_PRIMARY_20260831,1,1,0.3333333333333333,0.333333333333,1,54.6643020952852,0.5306282510621704,4.0193390455162525,Urban__HIGH,1,CELL_AND_ENVIRONMENT
F1023_V70_D0120_P1__G26__ch3__nav_sage_v2__ingestion_20260825_event_path_v1__center_76__mp_2,F1023_V70_D0120_P1__G26__ch3__nav_sage_v2__ingestion_20260825_event_path_v1__center_76,F1023_V70_D0120_P1__G26__ch3__nav_sage_v2__ingestion_20260825_event_path_v1,F1023_V70_D0120_P1__G26__ch3__nav_sage_v2,F1023_V70_D0120_P1,G26,76,38.6278365591398,4,2,2.7,-45.3356979047148,-11.5288639075304,3,3,1,00111,2,76;77;78,3,VALID,Urban,74,HIGH,valid,1,ALGTRACK_0065,3,0.3333333333333333,1,PRIMARY_ADMITTED_SENSITIVITY_INCLUDED,FINE_GRID_QUANTIZED_VALID,NONE,NONE,AUTHOR_APPROVED_KEEP_FULL_PRIMARY_20260831,1,1,0.3333333333333333,0.333333333333,1,45.3356979047148,0.9932517730102834,3.835912677075104,Urban__HIGH,1,CELL_AND_ENVIRONMENT
F1023_V70_D0120_P1__G26__ch3__nav_sage_v2__ingestion_20260825_event_path_v1__center_76__mp_3,F1023_V70_D0120_P1__G26__ch3__nav_sage_v2__ingestion_20260825_event_path_v1__center_76,F1023_V70_D0120_P1__G26__ch3__nav_sage_v2__ingestion_20260825_event_path_v1,F1023_V70_D0120_P1__G26__ch3__nav_sage_v2,F1023_V70_D0120_P1,G26,76,38.6278365591398,4,3,3.7,104.664302095285,-16.102152881013,3,3,1,00111,2,76;77;78,3,VALID,Urban,74,HIGH,valid,1,ALGTRACK_0066,3,0.3333333333333333,1,PRIMARY_ADMITTED_SENSITIVITY_INCLUDED,FINE_GRID_QUANTIZED_VALID,NONE,NONE,AUTHOR_APPROVED_KEEP_FULL_PRIMARY_20260831,1,1,0.3333333333333333,0.333333333333,1,104.664302095285,1.308332819650179,4.660267107311642,Urban__HIGH,1,CELL_AND_ENVIRONMENT
F1023_V70_D0120_P1__G26__ch3__nav_sage_v2__ingestion_20260825_event_path_v1__center_77__mp_1,F1023_V70_D0120_P1__G26__ch3__nav_sage_v2__ingestion_20260825_event_path_v1__center_77,F1023_V70_D0120_P1__G26__ch3__nav_sage_v2__ingestion_20260825_event_path_v1,F1023_V70_D0120_P1__G26__ch3__nav_sage_v2,F1023_V70_D0120_P1,G26,77,38.6478366568915,4,1,1,49.6643020952852,-4.61321983859279,3,3,1,01110,2,76;77;78,3,VALID,Urban,74,HIGH,valid,1,ALGTRACK_0064,3,0.3333333333333333,1,PRIMARY_ADMITTED_SENSITIVITY_EXCLUDED,COARSE_GRID_LOCK_CANDIDATE,NONE,EXACT_FOUR_REPEATED_DOPPLER_MODE,AUTHOR_APPROVED_KEEP_FULL_PRIMARY_20260831,1,0,0.3333333333333333,0.333333333333,,49.6643020952852,0.0,3.9252215619171245,Urban__HIGH,1,CELL_AND_ENVIRONMENT
F1023_V70_D0120_P1__G26__ch3__nav_sage_v2__ingestion_20260825_event_path_v1__center_77__mp_2,F1023_V70_D0120_P1__G26__ch3__nav_sage_v2__ingestion_20260825_event_path_v1__center_77,F1023_V70_D0120_P1__G26__ch3__nav_sage_v2__ingestion_20260825_event_path_v1,F1023_V70_D0120_P1__G26__ch3__nav_sage_v2,F1023_V70_D0120_P1,G26,77,38.6478366568915,4,2,2,-50.3356979047148,-13.0831808611146,4,4,1,01111,2,76;77;78;79,4,VALID,Urban,74,HIGH,valid,1,ALGTRACK_0065,3,0.3333333333333333,1,PRIMARY_ADMITTED_SENSITIVITY_EXCLUDED,COARSE_GRID_LOCK_CANDIDATE,NONE,EXACT_FOUR_REPEATED_DOPPLER_MODE,AUTHOR_APPROVED_KEEP_FULL_PRIMARY_20260831,1,0,0.3333333333333333,0.333333333333,,50.3356979047148,0.6931471805599453,3.9383863757635083,Urban__HIGH,1,CELL_AND_ENVIRONMENT
F1023_V70_D0120_P1__G26__ch3__nav_sage_v2__ingestion_20260825_event_path_v1__center_77__mp_3,F1023_V70_D0120_P1__G26__ch3__nav_sage_v2__ingestion_20260825_event_path_v1__center_77,F1023_V70_D0120_P1__G26__ch3__nav_sage_v2__ingestion_20260825_event_path_v1,F1023_V70_D0120_P1__G26__ch3__nav_sage_v2,F1023_V70_D0120_P1,G26,77,38.6478366568915,4,3,3,99.6643020952852,-17.0962537080585,3,3,1,01110,2,76;77;78,3,VALID,Urban,74,HIGH,valid,1,ALGTRACK_0066,3,0.3333333333333333,1,PRIMARY_ADMITTED_SENSITIVITY_EXCLUDED,COARSE_GRID_LOCK_CANDIDATE,NONE,EXACT_FOUR_REPEATED_DOPPLER_MODE,AUTHOR_APPROVED_KEEP_FULL_PRIMARY_20260831,1,0,0.3333333333333333,0.333333333333,,99.6643020952852,1.0986122886681098,4.611791239311203,Urban__HIGH,1,CELL_AND_ENVIRONMENT
F1023_V70_D0120_P1__G26__ch3__nav_sage_v2__ingestion_20260825_event_path_v1__center_78__mp_1,F1023_V70_D0120_P1__G26__ch3__nav_sage_v2__ingestion_20260825_event_path_v1__center_78,F1023_V70_D0120_P1__G26__ch3__nav_sage_v2__ingestion_20260825_event_path_v1,F1023_V70_D0120_P1__G26__ch3__nav_sage_v2,F1023_V70_D0120_P1,G26,78,38.6678367546432,4,1,1.9,49.6643020952852,-6.44131588439078,4,4,1,11110,2,76;77;78;79,4,VALID,Urban,74,HIGH,valid,1,ALGTRACK_0064,3,0.3333333333333333,1,PRIMARY_ADMITTED_SENSITIVITY_EXCLUDED,COARSE_GRID_LOCK_CANDIDATE,NONE,EXACT_FOUR_REPEATED_DOPPLER_MODE,AUTHOR_APPROVED_KEEP_FULL_PRIMARY_20260831,1,0,0.3333333333333333,0.333333333333,,49.6643020952852,0.6418538861723947,3.9252215619171245,Urban__HIGH,1,CELL_AND_ENVIRONMENT
F1023_V70_D0120_P1__G26__ch3__nav_sage_v2__ingestion_20260825_event_path_v1__center_78__mp_2,F1023_V70_D0120_P1__G26__ch3__nav_sage_v2__ingestion_20260825_event_path_v1__center_78,F1023_V70_D0120_P1__G26__ch3__nav_sage_v2__ingestion_20260825_event_path_v1,F1023_V70_D0120_P1__G26__ch3__nav_sage_v2,F1023_V70_D0120_P1,G26,78,38.6678367546432,4,2,2.9,-50.3356979047148,-14.1713446131105,4,4,1,11110,2,76;77;78;79,4,VALID,Urban,74,HIGH,valid,1,ALGTRACK_0065,3,0.3333333333333333,1,PRIMARY_ADMITTED_SENSITIVITY_EXCLUDED,COARSE_GRID_LOCK_CANDIDATE,NONE,EXACT_FOUR_REPEATED_DOPPLER_MODE,AUTHOR_APPROVED_KEEP_FULL_PRIMARY_20260831,1,0,0.3333333333333333,0.333333333333,,50.3356979047148,1.0647107369924282,3.9383863757635083,Urban__HIGH,1,CELL_AND_ENVIRONMENT
F1023_V70_D0120_P1__G26__ch3__nav_sage_v2__ingestion_20260825_event_path_v1__center_78__mp_3,F1023_V70_D0120_P1__G26__ch3__nav_sage_v2__ingestion_20260825_event_path_v1__center_78,F1023_V70_D0120_P1__G26__ch3__nav_sage_v2__ingestion_20260825_event_path_v1,F1023_V70_D0120_P1__G26__ch3__nav_sage_v2,F1023_V70_D0120_P1,G26,78,38.6678367546432,4,3,3.9,99.6643020952852,-17.7096954478555,3,3,1,11100,2,76;77;78,3,VALID,Urban,74,HIGH,valid,1,ALGTRACK_0066,3,0.3333333333333333,1,PRIMARY_ADMITTED_SENSITIVITY_EXCLUDED,COARSE_GRID_LOCK_CANDIDATE,NONE,EXACT_FOUR_REPEATED_DOPPLER_MODE,AUTHOR_APPROVED_KEEP_FULL_PRIMARY_20260831,1,0,0.3333333333333333,0.333333333333,,99.6643020952852,1.3609765531356006,4.611791239311203,Urban__HIGH,1,CELL_AND_ENVIRONMENT
F1023_V70_D0120_P1__G26__ch3__nav_sage_v2__ingestion_20260825_event_path_v1__center_597__mp_1,F1023_V70_D0120_P1__G26__ch3__nav_sage_v2__ingestion_20260825_event_path_v1__center_597,F1023_V70_D0120_P1__G26__ch3__nav_sage_v2__ingestion_20260825_event_path_v1,F1023_V70_D0120_P1__G26__ch3__nav_sage_v2,F1023_V70_D0120_P1,G26,597,49.0478704789834,3,1,1.8,44.5961347194216,-3.3940476754026,4,4,1,01111,2,596;597;598;599,4,VALID,Urban,74,HIGH,valid,1,ALGTRACK_0060,3,0.3333333333333333,1,PRIMARY_ADMITTED_SENSITIVITY_INCLUDED,COARSE_GRID_LOCK_CANDIDATE,NONE,NONE,AUTHOR_APPROVED_KEEP_FULL_PRIMARY_20260831,1,1,0.3333333333333333,0.333333333333,0.333333333333,44.5961347194216,0.5877866649021191,3.819822948002626,Urban__HIGH,1,CELL_AND_ENVIRONMENT
F1023_V70_D0120_P1__G26__ch3__nav_sage_v2__ingestion_20260825_event_path_v1__center_597__mp_2,F1023_V70_D0120_P1__G26__ch3__nav_sage_v2__ingestion_20260825_event_path_v1__center_597,F1023_V70_D0120_P1__G26__ch3__nav_sage_v2__ingestion_20260825_event_path_v1,F1023_V70_D0120_P1__G26__ch3__nav_sage_v2,F1023_V70_D0120_P1,G26,597,49.0478704789834,3,2,2.8,-55.4038652805784,-15.519285446839,4,4,1,01111,2,596;597;598;599,4,VALID,Urban,74,HIGH,valid,1,ALGTRACK_0061,3,0.3333333333333333,1,PRIMARY_ADMITTED_SENSITIVITY_INCLUDED,BOUNDARY_SATURATION_CANDIDATE,NONE,NONE,AUTHOR_APPROVED_KEEP_FULL_PRIMARY_20260831,1,1,0.3333333333333333,0.333333333333,0.333333333333,55.4038652805784,1.0296194171811581,4.0325376894993,Urban__HIGH,1,CELL_AND_ENVIRONMENT
F1023_V70_D0120_P1__G26__ch3__nav_sage_v2__ingestion_20260825_event_path_v1__center_598__mp_1,F1023_V70_D0120_P1__G26__ch3__nav_sage_v2__ingestion_20260825_event_path_v1__center_598,F1023_V70_D0120_P1__G26__ch3__nav_sage_v2__ingestion_20260825_event_path_v1,F1023_V70_D0120_P1__G26__ch3__nav_sage_v2,F1023_V70_D0120_P1,G26,598,49.0678705767351,3,1,1,45.0535540265082,-1.38835415859842,4,4,1,11110,2,596;597;598;599,4,VALID,Urban,74,HIGH,valid,1,ALGTRACK_0060,3,0.3333333333333333,1,PRIMARY_ADMITTED_SENSITIVITY_INCLUDED,COARSE_GRID_LOCK_CANDIDATE,NONE,NONE,AUTHOR_APPROVED_KEEP_FULL_PRIMARY_20260831,1,1,0.3333333333333333,0.333333333333,0.333333333333,45.0535540265082,0.0,3.829804937280463,Urban__HIGH,1,CELL_AND_ENVIRONMENT
F1023_V70_D0120_P1__G26__ch3__nav_sage_v2__ingestion_20260825_event_path_v1__center_598__mp_2,F1023_V70_D0120_P1__G26__ch3__nav_sage_v2__ingestion_20260825_event_path_v1__center_598,F1023_V70_D0120_P1__G26__ch3__nav_sage_v2__ingestion_20260825_event_path_v1,F1023_V70_D0120_P1__G26__ch3__nav_sage_v2,F1023_V70_D0120_P1,G26,598,49.0678705767351,3,2,2,-54.9464459734918,-14.5542223359164,4,4,1,11110,2,596;597;598;599,4,VALID,Urban,74,HIGH,valid,1,ALGTRACK_0061,3,0.3333333333333333,1,PRIMARY_ADMITTED_SENSITIVITY_INCLUDED,BOUNDARY_SATURATION_CANDIDATE,NONE,NONE,AUTHOR_APPROVED_KEEP_FULL_PRIMARY_20260831,1,1,0.3333333333333333,0.333333333333,0.333333333333,54.9464459734918,0.6931471805599453,4.0243949112656825,Urban__HIGH,1,CELL_AND_ENVIRONMENT
F1023_V70_D0120_P1__G26__ch3__nav_sage_v2__ingestion_20260825_event_path_v1__center_599__mp_1,F1023_V70_D0120_P1__G26__ch3__nav_sage_v2__ingestion_20260825_event_path_v1__center_599,F1023_V70_D0120_P1__G26__ch3__nav_sage_v2__ingestion_20260825_event_path_v1,F1023_V70_D0120_P1__G26__ch3__nav_sage_v2,F1023_V70_D0120_P1,G26,599,49.0878705767351,3,1,1.2,45.5109733335948,-2.09176513423945,3,3,1,11100,2,597;598;599,3,VALID,Urban,74,HIGH,valid,1,ALGTRACK_0060,3,0.3333333333333333,1,PRIMARY_ADMITTED_SENSITIVITY_INCLUDED,COARSE_GRID_LOCK_CANDIDATE,NONE,NONE,AUTHOR_APPROVED_KEEP_FULL_PRIMARY_20260831,1,1,0.3333333333333333,0.333333333333,0.333333333333,45.5109733335948,0.1823215567939546,3.839688270421778,Urban__HIGH,1,CELL_AND_ENVIRONMENT
F1023_V70_D0120_P1__G26__ch3__nav_sage_v2__ingestion_20260825_event_path_v1__center_599__mp_2,F1023_V70_D0120_P1__G26__ch3__nav_sage_v2__ingestion_20260825_event_path_v1__center_599,F1023_V70_D0120_P1__G26__ch3__nav_sage_v2__ingestion_20260825_event_path_v1,F1023_V70_D0120_P1__G26__ch3__nav_sage_v2,F1023_V70_D0120_P1,G26,599,49.0878705767351,3,2,2.2,-54.4890266664052,-14.0518221658491,3,3,1,11100,2,597;598;599,3,VALID,Urban,74,HIGH,valid,1,ALGTRACK_0061,3,0.3333333333333333,1,PRIMARY_ADMITTED_SENSITIVITY_INCLUDED,BOUNDARY_SATURATION_CANDIDATE,NONE,NONE,AUTHOR_APPROVED_KEEP_FULL_PRIMARY_20260831,1,1,0.3333333333333333,0.333333333333,0.333333333333,54.4890266664052,0.7884573603642703,4.016185283481234,Urban__HIGH,1,CELL_AND_ENVIRONMENT
F1023_V70_D0120_P1__G26__ch3__nav_sage_v2__ingestion_20260825_event_path_v1__center_607__mp_1,F1023_V70_D0120_P1__G26__ch3__nav_sage_v2__ingestion_20260825_event_path_v1__center_607,F1023_V70_D0120_P1__G26__ch3__nav_sage_v2__ingestion_20260825_event_path_v1,F1023_V70_D0120_P1__G26__ch3__nav_sage_v2,F1023_V70_D0120_P1,G26,607,49.2478711632454,3,1,1.9,44.4469057253255,-3.24518262416114,3,3,1,00111,2,607;608;609,3,VALID,Urban,74,HIGH,valid,1,ALGTRACK_0062,1,1.0,1,PRIMARY_ADMITTED_SENSITIVITY_INCLUDED,COARSE_GRID_LOCK_CANDIDATE,NONE,NONE,AUTHOR_APPROVED_KEEP_FULL_PRIMARY_20260831,1,1,1.0,1,1,44.4469057253255,0.6418538861723947,3.8165447374549575,Urban__HIGH,1,CELL_AND_ENVIRONMENT
F1023_V70_D0120_P1__G26__ch3__nav_sage_v2__ingestion_20260825_event_path_v1__center_607__mp_2,F1023_V70_D0120_P1__G26__ch3__nav_sage_v2__ingestion_20260825_event_path_v1__center_607,F1023_V70_D0120_P1__G26__ch3__nav_sage_v2__ingestion_20260825_event_path_v1,F1023_V70_D0120_P1__G26__ch3__nav_sage_v2,F1023_V70_D0120_P1,G26,607,49.2478711632454,3,2,2.9,-55.5530942746745,-15.2746293752155,3,3,1,00111,2,607;608;609,3,VALID,Urban,74,HIGH,valid,1,ALGTRACK_0063,1,1.0,1,PRIMARY_ADMITTED_SENSITIVITY_INCLUDED,BOUNDARY_SATURATION_CANDIDATE,NONE,NONE,AUTHOR_APPROVED_KEEP_FULL_PRIMARY_20260831,1,1,1.0,1,1,55.5530942746745,1.0647107369924282,4.035179918566057,Urban__HIGH,1,CELL_AND_ENVIRONMENT
F1023_V70_D0120_P1__G26__ch3__nav_sage_v2__ingestion_20260825_event_path_v1__center_948__mp_1,F1023_V70_D0120_P1__G26__ch3__nav_sage_v2__ingestion_20260825_event_path_v1__center_948,F1023_V70_D0120_P1__G26__ch3__nav_sage_v2__ingestion_20260825_event_path_v1,F1023_V70_D0120_P1__G26__ch3__nav_sage_v2,F1023_V70_D0120_P1,G26,948,56.0678933528837,2,1,1.9,41.6212871672369,-3.11437839733881,3,3,1,00111,2,948;949;950,3,VALID,Urban,74,HIGH,valid,1,ALGTRACK_0067,2,0.5,1,PRIMARY_ADMITTED_SENSITIVITY_INCLUDED,COARSE_GRID_LOCK_CANDIDATE,NONE,NONE,AUTHOR_APPROVED_KEEP_FULL_PRIMARY_20260831,1,1,0.5,0.5,0.5,41.6212871672369,0.6418538861723947,3.752353827228904,Urban__HIGH,1,CELL_AND_ENVIRONMENT
F1023_V70_D0120_P1__G26__ch3__nav_sage_v2__ingestion_20260825_event_path_v1__center_949__mp_1,F1023_V70_D0120_P1__G26__ch3__nav_sage_v2__ingestion_20260825_event_path_v1__center_949,F1023_V70_D0120_P1__G26__ch3__nav_sage_v2__ingestion_20260825_event_path_v1,F1023_V70_D0120_P1__G26__ch3__nav_sage_v2,F1023_V70_D0120_P1,G26,949,56.0878934506354,2,1,1,46.7088780983813,-1.14921519751282,3,3,1,01110,2,948;949;950,3,VALID,Urban,74,HIGH,valid,1,ALGTRACK_0067,2,0.5,1,PRIMARY_ADMITTED_SENSITIVITY_INCLUDED,FINE_GRID_QUANTIZED_VALID,NONE,NONE,AUTHOR_APPROVED_KEEP_FULL_PRIMARY_20260831,1,1,0.5,0.5,0.5,46.7088780983813,0.0,3.8651175042312294,Urban__HIGH,1,CELL_AND_ENVIRONMENT
F1023_V70_D0120_P1__G26__ch3__nav_sage_v2__ingestion_20260825_event_path_v1__center_2562__mp_1,F1023_V70_D0120_P1__G26__ch3__nav_sage_v2__ingestion_20260825_event_path_v1__center_2562,F1023_V70_D0120_P1__G26__ch3__nav_sage_v2__ingestion_20260825_event_path_v1,F1023_V70_D0120_P1__G26__ch3__nav_sage_v2,F1023_V70_D0120_P1,G26,2562,88.3479988269795,3,1,1.7,49.6643020952852,-5.23355437300783,3,3,1,00111,2,2562;2563;2564,3,VALID,Urban,74,HIGH,valid,1,ALGTRACK_0055,2,0.5,1,PRIMARY_ADMITTED_SENSITIVITY_EXCLUDED,COARSE_GRID_LOCK_CANDIDATE,NONE,EXACT_FOUR_REPEATED_DOPPLER_MODE,AUTHOR_APPROVED_KEEP_FULL_PRIMARY_20260831,1,0,0.5,0.5,,49.6643020952852,0.5306282510621704,3.9252215619171245,Urban__HIGH,1,CELL_AND_ENVIRONMENT
F1023_V70_D0120_P1__G26__ch3__nav_sage_v2__ingestion_20260825_event_path_v1__center_2562__mp_2,F1023_V70_D0120_P1__G26__ch3__nav_sage_v2__ingestion_20260825_event_path_v1__center_2562,F1023_V70_D0120_P1__G26__ch3__nav_sage_v2__ingestion_20260825_event_path_v1,F1023_V70_D0120_P1__G26__ch3__nav_sage_v2,F1023_V70_D0120_P1,G26,2562,88.3479988269795,3,2,2.7,-50.3356979047148,-12.7196422050809,3,3,1,00111,2,2562;2563;2564,3,VALID,Urban,74,HIGH,valid,1,ALGTRACK_0056,2,0.5,1,PRIMARY_ADMITTED_SENSITIVITY_EXCLUDED,COARSE_GRID_LOCK_CANDIDATE,NONE,EXACT_FOUR_REPEATED_DOPPLER_MODE,AUTHOR_APPROVED_KEEP_FULL_PRIMARY_20260831,1,0,0.5,0.5,,50.3356979047148,0.9932517730102834,3.9383863757635083,Urban__HIGH,1,CELL_AND_ENVIRONMENT
F1023_V70_D0120_P1__G26__ch3__nav_sage_v2__ingestion_20260825_event_path_v1__center_2563__mp_1,F1023_V70_D0120_P1__G26__ch3__nav_sage_v2__ingestion_20260825_event_path_v1__center_2563,F1023_V70_D0120_P1__G26__ch3__nav_sage_v2__ingestion_20260825_event_path_v1,F1023_V70_D0120_P1__G26__ch3__nav_sage_v2,F1023_V70_D0120_P1,G26,2563,88.3679988269795,3,1,1.3,-50.3356979047148,-5.78747273536335,3,3,1,01110,2,2562;2563;2564,3,VALID,Urban,74,HIGH,valid,1,ALGTRACK_0055,2,0.5,1,PRIMARY_ADMITTED_SENSITIVITY_EXCLUDED,COARSE_GRID_LOCK_CANDIDATE,NONE,EXACT_FOUR_REPEATED_DOPPLER_MODE,AUTHOR_APPROVED_KEEP_FULL_PRIMARY_20260831,1,0,0.5,0.5,,50.3356979047148,0.26236426446749106,3.9383863757635083,Urban__HIGH,1,CELL_AND_ENVIRONMENT
F1023_V70_D0120_P1__G26__ch3__nav_sage_v2__ingestion_20260825_event_path_v1__center_2563__mp_2,F1023_V70_D0120_P1__G26__ch3__nav_sage_v2__ingestion_20260825_event_path_v1__center_2563,F1023_V70_D0120_P1__G26__ch3__nav_sage_v2__ingestion_20260825_event_path_v1,F1023_V70_D0120_P1__G26__ch3__nav_sage_v2,F1023_V70_D0120_P1,G26,2563,88.3679988269795,3,2,2.3,49.6643020952852,-12.4432050993139,3,3,1,01110,2,2562;2563;2564,3,VALID,Urban,74,HIGH,valid,1,ALGTRACK_0056,2,0.5,1,PRIMARY_ADMITTED_SENSITIVITY_EXCLUDED,COARSE_GRID_LOCK_CANDIDATE,NONE,EXACT_FOUR_REPEATED_DOPPLER_MODE,AUTHOR_APPROVED_KEEP_FULL_PRIMARY_20260831,1,0,0.5,0.5,,49.6643020952852,0.8329091229351039,3.9252215619171245,Urban__HIGH,1,CELL_AND_ENVIRONMENT
F1023_V70_D0120_P1__G26__ch3__nav_sage_v2__ingestion_20260825_event_path_v1__center_2581__mp_1,F1023_V70_D0120_P1__G26__ch3__nav_sage_v2__ingestion_20260825_event_path_v1__center_2581,F1023_V70_D0120_P1__G26__ch3__nav_sage_v2__ingestion_20260825_event_path_v1,F1023_V70_D0120_P1__G26__ch3__nav_sage_v2,F1023_V70_D0120_P1,G26,2581,88.728,4,1,1.4,49.6643020952852,-7.37872820894184,3,3,1,00111,2,2581;2582;2583,3,VALID,Urban,74,HIGH,valid,1,ALGTRACK_0057,3,0.3333333333333333,1,PRIMARY_ADMITTED_SENSITIVITY_EXCLUDED,COARSE_GRID_LOCK_CANDIDATE,NONE,EXACT_FOUR_REPEATED_DOPPLER_MODE,AUTHOR_APPROVED_KEEP_FULL_PRIMARY_20260831,1,0,0.3333333333333333,0.333333333333,,49.6643020952852,0.3364722366212129,3.9252215619171245,Urban__HIGH,1,CELL_AND_ENVIRONMENT
F1023_V70_D0120_P1__G26__ch3__nav_sage_v2__ingestion_20260825_event_path_v1__center_2581__mp_2,F1023_V70_D0120_P1__G26__ch3__nav_sage_v2__ingestion_20260825_event_path_v1__center_2581,F1023_V70_D0120_P1__G26__ch3__nav_sage_v2__ingestion_20260825_event_path_v1,F1023_V70_D0120_P1__G26__ch3__nav_sage_v2,F1023_V70_D0120_P1,G26,2581,88.728,4,2,2.4,99.6643020952852,-13.5291884553713,3,3,1,00111,2,2581;2582;2583,3,VALID,Urban,74,HIGH,valid,1,ALGTRACK_0058,3,0.3333333333333333,1,PRIMARY_ADMITTED_SENSITIVITY_EXCLUDED,COARSE_GRID_LOCK_CANDIDATE,NONE,EXACT_FOUR_REPEATED_DOPPLER_MODE,AUTHOR_APPROVED_KEEP_FULL_PRIMARY_20260831,1,0,0.3333333333333333,0.333333333333,,99.6643020952852,0.8754687373538999,4.611791239311203,Urban__HIGH,1,CELL_AND_ENVIRONMENT
F1023_V70_D0120_P1__G26__ch3__nav_sage_v2__ingestion_20260825_event_path_v1__center_2581__mp_3,F1023_V70_D0120_P1__G26__ch3__nav_sage_v2__ingestion_20260825_event_path_v1__center_2581,F1023_V70_D0120_P1__G26__ch3__nav_sage_v2__ingestion_20260825_event_path_v1,F1023_V70_D0120_P1__G26__ch3__nav_sage_v2,F1023_V70_D0120_P1,G26,2581,88.728,4,3,3.4,-50.3356979047148,-15.3807256727842,3,3,1,00111,2,2581;2582;2583,3,VALID,Urban,74,HIGH,valid,1,ALGTRACK_0059,3,0.3333333333333333,1,PRIMARY_ADMITTED_SENSITIVITY_EXCLUDED,COARSE_GRID_LOCK_CANDIDATE,NONE,EXACT_FOUR_REPEATED_DOPPLER_MODE,AUTHOR_APPROVED_KEEP_FULL_PRIMARY_20260831,1,0,0.3333333333333333,0.333333333333,,50.3356979047148,1.2237754316221157,3.9383863757635083,Urban__HIGH,1,CELL_AND_ENVIRONMENT
F1023_V70_D0120_P1__G26__ch3__nav_sage_v2__ingestion_20260825_event_path_v1__center_2582__mp_1,F1023_V70_D0120_P1__G26__ch3__nav_sage_v2__ingestion_20260825_event_path_v1__center_2582,F1023_V70_D0120_P1__G26__ch3__nav_sage_v2__ingestion_20260825_event_path_v1,F1023_V70_D0120_P1__G26__ch3__nav_sage_v2,F1023_V70_D0120_P1,G26,2582,88.7480000977517,4,1,1.7,54.6643020952852,-5.46120523450552,3,3,1,01110,2,2581;2582;2583,3,VALID,Urban,74,HIGH,valid,1,ALGTRACK_0057,3,0.3333333333333333,1,PRIMARY_ADMITTED_SENSITIVITY_INCLUDED,FINE_GRID_QUANTIZED_VALID,NONE,NONE,AUTHOR_APPROVED_KEEP_FULL_PRIMARY_20260831,1,1,0.3333333333333333,0.333333333333,1,54.6643020952852,0.5306282510621704,4.0193390455162525,Urban__HIGH,1,CELL_AND_ENVIRONMENT
F1023_V70_D0120_P1__G26__ch3__nav_sage_v2__ingestion_20260825_event_path_v1__center_2582__mp_2,F1023_V70_D0120_P1__G26__ch3__nav_sage_v2__ingestion_20260825_event_path_v1__center_2582,F1023_V70_D0120_P1__G26__ch3__nav_sage_v2__ingestion_20260825_event_path_v1,F1023_V70_D0120_P1__G26__ch3__nav_sage_v2,F1023_V70_D0120_P1,G26,2582,88.7480000977517,4,2,2.7,-45.3356979047148,-11.2529593185934,3,3,1,01110,2,2581;2582;2583,3,VALID,Urban,74,HIGH,valid,1,ALGTRACK_0058,3,0.3333333333333333,1,PRIMARY_ADMITTED_SENSITIVITY_INCLUDED,FINE_GRID_QUANTIZED_VALID,NONE,NONE,AUTHOR_APPROVED_KEEP_FULL_PRIMARY_20260831,1,1,0.3333333333333333,0.333333333333,1,45.3356979047148,0.9932517730102834,3.835912677075104,Urban__HIGH,1,CELL_AND_ENVIRONMENT
F1023_V70_D0120_P1__G26__ch3__nav_sage_v2__ingestion_20260825_event_path_v1__center_2582__mp_3,F1023_V70_D0120_P1__G26__ch3__nav_sage_v2__ingestion_20260825_event_path_v1__center_2582,F1023_V70_D0120_P1__G26__ch3__nav_sage_v2__ingestion_20260825_event_path_v1,F1023_V70_D0120_P1__G26__ch3__nav_sage_v2,F1023_V70_D0120_P1,G26,2582,88.7480000977517,4,3,3.7,99.6643020952852,-13.5636563773455,3,3,1,01110,2,2581;2582;2583,3,VALID,Urban,74,HIGH,valid,1,ALGTRACK_0059,3,0.3333333333333333,1,PRIMARY_ADMITTED_SENSITIVITY_EXCLUDED,COARSE_GRID_LOCK_CANDIDATE,NONE,EXACT_FOUR_REPEATED_DOPPLER_MODE,AUTHOR_APPROVED_KEEP_FULL_PRIMARY_20260831,1,0,0.3333333333333333,0.333333333333,,99.6643020952852,1.308332819650179,4.611791239311203,Urban__HIGH,1,CELL_AND_ENVIRONMENT
F1023_V70_D0120_P1__G26__ch3__nav_sage_v2__ingestion_20260825_event_path_v1__center_2583__mp_1,F1023_V70_D0120_P1__G26__ch3__nav_sage_v2__ingestion_20260825_event_path_v1__center_2583,F1023_V70_D0120_P1__G26__ch3__nav_sage_v2__ingestion_20260825_event_path_v1,F1023_V70_D0120_P1__G26__ch3__nav_sage_v2,F1023_V70_D0120_P1,G26,2583,88.7680001955034,4,1,1,49.6643020952852,-4.35329695340721,3,3,1,11100,2,2581;2582;2583,3,VALID,Urban,74,HIGH,valid,1,ALGTRACK_0057,3,0.3333333333333333,1,PRIMARY_ADMITTED_SENSITIVITY_EXCLUDED,COARSE_GRID_LOCK_CANDIDATE,NONE,EXACT_FOUR_REPEATED_DOPPLER_MODE,AUTHOR_APPROVED_KEEP_FULL_PRIMARY_20260831,1,0,0.3333333333333333,0.333333333333,,49.6643020952852,0.0,3.9252215619171245,Urban__HIGH,1,CELL_AND_ENVIRONMENT
F1023_V70_D0120_P1__G26__ch3__nav_sage_v2__ingestion_20260825_event_path_v1__center_2583__mp_2,F1023_V70_D0120_P1__G26__ch3__nav_sage_v2__ingestion_20260825_event_path_v1__center_2583,F1023_V70_D0120_P1__G26__ch3__nav_sage_v2__ingestion_20260825_event_path_v1,F1023_V70_D0120_P1__G26__ch3__nav_sage_v2,F1023_V70_D0120_P1,G26,2583,88.7680001955034,4,2,2,-50.3356979047148,-12.2542803632893,4,3,1,11101,2,2581;2582;2583;2585,4,VALID,Urban,74,HIGH,valid,1,ALGTRACK_0058,3,0.3333333333333333,1,PRIMARY_ADMITTED_SENSITIVITY_EXCLUDED,COARSE_GRID_LOCK_CANDIDATE,NONE,EXACT_FOUR_REPEATED_DOPPLER_MODE,AUTHOR_APPROVED_KEEP_FULL_PRIMARY_20260831,1,0,0.3333333333333333,0.333333333333,,50.3356979047148,0.6931471805599453,3.9383863757635083,Urban__HIGH,1,CELL_AND_ENVIRONMENT
F1023_V70_D0120_P1__G26__ch3__nav_sage_v2__ingestion_20260825_event_path_v1__center_2583__mp_3,F1023_V70_D0120_P1__G26__ch3__nav_sage_v2__ingestion_20260825_event_path_v1__center_2583,F1023_V70_D0120_P1__G26__ch3__nav_sage_v2__ingestion_20260825_event_path_v1,F1023_V70_D0120_P1__G26__ch3__nav_sage_v2,F1023_V70_D0120_P1,G26,2583,88.7680001955034,4,3,3,99.6643020952852,-14.4339363972777,3,3,1,11100,2,2581;2582;2583,3,VALID,Urban,74,HIGH,valid,1,ALGTRACK_0059,3,0.3333333333333333,1,PRIMARY_ADMITTED_SENSITIVITY_EXCLUDED,COARSE_GRID_LOCK_CANDIDATE,NONE,EXACT_FOUR_REPEATED_DOPPLER_MODE,AUTHOR_APPROVED_KEEP_FULL_PRIMARY_20260831,1,0,0.3333333333333333,0.333333333333,,99.6643020952852,1.0986122886681098,4.611791239311203,Urban__HIGH,1,CELL_AND_ENVIRONMENT
F1023_V70_D0120_P1__G27__ch8__nav_sage_v2__ingestion_20260825_event_path_v1__center_429__mp_1,F1023_V70_D0120_P1__G27__ch8__nav_sage_v2__ingestion_20260825_event_path_v1__center_429,F1023_V70_D0120_P1__G27__ch8__nav_sage_v2__ingestion_20260825_event_path_v1,F1023_V70_D0120_P1__G27__ch8__nav_sage_v2,F1023_V70_D0120_P1,G27,429,45.6987320625611,2,1,1.1,36.596163003735,-0.0984117922362976,3,3,1,00111,2,429;430;431,3,VALID,Urban,17,LOW,valid,1,ALGTRACK_0068,3,0.3333333333333333,1,PRIMARY_ADMITTED_SENSITIVITY_INCLUDED,COARSE_GRID_LOCK_CANDIDATE,NONE,NONE,AUTHOR_APPROVED_KEEP_FULL_PRIMARY_20260831,1,1,0.3333333333333333,0.333333333333,0.333333333333,36.596163003735,0.09531017980432493,3.626901997415615,Urban__LOW,1,CELL_AND_ENVIRONMENT
F1023_V70_D0120_P1__G27__ch8__nav_sage_v2__ingestion_20260825_event_path_v1__center_430__mp_1,F1023_V70_D0120_P1__G27__ch8__nav_sage_v2__ingestion_20260825_event_path_v1__center_430,F1023_V70_D0120_P1__G27__ch8__nav_sage_v2__ingestion_20260825_event_path_v1,F1023_V70_D0120_P1__G27__ch8__nav_sage_v2,F1023_V70_D0120_P1,G27,430,45.7187320625611,2,1,2,41.8340642982007,-0.376282944818508,3,3,1,01110,2,429;430;431,3,VALID,Urban,17,LOW,valid,1,ALGTRACK_0068,3,0.3333333333333333,1,PRIMARY_ADMITTED_SENSITIVITY_INCLUDED,FINE_GRID_QUANTIZED_VALID,NONE,NONE,AUTHOR_APPROVED_KEEP_FULL_PRIMARY_20260831,1,1,0.3333333333333333,0.333333333333,0.333333333333,41.8340642982007,0.6931471805599453,3.7573336808491966,Urban__LOW,1,CELL_AND_ENVIRONMENT
F1023_V70_D0120_P1__G27__ch8__nav_sage_v2__ingestion_20260825_event_path_v1__center_431__mp_1,F1023_V70_D0120_P1__G27__ch8__nav_sage_v2__ingestion_20260825_event_path_v1__center_431,F1023_V70_D0120_P1__G27__ch8__nav_sage_v2__ingestion_20260825_event_path_v1,F1023_V70_D0120_P1__G27__ch8__nav_sage_v2,F1023_V70_D0120_P1,G27,431,45.7387321603128,2,1,1.4,37.0719655930129,-1.67961607127649,3,3,1,11100,2,429;430;431,3,VALID,Urban,17,LOW,valid,1,ALGTRACK_0068,3,0.3333333333333333,1,PRIMARY_ADMITTED_SENSITIVITY_INCLUDED,COARSE_GRID_LOCK_CANDIDATE,NONE,NONE,AUTHOR_APPROVED_KEEP_FULL_PRIMARY_20260831,1,1,0.3333333333333333,0.333333333333,0.333333333333,37.0719655930129,0.3364722366212129,3.6394782000837114,Urban__LOW,1,CELL_AND_ENVIRONMENT
F1023_V70_D0120_P1__G29__ch5__nav_sage_v2__ingestion_20260825_event_path_v1__center_1216__mp_1,F1023_V70_D0120_P1__G29__ch5__nav_sage_v2__ingestion_20260825_event_path_v1__center_1216,F1023_V70_D0120_P1__G29__ch5__nav_sage_v2__ingestion_20260825_event_path_v1,F1023_V70_D0120_P1__G29__ch5__nav_sage_v2,F1023_V70_D0120_P1,G29,1216,61.4350205278592,2,1,1,49.2360386688033,-2.7168113147558,3,3,1,00111,2,1216;1217;1218,3,VALID,Urban,34,MID,valid,1,ALGTRACK_0069,3,0.3333333333333333,1,PRIMARY_ADMITTED_SENSITIVITY_INCLUDED,FINE_GRID_QUANTIZED_VALID,NONE,NONE,AUTHOR_APPROVED_KEEP_FULL_PRIMARY_20260831,1,1,0.3333333333333333,0.333333333333,0.333333333333,49.2360386688033,0.0,3.9167326708984636,Urban__MID,1,CELL_AND_ENVIRONMENT
F1023_V70_D0120_P1__G29__ch5__nav_sage_v2__ingestion_20260825_event_path_v1__center_1217__mp_1,F1023_V70_D0120_P1__G29__ch5__nav_sage_v2__ingestion_20260825_event_path_v1__center_1217,F1023_V70_D0120_P1__G29__ch5__nav_sage_v2__ingestion_20260825_event_path_v1,F1023_V70_D0120_P1__G29__ch5__nav_sage_v2,F1023_V70_D0120_P1,G29,1217,61.4550206256109,2,1,1.3,44.0251716120374,-3.32967095944834,3,3,1,01110,2,1216;1217;1218,3,VALID,Urban,34,MID,valid,1,ALGTRACK_0069,3,0.3333333333333333,1,PRIMARY_ADMITTED_SENSITIVITY_INCLUDED,COARSE_GRID_LOCK_CANDIDATE,NONE,NONE,AUTHOR_APPROVED_KEEP_FULL_PRIMARY_20260831,1,1,0.3333333333333333,0.333333333333,0.333333333333,44.0251716120374,0.26236426446749106,3.8072217025380963,Urban__MID,1,CELL_AND_ENVIRONMENT
F1023_V70_D0120_P1__G29__ch5__nav_sage_v2__ingestion_20260825_event_path_v1__center_1218__mp_1,F1023_V70_D0120_P1__G29__ch5__nav_sage_v2__ingestion_20260825_event_path_v1__center_1218,F1023_V70_D0120_P1__G29__ch5__nav_sage_v2__ingestion_20260825_event_path_v1,F1023_V70_D0120_P1__G29__ch5__nav_sage_v2,F1023_V70_D0120_P1,G29,1218,61.4750207233627,2,1,1.3,43.8143045555789,-3.86483161961424,3,3,1,11100,2,1216;1217;1218,3,VALID,Urban,34,MID,valid,1,ALGTRACK_0069,3,0.3333333333333333,1,PRIMARY_ADMITTED_SENSITIVITY_INCLUDED,COARSE_GRID_LOCK_CANDIDATE,NONE,NONE,AUTHOR_APPROVED_KEEP_FULL_PRIMARY_20260831,1,1,0.3333333333333333,0.333333333333,0.333333333333,43.8143045555789,0.26236426446749106,3.802527386571745,Urban__MID,1,CELL_AND_ENVIRONMENT
F1023_V70_D0120_P1__G29__ch5__nav_sage_v2__ingestion_20260825_event_path_v1__center_1646__mp_1,F1023_V70_D0120_P1__G29__ch5__nav_sage_v2__ingestion_20260825_event_path_v1__center_1646,F1023_V70_D0120_P1__G29__ch5__nav_sage_v2__ingestion_20260825_event_path_v1,F1023_V70_D0120_P1__G29__ch5__nav_sage_v2,F1023_V70_D0120_P1,G29,1646,70.0350635386119,2,1,1.2,46.3866299811662,-1.62730661175337,4,3,1,10111,2,1644;1646;1647;1648,4,VALID,Urban,34,MID,valid,1,ALGTRACK_0070,1,1.0,1,PRIMARY_ADMITTED_SENSITIVITY_INCLUDED,FINE_GRID_QUANTIZED_VALID,NONE,NONE,AUTHOR_APPROVED_KEEP_FULL_PRIMARY_20260831,1,1,1.0,1,1,46.3866299811662,0.1823215567939546,3.85834012100451,Urban__MID,1,CELL_AND_ENVIRONMENT
F1023_V70_D0120_P1__G29__ch5__nav_sage_v2__ingestion_20260825_event_path_v1__center_2098__mp_1,F1023_V70_D0120_P1__G29__ch5__nav_sage_v2__ingestion_20260825_event_path_v1__center_2098,F1023_V70_D0120_P1__G29__ch5__nav_sage_v2__ingestion_20260825_event_path_v1,F1023_V70_D0120_P1__G29__ch5__nav_sage_v2,F1023_V70_D0120_P1,G29,2098,79.0751086021505,2,1,1.6,-45.7421925177232,-4.1983865162167,3,3,1,00111,2,2098;2099;2100,3,VALID,Urban,33,MID,valid,1,ALGTRACK_0071,2,0.5,1,PRIMARY_ADMITTED_SENSITIVITY_INCLUDED,COARSE_GRID_LOCK_CANDIDATE,NONE,NONE,AUTHOR_APPROVED_KEEP_FULL_PRIMARY_20260831,1,1,0.5,0.5,0.5,45.7421925177232,0.47000362924573563,3.8446472368193256,Urban__MID,1,CELL_AND_ENVIRONMENT
F1023_V70_D0120_P1__G29__ch5__nav_sage_v2__ingestion_20260825_event_path_v1__center_2100__mp_1,F1023_V70_D0120_P1__G29__ch5__nav_sage_v2__ingestion_20260825_event_path_v1__center_2100,F1023_V70_D0120_P1__G29__ch5__nav_sage_v2__ingestion_20260825_event_path_v1,F1023_V70_D0120_P1__G29__ch5__nav_sage_v2,F1023_V70_D0120_P1,G29,2100,79.115108797654,2,1,1.7,-45.6016144799823,-4.37941227329283,3,3,1,11100,2,2098;2099;2100,3,VALID,Urban,33,MID,valid,1,ALGTRACK_0071,2,0.5,1,PRIMARY_ADMITTED_SENSITIVITY_INCLUDED,COARSE_GRID_LOCK_CANDIDATE,NONE,NONE,AUTHOR_APPROVED_KEEP_FULL_PRIMARY_20260831,1,1,0.5,0.5,0.5,45.6016144799823,0.5306282510621704,3.8416351860246416,Urban__MID,1,CELL_AND_ENVIRONMENT
F1023_V70_D0120_P1__G29__ch5__nav_sage_v2__ingestion_20260825_event_path_v1__center_2593__mp_1,F1023_V70_D0120_P1__G29__ch5__nav_sage_v2__ingestion_20260825_event_path_v1__center_2593,F1023_V70_D0120_P1__G29__ch5__nav_sage_v2__ingestion_20260825_event_path_v1,F1023_V70_D0120_P1__G29__ch5__nav_sage_v2,F1023_V70_D0120_P1,G29,2593,88.9751580645161,2,1,1.3,49.6643020952852,-8.05509466613355,3,3,1,01110,2,2592;2593;2594,3,VALID,Urban,33,MID,valid,1,ALGTRACK_0072,2,0.5,1,PRIMARY_ADMITTED_SENSITIVITY_EXCLUDED,COARSE_GRID_LOCK_CANDIDATE,NONE,EXACT_FOUR_REPEATED_DOPPLER_MODE,AUTHOR_APPROVED_KEEP_FULL_PRIMARY_20260831,1,0,0.5,0.5,,49.6643020952852,0.26236426446749106,3.9252215619171245,Urban__MID,1,CELL_AND_ENVIRONMENT
F1023_V70_D0120_P1__G29__ch5__nav_sage_v2__ingestion_20260825_event_path_v1__center_2594__mp_1,F1023_V70_D0120_P1__G29__ch5__nav_sage_v2__ingestion_20260825_event_path_v1__center_2594,F1023_V70_D0120_P1__G29__ch5__nav_sage_v2__ingestion_20260825_event_path_v1,F1023_V70_D0120_P1__G29__ch5__nav_sage_v2,F1023_V70_D0120_P1,G29,2594,88.9951582600196,2,1,2.6,34.6643020952852,-13.9690956777589,3,3,1,11100,2,2592;2593;2594,3,VALID,Urban,33,MID,valid,1,ALGTRACK_0072,2,0.5,1,PRIMARY_ADMITTED_SENSITIVITY_INCLUDED,FINE_GRID_QUANTIZED_VALID,NONE,NONE,AUTHOR_APPROVED_KEEP_FULL_PRIMARY_20260831,1,1,0.5,0.5,1,34.6643020952852,0.9555114450274363,3.5741502472022204,Urban__MID,1,CELL_AND_ENVIRONMENT
F1023_V70_D0120_P1__G31__ch9__nav_sage_v2__ingestion_20260825_event_path_v1__center_157__mp_1,F1023_V70_D0120_P1__G31__ch9__nav_sage_v2__ingestion_20260825_event_path_v1__center_157,F1023_V70_D0120_P1__G31__ch9__nav_sage_v2__ingestion_20260825_event_path_v1,F1023_V70_D0120_P1__G31__ch9__nav_sage_v2,F1023_V70_D0120_P1,G31,157,70.2551654936461,2,1,2,40.9973369537229,-2.66410162885658,4,4,1,01111,2,156;157;158;159,4,VALID,Urban,34,MID,valid,1,ALGTRACK_0074,2,0.5,1,PRIMARY_ADMITTED_SENSITIVITY_INCLUDED,COARSE_GRID_LOCK_CANDIDATE,NONE,NONE,AUTHOR_APPROVED_KEEP_FULL_PRIMARY_20260831,1,1,0.5,0.5,0.5,40.9973369537229,0.6931471805599453,3.7376062104093912,Urban__MID,1,CELL_AND_ENVIRONMENT
F1023_V70_D0120_P1__G31__ch9__nav_sage_v2__ingestion_20260825_event_path_v1__center_159__mp_1,F1023_V70_D0120_P1__G31__ch9__nav_sage_v2__ingestion_20260825_event_path_v1__center_159,F1023_V70_D0120_P1__G31__ch9__nav_sage_v2__ingestion_20260825_event_path_v1,F1023_V70_D0120_P1__G31__ch9__nav_sage_v2,F1023_V70_D0120_P1,G31,159,70.2951656891496,2,1,1.8,40.6837397926083,-2.97287486386015,3,3,1,11100,2,157;158;159,3,VALID,Urban,34,MID,valid,1,ALGTRACK_0074,2,0.5,1,PRIMARY_ADMITTED_SENSITIVITY_INCLUDED,COARSE_GRID_LOCK_CANDIDATE,NONE,NONE,AUTHOR_APPROVED_KEEP_FULL_PRIMARY_20260831,1,1,0.5,0.5,0.5,40.6837397926083,0.5877866649021191,3.7301111197301267,Urban__MID,1,CELL_AND_ENVIRONMENT
F1023_V70_D0120_P1__G31__ch9__nav_sage_v2__ingestion_20260825_event_path_v1__center_469__mp_1,F1023_V70_D0120_P1__G31__ch9__nav_sage_v2__ingestion_20260825_event_path_v1__center_469,F1023_V70_D0120_P1__G31__ch9__nav_sage_v2__ingestion_20260825_event_path_v1,F1023_V70_D0120_P1__G31__ch9__nav_sage_v2,F1023_V70_D0120_P1,G31,469,76.4951966764418,2,1,1.4,-26.3110635970042,-5.35602049088104,4,4,1,01111,2,468;469;470;471,4,VALID,Urban,34,MID,valid,1,ALGTRACK_0075,3,0.3333333333333333,1,PRIMARY_ADMITTED_SENSITIVITY_INCLUDED,COARSE_GRID_LOCK_CANDIDATE,NONE,NONE,AUTHOR_APPROVED_KEEP_FULL_PRIMARY_20260831,1,1,0.3333333333333333,0.333333333333,0.333333333333,26.3110635970042,0.3364722366212129,3.307291880058798,Urban__MID,1,CELL_AND_ENVIRONMENT
F1023_V70_D0120_P1__G31__ch9__nav_sage_v2__ingestion_20260825_event_path_v1__center_471__mp_1,F1023_V70_D0120_P1__G31__ch9__nav_sage_v2__ingestion_20260825_event_path_v1__center_471,F1023_V70_D0120_P1__G31__ch9__nav_sage_v2__ingestion_20260825_event_path_v1,F1023_V70_D0120_P1__G31__ch9__nav_sage_v2,F1023_V70_D0120_P1,G31,471,76.5351968719453,2,1,1.2,-22.1372299111135,-4.72297901431933,4,4,1,11110,2,469;470;471;472,4,VALID,Urban,34,MID,valid,1,ALGTRACK_0075,3,0.3333333333333333,1,PRIMARY_ADMITTED_SENSITIVITY_INCLUDED,FINE_GRID_QUANTIZED_VALID,NONE,NONE,AUTHOR_APPROVED_KEEP_FULL_PRIMARY_20260831,1,1,0.3333333333333333,0.333333333333,0.333333333333,22.1372299111135,0.1823215567939546,3.14144300462191,Urban__MID,1,CELL_AND_ENVIRONMENT
F1023_V70_D0120_P1__G31__ch9__nav_sage_v2__ingestion_20260825_event_path_v1__center_472__mp_1,F1023_V70_D0120_P1__G31__ch9__nav_sage_v2__ingestion_20260825_event_path_v1__center_472,F1023_V70_D0120_P1__G31__ch9__nav_sage_v2__ingestion_20260825_event_path_v1,F1023_V70_D0120_P1__G31__ch9__nav_sage_v2,F1023_V70_D0120_P1,G31,472,76.555196969697,2,1,2,-27.5503130684692,-5.99751444383621,3,3,1,11100,2,470;471;472,3,VALID,Urban,34,MID,valid,1,ALGTRACK_0075,3,0.3333333333333333,1,PRIMARY_ADMITTED_SENSITIVITY_INCLUDED,COARSE_GRID_LOCK_CANDIDATE,NONE,NONE,AUTHOR_APPROVED_KEEP_FULL_PRIMARY_20260831,1,1,0.3333333333333333,0.333333333333,0.333333333333,27.5503130684692,0.6931471805599453,3.351667901662535,Urban__MID,1,CELL_AND_ENVIRONMENT
F1023_V70_D0120_P1__G31__ch9__nav_sage_v2__ingestion_20260825_event_path_v1__center_540__mp_1,F1023_V70_D0120_P1__G31__ch9__nav_sage_v2__ingestion_20260825_event_path_v1__center_540,F1023_V70_D0120_P1__G31__ch9__nav_sage_v2__ingestion_20260825_event_path_v1,F1023_V70_D0120_P1__G31__ch9__nav_sage_v2,F1023_V70_D0120_P1,G31,540,77.9152038123167,3,1,1,-46.9522450115692,-3.74209256797061,4,4,1,11110,2,538;539;540;541,4,VALID,Urban,34,MID,valid,1,ALGTRACK_0076,1,1.0,1,PRIMARY_ADMITTED_SENSITIVITY_INCLUDED,COARSE_GRID_LOCK_CANDIDATE,NONE,NONE,AUTHOR_APPROVED_KEEP_FULL_PRIMARY_20260831,1,1,1.0,1,1,46.9522450115692,0.0,3.8702056200784627,Urban__MID,1,CELL_AND_ENVIRONMENT
F1023_V70_D0120_P1__G31__ch9__nav_sage_v2__ingestion_20260825_event_path_v1__center_540__mp_2,F1023_V70_D0120_P1__G31__ch9__nav_sage_v2__ingestion_20260825_event_path_v1__center_540,F1023_V70_D0120_P1__G31__ch9__nav_sage_v2__ingestion_20260825_event_path_v1,F1023_V70_D0120_P1__G31__ch9__nav_sage_v2,F1023_V70_D0120_P1,G31,540,77.9152038123167,3,2,2,53.0477549884308,-12.365319112784,3,3,1,01110,2,539;540;541,3,VALID,Urban,34,MID,valid,1,ALGTRACK_0077,1,1.0,1,PRIMARY_ADMITTED_SENSITIVITY_INCLUDED,COARSE_GRID_LOCK_CANDIDATE,NONE,NONE,AUTHOR_APPROVED_KEEP_FULL_PRIMARY_20260831,1,1,1.0,1,1,53.0477549884308,0.6931471805599453,3.9898680073933637,Urban__MID,1,CELL_AND_ENVIRONMENT
F1023_V70_D0120_P1__G31__ch9__nav_sage_v2__ingestion_20260825_event_path_v1__center_594__mp_1,F1023_V70_D0120_P1__G31__ch9__nav_sage_v2__ingestion_20260825_event_path_v1__center_594,F1023_V70_D0120_P1__G31__ch9__nav_sage_v2__ingestion_20260825_event_path_v1,F1023_V70_D0120_P1__G31__ch9__nav_sage_v2,F1023_V70_D0120_P1,G31,594,78.9952091886608,2,1,1.5,-46.0233485932058,-2.30916809885854,4,4,1,01111,2,593;594;595;596,4,VALID,Urban,34,MID,valid,1,ALGTRACK_0078,3,0.3333333333333333,1,PRIMARY_ADMITTED_SENSITIVITY_INCLUDED,COARSE_GRID_LOCK_CANDIDATE,NONE,NONE,AUTHOR_APPROVED_KEEP_FULL_PRIMARY_20260831,1,1,0.3333333333333333,0.333333333333,0.333333333333,46.0233485932058,0.4054651081081644,3.8506442569352783,Urban__MID,1,CELL_AND_ENVIRONMENT
F1023_V70_D0120_P1__G31__ch9__nav_sage_v2__ingestion_20260825_event_path_v1__center_595__mp_1,F1023_V70_D0120_P1__G31__ch9__nav_sage_v2__ingestion_20260825_event_path_v1__center_595,F1023_V70_D0120_P1__G31__ch9__nav_sage_v2__ingestion_20260825_event_path_v1,F1023_V70_D0120_P1__G31__ch9__nav_sage_v2,F1023_V70_D0120_P1,G31,595,79.0152092864125,2,1,1.2,-25.9530595742845,-1.69198067084246,4,4,1,11110,2,593;594;595;596,4,VALID,Urban,34,MID,valid,1,ALGTRACK_0078,3,0.3333333333333333,1,PRIMARY_ADMITTED_SENSITIVITY_INCLUDED,FINE_GRID_QUANTIZED_VALID,NONE,NONE,AUTHOR_APPROVED_KEEP_FULL_PRIMARY_20260831,1,1,0.3333333333333333,0.333333333333,0.333333333333,25.9530595742845,0.1823215567939546,3.294096818713977,Urban__MID,1,CELL_AND_ENVIRONMENT
F1023_V70_D0120_P1__G31__ch9__nav_sage_v2__ingestion_20260825_event_path_v1__center_596__mp_1,F1023_V70_D0120_P1__G31__ch9__nav_sage_v2__ingestion_20260825_event_path_v1__center_596,F1023_V70_D0120_P1__G31__ch9__nav_sage_v2__ingestion_20260825_event_path_v1,F1023_V70_D0120_P1__G31__ch9__nav_sage_v2,F1023_V70_D0120_P1,G31,596,79.0352093841642,2,1,2.3,-30.882770555465,-9.27015692139086,3,3,1,11100,2,594;595;596,3,VALID,Urban,34,MID,valid,1,ALGTRACK_0078,3,0.3333333333333333,1,PRIMARY_ADMITTED_SENSITIVITY_INCLUDED,FINE_GRID_QUANTIZED_VALID,NONE,NONE,AUTHOR_APPROVED_KEEP_FULL_PRIMARY_20260831,1,1,0.3333333333333333,0.333333333333,0.333333333333,30.882770555465,0.8329091229351039,3.46206575590079,Urban__MID,1,CELL_AND_ENVIRONMENT
F1023_V70_D0120_P1__G31__ch9__nav_sage_v2__ingestion_20260825_event_path_v1__center_610__mp_1,F1023_V70_D0120_P1__G31__ch9__nav_sage_v2__ingestion_20260825_event_path_v1__center_610,F1023_V70_D0120_P1__G31__ch9__nav_sage_v2__ingestion_20260825_event_path_v1,F1023_V70_D0120_P1__G31__ch9__nav_sage_v2,F1023_V70_D0120_P1,G31,610,79.3152107526882,2,1,1,-26.9790265852562,-17.6339858776757,4,3,1,10111,2,608;610;611;612,4,VALID,Urban,34,MID,valid,1,ALGTRACK_0079,2,0.5,1,PRIMARY_ADMITTED_SENSITIVITY_INCLUDED,FINE_GRID_QUANTIZED_VALID,NONE,NONE,AUTHOR_APPROVED_KEEP_FULL_PRIMARY_20260831,1,1,0.5,0.5,0.5,26.9790265852562,0.0,3.3314551789701237,Urban__MID,1,CELL_AND_ENVIRONMENT
F1023_V70_D0120_P1__G31__ch9__nav_sage_v2__ingestion_20260825_event_path_v1__center_611__mp_1,F1023_V70_D0120_P1__G31__ch9__nav_sage_v2__ingestion_20260825_event_path_v1__center_611,F1023_V70_D0120_P1__G31__ch9__nav_sage_v2__ingestion_20260825_event_path_v1,F1023_V70_D0120_P1__G31__ch9__nav_sage_v2,F1023_V70_D0120_P1,G31,611,79.3352108504399,2,1,1.1,-26.5843267097725,-16.7087783863314,3,3,1,01110,2,610;611;612,3,VALID,Urban,34,MID,valid,1,ALGTRACK_0079,2,0.5,1,PRIMARY_ADMITTED_SENSITIVITY_INCLUDED,FINE_GRID_QUANTIZED_VALID,NONE,NONE,AUTHOR_APPROVED_KEEP_FULL_PRIMARY_20260831,1,1,0.5,0.5,0.5,26.5843267097725,0.09531017980432493,3.317247738587928,Urban__MID,1,CELL_AND_ENVIRONMENT
F1023_V70_D0120_P1__G31__ch9__nav_sage_v2__ingestion_20260825_event_path_v1__center_783__mp_1,F1023_V70_D0120_P1__G31__ch9__nav_sage_v2__ingestion_20260825_event_path_v1__center_783,F1023_V70_D0120_P1__G31__ch9__nav_sage_v2__ingestion_20260825_event_path_v1,F1023_V70_D0120_P1__G31__ch9__nav_sage_v2,F1023_V70_D0120_P1,G31,783,82.775228054741,3,1,1.4,28.142268753938,-2.4795431137363,3,3,1,00111,2,783;784;785,3,VALID,Urban,34,MID,valid,1,ALGTRACK_0080,4,0.25,1,PRIMARY_ADMITTED_SENSITIVITY_INCLUDED,FINE_GRID_QUANTIZED_VALID,NONE,NONE,AUTHOR_APPROVED_KEEP_FULL_PRIMARY_20260831,1,1,0.25,0.25,0.25,28.142268753938,0.3364722366212129,3.372189654769233,Urban__MID,1,CELL_AND_ENVIRONMENT
F1023_V70_D0120_P1__G31__ch9__nav_sage_v2__ingestion_20260825_event_path_v1__center_783__mp_2,F1023_V70_D0120_P1__G31__ch9__nav_sage_v2__ingestion_20260825_event_path_v1__center_783,F1023_V70_D0120_P1__G31__ch9__nav_sage_v2__ingestion_20260825_event_path_v1,F1023_V70_D0120_P1__G31__ch9__nav_sage_v2,F1023_V70_D0120_P1,G31,783,82.775228054741,3,2,2.4,66.857731246062,-12.3859875696113,3,3,1,00111,2,783;784;785,3,VALID,Urban,34,MID,valid,1,ALGTRACK_0081,3,0.3333333333333333,1,PRIMARY_ADMITTED_SENSITIVITY_INCLUDED,BOUNDARY_SATURATION_CANDIDATE,NONE,NONE,AUTHOR_APPROVED_KEEP_FULL_PRIMARY_20260831,1,1,0.3333333333333333,0.333333333333,0.333333333333,66.857731246062,0.8754687373538999,4.217413325936333,Urban__MID,1,CELL_AND_ENVIRONMENT
F1023_V70_D0120_P1__G31__ch9__nav_sage_v2__ingestion_20260825_event_path_v1__center_784__mp_1,F1023_V70_D0120_P1__G31__ch9__nav_sage_v2__ingestion_20260825_event_path_v1__center_784,F1023_V70_D0120_P1__G31__ch9__nav_sage_v2__ingestion_20260825_event_path_v1,F1023_V70_D0120_P1__G31__ch9__nav_sage_v2,F1023_V70_D0120_P1,G31,784,82.7952281524927,3,1,1.3,32.8859841776266,-0.572560199309277,3,3,1,01110,2,783;784;785,3,VALID,Urban,34,MID,valid,1,ALGTRACK_0080,4,0.25,1,PRIMARY_ADMITTED_SENSITIVITY_INCLUDED,COARSE_GRID_LOCK_CANDIDATE,NONE,NONE,AUTHOR_APPROVED_KEEP_FULL_PRIMARY_20260831,1,1,0.25,0.25,0.25,32.8859841776266,0.26236426446749106,3.5230014828062948,Urban__MID,1,CELL_AND_ENVIRONMENT
F1023_V70_D0120_P1__G31__ch9__nav_sage_v2__ingestion_20260825_event_path_v1__center_784__mp_2,F1023_V70_D0120_P1__G31__ch9__nav_sage_v2__ingestion_20260825_event_path_v1__center_784,F1023_V70_D0120_P1__G31__ch9__nav_sage_v2__ingestion_20260825_event_path_v1,F1023_V70_D0120_P1__G31__ch9__nav_sage_v2,F1023_V70_D0120_P1,G31,784,82.7952281524927,3,2,2.3,67.1140158223734,-10.0359754061286,3,3,1,01110,2,783;784;785,3,VALID,Urban,34,MID,valid,1,ALGTRACK_0081,3,0.3333333333333333,1,PRIMARY_ADMITTED_SENSITIVITY_INCLUDED,BOUNDARY_SATURATION_CANDIDATE,NONE,NONE,AUTHOR_APPROVED_KEEP_FULL_PRIMARY_20260831,1,1,0.3333333333333333,0.333333333333,0.333333333333,67.1140158223734,0.8329091229351039,4.22118300434866,Urban__MID,1,CELL_AND_ENVIRONMENT
F1023_V70_D0120_P1__G31__ch9__nav_sage_v2__ingestion_20260825_event_path_v1__center_785__mp_1,F1023_V70_D0120_P1__G31__ch9__nav_sage_v2__ingestion_20260825_event_path_v1__center_785,F1023_V70_D0120_P1__G31__ch9__nav_sage_v2__ingestion_20260825_event_path_v1,F1023_V70_D0120_P1__G31__ch9__nav_sage_v2,F1023_V70_D0120_P1,G31,785,82.8152282502444,3,1,1.4,27.6296996013161,-1.58203646336476,4,3,1,11101,2,783;784;785;787,4,VALID,Urban,34,MID,valid,1,ALGTRACK_0080,4,0.25,1,PRIMARY_ADMITTED_SENSITIVITY_INCLUDED,FINE_GRID_QUANTIZED_VALID,NONE,NONE,AUTHOR_APPROVED_KEEP_FULL_PRIMARY_20260831,1,1,0.25,0.25,0.25,27.6296996013161,0.3364722366212129,3.3544446266105523,Urban__MID,1,CELL_AND_ENVIRONMENT
F1023_V70_D0120_P1__G31__ch9__nav_sage_v2__ingestion_20260825_event_path_v1__center_785__mp_2,F1023_V70_D0120_P1__G31__ch9__nav_sage_v2__ingestion_20260825_event_path_v1__center_785,F1023_V70_D0120_P1__G31__ch9__nav_sage_v2__ingestion_20260825_event_path_v1,F1023_V70_D0120_P1__G31__ch9__nav_sage_v2,F1023_V70_D0120_P1,G31,785,82.8152282502444,3,2,2.4,67.3703003986839,-14.4014955811346,3,3,1,11100,2,783;784;785,3,VALID,Urban,34,MID,valid,1,ALGTRACK_0081,3,0.3333333333333333,1,PRIMARY_ADMITTED_SENSITIVITY_INCLUDED,BOUNDARY_SATURATION_CANDIDATE,NONE,NONE,AUTHOR_APPROVED_KEEP_FULL_PRIMARY_20260831,1,1,0.3333333333333333,0.333333333333,0.333333333333,67.3703003986839,0.8754687373538999,4.224938525636745,Urban__MID,1,CELL_AND_ENVIRONMENT
F1023_V70_D0120_P1__G31__ch9__nav_sage_v2__ingestion_20260825_event_path_v1__center_787__mp_1,F1023_V70_D0120_P1__G31__ch9__nav_sage_v2__ingestion_20260825_event_path_v1__center_787,F1023_V70_D0120_P1__G31__ch9__nav_sage_v2__ingestion_20260825_event_path_v1,F1023_V70_D0120_P1__G31__ch9__nav_sage_v2,F1023_V70_D0120_P1,G31,787,82.8552284457478,2,1,1.7,-7.8828695516786,-11.2794884590786,3,3,1,11100,2,785;786;787,3,VALID,Urban,34,MID,valid,1,ALGTRACK_0080,4,0.25,1,PRIMARY_ADMITTED_SENSITIVITY_INCLUDED,FINE_GRID_QUANTIZED_VALID,NONE,NONE,AUTHOR_APPROVED_KEEP_FULL_PRIMARY_20260831,1,1,0.25,0.25,0.25,7.8828695516786,0.5306282510621704,2.1841246525146563,Urban__MID,1,CELL_AND_ENVIRONMENT
F1023_V70_D0120_P1__G31__ch9__nav_sage_v2__ingestion_20260825_event_path_v1__center_1081__mp_1,F1023_V70_D0120_P1__G31__ch9__nav_sage_v2__ingestion_20260825_event_path_v1__center_1081,F1023_V70_D0120_P1__G31__ch9__nav_sage_v2__ingestion_20260825_event_path_v1,F1023_V70_D0120_P1__G31__ch9__nav_sage_v2,F1023_V70_D0120_P1,G31,1081,88.7352578690127,2,1,1.2,49.6643020952852,-7.704574891684,3,3,1,00111,2,1081;1082;1083,3,VALID,Urban,34,MID,valid,1,ALGTRACK_0073,1,1.0,1,PRIMARY_ADMITTED_SENSITIVITY_EXCLUDED,COARSE_GRID_LOCK_CANDIDATE,NONE,EXACT_FOUR_REPEATED_DOPPLER_MODE,AUTHOR_APPROVED_KEEP_FULL_PRIMARY_20260831,1,0,1.0,1,,49.6643020952852,0.1823215567939546,3.9252215619171245,Urban__MID,1,CELL_AND_ENVIRONMENT
F1023_V70_D0120_P5__G18__ch2__nav_sage_v2__ingestion_20260825_event_path_v1__center_874__mp_1,F1023_V70_D0120_P5__G18__ch2__nav_sage_v2__ingestion_20260825_event_path_v1__center_874,F1023_V70_D0120_P5__G18__ch2__nav_sage_v2__ingestion_20260825_event_path_v1,F1023_V70_D0120_P5__G18__ch2__nav_sage_v2,F1023_V70_D0120_P5,G18,874,55.2966860215054,2,1,1.1,9.66430209528517,-10.4724127002679,3,3,1,11100,2,872;873;874,3,VALID,Urban,73,HIGH,valid,1,ALGTRACK_0085,1,1.0,1,PRIMARY_ADMITTED_SENSITIVITY_INCLUDED,FINE_GRID_QUANTIZED_VALID,NONE,NONE,AUTHOR_APPROVED_KEEP_FULL_PRIMARY_20260831,1,1,1.0,1,1,9.66430209528517,0.09531017980432493,2.366901910990276,Urban__HIGH,1,CELL_AND_ENVIRONMENT
F1023_V70_D0120_P5__G18__ch2__nav_sage_v2__ingestion_20260825_event_path_v1__center_1086__mp_1,F1023_V70_D0120_P5__G18__ch2__nav_sage_v2__ingestion_20260825_event_path_v1__center_1086,F1023_V70_D0120_P5__G18__ch2__nav_sage_v2__ingestion_20260825_event_path_v1,F1023_V70_D0120_P5__G18__ch2__nav_sage_v2,F1023_V70_D0120_P5,G18,1086,59.5366983382209,4,1,1.3,50.7740996859911,-1.5167993541751,3,3,1,00111,2,1086;1087;1088,3,VALID,Urban,73,HIGH,valid,1,ALGTRACK_0082,3,0.3333333333333333,1,PRIMARY_ADMITTED_SENSITIVITY_INCLUDED,FINE_GRID_QUANTIZED_VALID,NONE,NONE,AUTHOR_APPROVED_KEEP_FULL_PRIMARY_20260831,1,1,0.3333333333333333,0.333333333333,0.333333333333,50.7740996859911,0.26236426446749106,3.9468900181587747,Urban__HIGH,1,CELL_AND_ENVIRONMENT
F1023_V70_D0120_P5__G18__ch2__nav_sage_v2__ingestion_20260825_event_path_v1__center_1086__mp_2,F1023_V70_D0120_P5__G18__ch2__nav_sage_v2__ingestion_20260825_event_path_v1__center_1086,F1023_V70_D0120_P5__G18__ch2__nav_sage_v2__ingestion_20260825_event_path_v1,F1023_V70_D0120_P5__G18__ch2__nav_sage_v2,F1023_V70_D0120_P5,G18,1086,59.5366983382209,4,2,2.3,100.774099685991,-12.1663099299637,3,3,1,00111,2,1086;1087;1088,3,VALID,Urban,73,HIGH,valid,1,ALGTRACK_0083,3,0.3333333333333333,1,PRIMARY_ADMITTED_SENSITIVITY_INCLUDED,FINE_GRID_QUANTIZED_VALID,NONE,NONE,AUTHOR_APPROVED_KEEP_FULL_PRIMARY_20260831,1,1,0.3333333333333333,0.333333333333,0.333333333333,100.774099685991,0.8329091229351039,4.622755648228481,Urban__HIGH,1,CELL_AND_ENVIRONMENT
F1023_V70_D0120_P5__G18__ch2__nav_sage_v2__ingestion_20260825_event_path_v1__center_1086__mp_3,F1023_V70_D0120_P5__G18__ch2__nav_sage_v2__ingestion_20260825_event_path_v1__center_1086,F1023_V70_D0120_P5__G18__ch2__nav_sage_v2__ingestion_20260825_event_path_v1,F1023_V70_D0120_P5__G18__ch2__nav_sage_v2,F1023_V70_D0120_P5,G18,1086,59.5366983382209,4,3,3.3,-49.2259003140089,-12.8494205425273,3,3,1,00111,2,1086;1087;1088,3,VALID,Urban,73,HIGH,valid,1,ALGTRACK_0084,3,0.3333333333333333,1,PRIMARY_ADMITTED_SENSITIVITY_INCLUDED,FINE_GRID_QUANTIZED_VALID,NONE,NONE,AUTHOR_APPROVED_KEEP_FULL_PRIMARY_20260831,1,1,0.3333333333333333,0.333333333333,0.333333333333,49.2259003140089,1.1939224684724346,3.916530836155247,Urban__HIGH,1,CELL_AND_ENVIRONMENT
F1023_V70_D0120_P5__G18__ch2__nav_sage_v2__ingestion_20260825_event_path_v1__center_1087__mp_1,F1023_V70_D0120_P5__G18__ch2__nav_sage_v2__ingestion_20260825_event_path_v1__center_1087,F1023_V70_D0120_P5__G18__ch2__nav_sage_v2__ingestion_20260825_event_path_v1,F1023_V70_D0120_P5__G18__ch2__nav_sage_v2,F1023_V70_D0120_P5,G18,1087,59.5566984359726,4,1,1.7,46.8165399035597,-3.91654874863787,3,3,1,01110,2,1086;1087;1088,3,VALID,Urban,73,HIGH,valid,1,ALGTRACK_0082,3,0.3333333333333333,1,PRIMARY_ADMITTED_SENSITIVITY_INCLUDED,COARSE_GRID_LOCK_CANDIDATE,NONE,NONE,AUTHOR_APPROVED_KEEP_FULL_PRIMARY_20260831,1,1,0.3333333333333333,0.333333333333,0.333333333333,46.8165399035597,0.5306282510621704,3.8673716027322516,Urban__HIGH,1,CELL_AND_ENVIRONMENT
F1023_V70_D0120_P5__G18__ch2__nav_sage_v2__ingestion_20260825_event_path_v1__center_1087__mp_2,F1023_V70_D0120_P5__G18__ch2__nav_sage_v2__ingestion_20260825_event_path_v1__center_1087,F1023_V70_D0120_P5__G18__ch2__nav_sage_v2__ingestion_20260825_event_path_v1,F1023_V70_D0120_P5__G18__ch2__nav_sage_v2,F1023_V70_D0120_P5,G18,1087,59.5566984359726,4,2,2.7,96.8165399035597,-15.8802637220409,3,3,1,01110,2,1086;1087;1088,3,VALID,Urban,73,HIGH,valid,1,ALGTRACK_0083,3,0.3333333333333333,1,PRIMARY_ADMITTED_SENSITIVITY_INCLUDED,COARSE_GRID_LOCK_CANDIDATE,NONE,NONE,AUTHOR_APPROVED_KEEP_FULL_PRIMARY_20260831,1,1,0.3333333333333333,0.333333333333,0.333333333333,96.8165399035597,0.9932517730102834,4.583093682409952,Urban__HIGH,1,CELL_AND_ENVIRONMENT
F1023_V70_D0120_P5__G18__ch2__nav_sage_v2__ingestion_20260825_event_path_v1__center_1087__mp_3,F1023_V70_D0120_P5__G18__ch2__nav_sage_v2__ingestion_20260825_event_path_v1__center_1087,F1023_V70_D0120_P5__G18__ch2__nav_sage_v2__ingestion_20260825_event_path_v1,F1023_V70_D0120_P5__G18__ch2__nav_sage_v2,F1023_V70_D0120_P5,G18,1087,59.5566984359726,4,3,3.7,-53.1834600964403,-17.3169517485082,3,3,1,01110,2,1086;1087;1088,3,VALID,Urban,73,HIGH,valid,1,ALGTRACK_0084,3,0.3333333333333333,1,PRIMARY_ADMITTED_SENSITIVITY_INCLUDED,COARSE_GRID_LOCK_CANDIDATE,NONE,NONE,AUTHOR_APPROVED_KEEP_FULL_PRIMARY_20260831,1,1,0.3333333333333333,0.333333333333,0.333333333333,53.1834600964403,1.308332819650179,3.9923756976011897,Urban__HIGH,1,CELL_AND_ENVIRONMENT
F1023_V70_D0120_P5__G18__ch2__nav_sage_v2__ingestion_20260825_event_path_v1__center_1088__mp_1,F1023_V70_D0120_P5__G18__ch2__nav_sage_v2__ingestion_20260825_event_path_v1__center_1088,F1023_V70_D0120_P5__G18__ch2__nav_sage_v2__ingestion_20260825_event_path_v1,F1023_V70_D0120_P5__G18__ch2__nav_sage_v2,F1023_V70_D0120_P5,G18,1088,59.5766984359726,4,1,1.5,47.8589801211283,-5.13963362755094,3,3,1,11100,2,1086;1087;1088,3,VALID,Urban,73,HIGH,valid,1,ALGTRACK_0082,3,0.3333333333333333,1,PRIMARY_ADMITTED_SENSITIVITY_INCLUDED,COARSE_GRID_LOCK_CANDIDATE,NONE,NONE,AUTHOR_APPROVED_KEEP_FULL_PRIMARY_20260831,1,1,0.3333333333333333,0.333333333333,0.333333333333,47.8589801211283,0.4054651081081644,3.8889381921186637,Urban__HIGH,1,CELL_AND_ENVIRONMENT
F1023_V70_D0120_P5__G18__ch2__nav_sage_v2__ingestion_20260825_event_path_v1__center_1088__mp_2,F1023_V70_D0120_P5__G18__ch2__nav_sage_v2__ingestion_20260825_event_path_v1__center_1088,F1023_V70_D0120_P5__G18__ch2__nav_sage_v2__ingestion_20260825_event_path_v1,F1023_V70_D0120_P5__G18__ch2__nav_sage_v2,F1023_V70_D0120_P5,G18,1088,59.5766984359726,4,2,2.5,97.8589801211283,-15.3736393539517,3,3,1,11100,2,1086;1087;1088,3,VALID,Urban,73,HIGH,valid,1,ALGTRACK_0083,3,0.3333333333333333,1,PRIMARY_ADMITTED_SENSITIVITY_INCLUDED,COARSE_GRID_LOCK_CANDIDATE,NONE,NONE,AUTHOR_APPROVED_KEEP_FULL_PRIMARY_20260831,1,1,0.3333333333333333,0.333333333333,0.333333333333,97.8589801211283,0.9162907318741551,4.593694391429971,Urban__HIGH,1,CELL_AND_ENVIRONMENT
F1023_V70_D0120_P5__G18__ch2__nav_sage_v2__ingestion_20260825_event_path_v1__center_1088__mp_3,F1023_V70_D0120_P5__G18__ch2__nav_sage_v2__ingestion_20260825_event_path_v1__center_1088,F1023_V70_D0120_P5__G18__ch2__nav_sage_v2__ingestion_20260825_event_path_v1,F1023_V70_D0120_P5__G18__ch2__nav_sage_v2,F1023_V70_D0120_P5,G18,1088,59.5766984359726,4,3,3.5,-52.1410198788717,-16.6500806345002,3,3,1,11100,2,1086;1087;1088,3,VALID,Urban,73,HIGH,valid,1,ALGTRACK_0084,3,0.3333333333333333,1,PRIMARY_ADMITTED_SENSITIVITY_INCLUDED,COARSE_GRID_LOCK_CANDIDATE,NONE,NONE,AUTHOR_APPROVED_KEEP_FULL_PRIMARY_20260831,1,1,0.3333333333333333,0.333333333333,0.333333333333,52.1410198788717,1.252762968495368,3.972949132448433,Urban__HIGH,1,CELL_AND_ENVIRONMENT
F1023_V70_D0120_P5__G23__ch0__nav_sage_v2__ingestion_20260825_event_path_v1__center_16__mp_1,F1023_V70_D0120_P5__G23__ch0__nav_sage_v2__ingestion_20260825_event_path_v1__center_16,F1023_V70_D0120_P5__G23__ch0__nav_sage_v2__ingestion_20260825_event_path_v1,F1023_V70_D0120_P5__G23__ch0__nav_sage_v2,F1023_V70_D0120_P5,G23,16,50.1478775171066,2,1,1.5,49.6643020952847,-6.37034148247574,3,3,1,00111,2,16;17;18,3,VALID,Urban,16,LOW,valid,1,ALGTRACK_0086,3,0.3333333333333333,1,PRIMARY_ADMITTED_SENSITIVITY_EXCLUDED,COARSE_GRID_LOCK_CANDIDATE,NONE,EXACT_FOUR_REPEATED_DOPPLER_MODE,AUTHOR_APPROVED_KEEP_FULL_PRIMARY_20260831,1,0,0.3333333333333333,0.333333333333,,49.6643020952847,0.4054651081081644,3.9252215619171142,Urban__LOW,1,CELL_AND_ENVIRONMENT
F1023_V70_D0120_P5__G23__ch0__nav_sage_v2__ingestion_20260825_event_path_v1__center_17__mp_1,F1023_V70_D0120_P5__G23__ch0__nav_sage_v2__ingestion_20260825_event_path_v1__center_17,F1023_V70_D0120_P5__G23__ch0__nav_sage_v2__ingestion_20260825_event_path_v1,F1023_V70_D0120_P5__G23__ch0__nav_sage_v2,F1023_V70_D0120_P5,G23,17,50.1678775171065,2,1,1.5,49.6643020952847,-4.80788310662846,3,3,1,01110,2,16;17;18,3,VALID,Urban,16,LOW,valid,1,ALGTRACK_0086,3,0.3333333333333333,1,PRIMARY_ADMITTED_SENSITIVITY_EXCLUDED,COARSE_GRID_LOCK_CANDIDATE,NONE,EXACT_FOUR_REPEATED_DOPPLER_MODE,AUTHOR_APPROVED_KEEP_FULL_PRIMARY_20260831,1,0,0.3333333333333333,0.333333333333,,49.6643020952847,0.4054651081081644,3.9252215619171142,Urban__LOW,1,CELL_AND_ENVIRONMENT
F1023_V70_D0120_P5__G23__ch0__nav_sage_v2__ingestion_20260825_event_path_v1__center_18__mp_1,F1023_V70_D0120_P5__G23__ch0__nav_sage_v2__ingestion_20260825_event_path_v1__center_18,F1023_V70_D0120_P5__G23__ch0__nav_sage_v2__ingestion_20260825_event_path_v1,F1023_V70_D0120_P5__G23__ch0__nav_sage_v2,F1023_V70_D0120_P5,G23,18,50.1878776148583,2,1,1.9,49.6643020952847,-4.88172943654262,4,3,1,11101,2,16;17;18;20,4,VALID,Urban,16,LOW,valid,1,ALGTRACK_0086,3,0.3333333333333333,1,PRIMARY_ADMITTED_SENSITIVITY_EXCLUDED,COARSE_GRID_LOCK_CANDIDATE,NONE,EXACT_FOUR_REPEATED_DOPPLER_MODE,AUTHOR_APPROVED_KEEP_FULL_PRIMARY_20260831,1,0,0.3333333333333333,0.333333333333,,49.6643020952847,0.6418538861723947,3.9252215619171142,Urban__LOW,1,CELL_AND_ENVIRONMENT
F1023_V70_D0120_P5__G23__ch0__nav_sage_v2__ingestion_20260825_event_path_v1__center_65__mp_1,F1023_V70_D0120_P5__G23__ch0__nav_sage_v2__ingestion_20260825_event_path_v1__center_65,F1023_V70_D0120_P5__G23__ch0__nav_sage_v2__ingestion_20260825_event_path_v1,F1023_V70_D0120_P5__G23__ch0__nav_sage_v2,F1023_V70_D0120_P5,G23,65,51.1278785923754,2,1,1.7,-52.7687725632527,-3.5882328353858,3,3,1,00111,2,65;66;67,3,VALID,Urban,16,LOW,valid,1,ALGTRACK_0088,3,0.3333333333333333,1,PRIMARY_ADMITTED_SENSITIVITY_INCLUDED,FINE_GRID_QUANTIZED_VALID,NONE,NONE,AUTHOR_APPROVED_KEEP_FULL_PRIMARY_20260831,1,1,0.3333333333333333,0.333333333333,0.333333333333,52.7687725632527,0.5306282510621704,3.9846928630224943,Urban__LOW,1,CELL_AND_ENVIRONMENT
F1023_V70_D0120_P5__G23__ch0__nav_sage_v2__ingestion_20260825_event_path_v1__center_66__mp_1,F1023_V70_D0120_P5__G23__ch0__nav_sage_v2__ingestion_20260825_event_path_v1__center_66,F1023_V70_D0120_P5__G23__ch0__nav_sage_v2__ingestion_20260825_event_path_v1,F1023_V70_D0120_P5__G23__ch0__nav_sage_v2,F1023_V70_D0120_P5,G23,66,51.1478785923754,2,1,1.7,-47.8028357031419,-7.01434221526762,3,3,1,01110,2,65;66;67,3,VALID,Urban,16,LOW,valid,1,ALGTRACK_0088,3,0.3333333333333333,1,PRIMARY_ADMITTED_SENSITIVITY_INCLUDED,COARSE_GRID_LOCK_CANDIDATE,NONE,NONE,AUTHOR_APPROVED_KEEP_FULL_PRIMARY_20260831,1,1,0.3333333333333333,0.333333333333,0.333333333333,47.8028357031419,0.5306282510621704,3.8877884198417987,Urban__LOW,1,CELL_AND_ENVIRONMENT
F1023_V70_D0120_P5__G23__ch0__nav_sage_v2__ingestion_20260825_event_path_v1__center_67__mp_1,F1023_V70_D0120_P5__G23__ch0__nav_sage_v2__ingestion_20260825_event_path_v1__center_67,F1023_V70_D0120_P5__G23__ch0__nav_sage_v2__ingestion_20260825_event_path_v1,F1023_V70_D0120_P5__G23__ch0__nav_sage_v2,F1023_V70_D0120_P5,G23,67,51.1678785923754,2,1,1.3,-47.8368988430809,-4.7479349823307,4,3,1,11101,2,65;66;67;69,4,VALID,Urban,16,LOW,valid,1,ALGTRACK_0088,3,0.3333333333333333,1,PRIMARY_ADMITTED_SENSITIVITY_INCLUDED,COARSE_GRID_LOCK_CANDIDATE,NONE,NONE,AUTHOR_APPROVED_KEEP_FULL_PRIMARY_20260831,1,1,0.3333333333333333,0.333333333333,0.333333333333,47.8368988430809,0.26236426446749106,3.8884861509751167,Urban__LOW,1,CELL_AND_ENVIRONMENT
F1023_V70_D0120_P5__G23__ch0__nav_sage_v2__ingestion_20260825_event_path_v1__center_84__mp_1,F1023_V70_D0120_P5__G23__ch0__nav_sage_v2__ingestion_20260825_event_path_v1__center_84,F1023_V70_D0120_P5__G23__ch0__nav_sage_v2__ingestion_20260825_event_path_v1,F1023_V70_D0120_P5__G23__ch0__nav_sage_v2,F1023_V70_D0120_P5,G23,84,51.5078789833822,2,1,1.7,-48.4159722214988,-3.98843108506391,3,3,1,00111,2,84;85;86,3,VALID,Urban,16,LOW,valid,1,ALGTRACK_0089,1,1.0,1,PRIMARY_ADMITTED_SENSITIVITY_INCLUDED,COARSE_GRID_LOCK_CANDIDATE,NONE,NONE,AUTHOR_APPROVED_KEEP_FULL_PRIMARY_20260831,1,1,1.0,1,1,48.4159722214988,0.5306282510621704,3.90027369625767,Urban__LOW,1,CELL_AND_ENVIRONMENT
F1023_V70_D0120_P5__G23__ch0__nav_sage_v2__ingestion_20260825_event_path_v1__center_87__mp_1,F1023_V70_D0120_P5__G23__ch0__nav_sage_v2__ingestion_20260825_event_path_v1__center_87,F1023_V70_D0120_P5__G23__ch0__nav_sage_v2__ingestion_20260825_event_path_v1,F1023_V70_D0120_P5__G23__ch0__nav_sage_v2,F1023_V70_D0120_P5,G23,87,51.5678790811339,2,1,1.1,51.4818383587835,-6.14833153422127,3,3,1,11100,2,85;86;87,3,VALID,Urban,16,LOW,valid,1,ALGTRACK_0090,1,1.0,1,PRIMARY_ADMITTED_SENSITIVITY_INCLUDED,COARSE_GRID_LOCK_CANDIDATE,NONE,NONE,AUTHOR_APPROVED_KEEP_FULL_PRIMARY_20260831,1,1,1.0,1,1,51.4818383587835,0.09531017980432493,3.9604671737247372,Urban__LOW,1,CELL_AND_ENVIRONMENT
F1023_V70_D0120_P5__G23__ch0__nav_sage_v2__ingestion_20260825_event_path_v1__center_177__mp_1,F1023_V70_D0120_P5__G23__ch0__nav_sage_v2__ingestion_20260825_event_path_v1__center_177,F1023_V70_D0120_P5__G23__ch0__nav_sage_v2__ingestion_20260825_event_path_v1,F1023_V70_D0120_P5__G23__ch0__nav_sage_v2,F1023_V70_D0120_P5,G23,177,53.3678809384164,2,1,1.7,-30.4850770772946,-3.43334901113521,3,3,1,00111,2,177;178;179,3,VALID,Urban,16,LOW,valid,1,ALGTRACK_0087,2,0.5,1,PRIMARY_ADMITTED_SENSITIVITY_INCLUDED,COARSE_GRID_LOCK_CANDIDATE,NONE,NONE,AUTHOR_APPROVED_KEEP_FULL_PRIMARY_20260831,1,1,0.5,0.5,0.5,30.4850770772946,0.5306282510621704,3.4495136900016954,Urban__LOW,1,CELL_AND_ENVIRONMENT
F1023_V70_D0120_P5__G23__ch0__nav_sage_v2__ingestion_20260825_event_path_v1__center_178__mp_1,F1023_V70_D0120_P5__G23__ch0__nav_sage_v2__ingestion_20260825_event_path_v1__center_178,F1023_V70_D0120_P5__G23__ch0__nav_sage_v2__ingestion_20260825_event_path_v1,F1023_V70_D0120_P5__G23__ch0__nav_sage_v2,F1023_V70_D0120_P5,G23,178,53.3878809384164,2,1,1.3,-37.2701301422867,-2.12135670606611,4,4,1,01111,2,177;178;179;180,4,VALID,Urban,16,LOW,valid,1,ALGTRACK_0087,2,0.5,1,PRIMARY_ADMITTED_SENSITIVITY_INCLUDED,COARSE_GRID_LOCK_CANDIDATE,NONE,NONE,AUTHOR_APPROVED_KEEP_FULL_PRIMARY_20260831,1,1,0.5,0.5,0.5,37.2701301422867,0.26236426446749106,3.6446697000664434,Urban__LOW,1,CELL_AND_ENVIRONMENT
F1023_V70_D0120_P5__G26__ch7__nav_sage_v2__ingestion_20260825_event_path_v1__center_121__mp_1,F1023_V70_D0120_P5__G26__ch7__nav_sage_v2__ingestion_20260825_event_path_v1__center_121,F1023_V70_D0120_P5__G26__ch7__nav_sage_v2__ingestion_20260825_event_path_v1,F1023_V70_D0120_P5__G26__ch7__nav_sage_v2,F1023_V70_D0120_P5,G26,121,40.2358809384164,4,1,1.1,49.6643020952852,-4.81671651049275,3,3,1,00111,2,121;122;123,3,VALID,Urban,,,inconclusive,0,ALGTRACK_0091,4,0.25,0,PRIMARY_ADMITTED_SENSITIVITY_EXCLUDED,COARSE_GRID_LOCK_CANDIDATE,NONE,EXACT_FOUR_REPEATED_DOPPLER_MODE,AUTHOR_APPROVED_KEEP_FULL_PRIMARY_20260831,1,0,0.25,0.25,,49.6643020952852,0.09531017980432493,3.9252215619171245,,0,ENVIRONMENT_PARENT_ONLY
F1023_V70_D0120_P5__G26__ch7__nav_sage_v2__ingestion_20260825_event_path_v1__center_121__mp_2,F1023_V70_D0120_P5__G26__ch7__nav_sage_v2__ingestion_20260825_event_path_v1__center_121,F1023_V70_D0120_P5__G26__ch7__nav_sage_v2__ingestion_20260825_event_path_v1,F1023_V70_D0120_P5__G26__ch7__nav_sage_v2,F1023_V70_D0120_P5,G26,121,40.2358809384164,4,2,2.1,-50.3356979047148,-13.1813650442008,4,3,1,10111,2,119;121;122;123,4,VALID,Urban,,,inconclusive,0,ALGTRACK_0092,4,0.25,0,PRIMARY_ADMITTED_SENSITIVITY_EXCLUDED,COARSE_GRID_LOCK_CANDIDATE,NONE,EXACT_FOUR_REPEATED_DOPPLER_MODE,AUTHOR_APPROVED_KEEP_FULL_PRIMARY_20260831,1,0,0.25,0.25,,50.3356979047148,0.7419373447293773,3.9383863757635083,,0,ENVIRONMENT_PARENT_ONLY
F1023_V70_D0120_P5__G26__ch7__nav_sage_v2__ingestion_20260825_event_path_v1__center_121__mp_3,F1023_V70_D0120_P5__G26__ch7__nav_sage_v2__ingestion_20260825_event_path_v1__center_121,F1023_V70_D0120_P5__G26__ch7__nav_sage_v2__ingestion_20260825_event_path_v1,F1023_V70_D0120_P5__G26__ch7__nav_sage_v2,F1023_V70_D0120_P5,G26,121,40.2358809384164,4,3,3.1,99.6643020952852,-14.5216346072698,3,3,1,00111,2,121;122;123,3,VALID,Urban,,,inconclusive,0,ALGTRACK_0093,4,0.25,0,PRIMARY_ADMITTED_SENSITIVITY_EXCLUDED,COARSE_GRID_LOCK_CANDIDATE,NONE,EXACT_FOUR_REPEATED_DOPPLER_MODE,AUTHOR_APPROVED_KEEP_FULL_PRIMARY_20260831,1,0,0.25,0.25,,99.6643020952852,1.1314021114911006,4.611791239311203,,0,ENVIRONMENT_PARENT_ONLY
F1023_V70_D0120_P5__G26__ch7__nav_sage_v2__ingestion_20260825_event_path_v1__center_122__mp_1,F1023_V70_D0120_P5__G26__ch7__nav_sage_v2__ingestion_20260825_event_path_v1__center_122,F1023_V70_D0120_P5__G26__ch7__nav_sage_v2__ingestion_20260825_event_path_v1,F1023_V70_D0120_P5__G26__ch7__nav_sage_v2,F1023_V70_D0120_P5,G26,122,40.2558809384164,4,1,1.3,49.6643020952852,-4.95309453642054,4,4,1,01111,2,121;122;123;124,4,VALID,Urban,,,inconclusive,0,ALGTRACK_0091,4,0.25,0,PRIMARY_ADMITTED_SENSITIVITY_EXCLUDED,COARSE_GRID_LOCK_CANDIDATE,NONE,EXACT_FOUR_REPEATED_DOPPLER_MODE,AUTHOR_APPROVED_KEEP_FULL_PRIMARY_20260831,1,0,0.25,0.25,,49.6643020952852,0.26236426446749106,3.9252215619171245,,0,ENVIRONMENT_PARENT_ONLY
F1023_V70_D0120_P5__G26__ch7__nav_sage_v2__ingestion_20260825_event_path_v1__center_122__mp_2,F1023_V70_D0120_P5__G26__ch7__nav_sage_v2__ingestion_20260825_event_path_v1__center_122,F1023_V70_D0120_P5__G26__ch7__nav_sage_v2__ingestion_20260825_event_path_v1,F1023_V70_D0120_P5__G26__ch7__nav_sage_v2,F1023_V70_D0120_P5,G26,122,40.2558809384164,4,2,2.3,-50.3356979047148,-12.8294379295621,4,4,1,01111,2,121;122;123;124,4,VALID,Urban,,,inconclusive,0,ALGTRACK_0092,4,0.25,0,PRIMARY_ADMITTED_SENSITIVITY_EXCLUDED,COARSE_GRID_LOCK_CANDIDATE,NONE,EXACT_FOUR_REPEATED_DOPPLER_MODE,AUTHOR_APPROVED_KEEP_FULL_PRIMARY_20260831,1,0,0.25,0.25,,50.3356979047148,0.8329091229351039,3.9383863757635083,,0,ENVIRONMENT_PARENT_ONLY
F1023_V70_D0120_P5__G26__ch7__nav_sage_v2__ingestion_20260825_event_path_v1__center_122__mp_3,F1023_V70_D0120_P5__G26__ch7__nav_sage_v2__ingestion_20260825_event_path_v1__center_122,F1023_V70_D0120_P5__G26__ch7__nav_sage_v2__ingestion_20260825_event_path_v1,F1023_V70_D0120_P5__G26__ch7__nav_sage_v2,F1023_V70_D0120_P5,G26,122,40.2558809384164,4,3,3.3,99.6643020952852,-17.0087779023929,4,4,1,01111,2,121;122;123;124,4,VALID,Urban,,,inconclusive,0,ALGTRACK_0093,4,0.25,0,PRIMARY_ADMITTED_SENSITIVITY_EXCLUDED,COARSE_GRID_LOCK_CANDIDATE,NONE,EXACT_FOUR_REPEATED_DOPPLER_MODE,AUTHOR_APPROVED_KEEP_FULL_PRIMARY_20260831,1,0,0.25,0.25,,99.6643020952852,1.1939224684724346,4.611791239311203,,0,ENVIRONMENT_PARENT_ONLY
F1023_V70_D0120_P5__G26__ch7__nav_sage_v2__ingestion_20260825_event_path_v1__center_123__mp_1,F1023_V70_D0120_P5__G26__ch7__nav_sage_v2__ingestion_20260825_event_path_v1__center_123,F1023_V70_D0120_P5__G26__ch7__nav_sage_v2__ingestion_20260825_event_path_v1,F1023_V70_D0120_P5__G26__ch7__nav_sage_v2,F1023_V70_D0120_P5,G26,123,40.2758810361681,4,1,1.5,49.6643020952852,-4.12951560325006,4,4,1,11110,2,121;122;123;124,4,VALID,Urban,,,inconclusive,0,ALGTRACK_0091,4,0.25,0,PRIMARY_ADMITTED_SENSITIVITY_EXCLUDED,COARSE_GRID_LOCK_CANDIDATE,NONE,EXACT_FOUR_REPEATED_DOPPLER_MODE,AUTHOR_APPROVED_KEEP_FULL_PRIMARY_20260831,1,0,0.25,0.25,,49.6643020952852,0.4054651081081644,3.9252215619171245,,0,ENVIRONMENT_PARENT_ONLY
F1023_V70_D0120_P5__G26__ch7__nav_sage_v2__ingestion_20260825_event_path_v1__center_123__mp_2,F1023_V70_D0120_P5__G26__ch7__nav_sage_v2__ingestion_20260825_event_path_v1__center_123,F1023_V70_D0120_P5__G26__ch7__nav_sage_v2__ingestion_20260825_event_path_v1,F1023_V70_D0120_P5__G26__ch7__nav_sage_v2,F1023_V70_D0120_P5,G26,123,40.2758810361681,4,2,2.5,-50.3356979047148,-13.3339072072289,4,4,1,11110,2,121;122;123;124,4,VALID,Urban,,,inconclusive,0,ALGTRACK_0092,4,0.25,0,PRIMARY_ADMITTED_SENSITIVITY_EXCLUDED,COARSE_GRID_LOCK_CANDIDATE,NONE,EXACT_FOUR_REPEATED_DOPPLER_MODE,AUTHOR_APPROVED_KEEP_FULL_PRIMARY_20260831,1,0,0.25,0.25,,50.3356979047148,0.9162907318741551,3.9383863757635083,,0,ENVIRONMENT_PARENT_ONLY
F1023_V70_D0120_P5__G26__ch7__nav_sage_v2__ingestion_20260825_event_path_v1__center_123__mp_3,F1023_V70_D0120_P5__G26__ch7__nav_sage_v2__ingestion_20260825_event_path_v1__center_123,F1023_V70_D0120_P5__G26__ch7__nav_sage_v2__ingestion_20260825_event_path_v1,F1023_V70_D0120_P5__G26__ch7__nav_sage_v2,F1023_V70_D0120_P5,G26,123,40.2758810361681,4,3,3.5,99.6643020952852,-16.1664801440269,4,4,1,11110,2,121;122;123;124,4,VALID,Urban,,,inconclusive,0,ALGTRACK_0093,4,0.25,0,PRIMARY_ADMITTED_SENSITIVITY_EXCLUDED,COARSE_GRID_LOCK_CANDIDATE,NONE,EXACT_FOUR_REPEATED_DOPPLER_MODE,AUTHOR_APPROVED_KEEP_FULL_PRIMARY_20260831,1,0,0.25,0.25,,99.6643020952852,1.252762968495368,4.611791239311203,,0,ENVIRONMENT_PARENT_ONLY
F1023_V70_D0120_P5__G26__ch7__nav_sage_v2__ingestion_20260825_event_path_v1__center_124__mp_1,F1023_V70_D0120_P5__G26__ch7__nav_sage_v2__ingestion_20260825_event_path_v1__center_124,F1023_V70_D0120_P5__G26__ch7__nav_sage_v2__ingestion_20260825_event_path_v1,F1023_V70_D0120_P5__G26__ch7__nav_sage_v2,F1023_V70_D0120_P5,G26,124,40.2958811339198,4,1,1.8,49.6643020952852,-4.03780690969329,3,3,1,11100,2,122;123;124,3,VALID,Urban,,,inconclusive,0,ALGTRACK_0091,4,0.25,0,PRIMARY_ADMITTED_SENSITIVITY_EXCLUDED,COARSE_GRID_LOCK_CANDIDATE,NONE,EXACT_FOUR_REPEATED_DOPPLER_MODE,AUTHOR_APPROVED_KEEP_FULL_PRIMARY_20260831,1,0,0.25,0.25,,49.6643020952852,0.5877866649021191,3.9252215619171245,,0,ENVIRONMENT_PARENT_ONLY
F1023_V70_D0120_P5__G26__ch7__nav_sage_v2__ingestion_20260825_event_path_v1__center_124__mp_2,F1023_V70_D0120_P5__G26__ch7__nav_sage_v2__ingestion_20260825_event_path_v1__center_124,F1023_V70_D0120_P5__G26__ch7__nav_sage_v2__ingestion_20260825_event_path_v1,F1023_V70_D0120_P5__G26__ch7__nav_sage_v2,F1023_V70_D0120_P5,G26,124,40.2958811339198,4,2,2.8,-50.3356979047148,-12.6840299448072,3,3,1,11100,2,122;123;124,3,VALID,Urban,,,inconclusive,0,ALGTRACK_0092,4,0.25,0,PRIMARY_ADMITTED_SENSITIVITY_EXCLUDED,COARSE_GRID_LOCK_CANDIDATE,NONE,EXACT_FOUR_REPEATED_DOPPLER_MODE,AUTHOR_APPROVED_KEEP_FULL_PRIMARY_20260831,1,0,0.25,0.25,,50.3356979047148,1.0296194171811581,3.9383863757635083,,0,ENVIRONMENT_PARENT_ONLY
F1023_V70_D0120_P5__G26__ch7__nav_sage_v2__ingestion_20260825_event_path_v1__center_124__mp_3,F1023_V70_D0120_P5__G26__ch7__nav_sage_v2__ingestion_20260825_event_path_v1__center_124,F1023_V70_D0120_P5__G26__ch7__nav_sage_v2__ingestion_20260825_event_path_v1,F1023_V70_D0120_P5__G26__ch7__nav_sage_v2,F1023_V70_D0120_P5,G26,124,40.2958811339198,4,3,3.8,99.6643020952852,-15.4311604943694,3,3,1,11100,2,122;123;124,3,VALID,Urban,,,inconclusive,0,ALGTRACK_0093,4,0.25,0,PRIMARY_ADMITTED_SENSITIVITY_EXCLUDED,COARSE_GRID_LOCK_CANDIDATE,NONE,EXACT_FOUR_REPEATED_DOPPLER_MODE,AUTHOR_APPROVED_KEEP_FULL_PRIMARY_20260831,1,0,0.25,0.25,,99.6643020952852,1.33500106673234,4.611791239311203,,0,ENVIRONMENT_PARENT_ONLY
F1023_V70_D0120_P5__G26__ch7__nav_sage_v2__ingestion_20260825_event_path_v1__center_136__mp_1,F1023_V70_D0120_P5__G26__ch7__nav_sage_v2__ingestion_20260825_event_path_v1__center_136,F1023_V70_D0120_P5__G26__ch7__nav_sage_v2__ingestion_20260825_event_path_v1,F1023_V70_D0120_P5__G26__ch7__nav_sage_v2,F1023_V70_D0120_P5,G26,136,40.5358819159335,4,1,1.4,-55.3356979047148,-5.57198810152906,3,3,1,00111,2,136;137;138,3,VALID,Urban,,,inconclusive,0,ALGTRACK_0094,3,0.3333333333333333,0,PRIMARY_ADMITTED_SENSITIVITY_INCLUDED,FINE_GRID_QUANTIZED_VALID,NONE,NONE,AUTHOR_APPROVED_KEEP_FULL_PRIMARY_20260831,1,1,0.3333333333333333,0.333333333333,1,55.3356979047148,0.3364722366212129,4.031328400013961,,0,ENVIRONMENT_PARENT_ONLY
F1023_V70_D0120_P5__G26__ch7__nav_sage_v2__ingestion_20260825_event_path_v1__center_136__mp_2,F1023_V70_D0120_P5__G26__ch7__nav_sage_v2__ingestion_20260825_event_path_v1__center_136,F1023_V70_D0120_P5__G26__ch7__nav_sage_v2__ingestion_20260825_event_path_v1,F1023_V70_D0120_P5__G26__ch7__nav_sage_v2,F1023_V70_D0120_P5,G26,136,40.5358819159335,4,2,2.4,-100.335697904715,-11.292248280002,3,3,1,00111,2,136;137;138,3,VALID,Urban,,,inconclusive,0,ALGTRACK_0095,3,0.3333333333333333,0,PRIMARY_ADMITTED_SENSITIVITY_EXCLUDED,COARSE_GRID_LOCK_CANDIDATE,NONE,EXACT_FOUR_REPEATED_DOPPLER_MODE,AUTHOR_APPROVED_KEEP_FULL_PRIMARY_20260831,1,0,0.3333333333333333,0.333333333333,,100.335697904715,0.8754687373538999,4.618438747051868,,0,ENVIRONMENT_PARENT_ONLY
F1023_V70_D0120_P5__G26__ch7__nav_sage_v2__ingestion_20260825_event_path_v1__center_136__mp_3,F1023_V70_D0120_P5__G26__ch7__nav_sage_v2__ingestion_20260825_event_path_v1__center_136,F1023_V70_D0120_P5__G26__ch7__nav_sage_v2__ingestion_20260825_event_path_v1,F1023_V70_D0120_P5__G26__ch7__nav_sage_v2,F1023_V70_D0120_P5,G26,136,40.5358819159335,4,3,3.4,49.6643020952852,-12.4142241517498,3,3,1,00111,2,136;137;138,3,VALID,Urban,,,inconclusive,0,ALGTRACK_0096,3,0.3333333333333333,0,PRIMARY_ADMITTED_SENSITIVITY_EXCLUDED,COARSE_GRID_LOCK_CANDIDATE,NONE,EXACT_FOUR_REPEATED_DOPPLER_MODE,AUTHOR_APPROVED_KEEP_FULL_PRIMARY_20260831,1,0,0.3333333333333333,0.333333333333,,49.6643020952852,1.2237754316221157,3.9252215619171245,,0,ENVIRONMENT_PARENT_ONLY
F1023_V70_D0120_P5__G26__ch7__nav_sage_v2__ingestion_20260825_event_path_v1__center_137__mp_1,F1023_V70_D0120_P5__G26__ch7__nav_sage_v2__ingestion_20260825_event_path_v1__center_137,F1023_V70_D0120_P5__G26__ch7__nav_sage_v2__ingestion_20260825_event_path_v1,F1023_V70_D0120_P5__G26__ch7__nav_sage_v2,F1023_V70_D0120_P5,G26,137,40.5558820136852,4,1,1.9,-50.3356979047148,-6.55438439201571,4,4,1,01111,2,136;137;138;139,4,VALID,Urban,,,inconclusive,0,ALGTRACK_0094,3,0.3333333333333333,0,PRIMARY_ADMITTED_SENSITIVITY_EXCLUDED,COARSE_GRID_LOCK_CANDIDATE,NONE,EXACT_FOUR_REPEATED_DOPPLER_MODE,AUTHOR_APPROVED_KEEP_FULL_PRIMARY_20260831,1,0,0.3333333333333333,0.333333333333,,50.3356979047148,0.6418538861723947,3.9383863757635083,,0,ENVIRONMENT_PARENT_ONLY
F1023_V70_D0120_P5__G26__ch7__nav_sage_v2__ingestion_20260825_event_path_v1__center_137__mp_2,F1023_V70_D0120_P5__G26__ch7__nav_sage_v2__ingestion_20260825_event_path_v1__center_137,F1023_V70_D0120_P5__G26__ch7__nav_sage_v2__ingestion_20260825_event_path_v1,F1023_V70_D0120_P5__G26__ch7__nav_sage_v2,F1023_V70_D0120_P5,G26,137,40.5558820136852,4,2,2.9,49.6643020952852,-12.8988029644682,4,4,1,01111,2,136;137;138;139,4,VALID,Urban,,,inconclusive,0,ALGTRACK_0095,3,0.3333333333333333,0,PRIMARY_ADMITTED_SENSITIVITY_EXCLUDED,COARSE_GRID_LOCK_CANDIDATE,NONE,EXACT_FOUR_REPEATED_DOPPLER_MODE,AUTHOR_APPROVED_KEEP_FULL_PRIMARY_20260831,1,0,0.3333333333333333,0.333333333333,,49.6643020952852,1.0647107369924282,3.9252215619171245,,0,ENVIRONMENT_PARENT_ONLY
F1023_V70_D0120_P5__G26__ch7__nav_sage_v2__ingestion_20260825_event_path_v1__center_137__mp_3,F1023_V70_D0120_P5__G26__ch7__nav_sage_v2__ingestion_20260825_event_path_v1__center_137,F1023_V70_D0120_P5__G26__ch7__nav_sage_v2__ingestion_20260825_event_path_v1,F1023_V70_D0120_P5__G26__ch7__nav_sage_v2,F1023_V70_D0120_P5,G26,137,40.5558820136852,4,3,3.9,-100.335697904715,-15.9644660895212,3,3,1,01110,2,136;137;138,3,VALID,Urban,,,inconclusive,0,ALGTRACK_0096,3,0.3333333333333333,0,PRIMARY_ADMITTED_SENSITIVITY_EXCLUDED,COARSE_GRID_LOCK_CANDIDATE,NONE,EXACT_FOUR_REPEATED_DOPPLER_MODE,AUTHOR_APPROVED_KEEP_FULL_PRIMARY_20260831,1,0,0.3333333333333333,0.333333333333,,100.335697904715,1.3609765531356006,4.618438747051868,,0,ENVIRONMENT_PARENT_ONLY
F1023_V70_D0120_P5__G26__ch7__nav_sage_v2__ingestion_20260825_event_path_v1__center_138__mp_1,F1023_V70_D0120_P5__G26__ch7__nav_sage_v2__ingestion_20260825_event_path_v1__center_138,F1023_V70_D0120_P5__G26__ch7__nav_sage_v2__ingestion_20260825_event_path_v1,F1023_V70_D0120_P5__G26__ch7__nav_sage_v2,F1023_V70_D0120_P5,G26,138,40.5758821114369,4,1,1.1,-50.3356979047148,-5.06909709081309,5,5,1,11111,2,136;137;138;139;140,5,VALID,Urban,,,inconclusive,0,ALGTRACK_0094,3,0.3333333333333333,0,PRIMARY_ADMITTED_SENSITIVITY_EXCLUDED,COARSE_GRID_LOCK_CANDIDATE,NONE,EXACT_FOUR_REPEATED_DOPPLER_MODE,AUTHOR_APPROVED_KEEP_FULL_PRIMARY_20260831,1,0,0.3333333333333333,0.333333333333,,50.3356979047148,0.09531017980432493,3.9383863757635083,,0,ENVIRONMENT_PARENT_ONLY
F1023_V70_D0120_P5__G26__ch7__nav_sage_v2__ingestion_20260825_event_path_v1__center_138__mp_2,F1023_V70_D0120_P5__G26__ch7__nav_sage_v2__ingestion_20260825_event_path_v1__center_138,F1023_V70_D0120_P5__G26__ch7__nav_sage_v2__ingestion_20260825_event_path_v1,F1023_V70_D0120_P5__G26__ch7__nav_sage_v2,F1023_V70_D0120_P5,G26,138,40.5758821114369,4,2,2.1,49.6643020952852,-13.210229718564,5,5,1,11111,2,136;137;138;139;140,5,VALID,Urban,,,inconclusive,0,ALGTRACK_0095,3,0.3333333333333333,0,PRIMARY_ADMITTED_SENSITIVITY_EXCLUDED,COARSE_GRID_LOCK_CANDIDATE,NONE,EXACT_FOUR_REPEATED_DOPPLER_MODE,AUTHOR_APPROVED_KEEP_FULL_PRIMARY_20260831,1,0,0.3333333333333333,0.333333333333,,49.6643020952852,0.7419373447293773,3.9252215619171245,,0,ENVIRONMENT_PARENT_ONLY
F1023_V70_D0120_P5__G26__ch7__nav_sage_v2__ingestion_20260825_event_path_v1__center_138__mp_3,F1023_V70_D0120_P5__G26__ch7__nav_sage_v2__ingestion_20260825_event_path_v1__center_138,F1023_V70_D0120_P5__G26__ch7__nav_sage_v2__ingestion_20260825_event_path_v1,F1023_V70_D0120_P5__G26__ch7__nav_sage_v2,F1023_V70_D0120_P5,G26,138,40.5758821114369,4,3,3.1,-100.335697904715,-16.11144011328,4,3,1,11101,2,136;137;138;140,4,VALID,Urban,,,inconclusive,0,ALGTRACK_0096,3,0.3333333333333333,0,PRIMARY_ADMITTED_SENSITIVITY_EXCLUDED,COARSE_GRID_LOCK_CANDIDATE,NONE,EXACT_FOUR_REPEATED_DOPPLER_MODE,AUTHOR_APPROVED_KEEP_FULL_PRIMARY_20260831,1,0,0.3333333333333333,0.333333333333,,100.335697904715,1.1314021114911006,4.618438747051868,,0,ENVIRONMENT_PARENT_ONLY
F1023_V70_D0120_P5__G26__ch7__nav_sage_v2__ingestion_20260825_event_path_v1__center_286__mp_1,F1023_V70_D0120_P5__G26__ch7__nav_sage_v2__ingestion_20260825_event_path_v1__center_286,F1023_V70_D0120_P5__G26__ch7__nav_sage_v2__ingestion_20260825_event_path_v1,F1023_V70_D0120_P5__G26__ch7__nav_sage_v2,F1023_V70_D0120_P5,G26,286,43.5358921798631,4,1,1.3,-55.3356979047148,-5.42996226317611,3,3,1,00111,2,286;287;288,3,VALID,Urban,,,inconclusive,0,ALGTRACK_0097,3,0.3333333333333333,0,PRIMARY_ADMITTED_SENSITIVITY_INCLUDED,FINE_GRID_QUANTIZED_VALID,NONE,NONE,AUTHOR_APPROVED_KEEP_FULL_PRIMARY_20260831,1,1,0.3333333333333333,0.333333333333,0.5,55.3356979047148,0.26236426446749106,4.031328400013961,,0,ENVIRONMENT_PARENT_ONLY
F1023_V70_D0120_P5__G26__ch7__nav_sage_v2__ingestion_20260825_event_path_v1__center_286__mp_2,F1023_V70_D0120_P5__G26__ch7__nav_sage_v2__ingestion_20260825_event_path_v1__center_286,F1023_V70_D0120_P5__G26__ch7__nav_sage_v2__ingestion_20260825_event_path_v1,F1023_V70_D0120_P5__G26__ch7__nav_sage_v2,F1023_V70_D0120_P5,G26,286,43.5358921798631,4,2,2.3,44.6643020952852,-9.9782293514977,3,3,1,00111,2,286;287;288,3,VALID,Urban,,,inconclusive,0,ALGTRACK_0098,3,0.3333333333333333,0,PRIMARY_ADMITTED_SENSITIVITY_INCLUDED,FINE_GRID_QUANTIZED_VALID,NONE,NONE,AUTHOR_APPROVED_KEEP_FULL_PRIMARY_20260831,1,1,0.3333333333333333,0.333333333333,1,44.6643020952852,0.8329091229351039,3.821316856884079,,0,ENVIRONMENT_PARENT_ONLY
F1023_V70_D0120_P5__G26__ch7__nav_sage_v2__ingestion_20260825_event_path_v1__center_286__mp_3,F1023_V70_D0120_P5__G26__ch7__nav_sage_v2__ingestion_20260825_event_path_v1__center_286,F1023_V70_D0120_P5__G26__ch7__nav_sage_v2__ingestion_20260825_event_path_v1,F1023_V70_D0120_P5__G26__ch7__nav_sage_v2,F1023_V70_D0120_P5,G26,286,43.5358921798631,4,3,3.3,-100.335697904715,-13.5181636644934,3,3,1,00111,2,286;287;288,3,VALID,Urban,,,inconclusive,0,ALGTRACK_0099,3,0.3333333333333333,0,PRIMARY_ADMITTED_SENSITIVITY_EXCLUDED,COARSE_GRID_LOCK_CANDIDATE,NONE,EXACT_FOUR_REPEATED_DOPPLER_MODE,AUTHOR_APPROVED_KEEP_FULL_PRIMARY_20260831,1,0,0.3333333333333333,0.333333333333,,100.335697904715,1.1939224684724346,4.618438747051868,,0,ENVIRONMENT_PARENT_ONLY
F1023_V70_D0120_P5__G26__ch7__nav_sage_v2__ingestion_20260825_event_path_v1__center_287__mp_1,F1023_V70_D0120_P5__G26__ch7__nav_sage_v2__ingestion_20260825_event_path_v1__center_287,F1023_V70_D0120_P5__G26__ch7__nav_sage_v2__ingestion_20260825_event_path_v1,F1023_V70_D0120_P5__G26__ch7__nav_sage_v2,F1023_V70_D0120_P5,G26,287,43.5558922776149,4,1,1,-50.3356979047148,-5.59682540666071,3,3,1,01110,2,286;287;288,3,VALID,Urban,,,inconclusive,0,ALGTRACK_0097,3,0.3333333333333333,0,PRIMARY_ADMITTED_SENSITIVITY_EXCLUDED,COARSE_GRID_LOCK_CANDIDATE,NONE,EXACT_FOUR_REPEATED_DOPPLER_MODE,AUTHOR_APPROVED_KEEP_FULL_PRIMARY_20260831,1,0,0.3333333333333333,0.333333333333,,50.3356979047148,0.0,3.9383863757635083,,0,ENVIRONMENT_PARENT_ONLY
F1023_V70_D0120_P5__G26__ch7__nav_sage_v2__ingestion_20260825_event_path_v1__center_287__mp_2,F1023_V70_D0120_P5__G26__ch7__nav_sage_v2__ingestion_20260825_event_path_v1__center_287,F1023_V70_D0120_P5__G26__ch7__nav_sage_v2__ingestion_20260825_event_path_v1,F1023_V70_D0120_P5__G26__ch7__nav_sage_v2,F1023_V70_D0120_P5,G26,287,43.5558922776149,4,2,2,49.6643020952852,-12.836695236543,4,4,1,01111,2,286;287;288;289,4,VALID,Urban,,,inconclusive,0,ALGTRACK_0098,3,0.3333333333333333,0,PRIMARY_ADMITTED_SENSITIVITY_EXCLUDED,COARSE_GRID_LOCK_CANDIDATE,NONE,EXACT_FOUR_REPEATED_DOPPLER_MODE,AUTHOR_APPROVED_KEEP_FULL_PRIMARY_20260831,1,0,0.3333333333333333,0.333333333333,,49.6643020952852,0.6931471805599453,3.9252215619171245,,0,ENVIRONMENT_PARENT_ONLY
F1023_V70_D0120_P5__G26__ch7__nav_sage_v2__ingestion_20260825_event_path_v1__center_287__mp_3,F1023_V70_D0120_P5__G26__ch7__nav_sage_v2__ingestion_20260825_event_path_v1__center_287,F1023_V70_D0120_P5__G26__ch7__nav_sage_v2__ingestion_20260825_event_path_v1,F1023_V70_D0120_P5__G26__ch7__nav_sage_v2,F1023_V70_D0120_P5,G26,287,43.5558922776149,4,3,3,-100.335697904715,-14.7205022646819,3,3,1,01110,2,286;287;288,3,VALID,Urban,,,inconclusive,0,ALGTRACK_0099,3,0.3333333333333333,0,PRIMARY_ADMITTED_SENSITIVITY_EXCLUDED,COARSE_GRID_LOCK_CANDIDATE,NONE,EXACT_FOUR_REPEATED_DOPPLER_MODE,AUTHOR_APPROVED_KEEP_FULL_PRIMARY_20260831,1,0,0.3333333333333333,0.333333333333,,100.335697904715,1.0986122886681098,4.618438747051868,,0,ENVIRONMENT_PARENT_ONLY
F1023_V70_D0120_P5__G26__ch7__nav_sage_v2__ingestion_20260825_event_path_v1__center_288__mp_1,F1023_V70_D0120_P5__G26__ch7__nav_sage_v2__ingestion_20260825_event_path_v1__center_288,F1023_V70_D0120_P5__G26__ch7__nav_sage_v2__ingestion_20260825_event_path_v1,F1023_V70_D0120_P5__G26__ch7__nav_sage_v2,F1023_V70_D0120_P5,G26,288,43.5758923753666,4,1,1.1,-55.3356979047148,-6.24286127094918,3,3,1,11100,2,286;287;288,3,VALID,Urban,,,inconclusive,0,ALGTRACK_0097,3,0.3333333333333333,0,PRIMARY_ADMITTED_SENSITIVITY_INCLUDED,FINE_GRID_QUANTIZED_VALID,NONE,NONE,AUTHOR_APPROVED_KEEP_FULL_PRIMARY_20260831,1,1,0.3333333333333333,0.333333333333,0.5,55.3356979047148,0.09531017980432493,4.031328400013961,,0,ENVIRONMENT_PARENT_ONLY
F1023_V70_D0120_P5__G26__ch7__nav_sage_v2__ingestion_20260825_event_path_v1__center_288__mp_2,F1023_V70_D0120_P5__G26__ch7__nav_sage_v2__ingestion_20260825_event_path_v1__center_288,F1023_V70_D0120_P5__G26__ch7__nav_sage_v2__ingestion_20260825_event_path_v1,F1023_V70_D0120_P5__G26__ch7__nav_sage_v2,F1023_V70_D0120_P5,G26,288,43.5758923753666,4,2,2.1,-100.335697904715,-12.3541420161914,3,3,1,11100,2,286;287;288,3,VALID,Urban,,,inconclusive,0,ALGTRACK_0098,3,0.3333333333333333,0,PRIMARY_ADMITTED_SENSITIVITY_EXCLUDED,COARSE_GRID_LOCK_CANDIDATE,NONE,EXACT_FOUR_REPEATED_DOPPLER_MODE,AUTHOR_APPROVED_KEEP_FULL_PRIMARY_20260831,1,0,0.3333333333333333,0.333333333333,,100.335697904715,0.7419373447293773,4.618438747051868,,0,ENVIRONMENT_PARENT_ONLY
F1023_V70_D0120_P5__G26__ch7__nav_sage_v2__ingestion_20260825_event_path_v1__center_288__mp_3,F1023_V70_D0120_P5__G26__ch7__nav_sage_v2__ingestion_20260825_event_path_v1__center_288,F1023_V70_D0120_P5__G26__ch7__nav_sage_v2__ingestion_20260825_event_path_v1,F1023_V70_D0120_P5__G26__ch7__nav_sage_v2,F1023_V70_D0120_P5,G26,288,43.5758923753666,4,3,3.1,49.6643020952852,-14.1030230484484,3,3,1,11100,2,286;287;288,3,VALID,Urban,,,inconclusive,0,ALGTRACK_0099,3,0.3333333333333333,0,PRIMARY_ADMITTED_SENSITIVITY_EXCLUDED,COARSE_GRID_LOCK_CANDIDATE,NONE,EXACT_FOUR_REPEATED_DOPPLER_MODE,AUTHOR_APPROVED_KEEP_FULL_PRIMARY_20260831,1,0,0.3333333333333333,0.333333333333,,49.6643020952852,1.1314021114911006,3.9252215619171245,,0,ENVIRONMENT_PARENT_ONLY
F1023_V70_D0120_P5__G26__ch7__nav_sage_v2__ingestion_20260825_event_path_v1__center_609__mp_1,F1023_V70_D0120_P5__G26__ch7__nav_sage_v2__ingestion_20260825_event_path_v1__center_609,F1023_V70_D0120_P5__G26__ch7__nav_sage_v2__ingestion_20260825_event_path_v1,F1023_V70_D0120_P5__G26__ch7__nav_sage_v2,F1023_V70_D0120_P5,G26,609,49.9959142717498,4,1,1.5,49.6643020952852,-3.80470432584407,3,3,1,11100,2,607;608;609,3,VALID,Urban,74,HIGH,valid,1,ALGTRACK_0100,1,1.0,1,PRIMARY_ADMITTED_SENSITIVITY_EXCLUDED,COARSE_GRID_LOCK_CANDIDATE,NONE,EXACT_FOUR_REPEATED_DOPPLER_MODE,AUTHOR_APPROVED_KEEP_FULL_PRIMARY_20260831,1,0,1.0,1,,49.6643020952852,0.4054651081081644,3.9252215619171245,Urban__HIGH,1,CELL_AND_ENVIRONMENT
F1023_V70_D0120_P5__G26__ch7__nav_sage_v2__ingestion_20260825_event_path_v1__center_609__mp_2,F1023_V70_D0120_P5__G26__ch7__nav_sage_v2__ingestion_20260825_event_path_v1__center_609,F1023_V70_D0120_P5__G26__ch7__nav_sage_v2__ingestion_20260825_event_path_v1,F1023_V70_D0120_P5__G26__ch7__nav_sage_v2,F1023_V70_D0120_P5,G26,609,49.9959142717498,4,2,2.5,-50.3356979047148,-13.4771142505765,3,3,1,11100,2,607;608;609,3,VALID,Urban,74,HIGH,valid,1,ALGTRACK_0101,1,1.0,1,PRIMARY_ADMITTED_SENSITIVITY_EXCLUDED,COARSE_GRID_LOCK_CANDIDATE,NONE,EXACT_FOUR_REPEATED_DOPPLER_MODE,AUTHOR_APPROVED_KEEP_FULL_PRIMARY_20260831,1,0,1.0,1,,50.3356979047148,0.9162907318741551,3.9383863757635083,Urban__HIGH,1,CELL_AND_ENVIRONMENT
F1023_V70_D0120_P5__G26__ch7__nav_sage_v2__ingestion_20260825_event_path_v1__center_609__mp_3,F1023_V70_D0120_P5__G26__ch7__nav_sage_v2__ingestion_20260825_event_path_v1__center_609,F1023_V70_D0120_P5__G26__ch7__nav_sage_v2__ingestion_20260825_event_path_v1,F1023_V70_D0120_P5__G26__ch7__nav_sage_v2,F1023_V70_D0120_P5,G26,609,49.9959142717498,4,3,3.5,99.6643020952852,-15.2239479319086,3,3,1,11100,2,607;608;609,3,VALID,Urban,74,HIGH,valid,1,ALGTRACK_0102,1,1.0,1,PRIMARY_ADMITTED_SENSITIVITY_EXCLUDED,COARSE_GRID_LOCK_CANDIDATE,NONE,EXACT_FOUR_REPEATED_DOPPLER_MODE,AUTHOR_APPROVED_KEEP_FULL_PRIMARY_20260831,1,0,1.0,1,,99.6643020952852,1.252762968495368,4.611791239311203,Urban__HIGH,1,CELL_AND_ENVIRONMENT
F1023_V70_D0120_P5__G26__ch7__nav_sage_v2__ingestion_20260825_event_path_v1__center_903__mp_1,F1023_V70_D0120_P5__G26__ch7__nav_sage_v2__ingestion_20260825_event_path_v1__center_903,F1023_V70_D0120_P5__G26__ch7__nav_sage_v2__ingestion_20260825_event_path_v1,F1023_V70_D0120_P5__G26__ch7__nav_sage_v2,F1023_V70_D0120_P5,G26,903,55.8759344086021,2,1,1.1,9.66430209528517,-14.4536598262847,3,3,1,01110,2,902;903;904,3,VALID,Urban,74,HIGH,valid,1,ALGTRACK_0103,1,1.0,1,PRIMARY_ADMITTED_SENSITIVITY_INCLUDED,FINE_GRID_QUANTIZED_VALID,NONE,NONE,AUTHOR_APPROVED_KEEP_FULL_PRIMARY_20260831,1,1,1.0,1,1,9.66430209528517,0.09531017980432493,2.366901910990276,Urban__HIGH,1,CELL_AND_ENVIRONMENT
F1023_V70_D0120_P5__G26__ch7__nav_sage_v2__ingestion_20260825_event_path_v1__center_906__mp_1,F1023_V70_D0120_P5__G26__ch7__nav_sage_v2__ingestion_20260825_event_path_v1__center_906,F1023_V70_D0120_P5__G26__ch7__nav_sage_v2__ingestion_20260825_event_path_v1,F1023_V70_D0120_P5__G26__ch7__nav_sage_v2,F1023_V70_D0120_P5,G26,906,55.9359346041056,2,1,1.1,-10.3356979047148,-15.1507032344355,3,3,1,00111,2,906;907;908,3,VALID,Urban,74,HIGH,valid,1,ALGTRACK_0104,1,1.0,1,PRIMARY_ADMITTED_SENSITIVITY_INCLUDED,FINE_GRID_QUANTIZED_VALID,NONE,NONE,AUTHOR_APPROVED_KEEP_FULL_PRIMARY_20260831,1,1,1.0,1,1,10.3356979047148,0.09531017980432493,2.427956852837341,Urban__HIGH,1,CELL_AND_ENVIRONMENT
F1023_V70_D0120_P7__G18__ch4__nav_sage_v2__ingestion_20260825_event_path_v1__center_84__mp_1,F1023_V70_D0120_P7__G18__ch4__nav_sage_v2__ingestion_20260825_event_path_v1__center_84,F1023_V70_D0120_P7__G18__ch4__nav_sage_v2__ingestion_20260825_event_path_v1,F1023_V70_D0120_P7__G18__ch4__nav_sage_v2,F1023_V70_D0120_P7,G18,84,43.4413816226784,2,1,1,-10.3356979047148,-12.2017981853997,4,4,1,01111,2,83;84;85;86,4,VALID,Urban,74,HIGH,valid,1,ALGTRACK_0111,1,1.0,1,PRIMARY_ADMITTED_SENSITIVITY_INCLUDED,FINE_GRID_QUANTIZED_VALID,NONE,NONE,AUTHOR_APPROVED_KEEP_FULL_PRIMARY_20260831,1,1,1.0,1,1,10.3356979047148,0.0,2.427956852837341,Urban__HIGH,1,CELL_AND_ENVIRONMENT
F1023_V70_D0120_P7__G18__ch4__nav_sage_v2__ingestion_20260825_event_path_v1__center_145__mp_1,F1023_V70_D0120_P7__G18__ch4__nav_sage_v2__ingestion_20260825_event_path_v1__center_145,F1023_V70_D0120_P7__G18__ch4__nav_sage_v2__ingestion_20260825_event_path_v1,F1023_V70_D0120_P7__G18__ch4__nav_sage_v2,F1023_V70_D0120_P7,G18,145,44.6613853372434,3,1,1.9,26.9051820222085,-2.88225690135127,3,3,1,01110,2,144;145;146,3,VALID,Urban,74,HIGH,valid,1,ALGTRACK_0105,1,1.0,1,PRIMARY_ADMITTED_SENSITIVITY_INCLUDED,FINE_GRID_QUANTIZED_VALID,NONE,NONE,AUTHOR_APPROVED_KEEP_FULL_PRIMARY_20260831,1,1,1.0,1,1,26.9051820222085,0.6418538861723947,3.3288124071436345,Urban__HIGH,1,CELL_AND_ENVIRONMENT
F1023_V70_D0120_P7__G18__ch4__nav_sage_v2__ingestion_20260825_event_path_v1__center_145__mp_2,F1023_V70_D0120_P7__G18__ch4__nav_sage_v2__ingestion_20260825_event_path_v1__center_145,F1023_V70_D0120_P7__G18__ch4__nav_sage_v2__ingestion_20260825_event_path_v1,F1023_V70_D0120_P7__G18__ch4__nav_sage_v2,F1023_V70_D0120_P7,G18,145,44.6613853372434,3,2,2.9,68.0948179777915,-12.2712456160007,3,3,1,01110,2,144;145;146,3,VALID,Urban,74,HIGH,valid,1,ALGTRACK_0106,1,1.0,1,PRIMARY_ADMITTED_SENSITIVITY_INCLUDED,BOUNDARY_SATURATION_CANDIDATE,NONE,NONE,AUTHOR_APPROVED_KEEP_FULL_PRIMARY_20260831,1,1,1.0,1,1,68.0948179777915,1.0647107369924282,4.235479734875995,Urban__HIGH,1,CELL_AND_ENVIRONMENT
F1023_V70_D0120_P7__G18__ch4__nav_sage_v2__ingestion_20260825_event_path_v1__center_350__mp_1,F1023_V70_D0120_P7__G18__ch4__nav_sage_v2__ingestion_20260825_event_path_v1__center_350,F1023_V70_D0120_P7__G18__ch4__nav_sage_v2__ingestion_20260825_event_path_v1,F1023_V70_D0120_P7__G18__ch4__nav_sage_v2,F1023_V70_D0120_P7,G18,350,48.7613977517107,2,1,1.4,-24.8368689202298,-4.38257487418006,3,3,1,00111,2,350;351;352,3,VALID,Urban,74,HIGH,valid,1,ALGTRACK_0108,2,0.5,1,PRIMARY_ADMITTED_SENSITIVITY_INCLUDED,FINE_GRID_QUANTIZED_VALID,NONE,NONE,AUTHOR_APPROVED_KEEP_FULL_PRIMARY_20260831,1,1,0.5,0.5,0.5,24.8368689202298,0.3364722366212129,3.251802499754771,Urban__HIGH,1,CELL_AND_ENVIRONMENT
F1023_V70_D0120_P7__G18__ch4__nav_sage_v2__ingestion_20260825_event_path_v1__center_352__mp_1,F1023_V70_D0120_P7__G18__ch4__nav_sage_v2__ingestion_20260825_event_path_v1__center_352,F1023_V70_D0120_P7__G18__ch4__nav_sage_v2__ingestion_20260825_event_path_v1,F1023_V70_D0120_P7__G18__ch4__nav_sage_v2,F1023_V70_D0120_P7,G18,352,48.8013979472141,3,1,1.1,-25.5224571961462,-2.4833670632139,3,3,1,11100,2,350;351;352,3,VALID,Urban,74,HIGH,valid,1,ALGTRACK_0108,2,0.5,1,PRIMARY_ADMITTED_SENSITIVITY_INCLUDED,FINE_GRID_QUANTIZED_VALID,NONE,NONE,AUTHOR_APPROVED_KEEP_FULL_PRIMARY_20260831,1,1,0.5,0.5,0.5,25.5224571961462,0.09531017980432493,3.2779918154804877,Urban__HIGH,1,CELL_AND_ENVIRONMENT
F1023_V70_D0120_P7__G18__ch4__nav_sage_v2__ingestion_20260825_event_path_v1__center_352__mp_2,F1023_V70_D0120_P7__G18__ch4__nav_sage_v2__ingestion_20260825_event_path_v1__center_352,F1023_V70_D0120_P7__G18__ch4__nav_sage_v2__ingestion_20260825_event_path_v1,F1023_V70_D0120_P7__G18__ch4__nav_sage_v2,F1023_V70_D0120_P7,G18,352,48.8013979472141,3,2,2.1,19.4775428038538,-16.203350744665,3,3,1,00111,2,352;353;354,3,VALID,Urban,74,HIGH,valid,1,ALGTRACK_0109,1,1.0,1,PRIMARY_ADMITTED_SENSITIVITY_INCLUDED,COARSE_GRID_LOCK_CANDIDATE,NONE,NONE,AUTHOR_APPROVED_KEEP_FULL_PRIMARY_20260831,1,1,1.0,1,1,19.4775428038538,0.7419373447293773,3.019328812692521,Urban__HIGH,1,CELL_AND_ENVIRONMENT
F1023_V70_D0120_P7__G18__ch4__nav_sage_v2__ingestion_20260825_event_path_v1__center_417__mp_1,F1023_V70_D0120_P7__G18__ch4__nav_sage_v2__ingestion_20260825_event_path_v1__center_417,F1023_V70_D0120_P7__G18__ch4__nav_sage_v2__ingestion_20260825_event_path_v1,F1023_V70_D0120_P7__G18__ch4__nav_sage_v2,F1023_V70_D0120_P7,G18,417,50.1014018572825,2,1,1,-10.3847998909941,-9.74996476416508,3,3,1,00111,2,417;418;419,3,VALID,Urban,74,HIGH,valid,1,ALGTRACK_0110,1,1.0,1,PRIMARY_ADMITTED_SENSITIVITY_INCLUDED,FINE_GRID_QUANTIZED_VALID,NONE,NONE,AUTHOR_APPROVED_KEEP_FULL_PRIMARY_20260831,1,1,1.0,1,1,10.3847998909941,0.0,2.4322791228126257,Urban__HIGH,1,CELL_AND_ENVIRONMENT
F1023_V70_D0120_P7__G18__ch4__nav_sage_v2__ingestion_20260825_event_path_v1__center_982__mp_1,F1023_V70_D0120_P7__G18__ch4__nav_sage_v2__ingestion_20260825_event_path_v1__center_982,F1023_V70_D0120_P7__G18__ch4__nav_sage_v2__ingestion_20260825_event_path_v1,F1023_V70_D0120_P7__G18__ch4__nav_sage_v2,F1023_V70_D0120_P7,G18,982,61.4014362658847,3,1,1.5,41.5493760941044,-10.2377816847866,3,3,1,00111,2,982;983;984,3,VALID,Urban,74,HIGH,valid,1,ALGTRACK_0112,1,1.0,1,PRIMARY_ADMITTED_SENSITIVITY_INCLUDED,COARSE_GRID_LOCK_CANDIDATE,NONE,NONE,AUTHOR_APPROVED_KEEP_FULL_PRIMARY_20260831,1,1,1.0,1,1,41.5493760941044,0.4054651081081644,3.750665192023619,Urban__HIGH,1,CELL_AND_ENVIRONMENT
F1023_V70_D0120_P7__G18__ch4__nav_sage_v2__ingestion_20260825_event_path_v1__center_982__mp_2,F1023_V70_D0120_P7__G18__ch4__nav_sage_v2__ingestion_20260825_event_path_v1__center_982,F1023_V70_D0120_P7__G18__ch4__nav_sage_v2__ingestion_20260825_event_path_v1,F1023_V70_D0120_P7__G18__ch4__nav_sage_v2,F1023_V70_D0120_P7,G18,982,61.4014362658847,3,2,2.5,-58.4506239058956,-11.5509372489708,3,3,1,00111,2,982;983;984,3,VALID,Urban,74,HIGH,valid,1,ALGTRACK_0113,1,1.0,1,PRIMARY_ADMITTED_SENSITIVITY_INCLUDED,BOUNDARY_SATURATION_CANDIDATE,NONE,NONE,AUTHOR_APPROVED_KEEP_FULL_PRIMARY_20260831,1,1,1.0,1,1,58.4506239058956,0.9162907318741551,4.085146117714113,Urban__HIGH,1,CELL_AND_ENVIRONMENT
F1023_V70_D0120_P7__G18__ch4__nav_sage_v2__ingestion_20260825_event_path_v1__center_2197__mp_1,F1023_V70_D0120_P7__G18__ch4__nav_sage_v2__ingestion_20260825_event_path_v1__center_2197,F1023_V70_D0120_P7__G18__ch4__nav_sage_v2__ingestion_20260825_event_path_v1,F1023_V70_D0120_P7__G18__ch4__nav_sage_v2,F1023_V70_D0120_P7,G18,2197,85.7015105571847,2,1,1.9,-40.6667846715245,-1.79845665301166,3,3,1,00111,2,2197;2198;2199,3,VALID,Urban,74,HIGH,valid,1,ALGTRACK_0107,1,1.0,1,PRIMARY_ADMITTED_SENSITIVITY_INCLUDED,COARSE_GRID_LOCK_CANDIDATE,NONE,NONE,AUTHOR_APPROVED_KEEP_FULL_PRIMARY_20260831,1,1,1.0,1,1,40.6667846715245,0.6418538861723947,3.7297042807467693,Urban__HIGH,1,CELL_AND_ENVIRONMENT
F1023_V70_D0120_P7__G26__ch6__nav_sage_v2__ingestion_20260825_event_path_v1__center_421__mp_1,F1023_V70_D0120_P7__G26__ch6__nav_sage_v2__ingestion_20260825_event_path_v1__center_421,F1023_V70_D0120_P7__G26__ch6__nav_sage_v2__ingestion_20260825_event_path_v1,F1023_V70_D0120_P7__G26__ch6__nav_sage_v2,F1023_V70_D0120_P7,G26,421,50.1807827956989,3,1,1.1,-44.5759354895163,-2.76320541165,4,3,1,10111,2,419;421;422;423,4,VALID,Urban,74,HIGH,valid,1,ALGTRACK_0114,1,1.0,1,PRIMARY_ADMITTED_SENSITIVITY_INCLUDED,COARSE_GRID_LOCK_CANDIDATE,NONE,NONE,AUTHOR_APPROVED_KEEP_FULL_PRIMARY_20260831,1,1,1.0,1,1,44.5759354895163,0.09531017980432493,3.8193798467285296,Urban__HIGH,1,CELL_AND_ENVIRONMENT
F1023_V70_D0120_P7__G26__ch6__nav_sage_v2__ingestion_20260825_event_path_v1__center_421__mp_2,F1023_V70_D0120_P7__G26__ch6__nav_sage_v2__ingestion_20260825_event_path_v1__center_421,F1023_V70_D0120_P7__G26__ch6__nav_sage_v2__ingestion_20260825_event_path_v1,F1023_V70_D0120_P7__G26__ch6__nav_sage_v2,F1023_V70_D0120_P7,G26,421,50.1807827956989,3,2,2.1,-94.5759354895163,-12.989686544216,4,3,1,10111,2,419;421;422;423,4,VALID,Urban,74,HIGH,valid,1,ALGTRACK_0115,1,1.0,1,PRIMARY_ADMITTED_SENSITIVITY_INCLUDED,BOUNDARY_SATURATION_CANDIDATE,NONE,NONE,AUTHOR_APPROVED_KEEP_FULL_PRIMARY_20260831,1,1,1.0,1,1,94.5759354895163,0.7419373447293773,4.559921067549393,Urban__HIGH,1,CELL_AND_ENVIRONMENT
F1023_V70_D0120_P7__G26__ch6__nav_sage_v2__ingestion_20260825_event_path_v1__center_939__mp_1,F1023_V70_D0120_P7__G26__ch6__nav_sage_v2__ingestion_20260825_event_path_v1__center_939,F1023_V70_D0120_P7__G26__ch6__nav_sage_v2__ingestion_20260825_event_path_v1,F1023_V70_D0120_P7__G26__ch6__nav_sage_v2,F1023_V70_D0120_P7,G26,939,60.5408195503421,2,1,1.8,-56.4917230187693,-11.9180616038759,3,3,1,01110,2,938;939;940,3,VALID,Urban,74,HIGH,valid,1,ALGTRACK_0116,1,1.0,1,PRIMARY_ADMITTED_SENSITIVITY_INCLUDED,BOUNDARY_SATURATION_CANDIDATE,NONE,NONE,AUTHOR_APPROVED_KEEP_FULL_PRIMARY_20260831,1,1,1.0,1,1,56.4917230187693,0.5877866649021191,4.051640989942205,Urban__HIGH,1,CELL_AND_ENVIRONMENT
F1023_V70_D0120_P7__G26__ch6__nav_sage_v2__ingestion_20260825_event_path_v1__center_956__mp_1,F1023_V70_D0120_P7__G26__ch6__nav_sage_v2__ingestion_20260825_event_path_v1__center_956,F1023_V70_D0120_P7__G26__ch6__nav_sage_v2__ingestion_20260825_event_path_v1,F1023_V70_D0120_P7__G26__ch6__nav_sage_v2,F1023_V70_D0120_P7,G26,956,60.8808207233627,2,1,2,14.726439746345,-16.8325212437599,3,3,1,01110,2,955;956;957,3,VALID,Urban,74,HIGH,valid,1,ALGTRACK_0117,1,1.0,1,PRIMARY_ADMITTED_SENSITIVITY_INCLUDED,FINE_GRID_QUANTIZED_VALID,NONE,NONE,AUTHOR_APPROVED_KEEP_FULL_PRIMARY_20260831,1,1,1.0,1,1,14.726439746345,0.6931471805599453,2.7553433561915295,Urban__HIGH,1,CELL_AND_ENVIRONMENT
F1023_V70_D0120_P7__G26__ch6__nav_sage_v2__ingestion_20260825_event_path_v1__center_957__mp_1,F1023_V70_D0120_P7__G26__ch6__nav_sage_v2__ingestion_20260825_event_path_v1__center_957,F1023_V70_D0120_P7__G26__ch6__nav_sage_v2__ingestion_20260825_event_path_v1,F1023_V70_D0120_P7__G26__ch6__nav_sage_v2,F1023_V70_D0120_P7,G26,957,60.9008208211144,3,1,1.7,-55.3957550094492,-9.45369072200956,4,3,1,10111,2,955;957;958;959,4,VALID,Urban,74,HIGH,valid,1,ALGTRACK_0118,3,0.3333333333333333,1,PRIMARY_ADMITTED_SENSITIVITY_INCLUDED,BOUNDARY_SATURATION_CANDIDATE,NONE,NONE,AUTHOR_APPROVED_KEEP_FULL_PRIMARY_20260831,1,1,0.3333333333333333,0.333333333333,0.333333333333,55.3957550094492,0.5306282510621704,4.032393889881494,Urban__HIGH,1,CELL_AND_ENVIRONMENT
F1023_V70_D0120_P7__G26__ch6__nav_sage_v2__ingestion_20260825_event_path_v1__center_957__mp_2,F1023_V70_D0120_P7__G26__ch6__nav_sage_v2__ingestion_20260825_event_path_v1__center_957,F1023_V70_D0120_P7__G26__ch6__nav_sage_v2__ingestion_20260825_event_path_v1,F1023_V70_D0120_P7__G26__ch6__nav_sage_v2,F1023_V70_D0120_P7,G26,957,60.9008208211144,3,2,2.7,44.6042449905508,-12.7134081084201,5,5,1,11111,2,955;956;957;958;959,5,VALID,Urban,74,HIGH,valid,1,ALGTRACK_0119,3,0.3333333333333333,1,PRIMARY_ADMITTED_SENSITIVITY_INCLUDED,COARSE_GRID_LOCK_CANDIDATE,NONE,NONE,AUTHOR_APPROVED_KEEP_FULL_PRIMARY_20260831,1,1,0.3333333333333333,0.333333333333,0.333333333333,44.6042449905508,0.9932517730102834,3.8200008040856024,Urban__HIGH,1,CELL_AND_ENVIRONMENT
F1023_V70_D0120_P7__G26__ch6__nav_sage_v2__ingestion_20260825_event_path_v1__center_958__mp_1,F1023_V70_D0120_P7__G26__ch6__nav_sage_v2__ingestion_20260825_event_path_v1__center_958,F1023_V70_D0120_P7__G26__ch6__nav_sage_v2__ingestion_20260825_event_path_v1,F1023_V70_D0120_P7__G26__ch6__nav_sage_v2,F1023_V70_D0120_P7,G26,958,60.9208208211144,3,1,1.4,44.4820502345792,-3.16823220852201,3,3,1,01110,2,957;958;959,3,VALID,Urban,74,HIGH,valid,1,ALGTRACK_0118,3,0.3333333333333333,1,PRIMARY_ADMITTED_SENSITIVITY_INCLUDED,COARSE_GRID_LOCK_CANDIDATE,NONE,NONE,AUTHOR_APPROVED_KEEP_FULL_PRIMARY_20260831,1,1,0.3333333333333333,0.333333333333,0.333333333333,44.4820502345792,0.3364722366212129,3.8173177477822557,Urban__HIGH,1,CELL_AND_ENVIRONMENT
F1023_V70_D0120_P7__G26__ch6__nav_sage_v2__ingestion_20260825_event_path_v1__center_958__mp_2,F1023_V70_D0120_P7__G26__ch6__nav_sage_v2__ingestion_20260825_event_path_v1__center_958,F1023_V70_D0120_P7__G26__ch6__nav_sage_v2__ingestion_20260825_event_path_v1,F1023_V70_D0120_P7__G26__ch6__nav_sage_v2,F1023_V70_D0120_P7,G26,958,60.9208208211144,3,2,2.4,-55.5179497654208,-14.5350730671462,3,3,1,01110,2,957;958;959,3,VALID,Urban,74,HIGH,valid,1,ALGTRACK_0119,3,0.3333333333333333,1,PRIMARY_ADMITTED_SENSITIVITY_INCLUDED,BOUNDARY_SATURATION_CANDIDATE,NONE,NONE,AUTHOR_APPROVED_KEEP_FULL_PRIMARY_20260831,1,1,0.3333333333333333,0.333333333333,0.333333333333,55.5179497654208,0.8754687373538999,4.034558282661236,Urban__HIGH,1,CELL_AND_ENVIRONMENT
F1023_V70_D0120_P7__G26__ch6__nav_sage_v2__ingestion_20260825_event_path_v1__center_959__mp_1,F1023_V70_D0120_P7__G26__ch6__nav_sage_v2__ingestion_20260825_event_path_v1__center_959,F1023_V70_D0120_P7__G26__ch6__nav_sage_v2__ingestion_20260825_event_path_v1,F1023_V70_D0120_P7__G26__ch6__nav_sage_v2,F1023_V70_D0120_P7,G26,959,60.9408209188661,3,1,1.5,49.3598554787859,-2.75679247914973,3,3,1,11100,2,957;958;959,3,VALID,Urban,74,HIGH,valid,1,ALGTRACK_0118,3,0.3333333333333333,1,PRIMARY_ADMITTED_SENSITIVITY_INCLUDED,FINE_GRID_QUANTIZED_VALID,NONE,NONE,AUTHOR_APPROVED_KEEP_FULL_PRIMARY_20260831,1,1,0.3333333333333333,0.333333333333,0.333333333333,49.3598554787859,0.4054651081081644,3.919194339410033,Urban__HIGH,1,CELL_AND_ENVIRONMENT
F1023_V70_D0120_P7__G26__ch6__nav_sage_v2__ingestion_20260825_event_path_v1__center_959__mp_2,F1023_V70_D0120_P7__G26__ch6__nav_sage_v2__ingestion_20260825_event_path_v1__center_959,F1023_V70_D0120_P7__G26__ch6__nav_sage_v2__ingestion_20260825_event_path_v1,F1023_V70_D0120_P7__G26__ch6__nav_sage_v2,F1023_V70_D0120_P7,G26,959,60.9408209188661,3,2,2.5,-55.6401445212141,-15.798720399228,3,3,1,11100,2,957;958;959,3,VALID,Urban,74,HIGH,valid,1,ALGTRACK_0119,3,0.3333333333333333,1,PRIMARY_ADMITTED_SENSITIVITY_INCLUDED,BOUNDARY_SATURATION_CANDIDATE,NONE,NONE,AUTHOR_APPROVED_KEEP_FULL_PRIMARY_20260831,1,1,0.3333333333333333,0.333333333333,0.333333333333,55.6401445212141,0.9162907318741551,4.0367180009573165,Urban__HIGH,1,CELL_AND_ENVIRONMENT
F1023_V70_D0120_P7__G31__ch8__nav_sage_v2__ingestion_20260825_event_path_v1__center_73__mp_1,F1023_V70_D0120_P7__G31__ch8__nav_sage_v2__ingestion_20260825_event_path_v1__center_73,F1023_V70_D0120_P7__G31__ch8__nav_sage_v2__ingestion_20260825_event_path_v1,F1023_V70_D0120_P7__G31__ch8__nav_sage_v2,F1023_V70_D0120_P7,G31,73,43.2290098729228,4,1,1.5,-55.3356979047148,-8.87662828693241,4,3,1,10111,2,71;73;74;75,4,VALID,Urban,30,MID,valid,1,ALGTRACK_0126,4,0.25,1,PRIMARY_ADMITTED_SENSITIVITY_INCLUDED,FINE_GRID_QUANTIZED_VALID,NONE,NONE,AUTHOR_APPROVED_KEEP_FULL_PRIMARY_20260831,1,1,0.25,0.25,0.5,55.3356979047148,0.4054651081081644,4.031328400013961,Urban__MID,1,CELL_AND_ENVIRONMENT
F1023_V70_D0120_P7__G31__ch8__nav_sage_v2__ingestion_20260825_event_path_v1__center_73__mp_2,F1023_V70_D0120_P7__G31__ch8__nav_sage_v2__ingestion_20260825_event_path_v1__center_73,F1023_V70_D0120_P7__G31__ch8__nav_sage_v2__ingestion_20260825_event_path_v1,F1023_V70_D0120_P7__G31__ch8__nav_sage_v2,F1023_V70_D0120_P7,G31,73,43.2290098729228,4,2,2.5,49.6643020952852,-12.6606828513927,4,3,1,10111,2,71;73;74;75,4,VALID,Urban,30,MID,valid,1,ALGTRACK_0127,4,0.25,1,PRIMARY_ADMITTED_SENSITIVITY_EXCLUDED,COARSE_GRID_LOCK_CANDIDATE,NONE,EXACT_FOUR_REPEATED_DOPPLER_MODE,AUTHOR_APPROVED_KEEP_FULL_PRIMARY_20260831,1,0,0.25,0.25,,49.6643020952852,0.9162907318741551,3.9252215619171245,Urban__MID,1,CELL_AND_ENVIRONMENT
F1023_V70_D0120_P7__G31__ch8__nav_sage_v2__ingestion_20260825_event_path_v1__center_73__mp_3,F1023_V70_D0120_P7__G31__ch8__nav_sage_v2__ingestion_20260825_event_path_v1__center_73,F1023_V70_D0120_P7__G31__ch8__nav_sage_v2__ingestion_20260825_event_path_v1,F1023_V70_D0120_P7__G31__ch8__nav_sage_v2,F1023_V70_D0120_P7,G31,73,43.2290098729228,4,3,3.5,-100.335697904715,-13.5610469929626,3,3,1,00111,2,73;74;75,3,VALID,Urban,30,MID,valid,1,ALGTRACK_0128,4,0.25,1,PRIMARY_ADMITTED_SENSITIVITY_EXCLUDED,COARSE_GRID_LOCK_CANDIDATE,NONE,EXACT_FOUR_REPEATED_DOPPLER_MODE,AUTHOR_APPROVED_KEEP_FULL_PRIMARY_20260831,1,0,0.25,0.25,,100.335697904715,1.252762968495368,4.618438747051868,Urban__MID,1,CELL_AND_ENVIRONMENT
F1023_V70_D0120_P7__G31__ch8__nav_sage_v2__ingestion_20260825_event_path_v1__center_74__mp_1,F1023_V70_D0120_P7__G31__ch8__nav_sage_v2__ingestion_20260825_event_path_v1__center_74,F1023_V70_D0120_P7__G31__ch8__nav_sage_v2__ingestion_20260825_event_path_v1,F1023_V70_D0120_P7__G31__ch8__nav_sage_v2,F1023_V70_D0120_P7,G31,74,43.2490099706745,4,1,1.7,-50.3356979047148,-5.11238369813916,4,4,1,01111,2,73;74;75;76,4,VALID,Urban,30,MID,valid,1,ALGTRACK_0126,4,0.25,1,PRIMARY_ADMITTED_SENSITIVITY_EXCLUDED,COARSE_GRID_LOCK_CANDIDATE,NONE,EXACT_FOUR_REPEATED_DOPPLER_MODE,AUTHOR_APPROVED_KEEP_FULL_PRIMARY_20260831,1,0,0.25,0.25,,50.3356979047148,0.5306282510621704,3.9383863757635083,Urban__MID,1,CELL_AND_ENVIRONMENT
F1023_V70_D0120_P7__G31__ch8__nav_sage_v2__ingestion_20260825_event_path_v1__center_74__mp_2,F1023_V70_D0120_P7__G31__ch8__nav_sage_v2__ingestion_20260825_event_path_v1__center_74,F1023_V70_D0120_P7__G31__ch8__nav_sage_v2__ingestion_20260825_event_path_v1,F1023_V70_D0120_P7__G31__ch8__nav_sage_v2,F1023_V70_D0120_P7,G31,74,43.2490099706745,4,2,2.7,49.6643020952852,-13.0128085950578,4,4,1,01111,2,73;74;75;76,4,VALID,Urban,30,MID,valid,1,ALGTRACK_0127,4,0.25,1,PRIMARY_ADMITTED_SENSITIVITY_EXCLUDED,COARSE_GRID_LOCK_CANDIDATE,NONE,EXACT_FOUR_REPEATED_DOPPLER_MODE,AUTHOR_APPROVED_KEEP_FULL_PRIMARY_20260831,1,0,0.25,0.25,,49.6643020952852,0.9932517730102834,3.9252215619171245,Urban__MID,1,CELL_AND_ENVIRONMENT
F1023_V70_D0120_P7__G31__ch8__nav_sage_v2__ingestion_20260825_event_path_v1__center_74__mp_3,F1023_V70_D0120_P7__G31__ch8__nav_sage_v2__ingestion_20260825_event_path_v1__center_74,F1023_V70_D0120_P7__G31__ch8__nav_sage_v2__ingestion_20260825_event_path_v1,F1023_V70_D0120_P7__G31__ch8__nav_sage_v2,F1023_V70_D0120_P7,G31,74,43.2490099706745,4,3,3.7,-100.335697904715,-15.0530766830521,4,4,1,01111,2,73;74;75;76,4,VALID,Urban,30,MID,valid,1,ALGTRACK_0128,4,0.25,1,PRIMARY_ADMITTED_SENSITIVITY_EXCLUDED,COARSE_GRID_LOCK_CANDIDATE,NONE,EXACT_FOUR_REPEATED_DOPPLER_MODE,AUTHOR_APPROVED_KEEP_FULL_PRIMARY_20260831,1,0,0.25,0.25,,100.335697904715,1.308332819650179,4.618438747051868,Urban__MID,1,CELL_AND_ENVIRONMENT
F1023_V70_D0120_P7__G31__ch8__nav_sage_v2__ingestion_20260825_event_path_v1__center_75__mp_1,F1023_V70_D0120_P7__G31__ch8__nav_sage_v2__ingestion_20260825_event_path_v1__center_75,F1023_V70_D0120_P7__G31__ch8__nav_sage_v2__ingestion_20260825_event_path_v1,F1023_V70_D0120_P7__G31__ch8__nav_sage_v2,F1023_V70_D0120_P7,G31,75,43.2690100684262,4,1,1.6,-55.3356979047148,-5.72360169632463,4,4,1,11110,2,73;74;75;76,4,VALID,Urban,30,MID,valid,1,ALGTRACK_0126,4,0.25,1,PRIMARY_ADMITTED_SENSITIVITY_INCLUDED,FINE_GRID_QUANTIZED_VALID,NONE,NONE,AUTHOR_APPROVED_KEEP_FULL_PRIMARY_20260831,1,1,0.25,0.25,0.5,55.3356979047148,0.47000362924573563,4.031328400013961,Urban__MID,1,CELL_AND_ENVIRONMENT
F1023_V70_D0120_P7__G31__ch8__nav_sage_v2__ingestion_20260825_event_path_v1__center_75__mp_2,F1023_V70_D0120_P7__G31__ch8__nav_sage_v2__ingestion_20260825_event_path_v1__center_75,F1023_V70_D0120_P7__G31__ch8__nav_sage_v2__ingestion_20260825_event_path_v1,F1023_V70_D0120_P7__G31__ch8__nav_sage_v2,F1023_V70_D0120_P7,G31,75,43.2690100684262,4,2,2.6,-100.335697904715,-12.2193641816228,4,4,1,11110,2,73;74;75;76,4,VALID,Urban,30,MID,valid,1,ALGTRACK_0127,4,0.25,1,PRIMARY_ADMITTED_SENSITIVITY_EXCLUDED,COARSE_GRID_LOCK_CANDIDATE,NONE,EXACT_FOUR_REPEATED_DOPPLER_MODE,AUTHOR_APPROVED_KEEP_FULL_PRIMARY_20260831,1,0,0.25,0.25,,100.335697904715,0.9555114450274363,4.618438747051868,Urban__MID,1,CELL_AND_ENVIRONMENT
F1023_V70_D0120_P7__G31__ch8__nav_sage_v2__ingestion_20260825_event_path_v1__center_75__mp_3,F1023_V70_D0120_P7__G31__ch8__nav_sage_v2__ingestion_20260825_event_path_v1__center_75,F1023_V70_D0120_P7__G31__ch8__nav_sage_v2__ingestion_20260825_event_path_v1,F1023_V70_D0120_P7__G31__ch8__nav_sage_v2,F1023_V70_D0120_P7,G31,75,43.2690100684262,4,3,3.6,49.6643020952852,-13.478938921573,4,4,1,11110,2,73;74;75;76,4,VALID,Urban,30,MID,valid,1,ALGTRACK_0128,4,0.25,1,PRIMARY_ADMITTED_SENSITIVITY_EXCLUDED,COARSE_GRID_LOCK_CANDIDATE,NONE,EXACT_FOUR_REPEATED_DOPPLER_MODE,AUTHOR_APPROVED_KEEP_FULL_PRIMARY_20260831,1,0,0.25,0.25,,49.6643020952852,1.2809338454620642,3.9252215619171245,Urban__MID,1,CELL_AND_ENVIRONMENT
F1023_V70_D0120_P7__G31__ch8__nav_sage_v2__ingestion_20260825_event_path_v1__center_76__mp_1,F1023_V70_D0120_P7__G31__ch8__nav_sage_v2__ingestion_20260825_event_path_v1__center_76,F1023_V70_D0120_P7__G31__ch8__nav_sage_v2__ingestion_20260825_event_path_v1,F1023_V70_D0120_P7__G31__ch8__nav_sage_v2,F1023_V70_D0120_P7,G31,76,43.2890101661779,4,1,1.7,-50.3356979047148,-4.56549460181818,3,3,1,11100,2,74;75;76,3,VALID,Urban,30,MID,valid,1,ALGTRACK_0126,4,0.25,1,PRIMARY_ADMITTED_SENSITIVITY_EXCLUDED,COARSE_GRID_LOCK_CANDIDATE,NONE,EXACT_FOUR_REPEATED_DOPPLER_MODE,AUTHOR_APPROVED_KEEP_FULL_PRIMARY_20260831,1,0,0.25,0.25,,50.3356979047148,0.5306282510621704,3.9383863757635083,Urban__MID,1,CELL_AND_ENVIRONMENT
F1023_V70_D0120_P7__G31__ch8__nav_sage_v2__ingestion_20260825_event_path_v1__center_76__mp_2,F1023_V70_D0120_P7__G31__ch8__nav_sage_v2__ingestion_20260825_event_path_v1__center_76,F1023_V70_D0120_P7__G31__ch8__nav_sage_v2__ingestion_20260825_event_path_v1,F1023_V70_D0120_P7__G31__ch8__nav_sage_v2,F1023_V70_D0120_P7,G31,76,43.2890101661779,4,2,2.7,-100.335697904715,-13.9031514690271,3,3,1,11100,2,74;75;76,3,VALID,Urban,30,MID,valid,1,ALGTRACK_0127,4,0.25,1,PRIMARY_ADMITTED_SENSITIVITY_EXCLUDED,COARSE_GRID_LOCK_CANDIDATE,NONE,EXACT_FOUR_REPEATED_DOPPLER_MODE,AUTHOR_APPROVED_KEEP_FULL_PRIMARY_20260831,1,0,0.25,0.25,,100.335697904715,0.9932517730102834,4.618438747051868,Urban__MID,1,CELL_AND_ENVIRONMENT
F1023_V70_D0120_P7__G31__ch8__nav_sage_v2__ingestion_20260825_event_path_v1__center_76__mp_3,F1023_V70_D0120_P7__G31__ch8__nav_sage_v2__ingestion_20260825_event_path_v1__center_76,F1023_V70_D0120_P7__G31__ch8__nav_sage_v2__ingestion_20260825_event_path_v1,F1023_V70_D0120_P7__G31__ch8__nav_sage_v2,F1023_V70_D0120_P7,G31,76,43.2890101661779,4,3,3.7,49.6643020952852,-15.0129634098019,3,3,1,11100,2,74;75;76,3,VALID,Urban,30,MID,valid,1,ALGTRACK_0128,4,0.25,1,PRIMARY_ADMITTED_SENSITIVITY_EXCLUDED,COARSE_GRID_LOCK_CANDIDATE,NONE,EXACT_FOUR_REPEATED_DOPPLER_MODE,AUTHOR_APPROVED_KEEP_FULL_PRIMARY_20260831,1,0,0.25,0.25,,49.6643020952852,1.308332819650179,3.9252215619171245,Urban__MID,1,CELL_AND_ENVIRONMENT
F1023_V70_D0120_P7__G31__ch8__nav_sage_v2__ingestion_20260825_event_path_v1__center_432__mp_1,F1023_V70_D0120_P7__G31__ch8__nav_sage_v2__ingestion_20260825_event_path_v1__center_432,F1023_V70_D0120_P7__G31__ch8__nav_sage_v2__ingestion_20260825_event_path_v1,F1023_V70_D0120_P7__G31__ch8__nav_sage_v2,F1023_V70_D0120_P7,G31,432,50.4090471163245,3,1,1.4,-42.351558385084,-1.78241705297717,4,3,1,11101,2,430;431;432;434,4,VALID,Urban,30,MID,valid,1,ALGTRACK_0124,1,1.0,1,PRIMARY_ADMITTED_SENSITIVITY_INCLUDED,COARSE_GRID_LOCK_CANDIDATE,NONE,NONE,AUTHOR_APPROVED_KEEP_FULL_PRIMARY_20260831,1,1,1.0,1,1,42.351558385084,0.3364722366212129,3.7693426514866095,Urban__MID,1,CELL_AND_ENVIRONMENT
F1023_V70_D0120_P7__G31__ch8__nav_sage_v2__ingestion_20260825_event_path_v1__center_432__mp_2,F1023_V70_D0120_P7__G31__ch8__nav_sage_v2__ingestion_20260825_event_path_v1__center_432,F1023_V70_D0120_P7__G31__ch8__nav_sage_v2__ingestion_20260825_event_path_v1,F1023_V70_D0120_P7__G31__ch8__nav_sage_v2,F1023_V70_D0120_P7,G31,432,50.4090471163245,3,2,2.4,-92.351558385084,-11.7060255260359,4,3,1,11101,2,430;431;432;434,4,VALID,Urban,30,MID,valid,1,ALGTRACK_0125,1,1.0,1,PRIMARY_ADMITTED_SENSITIVITY_INCLUDED,BOUNDARY_SATURATION_CANDIDATE,NONE,NONE,AUTHOR_APPROVED_KEEP_FULL_PRIMARY_20260831,1,1,1.0,1,1,92.351558385084,0.8754687373538999,4.536372563850359,Urban__MID,1,CELL_AND_ENVIRONMENT
F1023_V70_D0120_P7__G31__ch8__nav_sage_v2__ingestion_20260825_event_path_v1__center_957__mp_1,F1023_V70_D0120_P7__G31__ch8__nav_sage_v2__ingestion_20260825_event_path_v1__center_957,F1023_V70_D0120_P7__G31__ch8__nav_sage_v2__ingestion_20260825_event_path_v1,F1023_V70_D0120_P7__G31__ch8__nav_sage_v2,F1023_V70_D0120_P7,G31,957,60.9091016617791,3,1,1.2,44.6042449905508,-2.62388842206601,3,3,1,00111,2,957;958;959,3,VALID,Urban,30,MID,valid,1,ALGTRACK_0129,3,0.3333333333333333,1,PRIMARY_ADMITTED_SENSITIVITY_INCLUDED,COARSE_GRID_LOCK_CANDIDATE,NONE,NONE,AUTHOR_APPROVED_KEEP_FULL_PRIMARY_20260831,1,1,0.3333333333333333,0.333333333333,0.333333333333,44.6042449905508,0.1823215567939546,3.8200008040856024,Urban__MID,1,CELL_AND_ENVIRONMENT
F1023_V70_D0120_P7__G31__ch8__nav_sage_v2__ingestion_20260825_event_path_v1__center_957__mp_2,F1023_V70_D0120_P7__G31__ch8__nav_sage_v2__ingestion_20260825_event_path_v1__center_957,F1023_V70_D0120_P7__G31__ch8__nav_sage_v2__ingestion_20260825_event_path_v1,F1023_V70_D0120_P7__G31__ch8__nav_sage_v2,F1023_V70_D0120_P7,G31,957,60.9091016617791,3,2,2.2,-55.3957550094492,-12.9090825105476,4,3,1,10111,2,955;957;958;959,4,VALID,Urban,30,MID,valid,1,ALGTRACK_0130,3,0.3333333333333333,1,PRIMARY_ADMITTED_SENSITIVITY_INCLUDED,BOUNDARY_SATURATION_CANDIDATE,NONE,NONE,AUTHOR_APPROVED_KEEP_FULL_PRIMARY_20260831,1,1,0.3333333333333333,0.333333333333,0.333333333333,55.3957550094492,0.7884573603642703,4.032393889881494,Urban__MID,1,CELL_AND_ENVIRONMENT
F1023_V70_D0120_P7__G31__ch8__nav_sage_v2__ingestion_20260825_event_path_v1__center_958__mp_1,F1023_V70_D0120_P7__G31__ch8__nav_sage_v2__ingestion_20260825_event_path_v1__center_958,F1023_V70_D0120_P7__G31__ch8__nav_sage_v2__ingestion_20260825_event_path_v1,F1023_V70_D0120_P7__G31__ch8__nav_sage_v2,F1023_V70_D0120_P7,G31,958,60.9291017595308,3,1,1.3,44.4820502345792,-1.68239364538005,3,3,1,01110,2,957;958;959,3,VALID,Urban,30,MID,valid,1,ALGTRACK_0129,3,0.3333333333333333,1,PRIMARY_ADMITTED_SENSITIVITY_INCLUDED,COARSE_GRID_LOCK_CANDIDATE,NONE,NONE,AUTHOR_APPROVED_KEEP_FULL_PRIMARY_20260831,1,1,0.3333333333333333,0.333333333333,0.333333333333,44.4820502345792,0.26236426446749106,3.8173177477822557,Urban__MID,1,CELL_AND_ENVIRONMENT
F1023_V70_D0120_P7__G31__ch8__nav_sage_v2__ingestion_20260825_event_path_v1__center_958__mp_2,F1023_V70_D0120_P7__G31__ch8__nav_sage_v2__ingestion_20260825_event_path_v1__center_958,F1023_V70_D0120_P7__G31__ch8__nav_sage_v2__ingestion_20260825_event_path_v1,F1023_V70_D0120_P7__G31__ch8__nav_sage_v2,F1023_V70_D0120_P7,G31,958,60.9291017595308,3,2,2.3,-55.5179497654208,-14.837745470506,3,3,1,01110,2,957;958;959,3,VALID,Urban,30,MID,valid,1,ALGTRACK_0130,3,0.3333333333333333,1,PRIMARY_ADMITTED_SENSITIVITY_INCLUDED,BOUNDARY_SATURATION_CANDIDATE,NONE,NONE,AUTHOR_APPROVED_KEEP_FULL_PRIMARY_20260831,1,1,0.3333333333333333,0.333333333333,0.333333333333,55.5179497654208,0.8329091229351039,4.034558282661236,Urban__MID,1,CELL_AND_ENVIRONMENT
F1023_V70_D0120_P7__G31__ch8__nav_sage_v2__ingestion_20260825_event_path_v1__center_959__mp_1,F1023_V70_D0120_P7__G31__ch8__nav_sage_v2__ingestion_20260825_event_path_v1__center_959,F1023_V70_D0120_P7__G31__ch8__nav_sage_v2__ingestion_20260825_event_path_v1,F1023_V70_D0120_P7__G31__ch8__nav_sage_v2,F1023_V70_D0120_P7,G31,959,60.9491018572825,3,1,1.1,44.3598554787859,-1.67314265534396,3,3,1,11100,2,957;958;959,3,VALID,Urban,30,MID,valid,1,ALGTRACK_0129,3,0.3333333333333333,1,PRIMARY_ADMITTED_SENSITIVITY_INCLUDED,COARSE_GRID_LOCK_CANDIDATE,NONE,NONE,AUTHOR_APPROVED_KEEP_FULL_PRIMARY_20260831,1,1,0.3333333333333333,0.333333333333,0.333333333333,44.3598554787859,0.09531017980432493,3.814627473320636,Urban__MID,1,CELL_AND_ENVIRONMENT
F1023_V70_D0120_P7__G31__ch8__nav_sage_v2__ingestion_20260825_event_path_v1__center_959__mp_2,F1023_V70_D0120_P7__G31__ch8__nav_sage_v2__ingestion_20260825_event_path_v1__center_959,F1023_V70_D0120_P7__G31__ch8__nav_sage_v2__ingestion_20260825_event_path_v1,F1023_V70_D0120_P7__G31__ch8__nav_sage_v2,F1023_V70_D0120_P7,G31,959,60.9491018572825,3,2,2.1,-55.6401445212141,-13.3778120629679,3,3,1,11100,2,957;958;959,3,VALID,Urban,30,MID,valid,1,ALGTRACK_0130,3,0.3333333333333333,1,PRIMARY_ADMITTED_SENSITIVITY_INCLUDED,BOUNDARY_SATURATION_CANDIDATE,NONE,NONE,AUTHOR_APPROVED_KEEP_FULL_PRIMARY_20260831,1,1,0.3333333333333333,0.333333333333,0.333333333333,55.6401445212141,0.7419373447293773,4.0367180009573165,Urban__MID,1,CELL_AND_ENVIRONMENT
F1023_V70_D0120_P7__G31__ch8__nav_sage_v2__ingestion_20260825_event_path_v1__center_2092__mp_1,F1023_V70_D0120_P7__G31__ch8__nav_sage_v2__ingestion_20260825_event_path_v1__center_2092,F1023_V70_D0120_P7__G31__ch8__nav_sage_v2__ingestion_20260825_event_path_v1,F1023_V70_D0120_P7__G31__ch8__nav_sage_v2,F1023_V70_D0120_P7,G31,2092,83.6092198435973,2,1,2.1,-1.82878693340717,-1.67377239517848,3,3,1,00111,2,2092;2093;2094,3,VALID,Urban,30,MID,valid,1,ALGTRACK_0120,4,0.25,1,PRIMARY_ADMITTED_SENSITIVITY_INCLUDED,FINE_GRID_QUANTIZED_VALID,NONE,NONE,AUTHOR_APPROVED_KEEP_FULL_PRIMARY_20260831,1,1,0.25,0.25,0.25,1.82878693340717,0.7419373447293773,1.0398479743212665,Urban__MID,1,CELL_AND_ENVIRONMENT
F1023_V70_D0120_P7__G31__ch8__nav_sage_v2__ingestion_20260825_event_path_v1__center_2093__mp_1,F1023_V70_D0120_P7__G31__ch8__nav_sage_v2__ingestion_20260825_event_path_v1__center_2093,F1023_V70_D0120_P7__G31__ch8__nav_sage_v2__ingestion_20260825_event_path_v1,F1023_V70_D0120_P7__G31__ch8__nav_sage_v2,F1023_V70_D0120_P7,G31,2093,83.629219941349,3,1,1.1,32.9397999892481,-2.49706157931681,4,4,1,01111,2,2092;2093;2094;2095,4,VALID,Urban,30,MID,valid,1,ALGTRACK_0120,4,0.25,1,PRIMARY_ADMITTED_SENSITIVITY_INCLUDED,FINE_GRID_QUANTIZED_VALID,NONE,NONE,AUTHOR_APPROVED_KEEP_FULL_PRIMARY_20260831,1,1,0.25,0.25,0.25,32.9397999892481,0.09531017980432493,3.5245883667200095,Urban__MID,1,CELL_AND_ENVIRONMENT
F1023_V70_D0120_P7__G31__ch8__nav_sage_v2__ingestion_20260825_event_path_v1__center_2093__mp_2,F1023_V70_D0120_P7__G31__ch8__nav_sage_v2__ingestion_20260825_event_path_v1__center_2093,F1023_V70_D0120_P7__G31__ch8__nav_sage_v2__ingestion_20260825_event_path_v1,F1023_V70_D0120_P7__G31__ch8__nav_sage_v2,F1023_V70_D0120_P7,G31,2093,83.629219941349,3,2,2.7,-7.06020001075194,-1.47945606444113,4,4,1,01111,2,2092;2093;2094;2095,4,VALID,Urban,30,MID,valid,1,ALGTRACK_0121,1,1.0,1,PRIMARY_ADMITTED_SENSITIVITY_INCLUDED,FINE_GRID_QUANTIZED_VALID,NONE,NONE,AUTHOR_APPROVED_KEEP_FULL_PRIMARY_20260831,1,1,1.0,1,1,7.06020001075194,0.9932517730102834,2.0869383714404135,Urban__MID,1,CELL_AND_ENVIRONMENT
F1023_V70_D0120_P7__G31__ch8__nav_sage_v2__ingestion_20260825_event_path_v1__center_2094__mp_1,F1023_V70_D0120_P7__G31__ch8__nav_sage_v2__ingestion_20260825_event_path_v1__center_2094,F1023_V70_D0120_P7__G31__ch8__nav_sage_v2__ingestion_20260825_event_path_v1,F1023_V70_D0120_P7__G31__ch8__nav_sage_v2,F1023_V70_D0120_P7,G31,2094,83.6492201368524,2,1,1.8,-2.29161308809671,-0.838938452381981,4,4,1,11110,2,2092;2093;2094;2095,4,VALID,Urban,30,MID,valid,1,ALGTRACK_0120,4,0.25,1,PRIMARY_ADMITTED_SENSITIVITY_INCLUDED,FINE_GRID_QUANTIZED_VALID,NONE,NONE,AUTHOR_APPROVED_KEEP_FULL_PRIMARY_20260831,1,1,0.25,0.25,0.25,2.29161308809671,0.5877866649021191,1.1913777449526926,Urban__MID,1,CELL_AND_ENVIRONMENT
F1023_V70_D0120_P7__G31__ch8__nav_sage_v2__ingestion_20260825_event_path_v1__center_2095__mp_1,F1023_V70_D0120_P7__G31__ch8__nav_sage_v2__ingestion_20260825_event_path_v1__center_2095,F1023_V70_D0120_P7__G31__ch8__nav_sage_v2__ingestion_20260825_event_path_v1,F1023_V70_D0120_P7__G31__ch8__nav_sage_v2,F1023_V70_D0120_P7,G31,2095,83.6692202346041,2,1,1.7,-2.52302616577617,-1.24958005334833,3,3,1,11100,2,2093;2094;2095,3,VALID,Urban,30,MID,valid,1,ALGTRACK_0120,4,0.25,1,PRIMARY_ADMITTED_SENSITIVITY_INCLUDED,FINE_GRID_QUANTIZED_VALID,NONE,NONE,AUTHOR_APPROVED_KEEP_FULL_PRIMARY_20260831,1,1,0.25,0.25,0.25,2.52302616577617,0.5306282510621704,1.2593203264607191,Urban__MID,1,CELL_AND_ENVIRONMENT
F1023_V70_D0120_P7__G31__ch8__nav_sage_v2__ingestion_20260825_event_path_v1__center_2206__mp_1,F1023_V70_D0120_P7__G31__ch8__nav_sage_v2__ingestion_20260825_event_path_v1__center_2206,F1023_V70_D0120_P7__G31__ch8__nav_sage_v2__ingestion_20260825_event_path_v1,F1023_V70_D0120_P7__G31__ch8__nav_sage_v2,F1023_V70_D0120_P7,G31,2206,85.8892316715543,3,1,1.4,49.6643020952852,-5.96550888239456,3,3,1,00111,2,2206;2207;2208,3,VALID,Urban,30,MID,valid,1,ALGTRACK_0122,2,0.5,1,PRIMARY_ADMITTED_SENSITIVITY_EXCLUDED,COARSE_GRID_LOCK_CANDIDATE,NONE,EXACT_FOUR_REPEATED_DOPPLER_MODE,AUTHOR_APPROVED_KEEP_FULL_PRIMARY_20260831,1,0,0.5,0.5,,49.6643020952852,0.3364722366212129,3.9252215619171245,Urban__MID,1,CELL_AND_ENVIRONMENT
F1023_V70_D0120_P7__G31__ch8__nav_sage_v2__ingestion_20260825_event_path_v1__center_2206__mp_2,F1023_V70_D0120_P7__G31__ch8__nav_sage_v2__ingestion_20260825_event_path_v1__center_2206,F1023_V70_D0120_P7__G31__ch8__nav_sage_v2__ingestion_20260825_event_path_v1,F1023_V70_D0120_P7__G31__ch8__nav_sage_v2,F1023_V70_D0120_P7,G31,2206,85.8892316715543,3,2,2.4,-50.3356979047148,-13.1244964294573,3,3,1,00111,2,2206;2207;2208,3,VALID,Urban,30,MID,valid,1,ALGTRACK_0123,2,0.5,1,PRIMARY_ADMITTED_SENSITIVITY_EXCLUDED,COARSE_GRID_LOCK_CANDIDATE,NONE,EXACT_FOUR_REPEATED_DOPPLER_MODE,AUTHOR_APPROVED_KEEP_FULL_PRIMARY_20260831,1,0,0.5,0.5,,50.3356979047148,0.8754687373538999,3.9383863757635083,Urban__MID,1,CELL_AND_ENVIRONMENT
F1023_V70_D0120_P7__G31__ch8__nav_sage_v2__ingestion_20260825_event_path_v1__center_2207__mp_1,F1023_V70_D0120_P7__G31__ch8__nav_sage_v2__ingestion_20260825_event_path_v1__center_2207,F1023_V70_D0120_P7__G31__ch8__nav_sage_v2__ingestion_20260825_event_path_v1,F1023_V70_D0120_P7__G31__ch8__nav_sage_v2,F1023_V70_D0120_P7,G31,2207,85.909231769306,3,1,1.5,49.6643020952852,-5.27324219864617,3,3,1,01110,2,2206;2207;2208,3,VALID,Urban,30,MID,valid,1,ALGTRACK_0122,2,0.5,1,PRIMARY_ADMITTED_SENSITIVITY_EXCLUDED,COARSE_GRID_LOCK_CANDIDATE,NONE,EXACT_FOUR_REPEATED_DOPPLER_MODE,AUTHOR_APPROVED_KEEP_FULL_PRIMARY_20260831,1,0,0.5,0.5,,49.6643020952852,0.4054651081081644,3.9252215619171245,Urban__MID,1,CELL_AND_ENVIRONMENT
F1023_V70_D0120_P7__G31__ch8__nav_sage_v2__ingestion_20260825_event_path_v1__center_2207__mp_2,F1023_V70_D0120_P7__G31__ch8__nav_sage_v2__ingestion_20260825_event_path_v1__center_2207,F1023_V70_D0120_P7__G31__ch8__nav_sage_v2__ingestion_20260825_event_path_v1,F1023_V70_D0120_P7__G31__ch8__nav_sage_v2,F1023_V70_D0120_P7,G31,2207,85.909231769306,3,2,2.5,-50.3356979047148,-13.1759052768389,4,4,1,01111,2,2206;2207;2208;2209,4,VALID,Urban,30,MID,valid,1,ALGTRACK_0123,2,0.5,1,PRIMARY_ADMITTED_SENSITIVITY_EXCLUDED,COARSE_GRID_LOCK_CANDIDATE,NONE,EXACT_FOUR_REPEATED_DOPPLER_MODE,AUTHOR_APPROVED_KEEP_FULL_PRIMARY_20260831,1,0,0.5,0.5,,50.3356979047148,0.9162907318741551,3.9383863757635083,Urban__MID,1,CELL_AND_ENVIRONMENT
F1023_V70_D0120_P8__G16__ch4__nav_sage_v2__ingestion_20260825_event_path_v1__center_91__mp_1,F1023_V70_D0120_P8__G16__ch4__nav_sage_v2__ingestion_20260825_event_path_v1__center_91,F1023_V70_D0120_P8__G16__ch4__nav_sage_v2__ingestion_20260825_event_path_v1,F1023_V70_D0120_P8__G16__ch4__nav_sage_v2,F1023_V70_D0120_P8,G16,91,47.9586753665689,2,1,2.1,39.6694151817601,-10.571931112659,3,3,1,00111,2,91;92;93,3,VALID,Urban,50,MID,valid,1,ALGTRACK_0138,3,0.3333333333333333,1,PRIMARY_ADMITTED_SENSITIVITY_INCLUDED,COARSE_GRID_LOCK_CANDIDATE,NONE,NONE,AUTHOR_APPROVED_KEEP_FULL_PRIMARY_20260831,1,1,0.3333333333333333,0.333333333333,0.333333333333,39.6694151817601,0.7419373447293773,3.70547634021801,Urban__MID,1,CELL_AND_ENVIRONMENT
F1023_V70_D0120_P8__G16__ch4__nav_sage_v2__ingestion_20260825_event_path_v1__center_92__mp_1,F1023_V70_D0120_P8__G16__ch4__nav_sage_v2__ingestion_20260825_event_path_v1__center_92,F1023_V70_D0120_P8__G16__ch4__nav_sage_v2__ingestion_20260825_event_path_v1,F1023_V70_D0120_P8__G16__ch4__nav_sage_v2,F1023_V70_D0120_P8,G16,92,47.9786753665689,2,1,1.7,40.3009349825343,-1.50414850911429,3,3,1,01110,2,91;92;93,3,VALID,Urban,50,MID,valid,1,ALGTRACK_0138,3,0.3333333333333333,1,PRIMARY_ADMITTED_SENSITIVITY_INCLUDED,COARSE_GRID_LOCK_CANDIDATE,NONE,NONE,AUTHOR_APPROVED_KEEP_FULL_PRIMARY_20260831,1,1,0.3333333333333333,0.333333333333,0.333333333333,40.3009349825343,0.5306282510621704,3.7208851385130166,Urban__MID,1,CELL_AND_ENVIRONMENT
F1023_V70_D0120_P8__G16__ch4__nav_sage_v2__ingestion_20260825_event_path_v1__center_93__mp_1,F1023_V70_D0120_P8__G16__ch4__nav_sage_v2__ingestion_20260825_event_path_v1__center_93,F1023_V70_D0120_P8__G16__ch4__nav_sage_v2__ingestion_20260825_event_path_v1,F1023_V70_D0120_P8__G16__ch4__nav_sage_v2,F1023_V70_D0120_P8,G16,93,47.9986753665689,2,1,1.2,40.932454782389,-1.78270784616848,3,3,1,11100,2,91;92;93,3,VALID,Urban,50,MID,valid,1,ALGTRACK_0138,3,0.3333333333333333,1,PRIMARY_ADMITTED_SENSITIVITY_INCLUDED,COARSE_GRID_LOCK_CANDIDATE,NONE,NONE,AUTHOR_APPROVED_KEEP_FULL_PRIMARY_20260831,1,1,0.3333333333333333,0.333333333333,0.333333333333,40.932454782389,0.1823215567939546,3.736060104243355,Urban__MID,1,CELL_AND_ENVIRONMENT
F1023_V70_D0120_P8__G16__ch4__nav_sage_v2__ingestion_20260825_event_path_v1__center_96__mp_1,F1023_V70_D0120_P8__G16__ch4__nav_sage_v2__ingestion_20260825_event_path_v1__center_96,F1023_V70_D0120_P8__G16__ch4__nav_sage_v2__ingestion_20260825_event_path_v1,F1023_V70_D0120_P8__G16__ch4__nav_sage_v2,F1023_V70_D0120_P8,G16,96,48.0586755620723,2,1,1.9,47.8270141828725,-3.73269542255161,3,3,1,00111,2,96;97;98,3,VALID,Urban,50,MID,valid,1,ALGTRACK_0139,4,0.25,1,PRIMARY_ADMITTED_SENSITIVITY_INCLUDED,FINE_GRID_QUANTIZED_VALID,NONE,NONE,AUTHOR_APPROVED_KEEP_FULL_PRIMARY_20260831,1,1,0.25,0.25,0.25,47.8270141828725,0.6418538861723947,3.8882837290172843,Urban__MID,1,CELL_AND_ENVIRONMENT
F1023_V70_D0120_P8__G16__ch4__nav_sage_v2__ingestion_20260825_event_path_v1__center_97__mp_1,F1023_V70_D0120_P8__G16__ch4__nav_sage_v2__ingestion_20260825_event_path_v1__center_97,F1023_V70_D0120_P8__G16__ch4__nav_sage_v2__ingestion_20260825_event_path_v1,F1023_V70_D0120_P8__G16__ch4__nav_sage_v2,F1023_V70_D0120_P8,G16,97,48.0786755620723,2,1,1.7,48.4585339836462,-2.9920336360788,4,4,1,01111,2,96;97;98;99,4,VALID,Urban,50,MID,valid,1,ALGTRACK_0139,4,0.25,1,PRIMARY_ADMITTED_SENSITIVITY_INCLUDED,FINE_GRID_QUANTIZED_VALID,NONE,NONE,AUTHOR_APPROVED_KEEP_FULL_PRIMARY_20260831,1,1,0.25,0.25,0.25,48.4585339836462,0.5306282510621704,3.901134621210114,Urban__MID,1,CELL_AND_ENVIRONMENT
F1023_V70_D0120_P8__G16__ch4__nav_sage_v2__ingestion_20260825_event_path_v1__center_98__mp_1,F1023_V70_D0120_P8__G16__ch4__nav_sage_v2__ingestion_20260825_event_path_v1__center_98,F1023_V70_D0120_P8__G16__ch4__nav_sage_v2__ingestion_20260825_event_path_v1,F1023_V70_D0120_P8__G16__ch4__nav_sage_v2,F1023_V70_D0120_P8,G16,98,48.098675659824,2,1,1.3,49.0900537835009,-2.61950744235957,4,4,1,11110,2,96;97;98;99,4,VALID,Urban,50,MID,valid,1,ALGTRACK_0139,4,0.25,1,PRIMARY_ADMITTED_SENSITIVITY_INCLUDED,FINE_GRID_QUANTIZED_VALID,NONE,NONE,AUTHOR_APPROVED_KEEP_FULL_PRIMARY_20260831,1,1,0.25,0.25,0.25,49.0900537835009,0.26236426446749106,3.91382246110624,Urban__MID,1,CELL_AND_ENVIRONMENT
F1023_V70_D0120_P8__G16__ch4__nav_sage_v2__ingestion_20260825_event_path_v1__center_99__mp_1,F1023_V70_D0120_P8__G16__ch4__nav_sage_v2__ingestion_20260825_event_path_v1__center_99,F1023_V70_D0120_P8__G16__ch4__nav_sage_v2__ingestion_20260825_event_path_v1,F1023_V70_D0120_P8__G16__ch4__nav_sage_v2,F1023_V70_D0120_P8,G16,99,48.118675659824,2,1,1.1,49.7215735833561,-2.31531692118653,3,3,1,11100,2,97;98;99,3,VALID,Urban,50,MID,valid,1,ALGTRACK_0139,4,0.25,1,PRIMARY_ADMITTED_SENSITIVITY_INCLUDED,FINE_GRID_QUANTIZED_VALID,NONE,NONE,AUTHOR_APPROVED_KEEP_FULL_PRIMARY_20260831,1,1,0.25,0.25,0.25,49.7215735833561,0.09531017980432493,3.9263513345561485,Urban__MID,1,CELL_AND_ENVIRONMENT
F1023_V70_D0120_P8__G16__ch4__nav_sage_v2__ingestion_20260825_event_path_v1__center_203__mp_1,F1023_V70_D0120_P8__G16__ch4__nav_sage_v2__ingestion_20260825_event_path_v1__center_203,F1023_V70_D0120_P8__G16__ch4__nav_sage_v2__ingestion_20260825_event_path_v1,F1023_V70_D0120_P8__G16__ch4__nav_sage_v2,F1023_V70_D0120_P8,G16,203,50.1986797653959,2,1,1,-50.3271992860346,-6.43536938872992,3,3,1,00111,2,203;204;205,3,VALID,Urban,50,MID,valid,1,ALGTRACK_0131,3,0.3333333333333333,1,PRIMARY_ADMITTED_SENSITIVITY_INCLUDED,COARSE_GRID_LOCK_CANDIDATE,NONE,NONE,AUTHOR_APPROVED_KEEP_FULL_PRIMARY_20260831,1,1,0.3333333333333333,0.333333333333,0.333333333333,50.3271992860346,0.0,3.938220812177594,Urban__MID,1,CELL_AND_ENVIRONMENT
F1023_V70_D0120_P8__G16__ch4__nav_sage_v2__ingestion_20260825_event_path_v1__center_204__mp_1,F1023_V70_D0120_P8__G16__ch4__nav_sage_v2__ingestion_20260825_event_path_v1__center_204,F1023_V70_D0120_P8__G16__ch4__nav_sage_v2__ingestion_20260825_event_path_v1,F1023_V70_D0120_P8__G16__ch4__nav_sage_v2,F1023_V70_D0120_P8,G16,204,50.2186797653959,2,1,1.7,-49.9963002128229,-5.05736533359781,3,3,1,01110,2,203;204;205,3,VALID,Urban,50,MID,valid,1,ALGTRACK_0131,3,0.3333333333333333,1,PRIMARY_ADMITTED_SENSITIVITY_INCLUDED,COARSE_GRID_LOCK_CANDIDATE,NONE,NONE,AUTHOR_APPROVED_KEEP_FULL_PRIMARY_20260831,1,1,0.3333333333333333,0.333333333333,0.333333333333,49.9963002128229,0.5306282510621704,3.9317530852462115,Urban__MID,1,CELL_AND_ENVIRONMENT
F1023_V70_D0120_P8__G16__ch4__nav_sage_v2__ingestion_20260825_event_path_v1__center_205__mp_1,F1023_V70_D0120_P8__G16__ch4__nav_sage_v2__ingestion_20260825_event_path_v1__center_205,F1023_V70_D0120_P8__G16__ch4__nav_sage_v2__ingestion_20260825_event_path_v1,F1023_V70_D0120_P8__G16__ch4__nav_sage_v2,F1023_V70_D0120_P8,G16,205,50.2386798631476,2,1,1.3,-49.6654011396113,-6.16821583719,3,3,1,11100,2,203;204;205,3,VALID,Urban,50,MID,valid,1,ALGTRACK_0131,3,0.3333333333333333,1,PRIMARY_ADMITTED_SENSITIVITY_INCLUDED,COARSE_GRID_LOCK_CANDIDATE,NONE,NONE,AUTHOR_APPROVED_KEEP_FULL_PRIMARY_20260831,1,1,0.3333333333333333,0.333333333333,0.333333333333,49.6654011396113,0.26236426446749106,3.9252432543585516,Urban__MID,1,CELL_AND_ENVIRONMENT
F1023_V70_D0120_P8__G16__ch4__nav_sage_v2__ingestion_20260825_event_path_v1__center_220__mp_1,F1023_V70_D0120_P8__G16__ch4__nav_sage_v2__ingestion_20260825_event_path_v1__center_220,F1023_V70_D0120_P8__G16__ch4__nav_sage_v2__ingestion_20260825_event_path_v1,F1023_V70_D0120_P8__G16__ch4__nav_sage_v2,F1023_V70_D0120_P8,G16,220,50.5386804496579,2,1,1.2,-49.7019150385481,-1.45820619672877,4,3,1,10111,2,218;220;221;222,4,VALID,Urban,50,MID,valid,1,ALGTRACK_0132,4,0.25,1,PRIMARY_ADMITTED_SENSITIVITY_INCLUDED,FINE_GRID_QUANTIZED_VALID,NONE,NONE,AUTHOR_APPROVED_KEEP_FULL_PRIMARY_20260831,1,1,0.25,0.25,0.25,49.7019150385481,0.1823215567939546,3.9259636818472683,Urban__MID,1,CELL_AND_ENVIRONMENT
F1023_V70_D0120_P8__G16__ch4__nav_sage_v2__ingestion_20260825_event_path_v1__center_221__mp_1,F1023_V70_D0120_P8__G16__ch4__nav_sage_v2__ingestion_20260825_event_path_v1__center_221,F1023_V70_D0120_P8__G16__ch4__nav_sage_v2__ingestion_20260825_event_path_v1,F1023_V70_D0120_P8__G16__ch4__nav_sage_v2,F1023_V70_D0120_P8,G16,221,50.5586804496579,2,1,1.1,-44.3710159653365,-2.48844740558574,4,4,1,01111,2,220;221;222;223,4,VALID,Urban,50,MID,valid,1,ALGTRACK_0132,4,0.25,1,PRIMARY_ADMITTED_SENSITIVITY_INCLUDED,COARSE_GRID_LOCK_CANDIDATE,NONE,NONE,AUTHOR_APPROVED_KEEP_FULL_PRIMARY_20260831,1,1,0.25,0.25,0.25,44.3710159653365,0.09531017980432493,3.8148734863133305,Urban__MID,1,CELL_AND_ENVIRONMENT
F1023_V70_D0120_P8__G16__ch4__nav_sage_v2__ingestion_20260825_event_path_v1__center_222__mp_1,F1023_V70_D0120_P8__G16__ch4__nav_sage_v2__ingestion_20260825_event_path_v1__center_222,F1023_V70_D0120_P8__G16__ch4__nav_sage_v2__ingestion_20260825_event_path_v1,F1023_V70_D0120_P8__G16__ch4__nav_sage_v2,F1023_V70_D0120_P8,G16,222,50.5786804496579,2,1,1.3,-49.0401168916433,-4.26364229613667,4,4,1,11110,2,220;221;222;223,4,VALID,Urban,50,MID,valid,1,ALGTRACK_0132,4,0.25,1,PRIMARY_ADMITTED_SENSITIVITY_INCLUDED,FINE_GRID_QUANTIZED_VALID,NONE,NONE,AUTHOR_APPROVED_KEEP_FULL_PRIMARY_20260831,1,1,0.25,0.25,0.25,49.0401168916433,0.26236426446749106,3.9128250215600766,Urban__MID,1,CELL_AND_ENVIRONMENT
F1023_V70_D0120_P8__G16__ch4__nav_sage_v2__ingestion_20260825_event_path_v1__center_223__mp_1,F1023_V70_D0120_P8__G16__ch4__nav_sage_v2__ingestion_20260825_event_path_v1__center_223,F1023_V70_D0120_P8__G16__ch4__nav_sage_v2__ingestion_20260825_event_path_v1,F1023_V70_D0120_P8__G16__ch4__nav_sage_v2,F1023_V70_D0120_P8,G16,223,50.5986805474096,2,1,1,-48.7092178184316,-1.24172149273562,4,3,1,11101,2,221;222;223;225,4,VALID,Urban,50,MID,valid,1,ALGTRACK_0132,4,0.25,1,PRIMARY_ADMITTED_SENSITIVITY_INCLUDED,FINE_GRID_QUANTIZED_VALID,NONE,NONE,AUTHOR_APPROVED_KEEP_FULL_PRIMARY_20260831,1,1,0.25,0.25,0.25,48.7092178184316,0.0,3.9061903850890345,Urban__MID,1,CELL_AND_ENVIRONMENT
F1023_V70_D0120_P8__G16__ch4__nav_sage_v2__ingestion_20260825_event_path_v1__center_293__mp_1,F1023_V70_D0120_P8__G16__ch4__nav_sage_v2__ingestion_20260825_event_path_v1__center_293,F1023_V70_D0120_P8__G16__ch4__nav_sage_v2__ingestion_20260825_event_path_v1,F1023_V70_D0120_P8__G16__ch4__nav_sage_v2,F1023_V70_D0120_P8,G16,293,51.9986832844575,2,1,1.2,-43.3875103860314,-2.96626389892588,3,3,1,01110,2,292;293;294,3,VALID,Urban,50,MID,valid,1,ALGTRACK_0133,2,0.5,1,PRIMARY_ADMITTED_SENSITIVITY_INCLUDED,COARSE_GRID_LOCK_CANDIDATE,NONE,NONE,AUTHOR_APPROVED_KEEP_FULL_PRIMARY_20260831,1,1,0.5,0.5,0.5,43.3875103860314,0.1823215567939546,3.7929581322546793,Urban__MID,1,CELL_AND_ENVIRONMENT
F1023_V70_D0120_P8__G16__ch4__nav_sage_v2__ingestion_20260825_event_path_v1__center_294__mp_1,F1023_V70_D0120_P8__G16__ch4__nav_sage_v2__ingestion_20260825_event_path_v1__center_294,F1023_V70_D0120_P8__G16__ch4__nav_sage_v2__ingestion_20260825_event_path_v1,F1023_V70_D0120_P8__G16__ch4__nav_sage_v2,F1023_V70_D0120_P8,G16,294,52.0186832844575,2,1,1.8,-43.5940519644082,-2.81947167801372,3,3,1,11100,2,292;293;294,3,VALID,Urban,50,MID,valid,1,ALGTRACK_0133,2,0.5,1,PRIMARY_ADMITTED_SENSITIVITY_INCLUDED,COARSE_GRID_LOCK_CANDIDATE,NONE,NONE,AUTHOR_APPROVED_KEEP_FULL_PRIMARY_20260831,1,1,0.5,0.5,0.5,43.5940519644082,0.5877866649021191,3.797600486105524,Urban__MID,1,CELL_AND_ENVIRONMENT
F1023_V70_D0120_P8__G16__ch4__nav_sage_v2__ingestion_20260825_event_path_v1__center_418__mp_1,F1023_V70_D0120_P8__G16__ch4__nav_sage_v2__ingestion_20260825_event_path_v1__center_418,F1023_V70_D0120_P8__G16__ch4__nav_sage_v2__ingestion_20260825_event_path_v1,F1023_V70_D0120_P8__G16__ch4__nav_sage_v2,F1023_V70_D0120_P8,G16,418,54.4986880742913,2,1,1.4,-40.4583683742812,-0.585886439789778,3,3,1,00111,2,418;419;420,3,VALID,Urban,50,MID,valid,1,ALGTRACK_0134,4,0.25,1,PRIMARY_ADMITTED_SENSITIVITY_INCLUDED,FINE_GRID_QUANTIZED_VALID,NONE,NONE,AUTHOR_APPROVED_KEEP_FULL_PRIMARY_20260831,1,1,0.25,0.25,0.25,40.4583683742812,0.3364722366212129,3.7246897520190827,Urban__MID,1,CELL_AND_ENVIRONMENT
F1023_V70_D0120_P8__G16__ch4__nav_sage_v2__ingestion_20260825_event_path_v1__center_419__mp_1,F1023_V70_D0120_P8__G16__ch4__nav_sage_v2__ingestion_20260825_event_path_v1__center_419,F1023_V70_D0120_P8__G16__ch4__nav_sage_v2__ingestion_20260825_event_path_v1,F1023_V70_D0120_P8__G16__ch4__nav_sage_v2,F1023_V70_D0120_P8,G16,419,54.518688172043,2,1,1.2,-35.6768050173819,-1.25889164756015,4,4,1,01111,2,418;419;420;421,4,VALID,Urban,50,MID,valid,1,ALGTRACK_0134,4,0.25,1,PRIMARY_ADMITTED_SENSITIVITY_INCLUDED,COARSE_GRID_LOCK_CANDIDATE,NONE,NONE,AUTHOR_APPROVED_KEEP_FULL_PRIMARY_20260831,1,1,0.25,0.25,0.25,35.6768050173819,0.1823215567939546,3.602144539379147,Urban__MID,1,CELL_AND_ENVIRONMENT
F1023_V70_D0120_P8__G16__ch4__nav_sage_v2__ingestion_20260825_event_path_v1__center_420__mp_1,F1023_V70_D0120_P8__G16__ch4__nav_sage_v2__ingestion_20260825_event_path_v1__center_420,F1023_V70_D0120_P8__G16__ch4__nav_sage_v2__ingestion_20260825_event_path_v1,F1023_V70_D0120_P8__G16__ch4__nav_sage_v2,F1023_V70_D0120_P8,G16,420,54.538688172043,2,1,1.3,-30.8952416607999,-1.16532126531771,4,4,1,11110,2,418;419;420;421,4,VALID,Urban,50,MID,valid,1,ALGTRACK_0134,4,0.25,1,PRIMARY_ADMITTED_SENSITIVITY_INCLUDED,FINE_GRID_QUANTIZED_VALID,NONE,NONE,AUTHOR_APPROVED_KEEP_FULL_PRIMARY_20260831,1,1,0.25,0.25,0.25,30.8952416607999,0.26236426446749106,3.46245683442646,Urban__MID,1,CELL_AND_ENVIRONMENT
F1023_V70_D0120_P8__G16__ch4__nav_sage_v2__ingestion_20260825_event_path_v1__center_421__mp_1,F1023_V70_D0120_P8__G16__ch4__nav_sage_v2__ingestion_20260825_event_path_v1__center_421,F1023_V70_D0120_P8__G16__ch4__nav_sage_v2__ingestion_20260825_event_path_v1,F1023_V70_D0120_P8__G16__ch4__nav_sage_v2,F1023_V70_D0120_P8,G16,421,54.5586882697947,2,1,1.7,-41.1136783039005,-1.58910466064505,3,3,1,11100,2,419;420;421,3,VALID,Urban,50,MID,valid,1,ALGTRACK_0134,4,0.25,1,PRIMARY_ADMITTED_SENSITIVITY_INCLUDED,FINE_GRID_QUANTIZED_VALID,NONE,NONE,AUTHOR_APPROVED_KEEP_FULL_PRIMARY_20260831,1,1,0.25,0.25,0.25,41.1136783039005,0.5306282510621704,3.740372588249831,Urban__MID,1,CELL_AND_ENVIRONMENT
F1023_V70_D0120_P8__G16__ch4__nav_sage_v2__ingestion_20260825_event_path_v1__center_522__mp_1,F1023_V70_D0120_P8__G16__ch4__nav_sage_v2__ingestion_20260825_event_path_v1__center_522,F1023_V70_D0120_P8__G16__ch4__nav_sage_v2__ingestion_20260825_event_path_v1,F1023_V70_D0120_P8__G16__ch4__nav_sage_v2,F1023_V70_D0120_P8,G16,522,56.5786921798631,2,1,1.4,33.6337512015807,-3.59090464193338,3,3,1,00111,2,522;523;524,3,VALID,Urban,50,MID,valid,1,ALGTRACK_0135,3,0.3333333333333333,1,PRIMARY_ADMITTED_SENSITIVITY_INCLUDED,COARSE_GRID_LOCK_CANDIDATE,NONE,NONE,AUTHOR_APPROVED_KEEP_FULL_PRIMARY_20260831,1,1,0.3333333333333333,0.333333333333,0.333333333333,33.6337512015807,0.3364722366212129,3.544828674857471,Urban__MID,1,CELL_AND_ENVIRONMENT
F1023_V70_D0120_P8__G16__ch4__nav_sage_v2__ingestion_20260825_event_path_v1__center_523__mp_1,F1023_V70_D0120_P8__G16__ch4__nav_sage_v2__ingestion_20260825_event_path_v1__center_523,F1023_V70_D0120_P8__G16__ch4__nav_sage_v2__ingestion_20260825_event_path_v1,F1023_V70_D0120_P8__G16__ch4__nav_sage_v2,F1023_V70_D0120_P8,G16,523,56.5986922776149,2,1,1.5,33.944104253907,-0.805743288090879,3,3,1,01110,2,522;523;524,3,VALID,Urban,50,MID,valid,1,ALGTRACK_0135,3,0.3333333333333333,1,PRIMARY_ADMITTED_SENSITIVITY_INCLUDED,COARSE_GRID_LOCK_CANDIDATE,NONE,NONE,AUTHOR_APPROVED_KEEP_FULL_PRIMARY_20260831,1,1,0.3333333333333333,0.333333333333,0.333333333333,33.944104253907,0.4054651081081644,3.553749763574577,Urban__MID,1,CELL_AND_ENVIRONMENT
F1023_V70_D0120_P8__G16__ch4__nav_sage_v2__ingestion_20260825_event_path_v1__center_524__mp_1,F1023_V70_D0120_P8__G16__ch4__nav_sage_v2__ingestion_20260825_event_path_v1__center_524,F1023_V70_D0120_P8__G16__ch4__nav_sage_v2__ingestion_20260825_event_path_v1,F1023_V70_D0120_P8__G16__ch4__nav_sage_v2,F1023_V70_D0120_P8,G16,524,56.6186922776149,2,1,1.5,34.2544573062328,-1.72848830167353,3,3,1,11100,2,522;523;524,3,VALID,Urban,50,MID,valid,1,ALGTRACK_0135,3,0.3333333333333333,1,PRIMARY_ADMITTED_SENSITIVITY_INCLUDED,COARSE_GRID_LOCK_CANDIDATE,NONE,NONE,AUTHOR_APPROVED_KEEP_FULL_PRIMARY_20260831,1,1,0.3333333333333333,0.333333333333,0.333333333333,34.2544573062328,0.4054651081081644,3.5625919696681194,Urban__MID,1,CELL_AND_ENVIRONMENT
F1023_V70_D0120_P8__G16__ch4__nav_sage_v2__ingestion_20260825_event_path_v1__center_539__mp_1,F1023_V70_D0120_P8__G16__ch4__nav_sage_v2__ingestion_20260825_event_path_v1__center_539,F1023_V70_D0120_P8__G16__ch4__nav_sage_v2__ingestion_20260825_event_path_v1,F1023_V70_D0120_P8__G16__ch4__nav_sage_v2,F1023_V70_D0120_P8,G16,539,56.9186928641251,2,1,1.3,38.9097530938316,-2.95796371828944,3,3,1,00111,2,539;540;541,3,VALID,Urban,50,MID,valid,1,ALGTRACK_0136,3,0.3333333333333333,1,PRIMARY_ADMITTED_SENSITIVITY_INCLUDED,COARSE_GRID_LOCK_CANDIDATE,NONE,NONE,AUTHOR_APPROVED_KEEP_FULL_PRIMARY_20260831,1,1,0.3333333333333333,0.333333333333,0.333333333333,38.9097530938316,0.26236426446749106,3.686620732467504,Urban__MID,1,CELL_AND_ENVIRONMENT
F1023_V70_D0120_P8__G16__ch4__nav_sage_v2__ingestion_20260825_event_path_v1__center_540__mp_1,F1023_V70_D0120_P8__G16__ch4__nav_sage_v2__ingestion_20260825_event_path_v1__center_540,F1023_V70_D0120_P8__G16__ch4__nav_sage_v2__ingestion_20260825_event_path_v1,F1023_V70_D0120_P8__G16__ch4__nav_sage_v2,F1023_V70_D0120_P8,G16,540,56.9386929618768,2,1,1.5,39.2201061461574,-0.987315523342978,3,3,1,01110,2,539;540;541,3,VALID,Urban,50,MID,valid,1,ALGTRACK_0136,3,0.3333333333333333,1,PRIMARY_ADMITTED_SENSITIVITY_INCLUDED,COARSE_GRID_LOCK_CANDIDATE,NONE,NONE,AUTHOR_APPROVED_KEEP_FULL_PRIMARY_20260831,1,1,0.3333333333333333,0.333333333333,0.333333333333,39.2201061461574,0.4054651081081644,3.6943670234796957,Urban__MID,1,CELL_AND_ENVIRONMENT
F1023_V70_D0120_P8__G16__ch4__nav_sage_v2__ingestion_20260825_event_path_v1__center_541__mp_1,F1023_V70_D0120_P8__G16__ch4__nav_sage_v2__ingestion_20260825_event_path_v1__center_541,F1023_V70_D0120_P8__G16__ch4__nav_sage_v2__ingestion_20260825_event_path_v1,F1023_V70_D0120_P8__G16__ch4__nav_sage_v2,F1023_V70_D0120_P8,G16,541,56.9586929618768,2,1,1.6,39.5304591984832,-3.32020127721744,3,3,1,11100,2,539;540;541,3,VALID,Urban,50,MID,valid,1,ALGTRACK_0136,3,0.3333333333333333,1,PRIMARY_ADMITTED_SENSITIVITY_INCLUDED,COARSE_GRID_LOCK_CANDIDATE,NONE,NONE,AUTHOR_APPROVED_KEEP_FULL_PRIMARY_20260831,1,1,0.3333333333333333,0.333333333333,0.333333333333,39.5304591984832,0.47000362924573563,3.702053770417713,Urban__MID,1,CELL_AND_ENVIRONMENT
F1023_V70_D0120_P8__G16__ch4__nav_sage_v2__ingestion_20260825_event_path_v1__center_559__mp_1,F1023_V70_D0120_P8__G16__ch4__nav_sage_v2__ingestion_20260825_event_path_v1__center_559,F1023_V70_D0120_P8__G16__ch4__nav_sage_v2__ingestion_20260825_event_path_v1,F1023_V70_D0120_P8__G16__ch4__nav_sage_v2,F1023_V70_D0120_P8,G16,559,57.3186936461388,2,1,1.2,46.3298580813157,-1.04197080019805,4,3,1,10111,2,557;559;560;561,4,VALID,Urban,50,MID,valid,1,ALGTRACK_0137,3,0.3333333333333333,1,PRIMARY_ADMITTED_SENSITIVITY_INCLUDED,FINE_GRID_QUANTIZED_VALID,NONE,NONE,AUTHOR_APPROVED_KEEP_FULL_PRIMARY_20260831,1,1,0.3333333333333333,0.333333333333,0.333333333333,46.3298580813157,0.1823215567939546,3.857141345420437,Urban__MID,1,CELL_AND_ENVIRONMENT
F1023_V70_D0120_P8__G16__ch4__nav_sage_v2__ingestion_20260825_event_path_v1__center_560__mp_1,F1023_V70_D0120_P8__G16__ch4__nav_sage_v2__ingestion_20260825_event_path_v1__center_560,F1023_V70_D0120_P8__G16__ch4__nav_sage_v2__ingestion_20260825_event_path_v1,F1023_V70_D0120_P8__G16__ch4__nav_sage_v2,F1023_V70_D0120_P8,G16,560,57.3386937438905,2,1,1.1,41.1946868912783,-1.01301358385545,3,3,1,01110,2,559;560;561,3,VALID,Urban,50,MID,valid,1,ALGTRACK_0137,3,0.3333333333333333,1,PRIMARY_ADMITTED_SENSITIVITY_INCLUDED,COARSE_GRID_LOCK_CANDIDATE,NONE,NONE,AUTHOR_APPROVED_KEEP_FULL_PRIMARY_20260831,1,1,0.3333333333333333,0.333333333333,0.333333333333,41.1946868912783,0.09531017980432493,3.7422943100652346,Urban__MID,1,CELL_AND_ENVIRONMENT
F1023_V70_D0120_P8__G16__ch4__nav_sage_v2__ingestion_20260825_event_path_v1__center_561__mp_1,F1023_V70_D0120_P8__G16__ch4__nav_sage_v2__ingestion_20260825_event_path_v1__center_561,F1023_V70_D0120_P8__G16__ch4__nav_sage_v2__ingestion_20260825_event_path_v1,F1023_V70_D0120_P8__G16__ch4__nav_sage_v2,F1023_V70_D0120_P8,G16,561,57.3586937438905,2,1,1.7,41.0595157010443,-2.33713978054197,3,3,1,11100,2,559;560;561,3,VALID,Urban,50,MID,valid,1,ALGTRACK_0137,3,0.3333333333333333,1,PRIMARY_ADMITTED_SENSITIVITY_INCLUDED,COARSE_GRID_LOCK_CANDIDATE,NONE,NONE,AUTHOR_APPROVED_KEEP_FULL_PRIMARY_20260831,1,1,0.3333333333333333,0.333333333333,0.333333333333,41.0595157010443,0.5306282510621704,3.7390856557299994,Urban__MID,1,CELL_AND_ENVIRONMENT
F1023_V70_D0120_P8__G18__ch9__nav_sage_v2__ingestion_20260825_event_path_v1__center_259__mp_1,F1023_V70_D0120_P8__G18__ch9__nav_sage_v2__ingestion_20260825_event_path_v1__center_259,F1023_V70_D0120_P8__G18__ch9__nav_sage_v2__ingestion_20260825_event_path_v1,F1023_V70_D0120_P8__G18__ch9__nav_sage_v2,F1023_V70_D0120_P8,G18,259,45.3173868035191,3,1,1.9,-50.3356979047148,-6.39343199659833,4,4,1,01111,2,258;259;260;261,4,VALID,Urban,74,HIGH,valid,1,ALGTRACK_0140,2,0.5,1,PRIMARY_ADMITTED_SENSITIVITY_EXCLUDED,COARSE_GRID_LOCK_CANDIDATE,NONE,EXACT_FOUR_REPEATED_DOPPLER_MODE,AUTHOR_APPROVED_KEEP_FULL_PRIMARY_20260831,1,0,0.5,0.5,,50.3356979047148,0.6418538861723947,3.9383863757635083,Urban__HIGH,1,CELL_AND_ENVIRONMENT
F1023_V70_D0120_P8__G18__ch9__nav_sage_v2__ingestion_20260825_event_path_v1__center_259__mp_2,F1023_V70_D0120_P8__G18__ch9__nav_sage_v2__ingestion_20260825_event_path_v1__center_259,F1023_V70_D0120_P8__G18__ch9__nav_sage_v2__ingestion_20260825_event_path_v1,F1023_V70_D0120_P8__G18__ch9__nav_sage_v2,F1023_V70_D0120_P8,G18,259,45.3173868035191,3,2,2.9,49.6643020952852,-13.9935889240079,3,3,1,00111,2,259;260;261,3,VALID,Urban,74,HIGH,valid,1,ALGTRACK_0141,2,0.5,1,PRIMARY_ADMITTED_SENSITIVITY_EXCLUDED,COARSE_GRID_LOCK_CANDIDATE,NONE,EXACT_FOUR_REPEATED_DOPPLER_MODE,AUTHOR_APPROVED_KEEP_FULL_PRIMARY_20260831,1,0,0.5,0.5,,49.6643020952852,1.0647107369924282,3.9252215619171245,Urban__HIGH,1,CELL_AND_ENVIRONMENT
F1023_V70_D0120_P8__G18__ch9__nav_sage_v2__ingestion_20260825_event_path_v1__center_261__mp_1,F1023_V70_D0120_P8__G18__ch9__nav_sage_v2__ingestion_20260825_event_path_v1__center_261,F1023_V70_D0120_P8__G18__ch9__nav_sage_v2__ingestion_20260825_event_path_v1,F1023_V70_D0120_P8__G18__ch9__nav_sage_v2,F1023_V70_D0120_P8,G18,261,45.3573869012708,3,1,1.8,-50.3356979047148,-5.46267534257351,3,3,1,11100,2,259;260;261,3,VALID,Urban,74,HIGH,valid,1,ALGTRACK_0140,2,0.5,1,PRIMARY_ADMITTED_SENSITIVITY_EXCLUDED,COARSE_GRID_LOCK_CANDIDATE,NONE,EXACT_FOUR_REPEATED_DOPPLER_MODE,AUTHOR_APPROVED_KEEP_FULL_PRIMARY_20260831,1,0,0.5,0.5,,50.3356979047148,0.5877866649021191,3.9383863757635083,Urban__HIGH,1,CELL_AND_ENVIRONMENT
F1023_V70_D0120_P8__G18__ch9__nav_sage_v2__ingestion_20260825_event_path_v1__center_261__mp_2,F1023_V70_D0120_P8__G18__ch9__nav_sage_v2__ingestion_20260825_event_path_v1__center_261,F1023_V70_D0120_P8__G18__ch9__nav_sage_v2__ingestion_20260825_event_path_v1,F1023_V70_D0120_P8__G18__ch9__nav_sage_v2,F1023_V70_D0120_P8,G18,261,45.3573869012708,3,2,2.8,49.6643020952852,-12.0460667176135,3,3,1,11100,2,259;260;261,3,VALID,Urban,74,HIGH,valid,1,ALGTRACK_0141,2,0.5,1,PRIMARY_ADMITTED_SENSITIVITY_EXCLUDED,COARSE_GRID_LOCK_CANDIDATE,NONE,EXACT_FOUR_REPEATED_DOPPLER_MODE,AUTHOR_APPROVED_KEEP_FULL_PRIMARY_20260831,1,0,0.5,0.5,,49.6643020952852,1.0296194171811581,3.9252215619171245,Urban__HIGH,1,CELL_AND_ENVIRONMENT
F1023_V70_D0120_P8__G18__ch9__nav_sage_v2__ingestion_20260825_event_path_v1__center_516__mp_1,F1023_V70_D0120_P8__G18__ch9__nav_sage_v2__ingestion_20260825_event_path_v1__center_516,F1023_V70_D0120_P8__G18__ch9__nav_sage_v2__ingestion_20260825_event_path_v1,F1023_V70_D0120_P8__G18__ch9__nav_sage_v2,F1023_V70_D0120_P8,G18,516,50.4574027370479,2,1,1.8,-46.0255113323574,-2.16886388541128,3,3,1,00111,2,516;517;518,3,VALID,Urban,74,HIGH,valid,1,ALGTRACK_0142,2,0.5,1,PRIMARY_ADMITTED_SENSITIVITY_INCLUDED,COARSE_GRID_LOCK_CANDIDATE,NONE,NONE,AUTHOR_APPROVED_KEEP_FULL_PRIMARY_20260831,1,1,0.5,0.5,0.5,46.0255113323574,0.5877866649021191,3.8506902487559915,Urban__HIGH,1,CELL_AND_ENVIRONMENT
F1023_V70_D0120_P8__G18__ch9__nav_sage_v2__ingestion_20260825_event_path_v1__center_517__mp_1,F1023_V70_D0120_P8__G18__ch9__nav_sage_v2__ingestion_20260825_event_path_v1__center_517,F1023_V70_D0120_P8__G18__ch9__nav_sage_v2__ingestion_20260825_event_path_v1,F1023_V70_D0120_P8__G18__ch9__nav_sage_v2,F1023_V70_D0120_P8,G18,517,50.4774027370479,2,1,1.5,-45.6946122586642,-2.4992440110579,3,3,1,01110,2,516;517;518,3,VALID,Urban,74,HIGH,valid,1,ALGTRACK_0142,2,0.5,1,PRIMARY_ADMITTED_SENSITIVITY_INCLUDED,COARSE_GRID_LOCK_CANDIDATE,NONE,NONE,AUTHOR_APPROVED_KEEP_FULL_PRIMARY_20260831,1,1,0.5,0.5,0.5,45.6946122586642,0.4054651081081644,3.843628788825828,Urban__HIGH,1,CELL_AND_ENVIRONMENT
F1023_V70_D0120_P8__G18__ch9__nav_sage_v2__ingestion_20260825_event_path_v1__center_768__mp_1,F1023_V70_D0120_P8__G18__ch9__nav_sage_v2__ingestion_20260825_event_path_v1__center_768,F1023_V70_D0120_P8__G18__ch9__nav_sage_v2__ingestion_20260825_event_path_v1,F1023_V70_D0120_P8__G18__ch9__nav_sage_v2,F1023_V70_D0120_P8,G18,768,55.4974183773216,2,1,1.9,-35.7260073307398,-2.96211228393299,4,4,1,11110,2,766;767;768;769,4,VALID,Urban,74,HIGH,valid,1,ALGTRACK_0143,1,1.0,1,PRIMARY_ADMITTED_SENSITIVITY_INCLUDED,COARSE_GRID_LOCK_CANDIDATE,NONE,NONE,AUTHOR_APPROVED_KEEP_FULL_PRIMARY_20260831,1,1,1.0,1,1,35.7260073307398,0.6418538861723947,3.6034851507032357,Urban__HIGH,1,CELL_AND_ENVIRONMENT
F1023_V70_D0120_P8__G18__ch9__nav_sage_v2__ingestion_20260825_event_path_v1__center_848__mp_1,F1023_V70_D0120_P8__G18__ch9__nav_sage_v2__ingestion_20260825_event_path_v1__center_848,F1023_V70_D0120_P8__G18__ch9__nav_sage_v2__ingestion_20260825_event_path_v1,F1023_V70_D0120_P8__G18__ch9__nav_sage_v2,F1023_V70_D0120_P8,G18,848,57.0974232649071,2,1,1,46.7029305661199,-1.50622088274656,3,3,1,00111,2,848;849;850,3,VALID,Urban,74,HIGH,valid,1,ALGTRACK_0144,3,0.3333333333333333,1,PRIMARY_ADMITTED_SENSITIVITY_INCLUDED,FINE_GRID_QUANTIZED_VALID,NONE,NONE,AUTHOR_APPROVED_KEEP_FULL_PRIMARY_20260831,1,1,0.3333333333333333,0.333333333333,0.333333333333,46.7029305661199,0.0,3.8649928334519545,Urban__HIGH,1,CELL_AND_ENVIRONMENT
F1023_V70_D0120_P8__G18__ch9__nav_sage_v2__ingestion_20260825_event_path_v1__center_850__mp_1,F1023_V70_D0120_P8__G18__ch9__nav_sage_v2__ingestion_20260825_event_path_v1__center_850,F1023_V70_D0120_P8__G18__ch9__nav_sage_v2__ingestion_20260825_event_path_v1,F1023_V70_D0120_P8__G18__ch9__nav_sage_v2,F1023_V70_D0120_P8,G18,850,57.1374234604106,2,1,1.3,42.3236366712226,-2.33262325807386,4,4,1,11110,2,848;849;850;851,4,VALID,Urban,74,HIGH,valid,1,ALGTRACK_0144,3,0.3333333333333333,1,PRIMARY_ADMITTED_SENSITIVITY_INCLUDED,COARSE_GRID_LOCK_CANDIDATE,NONE,NONE,AUTHOR_APPROVED_KEEP_FULL_PRIMARY_20260831,1,1,0.3333333333333333,0.333333333333,0.333333333333,42.3236366712226,0.26236426446749106,3.768698367621794,Urban__HIGH,1,CELL_AND_ENVIRONMENT
F1023_V70_D0120_P8__G18__ch9__nav_sage_v2__ingestion_20260825_event_path_v1__center_851__mp_1,F1023_V70_D0120_P8__G18__ch9__nav_sage_v2__ingestion_20260825_event_path_v1__center_851,F1023_V70_D0120_P8__G18__ch9__nav_sage_v2__ingestion_20260825_event_path_v1,F1023_V70_D0120_P8__G18__ch9__nav_sage_v2,F1023_V70_D0120_P8,G18,851,57.1574234604106,2,1,1.6,42.4112276022051,-2.28938741318611,3,3,1,11100,2,849;850;851,3,VALID,Urban,74,HIGH,valid,1,ALGTRACK_0144,3,0.3333333333333333,1,PRIMARY_ADMITTED_SENSITIVITY_INCLUDED,COARSE_GRID_LOCK_CANDIDATE,NONE,NONE,AUTHOR_APPROVED_KEEP_FULL_PRIMARY_20260831,1,1,0.3333333333333333,0.333333333333,0.333333333333,42.4112276022051,0.47000362924573563,3.77071810816079,Urban__HIGH,1,CELL_AND_ENVIRONMENT
F1023_V70_D0120_P8__G23__ch11__nav_sage_v2__ingestion_20260825_event_path_v1__center_51__mp_1,F1023_V70_D0120_P8__G23__ch11__nav_sage_v2__ingestion_20260825_event_path_v1__center_51,F1023_V70_D0120_P8__G23__ch11__nav_sage_v2__ingestion_20260825_event_path_v1,F1023_V70_D0120_P8__G23__ch11__nav_sage_v2,F1023_V70_D0120_P8,G23,51,47.1678619745846,2,1,1.5,-35.5913768252992,-1.67216585948219,4,3,1,10111,2,49;51;52;53,4,VALID,Urban,19,LOW,valid,1,ALGTRACK_0146,3,0.3333333333333333,1,PRIMARY_ADMITTED_SENSITIVITY_INCLUDED,COARSE_GRID_LOCK_CANDIDATE,NONE,NONE,AUTHOR_APPROVED_KEEP_FULL_PRIMARY_20260831,1,1,0.3333333333333333,0.333333333333,0.333333333333,35.5913768252992,0.4054651081081644,3.599812606781756,Urban__LOW,1,CELL_AND_ENVIRONMENT
F1023_V70_D0120_P8__G23__ch11__nav_sage_v2__ingestion_20260825_event_path_v1__center_52__mp_1,F1023_V70_D0120_P8__G23__ch11__nav_sage_v2__ingestion_20260825_event_path_v1__center_52,F1023_V70_D0120_P8__G23__ch11__nav_sage_v2__ingestion_20260825_event_path_v1,F1023_V70_D0120_P8__G23__ch11__nav_sage_v2,F1023_V70_D0120_P8,G23,52,47.1878619745846,2,1,1.3,-39.9598570254445,-1.32991094015504,3,3,1,01110,2,51;52;53,3,VALID,Urban,19,LOW,valid,1,ALGTRACK_0146,3,0.3333333333333333,1,PRIMARY_ADMITTED_SENSITIVITY_INCLUDED,FINE_GRID_QUANTIZED_VALID,NONE,NONE,AUTHOR_APPROVED_KEEP_FULL_PRIMARY_20260831,1,1,0.3333333333333333,0.333333333333,0.333333333333,39.9598570254445,0.26236426446749106,3.7125924901354264,Urban__LOW,1,CELL_AND_ENVIRONMENT
F1023_V70_D0120_P8__G23__ch11__nav_sage_v2__ingestion_20260825_event_path_v1__center_53__mp_1,F1023_V70_D0120_P8__G23__ch11__nav_sage_v2__ingestion_20260825_event_path_v1__center_53,F1023_V70_D0120_P8__G23__ch11__nav_sage_v2__ingestion_20260825_event_path_v1,F1023_V70_D0120_P8__G23__ch11__nav_sage_v2,F1023_V70_D0120_P8,G23,53,47.2078620723363,2,1,1.1,-34.3283372246706,-1.31434638486313,3,3,1,11100,2,51;52;53,3,VALID,Urban,19,LOW,valid,1,ALGTRACK_0146,3,0.3333333333333333,1,PRIMARY_ADMITTED_SENSITIVITY_INCLUDED,COARSE_GRID_LOCK_CANDIDATE,NONE,NONE,AUTHOR_APPROVED_KEEP_FULL_PRIMARY_20260831,1,1,0.3333333333333333,0.333333333333,0.333333333333,34.3283372246706,0.09531017980432493,3.564685396144358,Urban__LOW,1,CELL_AND_ENVIRONMENT
F1023_V70_D0120_P8__G23__ch11__nav_sage_v2__ingestion_20260825_event_path_v1__center_263__mp_1,F1023_V70_D0120_P8__G23__ch11__nav_sage_v2__ingestion_20260825_event_path_v1__center_263,F1023_V70_D0120_P8__G23__ch11__nav_sage_v2__ingestion_20260825_event_path_v1,F1023_V70_D0120_P8__G23__ch11__nav_sage_v2,F1023_V70_D0120_P8,G23,263,51.4078668621701,2,1,1.3,-42.1912630314096,-1.55233115479077,3,3,1,00111,2,263;264;265,3,VALID,Urban,19,LOW,valid,1,ALGTRACK_0145,2,0.5,1,PRIMARY_ADMITTED_SENSITIVITY_INCLUDED,FINE_GRID_QUANTIZED_VALID,NONE,NONE,AUTHOR_APPROVED_KEEP_FULL_PRIMARY_20260831,1,1,0.5,0.5,0.5,42.1912630314096,0.26236426446749106,3.7656382301525624,Urban__LOW,1,CELL_AND_ENVIRONMENT
F1023_V70_D0120_P8__G23__ch11__nav_sage_v2__ingestion_20260825_event_path_v1__center_265__mp_1,F1023_V70_D0120_P8__G23__ch11__nav_sage_v2__ingestion_20260825_event_path_v1__center_265,F1023_V70_D0120_P8__G23__ch11__nav_sage_v2__ingestion_20260825_event_path_v1,F1023_V70_D0120_P8__G23__ch11__nav_sage_v2,F1023_V70_D0120_P8,G23,265,51.4478669599218,2,1,1.8,-37.6043461884644,-0.360367010379009,3,3,1,11100,2,263;264;265,3,VALID,Urban,19,LOW,valid,1,ALGTRACK_0145,2,0.5,1,PRIMARY_ADMITTED_SENSITIVITY_INCLUDED,COARSE_GRID_LOCK_CANDIDATE,NONE,NONE,AUTHOR_APPROVED_KEEP_FULL_PRIMARY_20260831,1,1,0.5,0.5,0.5,37.6043461884644,0.5877866649021191,3.6533648656884536,Urban__LOW,1,CELL_AND_ENVIRONMENT
F1023_V70_D0120_P8__G26__ch3__nav_sage_v2__ingestion_20260825_event_path_v1__center_194__mp_1,F1023_V70_D0120_P8__G26__ch3__nav_sage_v2__ingestion_20260825_event_path_v1__center_194,F1023_V70_D0120_P8__G26__ch3__nav_sage_v2__ingestion_20260825_event_path_v1,F1023_V70_D0120_P8__G26__ch3__nav_sage_v2,F1023_V70_D0120_P8,G26,194,44.0168215053763,2,1,1,-50.3356979047148,-7.6657534035424,3,3,1,00111,2,194;195;196,3,VALID,Urban,74,HIGH,valid,1,ALGTRACK_0147,1,1.0,1,PRIMARY_ADMITTED_SENSITIVITY_EXCLUDED,COARSE_GRID_LOCK_CANDIDATE,NONE,EXACT_FOUR_REPEATED_DOPPLER_MODE,AUTHOR_APPROVED_KEEP_FULL_PRIMARY_20260831,1,0,1.0,1,,50.3356979047148,0.0,3.9383863757635083,Urban__HIGH,1,CELL_AND_ENVIRONMENT
F1023_V70_D0120_P8__G26__ch3__nav_sage_v2__ingestion_20260825_event_path_v1__center_218__mp_1,F1023_V70_D0120_P8__G26__ch3__nav_sage_v2__ingestion_20260825_event_path_v1__center_218,F1023_V70_D0120_P8__G26__ch3__nav_sage_v2__ingestion_20260825_event_path_v1,F1023_V70_D0120_P8__G26__ch3__nav_sage_v2,F1023_V70_D0120_P8,G26,218,44.4968232649071,3,1,1.1,49.6643020952852,-4.71196214063577,3,3,1,11100,2,216;217;218,3,VALID,Urban,74,HIGH,valid,1,ALGTRACK_0148,1,1.0,1,PRIMARY_ADMITTED_SENSITIVITY_EXCLUDED,COARSE_GRID_LOCK_CANDIDATE,NONE,EXACT_FOUR_REPEATED_DOPPLER_MODE,AUTHOR_APPROVED_KEEP_FULL_PRIMARY_20260831,1,0,1.0,1,,49.6643020952852,0.09531017980432493,3.9252215619171245,Urban__HIGH,1,CELL_AND_ENVIRONMENT
F1023_V70_D0120_P8__G26__ch3__nav_sage_v2__ingestion_20260825_event_path_v1__center_218__mp_2,F1023_V70_D0120_P8__G26__ch3__nav_sage_v2__ingestion_20260825_event_path_v1__center_218,F1023_V70_D0120_P8__G26__ch3__nav_sage_v2__ingestion_20260825_event_path_v1,F1023_V70_D0120_P8__G26__ch3__nav_sage_v2,F1023_V70_D0120_P8,G26,218,44.4968232649071,3,2,2.1,-50.3356979047148,-11.9205047034666,4,3,1,11101,2,216;217;218;220,4,VALID,Urban,74,HIGH,valid,1,ALGTRACK_0149,1,1.0,1,PRIMARY_ADMITTED_SENSITIVITY_EXCLUDED,COARSE_GRID_LOCK_CANDIDATE,NONE,EXACT_FOUR_REPEATED_DOPPLER_MODE,AUTHOR_APPROVED_KEEP_FULL_PRIMARY_20260831,1,0,1.0,1,,50.3356979047148,0.7419373447293773,3.9383863757635083,Urban__HIGH,1,CELL_AND_ENVIRONMENT
F1023_V70_D0120_P8__G26__ch3__nav_sage_v2__ingestion_20260825_event_path_v1__center_298__mp_1,F1023_V70_D0120_P8__G26__ch3__nav_sage_v2__ingestion_20260825_event_path_v1__center_298,F1023_V70_D0120_P8__G26__ch3__nav_sage_v2__ingestion_20260825_event_path_v1,F1023_V70_D0120_P8__G26__ch3__nav_sage_v2,F1023_V70_D0120_P8,G26,298,46.0968290322581,4,1,1.1,54.6643020952852,-4.49701485742296,3,3,1,00111,2,298;299;300,3,VALID,Urban,74,HIGH,valid,1,ALGTRACK_0150,3,0.3333333333333333,1,PRIMARY_ADMITTED_SENSITIVITY_INCLUDED,FINE_GRID_QUANTIZED_VALID,NONE,NONE,AUTHOR_APPROVED_KEEP_FULL_PRIMARY_20260831,1,1,0.3333333333333333,0.333333333333,1,54.6643020952852,0.09531017980432493,4.0193390455162525,Urban__HIGH,1,CELL_AND_ENVIRONMENT
F1023_V70_D0120_P8__G26__ch3__nav_sage_v2__ingestion_20260825_event_path_v1__center_298__mp_2,F1023_V70_D0120_P8__G26__ch3__nav_sage_v2__ingestion_20260825_event_path_v1__center_298,F1023_V70_D0120_P8__G26__ch3__nav_sage_v2__ingestion_20260825_event_path_v1,F1023_V70_D0120_P8__G26__ch3__nav_sage_v2,F1023_V70_D0120_P8,G26,298,46.0968290322581,4,2,2.1,-45.3356979047148,-10.0031484391933,5,5,1,11111,2,296;297;298;299;300,5,VALID,Urban,74,HIGH,valid,1,ALGTRACK_0151,3,0.3333333333333333,1,PRIMARY_ADMITTED_SENSITIVITY_INCLUDED,FINE_GRID_QUANTIZED_VALID,NONE,NONE,AUTHOR_APPROVED_KEEP_FULL_PRIMARY_20260831,1,1,0.3333333333333333,0.333333333333,1,45.3356979047148,0.7419373447293773,3.835912677075104,Urban__HIGH,1,CELL_AND_ENVIRONMENT
F1023_V70_D0120_P8__G26__ch3__nav_sage_v2__ingestion_20260825_event_path_v1__center_298__mp_3,F1023_V70_D0120_P8__G26__ch3__nav_sage_v2__ingestion_20260825_event_path_v1__center_298,F1023_V70_D0120_P8__G26__ch3__nav_sage_v2__ingestion_20260825_event_path_v1,F1023_V70_D0120_P8__G26__ch3__nav_sage_v2,F1023_V70_D0120_P8,G26,298,46.0968290322581,4,3,3.1,104.664302095285,-14.3493960566957,3,3,1,00111,2,298;299;300,3,VALID,Urban,74,HIGH,valid,1,ALGTRACK_0152,3,0.3333333333333333,1,PRIMARY_ADMITTED_SENSITIVITY_INCLUDED,FINE_GRID_QUANTIZED_VALID,NONE,NONE,AUTHOR_APPROVED_KEEP_FULL_PRIMARY_20260831,1,1,0.3333333333333333,0.333333333333,1,104.664302095285,1.1314021114911006,4.660267107311642,Urban__HIGH,1,CELL_AND_ENVIRONMENT
F1023_V70_D0120_P8__G26__ch3__nav_sage_v2__ingestion_20260825_event_path_v1__center_299__mp_1,F1023_V70_D0120_P8__G26__ch3__nav_sage_v2__ingestion_20260825_event_path_v1__center_299,F1023_V70_D0120_P8__G26__ch3__nav_sage_v2__ingestion_20260825_event_path_v1,F1023_V70_D0120_P8__G26__ch3__nav_sage_v2,F1023_V70_D0120_P8,G26,299,46.1168290322581,4,1,1.6,49.6643020952852,-4.9370975578065,4,4,1,11110,2,297;298;299;300,4,VALID,Urban,74,HIGH,valid,1,ALGTRACK_0150,3,0.3333333333333333,1,PRIMARY_ADMITTED_SENSITIVITY_EXCLUDED,COARSE_GRID_LOCK_CANDIDATE,NONE,EXACT_FOUR_REPEATED_DOPPLER_MODE,AUTHOR_APPROVED_KEEP_FULL_PRIMARY_20260831,1,0,0.3333333333333333,0.333333333333,,49.6643020952852,0.47000362924573563,3.9252215619171245,Urban__HIGH,1,CELL_AND_ENVIRONMENT
F1023_V70_D0120_P8__G26__ch3__nav_sage_v2__ingestion_20260825_event_path_v1__center_299__mp_2,F1023_V70_D0120_P8__G26__ch3__nav_sage_v2__ingestion_20260825_event_path_v1__center_299,F1023_V70_D0120_P8__G26__ch3__nav_sage_v2__ingestion_20260825_event_path_v1,F1023_V70_D0120_P8__G26__ch3__nav_sage_v2,F1023_V70_D0120_P8,G26,299,46.1168290322581,4,2,2.6,-50.3356979047148,-13.1680262288585,4,4,1,11110,2,297;298;299;300,4,VALID,Urban,74,HIGH,valid,1,ALGTRACK_0151,3,0.3333333333333333,1,PRIMARY_ADMITTED_SENSITIVITY_EXCLUDED,COARSE_GRID_LOCK_CANDIDATE,NONE,EXACT_FOUR_REPEATED_DOPPLER_MODE,AUTHOR_APPROVED_KEEP_FULL_PRIMARY_20260831,1,0,0.3333333333333333,0.333333333333,,50.3356979047148,0.9555114450274363,3.9383863757635083,Urban__HIGH,1,CELL_AND_ENVIRONMENT
F1023_V70_D0120_P8__G26__ch3__nav_sage_v2__ingestion_20260825_event_path_v1__center_299__mp_3,F1023_V70_D0120_P8__G26__ch3__nav_sage_v2__ingestion_20260825_event_path_v1__center_299,F1023_V70_D0120_P8__G26__ch3__nav_sage_v2__ingestion_20260825_event_path_v1,F1023_V70_D0120_P8__G26__ch3__nav_sage_v2,F1023_V70_D0120_P8,G26,299,46.1168290322581,4,3,3.6,99.6643020952852,-14.8454381415565,3,3,1,01110,2,298;299;300,3,VALID,Urban,74,HIGH,valid,1,ALGTRACK_0152,3,0.3333333333333333,1,PRIMARY_ADMITTED_SENSITIVITY_EXCLUDED,COARSE_GRID_LOCK_CANDIDATE,NONE,EXACT_FOUR_REPEATED_DOPPLER_MODE,AUTHOR_APPROVED_KEEP_FULL_PRIMARY_20260831,1,0,0.3333333333333333,0.333333333333,,99.6643020952852,1.2809338454620642,4.611791239311203,Urban__HIGH,1,CELL_AND_ENVIRONMENT
F1023_V70_D0120_P8__G26__ch3__nav_sage_v2__ingestion_20260825_event_path_v1__center_300__mp_1,F1023_V70_D0120_P8__G26__ch3__nav_sage_v2__ingestion_20260825_event_path_v1__center_300,F1023_V70_D0120_P8__G26__ch3__nav_sage_v2__ingestion_20260825_event_path_v1,F1023_V70_D0120_P8__G26__ch3__nav_sage_v2,F1023_V70_D0120_P8,G26,300,46.1368291300098,4,1,1.9,49.6643020952852,-4.21863110158566,3,3,1,11100,2,298;299;300,3,VALID,Urban,74,HIGH,valid,1,ALGTRACK_0150,3,0.3333333333333333,1,PRIMARY_ADMITTED_SENSITIVITY_EXCLUDED,COARSE_GRID_LOCK_CANDIDATE,NONE,EXACT_FOUR_REPEATED_DOPPLER_MODE,AUTHOR_APPROVED_KEEP_FULL_PRIMARY_20260831,1,0,0.3333333333333333,0.333333333333,,49.6643020952852,0.6418538861723947,3.9252215619171245,Urban__HIGH,1,CELL_AND_ENVIRONMENT
F1023_V70_D0120_P8__G26__ch3__nav_sage_v2__ingestion_20260825_event_path_v1__center_300__mp_2,F1023_V70_D0120_P8__G26__ch3__nav_sage_v2__ingestion_20260825_event_path_v1__center_300,F1023_V70_D0120_P8__G26__ch3__nav_sage_v2__ingestion_20260825_event_path_v1,F1023_V70_D0120_P8__G26__ch3__nav_sage_v2,F1023_V70_D0120_P8,G26,300,46.1368291300098,4,2,2.9,-50.3356979047148,-14.0594846370429,3,3,1,11100,2,298;299;300,3,VALID,Urban,74,HIGH,valid,1,ALGTRACK_0151,3,0.3333333333333333,1,PRIMARY_ADMITTED_SENSITIVITY_EXCLUDED,COARSE_GRID_LOCK_CANDIDATE,NONE,EXACT_FOUR_REPEATED_DOPPLER_MODE,AUTHOR_APPROVED_KEEP_FULL_PRIMARY_20260831,1,0,0.3333333333333333,0.333333333333,,50.3356979047148,1.0647107369924282,3.9383863757635083,Urban__HIGH,1,CELL_AND_ENVIRONMENT
F1023_V70_D0120_P8__G26__ch3__nav_sage_v2__ingestion_20260825_event_path_v1__center_300__mp_3,F1023_V70_D0120_P8__G26__ch3__nav_sage_v2__ingestion_20260825_event_path_v1__center_300,F1023_V70_D0120_P8__G26__ch3__nav_sage_v2__ingestion_20260825_event_path_v1,F1023_V70_D0120_P8__G26__ch3__nav_sage_v2,F1023_V70_D0120_P8,G26,300,46.1368291300098,4,3,3.9,99.6643020952852,-16.448330775883,3,3,1,11100,2,298;299;300,3,VALID,Urban,74,HIGH,valid,1,ALGTRACK_0152,3,0.3333333333333333,1,PRIMARY_ADMITTED_SENSITIVITY_EXCLUDED,COARSE_GRID_LOCK_CANDIDATE,NONE,EXACT_FOUR_REPEATED_DOPPLER_MODE,AUTHOR_APPROVED_KEEP_FULL_PRIMARY_20260831,1,0,0.3333333333333333,0.333333333333,,99.6643020952852,1.3609765531356006,4.611791239311203,Urban__HIGH,1,CELL_AND_ENVIRONMENT
F1023_V70_D0120_P8__G26__ch3__nav_sage_v2__ingestion_20260825_event_path_v1__center_465__mp_1,F1023_V70_D0120_P8__G26__ch3__nav_sage_v2__ingestion_20260825_event_path_v1__center_465,F1023_V70_D0120_P8__G26__ch3__nav_sage_v2__ingestion_20260825_event_path_v1,F1023_V70_D0120_P8__G26__ch3__nav_sage_v2,F1023_V70_D0120_P8,G26,465,49.4368409579668,2,1,1.5,-44.7051591472291,-4.414464416321,5,5,1,11111,2,463;464;465;466;467,5,VALID,Urban,74,HIGH,valid,1,ALGTRACK_0153,1,1.0,1,PRIMARY_ADMITTED_SENSITIVITY_INCLUDED,COARSE_GRID_LOCK_CANDIDATE,NONE,NONE,AUTHOR_APPROVED_KEEP_FULL_PRIMARY_20260831,1,1,1.0,1,1,44.7051591472291,0.4054651081081644,3.8222111831526484,Urban__HIGH,1,CELL_AND_ENVIRONMENT
F1023_V70_D0120_P8__G26__ch3__nav_sage_v2__ingestion_20260825_event_path_v1__center_848__mp_1,F1023_V70_D0120_P8__G26__ch3__nav_sage_v2__ingestion_20260825_event_path_v1__center_848,F1023_V70_D0120_P8__G26__ch3__nav_sage_v2__ingestion_20260825_event_path_v1,F1023_V70_D0120_P8__G26__ch3__nav_sage_v2,F1023_V70_D0120_P8,G26,848,57.0968686217009,2,1,1.7,41.7029305661199,-1.87823765414886,3,3,1,00111,2,848;849;850,3,VALID,Urban,73,HIGH,valid,1,ALGTRACK_0154,3,0.3333333333333333,1,PRIMARY_ADMITTED_SENSITIVITY_INCLUDED,COARSE_GRID_LOCK_CANDIDATE,NONE,NONE,AUTHOR_APPROVED_KEEP_FULL_PRIMARY_20260831,1,1,0.3333333333333333,0.333333333333,0.333333333333,41.7029305661199,0.5306282510621704,3.7542675494045996,Urban__HIGH,1,CELL_AND_ENVIRONMENT
F1023_V70_D0120_P8__G26__ch3__nav_sage_v2__ingestion_20260825_event_path_v1__center_849__mp_1,F1023_V70_D0120_P8__G26__ch3__nav_sage_v2__ingestion_20260825_event_path_v1__center_849,F1023_V70_D0120_P8__G26__ch3__nav_sage_v2__ingestion_20260825_event_path_v1,F1023_V70_D0120_P8__G26__ch3__nav_sage_v2,F1023_V70_D0120_P8,G26,849,57.1168687194526,3,1,1.6,-57.9867163815543,-9.23083706239725,3,3,1,00111,2,849;850;851,3,VALID,Urban,73,HIGH,valid,1,ALGTRACK_0154,3,0.3333333333333333,1,PRIMARY_ADMITTED_SENSITIVITY_INCLUDED,BOUNDARY_SATURATION_CANDIDATE,NONE,NONE,AUTHOR_APPROVED_KEEP_FULL_PRIMARY_20260831,1,1,0.3333333333333333,0.333333333333,0.333333333333,57.9867163815543,0.47000362924573563,4.077312272481186,Urban__HIGH,1,CELL_AND_ENVIRONMENT
F1023_V70_D0120_P8__G26__ch3__nav_sage_v2__ingestion_20260825_event_path_v1__center_849__mp_2,F1023_V70_D0120_P8__G26__ch3__nav_sage_v2__ingestion_20260825_event_path_v1__center_849,F1023_V70_D0120_P8__G26__ch3__nav_sage_v2__ingestion_20260825_event_path_v1,F1023_V70_D0120_P8__G26__ch3__nav_sage_v2,F1023_V70_D0120_P8,G26,849,57.1168687194526,3,2,2.6,42.0132836184457,-11.7965646940962,4,4,1,01111,2,848;849;850;851,4,VALID,Urban,73,HIGH,valid,1,ALGTRACK_0155,2,0.5,1,PRIMARY_ADMITTED_SENSITIVITY_INCLUDED,COARSE_GRID_LOCK_CANDIDATE,NONE,NONE,AUTHOR_APPROVED_KEEP_FULL_PRIMARY_20260831,1,1,0.5,0.5,0.5,42.0132836184457,0.9555114450274363,3.7615089893463862,Urban__HIGH,1,CELL_AND_ENVIRONMENT
F1023_V70_D0120_P8__G26__ch3__nav_sage_v2__ingestion_20260825_event_path_v1__center_850__mp_1,F1023_V70_D0120_P8__G26__ch3__nav_sage_v2__ingestion_20260825_event_path_v1__center_850,F1023_V70_D0120_P8__G26__ch3__nav_sage_v2__ingestion_20260825_event_path_v1,F1023_V70_D0120_P8__G26__ch3__nav_sage_v2,F1023_V70_D0120_P8,G26,850,57.1368688172043,3,1,1.1,47.3236366712226,-1.82032120672695,3,3,1,11100,2,848;849;850,3,VALID,Urban,73,HIGH,valid,1,ALGTRACK_0154,3,0.3333333333333333,1,PRIMARY_ADMITTED_SENSITIVITY_INCLUDED,FINE_GRID_QUANTIZED_VALID,NONE,NONE,AUTHOR_APPROVED_KEEP_FULL_PRIMARY_20260831,1,1,0.3333333333333333,0.333333333333,0.333333333333,47.3236366712226,0.09531017980432493,3.877920813030067,Urban__HIGH,1,CELL_AND_ENVIRONMENT
F1023_V70_D0120_P8__G26__ch3__nav_sage_v2__ingestion_20260825_event_path_v1__center_850__mp_2,F1023_V70_D0120_P8__G26__ch3__nav_sage_v2__ingestion_20260825_event_path_v1__center_850,F1023_V70_D0120_P8__G26__ch3__nav_sage_v2__ingestion_20260825_event_path_v1,F1023_V70_D0120_P8__G26__ch3__nav_sage_v2,F1023_V70_D0120_P8,G26,850,57.1368688172043,3,2,2.1,-57.6763633287774,-14.7558945046553,3,3,1,01110,2,849;850;851,3,VALID,Urban,73,HIGH,valid,1,ALGTRACK_0155,2,0.5,1,PRIMARY_ADMITTED_SENSITIVITY_INCLUDED,BOUNDARY_SATURATION_CANDIDATE,NONE,NONE,AUTHOR_APPROVED_KEEP_FULL_PRIMARY_20260831,1,1,0.5,0.5,0.5,57.6763633287774,0.7419373447293773,4.072036976725395,Urban__HIGH,1,CELL_AND_ENVIRONMENT
F1023_V70_D0122_P1__G13__ch5__nav_sage_v2__ingestion_20260825_event_path_v1__center_67__mp_1,F1023_V70_D0122_P1__G13__ch5__nav_sage_v2__ingestion_20260825_event_path_v1__center_67,F1023_V70_D0122_P1__G13__ch5__nav_sage_v2__ingestion_20260825_event_path_v1,F1023_V70_D0122_P1__G13__ch5__nav_sage_v2,F1023_V70_D0122_P1,G13,67,29.5502829912023,4,1,1.3,-50.3356979047148,-4.26518085914784,4,4,1,01111,2,66;67;68;69,4,VALID,Urban,31,MID,valid,1,ALGTRACK_0219,3,0.3333333333333333,1,PRIMARY_ADMITTED_SENSITIVITY_EXCLUDED,COARSE_GRID_LOCK_CANDIDATE,NONE,EXACT_FOUR_REPEATED_DOPPLER_MODE,AUTHOR_APPROVED_KEEP_FULL_PRIMARY_20260831,1,0,0.3333333333333333,0.333333333333,,50.3356979047148,0.26236426446749106,3.9383863757635083,Urban__MID,1,CELL_AND_ENVIRONMENT
F1023_V70_D0122_P1__G13__ch5__nav_sage_v2__ingestion_20260825_event_path_v1__center_67__mp_2,F1023_V70_D0122_P1__G13__ch5__nav_sage_v2__ingestion_20260825_event_path_v1__center_67,F1023_V70_D0122_P1__G13__ch5__nav_sage_v2__ingestion_20260825_event_path_v1,F1023_V70_D0122_P1__G13__ch5__nav_sage_v2,F1023_V70_D0122_P1,G13,67,29.5502829912023,4,2,2.3,49.6643020952852,-12.1984178639837,5,5,1,11111,2,65;66;67;68;69,5,VALID,Urban,31,MID,valid,1,ALGTRACK_0220,3,0.3333333333333333,1,PRIMARY_ADMITTED_SENSITIVITY_EXCLUDED,COARSE_GRID_LOCK_CANDIDATE,NONE,EXACT_FOUR_REPEATED_DOPPLER_MODE,AUTHOR_APPROVED_KEEP_FULL_PRIMARY_20260831,1,0,0.3333333333333333,0.333333333333,,49.6643020952852,0.8329091229351039,3.9252215619171245,Urban__MID,1,CELL_AND_ENVIRONMENT
F1023_V70_D0122_P1__G13__ch5__nav_sage_v2__ingestion_20260825_event_path_v1__center_67__mp_3,F1023_V70_D0122_P1__G13__ch5__nav_sage_v2__ingestion_20260825_event_path_v1__center_67,F1023_V70_D0122_P1__G13__ch5__nav_sage_v2__ingestion_20260825_event_path_v1,F1023_V70_D0122_P1__G13__ch5__nav_sage_v2,F1023_V70_D0122_P1,G13,67,29.5502829912023,4,3,3.3,-100.335697904715,-15.5258096965364,3,3,1,00111,2,67;68;69,3,VALID,Urban,31,MID,valid,1,ALGTRACK_0221,3,0.3333333333333333,1,PRIMARY_ADMITTED_SENSITIVITY_EXCLUDED,COARSE_GRID_LOCK_CANDIDATE,NONE,EXACT_FOUR_REPEATED_DOPPLER_MODE,AUTHOR_APPROVED_KEEP_FULL_PRIMARY_20260831,1,0,0.3333333333333333,0.333333333333,,100.335697904715,1.1939224684724346,4.618438747051868,Urban__MID,1,CELL_AND_ENVIRONMENT
F1023_V70_D0122_P1__G13__ch5__nav_sage_v2__ingestion_20260825_event_path_v1__center_68__mp_1,F1023_V70_D0122_P1__G13__ch5__nav_sage_v2__ingestion_20260825_event_path_v1__center_68,F1023_V70_D0122_P1__G13__ch5__nav_sage_v2__ingestion_20260825_event_path_v1,F1023_V70_D0122_P1__G13__ch5__nav_sage_v2,F1023_V70_D0122_P1,G13,68,29.5702830889541,4,1,1.6,-55.3356979047148,-6.45613058651669,4,4,1,11110,2,66;67;68;69,4,VALID,Urban,31,MID,valid,1,ALGTRACK_0219,3,0.3333333333333333,1,PRIMARY_ADMITTED_SENSITIVITY_INCLUDED,FINE_GRID_QUANTIZED_VALID,NONE,NONE,AUTHOR_APPROVED_KEEP_FULL_PRIMARY_20260831,1,1,0.3333333333333333,0.333333333333,1,55.3356979047148,0.47000362924573563,4.031328400013961,Urban__MID,1,CELL_AND_ENVIRONMENT
F1023_V70_D0122_P1__G13__ch5__nav_sage_v2__ingestion_20260825_event_path_v1__center_68__mp_2,F1023_V70_D0122_P1__G13__ch5__nav_sage_v2__ingestion_20260825_event_path_v1__center_68,F1023_V70_D0122_P1__G13__ch5__nav_sage_v2__ingestion_20260825_event_path_v1,F1023_V70_D0122_P1__G13__ch5__nav_sage_v2,F1023_V70_D0122_P1,G13,68,29.5702830889541,4,2,2.6,-100.335697904715,-11.7763857778189,3,3,1,01110,2,67;68;69,3,VALID,Urban,31,MID,valid,1,ALGTRACK_0220,3,0.3333333333333333,1,PRIMARY_ADMITTED_SENSITIVITY_EXCLUDED,COARSE_GRID_LOCK_CANDIDATE,NONE,EXACT_FOUR_REPEATED_DOPPLER_MODE,AUTHOR_APPROVED_KEEP_FULL_PRIMARY_20260831,1,0,0.3333333333333333,0.333333333333,,100.335697904715,0.9555114450274363,4.618438747051868,Urban__MID,1,CELL_AND_ENVIRONMENT
F1023_V70_D0122_P1__G13__ch5__nav_sage_v2__ingestion_20260825_event_path_v1__center_68__mp_3,F1023_V70_D0122_P1__G13__ch5__nav_sage_v2__ingestion_20260825_event_path_v1__center_68,F1023_V70_D0122_P1__G13__ch5__nav_sage_v2__ingestion_20260825_event_path_v1,F1023_V70_D0122_P1__G13__ch5__nav_sage_v2,F1023_V70_D0122_P1,G13,68,29.5702830889541,4,3,3.6,49.6643020952852,-13.962724163087,3,3,1,01110,2,67;68;69,3,VALID,Urban,31,MID,valid,1,ALGTRACK_0221,3,0.3333333333333333,1,PRIMARY_ADMITTED_SENSITIVITY_EXCLUDED,COARSE_GRID_LOCK_CANDIDATE,NONE,EXACT_FOUR_REPEATED_DOPPLER_MODE,AUTHOR_APPROVED_KEEP_FULL_PRIMARY_20260831,1,0,0.3333333333333333,0.333333333333,,49.6643020952852,1.2809338454620642,3.9252215619171245,Urban__MID,1,CELL_AND_ENVIRONMENT
F1023_V70_D0122_P1__G13__ch5__nav_sage_v2__ingestion_20260825_event_path_v1__center_69__mp_1,F1023_V70_D0122_P1__G13__ch5__nav_sage_v2__ingestion_20260825_event_path_v1__center_69,F1023_V70_D0122_P1__G13__ch5__nav_sage_v2__ingestion_20260825_event_path_v1,F1023_V70_D0122_P1__G13__ch5__nav_sage_v2,F1023_V70_D0122_P1,G13,69,29.5902831867058,4,1,1.1,-50.3356979047148,-5.36968162901701,3,3,1,11100,2,67;68;69,3,VALID,Urban,31,MID,valid,1,ALGTRACK_0219,3,0.3333333333333333,1,PRIMARY_ADMITTED_SENSITIVITY_EXCLUDED,COARSE_GRID_LOCK_CANDIDATE,NONE,EXACT_FOUR_REPEATED_DOPPLER_MODE,AUTHOR_APPROVED_KEEP_FULL_PRIMARY_20260831,1,0,0.3333333333333333,0.333333333333,,50.3356979047148,0.09531017980432493,3.9383863757635083,Urban__MID,1,CELL_AND_ENVIRONMENT
F1023_V70_D0122_P1__G13__ch5__nav_sage_v2__ingestion_20260825_event_path_v1__center_69__mp_2,F1023_V70_D0122_P1__G13__ch5__nav_sage_v2__ingestion_20260825_event_path_v1__center_69,F1023_V70_D0122_P1__G13__ch5__nav_sage_v2__ingestion_20260825_event_path_v1,F1023_V70_D0122_P1__G13__ch5__nav_sage_v2,F1023_V70_D0122_P1,G13,69,29.5902831867058,4,2,2.1,-100.335697904715,-12.2364745338745,3,3,1,11100,2,67;68;69,3,VALID,Urban,31,MID,valid,1,ALGTRACK_0220,3,0.3333333333333333,1,PRIMARY_ADMITTED_SENSITIVITY_EXCLUDED,COARSE_GRID_LOCK_CANDIDATE,NONE,EXACT_FOUR_REPEATED_DOPPLER_MODE,AUTHOR_APPROVED_KEEP_FULL_PRIMARY_20260831,1,0,0.3333333333333333,0.333333333333,,100.335697904715,0.7419373447293773,4.618438747051868,Urban__MID,1,CELL_AND_ENVIRONMENT
F1023_V70_D0122_P1__G13__ch5__nav_sage_v2__ingestion_20260825_event_path_v1__center_69__mp_3,F1023_V70_D0122_P1__G13__ch5__nav_sage_v2__ingestion_20260825_event_path_v1__center_69,F1023_V70_D0122_P1__G13__ch5__nav_sage_v2__ingestion_20260825_event_path_v1,F1023_V70_D0122_P1__G13__ch5__nav_sage_v2,F1023_V70_D0122_P1,G13,69,29.5902831867058,4,3,3.1,49.6643020952852,-13.8107209855824,3,3,1,11100,2,67;68;69,3,VALID,Urban,31,MID,valid,1,ALGTRACK_0221,3,0.3333333333333333,1,PRIMARY_ADMITTED_SENSITIVITY_EXCLUDED,COARSE_GRID_LOCK_CANDIDATE,NONE,EXACT_FOUR_REPEATED_DOPPLER_MODE,AUTHOR_APPROVED_KEEP_FULL_PRIMARY_20260831,1,0,0.3333333333333333,0.333333333333,,49.6643020952852,1.1314021114911006,3.9252215619171245,Urban__MID,1,CELL_AND_ENVIRONMENT
F1023_V70_D0122_P1__G13__ch5__nav_sage_v2__ingestion_20260825_event_path_v1__center_208__mp_1,F1023_V70_D0122_P1__G13__ch5__nav_sage_v2__ingestion_20260825_event_path_v1__center_208,F1023_V70_D0122_P1__G13__ch5__nav_sage_v2__ingestion_20260825_event_path_v1,F1023_V70_D0122_P1__G13__ch5__nav_sage_v2,F1023_V70_D0122_P1,G13,208,32.3702983382209,2,1,1.2,-41.4707829105701,-1.82198233724923,4,4,1,01111,2,207;208;209;210,4,VALID,Urban,31,MID,valid,1,ALGTRACK_0218,1,1.0,1,PRIMARY_ADMITTED_SENSITIVITY_INCLUDED,COARSE_GRID_LOCK_CANDIDATE,NONE,NONE,AUTHOR_APPROVED_KEEP_FULL_PRIMARY_20260831,1,1,1.0,1,1,41.4707829105701,0.1823215567939546,3.748816378592991,Urban__MID,1,CELL_AND_ENVIRONMENT
F1023_V70_D0122_P1__G13__ch5__nav_sage_v2__ingestion_20260825_event_path_v1__center_1291__mp_1,F1023_V70_D0122_P1__G13__ch5__nav_sage_v2__ingestion_20260825_event_path_v1__center_1291,F1023_V70_D0122_P1__G13__ch5__nav_sage_v2__ingestion_20260825_event_path_v1,F1023_V70_D0122_P1__G13__ch5__nav_sage_v2,F1023_V70_D0122_P1,G13,1291,60.0704495601173,2,1,2.1,-33.7603707360231,-14.3329893154711,4,4,1,11110,2,1289;1290;1291;1292,4,VALID,Urban,30,MID,valid,1,ALGTRACK_0217,1,1.0,1,PRIMARY_ADMITTED_SENSITIVITY_INCLUDED,FINE_GRID_QUANTIZED_VALID,NONE,NONE,AUTHOR_APPROVED_KEEP_FULL_PRIMARY_20260831,1,1,1.0,1,1,33.7603707360231,0.7419373447293773,3.548477965933614,Urban__MID,1,CELL_AND_ENVIRONMENT
F1023_V70_D0122_P1__G15__ch8__nav_sage_v2__ingestion_20260825_event_path_v1__center_431__mp_1,F1023_V70_D0122_P1__G15__ch8__nav_sage_v2__ingestion_20260825_event_path_v1__center_431,F1023_V70_D0122_P1__G15__ch8__nav_sage_v2__ingestion_20260825_event_path_v1,F1023_V70_D0122_P1__G15__ch8__nav_sage_v2,F1023_V70_D0122_P1,G15,431,36.8260485826002,4,1,1.5,42.5532405675585,-1.22321099311871,3,3,1,00111,2,431;432;433,3,VALID,Urban,46,MID,valid,1,ALGTRACK_0225,3,0.3333333333333333,1,PRIMARY_ADMITTED_SENSITIVITY_INCLUDED,COARSE_GRID_LOCK_CANDIDATE,NONE,NONE,AUTHOR_APPROVED_KEEP_FULL_PRIMARY_20260831,1,1,0.3333333333333333,0.333333333333,0.333333333333,42.5532405675585,0.4054651081081644,3.773984110807093,Urban__MID,1,CELL_AND_ENVIRONMENT
F1023_V70_D0122_P1__G15__ch8__nav_sage_v2__ingestion_20260825_event_path_v1__center_431__mp_2,F1023_V70_D0122_P1__G15__ch8__nav_sage_v2__ingestion_20260825_event_path_v1__center_431,F1023_V70_D0122_P1__G15__ch8__nav_sage_v2__ingestion_20260825_event_path_v1,F1023_V70_D0122_P1__G15__ch8__nav_sage_v2,F1023_V70_D0122_P1,G15,431,36.8260485826002,4,2,2.5,92.5532405675585,-12.3107091017295,3,3,1,00111,2,431;432;433,3,VALID,Urban,46,MID,valid,1,ALGTRACK_0226,3,0.3333333333333333,1,PRIMARY_ADMITTED_SENSITIVITY_INCLUDED,COARSE_GRID_LOCK_CANDIDATE,NONE,NONE,AUTHOR_APPROVED_KEEP_FULL_PRIMARY_20260831,1,1,0.3333333333333333,0.333333333333,0.333333333333,92.5532405675585,0.9162907318741551,4.538530692072672,Urban__MID,1,CELL_AND_ENVIRONMENT
F1023_V70_D0122_P1__G15__ch8__nav_sage_v2__ingestion_20260825_event_path_v1__center_431__mp_3,F1023_V70_D0122_P1__G15__ch8__nav_sage_v2__ingestion_20260825_event_path_v1__center_431,F1023_V70_D0122_P1__G15__ch8__nav_sage_v2__ingestion_20260825_event_path_v1,F1023_V70_D0122_P1__G15__ch8__nav_sage_v2,F1023_V70_D0122_P1,G15,431,36.8260485826002,4,3,3.5,-57.4467594324415,-16.7304212215204,3,3,1,00111,2,431;432;433,3,VALID,Urban,46,MID,valid,1,ALGTRACK_0227,3,0.3333333333333333,1,PRIMARY_ADMITTED_SENSITIVITY_INCLUDED,COARSE_GRID_LOCK_CANDIDATE,NONE,NONE,AUTHOR_APPROVED_KEEP_FULL_PRIMARY_20260831,1,1,0.3333333333333333,0.333333333333,0.333333333333,57.4467594324415,1.252762968495368,4.068116244677819,Urban__MID,1,CELL_AND_ENVIRONMENT
F1023_V70_D0122_P1__G15__ch8__nav_sage_v2__ingestion_20260825_event_path_v1__center_432__mp_1,F1023_V70_D0122_P1__G15__ch8__nav_sage_v2__ingestion_20260825_event_path_v1__center_432,F1023_V70_D0122_P1__G15__ch8__nav_sage_v2__ingestion_20260825_event_path_v1,F1023_V70_D0122_P1__G15__ch8__nav_sage_v2,F1023_V70_D0122_P1,G15,432,36.8460486803519,4,1,1.6,42.409418421149,-2.09567204926154,3,3,1,01110,2,431;432;433,3,VALID,Urban,46,MID,valid,1,ALGTRACK_0225,3,0.3333333333333333,1,PRIMARY_ADMITTED_SENSITIVITY_INCLUDED,COARSE_GRID_LOCK_CANDIDATE,NONE,NONE,AUTHOR_APPROVED_KEEP_FULL_PRIMARY_20260831,1,1,0.3333333333333333,0.333333333333,0.333333333333,42.409418421149,0.47000362924573563,3.7706764318743486,Urban__MID,1,CELL_AND_ENVIRONMENT
F1023_V70_D0122_P1__G15__ch8__nav_sage_v2__ingestion_20260825_event_path_v1__center_432__mp_2,F1023_V70_D0122_P1__G15__ch8__nav_sage_v2__ingestion_20260825_event_path_v1__center_432,F1023_V70_D0122_P1__G15__ch8__nav_sage_v2__ingestion_20260825_event_path_v1,F1023_V70_D0122_P1__G15__ch8__nav_sage_v2,F1023_V70_D0122_P1,G15,432,36.8460486803519,4,2,2.6,92.409418421149,-13.5913793998499,3,3,1,01110,2,431;432;433,3,VALID,Urban,46,MID,valid,1,ALGTRACK_0226,3,0.3333333333333333,1,PRIMARY_ADMITTED_SENSITIVITY_INCLUDED,COARSE_GRID_LOCK_CANDIDATE,NONE,NONE,AUTHOR_APPROVED_KEEP_FULL_PRIMARY_20260831,1,1,0.3333333333333333,0.333333333333,0.333333333333,92.409418421149,0.9555114450274363,4.536992179777687,Urban__MID,1,CELL_AND_ENVIRONMENT
F1023_V70_D0122_P1__G15__ch8__nav_sage_v2__ingestion_20260825_event_path_v1__center_432__mp_3,F1023_V70_D0122_P1__G15__ch8__nav_sage_v2__ingestion_20260825_event_path_v1__center_432,F1023_V70_D0122_P1__G15__ch8__nav_sage_v2__ingestion_20260825_event_path_v1,F1023_V70_D0122_P1__G15__ch8__nav_sage_v2,F1023_V70_D0122_P1,G15,432,36.8460486803519,4,3,3.6,-57.590581578851,-15.0607467252656,3,3,1,01110,2,431;432;433,3,VALID,Urban,46,MID,valid,1,ALGTRACK_0227,3,0.3333333333333333,1,PRIMARY_ADMITTED_SENSITIVITY_INCLUDED,COARSE_GRID_LOCK_CANDIDATE,NONE,NONE,AUTHOR_APPROVED_KEEP_FULL_PRIMARY_20260831,1,1,0.3333333333333333,0.333333333333,0.333333333333,57.590581578851,1.2809338454620642,4.0705739597551025,Urban__MID,1,CELL_AND_ENVIRONMENT
F1023_V70_D0122_P1__G15__ch8__nav_sage_v2__ingestion_20260825_event_path_v1__center_433__mp_1,F1023_V70_D0122_P1__G15__ch8__nav_sage_v2__ingestion_20260825_event_path_v1__center_433,F1023_V70_D0122_P1__G15__ch8__nav_sage_v2__ingestion_20260825_event_path_v1,F1023_V70_D0122_P1__G15__ch8__nav_sage_v2,F1023_V70_D0122_P1,G15,433,36.8660487781036,4,1,1.4,47.2655962747403,-0.837349554422117,4,3,1,11101,2,431;432;433;435,4,VALID,Urban,46,MID,valid,1,ALGTRACK_0225,3,0.3333333333333333,1,PRIMARY_ADMITTED_SENSITIVITY_INCLUDED,FINE_GRID_QUANTIZED_VALID,NONE,NONE,AUTHOR_APPROVED_KEEP_FULL_PRIMARY_20260831,1,1,0.3333333333333333,0.333333333333,0.333333333333,47.2655962747403,0.3364722366212129,3.8767190144092925,Urban__MID,1,CELL_AND_ENVIRONMENT
F1023_V70_D0122_P1__G15__ch8__nav_sage_v2__ingestion_20260825_event_path_v1__center_433__mp_2,F1023_V70_D0122_P1__G15__ch8__nav_sage_v2__ingestion_20260825_event_path_v1__center_433,F1023_V70_D0122_P1__G15__ch8__nav_sage_v2__ingestion_20260825_event_path_v1,F1023_V70_D0122_P1__G15__ch8__nav_sage_v2,F1023_V70_D0122_P1,G15,433,36.8660487781036,4,2,2.4,-52.7344037252597,-12.1514864915285,3,3,1,11100,2,431;432;433,3,VALID,Urban,46,MID,valid,1,ALGTRACK_0226,3,0.3333333333333333,1,PRIMARY_ADMITTED_SENSITIVITY_INCLUDED,FINE_GRID_QUANTIZED_VALID,NONE,NONE,AUTHOR_APPROVED_KEEP_FULL_PRIMARY_20260831,1,1,0.3333333333333333,0.333333333333,0.333333333333,52.7344037252597,0.8754687373538999,3.9840534616512886,Urban__MID,1,CELL_AND_ENVIRONMENT
F1023_V70_D0122_P1__G15__ch8__nav_sage_v2__ingestion_20260825_event_path_v1__center_433__mp_3,F1023_V70_D0122_P1__G15__ch8__nav_sage_v2__ingestion_20260825_event_path_v1__center_433,F1023_V70_D0122_P1__G15__ch8__nav_sage_v2__ingestion_20260825_event_path_v1,F1023_V70_D0122_P1__G15__ch8__nav_sage_v2,F1023_V70_D0122_P1,G15,433,36.8660487781036,4,3,3.4,92.2655962747403,-13.9469520622281,4,3,1,11101,2,431;432;433;435,4,VALID,Urban,46,MID,valid,1,ALGTRACK_0227,3,0.3333333333333333,1,PRIMARY_ADMITTED_SENSITIVITY_INCLUDED,COARSE_GRID_LOCK_CANDIDATE,NONE,NONE,AUTHOR_APPROVED_KEEP_FULL_PRIMARY_20260831,1,1,0.3333333333333333,0.333333333333,0.333333333333,92.2655962747403,1.2237754316221157,4.535451296814858,Urban__MID,1,CELL_AND_ENVIRONMENT
F1023_V70_D0122_P1__G15__ch8__nav_sage_v2__ingestion_20260825_event_path_v1__center_1585__mp_1,F1023_V70_D0122_P1__G15__ch8__nav_sage_v2__ingestion_20260825_event_path_v1__center_1585,F1023_V70_D0122_P1__G15__ch8__nav_sage_v2__ingestion_20260825_event_path_v1,F1023_V70_D0122_P1__G15__ch8__nav_sage_v2,F1023_V70_D0122_P1,G15,1585,59.9061650048876,4,1,1.3,51.4732050805305,-3.45939521630639,4,4,1,01111,2,1584;1585;1586;1587,4,VALID,Urban,46,MID,valid,1,ALGTRACK_0222,3,0.3333333333333333,1,PRIMARY_ADMITTED_SENSITIVITY_INCLUDED,FINE_GRID_QUANTIZED_VALID,NONE,NONE,AUTHOR_APPROVED_KEEP_FULL_PRIMARY_20260831,1,1,0.3333333333333333,0.333333333333,0.333333333333,51.4732050805305,0.26236426446749106,3.9603026598912034,Urban__MID,1,CELL_AND_ENVIRONMENT
F1023_V70_D0122_P1__G15__ch8__nav_sage_v2__ingestion_20260825_event_path_v1__center_1585__mp_2,F1023_V70_D0122_P1__G15__ch8__nav_sage_v2__ingestion_20260825_event_path_v1__center_1585,F1023_V70_D0122_P1__G15__ch8__nav_sage_v2__ingestion_20260825_event_path_v1,F1023_V70_D0122_P1__G15__ch8__nav_sage_v2,F1023_V70_D0122_P1,G15,1585,59.9061650048876,4,2,2.3,96.4732050805305,-11.9829157816688,3,3,1,00111,2,1585;1586;1587,3,VALID,Urban,46,MID,valid,1,ALGTRACK_0223,3,0.3333333333333333,1,PRIMARY_ADMITTED_SENSITIVITY_INCLUDED,COARSE_GRID_LOCK_CANDIDATE,NONE,NONE,AUTHOR_APPROVED_KEEP_FULL_PRIMARY_20260831,1,1,0.3333333333333333,0.333333333333,0.333333333333,96.4732050805305,0.8329091229351039,4.579577520547085,Urban__MID,1,CELL_AND_ENVIRONMENT
F1023_V70_D0122_P1__G15__ch8__nav_sage_v2__ingestion_20260825_event_path_v1__center_1585__mp_3,F1023_V70_D0122_P1__G15__ch8__nav_sage_v2__ingestion_20260825_event_path_v1__center_1585,F1023_V70_D0122_P1__G15__ch8__nav_sage_v2__ingestion_20260825_event_path_v1,F1023_V70_D0122_P1__G15__ch8__nav_sage_v2,F1023_V70_D0122_P1,G15,1585,59.9061650048876,4,3,3.3,-53.5267949194695,-15.53543977185,3,3,1,00111,2,1585;1586;1587,3,VALID,Urban,46,MID,valid,1,ALGTRACK_0224,3,0.3333333333333333,1,PRIMARY_ADMITTED_SENSITIVITY_INCLUDED,COARSE_GRID_LOCK_CANDIDATE,NONE,NONE,AUTHOR_APPROVED_KEEP_FULL_PRIMARY_20260831,1,1,0.3333333333333333,0.333333333333,0.333333333333,53.5267949194695,1.1939224684724346,3.9986922307475092,Urban__MID,1,CELL_AND_ENVIRONMENT
F1023_V70_D0122_P1__G15__ch8__nav_sage_v2__ingestion_20260825_event_path_v1__center_1586__mp_1,F1023_V70_D0122_P1__G15__ch8__nav_sage_v2__ingestion_20260825_event_path_v1__center_1586,F1023_V70_D0122_P1__G15__ch8__nav_sage_v2__ingestion_20260825_event_path_v1,F1023_V70_D0122_P1__G15__ch8__nav_sage_v2,F1023_V70_D0122_P1,G15,1586,59.9261651026393,4,1,1.1,46.44400810344,-3.70995308113159,5,5,1,11111,2,1584;1585;1586;1587;1588,5,VALID,Urban,46,MID,valid,1,ALGTRACK_0222,3,0.3333333333333333,1,PRIMARY_ADMITTED_SENSITIVITY_INCLUDED,COARSE_GRID_LOCK_CANDIDATE,NONE,NONE,AUTHOR_APPROVED_KEEP_FULL_PRIMARY_20260831,1,1,0.3333333333333333,0.333333333333,0.333333333333,46.44400810344,0.09531017980432493,3.859550238967116,Urban__MID,1,CELL_AND_ENVIRONMENT
F1023_V70_D0122_P1__G15__ch8__nav_sage_v2__ingestion_20260825_event_path_v1__center_1586__mp_2,F1023_V70_D0122_P1__G15__ch8__nav_sage_v2__ingestion_20260825_event_path_v1__center_1586,F1023_V70_D0122_P1__G15__ch8__nav_sage_v2__ingestion_20260825_event_path_v1,F1023_V70_D0122_P1__G15__ch8__nav_sage_v2,F1023_V70_D0122_P1,G15,1586,59.9261651026393,4,2,2.1,96.44400810344,-13.6723456943687,4,4,1,01111,2,1585;1586;1587;1588,4,VALID,Urban,46,MID,valid,1,ALGTRACK_0223,3,0.3333333333333333,1,PRIMARY_ADMITTED_SENSITIVITY_INCLUDED,COARSE_GRID_LOCK_CANDIDATE,NONE,NONE,AUTHOR_APPROVED_KEEP_FULL_PRIMARY_20260831,1,1,0.3333333333333333,0.333333333333,0.333333333333,96.44400810344,0.7419373447293773,4.579277937182106,Urban__MID,1,CELL_AND_ENVIRONMENT
F1023_V70_D0122_P1__G15__ch8__nav_sage_v2__ingestion_20260825_event_path_v1__center_1586__mp_3,F1023_V70_D0122_P1__G15__ch8__nav_sage_v2__ingestion_20260825_event_path_v1__center_1586,F1023_V70_D0122_P1__G15__ch8__nav_sage_v2__ingestion_20260825_event_path_v1,F1023_V70_D0122_P1__G15__ch8__nav_sage_v2,F1023_V70_D0122_P1,G15,1586,59.9261651026393,4,3,3.1,-53.55599189656,-16.1629227157218,3,3,1,01110,2,1585;1586;1587,3,VALID,Urban,46,MID,valid,1,ALGTRACK_0224,3,0.3333333333333333,1,PRIMARY_ADMITTED_SENSITIVITY_INCLUDED,COARSE_GRID_LOCK_CANDIDATE,NONE,NONE,AUTHOR_APPROVED_KEEP_FULL_PRIMARY_20260831,1,1,0.3333333333333333,0.333333333333,0.333333333333,53.55599189656,1.1314021114911006,3.9992275485302677,Urban__MID,1,CELL_AND_ENVIRONMENT
F1023_V70_D0122_P1__G15__ch8__nav_sage_v2__ingestion_20260825_event_path_v1__center_1587__mp_1,F1023_V70_D0122_P1__G15__ch8__nav_sage_v2__ingestion_20260825_event_path_v1__center_1587,F1023_V70_D0122_P1__G15__ch8__nav_sage_v2__ingestion_20260825_event_path_v1,F1023_V70_D0122_P1__G15__ch8__nav_sage_v2,F1023_V70_D0122_P1,G15,1587,59.946165200391,4,1,1.1,51.4148111264349,-3.96487878427763,4,4,1,11110,2,1585;1586;1587;1588,4,VALID,Urban,46,MID,valid,1,ALGTRACK_0222,3,0.3333333333333333,1,PRIMARY_ADMITTED_SENSITIVITY_INCLUDED,FINE_GRID_QUANTIZED_VALID,NONE,NONE,AUTHOR_APPROVED_KEEP_FULL_PRIMARY_20260831,1,1,0.3333333333333333,0.333333333333,0.333333333333,51.4148111264349,0.09531017980432493,3.9591892064722094,Urban__MID,1,CELL_AND_ENVIRONMENT
F1023_V70_D0122_P1__G15__ch8__nav_sage_v2__ingestion_20260825_event_path_v1__center_1587__mp_2,F1023_V70_D0122_P1__G15__ch8__nav_sage_v2__ingestion_20260825_event_path_v1__center_1587,F1023_V70_D0122_P1__G15__ch8__nav_sage_v2__ingestion_20260825_event_path_v1,F1023_V70_D0122_P1__G15__ch8__nav_sage_v2,F1023_V70_D0122_P1,G15,1587,59.946165200391,4,2,2.1,96.4148111264349,-11.8372000566612,4,4,1,11110,2,1585;1586;1587;1588,4,VALID,Urban,46,MID,valid,1,ALGTRACK_0223,3,0.3333333333333333,1,PRIMARY_ADMITTED_SENSITIVITY_INCLUDED,COARSE_GRID_LOCK_CANDIDATE,NONE,NONE,AUTHOR_APPROVED_KEEP_FULL_PRIMARY_20260831,1,1,0.3333333333333333,0.333333333333,0.333333333333,96.4148111264349,0.7419373447293773,4.5789782640409165,Urban__MID,1,CELL_AND_ENVIRONMENT
F1023_V70_D0122_P1__G15__ch8__nav_sage_v2__ingestion_20260825_event_path_v1__center_1587__mp_3,F1023_V70_D0122_P1__G15__ch8__nav_sage_v2__ingestion_20260825_event_path_v1__center_1587,F1023_V70_D0122_P1__G15__ch8__nav_sage_v2__ingestion_20260825_event_path_v1,F1023_V70_D0122_P1__G15__ch8__nav_sage_v2,F1023_V70_D0122_P1,G15,1587,59.946165200391,4,3,3.1,-53.5851888735651,-15.3445083097092,3,3,1,11100,2,1585;1586;1587,3,VALID,Urban,46,MID,valid,1,ALGTRACK_0224,3,0.3333333333333333,1,PRIMARY_ADMITTED_SENSITIVITY_INCLUDED,COARSE_GRID_LOCK_CANDIDATE,NONE,NONE,AUTHOR_APPROVED_KEEP_FULL_PRIMARY_20260831,1,1,0.3333333333333333,0.333333333333,0.333333333333,53.5851888735651,1.1314021114911006,3.9997625798996475,Urban__MID,1,CELL_AND_ENVIRONMENT
F1023_V70_D0122_P1__G17__ch2__nav_sage_v2__ingestion_20260825_event_path_v1__center_1318__mp_1,F1023_V70_D0122_P1__G17__ch2__nav_sage_v2__ingestion_20260825_event_path_v1__center_1318,F1023_V70_D0122_P1__G17__ch2__nav_sage_v2__ingestion_20260825_event_path_v1,F1023_V70_D0122_P1__G17__ch2__nav_sage_v2,F1023_V70_D0122_P1,G17,1318,54.5695673509286,2,1,3,81.8938578239913,-13.5765341187217,4,4,1,11110,2,1316;1317;1318;1319,4,VALID,Urban,38,MID,valid,1,ALGTRACK_0228,1,1.0,1,PRIMARY_ADMITTED_SENSITIVITY_INCLUDED,FINE_GRID_QUANTIZED_VALID,NONE,NONE,AUTHOR_APPROVED_KEEP_FULL_PRIMARY_20260831,1,1,1.0,1,1,81.8938578239913,1.0986122886681098,4.417560968009028,Urban__MID,1,CELL_AND_ENVIRONMENT
F1023_V70_D0122_P1__G17__ch2__nav_sage_v2__ingestion_20260825_event_path_v1__center_1329__mp_1,F1023_V70_D0122_P1__G17__ch2__nav_sage_v2__ingestion_20260825_event_path_v1__center_1329,F1023_V70_D0122_P1__G17__ch2__nav_sage_v2__ingestion_20260825_event_path_v1,F1023_V70_D0122_P1__G17__ch2__nav_sage_v2,F1023_V70_D0122_P1,G17,1329,54.7895680351906,2,1,3.5,80.5735056391813,-12.2725849592446,4,4,1,01111,2,1328;1329;1330;1331,4,VALID,Urban,38,MID,valid,1,ALGTRACK_0229,1,1.0,1,PRIMARY_ADMITTED_SENSITIVITY_INCLUDED,FINE_GRID_QUANTIZED_VALID,NONE,NONE,AUTHOR_APPROVED_KEEP_FULL_PRIMARY_20260831,1,1,1.0,1,1,80.5735056391813,1.252762968495368,4.40150452345387,Urban__MID,1,CELL_AND_ENVIRONMENT
F1023_V70_D0122_P1__G17__ch2__nav_sage_v2__ingestion_20260825_event_path_v1__center_1332__mp_1,F1023_V70_D0122_P1__G17__ch2__nav_sage_v2__ingestion_20260825_event_path_v1__center_1332,F1023_V70_D0122_P1__G17__ch2__nav_sage_v2__ingestion_20260825_event_path_v1,F1023_V70_D0122_P1__G17__ch2__nav_sage_v2,F1023_V70_D0122_P1,G17,1332,54.849568230694,2,1,3.6,85.2134095887468,-14.4388242760261,3,3,1,11100,2,1330;1331;1332,3,VALID,Urban,38,MID,valid,1,ALGTRACK_0230,1,1.0,1,PRIMARY_ADMITTED_SENSITIVITY_INCLUDED,FINE_GRID_QUANTIZED_VALID,NONE,NONE,AUTHOR_APPROVED_KEEP_FULL_PRIMARY_20260831,1,1,1.0,1,1,85.2134095887468,1.2809338454620642,4.4568257292454305,Urban__MID,1,CELL_AND_ENVIRONMENT
F1023_V70_D0122_P1__G17__ch2__nav_sage_v2__ingestion_20260825_event_path_v1__center_1428__mp_1,F1023_V70_D0122_P1__G17__ch2__nav_sage_v2__ingestion_20260825_event_path_v1__center_1428,F1023_V70_D0122_P1__G17__ch2__nav_sage_v2__ingestion_20260825_event_path_v1,F1023_V70_D0122_P1__G17__ch2__nav_sage_v2,F1023_V70_D0122_P1,G17,1428,56.7695744868035,4,1,1.3,50.1636665906608,-1.32664261022476,3,3,1,11100,2,1426;1427;1428,3,VALID,Urban,38,MID,valid,1,ALGTRACK_0231,1,1.0,1,PRIMARY_ADMITTED_SENSITIVITY_INCLUDED,FINE_GRID_QUANTIZED_VALID,NONE,NONE,AUTHOR_APPROVED_KEEP_FULL_PRIMARY_20260831,1,1,1.0,1,1,50.1636665906608,0.26236426446749106,3.935029643232856,Urban__MID,1,CELL_AND_ENVIRONMENT
F1023_V70_D0122_P1__G17__ch2__nav_sage_v2__ingestion_20260825_event_path_v1__center_1428__mp_2,F1023_V70_D0122_P1__G17__ch2__nav_sage_v2__ingestion_20260825_event_path_v1__center_1428,F1023_V70_D0122_P1__G17__ch2__nav_sage_v2__ingestion_20260825_event_path_v1,F1023_V70_D0122_P1__G17__ch2__nav_sage_v2,F1023_V70_D0122_P1,G17,1428,56.7695744868035,4,2,2.3,-49.8363334093392,-10.8914465219668,3,3,1,11100,2,1426;1427;1428,3,VALID,Urban,38,MID,valid,1,ALGTRACK_0232,1,1.0,1,PRIMARY_ADMITTED_SENSITIVITY_INCLUDED,FINE_GRID_QUANTIZED_VALID,NONE,NONE,AUTHOR_APPROVED_KEEP_FULL_PRIMARY_20260831,1,1,1.0,1,1,49.8363334093392,0.8329091229351039,3.9286113235265097,Urban__MID,1,CELL_AND_ENVIRONMENT
F1023_V70_D0122_P1__G17__ch2__nav_sage_v2__ingestion_20260825_event_path_v1__center_1428__mp_3,F1023_V70_D0122_P1__G17__ch2__nav_sage_v2__ingestion_20260825_event_path_v1__center_1428,F1023_V70_D0122_P1__G17__ch2__nav_sage_v2__ingestion_20260825_event_path_v1,F1023_V70_D0122_P1__G17__ch2__nav_sage_v2,F1023_V70_D0122_P1,G17,1428,56.7695744868035,4,3,3.3,95.1636665906608,-14.5004754161111,4,3,1,10111,2,1426;1428;1429;1430,4,VALID,Urban,38,MID,valid,1,ALGTRACK_0233,1,1.0,1,PRIMARY_ADMITTED_SENSITIVITY_INCLUDED,COARSE_GRID_LOCK_CANDIDATE,NONE,NONE,AUTHOR_APPROVED_KEEP_FULL_PRIMARY_20260831,1,1,1.0,1,1,95.1636665906608,1.1939224684724346,4.566051600162509,Urban__MID,1,CELL_AND_ENVIRONMENT
F1023_V70_D0122_P1__G17__ch2__nav_sage_v2__ingestion_20260825_event_path_v1__center_1429__mp_1,F1023_V70_D0122_P1__G17__ch2__nav_sage_v2__ingestion_20260825_event_path_v1__center_1429,F1023_V70_D0122_P1__G17__ch2__nav_sage_v2__ingestion_20260825_event_path_v1,F1023_V70_D0122_P1__G17__ch2__nav_sage_v2,F1023_V70_D0122_P1,G17,1429,56.7895745845552,2,1,3,80.2426065657573,-16.5298262535492,3,3,1,01110,2,1428;1429;1430,3,VALID,Urban,38,MID,valid,1,ALGTRACK_0234,1,1.0,1,PRIMARY_ADMITTED_SENSITIVITY_INCLUDED,FINE_GRID_QUANTIZED_VALID,NONE,NONE,AUTHOR_APPROVED_KEEP_FULL_PRIMARY_20260831,1,1,1.0,1,1,80.2426065657573,1.0986122886681098,4.397439820955693,Urban__MID,1,CELL_AND_ENVIRONMENT
F1023_V70_D0122_P1__G17__ch2__nav_sage_v2__ingestion_20260825_event_path_v1__center_1439__mp_1,F1023_V70_D0122_P1__G17__ch2__nav_sage_v2__ingestion_20260825_event_path_v1__center_1439,F1023_V70_D0122_P1__G17__ch2__nav_sage_v2__ingestion_20260825_event_path_v1,F1023_V70_D0122_P1__G17__ch2__nav_sage_v2,F1023_V70_D0122_P1,G17,1439,56.9895751710655,2,1,2.8,76.0320063160352,-12.4600325437042,3,3,1,11100,2,1437;1438;1439,3,VALID,Urban,38,MID,valid,1,ALGTRACK_0235,1,1.0,1,PRIMARY_ADMITTED_SENSITIVITY_INCLUDED,FINE_GRID_QUANTIZED_VALID,NONE,NONE,AUTHOR_APPROVED_KEEP_FULL_PRIMARY_20260831,1,1,1.0,1,1,76.0320063160352,1.0296194171811581,4.344221001930336,Urban__MID,1,CELL_AND_ENVIRONMENT
F1023_V70_D0122_P1__G17__ch2__nav_sage_v2__ingestion_20260825_event_path_v1__center_1560__mp_1,F1023_V70_D0122_P1__G17__ch2__nav_sage_v2__ingestion_20260825_event_path_v1__center_1560,F1023_V70_D0122_P1__G17__ch2__nav_sage_v2__ingestion_20260825_event_path_v1,F1023_V70_D0122_P1__G17__ch2__nav_sage_v2,F1023_V70_D0122_P1,G17,1560,59.4095830889541,2,1,2.1,67.2031295071156,-12.80593047568,4,4,1,01111,2,1559;1560;1561;1562,4,VALID,Urban,38,MID,valid,1,ALGTRACK_0236,2,0.5,1,PRIMARY_ADMITTED_SENSITIVITY_INCLUDED,FINE_GRID_QUANTIZED_VALID,NONE,NONE,AUTHOR_APPROVED_KEEP_FULL_PRIMARY_20260831,1,1,0.5,0.5,0.5,67.2031295071156,0.7419373447293773,4.222490450997739,Urban__MID,1,CELL_AND_ENVIRONMENT
F1023_V70_D0122_P1__G17__ch2__nav_sage_v2__ingestion_20260825_event_path_v1__center_1562__mp_1,F1023_V70_D0122_P1__G17__ch2__nav_sage_v2__ingestion_20260825_event_path_v1__center_1562,F1023_V70_D0122_P1__G17__ch2__nav_sage_v2__ingestion_20260825_event_path_v1,F1023_V70_D0122_P1__G17__ch2__nav_sage_v2,F1023_V70_D0122_P1,G17,1562,59.4495832844575,2,1,1.5,52.144735553019,-11.0786626281943,4,4,1,11110,2,1560;1561;1562;1563,4,VALID,Urban,38,MID,valid,1,ALGTRACK_0236,2,0.5,1,PRIMARY_ADMITTED_SENSITIVITY_INCLUDED,FINE_GRID_QUANTIZED_VALID,NONE,NONE,AUTHOR_APPROVED_KEEP_FULL_PRIMARY_20260831,1,1,0.5,0.5,0.5,52.144735553019,0.4054651081081644,3.9730190510209398,Urban__MID,1,CELL_AND_ENVIRONMENT
F1023_V70_D0122_P1__G17__ch2__nav_sage_v2__ingestion_20260825_event_path_v1__center_1592__mp_1,F1023_V70_D0122_P1__G17__ch2__nav_sage_v2__ingestion_20260825_event_path_v1__center_1592,F1023_V70_D0122_P1__G17__ch2__nav_sage_v2__ingestion_20260825_event_path_v1,F1023_V70_D0122_P1__G17__ch2__nav_sage_v2,F1023_V70_D0122_P1,G17,1592,60.0495852394917,4,1,1,46.2688262410666,-8.28978942043172,5,5,1,11111,2,1590;1591;1592;1593;1594,5,VALID,Urban,38,MID,valid,1,ALGTRACK_0237,1,1.0,1,PRIMARY_ADMITTED_SENSITIVITY_INCLUDED,COARSE_GRID_LOCK_CANDIDATE,NONE,NONE,AUTHOR_APPROVED_KEEP_FULL_PRIMARY_20260831,1,1,1.0,1,1,46.2688262410666,0.0,3.8558510135483983,Urban__MID,1,CELL_AND_ENVIRONMENT
F1023_V70_D0122_P1__G17__ch2__nav_sage_v2__ingestion_20260825_event_path_v1__center_1592__mp_2,F1023_V70_D0122_P1__G17__ch2__nav_sage_v2__ingestion_20260825_event_path_v1__center_1592,F1023_V70_D0122_P1__G17__ch2__nav_sage_v2__ingestion_20260825_event_path_v1,F1023_V70_D0122_P1__G17__ch2__nav_sage_v2,F1023_V70_D0122_P1,G17,1592,60.0495852394917,4,2,2,96.2688262410666,-11.3120659001051,4,3,1,10111,2,1590;1592;1593;1594,4,VALID,Urban,38,MID,valid,1,ALGTRACK_0238,1,1.0,1,PRIMARY_ADMITTED_SENSITIVITY_INCLUDED,COARSE_GRID_LOCK_CANDIDATE,NONE,NONE,AUTHOR_APPROVED_KEEP_FULL_PRIMARY_20260831,1,1,1.0,1,1,96.2688262410666,0.6931471805599453,4.577478549789591,Urban__MID,1,CELL_AND_ENVIRONMENT
F1023_V70_D0122_P1__G17__ch2__nav_sage_v2__ingestion_20260825_event_path_v1__center_1592__mp_3,F1023_V70_D0122_P1__G17__ch2__nav_sage_v2__ingestion_20260825_event_path_v1__center_1592,F1023_V70_D0122_P1__G17__ch2__nav_sage_v2__ingestion_20260825_event_path_v1,F1023_V70_D0122_P1__G17__ch2__nav_sage_v2,F1023_V70_D0122_P1,G17,1592,60.0495852394917,4,3,3,-53.7311737589334,-14.6354732498978,4,3,1,10111,2,1590;1592;1593;1594,4,VALID,Urban,38,MID,valid,1,ALGTRACK_0239,1,1.0,1,PRIMARY_ADMITTED_SENSITIVITY_INCLUDED,COARSE_GRID_LOCK_CANDIDATE,NONE,NONE,AUTHOR_APPROVED_KEEP_FULL_PRIMARY_20260831,1,1,1.0,1,1,53.7311737589334,1.0986122886681098,4.002433451279473,Urban__MID,1,CELL_AND_ENVIRONMENT
F1023_V70_D0122_P1__G19__ch11__nav_sage_v2__ingestion_20260825_event_path_v1__center_1434__mp_1,F1023_V70_D0122_P1__G19__ch11__nav_sage_v2__ingestion_20260825_event_path_v1__center_1434,F1023_V70_D0122_P1__G19__ch11__nav_sage_v2__ingestion_20260825_event_path_v1,F1023_V70_D0122_P1__G19__ch11__nav_sage_v2,F1023_V70_D0122_P1,G19,1434,56.8892281524927,2,1,2.9,55.6373064407817,-12.4370480105747,3,3,1,11100,2,1432;1433;1434,3,VALID,Urban,36,MID,valid,1,ALGTRACK_0240,1,1.0,1,PRIMARY_ADMITTED_SENSITIVITY_INCLUDED,FINE_GRID_QUANTIZED_VALID,NONE,NONE,AUTHOR_APPROVED_KEEP_FULL_PRIMARY_20260831,1,1,1.0,1,1,55.6373064407817,1.0647107369924282,4.036667892477493,Urban__MID,1,CELL_AND_ENVIRONMENT
F1023_V70_D0122_P1__G22__ch4__nav_sage_v2__ingestion_20260825_event_path_v1__center_55__mp_1,F1023_V70_D0122_P1__G22__ch4__nav_sage_v2__ingestion_20260825_event_path_v1__center_55,F1023_V70_D0122_P1__G22__ch4__nav_sage_v2__ingestion_20260825_event_path_v1,F1023_V70_D0122_P1__G22__ch4__nav_sage_v2,F1023_V70_D0122_P1,G22,55,29.3097692082111,4,1,1.2,-50.3356979047148,-3.43233259523646,3,3,1,00111,2,55;56;57,3,VALID,Urban,38,MID,valid,1,ALGTRACK_0247,4,0.25,1,PRIMARY_ADMITTED_SENSITIVITY_EXCLUDED,COARSE_GRID_LOCK_CANDIDATE,NONE,EXACT_FOUR_REPEATED_DOPPLER_MODE,AUTHOR_APPROVED_KEEP_FULL_PRIMARY_20260831,1,0,0.25,0.25,,50.3356979047148,0.1823215567939546,3.9383863757635083,Urban__MID,1,CELL_AND_ENVIRONMENT
F1023_V70_D0122_P1__G22__ch4__nav_sage_v2__ingestion_20260825_event_path_v1__center_55__mp_2,F1023_V70_D0122_P1__G22__ch4__nav_sage_v2__ingestion_20260825_event_path_v1__center_55,F1023_V70_D0122_P1__G22__ch4__nav_sage_v2__ingestion_20260825_event_path_v1,F1023_V70_D0122_P1__G22__ch4__nav_sage_v2,F1023_V70_D0122_P1,G22,55,29.3097692082111,4,2,2.2,49.6643020952852,-12.8547179920024,3,3,1,00111,2,55;56;57,3,VALID,Urban,38,MID,valid,1,ALGTRACK_0248,4,0.25,1,PRIMARY_ADMITTED_SENSITIVITY_EXCLUDED,COARSE_GRID_LOCK_CANDIDATE,NONE,EXACT_FOUR_REPEATED_DOPPLER_MODE,AUTHOR_APPROVED_KEEP_FULL_PRIMARY_20260831,1,0,0.25,0.25,,49.6643020952852,0.7884573603642703,3.9252215619171245,Urban__MID,1,CELL_AND_ENVIRONMENT
F1023_V70_D0122_P1__G22__ch4__nav_sage_v2__ingestion_20260825_event_path_v1__center_55__mp_3,F1023_V70_D0122_P1__G22__ch4__nav_sage_v2__ingestion_20260825_event_path_v1__center_55,F1023_V70_D0122_P1__G22__ch4__nav_sage_v2__ingestion_20260825_event_path_v1,F1023_V70_D0122_P1__G22__ch4__nav_sage_v2,F1023_V70_D0122_P1,G22,55,29.3097692082111,4,3,3.2,-100.335697904715,-15.9714037542977,3,3,1,00111,2,55;56;57,3,VALID,Urban,38,MID,valid,1,ALGTRACK_0249,4,0.25,1,PRIMARY_ADMITTED_SENSITIVITY_EXCLUDED,COARSE_GRID_LOCK_CANDIDATE,NONE,EXACT_FOUR_REPEATED_DOPPLER_MODE,AUTHOR_APPROVED_KEEP_FULL_PRIMARY_20260831,1,0,0.25,0.25,,100.335697904715,1.1631508098056809,4.618438747051868,Urban__MID,1,CELL_AND_ENVIRONMENT
F1023_V70_D0122_P1__G22__ch4__nav_sage_v2__ingestion_20260825_event_path_v1__center_56__mp_1,F1023_V70_D0122_P1__G22__ch4__nav_sage_v2__ingestion_20260825_event_path_v1__center_56,F1023_V70_D0122_P1__G22__ch4__nav_sage_v2__ingestion_20260825_event_path_v1,F1023_V70_D0122_P1__G22__ch4__nav_sage_v2,F1023_V70_D0122_P1,G22,56,29.3297693059629,4,1,1.9,-50.3356979047148,-4.49038792806074,4,4,1,01111,2,55;56;57;58,4,VALID,Urban,38,MID,valid,1,ALGTRACK_0247,4,0.25,1,PRIMARY_ADMITTED_SENSITIVITY_EXCLUDED,COARSE_GRID_LOCK_CANDIDATE,NONE,EXACT_FOUR_REPEATED_DOPPLER_MODE,AUTHOR_APPROVED_KEEP_FULL_PRIMARY_20260831,1,0,0.25,0.25,,50.3356979047148,0.6418538861723947,3.9383863757635083,Urban__MID,1,CELL_AND_ENVIRONMENT
F1023_V70_D0122_P1__G22__ch4__nav_sage_v2__ingestion_20260825_event_path_v1__center_56__mp_2,F1023_V70_D0122_P1__G22__ch4__nav_sage_v2__ingestion_20260825_event_path_v1__center_56,F1023_V70_D0122_P1__G22__ch4__nav_sage_v2__ingestion_20260825_event_path_v1,F1023_V70_D0122_P1__G22__ch4__nav_sage_v2,F1023_V70_D0122_P1,G22,56,29.3297693059629,4,2,2.9,49.6643020952852,-13.0331374089088,4,4,1,01111,2,55;56;57;58,4,VALID,Urban,38,MID,valid,1,ALGTRACK_0248,4,0.25,1,PRIMARY_ADMITTED_SENSITIVITY_EXCLUDED,COARSE_GRID_LOCK_CANDIDATE,NONE,EXACT_FOUR_REPEATED_DOPPLER_MODE,AUTHOR_APPROVED_KEEP_FULL_PRIMARY_20260831,1,0,0.25,0.25,,49.6643020952852,1.0647107369924282,3.9252215619171245,Urban__MID,1,CELL_AND_ENVIRONMENT
F1023_V70_D0122_P1__G22__ch4__nav_sage_v2__ingestion_20260825_event_path_v1__center_56__mp_3,F1023_V70_D0122_P1__G22__ch4__nav_sage_v2__ingestion_20260825_event_path_v1__center_56,F1023_V70_D0122_P1__G22__ch4__nav_sage_v2__ingestion_20260825_event_path_v1,F1023_V70_D0122_P1__G22__ch4__nav_sage_v2,F1023_V70_D0122_P1,G22,56,29.3297693059629,4,3,3.9,-100.335697904715,-14.7609595708402,4,4,1,01111,2,55;56;57;58,4,VALID,Urban,38,MID,valid,1,ALGTRACK_0249,4,0.25,1,PRIMARY_ADMITTED_SENSITIVITY_EXCLUDED,COARSE_GRID_LOCK_CANDIDATE,NONE,EXACT_FOUR_REPEATED_DOPPLER_MODE,AUTHOR_APPROVED_KEEP_FULL_PRIMARY_20260831,1,0,0.25,0.25,,100.335697904715,1.3609765531356006,4.618438747051868,Urban__MID,1,CELL_AND_ENVIRONMENT
F1023_V70_D0122_P1__G22__ch4__nav_sage_v2__ingestion_20260825_event_path_v1__center_57__mp_1,F1023_V70_D0122_P1__G22__ch4__nav_sage_v2__ingestion_20260825_event_path_v1__center_57,F1023_V70_D0122_P1__G22__ch4__nav_sage_v2__ingestion_20260825_event_path_v1,F1023_V70_D0122_P1__G22__ch4__nav_sage_v2,F1023_V70_D0122_P1,G22,57,29.3497694037146,4,1,1.2,-50.3356979047148,-5.40041927192049,4,4,1,11110,2,55;56;57;58,4,VALID,Urban,38,MID,valid,1,ALGTRACK_0247,4,0.25,1,PRIMARY_ADMITTED_SENSITIVITY_EXCLUDED,COARSE_GRID_LOCK_CANDIDATE,NONE,EXACT_FOUR_REPEATED_DOPPLER_MODE,AUTHOR_APPROVED_KEEP_FULL_PRIMARY_20260831,1,0,0.25,0.25,,50.3356979047148,0.1823215567939546,3.9383863757635083,Urban__MID,1,CELL_AND_ENVIRONMENT
F1023_V70_D0122_P1__G22__ch4__nav_sage_v2__ingestion_20260825_event_path_v1__center_57__mp_2,F1023_V70_D0122_P1__G22__ch4__nav_sage_v2__ingestion_20260825_event_path_v1__center_57,F1023_V70_D0122_P1__G22__ch4__nav_sage_v2__ingestion_20260825_event_path_v1,F1023_V70_D0122_P1__G22__ch4__nav_sage_v2,F1023_V70_D0122_P1,G22,57,29.3497694037146,4,2,2.2,49.6643020952852,-13.0539619305462,4,4,1,11110,2,55;56;57;58,4,VALID,Urban,38,MID,valid,1,ALGTRACK_0248,4,0.25,1,PRIMARY_ADMITTED_SENSITIVITY_EXCLUDED,COARSE_GRID_LOCK_CANDIDATE,NONE,EXACT_FOUR_REPEATED_DOPPLER_MODE,AUTHOR_APPROVED_KEEP_FULL_PRIMARY_20260831,1,0,0.25,0.25,,49.6643020952852,0.7884573603642703,3.9252215619171245,Urban__MID,1,CELL_AND_ENVIRONMENT
F1023_V70_D0122_P1__G22__ch4__nav_sage_v2__ingestion_20260825_event_path_v1__center_57__mp_3,F1023_V70_D0122_P1__G22__ch4__nav_sage_v2__ingestion_20260825_event_path_v1__center_57,F1023_V70_D0122_P1__G22__ch4__nav_sage_v2__ingestion_20260825_event_path_v1,F1023_V70_D0122_P1__G22__ch4__nav_sage_v2,F1023_V70_D0122_P1,G22,57,29.3497694037146,4,3,3.2,-100.335697904715,-16.1860211276037,4,4,1,11110,2,55;56;57;58,4,VALID,Urban,38,MID,valid,1,ALGTRACK_0249,4,0.25,1,PRIMARY_ADMITTED_SENSITIVITY_EXCLUDED,COARSE_GRID_LOCK_CANDIDATE,NONE,EXACT_FOUR_REPEATED_DOPPLER_MODE,AUTHOR_APPROVED_KEEP_FULL_PRIMARY_20260831,1,0,0.25,0.25,,100.335697904715,1.1631508098056809,4.618438747051868,Urban__MID,1,CELL_AND_ENVIRONMENT
F1023_V70_D0122_P1__G22__ch4__nav_sage_v2__ingestion_20260825_event_path_v1__center_58__mp_1,F1023_V70_D0122_P1__G22__ch4__nav_sage_v2__ingestion_20260825_event_path_v1__center_58,F1023_V70_D0122_P1__G22__ch4__nav_sage_v2__ingestion_20260825_event_path_v1,F1023_V70_D0122_P1__G22__ch4__nav_sage_v2,F1023_V70_D0122_P1,G22,58,29.3697695014663,4,1,1,-50.3356979047148,-6.53695001590591,3,3,1,11100,2,56;57;58,3,VALID,Urban,38,MID,valid,1,ALGTRACK_0247,4,0.25,1,PRIMARY_ADMITTED_SENSITIVITY_EXCLUDED,COARSE_GRID_LOCK_CANDIDATE,NONE,EXACT_FOUR_REPEATED_DOPPLER_MODE,AUTHOR_APPROVED_KEEP_FULL_PRIMARY_20260831,1,0,0.25,0.25,,50.3356979047148,0.0,3.9383863757635083,Urban__MID,1,CELL_AND_ENVIRONMENT
F1023_V70_D0122_P1__G22__ch4__nav_sage_v2__ingestion_20260825_event_path_v1__center_58__mp_2,F1023_V70_D0122_P1__G22__ch4__nav_sage_v2__ingestion_20260825_event_path_v1__center_58,F1023_V70_D0122_P1__G22__ch4__nav_sage_v2__ingestion_20260825_event_path_v1,F1023_V70_D0122_P1__G22__ch4__nav_sage_v2,F1023_V70_D0122_P1,G22,58,29.3697695014663,4,2,2,49.6643020952852,-12.631424925474,3,3,1,11100,2,56;57;58,3,VALID,Urban,38,MID,valid,1,ALGTRACK_0248,4,0.25,1,PRIMARY_ADMITTED_SENSITIVITY_EXCLUDED,COARSE_GRID_LOCK_CANDIDATE,NONE,EXACT_FOUR_REPEATED_DOPPLER_MODE,AUTHOR_APPROVED_KEEP_FULL_PRIMARY_20260831,1,0,0.25,0.25,,49.6643020952852,0.6931471805599453,3.9252215619171245,Urban__MID,1,CELL_AND_ENVIRONMENT
F1023_V70_D0122_P1__G22__ch4__nav_sage_v2__ingestion_20260825_event_path_v1__center_58__mp_3,F1023_V70_D0122_P1__G22__ch4__nav_sage_v2__ingestion_20260825_event_path_v1__center_58,F1023_V70_D0122_P1__G22__ch4__nav_sage_v2__ingestion_20260825_event_path_v1,F1023_V70_D0122_P1__G22__ch4__nav_sage_v2,F1023_V70_D0122_P1,G22,58,29.3697695014663,4,3,3,-100.335697904715,-15.5206415652692,3,3,1,11100,2,56;57;58,3,VALID,Urban,38,MID,valid,1,ALGTRACK_0249,4,0.25,1,PRIMARY_ADMITTED_SENSITIVITY_EXCLUDED,COARSE_GRID_LOCK_CANDIDATE,NONE,EXACT_FOUR_REPEATED_DOPPLER_MODE,AUTHOR_APPROVED_KEEP_FULL_PRIMARY_20260831,1,0,0.25,0.25,,100.335697904715,1.0986122886681098,4.618438747051868,Urban__MID,1,CELL_AND_ENVIRONMENT
F1023_V70_D0122_P1__G22__ch4__nav_sage_v2__ingestion_20260825_event_path_v1__center_434__mp_1,F1023_V70_D0122_P1__G22__ch4__nav_sage_v2__ingestion_20260825_event_path_v1__center_434,F1023_V70_D0122_P1__G22__ch4__nav_sage_v2__ingestion_20260825_event_path_v1,F1023_V70_D0122_P1__G22__ch4__nav_sage_v2,F1023_V70_D0122_P1,G22,434,36.8898065493646,2,1,1.1,77.1217741287501,-15.9709807912372,4,4,1,11110,2,432;433;434;435,4,VALID,Urban,38,MID,valid,1,ALGTRACK_0245,1,1.0,1,PRIMARY_ADMITTED_SENSITIVITY_INCLUDED,FINE_GRID_QUANTIZED_VALID,NONE,NONE,AUTHOR_APPROVED_KEEP_FULL_PRIMARY_20260831,1,1,1.0,1,1,77.1217741287501,0.09531017980432493,4.358268816052064,Urban__MID,1,CELL_AND_ENVIRONMENT
F1023_V70_D0122_P1__G22__ch4__nav_sage_v2__ingestion_20260825_event_path_v1__center_446__mp_1,F1023_V70_D0122_P1__G22__ch4__nav_sage_v2__ingestion_20260825_event_path_v1__center_446,F1023_V70_D0122_P1__G22__ch4__nav_sage_v2__ingestion_20260825_event_path_v1,F1023_V70_D0122_P1__G22__ch4__nav_sage_v2,F1023_V70_D0122_P1,G22,446,37.1298077223851,2,1,1.6,75.3959083730961,-18.3447004774572,5,5,1,11111,2,444;445;446;447;448,5,VALID,Urban,38,MID,valid,1,ALGTRACK_0246,2,0.5,1,PRIMARY_ADMITTED_SENSITIVITY_INCLUDED,FINE_GRID_QUANTIZED_VALID,NONE,NONE,AUTHOR_APPROVED_KEEP_FULL_PRIMARY_20260831,1,1,0.5,0.5,0.5,75.3959083730961,0.47000362924573563,4.33592913941237,Urban__MID,1,CELL_AND_ENVIRONMENT
F1023_V70_D0122_P1__G22__ch4__nav_sage_v2__ingestion_20260825_event_path_v1__center_448__mp_1,F1023_V70_D0122_P1__G22__ch4__nav_sage_v2__ingestion_20260825_event_path_v1__center_448,F1023_V70_D0122_P1__G22__ch4__nav_sage_v2__ingestion_20260825_event_path_v1,F1023_V70_D0122_P1__G22__ch4__nav_sage_v2,F1023_V70_D0122_P1,G22,448,37.1698079178886,2,1,1.1,80.1082640806962,-19.3704094078756,3,3,1,11100,2,446;447;448,3,VALID,Urban,38,MID,valid,1,ALGTRACK_0246,2,0.5,1,PRIMARY_ADMITTED_SENSITIVITY_INCLUDED,FINE_GRID_QUANTIZED_VALID,NONE,NONE,AUTHOR_APPROVED_KEEP_FULL_PRIMARY_20260831,1,1,0.5,0.5,0.5,80.1082640806962,0.09531017980432493,4.395784855815206,Urban__MID,1,CELL_AND_ENVIRONMENT
F1023_V70_D0122_P1__G22__ch4__nav_sage_v2__ingestion_20260825_event_path_v1__center_1492__mp_1,F1023_V70_D0122_P1__G22__ch4__nav_sage_v2__ingestion_20260825_event_path_v1__center_1492,F1023_V70_D0122_P1__G22__ch4__nav_sage_v2__ingestion_20260825_event_path_v1,F1023_V70_D0122_P1__G22__ch4__nav_sage_v2,F1023_V70_D0122_P1,G22,1492,58.0499113391984,2,1,1.6,63.5105052578401,-15.8447328843817,4,4,1,01111,2,1491;1492;1493;1494,4,VALID,Urban,38,MID,valid,1,ALGTRACK_0241,1,1.0,1,PRIMARY_ADMITTED_SENSITIVITY_INCLUDED,FINE_GRID_QUANTIZED_VALID,NONE,NONE,AUTHOR_APPROVED_KEEP_FULL_PRIMARY_20260831,1,1,1.0,1,1,63.5105052578401,0.47000362924573563,4.166828082754063,Urban__MID,1,CELL_AND_ENVIRONMENT
F1023_V70_D0122_P1__G22__ch4__nav_sage_v2__ingestion_20260825_event_path_v1__center_1537__mp_1,F1023_V70_D0122_P1__G22__ch4__nav_sage_v2__ingestion_20260825_event_path_v1__center_1537,F1023_V70_D0122_P1__G22__ch4__nav_sage_v2__ingestion_20260825_event_path_v1,F1023_V70_D0122_P1__G22__ch4__nav_sage_v2,F1023_V70_D0122_P1,G22,1537,58.9499158357771,2,1,1.3,62.8454630025371,-10.2039168508883,3,3,1,00111,2,1537;1538;1539,3,VALID,Urban,38,MID,valid,1,ALGTRACK_0242,1,1.0,1,PRIMARY_ADMITTED_SENSITIVITY_INCLUDED,FINE_GRID_QUANTIZED_VALID,NONE,NONE,AUTHOR_APPROVED_KEEP_FULL_PRIMARY_20260831,1,1,1.0,1,1,62.8454630025371,0.26236426446749106,4.156465522828375,Urban__MID,1,CELL_AND_ENVIRONMENT
F1023_V70_D0122_P1__G22__ch4__nav_sage_v2__ingestion_20260825_event_path_v1__center_1604__mp_1,F1023_V70_D0122_P1__G22__ch4__nav_sage_v2__ingestion_20260825_event_path_v1__center_1604,F1023_V70_D0122_P1__G22__ch4__nav_sage_v2__ingestion_20260825_event_path_v1,F1023_V70_D0122_P1__G22__ch4__nav_sage_v2,F1023_V70_D0122_P1,G22,1604,60.2899224828935,3,1,1.6,49.6643020952852,-3.79099625470793,3,3,1,00111,2,1604;1605;1606,3,VALID,Urban,38,MID,valid,1,ALGTRACK_0243,2,0.5,1,PRIMARY_ADMITTED_SENSITIVITY_EXCLUDED,COARSE_GRID_LOCK_CANDIDATE,NONE,EXACT_FOUR_REPEATED_DOPPLER_MODE,AUTHOR_APPROVED_KEEP_FULL_PRIMARY_20260831,1,0,0.5,0.5,,49.6643020952852,0.47000362924573563,3.9252215619171245,Urban__MID,1,CELL_AND_ENVIRONMENT
F1023_V70_D0122_P1__G22__ch4__nav_sage_v2__ingestion_20260825_event_path_v1__center_1604__mp_2,F1023_V70_D0122_P1__G22__ch4__nav_sage_v2__ingestion_20260825_event_path_v1__center_1604,F1023_V70_D0122_P1__G22__ch4__nav_sage_v2__ingestion_20260825_event_path_v1,F1023_V70_D0122_P1__G22__ch4__nav_sage_v2,F1023_V70_D0122_P1,G22,1604,60.2899224828935,3,2,2.6,-50.3356979047148,-14.1386336116069,3,3,1,00111,2,1604;1605;1606,3,VALID,Urban,38,MID,valid,1,ALGTRACK_0244,2,0.5,1,PRIMARY_ADMITTED_SENSITIVITY_EXCLUDED,COARSE_GRID_LOCK_CANDIDATE,NONE,EXACT_FOUR_REPEATED_DOPPLER_MODE,AUTHOR_APPROVED_KEEP_FULL_PRIMARY_20260831,1,0,0.5,0.5,,50.3356979047148,0.9555114450274363,3.9383863757635083,Urban__MID,1,CELL_AND_ENVIRONMENT
F1023_V70_D0122_P1__G22__ch4__nav_sage_v2__ingestion_20260825_event_path_v1__center_1606__mp_1,F1023_V70_D0122_P1__G22__ch4__nav_sage_v2__ingestion_20260825_event_path_v1__center_1606,F1023_V70_D0122_P1__G22__ch4__nav_sage_v2__ingestion_20260825_event_path_v1,F1023_V70_D0122_P1__G22__ch4__nav_sage_v2,F1023_V70_D0122_P1,G22,1606,60.3299226783969,3,1,1.5,49.6643020952852,-4.855140226143,4,4,1,11110,2,1604;1605;1606;1607,4,VALID,Urban,38,MID,valid,1,ALGTRACK_0243,2,0.5,1,PRIMARY_ADMITTED_SENSITIVITY_EXCLUDED,COARSE_GRID_LOCK_CANDIDATE,NONE,EXACT_FOUR_REPEATED_DOPPLER_MODE,AUTHOR_APPROVED_KEEP_FULL_PRIMARY_20260831,1,0,0.5,0.5,,49.6643020952852,0.4054651081081644,3.9252215619171245,Urban__MID,1,CELL_AND_ENVIRONMENT
F1023_V70_D0122_P1__G22__ch4__nav_sage_v2__ingestion_20260825_event_path_v1__center_1606__mp_2,F1023_V70_D0122_P1__G22__ch4__nav_sage_v2__ingestion_20260825_event_path_v1__center_1606,F1023_V70_D0122_P1__G22__ch4__nav_sage_v2__ingestion_20260825_event_path_v1,F1023_V70_D0122_P1__G22__ch4__nav_sage_v2,F1023_V70_D0122_P1,G22,1606,60.3299226783969,3,2,2.5,-50.3356979047148,-13.5751605227079,4,4,1,11110,2,1604;1605;1606;1607,4,VALID,Urban,38,MID,valid,1,ALGTRACK_0244,2,0.5,1,PRIMARY_ADMITTED_SENSITIVITY_EXCLUDED,COARSE_GRID_LOCK_CANDIDATE,NONE,EXACT_FOUR_REPEATED_DOPPLER_MODE,AUTHOR_APPROVED_KEEP_FULL_PRIMARY_20260831,1,0,0.5,0.5,,50.3356979047148,0.9162907318741551,3.9383863757635083,Urban__MID,1,CELL_AND_ENVIRONMENT
F1023_V70_D0122_P1__G24__ch7__nav_sage_v2__ingestion_20260825_event_path_v1__center_8__mp_1,F1023_V70_D0122_P1__G24__ch7__nav_sage_v2__ingestion_20260825_event_path_v1__center_8,F1023_V70_D0122_P1__G24__ch7__nav_sage_v2__ingestion_20260825_event_path_v1,F1023_V70_D0122_P1__G24__ch7__nav_sage_v2,F1023_V70_D0122_P1,G24,8,28.3619551319648,4,1,1.9,49.6643020952847,-6.23169782450763,3,3,1,01110,2,7;8;9,3,VALID,Urban,69,HIGH,valid,1,ALGTRACK_0257,2,0.5,1,PRIMARY_ADMITTED_SENSITIVITY_EXCLUDED,COARSE_GRID_LOCK_CANDIDATE,NONE,EXACT_FOUR_REPEATED_DOPPLER_MODE,AUTHOR_APPROVED_KEEP_FULL_PRIMARY_20260831,1,0,0.5,0.5,,49.6643020952847,0.6418538861723947,3.9252215619171142,Urban__HIGH,1,CELL_AND_ENVIRONMENT
F1023_V70_D0122_P1__G24__ch7__nav_sage_v2__ingestion_20260825_event_path_v1__center_8__mp_2,F1023_V70_D0122_P1__G24__ch7__nav_sage_v2__ingestion_20260825_event_path_v1__center_8,F1023_V70_D0122_P1__G24__ch7__nav_sage_v2__ingestion_20260825_event_path_v1,F1023_V70_D0122_P1__G24__ch7__nav_sage_v2,F1023_V70_D0122_P1,G24,8,28.3619551319648,4,2,2.9,-50.3356979047153,-12.8445983509476,3,3,1,01110,2,7;8;9,3,VALID,Urban,69,HIGH,valid,1,ALGTRACK_0258,2,0.5,1,PRIMARY_ADMITTED_SENSITIVITY_EXCLUDED,COARSE_GRID_LOCK_CANDIDATE,NONE,EXACT_FOUR_REPEATED_DOPPLER_MODE,AUTHOR_APPROVED_KEEP_FULL_PRIMARY_20260831,1,0,0.5,0.5,,50.3356979047153,1.0647107369924282,3.938386375763518,Urban__HIGH,1,CELL_AND_ENVIRONMENT
F1023_V70_D0122_P1__G24__ch7__nav_sage_v2__ingestion_20260825_event_path_v1__center_8__mp_3,F1023_V70_D0122_P1__G24__ch7__nav_sage_v2__ingestion_20260825_event_path_v1__center_8,F1023_V70_D0122_P1__G24__ch7__nav_sage_v2__ingestion_20260825_event_path_v1,F1023_V70_D0122_P1__G24__ch7__nav_sage_v2,F1023_V70_D0122_P1,G24,8,28.3619551319648,4,3,3.9,-100.335697904715,-18.2407663149663,3,3,1,00111,2,8;9;10,3,VALID,Urban,69,HIGH,valid,1,ALGTRACK_0259,2,0.5,1,PRIMARY_ADMITTED_SENSITIVITY_EXCLUDED,COARSE_GRID_LOCK_CANDIDATE,NONE,EXACT_FOUR_REPEATED_DOPPLER_MODE,AUTHOR_APPROVED_KEEP_FULL_PRIMARY_20260831,1,0,0.5,0.5,,100.335697904715,1.3609765531356006,4.618438747051868,Urban__HIGH,1,CELL_AND_ENVIRONMENT
F1023_V70_D0122_P1__G24__ch7__nav_sage_v2__ingestion_20260825_event_path_v1__center_9__mp_1,F1023_V70_D0122_P1__G24__ch7__nav_sage_v2__ingestion_20260825_event_path_v1__center_9,F1023_V70_D0122_P1__G24__ch7__nav_sage_v2__ingestion_20260825_event_path_v1,F1023_V70_D0122_P1__G24__ch7__nav_sage_v2,F1023_V70_D0122_P1,G24,9,28.3819551319648,4,1,1.4,54.6643020952847,-5.00690988912286,3,3,1,11100,2,7;8;9,3,VALID,Urban,69,HIGH,valid,1,ALGTRACK_0257,2,0.5,1,PRIMARY_ADMITTED_SENSITIVITY_INCLUDED,FINE_GRID_QUANTIZED_VALID,NONE,NONE,AUTHOR_APPROVED_KEEP_FULL_PRIMARY_20260831,1,1,0.5,0.5,1,54.6643020952847,0.3364722366212129,4.019339045516243,Urban__HIGH,1,CELL_AND_ENVIRONMENT
F1023_V70_D0122_P1__G24__ch7__nav_sage_v2__ingestion_20260825_event_path_v1__center_9__mp_2,F1023_V70_D0122_P1__G24__ch7__nav_sage_v2__ingestion_20260825_event_path_v1__center_9,F1023_V70_D0122_P1__G24__ch7__nav_sage_v2__ingestion_20260825_event_path_v1,F1023_V70_D0122_P1__G24__ch7__nav_sage_v2,F1023_V70_D0122_P1,G24,9,28.3819551319648,4,2,2.4,-45.3356979047153,-9.09849231936116,3,3,1,11100,2,7;8;9,3,VALID,Urban,69,HIGH,valid,1,ALGTRACK_0258,2,0.5,1,PRIMARY_ADMITTED_SENSITIVITY_INCLUDED,FINE_GRID_QUANTIZED_VALID,NONE,NONE,AUTHOR_APPROVED_KEEP_FULL_PRIMARY_20260831,1,1,0.5,0.5,1,45.3356979047153,0.8754687373538999,3.835912677075115,Urban__HIGH,1,CELL_AND_ENVIRONMENT
F1023_V70_D0122_P1__G24__ch7__nav_sage_v2__ingestion_20260825_event_path_v1__center_9__mp_3,F1023_V70_D0122_P1__G24__ch7__nav_sage_v2__ingestion_20260825_event_path_v1__center_9,F1023_V70_D0122_P1__G24__ch7__nav_sage_v2__ingestion_20260825_event_path_v1,F1023_V70_D0122_P1__G24__ch7__nav_sage_v2,F1023_V70_D0122_P1,G24,9,28.3819551319648,4,3,3.4,-95.3356979047153,-15.1475359381034,3,3,1,01110,2,8;9;10,3,VALID,Urban,69,HIGH,valid,1,ALGTRACK_0259,2,0.5,1,PRIMARY_ADMITTED_SENSITIVITY_INCLUDED,FINE_GRID_QUANTIZED_VALID,NONE,NONE,AUTHOR_APPROVED_KEEP_FULL_PRIMARY_20260831,1,1,0.5,0.5,1,95.3356979047153,1.2237754316221157,4.56783894486677,Urban__HIGH,1,CELL_AND_ENVIRONMENT
F1023_V70_D0122_P1__G24__ch7__nav_sage_v2__ingestion_20260825_event_path_v1__center_10__mp_1,F1023_V70_D0122_P1__G24__ch7__nav_sage_v2__ingestion_20260825_event_path_v1__center_10,F1023_V70_D0122_P1__G24__ch7__nav_sage_v2__ingestion_20260825_event_path_v1,F1023_V70_D0122_P1__G24__ch7__nav_sage_v2,F1023_V70_D0122_P1,G24,10,28.4019552297165,2,1,3.4,-120.335697904715,-21.3146565772069,3,3,1,11100,2,8;9;10,3,VALID,Urban,69,HIGH,valid,1,ALGTRACK_0250,1,1.0,1,PRIMARY_ADMITTED_SENSITIVITY_INCLUDED,FINE_GRID_QUANTIZED_VALID,NONE,NONE,AUTHOR_APPROVED_KEEP_FULL_PRIMARY_20260831,1,1,1.0,1,1,120.335697904715,1.2237754316221157,4.798561067004411,Urban__HIGH,1,CELL_AND_ENVIRONMENT
F1023_V70_D0122_P1__G24__ch7__nav_sage_v2__ingestion_20260825_event_path_v1__center_930__mp_1,F1023_V70_D0122_P1__G24__ch7__nav_sage_v2__ingestion_20260825_event_path_v1__center_930,F1023_V70_D0122_P1__G24__ch7__nav_sage_v2__ingestion_20260825_event_path_v1,F1023_V70_D0122_P1__G24__ch7__nav_sage_v2,F1023_V70_D0122_P1,G24,930,46.8020001955034,4,1,1.6,-47.5278975024403,-4.12844009577068,4,3,1,10111,2,928;930;931;932,4,VALID,Urban,69,HIGH,valid,1,ALGTRACK_0260,3,0.3333333333333333,1,PRIMARY_ADMITTED_SENSITIVITY_INCLUDED,COARSE_GRID_LOCK_CANDIDATE,NONE,NONE,AUTHOR_APPROVED_KEEP_FULL_PRIMARY_20260831,1,1,0.3333333333333333,0.333333333333,0.333333333333,47.5278975024403,0.47000362924573563,3.8821388388116236,Urban__HIGH,1,CELL_AND_ENVIRONMENT
F1023_V70_D0122_P1__G24__ch7__nav_sage_v2__ingestion_20260825_event_path_v1__center_930__mp_2,F1023_V70_D0122_P1__G24__ch7__nav_sage_v2__ingestion_20260825_event_path_v1__center_930,F1023_V70_D0122_P1__G24__ch7__nav_sage_v2__ingestion_20260825_event_path_v1,F1023_V70_D0122_P1__G24__ch7__nav_sage_v2,F1023_V70_D0122_P1,G24,930,46.8020001955034,4,2,2.6,-97.5278975024403,-12.3927708886147,4,3,1,10111,2,928;930;931;932,4,VALID,Urban,69,HIGH,valid,1,ALGTRACK_0261,3,0.3333333333333333,1,PRIMARY_ADMITTED_SENSITIVITY_INCLUDED,COARSE_GRID_LOCK_CANDIDATE,NONE,NONE,AUTHOR_APPROVED_KEEP_FULL_PRIMARY_20260831,1,1,0.3333333333333333,0.333333333333,0.333333333333,97.5278975024403,0.9555114450274363,4.590339731452903,Urban__HIGH,1,CELL_AND_ENVIRONMENT
F1023_V70_D0122_P1__G24__ch7__nav_sage_v2__ingestion_20260825_event_path_v1__center_930__mp_3,F1023_V70_D0122_P1__G24__ch7__nav_sage_v2__ingestion_20260825_event_path_v1__center_930,F1023_V70_D0122_P1__G24__ch7__nav_sage_v2__ingestion_20260825_event_path_v1,F1023_V70_D0122_P1__G24__ch7__nav_sage_v2,F1023_V70_D0122_P1,G24,930,46.8020001955034,4,3,3.6,52.4721024975597,-15.3061578911559,5,5,1,11111,2,928;929;930;931;932,5,VALID,Urban,69,HIGH,valid,1,ALGTRACK_0262,3,0.3333333333333333,1,PRIMARY_ADMITTED_SENSITIVITY_INCLUDED,COARSE_GRID_LOCK_CANDIDATE,NONE,NONE,AUTHOR_APPROVED_KEEP_FULL_PRIMARY_20260831,1,1,0.3333333333333333,0.333333333333,0.333333333333,52.4721024975597,1.2809338454620642,3.9791600692565923,Urban__HIGH,1,CELL_AND_ENVIRONMENT
F1023_V70_D0122_P1__G24__ch7__nav_sage_v2__ingestion_20260825_event_path_v1__center_931__mp_1,F1023_V70_D0122_P1__G24__ch7__nav_sage_v2__ingestion_20260825_event_path_v1__center_931,F1023_V70_D0122_P1__G24__ch7__nav_sage_v2__ingestion_20260825_event_path_v1,F1023_V70_D0122_P1__G24__ch7__nav_sage_v2,F1023_V70_D0122_P1,G24,931,46.8220001955034,4,1,1.2,-52.475991765541,-3.19667445588925,3,3,1,01110,2,930;931;932,3,VALID,Urban,69,HIGH,valid,1,ALGTRACK_0260,3,0.3333333333333333,1,PRIMARY_ADMITTED_SENSITIVITY_INCLUDED,FINE_GRID_QUANTIZED_VALID,NONE,NONE,AUTHOR_APPROVED_KEEP_FULL_PRIMARY_20260831,1,1,0.3333333333333333,0.333333333333,0.333333333333,52.475991765541,0.1823215567939546,3.979232801136666,Urban__HIGH,1,CELL_AND_ENVIRONMENT
F1023_V70_D0122_P1__G24__ch7__nav_sage_v2__ingestion_20260825_event_path_v1__center_931__mp_2,F1023_V70_D0122_P1__G24__ch7__nav_sage_v2__ingestion_20260825_event_path_v1__center_931,F1023_V70_D0122_P1__G24__ch7__nav_sage_v2__ingestion_20260825_event_path_v1,F1023_V70_D0122_P1__G24__ch7__nav_sage_v2,F1023_V70_D0122_P1,G24,931,46.8220001955034,4,2,2.2,-102.475991765541,-10.9665760071522,3,3,1,01110,2,930;931;932,3,VALID,Urban,69,HIGH,valid,1,ALGTRACK_0261,3,0.3333333333333333,1,PRIMARY_ADMITTED_SENSITIVITY_INCLUDED,FINE_GRID_QUANTIZED_VALID,NONE,NONE,AUTHOR_APPROVED_KEEP_FULL_PRIMARY_20260831,1,1,0.3333333333333333,0.333333333333,0.333333333333,102.475991765541,0.7884573603642703,4.639339622179741,Urban__HIGH,1,CELL_AND_ENVIRONMENT
F1023_V70_D0122_P1__G24__ch7__nav_sage_v2__ingestion_20260825_event_path_v1__center_931__mp_3,F1023_V70_D0122_P1__G24__ch7__nav_sage_v2__ingestion_20260825_event_path_v1__center_931,F1023_V70_D0122_P1__G24__ch7__nav_sage_v2__ingestion_20260825_event_path_v1,F1023_V70_D0122_P1__G24__ch7__nav_sage_v2,F1023_V70_D0122_P1,G24,931,46.8220001955034,4,3,3.2,47.524008234459,-12.1317187586065,4,4,1,11110,2,929;930;931;932,4,VALID,Urban,69,HIGH,valid,1,ALGTRACK_0262,3,0.3333333333333333,1,PRIMARY_ADMITTED_SENSITIVITY_INCLUDED,FINE_GRID_QUANTIZED_VALID,NONE,NONE,AUTHOR_APPROVED_KEEP_FULL_PRIMARY_20260831,1,1,0.3333333333333333,0.333333333333,0.333333333333,47.524008234459,1.1631508098056809,3.8820586906073435,Urban__HIGH,1,CELL_AND_ENVIRONMENT
F1023_V70_D0122_P1__G24__ch7__nav_sage_v2__ingestion_20260825_event_path_v1__center_932__mp_1,F1023_V70_D0122_P1__G24__ch7__nav_sage_v2__ingestion_20260825_event_path_v1__center_932,F1023_V70_D0122_P1__G24__ch7__nav_sage_v2__ingestion_20260825_event_path_v1,F1023_V70_D0122_P1__G24__ch7__nav_sage_v2,F1023_V70_D0122_P1,G24,932,46.8420002932551,4,1,1.5,-52.4240860284913,-3.42344666624125,3,3,1,11100,2,930;931;932,3,VALID,Urban,69,HIGH,valid,1,ALGTRACK_0260,3,0.3333333333333333,1,PRIMARY_ADMITTED_SENSITIVITY_INCLUDED,FINE_GRID_QUANTIZED_VALID,NONE,NONE,AUTHOR_APPROVED_KEEP_FULL_PRIMARY_20260831,1,1,0.3333333333333333,0.333333333333,0.333333333333,52.4240860284913,0.4054651081081644,3.9782616934967097,Urban__HIGH,1,CELL_AND_ENVIRONMENT
F1023_V70_D0122_P1__G24__ch7__nav_sage_v2__ingestion_20260825_event_path_v1__center_932__mp_2,F1023_V70_D0122_P1__G24__ch7__nav_sage_v2__ingestion_20260825_event_path_v1__center_932,F1023_V70_D0122_P1__G24__ch7__nav_sage_v2__ingestion_20260825_event_path_v1,F1023_V70_D0122_P1__G24__ch7__nav_sage_v2,F1023_V70_D0122_P1,G24,932,46.8420002932551,4,2,2.5,-97.4240860284913,-10.9974493289773,3,3,1,11100,2,930;931;932,3,VALID,Urban,69,HIGH,valid,1,ALGTRACK_0261,3,0.3333333333333333,1,PRIMARY_ADMITTED_SENSITIVITY_INCLUDED,COARSE_GRID_LOCK_CANDIDATE,NONE,NONE,AUTHOR_APPROVED_KEEP_FULL_PRIMARY_20260831,1,1,0.3333333333333333,0.333333333333,0.333333333333,97.4240860284913,0.9162907318741551,4.589285550817586,Urban__HIGH,1,CELL_AND_ENVIRONMENT
F1023_V70_D0122_P1__G24__ch7__nav_sage_v2__ingestion_20260825_event_path_v1__center_932__mp_3,F1023_V70_D0122_P1__G24__ch7__nav_sage_v2__ingestion_20260825_event_path_v1__center_932,F1023_V70_D0122_P1__G24__ch7__nav_sage_v2__ingestion_20260825_event_path_v1,F1023_V70_D0122_P1__G24__ch7__nav_sage_v2,F1023_V70_D0122_P1,G24,932,46.8420002932551,4,3,3.5,52.5759139715087,-14.1808901625692,4,3,1,11101,2,930;931;932;934,4,VALID,Urban,69,HIGH,valid,1,ALGTRACK_0262,3,0.3333333333333333,1,PRIMARY_ADMITTED_SENSITIVITY_INCLUDED,COARSE_GRID_LOCK_CANDIDATE,NONE,NONE,AUTHOR_APPROVED_KEEP_FULL_PRIMARY_20260831,1,1,0.3333333333333333,0.333333333333,0.333333333333,52.5759139715087,1.252762968495368,3.981099600878311,Urban__HIGH,1,CELL_AND_ENVIRONMENT
F1023_V70_D0122_P1__G24__ch7__nav_sage_v2__ingestion_20260825_event_path_v1__center_1361__mp_1,F1023_V70_D0122_P1__G24__ch7__nav_sage_v2__ingestion_20260825_event_path_v1__center_1361,F1023_V70_D0122_P1__G24__ch7__nav_sage_v2__ingestion_20260825_event_path_v1,F1023_V70_D0122_P1__G24__ch7__nav_sage_v2,F1023_V70_D0122_P1,G24,1361,55.4220213098729,4,1,1.3,47.9928172776113,-0.788166434304457,3,3,1,00111,2,1361;1362;1363,3,VALID,Urban,69,HIGH,valid,1,ALGTRACK_0251,3,0.3333333333333333,1,PRIMARY_ADMITTED_SENSITIVITY_INCLUDED,FINE_GRID_QUANTIZED_VALID,NONE,NONE,AUTHOR_APPROVED_KEEP_FULL_PRIMARY_20260831,1,1,0.3333333333333333,0.333333333333,0.333333333333,47.9928172776113,0.26236426446749106,3.891673701194626,Urban__HIGH,1,CELL_AND_ENVIRONMENT
F1023_V70_D0122_P1__G24__ch7__nav_sage_v2__ingestion_20260825_event_path_v1__center_1361__mp_2,F1023_V70_D0122_P1__G24__ch7__nav_sage_v2__ingestion_20260825_event_path_v1__center_1361,F1023_V70_D0122_P1__G24__ch7__nav_sage_v2__ingestion_20260825_event_path_v1,F1023_V70_D0122_P1__G24__ch7__nav_sage_v2,F1023_V70_D0122_P1,G24,1361,55.4220213098729,4,2,2.3,92.9928172776113,-10.892944714026,3,3,1,00111,2,1361;1362;1363,3,VALID,Urban,69,HIGH,valid,1,ALGTRACK_0252,3,0.3333333333333333,1,PRIMARY_ADMITTED_SENSITIVITY_INCLUDED,COARSE_GRID_LOCK_CANDIDATE,NONE,NONE,AUTHOR_APPROVED_KEEP_FULL_PRIMARY_20260831,1,1,0.3333333333333333,0.333333333333,0.333333333333,92.9928172776113,0.8329091229351039,4.543218367410158,Urban__HIGH,1,CELL_AND_ENVIRONMENT
F1023_V70_D0122_P1__G24__ch7__nav_sage_v2__ingestion_20260825_event_path_v1__center_1361__mp_3,F1023_V70_D0122_P1__G24__ch7__nav_sage_v2__ingestion_20260825_event_path_v1__center_1361,F1023_V70_D0122_P1__G24__ch7__nav_sage_v2__ingestion_20260825_event_path_v1,F1023_V70_D0122_P1__G24__ch7__nav_sage_v2,F1023_V70_D0122_P1,G24,1361,55.4220213098729,4,3,3.3,-57.0071827223887,-15.8464705539235,3,3,1,00111,2,1361;1362;1363,3,VALID,Urban,69,HIGH,valid,1,ALGTRACK_0253,3,0.3333333333333333,1,PRIMARY_ADMITTED_SENSITIVITY_INCLUDED,COARSE_GRID_LOCK_CANDIDATE,NONE,NONE,AUTHOR_APPROVED_KEEP_FULL_PRIMARY_20260831,1,1,0.3333333333333333,0.333333333333,0.333333333333,57.0071827223887,1.1939224684724346,4.060566842920059,Urban__HIGH,1,CELL_AND_ENVIRONMENT
F1023_V70_D0122_P1__G24__ch7__nav_sage_v2__ingestion_20260825_event_path_v1__center_1362__mp_1,F1023_V70_D0122_P1__G24__ch7__nav_sage_v2__ingestion_20260825_event_path_v1__center_1362,F1023_V70_D0122_P1__G24__ch7__nav_sage_v2__ingestion_20260825_event_path_v1,F1023_V70_D0122_P1__G24__ch7__nav_sage_v2,F1023_V70_D0122_P1,G24,1362,55.4420214076246,4,1,1.8,42.9928172776113,-1.60011434086596,3,3,1,01110,2,1361;1362;1363,3,VALID,Urban,69,HIGH,valid,1,ALGTRACK_0251,3,0.3333333333333333,1,PRIMARY_ADMITTED_SENSITIVITY_INCLUDED,COARSE_GRID_LOCK_CANDIDATE,NONE,NONE,AUTHOR_APPROVED_KEEP_FULL_PRIMARY_20260831,1,1,0.3333333333333333,0.333333333333,0.333333333333,42.9928172776113,0.5877866649021191,3.7840263769019074,Urban__HIGH,1,CELL_AND_ENVIRONMENT
F1023_V70_D0122_P1__G24__ch7__nav_sage_v2__ingestion_20260825_event_path_v1__center_1362__mp_2,F1023_V70_D0122_P1__G24__ch7__nav_sage_v2__ingestion_20260825_event_path_v1__center_1362,F1023_V70_D0122_P1__G24__ch7__nav_sage_v2__ingestion_20260825_event_path_v1,F1023_V70_D0122_P1__G24__ch7__nav_sage_v2,F1023_V70_D0122_P1,G24,1362,55.4420214076246,4,2,2.8,92.9928172776113,-13.7726351620066,3,3,1,01110,2,1361;1362;1363,3,VALID,Urban,69,HIGH,valid,1,ALGTRACK_0252,3,0.3333333333333333,1,PRIMARY_ADMITTED_SENSITIVITY_INCLUDED,COARSE_GRID_LOCK_CANDIDATE,NONE,NONE,AUTHOR_APPROVED_KEEP_FULL_PRIMARY_20260831,1,1,0.3333333333333333,0.333333333333,0.333333333333,92.9928172776113,1.0296194171811581,4.543218367410158,Urban__HIGH,1,CELL_AND_ENVIRONMENT
F1023_V70_D0122_P1__G24__ch7__nav_sage_v2__ingestion_20260825_event_path_v1__center_1362__mp_3,F1023_V70_D0122_P1__G24__ch7__nav_sage_v2__ingestion_20260825_event_path_v1__center_1362,F1023_V70_D0122_P1__G24__ch7__nav_sage_v2__ingestion_20260825_event_path_v1,F1023_V70_D0122_P1__G24__ch7__nav_sage_v2,F1023_V70_D0122_P1,G24,1362,55.4420214076246,4,3,3.8,-57.0071827223887,-18.1045018900969,3,3,1,01110,2,1361;1362;1363,3,VALID,Urban,69,HIGH,valid,1,ALGTRACK_0253,3,0.3333333333333333,1,PRIMARY_ADMITTED_SENSITIVITY_INCLUDED,COARSE_GRID_LOCK_CANDIDATE,NONE,NONE,AUTHOR_APPROVED_KEEP_FULL_PRIMARY_20260831,1,1,0.3333333333333333,0.333333333333,0.333333333333,57.0071827223887,1.33500106673234,4.060566842920059,Urban__HIGH,1,CELL_AND_ENVIRONMENT
F1023_V70_D0122_P1__G24__ch7__nav_sage_v2__ingestion_20260825_event_path_v1__center_1363__mp_1,F1023_V70_D0122_P1__G24__ch7__nav_sage_v2__ingestion_20260825_event_path_v1__center_1363,F1023_V70_D0122_P1__G24__ch7__nav_sage_v2__ingestion_20260825_event_path_v1,F1023_V70_D0122_P1__G24__ch7__nav_sage_v2,F1023_V70_D0122_P1,G24,1363,55.4620214076246,4,1,1.4,42.9928172776113,-1.76311416338514,4,3,1,11101,2,1361;1362;1363;1365,4,VALID,Urban,69,HIGH,valid,1,ALGTRACK_0251,3,0.3333333333333333,1,PRIMARY_ADMITTED_SENSITIVITY_INCLUDED,COARSE_GRID_LOCK_CANDIDATE,NONE,NONE,AUTHOR_APPROVED_KEEP_FULL_PRIMARY_20260831,1,1,0.3333333333333333,0.333333333333,0.333333333333,42.9928172776113,0.3364722366212129,3.7840263769019074,Urban__HIGH,1,CELL_AND_ENVIRONMENT
F1023_V70_D0122_P1__G24__ch7__nav_sage_v2__ingestion_20260825_event_path_v1__center_1363__mp_2,F1023_V70_D0122_P1__G24__ch7__nav_sage_v2__ingestion_20260825_event_path_v1__center_1363,F1023_V70_D0122_P1__G24__ch7__nav_sage_v2__ingestion_20260825_event_path_v1,F1023_V70_D0122_P1__G24__ch7__nav_sage_v2,F1023_V70_D0122_P1,G24,1363,55.4620214076246,4,2,2.4,-57.0071827223887,-13.3088244351679,3,3,1,11100,2,1361;1362;1363,3,VALID,Urban,69,HIGH,valid,1,ALGTRACK_0252,3,0.3333333333333333,1,PRIMARY_ADMITTED_SENSITIVITY_INCLUDED,COARSE_GRID_LOCK_CANDIDATE,NONE,NONE,AUTHOR_APPROVED_KEEP_FULL_PRIMARY_20260831,1,1,0.3333333333333333,0.333333333333,0.333333333333,57.0071827223887,0.8754687373538999,4.060566842920059,Urban__HIGH,1,CELL_AND_ENVIRONMENT
F1023_V70_D0122_P1__G24__ch7__nav_sage_v2__ingestion_20260825_event_path_v1__center_1363__mp_3,F1023_V70_D0122_P1__G24__ch7__nav_sage_v2__ingestion_20260825_event_path_v1__center_1363,F1023_V70_D0122_P1__G24__ch7__nav_sage_v2__ingestion_20260825_event_path_v1,F1023_V70_D0122_P1__G24__ch7__nav_sage_v2,F1023_V70_D0122_P1,G24,1363,55.4620214076246,4,3,3.4,92.9928172776113,-14.8430119967512,4,3,1,11101,2,1361;1362;1363;1365,4,VALID,Urban,69,HIGH,valid,1,ALGTRACK_0253,3,0.3333333333333333,1,PRIMARY_ADMITTED_SENSITIVITY_INCLUDED,COARSE_GRID_LOCK_CANDIDATE,NONE,NONE,AUTHOR_APPROVED_KEEP_FULL_PRIMARY_20260831,1,1,0.3333333333333333,0.333333333333,0.333333333333,92.9928172776113,1.2237754316221157,4.543218367410158,Urban__HIGH,1,CELL_AND_ENVIRONMENT
F1023_V70_D0122_P1__G24__ch7__nav_sage_v2__ingestion_20260825_event_path_v1__center_1433__mp_1,F1023_V70_D0122_P1__G24__ch7__nav_sage_v2__ingestion_20260825_event_path_v1__center_1433,F1023_V70_D0122_P1__G24__ch7__nav_sage_v2__ingestion_20260825_event_path_v1,F1023_V70_D0122_P1__G24__ch7__nav_sage_v2,F1023_V70_D0122_P1,G24,1433,56.8620249266862,4,1,1,45.5583664659143,-1.54605663059894,3,3,1,00111,2,1433;1434;1435,3,VALID,Urban,69,HIGH,valid,1,ALGTRACK_0254,3,0.3333333333333333,1,PRIMARY_ADMITTED_SENSITIVITY_INCLUDED,COARSE_GRID_LOCK_CANDIDATE,NONE,NONE,AUTHOR_APPROVED_KEEP_FULL_PRIMARY_20260831,1,1,0.3333333333333333,0.333333333333,0.333333333333,45.5583664659143,0.0,3.840706718312739,Urban__HIGH,1,CELL_AND_ENVIRONMENT
F1023_V70_D0122_P1__G24__ch7__nav_sage_v2__ingestion_20260825_event_path_v1__center_1433__mp_2,F1023_V70_D0122_P1__G24__ch7__nav_sage_v2__ingestion_20260825_event_path_v1__center_1433,F1023_V70_D0122_P1__G24__ch7__nav_sage_v2__ingestion_20260825_event_path_v1,F1023_V70_D0122_P1__G24__ch7__nav_sage_v2,F1023_V70_D0122_P1,G24,1433,56.8620249266862,4,2,2,95.5583664659143,-14.3008973187948,3,3,1,00111,2,1433;1434;1435,3,VALID,Urban,69,HIGH,valid,1,ALGTRACK_0255,3,0.3333333333333333,1,PRIMARY_ADMITTED_SENSITIVITY_INCLUDED,COARSE_GRID_LOCK_CANDIDATE,NONE,NONE,AUTHOR_APPROVED_KEEP_FULL_PRIMARY_20260831,1,1,0.3333333333333333,0.333333333333,0.333333333333,95.5583664659143,0.6931471805599453,4.570147659350344,Urban__HIGH,1,CELL_AND_ENVIRONMENT
F1023_V70_D0122_P1__G24__ch7__nav_sage_v2__ingestion_20260825_event_path_v1__center_1433__mp_3,F1023_V70_D0122_P1__G24__ch7__nav_sage_v2__ingestion_20260825_event_path_v1__center_1433,F1023_V70_D0122_P1__G24__ch7__nav_sage_v2__ingestion_20260825_event_path_v1,F1023_V70_D0122_P1__G24__ch7__nav_sage_v2,F1023_V70_D0122_P1,G24,1433,56.8620249266862,4,3,3,-54.4416335340857,-16.8458564345427,3,3,1,00111,2,1433;1434;1435,3,VALID,Urban,69,HIGH,valid,1,ALGTRACK_0256,3,0.3333333333333333,1,PRIMARY_ADMITTED_SENSITIVITY_INCLUDED,COARSE_GRID_LOCK_CANDIDATE,NONE,NONE,AUTHOR_APPROVED_KEEP_FULL_PRIMARY_20260831,1,1,0.3333333333333333,0.333333333333,0.333333333333,54.4416335340857,1.0986122886681098,4.015330819348102,Urban__HIGH,1,CELL_AND_ENVIRONMENT
F1023_V70_D0122_P1__G24__ch7__nav_sage_v2__ingestion_20260825_event_path_v1__center_1434__mp_1,F1023_V70_D0122_P1__G24__ch7__nav_sage_v2__ingestion_20260825_event_path_v1__center_1434,F1023_V70_D0122_P1__G24__ch7__nav_sage_v2__ingestion_20260825_event_path_v1,F1023_V70_D0122_P1__G24__ch7__nav_sage_v2,F1023_V70_D0122_P1,G24,1434,56.8820249266862,4,1,1.5,45.6373064407817,-2.76962686505614,3,3,1,01110,2,1433;1434;1435,3,VALID,Urban,69,HIGH,valid,1,ALGTRACK_0254,3,0.3333333333333333,1,PRIMARY_ADMITTED_SENSITIVITY_INCLUDED,COARSE_GRID_LOCK_CANDIDATE,NONE,NONE,AUTHOR_APPROVED_KEEP_FULL_PRIMARY_20260831,1,1,0.3333333333333333,0.333333333333,0.333333333333,45.6373064407817,0.4054651081081644,3.8424007882471964,Urban__HIGH,1,CELL_AND_ENVIRONMENT
F1023_V70_D0122_P1__G24__ch7__nav_sage_v2__ingestion_20260825_event_path_v1__center_1434__mp_2,F1023_V70_D0122_P1__G24__ch7__nav_sage_v2__ingestion_20260825_event_path_v1__center_1434,F1023_V70_D0122_P1__G24__ch7__nav_sage_v2__ingestion_20260825_event_path_v1,F1023_V70_D0122_P1__G24__ch7__nav_sage_v2,F1023_V70_D0122_P1,G24,1434,56.8820249266862,4,2,2.5,95.6373064407817,-13.3881061460038,3,3,1,01110,2,1433;1434;1435,3,VALID,Urban,69,HIGH,valid,1,ALGTRACK_0255,3,0.3333333333333333,1,PRIMARY_ADMITTED_SENSITIVITY_INCLUDED,COARSE_GRID_LOCK_CANDIDATE,NONE,NONE,AUTHOR_APPROVED_KEEP_FULL_PRIMARY_20260831,1,1,0.3333333333333333,0.333333333333,0.333333333333,95.6373064407817,0.9162907318741551,4.57096486170351,Urban__HIGH,1,CELL_AND_ENVIRONMENT
F1023_V70_D0122_P1__G24__ch7__nav_sage_v2__ingestion_20260825_event_path_v1__center_1434__mp_3,F1023_V70_D0122_P1__G24__ch7__nav_sage_v2__ingestion_20260825_event_path_v1__center_1434,F1023_V70_D0122_P1__G24__ch7__nav_sage_v2__ingestion_20260825_event_path_v1,F1023_V70_D0122_P1__G24__ch7__nav_sage_v2,F1023_V70_D0122_P1,G24,1434,56.8820249266862,4,3,3.5,-54.3626935592183,-15.0668234209186,3,3,1,01110,2,1433;1434;1435,3,VALID,Urban,69,HIGH,valid,1,ALGTRACK_0256,3,0.3333333333333333,1,PRIMARY_ADMITTED_SENSITIVITY_INCLUDED,COARSE_GRID_LOCK_CANDIDATE,NONE,NONE,AUTHOR_APPROVED_KEEP_FULL_PRIMARY_20260831,1,1,0.3333333333333333,0.333333333333,0.333333333333,54.3626935592183,1.252762968495368,4.013905965458482,Urban__HIGH,1,CELL_AND_ENVIRONMENT
F1023_V70_D0122_P1__G24__ch7__nav_sage_v2__ingestion_20260825_event_path_v1__center_1435__mp_1,F1023_V70_D0122_P1__G24__ch7__nav_sage_v2__ingestion_20260825_event_path_v1__center_1435,F1023_V70_D0122_P1__G24__ch7__nav_sage_v2__ingestion_20260825_event_path_v1,F1023_V70_D0122_P1__G24__ch7__nav_sage_v2,F1023_V70_D0122_P1,G24,1435,56.9020250244379,4,1,1.1,50.7162464158782,-1.88571988212756,4,3,1,11101,2,1433;1434;1435;1437,4,VALID,Urban,69,HIGH,valid,1,ALGTRACK_0254,3,0.3333333333333333,1,PRIMARY_ADMITTED_SENSITIVITY_INCLUDED,FINE_GRID_QUANTIZED_VALID,NONE,NONE,AUTHOR_APPROVED_KEEP_FULL_PRIMARY_20260831,1,1,0.3333333333333333,0.333333333333,0.333333333333,50.7162464158782,0.09531017980432493,3.9457719761709273,Urban__HIGH,1,CELL_AND_ENVIRONMENT
F1023_V70_D0122_P1__G24__ch7__nav_sage_v2__ingestion_20260825_event_path_v1__center_1435__mp_2,F1023_V70_D0122_P1__G24__ch7__nav_sage_v2__ingestion_20260825_event_path_v1__center_1435,F1023_V70_D0122_P1__G24__ch7__nav_sage_v2__ingestion_20260825_event_path_v1,F1023_V70_D0122_P1__G24__ch7__nav_sage_v2,F1023_V70_D0122_P1,G24,1435,56.9020250244379,4,2,2.1,95.7162464158782,-10.3410212323303,4,3,1,11101,2,1433;1434;1435;1437,4,VALID,Urban,69,HIGH,valid,1,ALGTRACK_0255,3,0.3333333333333333,1,PRIMARY_ADMITTED_SENSITIVITY_INCLUDED,COARSE_GRID_LOCK_CANDIDATE,NONE,NONE,AUTHOR_APPROVED_KEEP_FULL_PRIMARY_20260831,1,1,0.3333333333333333,0.333333333333,0.333333333333,95.7162464158782,0.7419373447293773,4.571781396784622,Urban__HIGH,1,CELL_AND_ENVIRONMENT
F1023_V70_D0122_P1__G24__ch7__nav_sage_v2__ingestion_20260825_event_path_v1__center_1435__mp_3,F1023_V70_D0122_P1__G24__ch7__nav_sage_v2__ingestion_20260825_event_path_v1__center_1435,F1023_V70_D0122_P1__G24__ch7__nav_sage_v2__ingestion_20260825_event_path_v1,F1023_V70_D0122_P1__G24__ch7__nav_sage_v2,F1023_V70_D0122_P1,G24,1435,56.9020250244379,4,3,3.1,-54.2837535841218,-12.5450641273927,4,3,1,11101,2,1433;1434;1435;1437,4,VALID,Urban,69,HIGH,valid,1,ALGTRACK_0256,3,0.3333333333333333,1,PRIMARY_ADMITTED_SENSITIVITY_INCLUDED,COARSE_GRID_LOCK_CANDIDATE,NONE,NONE,AUTHOR_APPROVED_KEEP_FULL_PRIMARY_20260831,1,1,0.3333333333333333,0.333333333333,0.333333333333,54.2837535841218,1.1314021114911006,4.012479078458889,Urban__HIGH,1,CELL_AND_ENVIRONMENT
F1023_v50_D0127_P1__G31__ch5__nav_sage_v2__ingestion_20260825_event_path_v1__center_327__mp_1,F1023_v50_D0127_P1__G31__ch5__nav_sage_v2__ingestion_20260825_event_path_v1__center_327,F1023_v50_D0127_P1__G31__ch5__nav_sage_v2__ingestion_20260825_event_path_v1,F1023_v50_D0127_P1__G31__ch5__nav_sage_v2,F1023_v50_D0127_P1,G31,327,45.3591775171066,2,1,1.6,-38.8181834755692,-1.73957900383889,5,5,1,11111,2,325;326;327;328;329,5,VALID,Urban,38,MID,valid,1,ALGTRACK_0335,2,0.5,1,PRIMARY_ADMITTED_SENSITIVITY_INCLUDED,COARSE_GRID_LOCK_CANDIDATE,NONE,NONE,AUTHOR_APPROVED_KEEP_FULL_PRIMARY_20260831,1,1,0.5,0.5,0.5,38.8181834755692,0.47000362924573563,3.6843236792019587,Urban__MID,1,CELL_AND_ENVIRONMENT
F1023_v50_D0127_P1__G31__ch5__nav_sage_v2__ingestion_20260825_event_path_v1__center_329__mp_1,F1023_v50_D0127_P1__G31__ch5__nav_sage_v2__ingestion_20260825_event_path_v1__center_329,F1023_v50_D0127_P1__G31__ch5__nav_sage_v2__ingestion_20260825_event_path_v1,F1023_v50_D0127_P1__G31__ch5__nav_sage_v2,F1023_v50_D0127_P1,G31,329,45.3991776148583,2,1,1.8,-39.0950140729669,-2.08420476018047,5,5,1,11111,2,327;328;329;330;331,5,VALID,Urban,38,MID,valid,1,ALGTRACK_0335,2,0.5,1,PRIMARY_ADMITTED_SENSITIVITY_INCLUDED,COARSE_GRID_LOCK_CANDIDATE,NONE,NONE,AUTHOR_APPROVED_KEEP_FULL_PRIMARY_20260831,1,1,0.5,0.5,0.5,39.0950140729669,0.5877866649021191,3.6912519892495004,Urban__MID,1,CELL_AND_ENVIRONMENT
F1023_v50_D0127_P1__G31__ch5__nav_sage_v2__ingestion_20260825_event_path_v1__center_964__mp_1,F1023_v50_D0127_P1__G31__ch5__nav_sage_v2__ingestion_20260825_event_path_v1__center_964,F1023_v50_D0127_P1__G31__ch5__nav_sage_v2__ingestion_20260825_event_path_v1,F1023_v50_D0127_P1__G31__ch5__nav_sage_v2,F1023_v50_D0127_P1,G31,964,58.0992017595308,3,1,1.5,49.4086762085799,-2.99910599721922,3,3,1,00111,2,964;965;966,3,VALID,Urban,39,MID,valid,1,ALGTRACK_0336,1,1.0,1,PRIMARY_ADMITTED_SENSITIVITY_INCLUDED,COARSE_GRID_LOCK_CANDIDATE,NONE,NONE,AUTHOR_APPROVED_KEEP_FULL_PRIMARY_20260831,1,1,1.0,1,1,49.4086762085799,0.4054651081081644,3.920163307257362,Urban__MID,1,CELL_AND_ENVIRONMENT
F1023_v50_D0127_P1__G31__ch5__nav_sage_v2__ingestion_20260825_event_path_v1__center_964__mp_2,F1023_v50_D0127_P1__G31__ch5__nav_sage_v2__ingestion_20260825_event_path_v1__center_964,F1023_v50_D0127_P1__G31__ch5__nav_sage_v2__ingestion_20260825_event_path_v1,F1023_v50_D0127_P1__G31__ch5__nav_sage_v2,F1023_v50_D0127_P1,G31,964,58.0992017595308,3,2,2.5,89.4086762085799,-9.60963186950062,3,3,1,00111,2,964;965;966,3,VALID,Urban,39,MID,valid,1,ALGTRACK_0337,1,1.0,1,PRIMARY_ADMITTED_SENSITIVITY_INCLUDED,FINE_GRID_QUANTIZED_VALID,NONE,NONE,AUTHOR_APPROVED_KEEP_FULL_PRIMARY_20260831,1,1,1.0,1,1,89.4086762085799,0.9162907318741551,4.5043402385513795,Urban__MID,1,CELL_AND_ENVIRONMENT
F1023_v50_D0127_P1__G31__ch5__nav_sage_v2__ingestion_20260825_event_path_v1__center_970__mp_1,F1023_v50_D0127_P1__G31__ch5__nav_sage_v2__ingestion_20260825_event_path_v1__center_970,F1023_v50_D0127_P1__G31__ch5__nav_sage_v2__ingestion_20260825_event_path_v1,F1023_v50_D0127_P1__G31__ch5__nav_sage_v2,F1023_v50_D0127_P1,G31,970,58.2192020527859,2,1,1.6,-47.9019577931313,-5.04099632935465,3,3,1,11100,2,968;969;970,3,VALID,Urban,39,MID,valid,1,ALGTRACK_0338,1,1.0,1,PRIMARY_ADMITTED_SENSITIVITY_INCLUDED,COARSE_GRID_LOCK_CANDIDATE,NONE,NONE,AUTHOR_APPROVED_KEEP_FULL_PRIMARY_20260831,1,1,1.0,1,1,47.9019577931313,0.47000362924573563,3.8898174323487322,Urban__MID,1,CELL_AND_ENVIRONMENT
F1023_v50_D0127_P1__G31__ch5__nav_sage_v2__ingestion_20260825_event_path_v1__center_994__mp_1,F1023_v50_D0127_P1__G31__ch5__nav_sage_v2__ingestion_20260825_event_path_v1__center_994,F1023_v50_D0127_P1__G31__ch5__nav_sage_v2__ingestion_20260825_event_path_v1,F1023_v50_D0127_P1__G31__ch5__nav_sage_v2,F1023_v50_D0127_P1,G31,994,58.6992029325513,2,1,1.1,-37.1444937999745,-9.66741967378749,4,4,1,01111,2,993;994;995;996,4,VALID,Urban,39,MID,valid,1,ALGTRACK_0339,3,0.3333333333333333,1,PRIMARY_ADMITTED_SENSITIVITY_INCLUDED,COARSE_GRID_LOCK_CANDIDATE,NONE,NONE,AUTHOR_APPROVED_KEEP_FULL_PRIMARY_20260831,1,1,0.3333333333333333,0.333333333333,0.333333333333,37.1444937999745,0.09531017980432493,3.6413814170379517,Urban__MID,1,CELL_AND_ENVIRONMENT
F1023_v50_D0127_P1__G31__ch5__nav_sage_v2__ingestion_20260825_event_path_v1__center_995__mp_1,F1023_v50_D0127_P1__G31__ch5__nav_sage_v2__ingestion_20260825_event_path_v1__center_995,F1023_v50_D0127_P1__G31__ch5__nav_sage_v2__ingestion_20260825_event_path_v1,F1023_v50_D0127_P1__G31__ch5__nav_sage_v2,F1023_v50_D0127_P1,G31,995,58.7192029325513,2,1,1.8,-31.6962661331581,-0.349505055583477,3,3,1,01110,2,994;995;996,3,VALID,Urban,39,MID,valid,1,ALGTRACK_0339,3,0.3333333333333333,1,PRIMARY_ADMITTED_SENSITIVITY_INCLUDED,FINE_GRID_QUANTIZED_VALID,NONE,NONE,AUTHOR_APPROVED_KEEP_FULL_PRIMARY_20260831,1,1,0.3333333333333333,0.333333333333,0.333333333333,31.6962661331581,0.5877866649021191,3.4872608858532104,Urban__MID,1,CELL_AND_ENVIRONMENT
F1023_v50_D0127_P1__G31__ch5__nav_sage_v2__ingestion_20260825_event_path_v1__center_996__mp_1,F1023_v50_D0127_P1__G31__ch5__nav_sage_v2__ingestion_20260825_event_path_v1__center_996,F1023_v50_D0127_P1__G31__ch5__nav_sage_v2__ingestion_20260825_event_path_v1,F1023_v50_D0127_P1__G31__ch5__nav_sage_v2,F1023_v50_D0127_P1,G31,996,58.739203030303,2,1,1.3,-36.2480384669943,-0.871026477420693,3,3,1,11100,2,994;995;996,3,VALID,Urban,39,MID,valid,1,ALGTRACK_0339,3,0.3333333333333333,1,PRIMARY_ADMITTED_SENSITIVITY_INCLUDED,COARSE_GRID_LOCK_CANDIDATE,NONE,NONE,AUTHOR_APPROVED_KEEP_FULL_PRIMARY_20260831,1,1,0.3333333333333333,0.333333333333,0.333333333333,36.2480384669943,0.26236426446749106,3.617599284834876,Urban__MID,1,CELL_AND_ENVIRONMENT
F1023_v50_D0127_P1__G31__ch5__nav_sage_v2__ingestion_20260825_event_path_v1__center_1012__mp_1,F1023_v50_D0127_P1__G31__ch5__nav_sage_v2__ingestion_20260825_event_path_v1__center_1012,F1023_v50_D0127_P1__G31__ch5__nav_sage_v2__ingestion_20260825_event_path_v1,F1023_v50_D0127_P1__G31__ch5__nav_sage_v2,F1023_v50_D0127_P1,G31,1012,59.0592036168133,2,1,1.1,-38.4508782950988,-0.859080720758462,3,3,1,00111,2,1012;1013;1014,3,VALID,Urban,39,MID,valid,1,ALGTRACK_0332,3,0.3333333333333333,1,PRIMARY_ADMITTED_SENSITIVITY_INCLUDED,COARSE_GRID_LOCK_CANDIDATE,NONE,NONE,AUTHOR_APPROVED_KEEP_FULL_PRIMARY_20260831,1,1,0.3333333333333333,0.333333333333,0.333333333333,38.4508782950988,0.09531017980432493,3.6750563105446585,Urban__MID,1,CELL_AND_ENVIRONMENT
F1023_v50_D0127_P1__G31__ch5__nav_sage_v2__ingestion_20260825_event_path_v1__center_1013__mp_1,F1023_v50_D0127_P1__G31__ch5__nav_sage_v2__ingestion_20260825_event_path_v1__center_1013,F1023_v50_D0127_P1__G31__ch5__nav_sage_v2__ingestion_20260825_event_path_v1,F1023_v50_D0127_P1__G31__ch5__nav_sage_v2,F1023_v50_D0127_P1,G31,1013,59.0792036168133,2,1,1.1,-38.8178230189869,-1.63685593156708,3,3,1,01110,2,1012;1013;1014,3,VALID,Urban,39,MID,valid,1,ALGTRACK_0332,3,0.3333333333333333,1,PRIMARY_ADMITTED_SENSITIVITY_INCLUDED,COARSE_GRID_LOCK_CANDIDATE,NONE,NONE,AUTHOR_APPROVED_KEEP_FULL_PRIMARY_20260831,1,1,0.3333333333333333,0.333333333333,0.333333333333,38.8178230189869,0.09531017980432493,3.6843146265987916,Urban__MID,1,CELL_AND_ENVIRONMENT
F1023_v50_D0127_P1__G31__ch5__nav_sage_v2__ingestion_20260825_event_path_v1__center_1014__mp_1,F1023_v50_D0127_P1__G31__ch5__nav_sage_v2__ingestion_20260825_event_path_v1__center_1014,F1023_v50_D0127_P1__G31__ch5__nav_sage_v2__ingestion_20260825_event_path_v1,F1023_v50_D0127_P1__G31__ch5__nav_sage_v2,F1023_v50_D0127_P1,G31,1014,59.099203714565,2,1,1.2,-39.1847677434093,-1.18297925189255,3,3,1,11100,2,1012;1013;1014,3,VALID,Urban,39,MID,valid,1,ALGTRACK_0332,3,0.3333333333333333,1,PRIMARY_ADMITTED_SENSITIVITY_INCLUDED,COARSE_GRID_LOCK_CANDIDATE,NONE,NONE,AUTHOR_APPROVED_KEEP_FULL_PRIMARY_20260831,1,1,0.3333333333333333,0.333333333333,0.333333333333,39.1847677434093,0.1823215567939546,3.693488011964249,Urban__MID,1,CELL_AND_ENVIRONMENT
F1023_v50_D0127_P1__G31__ch5__nav_sage_v2__ingestion_20260825_event_path_v1__center_1076__mp_1,F1023_v50_D0127_P1__G31__ch5__nav_sage_v2__ingestion_20260825_event_path_v1__center_1076,F1023_v50_D0127_P1__G31__ch5__nav_sage_v2__ingestion_20260825_event_path_v1,F1023_v50_D0127_P1__G31__ch5__nav_sage_v2,F1023_v50_D0127_P1,G31,1076,60.3392060606061,2,1,1.5,43.0646593637712,-0.702695326745529,3,3,1,00111,2,1076;1077;1078,3,VALID,Urban,39,MID,valid,1,ALGTRACK_0333,4,0.25,1,PRIMARY_ADMITTED_SENSITIVITY_INCLUDED,FINE_GRID_QUANTIZED_VALID,NONE,NONE,AUTHOR_APPROVED_KEEP_FULL_PRIMARY_20260831,1,1,0.25,0.25,0.25,43.0646593637712,0.4054651081081644,3.785658086209052,Urban__MID,1,CELL_AND_ENVIRONMENT
F1023_v50_D0127_P1__G31__ch5__nav_sage_v2__ingestion_20260825_event_path_v1__center_1077__mp_1,F1023_v50_D0127_P1__G31__ch5__nav_sage_v2__ingestion_20260825_event_path_v1__center_1077,F1023_v50_D0127_P1__G31__ch5__nav_sage_v2__ingestion_20260825_event_path_v1,F1023_v50_D0127_P1__G31__ch5__nav_sage_v2,F1023_v50_D0127_P1,G31,1077,60.3592060606061,2,1,1.8,42.6977146398831,-2.93531833121975,4,4,1,01111,2,1076;1077;1078;1079,4,VALID,Urban,39,MID,valid,1,ALGTRACK_0333,4,0.25,1,PRIMARY_ADMITTED_SENSITIVITY_INCLUDED,FINE_GRID_QUANTIZED_VALID,NONE,NONE,AUTHOR_APPROVED_KEEP_FULL_PRIMARY_20260831,1,1,0.25,0.25,0.25,42.6977146398831,0.5877866649021191,3.7772958041638502,Urban__MID,1,CELL_AND_ENVIRONMENT
F1023_v50_D0127_P1__G31__ch5__nav_sage_v2__ingestion_20260825_event_path_v1__center_1078__mp_1,F1023_v50_D0127_P1__G31__ch5__nav_sage_v2__ingestion_20260825_event_path_v1__center_1078,F1023_v50_D0127_P1__G31__ch5__nav_sage_v2__ingestion_20260825_event_path_v1,F1023_v50_D0127_P1__G31__ch5__nav_sage_v2,F1023_v50_D0127_P1,G31,1078,60.3792061583578,2,1,1.4,42.3307699154607,-0.774302793423212,4,4,1,11110,2,1076;1077;1078;1079,4,VALID,Urban,39,MID,valid,1,ALGTRACK_0333,4,0.25,1,PRIMARY_ADMITTED_SENSITIVITY_INCLUDED,FINE_GRID_QUANTIZED_VALID,NONE,NONE,AUTHOR_APPROVED_KEEP_FULL_PRIMARY_20260831,1,1,0.25,0.25,0.25,42.3307699154607,0.3364722366212129,3.7688630042406386,Urban__MID,1,CELL_AND_ENVIRONMENT
F1023_v50_D0127_P1__G31__ch5__nav_sage_v2__ingestion_20260825_event_path_v1__center_1079__mp_1,F1023_v50_D0127_P1__G31__ch5__nav_sage_v2__ingestion_20260825_event_path_v1__center_1079,F1023_v50_D0127_P1__G31__ch5__nav_sage_v2__ingestion_20260825_event_path_v1,F1023_v50_D0127_P1__G31__ch5__nav_sage_v2,F1023_v50_D0127_P1,G31,1079,60.3992061583578,2,1,1.4,36.9638251915726,-0.943293065869188,3,3,1,11100,2,1077;1078;1079,3,VALID,Urban,39,MID,valid,1,ALGTRACK_0333,4,0.25,1,PRIMARY_ADMITTED_SENSITIVITY_INCLUDED,COARSE_GRID_LOCK_CANDIDATE,NONE,NONE,AUTHOR_APPROVED_KEEP_FULL_PRIMARY_20260831,1,1,0.25,0.25,0.25,36.9638251915726,0.3364722366212129,3.6366337376736335,Urban__MID,1,CELL_AND_ENVIRONMENT
F1023_v50_D0127_P1__G31__ch5__nav_sage_v2__ingestion_20260825_event_path_v1__center_1185__mp_1,F1023_v50_D0127_P1__G31__ch5__nav_sage_v2__ingestion_20260825_event_path_v1__center_1185,F1023_v50_D0127_P1__G31__ch5__nav_sage_v2__ingestion_20260825_event_path_v1,F1023_v50_D0127_P1__G31__ch5__nav_sage_v2,F1023_v50_D0127_P1,G31,1185,62.5192101661779,2,1,1.9,45.7960909812414,-3.76872976515999,3,3,1,00111,2,1185;1186;1187,3,VALID,Urban,39,MID,valid,1,ALGTRACK_0334,4,0.25,1,PRIMARY_ADMITTED_SENSITIVITY_INCLUDED,COARSE_GRID_LOCK_CANDIDATE,NONE,NONE,AUTHOR_APPROVED_KEEP_FULL_PRIMARY_20260831,1,1,0.25,0.25,0.25,45.7960909812414,0.6418538861723947,3.8457996733932567,Urban__MID,1,CELL_AND_ENVIRONMENT
F1023_v50_D0127_P1__G31__ch5__nav_sage_v2__ingestion_20260825_event_path_v1__center_1186__mp_1,F1023_v50_D0127_P1__G31__ch5__nav_sage_v2__ingestion_20260825_event_path_v1__center_1186,F1023_v50_D0127_P1__G31__ch5__nav_sage_v2__ingestion_20260825_event_path_v1,F1023_v50_D0127_P1__G31__ch5__nav_sage_v2,F1023_v50_D0127_P1,G31,1186,62.5392101661779,2,1,1.1,46.8125783318019,-4.26468759868088,4,4,1,01111,2,1185;1186;1187;1188,4,VALID,Urban,39,MID,valid,1,ALGTRACK_0334,4,0.25,1,PRIMARY_ADMITTED_SENSITIVITY_INCLUDED,COARSE_GRID_LOCK_CANDIDATE,NONE,NONE,AUTHOR_APPROVED_KEEP_FULL_PRIMARY_20260831,1,1,0.25,0.25,0.25,46.8125783318019,0.09531017980432493,3.867288749897609,Urban__MID,1,CELL_AND_ENVIRONMENT
F1023_v50_D0127_P1__G31__ch5__nav_sage_v2__ingestion_20260825_event_path_v1__center_1187__mp_1,F1023_v50_D0127_P1__G31__ch5__nav_sage_v2__ingestion_20260825_event_path_v1__center_1187,F1023_v50_D0127_P1__G31__ch5__nav_sage_v2__ingestion_20260825_event_path_v1,F1023_v50_D0127_P1__G31__ch5__nav_sage_v2,F1023_v50_D0127_P1,G31,1187,62.5592101661779,2,1,1,47.8290656808831,-3.61039999713454,4,4,1,11110,2,1185;1186;1187;1188,4,VALID,Urban,39,MID,valid,1,ALGTRACK_0334,4,0.25,1,PRIMARY_ADMITTED_SENSITIVITY_INCLUDED,COARSE_GRID_LOCK_CANDIDATE,NONE,NONE,AUTHOR_APPROVED_KEEP_FULL_PRIMARY_20260831,1,1,0.25,0.25,0.25,47.8290656808831,0.0,3.8883257437697454,Urban__MID,1,CELL_AND_ENVIRONMENT
F1023_v50_D0127_P1__G31__ch5__nav_sage_v2__ingestion_20260825_event_path_v1__center_1188__mp_1,F1023_v50_D0127_P1__G31__ch5__nav_sage_v2__ingestion_20260825_event_path_v1__center_1188,F1023_v50_D0127_P1__G31__ch5__nav_sage_v2__ingestion_20260825_event_path_v1,F1023_v50_D0127_P1__G31__ch5__nav_sage_v2,F1023_v50_D0127_P1,G31,1188,62.5792102639296,2,1,1.4,53.8455530299648,-2.99856338524187,3,3,1,11100,2,1186;1187;1188,3,VALID,Urban,39,MID,valid,1,ALGTRACK_0334,4,0.25,1,PRIMARY_ADMITTED_SENSITIVITY_INCLUDED,FINE_GRID_QUANTIZED_VALID,NONE,NONE,AUTHOR_APPROVED_KEEP_FULL_PRIMARY_20260831,1,1,0.25,0.25,0.25,53.8455530299648,0.3364722366212129,4.004521108319886,Urban__MID,1,CELL_AND_ENVIRONMENT
F1023_v90_D0117_P7__G12__ch10__nav_sage_v2__ingestion_20260825_event_path_v1__center_56__mp_1,F1023_v90_D0117_P7__G12__ch10__nav_sage_v2__ingestion_20260825_event_path_v1__center_56,F1023_v90_D0117_P7__G12__ch10__nav_sage_v2__ingestion_20260825_event_path_v1,F1023_v90_D0117_P7__G12__ch10__nav_sage_v2,F1023_v90_D0117_P7,G12,56,30.2226476050831,4,1,1.3,54.6643020952852,-3.52518499614988,3,3,1,00111,2,56;57;58,3,VALID,Mountain/Valley,39,MID,valid,1,ALGTRACK_0340,3,0.3333333333333333,1,PRIMARY_ADMITTED_SENSITIVITY_INCLUDED,FINE_GRID_QUANTIZED_VALID,NONE,NONE,AUTHOR_APPROVED_KEEP_FULL_PRIMARY_20260831,1,1,0.3333333333333333,0.333333333333,1,54.6643020952852,0.26236426446749106,4.0193390455162525,Mountain/Valley__MID,1,CELL_AND_ENVIRONMENT
F1023_v90_D0117_P7__G12__ch10__nav_sage_v2__ingestion_20260825_event_path_v1__center_56__mp_2,F1023_v90_D0117_P7__G12__ch10__nav_sage_v2__ingestion_20260825_event_path_v1__center_56,F1023_v90_D0117_P7__G12__ch10__nav_sage_v2__ingestion_20260825_event_path_v1,F1023_v90_D0117_P7__G12__ch10__nav_sage_v2,F1023_v90_D0117_P7,G12,56,30.2226476050831,4,2,2.3,-45.3356979047148,-11.3031175900985,5,5,1,11111,2,54;55;56;57;58,5,VALID,Mountain/Valley,39,MID,valid,1,ALGTRACK_0341,3,0.3333333333333333,1,PRIMARY_ADMITTED_SENSITIVITY_INCLUDED,FINE_GRID_QUANTIZED_VALID,NONE,NONE,AUTHOR_APPROVED_KEEP_FULL_PRIMARY_20260831,1,1,0.3333333333333333,0.333333333333,1,45.3356979047148,0.8329091229351039,3.835912677075104,Mountain/Valley__MID,1,CELL_AND_ENVIRONMENT
F1023_v90_D0117_P7__G12__ch10__nav_sage_v2__ingestion_20260825_event_path_v1__center_56__mp_3,F1023_v90_D0117_P7__G12__ch10__nav_sage_v2__ingestion_20260825_event_path_v1__center_56,F1023_v90_D0117_P7__G12__ch10__nav_sage_v2__ingestion_20260825_event_path_v1,F1023_v90_D0117_P7__G12__ch10__nav_sage_v2,F1023_v90_D0117_P7,G12,56,30.2226476050831,4,3,3.3,104.664302095285,-17.25077097505,3,3,1,00111,2,56;57;58,3,VALID,Mountain/Valley,39,MID,valid,1,ALGTRACK_0342,3,0.3333333333333333,1,PRIMARY_ADMITTED_SENSITIVITY_INCLUDED,FINE_GRID_QUANTIZED_VALID,NONE,NONE,AUTHOR_APPROVED_KEEP_FULL_PRIMARY_20260831,1,1,0.3333333333333333,0.333333333333,1,104.664302095285,1.1939224684724346,4.660267107311642,Mountain/Valley__MID,1,CELL_AND_ENVIRONMENT
F1023_v90_D0117_P7__G12__ch10__nav_sage_v2__ingestion_20260825_event_path_v1__center_57__mp_1,F1023_v90_D0117_P7__G12__ch10__nav_sage_v2__ingestion_20260825_event_path_v1__center_57,F1023_v90_D0117_P7__G12__ch10__nav_sage_v2__ingestion_20260825_event_path_v1,F1023_v90_D0117_P7__G12__ch10__nav_sage_v2,F1023_v90_D0117_P7,G12,57,30.2426477028348,4,1,1.3,49.6643020952852,-3.44706916598334,3,3,1,01110,2,56;57;58,3,VALID,Mountain/Valley,39,MID,valid,1,ALGTRACK_0340,3,0.3333333333333333,1,PRIMARY_ADMITTED_SENSITIVITY_EXCLUDED,COARSE_GRID_LOCK_CANDIDATE,NONE,EXACT_FOUR_REPEATED_DOPPLER_MODE,AUTHOR_APPROVED_KEEP_FULL_PRIMARY_20260831,1,0,0.3333333333333333,0.333333333333,,49.6643020952852,0.26236426446749106,3.9252215619171245,Mountain/Valley__MID,1,CELL_AND_ENVIRONMENT
F1023_v90_D0117_P7__G12__ch10__nav_sage_v2__ingestion_20260825_event_path_v1__center_57__mp_2,F1023_v90_D0117_P7__G12__ch10__nav_sage_v2__ingestion_20260825_event_path_v1__center_57,F1023_v90_D0117_P7__G12__ch10__nav_sage_v2__ingestion_20260825_event_path_v1,F1023_v90_D0117_P7__G12__ch10__nav_sage_v2,F1023_v90_D0117_P7,G12,57,30.2426477028348,4,2,2.3,-50.3356979047148,-12.839791005066,4,4,1,11110,2,55;56;57;58,4,VALID,Mountain/Valley,39,MID,valid,1,ALGTRACK_0341,3,0.3333333333333333,1,PRIMARY_ADMITTED_SENSITIVITY_EXCLUDED,COARSE_GRID_LOCK_CANDIDATE,NONE,EXACT_FOUR_REPEATED_DOPPLER_MODE,AUTHOR_APPROVED_KEEP_FULL_PRIMARY_20260831,1,0,0.3333333333333333,0.333333333333,,50.3356979047148,0.8329091229351039,3.9383863757635083,Mountain/Valley__MID,1,CELL_AND_ENVIRONMENT
F1023_v90_D0117_P7__G12__ch10__nav_sage_v2__ingestion_20260825_event_path_v1__center_57__mp_3,F1023_v90_D0117_P7__G12__ch10__nav_sage_v2__ingestion_20260825_event_path_v1__center_57,F1023_v90_D0117_P7__G12__ch10__nav_sage_v2__ingestion_20260825_event_path_v1,F1023_v90_D0117_P7__G12__ch10__nav_sage_v2,F1023_v90_D0117_P7,G12,57,30.2426477028348,4,3,3.3,99.6643020952852,-15.6337022934313,3,3,1,01110,2,56;57;58,3,VALID,Mountain/Valley,39,MID,valid,1,ALGTRACK_0342,3,0.3333333333333333,1,PRIMARY_ADMITTED_SENSITIVITY_EXCLUDED,COARSE_GRID_LOCK_CANDIDATE,NONE,EXACT_FOUR_REPEATED_DOPPLER_MODE,AUTHOR_APPROVED_KEEP_FULL_PRIMARY_20260831,1,0,0.3333333333333333,0.333333333333,,99.6643020952852,1.1939224684724346,4.611791239311203,Mountain/Valley__MID,1,CELL_AND_ENVIRONMENT
F1023_v90_D0117_P7__G12__ch10__nav_sage_v2__ingestion_20260825_event_path_v1__center_58__mp_1,F1023_v90_D0117_P7__G12__ch10__nav_sage_v2__ingestion_20260825_event_path_v1__center_58,F1023_v90_D0117_P7__G12__ch10__nav_sage_v2__ingestion_20260825_event_path_v1,F1023_v90_D0117_P7__G12__ch10__nav_sage_v2,F1023_v90_D0117_P7,G12,58,30.2626478005865,4,1,1.2,49.6643020952852,-3.69096311186337,3,3,1,11100,2,56;57;58,3,VALID,Mountain/Valley,39,MID,valid,1,ALGTRACK_0340,3,0.3333333333333333,1,PRIMARY_ADMITTED_SENSITIVITY_EXCLUDED,COARSE_GRID_LOCK_CANDIDATE,NONE,EXACT_FOUR_REPEATED_DOPPLER_MODE,AUTHOR_APPROVED_KEEP_FULL_PRIMARY_20260831,1,0,0.3333333333333333,0.333333333333,,49.6643020952852,0.1823215567939546,3.9252215619171245,Mountain/Valley__MID,1,CELL_AND_ENVIRONMENT
F1023_v90_D0117_P7__G12__ch10__nav_sage_v2__ingestion_20260825_event_path_v1__center_58__mp_2,F1023_v90_D0117_P7__G12__ch10__nav_sage_v2__ingestion_20260825_event_path_v1__center_58,F1023_v90_D0117_P7__G12__ch10__nav_sage_v2__ingestion_20260825_event_path_v1,F1023_v90_D0117_P7__G12__ch10__nav_sage_v2,F1023_v90_D0117_P7,G12,58,30.2626478005865,4,2,2.2,-50.3356979047148,-11.9654652209042,3,3,1,11100,2,56;57;58,3,VALID,Mountain/Valley,39,MID,valid,1,ALGTRACK_0341,3,0.3333333333333333,1,PRIMARY_ADMITTED_SENSITIVITY_EXCLUDED,COARSE_GRID_LOCK_CANDIDATE,NONE,EXACT_FOUR_REPEATED_DOPPLER_MODE,AUTHOR_APPROVED_KEEP_FULL_PRIMARY_20260831,1,0,0.3333333333333333,0.333333333333,,50.3356979047148,0.7884573603642703,3.9383863757635083,Mountain/Valley__MID,1,CELL_AND_ENVIRONMENT
F1023_v90_D0117_P7__G12__ch10__nav_sage_v2__ingestion_20260825_event_path_v1__center_58__mp_3,F1023_v90_D0117_P7__G12__ch10__nav_sage_v2__ingestion_20260825_event_path_v1__center_58,F1023_v90_D0117_P7__G12__ch10__nav_sage_v2__ingestion_20260825_event_path_v1,F1023_v90_D0117_P7__G12__ch10__nav_sage_v2,F1023_v90_D0117_P7,G12,58,30.2626478005865,4,3,3.2,99.6643020952852,-14.1280885634927,3,3,1,11100,2,56;57;58,3,VALID,Mountain/Valley,39,MID,valid,1,ALGTRACK_0342,3,0.3333333333333333,1,PRIMARY_ADMITTED_SENSITIVITY_EXCLUDED,COARSE_GRID_LOCK_CANDIDATE,NONE,EXACT_FOUR_REPEATED_DOPPLER_MODE,AUTHOR_APPROVED_KEEP_FULL_PRIMARY_20260831,1,0,0.3333333333333333,0.333333333333,,99.6643020952852,1.1631508098056809,4.611791239311203,Mountain/Valley__MID,1,CELL_AND_ENVIRONMENT
F1023_v90_D0117_P7__G12__ch10__nav_sage_v2__ingestion_20260825_event_path_v1__center_82__mp_1,F1023_v90_D0117_P7__G12__ch10__nav_sage_v2__ingestion_20260825_event_path_v1__center_82,F1023_v90_D0117_P7__G12__ch10__nav_sage_v2__ingestion_20260825_event_path_v1,F1023_v90_D0117_P7__G12__ch10__nav_sage_v2,F1023_v90_D0117_P7,G12,82,30.7426502443793,3,1,1.3,49.6643020952852,-4.64029946709607,3,3,1,01110,2,81;82;83,3,VALID,Mountain/Valley,39,MID,valid,1,ALGTRACK_0343,1,1.0,1,PRIMARY_ADMITTED_SENSITIVITY_EXCLUDED,COARSE_GRID_LOCK_CANDIDATE,NONE,EXACT_FOUR_REPEATED_DOPPLER_MODE,AUTHOR_APPROVED_KEEP_FULL_PRIMARY_20260831,1,0,1.0,1,,49.6643020952852,0.26236426446749106,3.9252215619171245,Mountain/Valley__MID,1,CELL_AND_ENVIRONMENT
F1023_v90_D0117_P7__G12__ch10__nav_sage_v2__ingestion_20260825_event_path_v1__center_82__mp_2,F1023_v90_D0117_P7__G12__ch10__nav_sage_v2__ingestion_20260825_event_path_v1__center_82,F1023_v90_D0117_P7__G12__ch10__nav_sage_v2__ingestion_20260825_event_path_v1,F1023_v90_D0117_P7__G12__ch10__nav_sage_v2,F1023_v90_D0117_P7,G12,82,30.7426502443793,3,2,2.3,-50.3356979047148,-12.8889345442551,3,3,1,01110,2,81;82;83,3,VALID,Mountain/Valley,39,MID,valid,1,ALGTRACK_0344,1,1.0,1,PRIMARY_ADMITTED_SENSITIVITY_EXCLUDED,COARSE_GRID_LOCK_CANDIDATE,NONE,EXACT_FOUR_REPEATED_DOPPLER_MODE,AUTHOR_APPROVED_KEEP_FULL_PRIMARY_20260831,1,0,1.0,1,,50.3356979047148,0.8329091229351039,3.9383863757635083,Mountain/Valley__MID,1,CELL_AND_ENVIRONMENT
F1023_v90_D0117_P7__G25__ch0__nav_sage_v2__ingestion_20260825_event_path_v1__center_45__mp_1,F1023_v90_D0117_P7__G25__ch0__nav_sage_v2__ingestion_20260825_event_path_v1__center_45,F1023_v90_D0117_P7__G25__ch0__nav_sage_v2__ingestion_20260825_event_path_v1,F1023_v90_D0117_P7__G25__ch0__nav_sage_v2,F1023_v90_D0117_P7,G25,45,29.9952290322581,4,1,1,54.6643020952852,-3.64290901733079,3,3,1,00111,2,45;46;47,3,VALID,Mountain/Valley,80,HIGH,valid,1,ALGTRACK_0345,3,0.3333333333333333,1,PRIMARY_ADMITTED_SENSITIVITY_INCLUDED,FINE_GRID_QUANTIZED_VALID,NONE,NONE,AUTHOR_APPROVED_KEEP_FULL_PRIMARY_20260831,1,1,0.3333333333333333,0.333333333333,0.5,54.6643020952852,0.0,4.0193390455162525,Mountain/Valley__HIGH,1,CELL_AND_ENVIRONMENT
F1023_v90_D0117_P7__G25__ch0__nav_sage_v2__ingestion_20260825_event_path_v1__center_45__mp_2,F1023_v90_D0117_P7__G25__ch0__nav_sage_v2__ingestion_20260825_event_path_v1__center_45,F1023_v90_D0117_P7__G25__ch0__nav_sage_v2__ingestion_20260825_event_path_v1,F1023_v90_D0117_P7__G25__ch0__nav_sage_v2,F1023_v90_D0117_P7,G25,45,29.9952290322581,4,2,2,99.6643020952852,-10.6620408299052,3,3,1,00111,2,45;46;47,3,VALID,Mountain/Valley,80,HIGH,valid,1,ALGTRACK_0346,3,0.3333333333333333,1,PRIMARY_ADMITTED_SENSITIVITY_EXCLUDED,COARSE_GRID_LOCK_CANDIDATE,NONE,EXACT_FOUR_REPEATED_DOPPLER_MODE,AUTHOR_APPROVED_KEEP_FULL_PRIMARY_20260831,1,0,0.3333333333333333,0.333333333333,,99.6643020952852,0.6931471805599453,4.611791239311203,Mountain/Valley__HIGH,1,CELL_AND_ENVIRONMENT
F1023_v90_D0117_P7__G25__ch0__nav_sage_v2__ingestion_20260825_event_path_v1__center_45__mp_3,F1023_v90_D0117_P7__G25__ch0__nav_sage_v2__ingestion_20260825_event_path_v1__center_45,F1023_v90_D0117_P7__G25__ch0__nav_sage_v2__ingestion_20260825_event_path_v1,F1023_v90_D0117_P7__G25__ch0__nav_sage_v2,F1023_v90_D0117_P7,G25,45,29.9952290322581,4,3,3,-50.3356979047148,-13.0484164042928,3,3,1,00111,2,45;46;47,3,VALID,Mountain/Valley,80,HIGH,valid,1,ALGTRACK_0347,3,0.3333333333333333,1,PRIMARY_ADMITTED_SENSITIVITY_EXCLUDED,COARSE_GRID_LOCK_CANDIDATE,NONE,EXACT_FOUR_REPEATED_DOPPLER_MODE,AUTHOR_APPROVED_KEEP_FULL_PRIMARY_20260831,1,0,0.3333333333333333,0.333333333333,,50.3356979047148,1.0986122886681098,3.9383863757635083,Mountain/Valley__HIGH,1,CELL_AND_ENVIRONMENT
F1023_v90_D0117_P7__G25__ch0__nav_sage_v2__ingestion_20260825_event_path_v1__center_46__mp_1,F1023_v90_D0117_P7__G25__ch0__nav_sage_v2__ingestion_20260825_event_path_v1__center_46,F1023_v90_D0117_P7__G25__ch0__nav_sage_v2__ingestion_20260825_event_path_v1,F1023_v90_D0117_P7__G25__ch0__nav_sage_v2,F1023_v90_D0117_P7,G25,46,30.0152290322581,4,1,1.1,49.6643020952852,-3.69717104241162,3,3,1,01110,2,45;46;47,3,VALID,Mountain/Valley,80,HIGH,valid,1,ALGTRACK_0345,3,0.3333333333333333,1,PRIMARY_ADMITTED_SENSITIVITY_EXCLUDED,COARSE_GRID_LOCK_CANDIDATE,NONE,EXACT_FOUR_REPEATED_DOPPLER_MODE,AUTHOR_APPROVED_KEEP_FULL_PRIMARY_20260831,1,0,0.3333333333333333,0.333333333333,,49.6643020952852,0.09531017980432493,3.9252215619171245,Mountain/Valley__HIGH,1,CELL_AND_ENVIRONMENT
F1023_v90_D0117_P7__G25__ch0__nav_sage_v2__ingestion_20260825_event_path_v1__center_46__mp_2,F1023_v90_D0117_P7__G25__ch0__nav_sage_v2__ingestion_20260825_event_path_v1__center_46,F1023_v90_D0117_P7__G25__ch0__nav_sage_v2__ingestion_20260825_event_path_v1,F1023_v90_D0117_P7__G25__ch0__nav_sage_v2,F1023_v90_D0117_P7,G25,46,30.0152290322581,4,2,2.1,99.6643020952852,-12.4589319870012,3,3,1,01110,2,45;46;47,3,VALID,Mountain/Valley,80,HIGH,valid,1,ALGTRACK_0346,3,0.3333333333333333,1,PRIMARY_ADMITTED_SENSITIVITY_EXCLUDED,COARSE_GRID_LOCK_CANDIDATE,NONE,EXACT_FOUR_REPEATED_DOPPLER_MODE,AUTHOR_APPROVED_KEEP_FULL_PRIMARY_20260831,1,0,0.3333333333333333,0.333333333333,,99.6643020952852,0.7419373447293773,4.611791239311203,Mountain/Valley__HIGH,1,CELL_AND_ENVIRONMENT
F1023_v90_D0117_P7__G25__ch0__nav_sage_v2__ingestion_20260825_event_path_v1__center_46__mp_3,F1023_v90_D0117_P7__G25__ch0__nav_sage_v2__ingestion_20260825_event_path_v1__center_46,F1023_v90_D0117_P7__G25__ch0__nav_sage_v2__ingestion_20260825_event_path_v1,F1023_v90_D0117_P7__G25__ch0__nav_sage_v2,F1023_v90_D0117_P7,G25,46,30.0152290322581,4,3,3.1,-50.3356979047148,-15.1551821583411,3,3,1,01110,2,45;46;47,3,VALID,Mountain/Valley,80,HIGH,valid,1,ALGTRACK_0347,3,0.3333333333333333,1,PRIMARY_ADMITTED_SENSITIVITY_EXCLUDED,COARSE_GRID_LOCK_CANDIDATE,NONE,EXACT_FOUR_REPEATED_DOPPLER_MODE,AUTHOR_APPROVED_KEEP_FULL_PRIMARY_20260831,1,0,0.3333333333333333,0.333333333333,,50.3356979047148,1.1314021114911006,3.9383863757635083,Mountain/Valley__HIGH,1,CELL_AND_ENVIRONMENT
F1023_v90_D0117_P7__G25__ch0__nav_sage_v2__ingestion_20260825_event_path_v1__center_47__mp_1,F1023_v90_D0117_P7__G25__ch0__nav_sage_v2__ingestion_20260825_event_path_v1__center_47,F1023_v90_D0117_P7__G25__ch0__nav_sage_v2__ingestion_20260825_event_path_v1,F1023_v90_D0117_P7__G25__ch0__nav_sage_v2,F1023_v90_D0117_P7,G25,47,30.0352291300098,4,1,1.4,54.6643020952852,-5.46461149395772,3,3,1,11100,2,45;46;47,3,VALID,Mountain/Valley,80,HIGH,valid,1,ALGTRACK_0345,3,0.3333333333333333,1,PRIMARY_ADMITTED_SENSITIVITY_INCLUDED,FINE_GRID_QUANTIZED_VALID,NONE,NONE,AUTHOR_APPROVED_KEEP_FULL_PRIMARY_20260831,1,1,0.3333333333333333,0.333333333333,0.5,54.6643020952852,0.3364722366212129,4.0193390455162525,Mountain/Valley__HIGH,1,CELL_AND_ENVIRONMENT
F1023_v90_D0117_P7__G25__ch0__nav_sage_v2__ingestion_20260825_event_path_v1__center_47__mp_2,F1023_v90_D0117_P7__G25__ch0__nav_sage_v2__ingestion_20260825_event_path_v1__center_47,F1023_v90_D0117_P7__G25__ch0__nav_sage_v2__ingestion_20260825_event_path_v1,F1023_v90_D0117_P7__G25__ch0__nav_sage_v2,F1023_v90_D0117_P7,G25,47,30.0352291300098,4,2,2.4,-45.3356979047148,-11.903763710611,3,3,1,11100,2,45;46;47,3,VALID,Mountain/Valley,80,HIGH,valid,1,ALGTRACK_0346,3,0.3333333333333333,1,PRIMARY_ADMITTED_SENSITIVITY_INCLUDED,FINE_GRID_QUANTIZED_VALID,NONE,NONE,AUTHOR_APPROVED_KEEP_FULL_PRIMARY_20260831,1,1,0.3333333333333333,0.333333333333,1,45.3356979047148,0.8754687373538999,3.835912677075104,Mountain/Valley__HIGH,1,CELL_AND_ENVIRONMENT
F1023_v90_D0117_P7__G25__ch0__nav_sage_v2__ingestion_20260825_event_path_v1__center_47__mp_3,F1023_v90_D0117_P7__G25__ch0__nav_sage_v2__ingestion_20260825_event_path_v1__center_47,F1023_v90_D0117_P7__G25__ch0__nav_sage_v2__ingestion_20260825_event_path_v1,F1023_v90_D0117_P7__G25__ch0__nav_sage_v2,F1023_v90_D0117_P7,G25,47,30.0352291300098,4,3,3.4,99.6643020952852,-14.5883335855516,3,3,1,11100,2,45;46;47,3,VALID,Mountain/Valley,80,HIGH,valid,1,ALGTRACK_0347,3,0.3333333333333333,1,PRIMARY_ADMITTED_SENSITIVITY_EXCLUDED,COARSE_GRID_LOCK_CANDIDATE,NONE,EXACT_FOUR_REPEATED_DOPPLER_MODE,AUTHOR_APPROVED_KEEP_FULL_PRIMARY_20260831,1,0,0.3333333333333333,0.333333333333,,99.6643020952852,1.2237754316221157,4.611791239311203,Mountain/Valley__HIGH,1,CELL_AND_ENVIRONMENT
F1023_v90_D0117_P7__G25__ch0__nav_sage_v2__ingestion_20260825_event_path_v1__center_84__mp_1,F1023_v90_D0117_P7__G25__ch0__nav_sage_v2__ingestion_20260825_event_path_v1__center_84,F1023_v90_D0117_P7__G25__ch0__nav_sage_v2__ingestion_20260825_event_path_v1,F1023_v90_D0117_P7__G25__ch0__nav_sage_v2,F1023_v90_D0117_P7,G25,84,30.7752318670577,2,1,1.9,9.66430209528517,-14.0436925236094,3,3,1,11100,2,82;83;84,3,VALID,Mountain/Valley,80,HIGH,valid,1,ALGTRACK_0348,1,1.0,1,PRIMARY_ADMITTED_SENSITIVITY_INCLUDED,FINE_GRID_QUANTIZED_VALID,NONE,NONE,AUTHOR_APPROVED_KEEP_FULL_PRIMARY_20260831,1,1,1.0,1,1,9.66430209528517,0.6418538861723947,2.366901910990276,Mountain/Valley__HIGH,1,CELL_AND_ENVIRONMENT
F1023_v90_D0117_P7__G28__ch4__nav_sage_v2__ingestion_20260825_event_path_v1__center_7__mp_1,F1023_v90_D0117_P7__G28__ch4__nav_sage_v2__ingestion_20260825_event_path_v1__center_7,F1023_v90_D0117_P7__G28__ch4__nav_sage_v2__ingestion_20260825_event_path_v1,F1023_v90_D0117_P7__G28__ch4__nav_sage_v2,F1023_v90_D0117_P7,G28,7,59.2412134897361,3,1,1.1,-44.5318977072247,-1.75352653542186,3,3,1,00111,2,7;8;9,3,VALID,Mountain/Valley,49,MID,valid,1,ALGTRACK_0353,3,0.3333333333333333,1,PRIMARY_ADMITTED_SENSITIVITY_INCLUDED,FINE_GRID_QUANTIZED_VALID,NONE,NONE,AUTHOR_APPROVED_KEEP_FULL_PRIMARY_20260831,1,1,0.3333333333333333,0.333333333333,0.333333333333,44.5318977072247,0.09531017980432493,3.8184131288476184,Mountain/Valley__MID,1,CELL_AND_ENVIRONMENT
F1023_v90_D0117_P7__G28__ch4__nav_sage_v2__ingestion_20260825_event_path_v1__center_7__mp_2,F1023_v90_D0117_P7__G28__ch4__nav_sage_v2__ingestion_20260825_event_path_v1__center_7,F1023_v90_D0117_P7__G28__ch4__nav_sage_v2__ingestion_20260825_event_path_v1,F1023_v90_D0117_P7__G28__ch4__nav_sage_v2,F1023_v90_D0117_P7,G28,7,59.2412134897361,3,2,2.1,-89.5318977072247,-11.0175758215983,3,3,1,00111,2,7;8;9,3,VALID,Mountain/Valley,49,MID,valid,1,ALGTRACK_0354,3,0.3333333333333333,1,PRIMARY_ADMITTED_SENSITIVITY_INCLUDED,COARSE_GRID_LOCK_CANDIDATE,NONE,NONE,AUTHOR_APPROVED_KEEP_FULL_PRIMARY_20260831,1,1,0.3333333333333333,0.333333333333,0.333333333333,89.5318977072247,0.7419373447293773,4.505702249459457,Mountain/Valley__MID,1,CELL_AND_ENVIRONMENT
F1023_v90_D0117_P7__G28__ch4__nav_sage_v2__ingestion_20260825_event_path_v1__center_8__mp_1,F1023_v90_D0117_P7__G28__ch4__nav_sage_v2__ingestion_20260825_event_path_v1__center_8,F1023_v90_D0117_P7__G28__ch4__nav_sage_v2__ingestion_20260825_event_path_v1,F1023_v90_D0117_P7__G28__ch4__nav_sage_v2,F1023_v90_D0117_P7,G28,8,59.2612134897361,3,1,1.6,-44.8671222590056,-0.716535300895016,3,3,1,01110,2,7;8;9,3,VALID,Mountain/Valley,49,MID,valid,1,ALGTRACK_0353,3,0.3333333333333333,1,PRIMARY_ADMITTED_SENSITIVITY_INCLUDED,FINE_GRID_QUANTIZED_VALID,NONE,NONE,AUTHOR_APPROVED_KEEP_FULL_PRIMARY_20260831,1,1,0.3333333333333333,0.333333333333,0.333333333333,44.8671222590056,0.47000362924573563,3.8257485697543077,Mountain/Valley__MID,1,CELL_AND_ENVIRONMENT
F1023_v90_D0117_P7__G28__ch4__nav_sage_v2__ingestion_20260825_event_path_v1__center_8__mp_2,F1023_v90_D0117_P7__G28__ch4__nav_sage_v2__ingestion_20260825_event_path_v1__center_8,F1023_v90_D0117_P7__G28__ch4__nav_sage_v2__ingestion_20260825_event_path_v1,F1023_v90_D0117_P7__G28__ch4__nav_sage_v2,F1023_v90_D0117_P7,G28,8,59.2612134897361,3,2,2.6,-89.8671222590056,-13.2575169360566,3,3,1,01110,2,7;8;9,3,VALID,Mountain/Valley,49,MID,valid,1,ALGTRACK_0354,3,0.3333333333333333,1,PRIMARY_ADMITTED_SENSITIVITY_INCLUDED,COARSE_GRID_LOCK_CANDIDATE,NONE,NONE,AUTHOR_APPROVED_KEEP_FULL_PRIMARY_20260831,1,1,0.3333333333333333,0.333333333333,0.333333333333,89.8671222590056,0.9555114450274363,4.509398244437281,Mountain/Valley__MID,1,CELL_AND_ENVIRONMENT
F1023_v90_D0117_P7__G28__ch4__nav_sage_v2__ingestion_20260825_event_path_v1__center_9__mp_1,F1023_v90_D0117_P7__G28__ch4__nav_sage_v2__ingestion_20260825_event_path_v1__center_9,F1023_v90_D0117_P7__G28__ch4__nav_sage_v2__ingestion_20260825_event_path_v1,F1023_v90_D0117_P7__G28__ch4__nav_sage_v2,F1023_v90_D0117_P7,G28,9,59.2812135874878,3,1,1.2,-45.2023468107864,-0.949794133684303,3,3,1,11100,2,7;8;9,3,VALID,Mountain/Valley,49,MID,valid,1,ALGTRACK_0353,3,0.3333333333333333,1,PRIMARY_ADMITTED_SENSITIVITY_INCLUDED,FINE_GRID_QUANTIZED_VALID,NONE,NONE,AUTHOR_APPROVED_KEEP_FULL_PRIMARY_20260831,1,1,0.3333333333333333,0.333333333333,0.333333333333,45.2023468107864,0.1823215567939546,3.8330305935678495,Mountain/Valley__MID,1,CELL_AND_ENVIRONMENT
F1023_v90_D0117_P7__G28__ch4__nav_sage_v2__ingestion_20260825_event_path_v1__center_9__mp_2,F1023_v90_D0117_P7__G28__ch4__nav_sage_v2__ingestion_20260825_event_path_v1__center_9,F1023_v90_D0117_P7__G28__ch4__nav_sage_v2__ingestion_20260825_event_path_v1,F1023_v90_D0117_P7__G28__ch4__nav_sage_v2,F1023_v90_D0117_P7,G28,9,59.2812135874878,3,2,2.2,-90.2023468107864,-11.7163279077047,3,3,1,11100,2,7;8;9,3,VALID,Mountain/Valley,49,MID,valid,1,ALGTRACK_0354,3,0.3333333333333333,1,PRIMARY_ADMITTED_SENSITIVITY_INCLUDED,COARSE_GRID_LOCK_CANDIDATE,NONE,NONE,AUTHOR_APPROVED_KEEP_FULL_PRIMARY_20260831,1,1,0.3333333333333333,0.333333333333,0.333333333333,90.2023468107864,0.7884573603642703,4.513080629323621,Mountain/Valley__MID,1,CELL_AND_ENVIRONMENT
F1023_v90_D0117_P7__G28__ch4__nav_sage_v2__ingestion_20260825_event_path_v1__center_43__mp_1,F1023_v90_D0117_P7__G28__ch4__nav_sage_v2__ingestion_20260825_event_path_v1__center_43,F1023_v90_D0117_P7__G28__ch4__nav_sage_v2__ingestion_20260825_event_path_v1,F1023_v90_D0117_P7__G28__ch4__nav_sage_v2,F1023_v90_D0117_P7,G28,43,59.9612149560117,3,1,1.8,-51.5999815596197,-6.9122659017643,3,3,1,01110,2,42;43;44,3,VALID,Mountain/Valley,49,MID,valid,1,ALGTRACK_0349,1,1.0,1,PRIMARY_ADMITTED_SENSITIVITY_INCLUDED,COARSE_GRID_LOCK_CANDIDATE,NONE,NONE,AUTHOR_APPROVED_KEEP_FULL_PRIMARY_20260831,1,1,1.0,1,1,51.5999815596197,0.5877866649021191,3.9627157691660306,Mountain/Valley__MID,1,CELL_AND_ENVIRONMENT
F1023_v90_D0117_P7__G28__ch4__nav_sage_v2__ingestion_20260825_event_path_v1__center_43__mp_2,F1023_v90_D0117_P7__G28__ch4__nav_sage_v2__ingestion_20260825_event_path_v1__center_43,F1023_v90_D0117_P7__G28__ch4__nav_sage_v2__ingestion_20260825_event_path_v1,F1023_v90_D0117_P7__G28__ch4__nav_sage_v2,F1023_v90_D0117_P7,G28,43,59.9612149560117,3,2,2.8,48.4000184403803,-14.6745443048761,3,3,1,01110,2,42;43;44,3,VALID,Mountain/Valley,49,MID,valid,1,ALGTRACK_0350,1,1.0,1,PRIMARY_ADMITTED_SENSITIVITY_INCLUDED,COARSE_GRID_LOCK_CANDIDATE,NONE,NONE,AUTHOR_APPROVED_KEEP_FULL_PRIMARY_20260831,1,1,1.0,1,1,48.4000184403803,1.0296194171811581,3.899950797480858,Mountain/Valley__MID,1,CELL_AND_ENVIRONMENT
F1023_v90_D0117_P7__G28__ch4__nav_sage_v2__ingestion_20260825_event_path_v1__center_50__mp_1,F1023_v90_D0117_P7__G28__ch4__nav_sage_v2__ingestion_20260825_event_path_v1__center_50,F1023_v90_D0117_P7__G28__ch4__nav_sage_v2__ingestion_20260825_event_path_v1,F1023_v90_D0117_P7__G28__ch4__nav_sage_v2,F1023_v90_D0117_P7,G28,50,60.1012152492669,2,1,1.8,-53.9465534201331,-10.2560446957675,3,3,1,01110,2,49;50;51,3,VALID,Mountain/Valley,49,MID,valid,1,ALGTRACK_0351,1,1.0,1,PRIMARY_ADMITTED_SENSITIVITY_INCLUDED,COARSE_GRID_LOCK_CANDIDATE,NONE,NONE,AUTHOR_APPROVED_KEEP_FULL_PRIMARY_20260831,1,1,1.0,1,1,53.9465534201331,0.5877866649021191,4.0063609567739285,Mountain/Valley__MID,1,CELL_AND_ENVIRONMENT
F1023_v90_D0117_P7__G28__ch4__nav_sage_v2__ingestion_20260825_event_path_v1__center_74__mp_1,F1023_v90_D0117_P7__G28__ch4__nav_sage_v2__ingestion_20260825_event_path_v1__center_74,F1023_v90_D0117_P7__G28__ch4__nav_sage_v2__ingestion_20260825_event_path_v1,F1023_v90_D0117_P7__G28__ch4__nav_sage_v2,F1023_v90_D0117_P7,G28,74,60.581216226784,2,1,1.8,49.6643020952847,-6.14558160312737,3,3,1,00111,2,74;75;76,3,VALID,Mountain/Valley,49,MID,valid,1,ALGTRACK_0352,1,1.0,1,PRIMARY_ADMITTED_SENSITIVITY_EXCLUDED,COARSE_GRID_LOCK_CANDIDATE,NONE,EXACT_FOUR_REPEATED_DOPPLER_MODE,AUTHOR_APPROVED_KEEP_FULL_PRIMARY_20260831,1,0,1.0,1,,49.6643020952847,0.5877866649021191,3.9252215619171142,Mountain/Valley__MID,1,CELL_AND_ENVIRONMENT
F1023_v90_D0117_P7__G29__ch11__nav_sage_v2__ingestion_20260825_event_path_v1__center_199__mp_1,F1023_v90_D0117_P7__G29__ch11__nav_sage_v2__ingestion_20260825_event_path_v1__center_199,F1023_v90_D0117_P7__G29__ch11__nav_sage_v2__ingestion_20260825_event_path_v1,F1023_v90_D0117_P7__G29__ch11__nav_sage_v2,F1023_v90_D0117_P7,G29,199,33.0784352883675,3,1,1.8,-45.7852808672005,-2.8839144129319,3,3,1,11100,2,197;198;199,3,VALID,Mountain/Valley,65,HIGH,valid,1,ALGTRACK_0361,1,1.0,1,PRIMARY_ADMITTED_SENSITIVITY_INCLUDED,COARSE_GRID_LOCK_CANDIDATE,NONE,NONE,AUTHOR_APPROVED_KEEP_FULL_PRIMARY_20260831,1,1,1.0,1,1,45.7852808672005,0.5877866649021191,3.845568642069918,Mountain/Valley__HIGH,1,CELL_AND_ENVIRONMENT
F1023_v90_D0117_P7__G29__ch11__nav_sage_v2__ingestion_20260825_event_path_v1__center_199__mp_2,F1023_v90_D0117_P7__G29__ch11__nav_sage_v2__ingestion_20260825_event_path_v1__center_199,F1023_v90_D0117_P7__G29__ch11__nav_sage_v2__ingestion_20260825_event_path_v1,F1023_v90_D0117_P7__G29__ch11__nav_sage_v2,F1023_v90_D0117_P7,G29,199,33.0784352883675,3,2,2.8,54.2147191327995,-13.3242960506467,3,3,1,11100,2,197;198;199,3,VALID,Mountain/Valley,65,HIGH,valid,1,ALGTRACK_0362,1,1.0,1,PRIMARY_ADMITTED_SENSITIVITY_INCLUDED,COARSE_GRID_LOCK_CANDIDATE,NONE,NONE,AUTHOR_APPROVED_KEEP_FULL_PRIMARY_20260831,1,1,1.0,1,1,54.2147191327995,1.0296194171811581,4.011229568694515,Mountain/Valley__HIGH,1,CELL_AND_ENVIRONMENT
F1023_v90_D0117_P7__G29__ch11__nav_sage_v2__ingestion_20260825_event_path_v1__center_1518__mp_1,F1023_v90_D0117_P7__G29__ch11__nav_sage_v2__ingestion_20260825_event_path_v1__center_1518,F1023_v90_D0117_P7__G29__ch11__nav_sage_v2__ingestion_20260825_event_path_v1,F1023_v90_D0117_P7__G29__ch11__nav_sage_v2,F1023_v90_D0117_P7,G29,1518,59.4584942326491,2,1,1.6,-43.2193677729092,-1.99170640710932,3,3,1,11100,2,1516;1517;1518,3,VALID,Mountain/Valley,65,HIGH,valid,1,ALGTRACK_0355,1,1.0,1,PRIMARY_ADMITTED_SENSITIVITY_INCLUDED,COARSE_GRID_LOCK_CANDIDATE,NONE,NONE,AUTHOR_APPROVED_KEEP_FULL_PRIMARY_20260831,1,1,1.0,1,1,43.2193677729092,0.47000362924573563,3.7891628780161293,Mountain/Valley__HIGH,1,CELL_AND_ENVIRONMENT
F1023_v90_D0117_P7__G29__ch11__nav_sage_v2__ingestion_20260825_event_path_v1__center_1549__mp_1,F1023_v90_D0117_P7__G29__ch11__nav_sage_v2__ingestion_20260825_event_path_v1__center_1549,F1023_v90_D0117_P7__G29__ch11__nav_sage_v2__ingestion_20260825_event_path_v1,F1023_v90_D0117_P7__G29__ch11__nav_sage_v2,F1023_v90_D0117_P7,G29,1549,60.078495601173,3,1,1.3,-53.6113288683523,-7.43259489884354,3,3,1,00111,2,1549;1550;1551,3,VALID,Mountain/Valley,65,HIGH,valid,1,ALGTRACK_0356,2,0.5,1,PRIMARY_ADMITTED_SENSITIVITY_INCLUDED,COARSE_GRID_LOCK_CANDIDATE,NONE,NONE,AUTHOR_APPROVED_KEEP_FULL_PRIMARY_20260831,1,1,0.5,0.5,1,53.6113288683523,0.26236426446749106,4.000241349659473,Mountain/Valley__HIGH,1,CELL_AND_ENVIRONMENT
F1023_v90_D0117_P7__G29__ch11__nav_sage_v2__ingestion_20260825_event_path_v1__center_1549__mp_2,F1023_v90_D0117_P7__G29__ch11__nav_sage_v2__ingestion_20260825_event_path_v1__center_1549,F1023_v90_D0117_P7__G29__ch11__nav_sage_v2__ingestion_20260825_event_path_v1,F1023_v90_D0117_P7__G29__ch11__nav_sage_v2,F1023_v90_D0117_P7,G29,1549,60.078495601173,3,2,2.3,46.3886711316477,-12.1236206268893,3,3,1,00111,2,1549;1550;1551,3,VALID,Mountain/Valley,65,HIGH,valid,1,ALGTRACK_0357,2,0.5,1,PRIMARY_ADMITTED_SENSITIVITY_INCLUDED,COARSE_GRID_LOCK_CANDIDATE,NONE,NONE,AUTHOR_APPROVED_KEEP_FULL_PRIMARY_20260831,1,1,0.5,0.5,1,46.3886711316477,0.8329091229351039,3.858383194473185,Mountain/Valley__HIGH,1,CELL_AND_ENVIRONMENT
F1023_v90_D0117_P7__G29__ch11__nav_sage_v2__ingestion_20260825_event_path_v1__center_1551__mp_1,F1023_v90_D0117_P7__G29__ch11__nav_sage_v2__ingestion_20260825_event_path_v1__center_1551,F1023_v90_D0117_P7__G29__ch11__nav_sage_v2__ingestion_20260825_event_path_v1,F1023_v90_D0117_P7__G29__ch11__nav_sage_v2,F1023_v90_D0117_P7,G29,1551,60.1184956989247,3,1,1.5,49.6643020952847,-5.25477106996258,3,3,1,11100,2,1549;1550;1551,3,VALID,Mountain/Valley,65,HIGH,valid,1,ALGTRACK_0356,2,0.5,1,PRIMARY_ADMITTED_SENSITIVITY_EXCLUDED,COARSE_GRID_LOCK_CANDIDATE,NONE,EXACT_FOUR_REPEATED_DOPPLER_MODE,AUTHOR_APPROVED_KEEP_FULL_PRIMARY_20260831,1,0,0.5,0.5,,49.6643020952847,0.4054651081081644,3.9252215619171142,Mountain/Valley__HIGH,1,CELL_AND_ENVIRONMENT
F1023_v90_D0117_P7__G29__ch11__nav_sage_v2__ingestion_20260825_event_path_v1__center_1551__mp_2,F1023_v90_D0117_P7__G29__ch11__nav_sage_v2__ingestion_20260825_event_path_v1__center_1551,F1023_v90_D0117_P7__G29__ch11__nav_sage_v2__ingestion_20260825_event_path_v1,F1023_v90_D0117_P7__G29__ch11__nav_sage_v2,F1023_v90_D0117_P7,G29,1551,60.1184956989247,3,2,2.5,-50.3356979047153,-13.6698175147063,4,3,1,11101,2,1549;1550;1551;1553,4,VALID,Mountain/Valley,65,HIGH,valid,1,ALGTRACK_0357,2,0.5,1,PRIMARY_ADMITTED_SENSITIVITY_EXCLUDED,COARSE_GRID_LOCK_CANDIDATE,NONE,EXACT_FOUR_REPEATED_DOPPLER_MODE,AUTHOR_APPROVED_KEEP_FULL_PRIMARY_20260831,1,0,0.5,0.5,,50.3356979047153,0.9162907318741551,3.938386375763518,Mountain/Valley__HIGH,1,CELL_AND_ENVIRONMENT
F1023_v90_D0117_P7__G29__ch11__nav_sage_v2__ingestion_20260825_event_path_v1__center_1555__mp_1,F1023_v90_D0117_P7__G29__ch11__nav_sage_v2__ingestion_20260825_event_path_v1__center_1555,F1023_v90_D0117_P7__G29__ch11__nav_sage_v2__ingestion_20260825_event_path_v1,F1023_v90_D0117_P7__G29__ch11__nav_sage_v2,F1023_v90_D0117_P7,G29,1555,60.1984958944282,2,1,1.7,49.6643020952847,-6.25909825314127,3,3,1,01110,2,1554;1555;1556,3,VALID,Mountain/Valley,65,HIGH,valid,1,ALGTRACK_0358,1,1.0,1,PRIMARY_ADMITTED_SENSITIVITY_EXCLUDED,COARSE_GRID_LOCK_CANDIDATE,NONE,EXACT_FOUR_REPEATED_DOPPLER_MODE,AUTHOR_APPROVED_KEEP_FULL_PRIMARY_20260831,1,0,1.0,1,,49.6643020952847,0.5306282510621704,3.9252215619171142,Mountain/Valley__HIGH,1,CELL_AND_ENVIRONMENT
F1023_v90_D0117_P7__G29__ch11__nav_sage_v2__ingestion_20260825_event_path_v1__center_1581__mp_1,F1023_v90_D0117_P7__G29__ch11__nav_sage_v2__ingestion_20260825_event_path_v1__center_1581,F1023_v90_D0117_P7__G29__ch11__nav_sage_v2__ingestion_20260825_event_path_v1,F1023_v90_D0117_P7__G29__ch11__nav_sage_v2,F1023_v90_D0117_P7,G29,1581,60.7184970674487,3,1,1.9,49.6643020952847,-4.93189770001453,3,3,1,01110,2,1580;1581;1582,3,VALID,Mountain/Valley,65,HIGH,valid,1,ALGTRACK_0359,1,1.0,1,PRIMARY_ADMITTED_SENSITIVITY_EXCLUDED,COARSE_GRID_LOCK_CANDIDATE,NONE,EXACT_FOUR_REPEATED_DOPPLER_MODE,AUTHOR_APPROVED_KEEP_FULL_PRIMARY_20260831,1,0,1.0,1,,49.6643020952847,0.6418538861723947,3.9252215619171142,Mountain/Valley__HIGH,1,CELL_AND_ENVIRONMENT
F1023_v90_D0117_P7__G29__ch11__nav_sage_v2__ingestion_20260825_event_path_v1__center_1581__mp_2,F1023_v90_D0117_P7__G29__ch11__nav_sage_v2__ingestion_20260825_event_path_v1__center_1581,F1023_v90_D0117_P7__G29__ch11__nav_sage_v2__ingestion_20260825_event_path_v1,F1023_v90_D0117_P7__G29__ch11__nav_sage_v2,F1023_v90_D0117_P7,G29,1581,60.7184970674487,3,2,2.9,-50.3356979047153,-13.6130400999871,3,3,1,01110,2,1580;1581;1582,3,VALID,Mountain/Valley,65,HIGH,valid,1,ALGTRACK_0360,1,1.0,1,PRIMARY_ADMITTED_SENSITIVITY_EXCLUDED,COARSE_GRID_LOCK_CANDIDATE,NONE,EXACT_FOUR_REPEATED_DOPPLER_MODE,AUTHOR_APPROVED_KEEP_FULL_PRIMARY_20260831,1,0,1.0,1,,50.3356979047153,1.0647107369924282,3.938386375763518,Mountain/Valley__HIGH,1,CELL_AND_ENVIRONMENT
F1023_v90_D0117_P7__G32__ch5__nav_sage_v2__ingestion_20260825_event_path_v1__center_148__mp_1,F1023_v90_D0117_P7__G32__ch5__nav_sage_v2__ingestion_20260825_event_path_v1__center_148,F1023_v90_D0117_P7__G32__ch5__nav_sage_v2__ingestion_20260825_event_path_v1,F1023_v90_D0117_P7__G32__ch5__nav_sage_v2,F1023_v90_D0117_P7,G32,148,32.0672362658847,2,1,1.7,-37.7690886087375,-1.64034067734312,3,3,1,00111,2,148;149;150,3,VALID,Mountain/Valley,22,LOW,valid,1,ALGTRACK_0363,3,0.3333333333333333,1,PRIMARY_ADMITTED_SENSITIVITY_INCLUDED,COARSE_GRID_LOCK_CANDIDATE,NONE,NONE,AUTHOR_APPROVED_KEEP_FULL_PRIMARY_20260831,1,1,0.3333333333333333,0.333333333333,0.333333333333,37.7690886087375,0.5306282510621704,3.6576232437649887,Mountain/Valley__LOW,1,CELL_AND_ENVIRONMENT
F1023_v90_D0117_P7__G32__ch5__nav_sage_v2__ingestion_20260825_event_path_v1__center_149__mp_1,F1023_v90_D0117_P7__G32__ch5__nav_sage_v2__ingestion_20260825_event_path_v1__center_149,F1023_v90_D0117_P7__G32__ch5__nav_sage_v2__ingestion_20260825_event_path_v1,F1023_v90_D0117_P7__G32__ch5__nav_sage_v2,F1023_v90_D0117_P7,G32,149,32.0872362658847,2,1,2,-42.9756301874158,-0.996860939266856,3,3,1,01110,2,148;149;150,3,VALID,Mountain/Valley,22,LOW,valid,1,ALGTRACK_0363,3,0.3333333333333333,1,PRIMARY_ADMITTED_SENSITIVITY_INCLUDED,FINE_GRID_QUANTIZED_VALID,NONE,NONE,AUTHOR_APPROVED_KEEP_FULL_PRIMARY_20260831,1,1,0.3333333333333333,0.333333333333,0.333333333333,42.9756301874158,0.6931471805599453,3.7836356211045854,Mountain/Valley__LOW,1,CELL_AND_ENVIRONMENT
F1023_v90_D0117_P7__G32__ch5__nav_sage_v2__ingestion_20260825_event_path_v1__center_150__mp_1,F1023_v90_D0117_P7__G32__ch5__nav_sage_v2__ingestion_20260825_event_path_v1__center_150,F1023_v90_D0117_P7__G32__ch5__nav_sage_v2__ingestion_20260825_event_path_v1,F1023_v90_D0117_P7__G32__ch5__nav_sage_v2,F1023_v90_D0117_P7,G32,150,32.1072363636364,2,1,1.9,-38.1821717660932,-1.66550738970036,4,4,1,11110,2,148;149;150;151,4,VALID,Mountain/Valley,22,LOW,valid,1,ALGTRACK_0363,3,0.3333333333333333,1,PRIMARY_ADMITTED_SENSITIVITY_INCLUDED,COARSE_GRID_LOCK_CANDIDATE,NONE,NONE,AUTHOR_APPROVED_KEEP_FULL_PRIMARY_20260831,1,1,0.3333333333333333,0.333333333333,0.333333333333,38.1821717660932,0.6418538861723947,3.668221841457293,Mountain/Valley__LOW,1,CELL_AND_ENVIRONMENT
F1023_v90_D0117_P7__G32__ch5__nav_sage_v2__ingestion_20260825_event_path_v1__center_664__mp_1,F1023_v90_D0117_P7__G32__ch5__nav_sage_v2__ingestion_20260825_event_path_v1__center_664,F1023_v90_D0117_P7__G32__ch5__nav_sage_v2__ingestion_20260825_event_path_v1,F1023_v90_D0117_P7__G32__ch5__nav_sage_v2,F1023_v90_D0117_P7,G32,664,42.3872861192571,3,1,1.1,-50.3259514853107,-7.1275534967473,3,3,1,00111,2,664;665;666,3,VALID,Mountain/Valley,22,LOW,valid,1,ALGTRACK_0365,3,0.3333333333333333,1,PRIMARY_ADMITTED_SENSITIVITY_INCLUDED,COARSE_GRID_LOCK_CANDIDATE,NONE,NONE,AUTHOR_APPROVED_KEEP_FULL_PRIMARY_20260831,1,1,0.3333333333333333,0.333333333333,0.333333333333,50.3259514853107,0.09531017980432493,3.9381965011707796,Mountain/Valley__LOW,1,CELL_AND_ENVIRONMENT
F1023_v90_D0117_P7__G32__ch5__nav_sage_v2__ingestion_20260825_event_path_v1__center_664__mp_2,F1023_v90_D0117_P7__G32__ch5__nav_sage_v2__ingestion_20260825_event_path_v1__center_664,F1023_v90_D0117_P7__G32__ch5__nav_sage_v2__ingestion_20260825_event_path_v1,F1023_v90_D0117_P7__G32__ch5__nav_sage_v2,F1023_v90_D0117_P7,G32,664,42.3872861192571,3,2,2.1,49.6740485146893,-13.1043483724853,3,3,1,00111,2,664;665;666,3,VALID,Mountain/Valley,22,LOW,valid,1,ALGTRACK_0366,3,0.3333333333333333,1,PRIMARY_ADMITTED_SENSITIVITY_INCLUDED,COARSE_GRID_LOCK_CANDIDATE,NONE,NONE,AUTHOR_APPROVED_KEEP_FULL_PRIMARY_20260831,1,1,0.3333333333333333,0.333333333333,0.333333333333,49.6740485146893,0.7419373447293773,3.9254139159346404,Mountain/Valley__LOW,1,CELL_AND_ENVIRONMENT
F1023_v90_D0117_P7__G32__ch5__nav_sage_v2__ingestion_20260825_event_path_v1__center_665__mp_1,F1023_v90_D0117_P7__G32__ch5__nav_sage_v2__ingestion_20260825_event_path_v1__center_665,F1023_v90_D0117_P7__G32__ch5__nav_sage_v2__ingestion_20260825_event_path_v1,F1023_v90_D0117_P7__G32__ch5__nav_sage_v2,F1023_v90_D0117_P7,G32,665,42.4072862170088,3,1,1.2,-54.8360910919018,-3.7789144079831,3,3,1,01110,2,664;665;666,3,VALID,Mountain/Valley,22,LOW,valid,1,ALGTRACK_0365,3,0.3333333333333333,1,PRIMARY_ADMITTED_SENSITIVITY_INCLUDED,FINE_GRID_QUANTIZED_VALID,NONE,NONE,AUTHOR_APPROVED_KEEP_FULL_PRIMARY_20260831,1,1,0.3333333333333333,0.333333333333,0.333333333333,54.8360910919018,0.1823215567939546,4.022420454068011,Mountain/Valley__LOW,1,CELL_AND_ENVIRONMENT
F1023_v90_D0117_P7__G32__ch5__nav_sage_v2__ingestion_20260825_event_path_v1__center_665__mp_2,F1023_v90_D0117_P7__G32__ch5__nav_sage_v2__ingestion_20260825_event_path_v1__center_665,F1023_v90_D0117_P7__G32__ch5__nav_sage_v2__ingestion_20260825_event_path_v1,F1023_v90_D0117_P7__G32__ch5__nav_sage_v2,F1023_v90_D0117_P7,G32,665,42.4072862170088,3,2,2.2,45.1639089080982,-10.2162153884119,3,3,1,01110,2,664;665;666,3,VALID,Mountain/Valley,22,LOW,valid,1,ALGTRACK_0366,3,0.3333333333333333,1,PRIMARY_ADMITTED_SENSITIVITY_INCLUDED,FINE_GRID_QUANTIZED_VALID,NONE,NONE,AUTHOR_APPROVED_KEEP_FULL_PRIMARY_20260831,1,1,0.3333333333333333,0.333333333333,0.333333333333,45.1639089080982,0.7884573603642703,3.8321983003324487,Mountain/Valley__LOW,1,CELL_AND_ENVIRONMENT
F1023_v90_D0117_P7__G32__ch5__nav_sage_v2__ingestion_20260825_event_path_v1__center_666__mp_1,F1023_v90_D0117_P7__G32__ch5__nav_sage_v2__ingestion_20260825_event_path_v1__center_666,F1023_v90_D0117_P7__G32__ch5__nav_sage_v2__ingestion_20260825_event_path_v1,F1023_v90_D0117_P7__G32__ch5__nav_sage_v2,F1023_v90_D0117_P7,G32,666,42.4272863147605,3,1,1.1,-49.3462306984939,-5.02223368006372,3,3,1,11100,2,664;665;666,3,VALID,Mountain/Valley,22,LOW,valid,1,ALGTRACK_0365,3,0.3333333333333333,1,PRIMARY_ADMITTED_SENSITIVITY_INCLUDED,COARSE_GRID_LOCK_CANDIDATE,NONE,NONE,AUTHOR_APPROVED_KEEP_FULL_PRIMARY_20260831,1,1,0.3333333333333333,0.333333333333,0.333333333333,49.3462306984939,0.09531017980432493,3.9189237543661233,Mountain/Valley__LOW,1,CELL_AND_ENVIRONMENT
F1023_v90_D0117_P7__G32__ch5__nav_sage_v2__ingestion_20260825_event_path_v1__center_666__mp_2,F1023_v90_D0117_P7__G32__ch5__nav_sage_v2__ingestion_20260825_event_path_v1__center_666,F1023_v90_D0117_P7__G32__ch5__nav_sage_v2__ingestion_20260825_event_path_v1,F1023_v90_D0117_P7__G32__ch5__nav_sage_v2,F1023_v90_D0117_P7,G32,666,42.4272863147605,3,2,2.1,50.6537693015061,-11.528345032276,3,3,1,11100,2,664;665;666,3,VALID,Mountain/Valley,22,LOW,valid,1,ALGTRACK_0366,3,0.3333333333333333,1,PRIMARY_ADMITTED_SENSITIVITY_INCLUDED,COARSE_GRID_LOCK_CANDIDATE,NONE,NONE,AUTHOR_APPROVED_KEEP_FULL_PRIMARY_20260831,1,1,0.3333333333333333,0.333333333333,0.333333333333,50.6537693015061,0.7419373447293773,3.944563170666813,Mountain/Valley__LOW,1,CELL_AND_ENVIRONMENT
F1023_v90_D0117_P7__G32__ch5__nav_sage_v2__ingestion_20260825_event_path_v1__center_1542__mp_1,F1023_v90_D0117_P7__G32__ch5__nav_sage_v2__ingestion_20260825_event_path_v1__center_1542,F1023_v90_D0117_P7__G32__ch5__nav_sage_v2__ingestion_20260825_event_path_v1,F1023_v90_D0117_P7__G32__ch5__nav_sage_v2,F1023_v90_D0117_P7,G32,1542,59.9473713587488,2,1,1,48.7352429921611,-3.74206182261835,3,3,1,00111,2,1542;1543;1544,3,VALID,Mountain/Valley,22,LOW,valid,1,ALGTRACK_0364,3,0.3333333333333333,1,PRIMARY_ADMITTED_SENSITIVITY_INCLUDED,COARSE_GRID_LOCK_CANDIDATE,NONE,NONE,AUTHOR_APPROVED_KEEP_FULL_PRIMARY_20260831,1,1,0.3333333333333333,0.333333333333,0.333333333333,48.7352429921611,0.0,3.9067137963300733,Mountain/Valley__LOW,1,CELL_AND_ENVIRONMENT
F1023_v90_D0117_P7__G32__ch5__nav_sage_v2__ingestion_20260825_event_path_v1__center_1543__mp_1,F1023_v90_D0117_P7__G32__ch5__nav_sage_v2__ingestion_20260825_event_path_v1__center_1543,F1023_v90_D0117_P7__G32__ch5__nav_sage_v2__ingestion_20260825_event_path_v1,F1023_v90_D0117_P7__G32__ch5__nav_sage_v2,F1023_v90_D0117_P7,G32,1543,59.9673714565005,2,1,1,48.4000184403803,-3.18937424605802,3,3,1,01110,2,1542;1543;1544,3,VALID,Mountain/Valley,22,LOW,valid,1,ALGTRACK_0364,3,0.3333333333333333,1,PRIMARY_ADMITTED_SENSITIVITY_INCLUDED,COARSE_GRID_LOCK_CANDIDATE,NONE,NONE,AUTHOR_APPROVED_KEEP_FULL_PRIMARY_20260831,1,1,0.3333333333333333,0.333333333333,0.333333333333,48.4000184403803,0.0,3.899950797480858,Mountain/Valley__LOW,1,CELL_AND_ENVIRONMENT
F1023_v90_D0117_P7__G32__ch5__nav_sage_v2__ingestion_20260825_event_path_v1__center_1544__mp_1,F1023_v90_D0117_P7__G32__ch5__nav_sage_v2__ingestion_20260825_event_path_v1__center_1544,F1023_v90_D0117_P7__G32__ch5__nav_sage_v2__ingestion_20260825_event_path_v1,F1023_v90_D0117_P7__G32__ch5__nav_sage_v2,F1023_v90_D0117_P7,G32,1544,59.9873716520039,2,1,1.6,48.0647938885995,-4.32580824977387,3,3,1,11100,2,1542;1543;1544,3,VALID,Mountain/Valley,22,LOW,valid,1,ALGTRACK_0364,3,0.3333333333333333,1,PRIMARY_ADMITTED_SENSITIVITY_INCLUDED,COARSE_GRID_LOCK_CANDIDATE,NONE,NONE,AUTHOR_APPROVED_KEEP_FULL_PRIMARY_20260831,1,1,0.3333333333333333,0.333333333333,0.333333333333,48.0647938885995,0.47000362924573563,3.8931417488669884,Mountain/Valley__LOW,1,CELL_AND_ENVIRONMENT
