label_id,event_id,run_id,label_scope,label_value,label_source,label_rule_version,review_status,label_notes,modeling_eligibility,schema_version
F1023_v50_D0127_P1__G31__ch5__nav_sage_v2__ingestion_20260825_event_path_v1__event_964__rejected_candidate,F1023_v50_D0127_P1__G31__ch5__nav_sage_v2__ingestion_20260825_event_path_v1__event_964,F1023_v50_D0127_P1__G31__ch5__nav_sage_v2__ingestion_20260825_event_path_v1,event,rejected_candidate,stage4_rule,stage4-strict-confirmed-v1,algorithm_only,"strict Stage4 rule; zero multipath is rejected_candidate, not physical LOS",eligible_pending_modeling_qa,sage-event-path-db-v1
F1023_v50_D0127_P1__G31__ch5__nav_sage_v2__ingestion_20260825_event_path_v1__event_327__rejected_candidate,F1023_v50_D0127_P1__G31__ch5__nav_sage_v2__ingestion_20260825_event_path_v1__event_327,F1023_v50_D0127_P1__G31__ch5__nav_sage_v2__ingestion_20260825_event_path_v1,event,rejected_candidate,stage4_rule,stage4-strict-confirmed-v1,algorithm_only,"strict Stage4 rule; zero multipath is rejected_candidate, not physical LOS",eligible_pending_modeling_qa,sage-event-path-db-v1
F1023_v50_D0127_P1__G31__ch5__nav_sage_v2__ingestion_20260825_event_path_v1__event_329__rejected_candidate,F1023_v50_D0127_P1__G31__ch5__nav_sage_v2__ingestion_20260825_event_path_v1__event_329,F1023_v50_D0127_P1__G31__ch5__nav_sage_v2__ingestion_20260825_event_path_v1,event,rejected_candidate,stage4_rule,stage4-strict-confirmed-v1,algorithm_only,"strict Stage4 rule; zero multipath is rejected_candidate, not physical LOS",eligible_pending_modeling_qa,sage-event-path-db-v1
F1023_v50_D0127_P1__G31__ch5__nav_sage_v2__ingestion_20260825_event_path_v1__event_994__rejected_candidate,F1023_v50_D0127_P1__G31__ch5__nav_sage_v2__ingestion_20260825_event_path_v1__event_994,F1023_v50_D0127_P1__G31__ch5__nav_sage_v2__ingestion_20260825_event_path_v1,event,rejected_candidate,stage4_rule,stage4-strict-confirmed-v1,algorithm_only,"strict Stage4 rule; zero multipath is rejected_candidate, not physical LOS",eligible_pending_modeling_qa,sage-event-path-db-v1
F1023_v50_D0127_P1__G31__ch5__nav_sage_v2__ingestion_20260825_event_path_v1__event_1077__rejected_candidate,F1023_v50_D0127_P1__G31__ch5__nav_sage_v2__ingestion_20260825_event_path_v1__event_1077,F1023_v50_D0127_P1__G31__ch5__nav_sage_v2__ingestion_20260825_event_path_v1,event,rejected_candidate,stage4_rule,stage4-strict-confirmed-v1,algorithm_only,"strict Stage4 rule; zero multipath is rejected_candidate, not physical LOS",eligible_pending_modeling_qa,sage-event-path-db-v1
F1023_v50_D0127_P1__G31__ch5__nav_sage_v2__ingestion_20260825_event_path_v1__event_1078__rejected_candidate,F1023_v50_D0127_P1__G31__ch5__nav_sage_v2__ingestion_20260825_event_path_v1__event_1078,F1023_v50_D0127_P1__G31__ch5__nav_sage_v2__ingestion_20260825_event_path_v1,event,rejected_candidate,stage4_rule,stage4-strict-confirmed-v1,algorithm_only,"strict Stage4 rule; zero multipath is rejected_candidate, not physical LOS",eligible_pending_modeling_qa,sage-event-path-db-v1
F1023_v50_D0127_P1__G31__ch5__nav_sage_v2__ingestion_20260825_event_path_v1__event_1186__rejected_candidate,F1023_v50_D0127_P1__G31__ch5__nav_sage_v2__ingestion_20260825_event_path_v1__event_1186,F1023_v50_D0127_P1__G31__ch5__nav_sage_v2__ingestion_20260825_event_path_v1,event,rejected_candidate,stage4_rule,stage4-strict-confirmed-v1,algorithm_only,"strict Stage4 rule; zero multipath is rejected_candidate, not physical LOS",eligible_pending_modeling_qa,sage-event-path-db-v1
F1023_v50_D0127_P1__G31__ch5__nav_sage_v2__ingestion_20260825_event_path_v1__event_1187__rejected_candidate,F1023_v50_D0127_P1__G31__ch5__nav_sage_v2__ingestion_20260825_event_path_v1__event_1187,F1023_v50_D0127_P1__G31__ch5__nav_sage_v2__ingestion_20260825_event_path_v1,event,rejected_candidate,stage4_rule,stage4-strict-confirmed-v1,algorithm_only,"strict Stage4 rule; zero multipath is rejected_candidate, not physical LOS",eligible_pending_modeling_qa,sage-event-path-db-v1
F1023_V70_D0117_P4__G25__ch7__nav_sage_v2__ingestion_20260825_event_path_v1__event_348__rejected_candidate,F1023_V70_D0117_P4__G25__ch7__nav_sage_v2__ingestion_20260825_event_path_v1__event_348,F1023_V70_D0117_P4__G25__ch7__nav_sage_v2__ingestion_20260825_event_path_v1,event,rejected_candidate,stage4_rule,stage4-strict-confirmed-v1,algorithm_only,"strict Stage4 rule; zero multipath is rejected_candidate, not physical LOS",eligible_pending_modeling_qa,sage-event-path-db-v1
F1023_V70_D0117_P4__G25__ch7__nav_sage_v2__ingestion_20260825_event_path_v1__event_349__rejected_candidate,F1023_V70_D0117_P4__G25__ch7__nav_sage_v2__ingestion_20260825_event_path_v1__event_349,F1023_V70_D0117_P4__G25__ch7__nav_sage_v2__ingestion_20260825_event_path_v1,event,rejected_candidate,stage4_rule,stage4-strict-confirmed-v1,algorithm_only,"strict Stage4 rule; zero multipath is rejected_candidate, not physical LOS",eligible_pending_modeling_qa,sage-event-path-db-v1
F1023_V70_D0117_P4__G25__ch7__nav_sage_v2__ingestion_20260825_event_path_v1__event_347__confirmed_multipath,F1023_V70_D0117_P4__G25__ch7__nav_sage_v2__ingestion_20260825_event_path_v1__event_347,F1023_V70_D0117_P4__G25__ch7__nav_sage_v2__ingestion_20260825_event_path_v1,event,confirmed_multipath,stage4_rule,stage4-strict-confirmed-v1,algorithm_only,"strict Stage4 rule; zero multipath is rejected_candidate, not physical LOS",eligible_pending_modeling_qa,sage-event-path-db-v1
F1023_V70_D0117_P4__G25__ch7__nav_sage_v2__ingestion_20260825_event_path_v1__event_350__confirmed_multipath,F1023_V70_D0117_P4__G25__ch7__nav_sage_v2__ingestion_20260825_event_path_v1__event_350,F1023_V70_D0117_P4__G25__ch7__nav_sage_v2__ingestion_20260825_event_path_v1,event,confirmed_multipath,stage4_rule,stage4-strict-confirmed-v1,algorithm_only,"strict Stage4 rule; zero multipath is rejected_candidate, not physical LOS",eligible_pending_modeling_qa,sage-event-path-db-v1
F1023_V70_D0117_P4__G28__ch6__nav_sage_v2__ingestion_20260825_event_path_v1__event_557__rejected_candidate,F1023_V70_D0117_P4__G28__ch6__nav_sage_v2__ingestion_20260825_event_path_v1__event_557,F1023_V70_D0117_P4__G28__ch6__nav_sage_v2__ingestion_20260825_event_path_v1,event,rejected_candidate,stage4_rule,stage4-strict-confirmed-v1,algorithm_only,"strict Stage4 rule; zero multipath is rejected_candidate, not physical LOS",eligible_pending_modeling_qa,sage-event-path-db-v1
F1023_V70_D0117_P4__G28__ch6__nav_sage_v2__ingestion_20260825_event_path_v1__event_558__rejected_candidate,F1023_V70_D0117_P4__G28__ch6__nav_sage_v2__ingestion_20260825_event_path_v1__event_558,F1023_V70_D0117_P4__G28__ch6__nav_sage_v2__ingestion_20260825_event_path_v1,event,rejected_candidate,stage4_rule,stage4-strict-confirmed-v1,algorithm_only,"strict Stage4 rule; zero multipath is rejected_candidate, not physical LOS",eligible_pending_modeling_qa,sage-event-path-db-v1
F1023_V70_D0117_P4__G28__ch6__nav_sage_v2__ingestion_20260825_event_path_v1__event_18__rejected_candidate,F1023_V70_D0117_P4__G28__ch6__nav_sage_v2__ingestion_20260825_event_path_v1__event_18,F1023_V70_D0117_P4__G28__ch6__nav_sage_v2__ingestion_20260825_event_path_v1,event,rejected_candidate,stage4_rule,stage4-strict-confirmed-v1,algorithm_only,"strict Stage4 rule; zero multipath is rejected_candidate, not physical LOS",eligible_pending_modeling_qa,sage-event-path-db-v1
F1023_V70_D0117_P4__G28__ch6__nav_sage_v2__ingestion_20260825_event_path_v1__event_58__rejected_candidate,F1023_V70_D0117_P4__G28__ch6__nav_sage_v2__ingestion_20260825_event_path_v1__event_58,F1023_V70_D0117_P4__G28__ch6__nav_sage_v2__ingestion_20260825_event_path_v1,event,rejected_candidate,stage4_rule,stage4-strict-confirmed-v1,algorithm_only,"strict Stage4 rule; zero multipath is rejected_candidate, not physical LOS",eligible_pending_modeling_qa,sage-event-path-db-v1
F1023_V70_D0117_P4__G28__ch6__nav_sage_v2__ingestion_20260825_event_path_v1__event_409__rejected_candidate,F1023_V70_D0117_P4__G28__ch6__nav_sage_v2__ingestion_20260825_event_path_v1__event_409,F1023_V70_D0117_P4__G28__ch6__nav_sage_v2__ingestion_20260825_event_path_v1,event,rejected_candidate,stage4_rule,stage4-strict-confirmed-v1,algorithm_only,"strict Stage4 rule; zero multipath is rejected_candidate, not physical LOS",eligible_pending_modeling_qa,sage-event-path-db-v1
F1023_V70_D0117_P4__G28__ch6__nav_sage_v2__ingestion_20260825_event_path_v1__event_556__rejected_candidate,F1023_V70_D0117_P4__G28__ch6__nav_sage_v2__ingestion_20260825_event_path_v1__event_556,F1023_V70_D0117_P4__G28__ch6__nav_sage_v2__ingestion_20260825_event_path_v1,event,rejected_candidate,stage4_rule,stage4-strict-confirmed-v1,algorithm_only,"strict Stage4 rule; zero multipath is rejected_candidate, not physical LOS",eligible_pending_modeling_qa,sage-event-path-db-v1
F1023_V70_D0117_P4__G28__ch6__nav_sage_v2__ingestion_20260825_event_path_v1__event_559__rejected_candidate,F1023_V70_D0117_P4__G28__ch6__nav_sage_v2__ingestion_20260825_event_path_v1__event_559,F1023_V70_D0117_P4__G28__ch6__nav_sage_v2__ingestion_20260825_event_path_v1,event,rejected_candidate,stage4_rule,stage4-strict-confirmed-v1,algorithm_only,"strict Stage4 rule; zero multipath is rejected_candidate, not physical LOS",eligible_pending_modeling_qa,sage-event-path-db-v1
F1023_V70_D0117_P4__G29__ch9__nav_sage_v2__ingestion_20260825_event_path_v1__event_307__rejected_candidate,F1023_V70_D0117_P4__G29__ch9__nav_sage_v2__ingestion_20260825_event_path_v1__event_307,F1023_V70_D0117_P4__G29__ch9__nav_sage_v2__ingestion_20260825_event_path_v1,event,rejected_candidate,stage4_rule,stage4-strict-confirmed-v1,algorithm_only,"strict Stage4 rule; zero multipath is rejected_candidate, not physical LOS",eligible_pending_modeling_qa,sage-event-path-db-v1
F1023_V70_D0117_P4__G29__ch9__nav_sage_v2__ingestion_20260825_event_path_v1__event_308__rejected_candidate,F1023_V70_D0117_P4__G29__ch9__nav_sage_v2__ingestion_20260825_event_path_v1__event_308,F1023_V70_D0117_P4__G29__ch9__nav_sage_v2__ingestion_20260825_event_path_v1,event,rejected_candidate,stage4_rule,stage4-strict-confirmed-v1,algorithm_only,"strict Stage4 rule; zero multipath is rejected_candidate, not physical LOS",eligible_pending_modeling_qa,sage-event-path-db-v1
F1023_V70_D0117_P4__G29__ch9__nav_sage_v2__ingestion_20260825_event_path_v1__event_309__rejected_candidate,F1023_V70_D0117_P4__G29__ch9__nav_sage_v2__ingestion_20260825_event_path_v1__event_309,F1023_V70_D0117_P4__G29__ch9__nav_sage_v2__ingestion_20260825_event_path_v1,event,rejected_candidate,stage4_rule,stage4-strict-confirmed-v1,algorithm_only,"strict Stage4 rule; zero multipath is rejected_candidate, not physical LOS",eligible_pending_modeling_qa,sage-event-path-db-v1
F1023_V70_D0117_P4__G29__ch9__nav_sage_v2__ingestion_20260825_event_path_v1__event_347__rejected_candidate,F1023_V70_D0117_P4__G29__ch9__nav_sage_v2__ingestion_20260825_event_path_v1__event_347,F1023_V70_D0117_P4__G29__ch9__nav_sage_v2__ingestion_20260825_event_path_v1,event,rejected_candidate,stage4_rule,stage4-strict-confirmed-v1,algorithm_only,"strict Stage4 rule; zero multipath is rejected_candidate, not physical LOS",eligible_pending_modeling_qa,sage-event-path-db-v1
F1023_V70_D0117_P4__G29__ch9__nav_sage_v2__ingestion_20260825_event_path_v1__event_348__confirmed_multipath,F1023_V70_D0117_P4__G29__ch9__nav_sage_v2__ingestion_20260825_event_path_v1__event_348,F1023_V70_D0117_P4__G29__ch9__nav_sage_v2__ingestion_20260825_event_path_v1,event,confirmed_multipath,stage4_rule,stage4-strict-confirmed-v1,algorithm_only,"strict Stage4 rule; zero multipath is rejected_candidate, not physical LOS",eligible_pending_modeling_qa,sage-event-path-db-v1
F1023_V70_D0117_P4__G29__ch9__nav_sage_v2__ingestion_20260825_event_path_v1__event_349__rejected_candidate,F1023_V70_D0117_P4__G29__ch9__nav_sage_v2__ingestion_20260825_event_path_v1__event_349,F1023_V70_D0117_P4__G29__ch9__nav_sage_v2__ingestion_20260825_event_path_v1,event,rejected_candidate,stage4_rule,stage4-strict-confirmed-v1,algorithm_only,"strict Stage4 rule; zero multipath is rejected_candidate, not physical LOS",eligible_pending_modeling_qa,sage-event-path-db-v1
F1023_V70_D0117_P4__G29__ch9__nav_sage_v2__ingestion_20260825_event_path_v1__event_464__rejected_candidate,F1023_V70_D0117_P4__G29__ch9__nav_sage_v2__ingestion_20260825_event_path_v1__event_464,F1023_V70_D0117_P4__G29__ch9__nav_sage_v2__ingestion_20260825_event_path_v1,event,rejected_candidate,stage4_rule,stage4-strict-confirmed-v1,algorithm_only,"strict Stage4 rule; zero multipath is rejected_candidate, not physical LOS",eligible_pending_modeling_qa,sage-event-path-db-v1
F1023_V70_D0117_P4__G29__ch9__nav_sage_v2__ingestion_20260825_event_path_v1__event_465__rejected_candidate,F1023_V70_D0117_P4__G29__ch9__nav_sage_v2__ingestion_20260825_event_path_v1__event_465,F1023_V70_D0117_P4__G29__ch9__nav_sage_v2__ingestion_20260825_event_path_v1,event,rejected_candidate,stage4_rule,stage4-strict-confirmed-v1,algorithm_only,"strict Stage4 rule; zero multipath is rejected_candidate, not physical LOS",eligible_pending_modeling_qa,sage-event-path-db-v1
F1023_V70_D0117_P4__G31__ch1__nav_sage_v2__ingestion_20260825_event_path_v1__event_436__rejected_candidate,F1023_V70_D0117_P4__G31__ch1__nav_sage_v2__ingestion_20260825_event_path_v1__event_436,F1023_V70_D0117_P4__G31__ch1__nav_sage_v2__ingestion_20260825_event_path_v1,event,rejected_candidate,stage4_rule,stage4-strict-confirmed-v1,algorithm_only,"strict Stage4 rule; zero multipath is rejected_candidate, not physical LOS",eligible_pending_modeling_qa,sage-event-path-db-v1
F1023_V70_D0117_P4__G32__ch3__nav_sage_v2__ingestion_20260825_event_path_v1__event_57__rejected_candidate,F1023_V70_D0117_P4__G32__ch3__nav_sage_v2__ingestion_20260825_event_path_v1__event_57,F1023_V70_D0117_P4__G32__ch3__nav_sage_v2__ingestion_20260825_event_path_v1,event,rejected_candidate,stage4_rule,stage4-strict-confirmed-v1,algorithm_only,"strict Stage4 rule; zero multipath is rejected_candidate, not physical LOS",eligible_pending_modeling_qa,sage-event-path-db-v1
F1023_V70_D0117_P4__G32__ch3__nav_sage_v2__ingestion_20260825_event_path_v1__event_58__rejected_candidate,F1023_V70_D0117_P4__G32__ch3__nav_sage_v2__ingestion_20260825_event_path_v1__event_58,F1023_V70_D0117_P4__G32__ch3__nav_sage_v2__ingestion_20260825_event_path_v1,event,rejected_candidate,stage4_rule,stage4-strict-confirmed-v1,algorithm_only,"strict Stage4 rule; zero multipath is rejected_candidate, not physical LOS",eligible_pending_modeling_qa,sage-event-path-db-v1
F1023_V70_D0117_P4__G32__ch3__nav_sage_v2__ingestion_20260825_event_path_v1__event_275__rejected_candidate,F1023_V70_D0117_P4__G32__ch3__nav_sage_v2__ingestion_20260825_event_path_v1__event_275,F1023_V70_D0117_P4__G32__ch3__nav_sage_v2__ingestion_20260825_event_path_v1,event,rejected_candidate,stage4_rule,stage4-strict-confirmed-v1,algorithm_only,"strict Stage4 rule; zero multipath is rejected_candidate, not physical LOS",eligible_pending_modeling_qa,sage-event-path-db-v1
F1023_V70_D0117_P4__G32__ch3__nav_sage_v2__ingestion_20260825_event_path_v1__event_357__confirmed_multipath,F1023_V70_D0117_P4__G32__ch3__nav_sage_v2__ingestion_20260825_event_path_v1__event_357,F1023_V70_D0117_P4__G32__ch3__nav_sage_v2__ingestion_20260825_event_path_v1,event,confirmed_multipath,stage4_rule,stage4-strict-confirmed-v1,algorithm_only,"strict Stage4 rule; zero multipath is rejected_candidate, not physical LOS",eligible_pending_modeling_qa,sage-event-path-db-v1
F1023_V70_D0120_P1__G26__ch3__nav_sage_v2__ingestion_20260825_event_path_v1__event_76__confirmed_multipath,F1023_V70_D0120_P1__G26__ch3__nav_sage_v2__ingestion_20260825_event_path_v1__event_76,F1023_V70_D0120_P1__G26__ch3__nav_sage_v2__ingestion_20260825_event_path_v1,event,confirmed_multipath,stage4_rule,stage4-strict-confirmed-v1,algorithm_only,"strict Stage4 rule; zero multipath is rejected_candidate, not physical LOS",eligible_pending_modeling_qa,sage-event-path-db-v1
F1023_V70_D0120_P1__G26__ch3__nav_sage_v2__ingestion_20260825_event_path_v1__event_77__rejected_candidate,F1023_V70_D0120_P1__G26__ch3__nav_sage_v2__ingestion_20260825_event_path_v1__event_77,F1023_V70_D0120_P1__G26__ch3__nav_sage_v2__ingestion_20260825_event_path_v1,event,rejected_candidate,stage4_rule,stage4-strict-confirmed-v1,algorithm_only,"strict Stage4 rule; zero multipath is rejected_candidate, not physical LOS",eligible_pending_modeling_qa,sage-event-path-db-v1
F1023_V70_D0120_P1__G26__ch3__nav_sage_v2__ingestion_20260825_event_path_v1__event_78__confirmed_multipath,F1023_V70_D0120_P1__G26__ch3__nav_sage_v2__ingestion_20260825_event_path_v1__event_78,F1023_V70_D0120_P1__G26__ch3__nav_sage_v2__ingestion_20260825_event_path_v1,event,confirmed_multipath,stage4_rule,stage4-strict-confirmed-v1,algorithm_only,"strict Stage4 rule; zero multipath is rejected_candidate, not physical LOS",eligible_pending_modeling_qa,sage-event-path-db-v1
F1023_V70_D0120_P1__G26__ch3__nav_sage_v2__ingestion_20260825_event_path_v1__event_2581__rejected_candidate,F1023_V70_D0120_P1__G26__ch3__nav_sage_v2__ingestion_20260825_event_path_v1__event_2581,F1023_V70_D0120_P1__G26__ch3__nav_sage_v2__ingestion_20260825_event_path_v1,event,rejected_candidate,stage4_rule,stage4-strict-confirmed-v1,algorithm_only,"strict Stage4 rule; zero multipath is rejected_candidate, not physical LOS",eligible_pending_modeling_qa,sage-event-path-db-v1
F1023_V70_D0120_P1__G26__ch3__nav_sage_v2__ingestion_20260825_event_path_v1__event_2582__rejected_candidate,F1023_V70_D0120_P1__G26__ch3__nav_sage_v2__ingestion_20260825_event_path_v1__event_2582,F1023_V70_D0120_P1__G26__ch3__nav_sage_v2__ingestion_20260825_event_path_v1,event,rejected_candidate,stage4_rule,stage4-strict-confirmed-v1,algorithm_only,"strict Stage4 rule; zero multipath is rejected_candidate, not physical LOS",eligible_pending_modeling_qa,sage-event-path-db-v1
F1023_V70_D0120_P1__G26__ch3__nav_sage_v2__ingestion_20260825_event_path_v1__event_2583__rejected_candidate,F1023_V70_D0120_P1__G26__ch3__nav_sage_v2__ingestion_20260825_event_path_v1__event_2583,F1023_V70_D0120_P1__G26__ch3__nav_sage_v2__ingestion_20260825_event_path_v1,event,rejected_candidate,stage4_rule,stage4-strict-confirmed-v1,algorithm_only,"strict Stage4 rule; zero multipath is rejected_candidate, not physical LOS",eligible_pending_modeling_qa,sage-event-path-db-v1
F1023_V70_D0120_P1__G26__ch3__nav_sage_v2__ingestion_20260825_event_path_v1__event_597__rejected_candidate,F1023_V70_D0120_P1__G26__ch3__nav_sage_v2__ingestion_20260825_event_path_v1__event_597,F1023_V70_D0120_P1__G26__ch3__nav_sage_v2__ingestion_20260825_event_path_v1,event,rejected_candidate,stage4_rule,stage4-strict-confirmed-v1,algorithm_only,"strict Stage4 rule; zero multipath is rejected_candidate, not physical LOS",eligible_pending_modeling_qa,sage-event-path-db-v1
F1023_V70_D0120_P1__G26__ch3__nav_sage_v2__ingestion_20260825_event_path_v1__event_598__rejected_candidate,F1023_V70_D0120_P1__G26__ch3__nav_sage_v2__ingestion_20260825_event_path_v1__event_598,F1023_V70_D0120_P1__G26__ch3__nav_sage_v2__ingestion_20260825_event_path_v1,event,rejected_candidate,stage4_rule,stage4-strict-confirmed-v1,algorithm_only,"strict Stage4 rule; zero multipath is rejected_candidate, not physical LOS",eligible_pending_modeling_qa,sage-event-path-db-v1
F1023_V70_D0120_P1__G27__ch8__nav_sage_v2__ingestion_20260825_event_path_v1__event_429__rejected_candidate,F1023_V70_D0120_P1__G27__ch8__nav_sage_v2__ingestion_20260825_event_path_v1__event_429,F1023_V70_D0120_P1__G27__ch8__nav_sage_v2__ingestion_20260825_event_path_v1,event,rejected_candidate,stage4_rule,stage4-strict-confirmed-v1,algorithm_only,"strict Stage4 rule; zero multipath is rejected_candidate, not physical LOS",eligible_pending_modeling_qa,sage-event-path-db-v1
F1023_V70_D0120_P1__G27__ch8__nav_sage_v2__ingestion_20260825_event_path_v1__event_430__rejected_candidate,F1023_V70_D0120_P1__G27__ch8__nav_sage_v2__ingestion_20260825_event_path_v1__event_430,F1023_V70_D0120_P1__G27__ch8__nav_sage_v2__ingestion_20260825_event_path_v1,event,rejected_candidate,stage4_rule,stage4-strict-confirmed-v1,algorithm_only,"strict Stage4 rule; zero multipath is rejected_candidate, not physical LOS",eligible_pending_modeling_qa,sage-event-path-db-v1
F1023_V70_D0120_P1__G27__ch8__nav_sage_v2__ingestion_20260825_event_path_v1__event_431__rejected_candidate,F1023_V70_D0120_P1__G27__ch8__nav_sage_v2__ingestion_20260825_event_path_v1__event_431,F1023_V70_D0120_P1__G27__ch8__nav_sage_v2__ingestion_20260825_event_path_v1,event,rejected_candidate,stage4_rule,stage4-strict-confirmed-v1,algorithm_only,"strict Stage4 rule; zero multipath is rejected_candidate, not physical LOS",eligible_pending_modeling_qa,sage-event-path-db-v1
F1023_V70_D0120_P1__G29__ch5__nav_sage_v2__ingestion_20260825_event_path_v1__event_1216__rejected_candidate,F1023_V70_D0120_P1__G29__ch5__nav_sage_v2__ingestion_20260825_event_path_v1__event_1216,F1023_V70_D0120_P1__G29__ch5__nav_sage_v2__ingestion_20260825_event_path_v1,event,rejected_candidate,stage4_rule,stage4-strict-confirmed-v1,algorithm_only,"strict Stage4 rule; zero multipath is rejected_candidate, not physical LOS",eligible_pending_modeling_qa,sage-event-path-db-v1
F1023_V70_D0120_P1__G29__ch5__nav_sage_v2__ingestion_20260825_event_path_v1__event_1217__rejected_candidate,F1023_V70_D0120_P1__G29__ch5__nav_sage_v2__ingestion_20260825_event_path_v1__event_1217,F1023_V70_D0120_P1__G29__ch5__nav_sage_v2__ingestion_20260825_event_path_v1,event,rejected_candidate,stage4_rule,stage4-strict-confirmed-v1,algorithm_only,"strict Stage4 rule; zero multipath is rejected_candidate, not physical LOS",eligible_pending_modeling_qa,sage-event-path-db-v1
F1023_V70_D0120_P1__G29__ch5__nav_sage_v2__ingestion_20260825_event_path_v1__event_1218__confirmed_multipath,F1023_V70_D0120_P1__G29__ch5__nav_sage_v2__ingestion_20260825_event_path_v1__event_1218,F1023_V70_D0120_P1__G29__ch5__nav_sage_v2__ingestion_20260825_event_path_v1,event,confirmed_multipath,stage4_rule,stage4-strict-confirmed-v1,algorithm_only,"strict Stage4 rule; zero multipath is rejected_candidate, not physical LOS",eligible_pending_modeling_qa,sage-event-path-db-v1
F1023_V70_D0120_P1__G29__ch5__nav_sage_v2__ingestion_20260825_event_path_v1__event_1646__rejected_candidate,F1023_V70_D0120_P1__G29__ch5__nav_sage_v2__ingestion_20260825_event_path_v1__event_1646,F1023_V70_D0120_P1__G29__ch5__nav_sage_v2__ingestion_20260825_event_path_v1,event,rejected_candidate,stage4_rule,stage4-strict-confirmed-v1,algorithm_only,"strict Stage4 rule; zero multipath is rejected_candidate, not physical LOS",eligible_pending_modeling_qa,sage-event-path-db-v1
F1023_V70_D0120_P1__G29__ch5__nav_sage_v2__ingestion_20260825_event_path_v1__event_2098__rejected_candidate,F1023_V70_D0120_P1__G29__ch5__nav_sage_v2__ingestion_20260825_event_path_v1__event_2098,F1023_V70_D0120_P1__G29__ch5__nav_sage_v2__ingestion_20260825_event_path_v1,event,rejected_candidate,stage4_rule,stage4-strict-confirmed-v1,algorithm_only,"strict Stage4 rule; zero multipath is rejected_candidate, not physical LOS",eligible_pending_modeling_qa,sage-event-path-db-v1
F1023_V70_D0120_P1__G29__ch5__nav_sage_v2__ingestion_20260825_event_path_v1__event_2100__rejected_candidate,F1023_V70_D0120_P1__G29__ch5__nav_sage_v2__ingestion_20260825_event_path_v1__event_2100,F1023_V70_D0120_P1__G29__ch5__nav_sage_v2__ingestion_20260825_event_path_v1,event,rejected_candidate,stage4_rule,stage4-strict-confirmed-v1,algorithm_only,"strict Stage4 rule; zero multipath is rejected_candidate, not physical LOS",eligible_pending_modeling_qa,sage-event-path-db-v1
F1023_V70_D0120_P1__G29__ch5__nav_sage_v2__ingestion_20260825_event_path_v1__event_2593__confirmed_multipath,F1023_V70_D0120_P1__G29__ch5__nav_sage_v2__ingestion_20260825_event_path_v1__event_2593,F1023_V70_D0120_P1__G29__ch5__nav_sage_v2__ingestion_20260825_event_path_v1,event,confirmed_multipath,stage4_rule,stage4-strict-confirmed-v1,algorithm_only,"strict Stage4 rule; zero multipath is rejected_candidate, not physical LOS",eligible_pending_modeling_qa,sage-event-path-db-v1
F1023_V70_D0120_P1__G29__ch5__nav_sage_v2__ingestion_20260825_event_path_v1__event_2594__confirmed_multipath,F1023_V70_D0120_P1__G29__ch5__nav_sage_v2__ingestion_20260825_event_path_v1__event_2594,F1023_V70_D0120_P1__G29__ch5__nav_sage_v2__ingestion_20260825_event_path_v1,event,confirmed_multipath,stage4_rule,stage4-strict-confirmed-v1,algorithm_only,"strict Stage4 rule; zero multipath is rejected_candidate, not physical LOS",eligible_pending_modeling_qa,sage-event-path-db-v1
F1023_V70_D0120_P1__G31__ch9__nav_sage_v2__ingestion_20260825_event_path_v1__event_540__rejected_candidate,F1023_V70_D0120_P1__G31__ch9__nav_sage_v2__ingestion_20260825_event_path_v1__event_540,F1023_V70_D0120_P1__G31__ch9__nav_sage_v2__ingestion_20260825_event_path_v1,event,rejected_candidate,stage4_rule,stage4-strict-confirmed-v1,algorithm_only,"strict Stage4 rule; zero multipath is rejected_candidate, not physical LOS",eligible_pending_modeling_qa,sage-event-path-db-v1
F1023_V70_D0120_P1__G31__ch9__nav_sage_v2__ingestion_20260825_event_path_v1__event_783__rejected_candidate,F1023_V70_D0120_P1__G31__ch9__nav_sage_v2__ingestion_20260825_event_path_v1__event_783,F1023_V70_D0120_P1__G31__ch9__nav_sage_v2__ingestion_20260825_event_path_v1,event,rejected_candidate,stage4_rule,stage4-strict-confirmed-v1,algorithm_only,"strict Stage4 rule; zero multipath is rejected_candidate, not physical LOS",eligible_pending_modeling_qa,sage-event-path-db-v1
F1023_V70_D0120_P1__G31__ch9__nav_sage_v2__ingestion_20260825_event_path_v1__event_784__confirmed_multipath,F1023_V70_D0120_P1__G31__ch9__nav_sage_v2__ingestion_20260825_event_path_v1__event_784,F1023_V70_D0120_P1__G31__ch9__nav_sage_v2__ingestion_20260825_event_path_v1,event,confirmed_multipath,stage4_rule,stage4-strict-confirmed-v1,algorithm_only,"strict Stage4 rule; zero multipath is rejected_candidate, not physical LOS",eligible_pending_modeling_qa,sage-event-path-db-v1
F1023_V70_D0120_P1__G31__ch9__nav_sage_v2__ingestion_20260825_event_path_v1__event_785__rejected_candidate,F1023_V70_D0120_P1__G31__ch9__nav_sage_v2__ingestion_20260825_event_path_v1__event_785,F1023_V70_D0120_P1__G31__ch9__nav_sage_v2__ingestion_20260825_event_path_v1,event,rejected_candidate,stage4_rule,stage4-strict-confirmed-v1,algorithm_only,"strict Stage4 rule; zero multipath is rejected_candidate, not physical LOS",eligible_pending_modeling_qa,sage-event-path-db-v1
F1023_V70_D0120_P1__G31__ch9__nav_sage_v2__ingestion_20260825_event_path_v1__event_157__rejected_candidate,F1023_V70_D0120_P1__G31__ch9__nav_sage_v2__ingestion_20260825_event_path_v1__event_157,F1023_V70_D0120_P1__G31__ch9__nav_sage_v2__ingestion_20260825_event_path_v1,event,rejected_candidate,stage4_rule,stage4-strict-confirmed-v1,algorithm_only,"strict Stage4 rule; zero multipath is rejected_candidate, not physical LOS",eligible_pending_modeling_qa,sage-event-path-db-v1
F1023_V70_D0120_P1__G31__ch9__nav_sage_v2__ingestion_20260825_event_path_v1__event_469__confirmed_multipath,F1023_V70_D0120_P1__G31__ch9__nav_sage_v2__ingestion_20260825_event_path_v1__event_469,F1023_V70_D0120_P1__G31__ch9__nav_sage_v2__ingestion_20260825_event_path_v1,event,confirmed_multipath,stage4_rule,stage4-strict-confirmed-v1,algorithm_only,"strict Stage4 rule; zero multipath is rejected_candidate, not physical LOS",eligible_pending_modeling_qa,sage-event-path-db-v1
F1023_V70_D0120_P1__G31__ch9__nav_sage_v2__ingestion_20260825_event_path_v1__event_471__confirmed_multipath,F1023_V70_D0120_P1__G31__ch9__nav_sage_v2__ingestion_20260825_event_path_v1__event_471,F1023_V70_D0120_P1__G31__ch9__nav_sage_v2__ingestion_20260825_event_path_v1,event,confirmed_multipath,stage4_rule,stage4-strict-confirmed-v1,algorithm_only,"strict Stage4 rule; zero multipath is rejected_candidate, not physical LOS",eligible_pending_modeling_qa,sage-event-path-db-v1
F1023_V70_D0120_P1__G31__ch9__nav_sage_v2__ingestion_20260825_event_path_v1__event_594__confirmed_multipath,F1023_V70_D0120_P1__G31__ch9__nav_sage_v2__ingestion_20260825_event_path_v1__event_594,F1023_V70_D0120_P1__G31__ch9__nav_sage_v2__ingestion_20260825_event_path_v1,event,confirmed_multipath,stage4_rule,stage4-strict-confirmed-v1,algorithm_only,"strict Stage4 rule; zero multipath is rejected_candidate, not physical LOS",eligible_pending_modeling_qa,sage-event-path-db-v1
F1023_V70_D0120_P5__G18__ch2__nav_sage_v2__ingestion_20260825_event_path_v1__event_1086__rejected_candidate,F1023_V70_D0120_P5__G18__ch2__nav_sage_v2__ingestion_20260825_event_path_v1__event_1086,F1023_V70_D0120_P5__G18__ch2__nav_sage_v2__ingestion_20260825_event_path_v1,event,rejected_candidate,stage4_rule,stage4-strict-confirmed-v1,algorithm_only,"strict Stage4 rule; zero multipath is rejected_candidate, not physical LOS",eligible_pending_modeling_qa,sage-event-path-db-v1
F1023_V70_D0120_P5__G18__ch2__nav_sage_v2__ingestion_20260825_event_path_v1__event_1087__rejected_candidate,F1023_V70_D0120_P5__G18__ch2__nav_sage_v2__ingestion_20260825_event_path_v1__event_1087,F1023_V70_D0120_P5__G18__ch2__nav_sage_v2__ingestion_20260825_event_path_v1,event,rejected_candidate,stage4_rule,stage4-strict-confirmed-v1,algorithm_only,"strict Stage4 rule; zero multipath is rejected_candidate, not physical LOS",eligible_pending_modeling_qa,sage-event-path-db-v1
F1023_V70_D0120_P5__G18__ch2__nav_sage_v2__ingestion_20260825_event_path_v1__event_1088__rejected_candidate,F1023_V70_D0120_P5__G18__ch2__nav_sage_v2__ingestion_20260825_event_path_v1__event_1088,F1023_V70_D0120_P5__G18__ch2__nav_sage_v2__ingestion_20260825_event_path_v1,event,rejected_candidate,stage4_rule,stage4-strict-confirmed-v1,algorithm_only,"strict Stage4 rule; zero multipath is rejected_candidate, not physical LOS",eligible_pending_modeling_qa,sage-event-path-db-v1
F1023_V70_D0120_P5__G18__ch2__nav_sage_v2__ingestion_20260825_event_path_v1__event_874__confirmed_multipath,F1023_V70_D0120_P5__G18__ch2__nav_sage_v2__ingestion_20260825_event_path_v1__event_874,F1023_V70_D0120_P5__G18__ch2__nav_sage_v2__ingestion_20260825_event_path_v1,event,confirmed_multipath,stage4_rule,stage4-strict-confirmed-v1,algorithm_only,"strict Stage4 rule; zero multipath is rejected_candidate, not physical LOS",eligible_pending_modeling_qa,sage-event-path-db-v1
F1023_V70_D0120_P5__G23__ch0__nav_sage_v2__ingestion_20260825_event_path_v1__event_178__rejected_candidate,F1023_V70_D0120_P5__G23__ch0__nav_sage_v2__ingestion_20260825_event_path_v1__event_178,F1023_V70_D0120_P5__G23__ch0__nav_sage_v2__ingestion_20260825_event_path_v1,event,rejected_candidate,stage4_rule,stage4-strict-confirmed-v1,algorithm_only,"strict Stage4 rule; zero multipath is rejected_candidate, not physical LOS",eligible_pending_modeling_qa,sage-event-path-db-v1
F1023_V70_D0120_P5__G23__ch0__nav_sage_v2__ingestion_20260825_event_path_v1__event_16__rejected_candidate,F1023_V70_D0120_P5__G23__ch0__nav_sage_v2__ingestion_20260825_event_path_v1__event_16,F1023_V70_D0120_P5__G23__ch0__nav_sage_v2__ingestion_20260825_event_path_v1,event,rejected_candidate,stage4_rule,stage4-strict-confirmed-v1,algorithm_only,"strict Stage4 rule; zero multipath is rejected_candidate, not physical LOS",eligible_pending_modeling_qa,sage-event-path-db-v1
F1023_V70_D0120_P5__G23__ch0__nav_sage_v2__ingestion_20260825_event_path_v1__event_17__rejected_candidate,F1023_V70_D0120_P5__G23__ch0__nav_sage_v2__ingestion_20260825_event_path_v1__event_17,F1023_V70_D0120_P5__G23__ch0__nav_sage_v2__ingestion_20260825_event_path_v1,event,rejected_candidate,stage4_rule,stage4-strict-confirmed-v1,algorithm_only,"strict Stage4 rule; zero multipath is rejected_candidate, not physical LOS",eligible_pending_modeling_qa,sage-event-path-db-v1
F1023_V70_D0120_P5__G23__ch0__nav_sage_v2__ingestion_20260825_event_path_v1__event_18__rejected_candidate,F1023_V70_D0120_P5__G23__ch0__nav_sage_v2__ingestion_20260825_event_path_v1__event_18,F1023_V70_D0120_P5__G23__ch0__nav_sage_v2__ingestion_20260825_event_path_v1,event,rejected_candidate,stage4_rule,stage4-strict-confirmed-v1,algorithm_only,"strict Stage4 rule; zero multipath is rejected_candidate, not physical LOS",eligible_pending_modeling_qa,sage-event-path-db-v1
F1023_V70_D0120_P5__G23__ch0__nav_sage_v2__ingestion_20260825_event_path_v1__event_65__rejected_candidate,F1023_V70_D0120_P5__G23__ch0__nav_sage_v2__ingestion_20260825_event_path_v1__event_65,F1023_V70_D0120_P5__G23__ch0__nav_sage_v2__ingestion_20260825_event_path_v1,event,rejected_candidate,stage4_rule,stage4-strict-confirmed-v1,algorithm_only,"strict Stage4 rule; zero multipath is rejected_candidate, not physical LOS",eligible_pending_modeling_qa,sage-event-path-db-v1
F1023_V70_D0120_P5__G23__ch0__nav_sage_v2__ingestion_20260825_event_path_v1__event_66__rejected_candidate,F1023_V70_D0120_P5__G23__ch0__nav_sage_v2__ingestion_20260825_event_path_v1__event_66,F1023_V70_D0120_P5__G23__ch0__nav_sage_v2__ingestion_20260825_event_path_v1,event,rejected_candidate,stage4_rule,stage4-strict-confirmed-v1,algorithm_only,"strict Stage4 rule; zero multipath is rejected_candidate, not physical LOS",eligible_pending_modeling_qa,sage-event-path-db-v1
F1023_V70_D0120_P5__G23__ch0__nav_sage_v2__ingestion_20260825_event_path_v1__event_67__rejected_candidate,F1023_V70_D0120_P5__G23__ch0__nav_sage_v2__ingestion_20260825_event_path_v1__event_67,F1023_V70_D0120_P5__G23__ch0__nav_sage_v2__ingestion_20260825_event_path_v1,event,rejected_candidate,stage4_rule,stage4-strict-confirmed-v1,algorithm_only,"strict Stage4 rule; zero multipath is rejected_candidate, not physical LOS",eligible_pending_modeling_qa,sage-event-path-db-v1
F1023_V70_D0120_P5__G23__ch0__nav_sage_v2__ingestion_20260825_event_path_v1__event_84__rejected_candidate,F1023_V70_D0120_P5__G23__ch0__nav_sage_v2__ingestion_20260825_event_path_v1__event_84,F1023_V70_D0120_P5__G23__ch0__nav_sage_v2__ingestion_20260825_event_path_v1,event,rejected_candidate,stage4_rule,stage4-strict-confirmed-v1,algorithm_only,"strict Stage4 rule; zero multipath is rejected_candidate, not physical LOS",eligible_pending_modeling_qa,sage-event-path-db-v1
F1023_V70_D0120_P5__G26__ch7__nav_sage_v2__ingestion_20260825_event_path_v1__event_122__rejected_candidate,F1023_V70_D0120_P5__G26__ch7__nav_sage_v2__ingestion_20260825_event_path_v1__event_122,F1023_V70_D0120_P5__G26__ch7__nav_sage_v2__ingestion_20260825_event_path_v1,event,rejected_candidate,stage4_rule,stage4-strict-confirmed-v1,algorithm_only,"strict Stage4 rule; zero multipath is rejected_candidate, not physical LOS",eligible_pending_modeling_qa,sage-event-path-db-v1
F1023_V70_D0120_P5__G26__ch7__nav_sage_v2__ingestion_20260825_event_path_v1__event_123__rejected_candidate,F1023_V70_D0120_P5__G26__ch7__nav_sage_v2__ingestion_20260825_event_path_v1__event_123,F1023_V70_D0120_P5__G26__ch7__nav_sage_v2__ingestion_20260825_event_path_v1,event,rejected_candidate,stage4_rule,stage4-strict-confirmed-v1,algorithm_only,"strict Stage4 rule; zero multipath is rejected_candidate, not physical LOS",eligible_pending_modeling_qa,sage-event-path-db-v1
F1023_V70_D0120_P5__G26__ch7__nav_sage_v2__ingestion_20260825_event_path_v1__event_121__rejected_candidate,F1023_V70_D0120_P5__G26__ch7__nav_sage_v2__ingestion_20260825_event_path_v1__event_121,F1023_V70_D0120_P5__G26__ch7__nav_sage_v2__ingestion_20260825_event_path_v1,event,rejected_candidate,stage4_rule,stage4-strict-confirmed-v1,algorithm_only,"strict Stage4 rule; zero multipath is rejected_candidate, not physical LOS",eligible_pending_modeling_qa,sage-event-path-db-v1
F1023_V70_D0120_P5__G26__ch7__nav_sage_v2__ingestion_20260825_event_path_v1__event_124__confirmed_multipath,F1023_V70_D0120_P5__G26__ch7__nav_sage_v2__ingestion_20260825_event_path_v1__event_124,F1023_V70_D0120_P5__G26__ch7__nav_sage_v2__ingestion_20260825_event_path_v1,event,confirmed_multipath,stage4_rule,stage4-strict-confirmed-v1,algorithm_only,"strict Stage4 rule; zero multipath is rejected_candidate, not physical LOS",eligible_pending_modeling_qa,sage-event-path-db-v1
F1023_V70_D0120_P5__G26__ch7__nav_sage_v2__ingestion_20260825_event_path_v1__event_136__rejected_candidate,F1023_V70_D0120_P5__G26__ch7__nav_sage_v2__ingestion_20260825_event_path_v1__event_136,F1023_V70_D0120_P5__G26__ch7__nav_sage_v2__ingestion_20260825_event_path_v1,event,rejected_candidate,stage4_rule,stage4-strict-confirmed-v1,algorithm_only,"strict Stage4 rule; zero multipath is rejected_candidate, not physical LOS",eligible_pending_modeling_qa,sage-event-path-db-v1
F1023_V70_D0120_P5__G26__ch7__nav_sage_v2__ingestion_20260825_event_path_v1__event_137__rejected_candidate,F1023_V70_D0120_P5__G26__ch7__nav_sage_v2__ingestion_20260825_event_path_v1__event_137,F1023_V70_D0120_P5__G26__ch7__nav_sage_v2__ingestion_20260825_event_path_v1,event,rejected_candidate,stage4_rule,stage4-strict-confirmed-v1,algorithm_only,"strict Stage4 rule; zero multipath is rejected_candidate, not physical LOS",eligible_pending_modeling_qa,sage-event-path-db-v1
F1023_V70_D0120_P5__G26__ch7__nav_sage_v2__ingestion_20260825_event_path_v1__event_138__rejected_candidate,F1023_V70_D0120_P5__G26__ch7__nav_sage_v2__ingestion_20260825_event_path_v1__event_138,F1023_V70_D0120_P5__G26__ch7__nav_sage_v2__ingestion_20260825_event_path_v1,event,rejected_candidate,stage4_rule,stage4-strict-confirmed-v1,algorithm_only,"strict Stage4 rule; zero multipath is rejected_candidate, not physical LOS",eligible_pending_modeling_qa,sage-event-path-db-v1
F1023_V70_D0120_P5__G26__ch7__nav_sage_v2__ingestion_20260825_event_path_v1__event_286__confirmed_multipath,F1023_V70_D0120_P5__G26__ch7__nav_sage_v2__ingestion_20260825_event_path_v1__event_286,F1023_V70_D0120_P5__G26__ch7__nav_sage_v2__ingestion_20260825_event_path_v1,event,confirmed_multipath,stage4_rule,stage4-strict-confirmed-v1,algorithm_only,"strict Stage4 rule; zero multipath is rejected_candidate, not physical LOS",eligible_pending_modeling_qa,sage-event-path-db-v1
F1023_V70_D0120_P7__G18__ch4__nav_sage_v2__ingestion_20260825_event_path_v1__event_145__rejected_candidate,F1023_V70_D0120_P7__G18__ch4__nav_sage_v2__ingestion_20260825_event_path_v1__event_145,F1023_V70_D0120_P7__G18__ch4__nav_sage_v2__ingestion_20260825_event_path_v1,event,rejected_candidate,stage4_rule,stage4-strict-confirmed-v1,algorithm_only,"strict Stage4 rule; zero multipath is rejected_candidate, not physical LOS",eligible_pending_modeling_qa,sage-event-path-db-v1
F1023_V70_D0120_P7__G18__ch4__nav_sage_v2__ingestion_20260825_event_path_v1__event_352__rejected_candidate,F1023_V70_D0120_P7__G18__ch4__nav_sage_v2__ingestion_20260825_event_path_v1__event_352,F1023_V70_D0120_P7__G18__ch4__nav_sage_v2__ingestion_20260825_event_path_v1,event,rejected_candidate,stage4_rule,stage4-strict-confirmed-v1,algorithm_only,"strict Stage4 rule; zero multipath is rejected_candidate, not physical LOS",eligible_pending_modeling_qa,sage-event-path-db-v1
F1023_V70_D0120_P7__G18__ch4__nav_sage_v2__ingestion_20260825_event_path_v1__event_982__rejected_candidate,F1023_V70_D0120_P7__G18__ch4__nav_sage_v2__ingestion_20260825_event_path_v1__event_982,F1023_V70_D0120_P7__G18__ch4__nav_sage_v2__ingestion_20260825_event_path_v1,event,rejected_candidate,stage4_rule,stage4-strict-confirmed-v1,algorithm_only,"strict Stage4 rule; zero multipath is rejected_candidate, not physical LOS",eligible_pending_modeling_qa,sage-event-path-db-v1
F1023_V70_D0120_P7__G18__ch4__nav_sage_v2__ingestion_20260825_event_path_v1__event_84__confirmed_multipath,F1023_V70_D0120_P7__G18__ch4__nav_sage_v2__ingestion_20260825_event_path_v1__event_84,F1023_V70_D0120_P7__G18__ch4__nav_sage_v2__ingestion_20260825_event_path_v1,event,confirmed_multipath,stage4_rule,stage4-strict-confirmed-v1,algorithm_only,"strict Stage4 rule; zero multipath is rejected_candidate, not physical LOS",eligible_pending_modeling_qa,sage-event-path-db-v1
F1023_V70_D0120_P7__G18__ch4__nav_sage_v2__ingestion_20260825_event_path_v1__event_350__rejected_candidate,F1023_V70_D0120_P7__G18__ch4__nav_sage_v2__ingestion_20260825_event_path_v1__event_350,F1023_V70_D0120_P7__G18__ch4__nav_sage_v2__ingestion_20260825_event_path_v1,event,rejected_candidate,stage4_rule,stage4-strict-confirmed-v1,algorithm_only,"strict Stage4 rule; zero multipath is rejected_candidate, not physical LOS",eligible_pending_modeling_qa,sage-event-path-db-v1
F1023_V70_D0120_P7__G18__ch4__nav_sage_v2__ingestion_20260825_event_path_v1__event_417__confirmed_multipath,F1023_V70_D0120_P7__G18__ch4__nav_sage_v2__ingestion_20260825_event_path_v1__event_417,F1023_V70_D0120_P7__G18__ch4__nav_sage_v2__ingestion_20260825_event_path_v1,event,confirmed_multipath,stage4_rule,stage4-strict-confirmed-v1,algorithm_only,"strict Stage4 rule; zero multipath is rejected_candidate, not physical LOS",eligible_pending_modeling_qa,sage-event-path-db-v1
F1023_V70_D0120_P7__G18__ch4__nav_sage_v2__ingestion_20260825_event_path_v1__event_2197__rejected_candidate,F1023_V70_D0120_P7__G18__ch4__nav_sage_v2__ingestion_20260825_event_path_v1__event_2197,F1023_V70_D0120_P7__G18__ch4__nav_sage_v2__ingestion_20260825_event_path_v1,event,rejected_candidate,stage4_rule,stage4-strict-confirmed-v1,algorithm_only,"strict Stage4 rule; zero multipath is rejected_candidate, not physical LOS",eligible_pending_modeling_qa,sage-event-path-db-v1
F1023_V70_D0120_P7__G26__ch6__nav_sage_v2__ingestion_20260825_event_path_v1__event_421__rejected_candidate,F1023_V70_D0120_P7__G26__ch6__nav_sage_v2__ingestion_20260825_event_path_v1__event_421,F1023_V70_D0120_P7__G26__ch6__nav_sage_v2__ingestion_20260825_event_path_v1,event,rejected_candidate,stage4_rule,stage4-strict-confirmed-v1,algorithm_only,"strict Stage4 rule; zero multipath is rejected_candidate, not physical LOS",eligible_pending_modeling_qa,sage-event-path-db-v1
F1023_V70_D0120_P7__G26__ch6__nav_sage_v2__ingestion_20260825_event_path_v1__event_957__rejected_candidate,F1023_V70_D0120_P7__G26__ch6__nav_sage_v2__ingestion_20260825_event_path_v1__event_957,F1023_V70_D0120_P7__G26__ch6__nav_sage_v2__ingestion_20260825_event_path_v1,event,rejected_candidate,stage4_rule,stage4-strict-confirmed-v1,algorithm_only,"strict Stage4 rule; zero multipath is rejected_candidate, not physical LOS",eligible_pending_modeling_qa,sage-event-path-db-v1
F1023_V70_D0120_P7__G26__ch6__nav_sage_v2__ingestion_20260825_event_path_v1__event_958__rejected_candidate,F1023_V70_D0120_P7__G26__ch6__nav_sage_v2__ingestion_20260825_event_path_v1__event_958,F1023_V70_D0120_P7__G26__ch6__nav_sage_v2__ingestion_20260825_event_path_v1,event,rejected_candidate,stage4_rule,stage4-strict-confirmed-v1,algorithm_only,"strict Stage4 rule; zero multipath is rejected_candidate, not physical LOS",eligible_pending_modeling_qa,sage-event-path-db-v1
F1023_V70_D0120_P7__G26__ch6__nav_sage_v2__ingestion_20260825_event_path_v1__event_959__rejected_candidate,F1023_V70_D0120_P7__G26__ch6__nav_sage_v2__ingestion_20260825_event_path_v1__event_959,F1023_V70_D0120_P7__G26__ch6__nav_sage_v2__ingestion_20260825_event_path_v1,event,rejected_candidate,stage4_rule,stage4-strict-confirmed-v1,algorithm_only,"strict Stage4 rule; zero multipath is rejected_candidate, not physical LOS",eligible_pending_modeling_qa,sage-event-path-db-v1
F1023_V70_D0120_P7__G26__ch6__nav_sage_v2__ingestion_20260825_event_path_v1__event_939__rejected_candidate,F1023_V70_D0120_P7__G26__ch6__nav_sage_v2__ingestion_20260825_event_path_v1__event_939,F1023_V70_D0120_P7__G26__ch6__nav_sage_v2__ingestion_20260825_event_path_v1,event,rejected_candidate,stage4_rule,stage4-strict-confirmed-v1,algorithm_only,"strict Stage4 rule; zero multipath is rejected_candidate, not physical LOS",eligible_pending_modeling_qa,sage-event-path-db-v1
F1023_V70_D0120_P7__G26__ch6__nav_sage_v2__ingestion_20260825_event_path_v1__event_956__rejected_candidate,F1023_V70_D0120_P7__G26__ch6__nav_sage_v2__ingestion_20260825_event_path_v1__event_956,F1023_V70_D0120_P7__G26__ch6__nav_sage_v2__ingestion_20260825_event_path_v1,event,rejected_candidate,stage4_rule,stage4-strict-confirmed-v1,algorithm_only,"strict Stage4 rule; zero multipath is rejected_candidate, not physical LOS",eligible_pending_modeling_qa,sage-event-path-db-v1
F1023_V70_D0120_P7__G31__ch8__nav_sage_v2__ingestion_20260825_event_path_v1__event_74__confirmed_multipath,F1023_V70_D0120_P7__G31__ch8__nav_sage_v2__ingestion_20260825_event_path_v1__event_74,F1023_V70_D0120_P7__G31__ch8__nav_sage_v2__ingestion_20260825_event_path_v1,event,confirmed_multipath,stage4_rule,stage4-strict-confirmed-v1,algorithm_only,"strict Stage4 rule; zero multipath is rejected_candidate, not physical LOS",eligible_pending_modeling_qa,sage-event-path-db-v1
F1023_V70_D0120_P7__G31__ch8__nav_sage_v2__ingestion_20260825_event_path_v1__event_75__confirmed_multipath,F1023_V70_D0120_P7__G31__ch8__nav_sage_v2__ingestion_20260825_event_path_v1__event_75,F1023_V70_D0120_P7__G31__ch8__nav_sage_v2__ingestion_20260825_event_path_v1,event,confirmed_multipath,stage4_rule,stage4-strict-confirmed-v1,algorithm_only,"strict Stage4 rule; zero multipath is rejected_candidate, not physical LOS",eligible_pending_modeling_qa,sage-event-path-db-v1
F1023_V70_D0120_P7__G31__ch8__nav_sage_v2__ingestion_20260825_event_path_v1__event_73__rejected_candidate,F1023_V70_D0120_P7__G31__ch8__nav_sage_v2__ingestion_20260825_event_path_v1__event_73,F1023_V70_D0120_P7__G31__ch8__nav_sage_v2__ingestion_20260825_event_path_v1,event,rejected_candidate,stage4_rule,stage4-strict-confirmed-v1,algorithm_only,"strict Stage4 rule; zero multipath is rejected_candidate, not physical LOS",eligible_pending_modeling_qa,sage-event-path-db-v1
F1023_V70_D0120_P7__G31__ch8__nav_sage_v2__ingestion_20260825_event_path_v1__event_76__confirmed_multipath,F1023_V70_D0120_P7__G31__ch8__nav_sage_v2__ingestion_20260825_event_path_v1__event_76,F1023_V70_D0120_P7__G31__ch8__nav_sage_v2__ingestion_20260825_event_path_v1,event,confirmed_multipath,stage4_rule,stage4-strict-confirmed-v1,algorithm_only,"strict Stage4 rule; zero multipath is rejected_candidate, not physical LOS",eligible_pending_modeling_qa,sage-event-path-db-v1
F1023_V70_D0120_P7__G31__ch8__nav_sage_v2__ingestion_20260825_event_path_v1__event_2093__confirmed_multipath,F1023_V70_D0120_P7__G31__ch8__nav_sage_v2__ingestion_20260825_event_path_v1__event_2093,F1023_V70_D0120_P7__G31__ch8__nav_sage_v2__ingestion_20260825_event_path_v1,event,confirmed_multipath,stage4_rule,stage4-strict-confirmed-v1,algorithm_only,"strict Stage4 rule; zero multipath is rejected_candidate, not physical LOS",eligible_pending_modeling_qa,sage-event-path-db-v1
F1023_V70_D0120_P7__G31__ch8__nav_sage_v2__ingestion_20260825_event_path_v1__event_432__confirmed_multipath,F1023_V70_D0120_P7__G31__ch8__nav_sage_v2__ingestion_20260825_event_path_v1__event_432,F1023_V70_D0120_P7__G31__ch8__nav_sage_v2__ingestion_20260825_event_path_v1,event,confirmed_multipath,stage4_rule,stage4-strict-confirmed-v1,algorithm_only,"strict Stage4 rule; zero multipath is rejected_candidate, not physical LOS",eligible_pending_modeling_qa,sage-event-path-db-v1
F1023_V70_D0120_P7__G31__ch8__nav_sage_v2__ingestion_20260825_event_path_v1__event_957__rejected_candidate,F1023_V70_D0120_P7__G31__ch8__nav_sage_v2__ingestion_20260825_event_path_v1__event_957,F1023_V70_D0120_P7__G31__ch8__nav_sage_v2__ingestion_20260825_event_path_v1,event,rejected_candidate,stage4_rule,stage4-strict-confirmed-v1,algorithm_only,"strict Stage4 rule; zero multipath is rejected_candidate, not physical LOS",eligible_pending_modeling_qa,sage-event-path-db-v1
F1023_V70_D0120_P7__G31__ch8__nav_sage_v2__ingestion_20260825_event_path_v1__event_958__rejected_candidate,F1023_V70_D0120_P7__G31__ch8__nav_sage_v2__ingestion_20260825_event_path_v1__event_958,F1023_V70_D0120_P7__G31__ch8__nav_sage_v2__ingestion_20260825_event_path_v1,event,rejected_candidate,stage4_rule,stage4-strict-confirmed-v1,algorithm_only,"strict Stage4 rule; zero multipath is rejected_candidate, not physical LOS",eligible_pending_modeling_qa,sage-event-path-db-v1
F1023_V70_D0120_P8__G16__ch4__nav_sage_v2__ingestion_20260825_event_path_v1__event_97__rejected_candidate,F1023_V70_D0120_P8__G16__ch4__nav_sage_v2__ingestion_20260825_event_path_v1__event_97,F1023_V70_D0120_P8__G16__ch4__nav_sage_v2__ingestion_20260825_event_path_v1,event,rejected_candidate,stage4_rule,stage4-strict-confirmed-v1,algorithm_only,"strict Stage4 rule; zero multipath is rejected_candidate, not physical LOS",eligible_pending_modeling_qa,sage-event-path-db-v1
F1023_V70_D0120_P8__G16__ch4__nav_sage_v2__ingestion_20260825_event_path_v1__event_98__rejected_candidate,F1023_V70_D0120_P8__G16__ch4__nav_sage_v2__ingestion_20260825_event_path_v1__event_98,F1023_V70_D0120_P8__G16__ch4__nav_sage_v2__ingestion_20260825_event_path_v1,event,rejected_candidate,stage4_rule,stage4-strict-confirmed-v1,algorithm_only,"strict Stage4 rule; zero multipath is rejected_candidate, not physical LOS",eligible_pending_modeling_qa,sage-event-path-db-v1
F1023_V70_D0120_P8__G16__ch4__nav_sage_v2__ingestion_20260825_event_path_v1__event_221__rejected_candidate,F1023_V70_D0120_P8__G16__ch4__nav_sage_v2__ingestion_20260825_event_path_v1__event_221,F1023_V70_D0120_P8__G16__ch4__nav_sage_v2__ingestion_20260825_event_path_v1,event,rejected_candidate,stage4_rule,stage4-strict-confirmed-v1,algorithm_only,"strict Stage4 rule; zero multipath is rejected_candidate, not physical LOS",eligible_pending_modeling_qa,sage-event-path-db-v1
F1023_V70_D0120_P8__G16__ch4__nav_sage_v2__ingestion_20260825_event_path_v1__event_222__rejected_candidate,F1023_V70_D0120_P8__G16__ch4__nav_sage_v2__ingestion_20260825_event_path_v1__event_222,F1023_V70_D0120_P8__G16__ch4__nav_sage_v2__ingestion_20260825_event_path_v1,event,rejected_candidate,stage4_rule,stage4-strict-confirmed-v1,algorithm_only,"strict Stage4 rule; zero multipath is rejected_candidate, not physical LOS",eligible_pending_modeling_qa,sage-event-path-db-v1
F1023_V70_D0120_P8__G16__ch4__nav_sage_v2__ingestion_20260825_event_path_v1__event_419__rejected_candidate,F1023_V70_D0120_P8__G16__ch4__nav_sage_v2__ingestion_20260825_event_path_v1__event_419,F1023_V70_D0120_P8__G16__ch4__nav_sage_v2__ingestion_20260825_event_path_v1,event,rejected_candidate,stage4_rule,stage4-strict-confirmed-v1,algorithm_only,"strict Stage4 rule; zero multipath is rejected_candidate, not physical LOS",eligible_pending_modeling_qa,sage-event-path-db-v1
F1023_V70_D0120_P8__G16__ch4__nav_sage_v2__ingestion_20260825_event_path_v1__event_420__rejected_candidate,F1023_V70_D0120_P8__G16__ch4__nav_sage_v2__ingestion_20260825_event_path_v1__event_420,F1023_V70_D0120_P8__G16__ch4__nav_sage_v2__ingestion_20260825_event_path_v1,event,rejected_candidate,stage4_rule,stage4-strict-confirmed-v1,algorithm_only,"strict Stage4 rule; zero multipath is rejected_candidate, not physical LOS",eligible_pending_modeling_qa,sage-event-path-db-v1
F1023_V70_D0120_P8__G16__ch4__nav_sage_v2__ingestion_20260825_event_path_v1__event_91__rejected_candidate,F1023_V70_D0120_P8__G16__ch4__nav_sage_v2__ingestion_20260825_event_path_v1__event_91,F1023_V70_D0120_P8__G16__ch4__nav_sage_v2__ingestion_20260825_event_path_v1,event,rejected_candidate,stage4_rule,stage4-strict-confirmed-v1,algorithm_only,"strict Stage4 rule; zero multipath is rejected_candidate, not physical LOS",eligible_pending_modeling_qa,sage-event-path-db-v1
F1023_V70_D0120_P8__G16__ch4__nav_sage_v2__ingestion_20260825_event_path_v1__event_92__rejected_candidate,F1023_V70_D0120_P8__G16__ch4__nav_sage_v2__ingestion_20260825_event_path_v1__event_92,F1023_V70_D0120_P8__G16__ch4__nav_sage_v2__ingestion_20260825_event_path_v1,event,rejected_candidate,stage4_rule,stage4-strict-confirmed-v1,algorithm_only,"strict Stage4 rule; zero multipath is rejected_candidate, not physical LOS",eligible_pending_modeling_qa,sage-event-path-db-v1
F1023_V70_D0120_P8__G18__ch9__nav_sage_v2__ingestion_20260825_event_path_v1__event_259__rejected_candidate,F1023_V70_D0120_P8__G18__ch9__nav_sage_v2__ingestion_20260825_event_path_v1__event_259,F1023_V70_D0120_P8__G18__ch9__nav_sage_v2__ingestion_20260825_event_path_v1,event,rejected_candidate,stage4_rule,stage4-strict-confirmed-v1,algorithm_only,"strict Stage4 rule; zero multipath is rejected_candidate, not physical LOS",eligible_pending_modeling_qa,sage-event-path-db-v1
F1023_V70_D0120_P8__G18__ch9__nav_sage_v2__ingestion_20260825_event_path_v1__event_261__rejected_candidate,F1023_V70_D0120_P8__G18__ch9__nav_sage_v2__ingestion_20260825_event_path_v1__event_261,F1023_V70_D0120_P8__G18__ch9__nav_sage_v2__ingestion_20260825_event_path_v1,event,rejected_candidate,stage4_rule,stage4-strict-confirmed-v1,algorithm_only,"strict Stage4 rule; zero multipath is rejected_candidate, not physical LOS",eligible_pending_modeling_qa,sage-event-path-db-v1
F1023_V70_D0120_P8__G18__ch9__nav_sage_v2__ingestion_20260825_event_path_v1__event_768__rejected_candidate,F1023_V70_D0120_P8__G18__ch9__nav_sage_v2__ingestion_20260825_event_path_v1__event_768,F1023_V70_D0120_P8__G18__ch9__nav_sage_v2__ingestion_20260825_event_path_v1,event,rejected_candidate,stage4_rule,stage4-strict-confirmed-v1,algorithm_only,"strict Stage4 rule; zero multipath is rejected_candidate, not physical LOS",eligible_pending_modeling_qa,sage-event-path-db-v1
F1023_V70_D0120_P8__G18__ch9__nav_sage_v2__ingestion_20260825_event_path_v1__event_850__rejected_candidate,F1023_V70_D0120_P8__G18__ch9__nav_sage_v2__ingestion_20260825_event_path_v1__event_850,F1023_V70_D0120_P8__G18__ch9__nav_sage_v2__ingestion_20260825_event_path_v1,event,rejected_candidate,stage4_rule,stage4-strict-confirmed-v1,algorithm_only,"strict Stage4 rule; zero multipath is rejected_candidate, not physical LOS",eligible_pending_modeling_qa,sage-event-path-db-v1
F1023_V70_D0120_P8__G18__ch9__nav_sage_v2__ingestion_20260825_event_path_v1__event_516__rejected_candidate,F1023_V70_D0120_P8__G18__ch9__nav_sage_v2__ingestion_20260825_event_path_v1__event_516,F1023_V70_D0120_P8__G18__ch9__nav_sage_v2__ingestion_20260825_event_path_v1,event,rejected_candidate,stage4_rule,stage4-strict-confirmed-v1,algorithm_only,"strict Stage4 rule; zero multipath is rejected_candidate, not physical LOS",eligible_pending_modeling_qa,sage-event-path-db-v1
F1023_V70_D0120_P8__G18__ch9__nav_sage_v2__ingestion_20260825_event_path_v1__event_517__rejected_candidate,F1023_V70_D0120_P8__G18__ch9__nav_sage_v2__ingestion_20260825_event_path_v1__event_517,F1023_V70_D0120_P8__G18__ch9__nav_sage_v2__ingestion_20260825_event_path_v1,event,rejected_candidate,stage4_rule,stage4-strict-confirmed-v1,algorithm_only,"strict Stage4 rule; zero multipath is rejected_candidate, not physical LOS",eligible_pending_modeling_qa,sage-event-path-db-v1
F1023_V70_D0120_P8__G18__ch9__nav_sage_v2__ingestion_20260825_event_path_v1__event_848__confirmed_multipath,F1023_V70_D0120_P8__G18__ch9__nav_sage_v2__ingestion_20260825_event_path_v1__event_848,F1023_V70_D0120_P8__G18__ch9__nav_sage_v2__ingestion_20260825_event_path_v1,event,confirmed_multipath,stage4_rule,stage4-strict-confirmed-v1,algorithm_only,"strict Stage4 rule; zero multipath is rejected_candidate, not physical LOS",eligible_pending_modeling_qa,sage-event-path-db-v1
F1023_V70_D0120_P8__G18__ch9__nav_sage_v2__ingestion_20260825_event_path_v1__event_851__rejected_candidate,F1023_V70_D0120_P8__G18__ch9__nav_sage_v2__ingestion_20260825_event_path_v1__event_851,F1023_V70_D0120_P8__G18__ch9__nav_sage_v2__ingestion_20260825_event_path_v1,event,rejected_candidate,stage4_rule,stage4-strict-confirmed-v1,algorithm_only,"strict Stage4 rule; zero multipath is rejected_candidate, not physical LOS",eligible_pending_modeling_qa,sage-event-path-db-v1
F1023_V70_D0120_P8__G23__ch11__nav_sage_v2__ingestion_20260825_event_path_v1__event_51__rejected_candidate,F1023_V70_D0120_P8__G23__ch11__nav_sage_v2__ingestion_20260825_event_path_v1__event_51,F1023_V70_D0120_P8__G23__ch11__nav_sage_v2__ingestion_20260825_event_path_v1,event,rejected_candidate,stage4_rule,stage4-strict-confirmed-v1,algorithm_only,"strict Stage4 rule; zero multipath is rejected_candidate, not physical LOS",eligible_pending_modeling_qa,sage-event-path-db-v1
F1023_V70_D0120_P8__G23__ch11__nav_sage_v2__ingestion_20260825_event_path_v1__event_52__rejected_candidate,F1023_V70_D0120_P8__G23__ch11__nav_sage_v2__ingestion_20260825_event_path_v1__event_52,F1023_V70_D0120_P8__G23__ch11__nav_sage_v2__ingestion_20260825_event_path_v1,event,rejected_candidate,stage4_rule,stage4-strict-confirmed-v1,algorithm_only,"strict Stage4 rule; zero multipath is rejected_candidate, not physical LOS",eligible_pending_modeling_qa,sage-event-path-db-v1
F1023_V70_D0120_P8__G23__ch11__nav_sage_v2__ingestion_20260825_event_path_v1__event_53__rejected_candidate,F1023_V70_D0120_P8__G23__ch11__nav_sage_v2__ingestion_20260825_event_path_v1__event_53,F1023_V70_D0120_P8__G23__ch11__nav_sage_v2__ingestion_20260825_event_path_v1,event,rejected_candidate,stage4_rule,stage4-strict-confirmed-v1,algorithm_only,"strict Stage4 rule; zero multipath is rejected_candidate, not physical LOS",eligible_pending_modeling_qa,sage-event-path-db-v1
F1023_V70_D0120_P8__G23__ch11__nav_sage_v2__ingestion_20260825_event_path_v1__event_263__rejected_candidate,F1023_V70_D0120_P8__G23__ch11__nav_sage_v2__ingestion_20260825_event_path_v1__event_263,F1023_V70_D0120_P8__G23__ch11__nav_sage_v2__ingestion_20260825_event_path_v1,event,rejected_candidate,stage4_rule,stage4-strict-confirmed-v1,algorithm_only,"strict Stage4 rule; zero multipath is rejected_candidate, not physical LOS",eligible_pending_modeling_qa,sage-event-path-db-v1
F1023_V70_D0120_P8__G23__ch11__nav_sage_v2__ingestion_20260825_event_path_v1__event_265__rejected_candidate,F1023_V70_D0120_P8__G23__ch11__nav_sage_v2__ingestion_20260825_event_path_v1__event_265,F1023_V70_D0120_P8__G23__ch11__nav_sage_v2__ingestion_20260825_event_path_v1,event,rejected_candidate,stage4_rule,stage4-strict-confirmed-v1,algorithm_only,"strict Stage4 rule; zero multipath is rejected_candidate, not physical LOS",eligible_pending_modeling_qa,sage-event-path-db-v1
F1023_V70_D0120_P8__G26__ch3__nav_sage_v2__ingestion_20260825_event_path_v1__event_298__rejected_candidate,F1023_V70_D0120_P8__G26__ch3__nav_sage_v2__ingestion_20260825_event_path_v1__event_298,F1023_V70_D0120_P8__G26__ch3__nav_sage_v2__ingestion_20260825_event_path_v1,event,rejected_candidate,stage4_rule,stage4-strict-confirmed-v1,algorithm_only,"strict Stage4 rule; zero multipath is rejected_candidate, not physical LOS",eligible_pending_modeling_qa,sage-event-path-db-v1
F1023_V70_D0120_P8__G26__ch3__nav_sage_v2__ingestion_20260825_event_path_v1__event_299__confirmed_multipath,F1023_V70_D0120_P8__G26__ch3__nav_sage_v2__ingestion_20260825_event_path_v1__event_299,F1023_V70_D0120_P8__G26__ch3__nav_sage_v2__ingestion_20260825_event_path_v1,event,confirmed_multipath,stage4_rule,stage4-strict-confirmed-v1,algorithm_only,"strict Stage4 rule; zero multipath is rejected_candidate, not physical LOS",eligible_pending_modeling_qa,sage-event-path-db-v1
F1023_V70_D0120_P8__G26__ch3__nav_sage_v2__ingestion_20260825_event_path_v1__event_300__rejected_candidate,F1023_V70_D0120_P8__G26__ch3__nav_sage_v2__ingestion_20260825_event_path_v1__event_300,F1023_V70_D0120_P8__G26__ch3__nav_sage_v2__ingestion_20260825_event_path_v1,event,rejected_candidate,stage4_rule,stage4-strict-confirmed-v1,algorithm_only,"strict Stage4 rule; zero multipath is rejected_candidate, not physical LOS",eligible_pending_modeling_qa,sage-event-path-db-v1
F1023_V70_D0120_P8__G26__ch3__nav_sage_v2__ingestion_20260825_event_path_v1__event_218__rejected_candidate,F1023_V70_D0120_P8__G26__ch3__nav_sage_v2__ingestion_20260825_event_path_v1__event_218,F1023_V70_D0120_P8__G26__ch3__nav_sage_v2__ingestion_20260825_event_path_v1,event,rejected_candidate,stage4_rule,stage4-strict-confirmed-v1,algorithm_only,"strict Stage4 rule; zero multipath is rejected_candidate, not physical LOS",eligible_pending_modeling_qa,sage-event-path-db-v1
F1023_V70_D0120_P8__G26__ch3__nav_sage_v2__ingestion_20260825_event_path_v1__event_849__rejected_candidate,F1023_V70_D0120_P8__G26__ch3__nav_sage_v2__ingestion_20260825_event_path_v1__event_849,F1023_V70_D0120_P8__G26__ch3__nav_sage_v2__ingestion_20260825_event_path_v1,event,rejected_candidate,stage4_rule,stage4-strict-confirmed-v1,algorithm_only,"strict Stage4 rule; zero multipath is rejected_candidate, not physical LOS",eligible_pending_modeling_qa,sage-event-path-db-v1
F1023_V70_D0120_P8__G26__ch3__nav_sage_v2__ingestion_20260825_event_path_v1__event_850__rejected_candidate,F1023_V70_D0120_P8__G26__ch3__nav_sage_v2__ingestion_20260825_event_path_v1__event_850,F1023_V70_D0120_P8__G26__ch3__nav_sage_v2__ingestion_20260825_event_path_v1,event,rejected_candidate,stage4_rule,stage4-strict-confirmed-v1,algorithm_only,"strict Stage4 rule; zero multipath is rejected_candidate, not physical LOS",eligible_pending_modeling_qa,sage-event-path-db-v1
F1023_V70_D0120_P8__G26__ch3__nav_sage_v2__ingestion_20260825_event_path_v1__event_465__rejected_candidate,F1023_V70_D0120_P8__G26__ch3__nav_sage_v2__ingestion_20260825_event_path_v1__event_465,F1023_V70_D0120_P8__G26__ch3__nav_sage_v2__ingestion_20260825_event_path_v1,event,rejected_candidate,stage4_rule,stage4-strict-confirmed-v1,algorithm_only,"strict Stage4 rule; zero multipath is rejected_candidate, not physical LOS",eligible_pending_modeling_qa,sage-event-path-db-v1
F1023_V70_D0120_P8__G26__ch3__nav_sage_v2__ingestion_20260825_event_path_v1__event_194__rejected_candidate,F1023_V70_D0120_P8__G26__ch3__nav_sage_v2__ingestion_20260825_event_path_v1__event_194,F1023_V70_D0120_P8__G26__ch3__nav_sage_v2__ingestion_20260825_event_path_v1,event,rejected_candidate,stage4_rule,stage4-strict-confirmed-v1,algorithm_only,"strict Stage4 rule; zero multipath is rejected_candidate, not physical LOS",eligible_pending_modeling_qa,sage-event-path-db-v1
F1023_V70_D0120_P9__G16__ch9__nav_sage_v2__ingestion_20260825_event_path_v1__event_92__rejected_candidate,F1023_V70_D0120_P9__G16__ch9__nav_sage_v2__ingestion_20260825_event_path_v1__event_92,F1023_V70_D0120_P9__G16__ch9__nav_sage_v2__ingestion_20260825_event_path_v1,event,rejected_candidate,stage4_rule,stage4-strict-confirmed-v1,algorithm_only,"strict Stage4 rule; zero multipath is rejected_candidate, not physical LOS",eligible_pending_modeling_qa,sage-event-path-db-v1
F1023_V70_D0120_P9__G16__ch9__nav_sage_v2__ingestion_20260825_event_path_v1__event_2565__confirmed_multipath,F1023_V70_D0120_P9__G16__ch9__nav_sage_v2__ingestion_20260825_event_path_v1__event_2565,F1023_V70_D0120_P9__G16__ch9__nav_sage_v2__ingestion_20260825_event_path_v1,event,confirmed_multipath,stage4_rule,stage4-strict-confirmed-v1,algorithm_only,"strict Stage4 rule; zero multipath is rejected_candidate, not physical LOS",eligible_pending_modeling_qa,sage-event-path-db-v1
F1023_V70_D0120_P9__G16__ch9__nav_sage_v2__ingestion_20260825_event_path_v1__event_2566__rejected_candidate,F1023_V70_D0120_P9__G16__ch9__nav_sage_v2__ingestion_20260825_event_path_v1__event_2566,F1023_V70_D0120_P9__G16__ch9__nav_sage_v2__ingestion_20260825_event_path_v1,event,rejected_candidate,stage4_rule,stage4-strict-confirmed-v1,algorithm_only,"strict Stage4 rule; zero multipath is rejected_candidate, not physical LOS",eligible_pending_modeling_qa,sage-event-path-db-v1
F1023_V70_D0120_P9__G16__ch9__nav_sage_v2__ingestion_20260825_event_path_v1__event_1899__rejected_candidate,F1023_V70_D0120_P9__G16__ch9__nav_sage_v2__ingestion_20260825_event_path_v1__event_1899,F1023_V70_D0120_P9__G16__ch9__nav_sage_v2__ingestion_20260825_event_path_v1,event,rejected_candidate,stage4_rule,stage4-strict-confirmed-v1,algorithm_only,"strict Stage4 rule; zero multipath is rejected_candidate, not physical LOS",eligible_pending_modeling_qa,sage-event-path-db-v1
F1023_V70_D0120_P9__G18__ch1__nav_sage_v2__ingestion_20260825_event_path_v1__event_2319__rejected_candidate,F1023_V70_D0120_P9__G18__ch1__nav_sage_v2__ingestion_20260825_event_path_v1__event_2319,F1023_V70_D0120_P9__G18__ch1__nav_sage_v2__ingestion_20260825_event_path_v1,event,rejected_candidate,stage4_rule,stage4-strict-confirmed-v1,algorithm_only,"strict Stage4 rule; zero multipath is rejected_candidate, not physical LOS",eligible_pending_modeling_qa,sage-event-path-db-v1
F1023_V70_D0120_P9__G18__ch1__nav_sage_v2__ingestion_20260825_event_path_v1__event_2320__rejected_candidate,F1023_V70_D0120_P9__G18__ch1__nav_sage_v2__ingestion_20260825_event_path_v1__event_2320,F1023_V70_D0120_P9__G18__ch1__nav_sage_v2__ingestion_20260825_event_path_v1,event,rejected_candidate,stage4_rule,stage4-strict-confirmed-v1,algorithm_only,"strict Stage4 rule; zero multipath is rejected_candidate, not physical LOS",eligible_pending_modeling_qa,sage-event-path-db-v1
F1023_V70_D0120_P9__G18__ch1__nav_sage_v2__ingestion_20260825_event_path_v1__event_1947__rejected_candidate,F1023_V70_D0120_P9__G18__ch1__nav_sage_v2__ingestion_20260825_event_path_v1__event_1947,F1023_V70_D0120_P9__G18__ch1__nav_sage_v2__ingestion_20260825_event_path_v1,event,rejected_candidate,stage4_rule,stage4-strict-confirmed-v1,algorithm_only,"strict Stage4 rule; zero multipath is rejected_candidate, not physical LOS",eligible_pending_modeling_qa,sage-event-path-db-v1
F1023_V70_D0120_P9__G18__ch1__nav_sage_v2__ingestion_20260825_event_path_v1__event_1948__rejected_candidate,F1023_V70_D0120_P9__G18__ch1__nav_sage_v2__ingestion_20260825_event_path_v1__event_1948,F1023_V70_D0120_P9__G18__ch1__nav_sage_v2__ingestion_20260825_event_path_v1,event,rejected_candidate,stage4_rule,stage4-strict-confirmed-v1,algorithm_only,"strict Stage4 rule; zero multipath is rejected_candidate, not physical LOS",eligible_pending_modeling_qa,sage-event-path-db-v1
F1023_V70_D0120_P9__G18__ch1__nav_sage_v2__ingestion_20260825_event_path_v1__event_1949__rejected_candidate,F1023_V70_D0120_P9__G18__ch1__nav_sage_v2__ingestion_20260825_event_path_v1__event_1949,F1023_V70_D0120_P9__G18__ch1__nav_sage_v2__ingestion_20260825_event_path_v1,event,rejected_candidate,stage4_rule,stage4-strict-confirmed-v1,algorithm_only,"strict Stage4 rule; zero multipath is rejected_candidate, not physical LOS",eligible_pending_modeling_qa,sage-event-path-db-v1
F1023_V70_D0120_P9__G18__ch1__nav_sage_v2__ingestion_20260825_event_path_v1__event_2318__rejected_candidate,F1023_V70_D0120_P9__G18__ch1__nav_sage_v2__ingestion_20260825_event_path_v1__event_2318,F1023_V70_D0120_P9__G18__ch1__nav_sage_v2__ingestion_20260825_event_path_v1,event,rejected_candidate,stage4_rule,stage4-strict-confirmed-v1,algorithm_only,"strict Stage4 rule; zero multipath is rejected_candidate, not physical LOS",eligible_pending_modeling_qa,sage-event-path-db-v1
F1023_V70_D0120_P9__G18__ch1__nav_sage_v2__ingestion_20260825_event_path_v1__event_2321__rejected_candidate,F1023_V70_D0120_P9__G18__ch1__nav_sage_v2__ingestion_20260825_event_path_v1__event_2321,F1023_V70_D0120_P9__G18__ch1__nav_sage_v2__ingestion_20260825_event_path_v1,event,rejected_candidate,stage4_rule,stage4-strict-confirmed-v1,algorithm_only,"strict Stage4 rule; zero multipath is rejected_candidate, not physical LOS",eligible_pending_modeling_qa,sage-event-path-db-v1
F1023_V70_D0120_P9__G18__ch1__nav_sage_v2__ingestion_20260825_event_path_v1__event_1278__rejected_candidate,F1023_V70_D0120_P9__G18__ch1__nav_sage_v2__ingestion_20260825_event_path_v1__event_1278,F1023_V70_D0120_P9__G18__ch1__nav_sage_v2__ingestion_20260825_event_path_v1,event,rejected_candidate,stage4_rule,stage4-strict-confirmed-v1,algorithm_only,"strict Stage4 rule; zero multipath is rejected_candidate, not physical LOS",eligible_pending_modeling_qa,sage-event-path-db-v1
F1023_V70_D0120_P9__G26__ch6__nav_sage_v2__ingestion_20260825_event_path_v1__event_1946__rejected_candidate,F1023_V70_D0120_P9__G26__ch6__nav_sage_v2__ingestion_20260825_event_path_v1__event_1946,F1023_V70_D0120_P9__G26__ch6__nav_sage_v2__ingestion_20260825_event_path_v1,event,rejected_candidate,stage4_rule,stage4-strict-confirmed-v1,algorithm_only,"strict Stage4 rule; zero multipath is rejected_candidate, not physical LOS",eligible_pending_modeling_qa,sage-event-path-db-v1
F1023_V70_D0120_P9__G26__ch6__nav_sage_v2__ingestion_20260825_event_path_v1__event_1947__rejected_candidate,F1023_V70_D0120_P9__G26__ch6__nav_sage_v2__ingestion_20260825_event_path_v1__event_1947,F1023_V70_D0120_P9__G26__ch6__nav_sage_v2__ingestion_20260825_event_path_v1,event,rejected_candidate,stage4_rule,stage4-strict-confirmed-v1,algorithm_only,"strict Stage4 rule; zero multipath is rejected_candidate, not physical LOS",eligible_pending_modeling_qa,sage-event-path-db-v1
F1023_V70_D0120_P9__G26__ch6__nav_sage_v2__ingestion_20260825_event_path_v1__event_1948__rejected_candidate,F1023_V70_D0120_P9__G26__ch6__nav_sage_v2__ingestion_20260825_event_path_v1__event_1948,F1023_V70_D0120_P9__G26__ch6__nav_sage_v2__ingestion_20260825_event_path_v1,event,rejected_candidate,stage4_rule,stage4-strict-confirmed-v1,algorithm_only,"strict Stage4 rule; zero multipath is rejected_candidate, not physical LOS",eligible_pending_modeling_qa,sage-event-path-db-v1
F1023_V70_D0120_P9__G26__ch6__nav_sage_v2__ingestion_20260825_event_path_v1__event_2283__rejected_candidate,F1023_V70_D0120_P9__G26__ch6__nav_sage_v2__ingestion_20260825_event_path_v1__event_2283,F1023_V70_D0120_P9__G26__ch6__nav_sage_v2__ingestion_20260825_event_path_v1,event,rejected_candidate,stage4_rule,stage4-strict-confirmed-v1,algorithm_only,"strict Stage4 rule; zero multipath is rejected_candidate, not physical LOS",eligible_pending_modeling_qa,sage-event-path-db-v1
F1023_V70_D0120_P9__G26__ch6__nav_sage_v2__ingestion_20260825_event_path_v1__event_2284__rejected_candidate,F1023_V70_D0120_P9__G26__ch6__nav_sage_v2__ingestion_20260825_event_path_v1__event_2284,F1023_V70_D0120_P9__G26__ch6__nav_sage_v2__ingestion_20260825_event_path_v1,event,rejected_candidate,stage4_rule,stage4-strict-confirmed-v1,algorithm_only,"strict Stage4 rule; zero multipath is rejected_candidate, not physical LOS",eligible_pending_modeling_qa,sage-event-path-db-v1
F1023_V70_D0120_P9__G26__ch6__nav_sage_v2__ingestion_20260825_event_path_v1__event_2285__confirmed_multipath,F1023_V70_D0120_P9__G26__ch6__nav_sage_v2__ingestion_20260825_event_path_v1__event_2285,F1023_V70_D0120_P9__G26__ch6__nav_sage_v2__ingestion_20260825_event_path_v1,event,confirmed_multipath,stage4_rule,stage4-strict-confirmed-v1,algorithm_only,"strict Stage4 rule; zero multipath is rejected_candidate, not physical LOS",eligible_pending_modeling_qa,sage-event-path-db-v1
F1023_V70_D0120_P9__G26__ch6__nav_sage_v2__ingestion_20260825_event_path_v1__event_2303__rejected_candidate,F1023_V70_D0120_P9__G26__ch6__nav_sage_v2__ingestion_20260825_event_path_v1__event_2303,F1023_V70_D0120_P9__G26__ch6__nav_sage_v2__ingestion_20260825_event_path_v1,event,rejected_candidate,stage4_rule,stage4-strict-confirmed-v1,algorithm_only,"strict Stage4 rule; zero multipath is rejected_candidate, not physical LOS",eligible_pending_modeling_qa,sage-event-path-db-v1
F1023_V70_D0120_P9__G26__ch6__nav_sage_v2__ingestion_20260825_event_path_v1__event_2304__rejected_candidate,F1023_V70_D0120_P9__G26__ch6__nav_sage_v2__ingestion_20260825_event_path_v1__event_2304,F1023_V70_D0120_P9__G26__ch6__nav_sage_v2__ingestion_20260825_event_path_v1,event,rejected_candidate,stage4_rule,stage4-strict-confirmed-v1,algorithm_only,"strict Stage4 rule; zero multipath is rejected_candidate, not physical LOS",eligible_pending_modeling_qa,sage-event-path-db-v1
F1023_V70_D0120_P9__G27__ch5__nav_sage_v2__ingestion_20260825_event_path_v1__event_823__confirmed_multipath,F1023_V70_D0120_P9__G27__ch5__nav_sage_v2__ingestion_20260825_event_path_v1__event_823,F1023_V70_D0120_P9__G27__ch5__nav_sage_v2__ingestion_20260825_event_path_v1,event,confirmed_multipath,stage4_rule,stage4-strict-confirmed-v1,algorithm_only,"strict Stage4 rule; zero multipath is rejected_candidate, not physical LOS",eligible_pending_modeling_qa,sage-event-path-db-v1
F1023_V70_D0120_P9__G27__ch5__nav_sage_v2__ingestion_20260825_event_path_v1__event_822__confirmed_multipath,F1023_V70_D0120_P9__G27__ch5__nav_sage_v2__ingestion_20260825_event_path_v1__event_822,F1023_V70_D0120_P9__G27__ch5__nav_sage_v2__ingestion_20260825_event_path_v1,event,confirmed_multipath,stage4_rule,stage4-strict-confirmed-v1,algorithm_only,"strict Stage4 rule; zero multipath is rejected_candidate, not physical LOS",eligible_pending_modeling_qa,sage-event-path-db-v1
F1023_V70_D0120_P9__G27__ch5__nav_sage_v2__ingestion_20260825_event_path_v1__event_845__confirmed_multipath,F1023_V70_D0120_P9__G27__ch5__nav_sage_v2__ingestion_20260825_event_path_v1__event_845,F1023_V70_D0120_P9__G27__ch5__nav_sage_v2__ingestion_20260825_event_path_v1,event,confirmed_multipath,stage4_rule,stage4-strict-confirmed-v1,algorithm_only,"strict Stage4 rule; zero multipath is rejected_candidate, not physical LOS",eligible_pending_modeling_qa,sage-event-path-db-v1
F1023_V70_D0120_P9__G27__ch5__nav_sage_v2__ingestion_20260825_event_path_v1__event_846__confirmed_multipath,F1023_V70_D0120_P9__G27__ch5__nav_sage_v2__ingestion_20260825_event_path_v1__event_846,F1023_V70_D0120_P9__G27__ch5__nav_sage_v2__ingestion_20260825_event_path_v1,event,confirmed_multipath,stage4_rule,stage4-strict-confirmed-v1,algorithm_only,"strict Stage4 rule; zero multipath is rejected_candidate, not physical LOS",eligible_pending_modeling_qa,sage-event-path-db-v1
F1023_V70_D0120_P9__G27__ch5__nav_sage_v2__ingestion_20260825_event_path_v1__event_847__confirmed_multipath,F1023_V70_D0120_P9__G27__ch5__nav_sage_v2__ingestion_20260825_event_path_v1__event_847,F1023_V70_D0120_P9__G27__ch5__nav_sage_v2__ingestion_20260825_event_path_v1,event,confirmed_multipath,stage4_rule,stage4-strict-confirmed-v1,algorithm_only,"strict Stage4 rule; zero multipath is rejected_candidate, not physical LOS",eligible_pending_modeling_qa,sage-event-path-db-v1
F1023_V70_D0120_P9__G27__ch5__nav_sage_v2__ingestion_20260825_event_path_v1__event_755__confirmed_multipath,F1023_V70_D0120_P9__G27__ch5__nav_sage_v2__ingestion_20260825_event_path_v1__event_755,F1023_V70_D0120_P9__G27__ch5__nav_sage_v2__ingestion_20260825_event_path_v1,event,confirmed_multipath,stage4_rule,stage4-strict-confirmed-v1,algorithm_only,"strict Stage4 rule; zero multipath is rejected_candidate, not physical LOS",eligible_pending_modeling_qa,sage-event-path-db-v1
F1023_V70_D0120_P9__G27__ch5__nav_sage_v2__ingestion_20260825_event_path_v1__event_757__confirmed_multipath,F1023_V70_D0120_P9__G27__ch5__nav_sage_v2__ingestion_20260825_event_path_v1__event_757,F1023_V70_D0120_P9__G27__ch5__nav_sage_v2__ingestion_20260825_event_path_v1,event,confirmed_multipath,stage4_rule,stage4-strict-confirmed-v1,algorithm_only,"strict Stage4 rule; zero multipath is rejected_candidate, not physical LOS",eligible_pending_modeling_qa,sage-event-path-db-v1
F1023_V70_D0120_P9__G27__ch5__nav_sage_v2__ingestion_20260825_event_path_v1__event_796__confirmed_multipath,F1023_V70_D0120_P9__G27__ch5__nav_sage_v2__ingestion_20260825_event_path_v1__event_796,F1023_V70_D0120_P9__G27__ch5__nav_sage_v2__ingestion_20260825_event_path_v1,event,confirmed_multipath,stage4_rule,stage4-strict-confirmed-v1,algorithm_only,"strict Stage4 rule; zero multipath is rejected_candidate, not physical LOS",eligible_pending_modeling_qa,sage-event-path-db-v1
F1023_V70_D0120_P9__G28__ch11__nav_sage_v2__ingestion_20260825_event_path_v1__event_592__rejected_candidate,F1023_V70_D0120_P9__G28__ch11__nav_sage_v2__ingestion_20260825_event_path_v1__event_592,F1023_V70_D0120_P9__G28__ch11__nav_sage_v2__ingestion_20260825_event_path_v1,event,rejected_candidate,stage4_rule,stage4-strict-confirmed-v1,algorithm_only,"strict Stage4 rule; zero multipath is rejected_candidate, not physical LOS",eligible_pending_modeling_qa,sage-event-path-db-v1
F1023_V70_D0120_P9__G29__ch4__nav_sage_v2__ingestion_20260825_event_path_v1__event_1305__rejected_candidate,F1023_V70_D0120_P9__G29__ch4__nav_sage_v2__ingestion_20260825_event_path_v1__event_1305,F1023_V70_D0120_P9__G29__ch4__nav_sage_v2__ingestion_20260825_event_path_v1,event,rejected_candidate,stage4_rule,stage4-strict-confirmed-v1,algorithm_only,"strict Stage4 rule; zero multipath is rejected_candidate, not physical LOS",eligible_pending_modeling_qa,sage-event-path-db-v1
F1023_V70_D0120_P9__G29__ch4__nav_sage_v2__ingestion_20260825_event_path_v1__event_1306__rejected_candidate,F1023_V70_D0120_P9__G29__ch4__nav_sage_v2__ingestion_20260825_event_path_v1__event_1306,F1023_V70_D0120_P9__G29__ch4__nav_sage_v2__ingestion_20260825_event_path_v1,event,rejected_candidate,stage4_rule,stage4-strict-confirmed-v1,algorithm_only,"strict Stage4 rule; zero multipath is rejected_candidate, not physical LOS",eligible_pending_modeling_qa,sage-event-path-db-v1
F1023_V70_D0120_P9__G29__ch4__nav_sage_v2__ingestion_20260825_event_path_v1__event_2559__rejected_candidate,F1023_V70_D0120_P9__G29__ch4__nav_sage_v2__ingestion_20260825_event_path_v1__event_2559,F1023_V70_D0120_P9__G29__ch4__nav_sage_v2__ingestion_20260825_event_path_v1,event,rejected_candidate,stage4_rule,stage4-strict-confirmed-v1,algorithm_only,"strict Stage4 rule; zero multipath is rejected_candidate, not physical LOS",eligible_pending_modeling_qa,sage-event-path-db-v1
F1023_V70_D0120_P9__G29__ch4__nav_sage_v2__ingestion_20260825_event_path_v1__event_494__rejected_candidate,F1023_V70_D0120_P9__G29__ch4__nav_sage_v2__ingestion_20260825_event_path_v1__event_494,F1023_V70_D0120_P9__G29__ch4__nav_sage_v2__ingestion_20260825_event_path_v1,event,rejected_candidate,stage4_rule,stage4-strict-confirmed-v1,algorithm_only,"strict Stage4 rule; zero multipath is rejected_candidate, not physical LOS",eligible_pending_modeling_qa,sage-event-path-db-v1
F1023_V70_D0120_P9__G29__ch4__nav_sage_v2__ingestion_20260825_event_path_v1__event_495__rejected_candidate,F1023_V70_D0120_P9__G29__ch4__nav_sage_v2__ingestion_20260825_event_path_v1__event_495,F1023_V70_D0120_P9__G29__ch4__nav_sage_v2__ingestion_20260825_event_path_v1,event,rejected_candidate,stage4_rule,stage4-strict-confirmed-v1,algorithm_only,"strict Stage4 rule; zero multipath is rejected_candidate, not physical LOS",eligible_pending_modeling_qa,sage-event-path-db-v1
F1023_V70_D0120_P9__G29__ch4__nav_sage_v2__ingestion_20260825_event_path_v1__event_559__rejected_candidate,F1023_V70_D0120_P9__G29__ch4__nav_sage_v2__ingestion_20260825_event_path_v1__event_559,F1023_V70_D0120_P9__G29__ch4__nav_sage_v2__ingestion_20260825_event_path_v1,event,rejected_candidate,stage4_rule,stage4-strict-confirmed-v1,algorithm_only,"strict Stage4 rule; zero multipath is rejected_candidate, not physical LOS",eligible_pending_modeling_qa,sage-event-path-db-v1
F1023_V70_D0120_P9__G29__ch4__nav_sage_v2__ingestion_20260825_event_path_v1__event_560__confirmed_multipath,F1023_V70_D0120_P9__G29__ch4__nav_sage_v2__ingestion_20260825_event_path_v1__event_560,F1023_V70_D0120_P9__G29__ch4__nav_sage_v2__ingestion_20260825_event_path_v1,event,confirmed_multipath,stage4_rule,stage4-strict-confirmed-v1,algorithm_only,"strict Stage4 rule; zero multipath is rejected_candidate, not physical LOS",eligible_pending_modeling_qa,sage-event-path-db-v1
F1023_V70_D0120_P9__G29__ch4__nav_sage_v2__ingestion_20260825_event_path_v1__event_2539__rejected_candidate,F1023_V70_D0120_P9__G29__ch4__nav_sage_v2__ingestion_20260825_event_path_v1__event_2539,F1023_V70_D0120_P9__G29__ch4__nav_sage_v2__ingestion_20260825_event_path_v1,event,rejected_candidate,stage4_rule,stage4-strict-confirmed-v1,algorithm_only,"strict Stage4 rule; zero multipath is rejected_candidate, not physical LOS",eligible_pending_modeling_qa,sage-event-path-db-v1
F1023_V70_D0120_P9__G31__ch7__nav_sage_v2__ingestion_20260825_event_path_v1__event_1476__confirmed_multipath,F1023_V70_D0120_P9__G31__ch7__nav_sage_v2__ingestion_20260825_event_path_v1__event_1476,F1023_V70_D0120_P9__G31__ch7__nav_sage_v2__ingestion_20260825_event_path_v1,event,confirmed_multipath,stage4_rule,stage4-strict-confirmed-v1,algorithm_only,"strict Stage4 rule; zero multipath is rejected_candidate, not physical LOS",eligible_pending_modeling_qa,sage-event-path-db-v1
F1023_V70_D0120_P9__G31__ch7__nav_sage_v2__ingestion_20260825_event_path_v1__event_1477__rejected_candidate,F1023_V70_D0120_P9__G31__ch7__nav_sage_v2__ingestion_20260825_event_path_v1__event_1477,F1023_V70_D0120_P9__G31__ch7__nav_sage_v2__ingestion_20260825_event_path_v1,event,rejected_candidate,stage4_rule,stage4-strict-confirmed-v1,algorithm_only,"strict Stage4 rule; zero multipath is rejected_candidate, not physical LOS",eligible_pending_modeling_qa,sage-event-path-db-v1
F1023_V70_D0120_P9__G31__ch7__nav_sage_v2__ingestion_20260825_event_path_v1__event_1478__rejected_candidate,F1023_V70_D0120_P9__G31__ch7__nav_sage_v2__ingestion_20260825_event_path_v1__event_1478,F1023_V70_D0120_P9__G31__ch7__nav_sage_v2__ingestion_20260825_event_path_v1,event,rejected_candidate,stage4_rule,stage4-strict-confirmed-v1,algorithm_only,"strict Stage4 rule; zero multipath is rejected_candidate, not physical LOS",eligible_pending_modeling_qa,sage-event-path-db-v1
F1023_V70_D0120_P9__G31__ch7__nav_sage_v2__ingestion_20260825_event_path_v1__event_449__confirmed_multipath,F1023_V70_D0120_P9__G31__ch7__nav_sage_v2__ingestion_20260825_event_path_v1__event_449,F1023_V70_D0120_P9__G31__ch7__nav_sage_v2__ingestion_20260825_event_path_v1,event,confirmed_multipath,stage4_rule,stage4-strict-confirmed-v1,algorithm_only,"strict Stage4 rule; zero multipath is rejected_candidate, not physical LOS",eligible_pending_modeling_qa,sage-event-path-db-v1
F1023_V70_D0120_P9__G31__ch7__nav_sage_v2__ingestion_20260825_event_path_v1__event_450__rejected_candidate,F1023_V70_D0120_P9__G31__ch7__nav_sage_v2__ingestion_20260825_event_path_v1__event_450,F1023_V70_D0120_P9__G31__ch7__nav_sage_v2__ingestion_20260825_event_path_v1,event,rejected_candidate,stage4_rule,stage4-strict-confirmed-v1,algorithm_only,"strict Stage4 rule; zero multipath is rejected_candidate, not physical LOS",eligible_pending_modeling_qa,sage-event-path-db-v1
F1023_V70_D0120_P9__G31__ch7__nav_sage_v2__ingestion_20260825_event_path_v1__event_451__confirmed_multipath,F1023_V70_D0120_P9__G31__ch7__nav_sage_v2__ingestion_20260825_event_path_v1__event_451,F1023_V70_D0120_P9__G31__ch7__nav_sage_v2__ingestion_20260825_event_path_v1,event,confirmed_multipath,stage4_rule,stage4-strict-confirmed-v1,algorithm_only,"strict Stage4 rule; zero multipath is rejected_candidate, not physical LOS",eligible_pending_modeling_qa,sage-event-path-db-v1
F1023_V70_D0120_P9__G31__ch7__nav_sage_v2__ingestion_20260825_event_path_v1__event_1062__rejected_candidate,F1023_V70_D0120_P9__G31__ch7__nav_sage_v2__ingestion_20260825_event_path_v1__event_1062,F1023_V70_D0120_P9__G31__ch7__nav_sage_v2__ingestion_20260825_event_path_v1,event,rejected_candidate,stage4_rule,stage4-strict-confirmed-v1,algorithm_only,"strict Stage4 rule; zero multipath is rejected_candidate, not physical LOS",eligible_pending_modeling_qa,sage-event-path-db-v1
F1023_V70_D0120_P9__G31__ch7__nav_sage_v2__ingestion_20260825_event_path_v1__event_1063__rejected_candidate,F1023_V70_D0120_P9__G31__ch7__nav_sage_v2__ingestion_20260825_event_path_v1__event_1063,F1023_V70_D0120_P9__G31__ch7__nav_sage_v2__ingestion_20260825_event_path_v1,event,rejected_candidate,stage4_rule,stage4-strict-confirmed-v1,algorithm_only,"strict Stage4 rule; zero multipath is rejected_candidate, not physical LOS",eligible_pending_modeling_qa,sage-event-path-db-v1
F1023_V70_D0122_P1__G13__ch5__nav_sage_v2__ingestion_20260825_event_path_v1__event_67__rejected_candidate,F1023_V70_D0122_P1__G13__ch5__nav_sage_v2__ingestion_20260825_event_path_v1__event_67,F1023_V70_D0122_P1__G13__ch5__nav_sage_v2__ingestion_20260825_event_path_v1,event,rejected_candidate,stage4_rule,stage4-strict-confirmed-v1,algorithm_only,"strict Stage4 rule; zero multipath is rejected_candidate, not physical LOS",eligible_pending_modeling_qa,sage-event-path-db-v1
F1023_V70_D0122_P1__G13__ch5__nav_sage_v2__ingestion_20260825_event_path_v1__event_68__rejected_candidate,F1023_V70_D0122_P1__G13__ch5__nav_sage_v2__ingestion_20260825_event_path_v1__event_68,F1023_V70_D0122_P1__G13__ch5__nav_sage_v2__ingestion_20260825_event_path_v1,event,rejected_candidate,stage4_rule,stage4-strict-confirmed-v1,algorithm_only,"strict Stage4 rule; zero multipath is rejected_candidate, not physical LOS",eligible_pending_modeling_qa,sage-event-path-db-v1
F1023_V70_D0122_P1__G13__ch5__nav_sage_v2__ingestion_20260825_event_path_v1__event_69__confirmed_multipath,F1023_V70_D0122_P1__G13__ch5__nav_sage_v2__ingestion_20260825_event_path_v1__event_69,F1023_V70_D0122_P1__G13__ch5__nav_sage_v2__ingestion_20260825_event_path_v1,event,confirmed_multipath,stage4_rule,stage4-strict-confirmed-v1,algorithm_only,"strict Stage4 rule; zero multipath is rejected_candidate, not physical LOS",eligible_pending_modeling_qa,sage-event-path-db-v1
F1023_V70_D0122_P1__G13__ch5__nav_sage_v2__ingestion_20260825_event_path_v1__event_208__rejected_candidate,F1023_V70_D0122_P1__G13__ch5__nav_sage_v2__ingestion_20260825_event_path_v1__event_208,F1023_V70_D0122_P1__G13__ch5__nav_sage_v2__ingestion_20260825_event_path_v1,event,rejected_candidate,stage4_rule,stage4-strict-confirmed-v1,algorithm_only,"strict Stage4 rule; zero multipath is rejected_candidate, not physical LOS",eligible_pending_modeling_qa,sage-event-path-db-v1
F1023_V70_D0122_P1__G13__ch5__nav_sage_v2__ingestion_20260825_event_path_v1__event_1291__confirmed_multipath,F1023_V70_D0122_P1__G13__ch5__nav_sage_v2__ingestion_20260825_event_path_v1__event_1291,F1023_V70_D0122_P1__G13__ch5__nav_sage_v2__ingestion_20260825_event_path_v1,event,confirmed_multipath,stage4_rule,stage4-strict-confirmed-v1,algorithm_only,"strict Stage4 rule; zero multipath is rejected_candidate, not physical LOS",eligible_pending_modeling_qa,sage-event-path-db-v1
F1023_V70_D0122_P1__G15__ch8__nav_sage_v2__ingestion_20260825_event_path_v1__event_431__confirmed_multipath,F1023_V70_D0122_P1__G15__ch8__nav_sage_v2__ingestion_20260825_event_path_v1__event_431,F1023_V70_D0122_P1__G15__ch8__nav_sage_v2__ingestion_20260825_event_path_v1,event,confirmed_multipath,stage4_rule,stage4-strict-confirmed-v1,algorithm_only,"strict Stage4 rule; zero multipath is rejected_candidate, not physical LOS",eligible_pending_modeling_qa,sage-event-path-db-v1
F1023_V70_D0122_P1__G15__ch8__nav_sage_v2__ingestion_20260825_event_path_v1__event_432__rejected_candidate,F1023_V70_D0122_P1__G15__ch8__nav_sage_v2__ingestion_20260825_event_path_v1__event_432,F1023_V70_D0122_P1__G15__ch8__nav_sage_v2__ingestion_20260825_event_path_v1,event,rejected_candidate,stage4_rule,stage4-strict-confirmed-v1,algorithm_only,"strict Stage4 rule; zero multipath is rejected_candidate, not physical LOS",eligible_pending_modeling_qa,sage-event-path-db-v1
F1023_V70_D0122_P1__G15__ch8__nav_sage_v2__ingestion_20260825_event_path_v1__event_433__confirmed_multipath,F1023_V70_D0122_P1__G15__ch8__nav_sage_v2__ingestion_20260825_event_path_v1__event_433,F1023_V70_D0122_P1__G15__ch8__nav_sage_v2__ingestion_20260825_event_path_v1,event,confirmed_multipath,stage4_rule,stage4-strict-confirmed-v1,algorithm_only,"strict Stage4 rule; zero multipath is rejected_candidate, not physical LOS",eligible_pending_modeling_qa,sage-event-path-db-v1
F1023_V70_D0122_P1__G15__ch8__nav_sage_v2__ingestion_20260825_event_path_v1__event_1585__confirmed_multipath,F1023_V70_D0122_P1__G15__ch8__nav_sage_v2__ingestion_20260825_event_path_v1__event_1585,F1023_V70_D0122_P1__G15__ch8__nav_sage_v2__ingestion_20260825_event_path_v1,event,confirmed_multipath,stage4_rule,stage4-strict-confirmed-v1,algorithm_only,"strict Stage4 rule; zero multipath is rejected_candidate, not physical LOS",eligible_pending_modeling_qa,sage-event-path-db-v1
F1023_V70_D0122_P1__G15__ch8__nav_sage_v2__ingestion_20260825_event_path_v1__event_1586__rejected_candidate,F1023_V70_D0122_P1__G15__ch8__nav_sage_v2__ingestion_20260825_event_path_v1__event_1586,F1023_V70_D0122_P1__G15__ch8__nav_sage_v2__ingestion_20260825_event_path_v1,event,rejected_candidate,stage4_rule,stage4-strict-confirmed-v1,algorithm_only,"strict Stage4 rule; zero multipath is rejected_candidate, not physical LOS",eligible_pending_modeling_qa,sage-event-path-db-v1
F1023_V70_D0122_P1__G15__ch8__nav_sage_v2__ingestion_20260825_event_path_v1__event_1587__confirmed_multipath,F1023_V70_D0122_P1__G15__ch8__nav_sage_v2__ingestion_20260825_event_path_v1__event_1587,F1023_V70_D0122_P1__G15__ch8__nav_sage_v2__ingestion_20260825_event_path_v1,event,confirmed_multipath,stage4_rule,stage4-strict-confirmed-v1,algorithm_only,"strict Stage4 rule; zero multipath is rejected_candidate, not physical LOS",eligible_pending_modeling_qa,sage-event-path-db-v1
F1023_V70_D0122_P1__G17__ch2__nav_sage_v2__ingestion_20260825_event_path_v1__event_1428__confirmed_multipath,F1023_V70_D0122_P1__G17__ch2__nav_sage_v2__ingestion_20260825_event_path_v1__event_1428,F1023_V70_D0122_P1__G17__ch2__nav_sage_v2__ingestion_20260825_event_path_v1,event,confirmed_multipath,stage4_rule,stage4-strict-confirmed-v1,algorithm_only,"strict Stage4 rule; zero multipath is rejected_candidate, not physical LOS",eligible_pending_modeling_qa,sage-event-path-db-v1
F1023_V70_D0122_P1__G17__ch2__nav_sage_v2__ingestion_20260825_event_path_v1__event_1592__rejected_candidate,F1023_V70_D0122_P1__G17__ch2__nav_sage_v2__ingestion_20260825_event_path_v1__event_1592,F1023_V70_D0122_P1__G17__ch2__nav_sage_v2__ingestion_20260825_event_path_v1,event,rejected_candidate,stage4_rule,stage4-strict-confirmed-v1,algorithm_only,"strict Stage4 rule; zero multipath is rejected_candidate, not physical LOS",eligible_pending_modeling_qa,sage-event-path-db-v1
F1023_V70_D0122_P1__G17__ch2__nav_sage_v2__ingestion_20260825_event_path_v1__event_1318__confirmed_multipath,F1023_V70_D0122_P1__G17__ch2__nav_sage_v2__ingestion_20260825_event_path_v1__event_1318,F1023_V70_D0122_P1__G17__ch2__nav_sage_v2__ingestion_20260825_event_path_v1,event,confirmed_multipath,stage4_rule,stage4-strict-confirmed-v1,algorithm_only,"strict Stage4 rule; zero multipath is rejected_candidate, not physical LOS",eligible_pending_modeling_qa,sage-event-path-db-v1
F1023_V70_D0122_P1__G17__ch2__nav_sage_v2__ingestion_20260825_event_path_v1__event_1329__confirmed_multipath,F1023_V70_D0122_P1__G17__ch2__nav_sage_v2__ingestion_20260825_event_path_v1__event_1329,F1023_V70_D0122_P1__G17__ch2__nav_sage_v2__ingestion_20260825_event_path_v1,event,confirmed_multipath,stage4_rule,stage4-strict-confirmed-v1,algorithm_only,"strict Stage4 rule; zero multipath is rejected_candidate, not physical LOS",eligible_pending_modeling_qa,sage-event-path-db-v1
F1023_V70_D0122_P1__G17__ch2__nav_sage_v2__ingestion_20260825_event_path_v1__event_1560__confirmed_multipath,F1023_V70_D0122_P1__G17__ch2__nav_sage_v2__ingestion_20260825_event_path_v1__event_1560,F1023_V70_D0122_P1__G17__ch2__nav_sage_v2__ingestion_20260825_event_path_v1,event,confirmed_multipath,stage4_rule,stage4-strict-confirmed-v1,algorithm_only,"strict Stage4 rule; zero multipath is rejected_candidate, not physical LOS",eligible_pending_modeling_qa,sage-event-path-db-v1
F1023_V70_D0122_P1__G17__ch2__nav_sage_v2__ingestion_20260825_event_path_v1__event_1562__confirmed_multipath,F1023_V70_D0122_P1__G17__ch2__nav_sage_v2__ingestion_20260825_event_path_v1__event_1562,F1023_V70_D0122_P1__G17__ch2__nav_sage_v2__ingestion_20260825_event_path_v1,event,confirmed_multipath,stage4_rule,stage4-strict-confirmed-v1,algorithm_only,"strict Stage4 rule; zero multipath is rejected_candidate, not physical LOS",eligible_pending_modeling_qa,sage-event-path-db-v1
F1023_V70_D0122_P1__G17__ch2__nav_sage_v2__ingestion_20260825_event_path_v1__event_1332__confirmed_multipath,F1023_V70_D0122_P1__G17__ch2__nav_sage_v2__ingestion_20260825_event_path_v1__event_1332,F1023_V70_D0122_P1__G17__ch2__nav_sage_v2__ingestion_20260825_event_path_v1,event,confirmed_multipath,stage4_rule,stage4-strict-confirmed-v1,algorithm_only,"strict Stage4 rule; zero multipath is rejected_candidate, not physical LOS",eligible_pending_modeling_qa,sage-event-path-db-v1
F1023_V70_D0122_P1__G17__ch2__nav_sage_v2__ingestion_20260825_event_path_v1__event_1429__confirmed_multipath,F1023_V70_D0122_P1__G17__ch2__nav_sage_v2__ingestion_20260825_event_path_v1__event_1429,F1023_V70_D0122_P1__G17__ch2__nav_sage_v2__ingestion_20260825_event_path_v1,event,confirmed_multipath,stage4_rule,stage4-strict-confirmed-v1,algorithm_only,"strict Stage4 rule; zero multipath is rejected_candidate, not physical LOS",eligible_pending_modeling_qa,sage-event-path-db-v1
F1023_V70_D0122_P1__G19__ch11__nav_sage_v2__ingestion_20260825_event_path_v1__event_1434__confirmed_multipath,F1023_V70_D0122_P1__G19__ch11__nav_sage_v2__ingestion_20260825_event_path_v1__event_1434,F1023_V70_D0122_P1__G19__ch11__nav_sage_v2__ingestion_20260825_event_path_v1,event,confirmed_multipath,stage4_rule,stage4-strict-confirmed-v1,algorithm_only,"strict Stage4 rule; zero multipath is rejected_candidate, not physical LOS",eligible_pending_modeling_qa,sage-event-path-db-v1
F1023_V70_D0122_P1__G22__ch4__nav_sage_v2__ingestion_20260825_event_path_v1__event_56__rejected_candidate,F1023_V70_D0122_P1__G22__ch4__nav_sage_v2__ingestion_20260825_event_path_v1__event_56,F1023_V70_D0122_P1__G22__ch4__nav_sage_v2__ingestion_20260825_event_path_v1,event,rejected_candidate,stage4_rule,stage4-strict-confirmed-v1,algorithm_only,"strict Stage4 rule; zero multipath is rejected_candidate, not physical LOS",eligible_pending_modeling_qa,sage-event-path-db-v1
F1023_V70_D0122_P1__G22__ch4__nav_sage_v2__ingestion_20260825_event_path_v1__event_57__rejected_candidate,F1023_V70_D0122_P1__G22__ch4__nav_sage_v2__ingestion_20260825_event_path_v1__event_57,F1023_V70_D0122_P1__G22__ch4__nav_sage_v2__ingestion_20260825_event_path_v1,event,rejected_candidate,stage4_rule,stage4-strict-confirmed-v1,algorithm_only,"strict Stage4 rule; zero multipath is rejected_candidate, not physical LOS",eligible_pending_modeling_qa,sage-event-path-db-v1
F1023_V70_D0122_P1__G22__ch4__nav_sage_v2__ingestion_20260825_event_path_v1__event_55__rejected_candidate,F1023_V70_D0122_P1__G22__ch4__nav_sage_v2__ingestion_20260825_event_path_v1__event_55,F1023_V70_D0122_P1__G22__ch4__nav_sage_v2__ingestion_20260825_event_path_v1,event,rejected_candidate,stage4_rule,stage4-strict-confirmed-v1,algorithm_only,"strict Stage4 rule; zero multipath is rejected_candidate, not physical LOS",eligible_pending_modeling_qa,sage-event-path-db-v1
F1023_V70_D0122_P1__G22__ch4__nav_sage_v2__ingestion_20260825_event_path_v1__event_58__rejected_candidate,F1023_V70_D0122_P1__G22__ch4__nav_sage_v2__ingestion_20260825_event_path_v1__event_58,F1023_V70_D0122_P1__G22__ch4__nav_sage_v2__ingestion_20260825_event_path_v1,event,rejected_candidate,stage4_rule,stage4-strict-confirmed-v1,algorithm_only,"strict Stage4 rule; zero multipath is rejected_candidate, not physical LOS",eligible_pending_modeling_qa,sage-event-path-db-v1
F1023_V70_D0122_P1__G22__ch4__nav_sage_v2__ingestion_20260825_event_path_v1__event_1606__rejected_candidate,F1023_V70_D0122_P1__G22__ch4__nav_sage_v2__ingestion_20260825_event_path_v1__event_1606,F1023_V70_D0122_P1__G22__ch4__nav_sage_v2__ingestion_20260825_event_path_v1,event,rejected_candidate,stage4_rule,stage4-strict-confirmed-v1,algorithm_only,"strict Stage4 rule; zero multipath is rejected_candidate, not physical LOS",eligible_pending_modeling_qa,sage-event-path-db-v1
F1023_V70_D0122_P1__G22__ch4__nav_sage_v2__ingestion_20260825_event_path_v1__event_1604__rejected_candidate,F1023_V70_D0122_P1__G22__ch4__nav_sage_v2__ingestion_20260825_event_path_v1__event_1604,F1023_V70_D0122_P1__G22__ch4__nav_sage_v2__ingestion_20260825_event_path_v1,event,rejected_candidate,stage4_rule,stage4-strict-confirmed-v1,algorithm_only,"strict Stage4 rule; zero multipath is rejected_candidate, not physical LOS",eligible_pending_modeling_qa,sage-event-path-db-v1
F1023_V70_D0122_P1__G22__ch4__nav_sage_v2__ingestion_20260825_event_path_v1__event_446__confirmed_multipath,F1023_V70_D0122_P1__G22__ch4__nav_sage_v2__ingestion_20260825_event_path_v1__event_446,F1023_V70_D0122_P1__G22__ch4__nav_sage_v2__ingestion_20260825_event_path_v1,event,confirmed_multipath,stage4_rule,stage4-strict-confirmed-v1,algorithm_only,"strict Stage4 rule; zero multipath is rejected_candidate, not physical LOS",eligible_pending_modeling_qa,sage-event-path-db-v1
F1023_V70_D0122_P1__G22__ch4__nav_sage_v2__ingestion_20260825_event_path_v1__event_434__confirmed_multipath,F1023_V70_D0122_P1__G22__ch4__nav_sage_v2__ingestion_20260825_event_path_v1__event_434,F1023_V70_D0122_P1__G22__ch4__nav_sage_v2__ingestion_20260825_event_path_v1,event,confirmed_multipath,stage4_rule,stage4-strict-confirmed-v1,algorithm_only,"strict Stage4 rule; zero multipath is rejected_candidate, not physical LOS",eligible_pending_modeling_qa,sage-event-path-db-v1
F1023_V70_D0122_P1__G24__ch7__nav_sage_v2__ingestion_20260825_event_path_v1__event_8__rejected_candidate,F1023_V70_D0122_P1__G24__ch7__nav_sage_v2__ingestion_20260825_event_path_v1__event_8,F1023_V70_D0122_P1__G24__ch7__nav_sage_v2__ingestion_20260825_event_path_v1,event,rejected_candidate,stage4_rule,stage4-strict-confirmed-v1,algorithm_only,"strict Stage4 rule; zero multipath is rejected_candidate, not physical LOS",eligible_pending_modeling_qa,sage-event-path-db-v1
F1023_V70_D0122_P1__G24__ch7__nav_sage_v2__ingestion_20260825_event_path_v1__event_9__rejected_candidate,F1023_V70_D0122_P1__G24__ch7__nav_sage_v2__ingestion_20260825_event_path_v1__event_9,F1023_V70_D0122_P1__G24__ch7__nav_sage_v2__ingestion_20260825_event_path_v1,event,rejected_candidate,stage4_rule,stage4-strict-confirmed-v1,algorithm_only,"strict Stage4 rule; zero multipath is rejected_candidate, not physical LOS",eligible_pending_modeling_qa,sage-event-path-db-v1
F1023_V70_D0122_P1__G24__ch7__nav_sage_v2__ingestion_20260825_event_path_v1__event_930__rejected_candidate,F1023_V70_D0122_P1__G24__ch7__nav_sage_v2__ingestion_20260825_event_path_v1__event_930,F1023_V70_D0122_P1__G24__ch7__nav_sage_v2__ingestion_20260825_event_path_v1,event,rejected_candidate,stage4_rule,stage4-strict-confirmed-v1,algorithm_only,"strict Stage4 rule; zero multipath is rejected_candidate, not physical LOS",eligible_pending_modeling_qa,sage-event-path-db-v1
F1023_V70_D0122_P1__G24__ch7__nav_sage_v2__ingestion_20260825_event_path_v1__event_931__rejected_candidate,F1023_V70_D0122_P1__G24__ch7__nav_sage_v2__ingestion_20260825_event_path_v1__event_931,F1023_V70_D0122_P1__G24__ch7__nav_sage_v2__ingestion_20260825_event_path_v1,event,rejected_candidate,stage4_rule,stage4-strict-confirmed-v1,algorithm_only,"strict Stage4 rule; zero multipath is rejected_candidate, not physical LOS",eligible_pending_modeling_qa,sage-event-path-db-v1
F1023_V70_D0122_P1__G24__ch7__nav_sage_v2__ingestion_20260825_event_path_v1__event_932__confirmed_multipath,F1023_V70_D0122_P1__G24__ch7__nav_sage_v2__ingestion_20260825_event_path_v1__event_932,F1023_V70_D0122_P1__G24__ch7__nav_sage_v2__ingestion_20260825_event_path_v1,event,confirmed_multipath,stage4_rule,stage4-strict-confirmed-v1,algorithm_only,"strict Stage4 rule; zero multipath is rejected_candidate, not physical LOS",eligible_pending_modeling_qa,sage-event-path-db-v1
F1023_V70_D0122_P1__G24__ch7__nav_sage_v2__ingestion_20260825_event_path_v1__event_1361__confirmed_multipath,F1023_V70_D0122_P1__G24__ch7__nav_sage_v2__ingestion_20260825_event_path_v1__event_1361,F1023_V70_D0122_P1__G24__ch7__nav_sage_v2__ingestion_20260825_event_path_v1,event,confirmed_multipath,stage4_rule,stage4-strict-confirmed-v1,algorithm_only,"strict Stage4 rule; zero multipath is rejected_candidate, not physical LOS",eligible_pending_modeling_qa,sage-event-path-db-v1
F1023_V70_D0122_P1__G24__ch7__nav_sage_v2__ingestion_20260825_event_path_v1__event_1362__confirmed_multipath,F1023_V70_D0122_P1__G24__ch7__nav_sage_v2__ingestion_20260825_event_path_v1__event_1362,F1023_V70_D0122_P1__G24__ch7__nav_sage_v2__ingestion_20260825_event_path_v1,event,confirmed_multipath,stage4_rule,stage4-strict-confirmed-v1,algorithm_only,"strict Stage4 rule; zero multipath is rejected_candidate, not physical LOS",eligible_pending_modeling_qa,sage-event-path-db-v1
F1023_V70_D0122_P1__G24__ch7__nav_sage_v2__ingestion_20260825_event_path_v1__event_1363__rejected_candidate,F1023_V70_D0122_P1__G24__ch7__nav_sage_v2__ingestion_20260825_event_path_v1__event_1363,F1023_V70_D0122_P1__G24__ch7__nav_sage_v2__ingestion_20260825_event_path_v1,event,rejected_candidate,stage4_rule,stage4-strict-confirmed-v1,algorithm_only,"strict Stage4 rule; zero multipath is rejected_candidate, not physical LOS",eligible_pending_modeling_qa,sage-event-path-db-v1
F1023_V70_D0122_P2__G12__ch2__nav_sage_v2__ingestion_20260825_event_path_v1__event_594__confirmed_multipath,F1023_V70_D0122_P2__G12__ch2__nav_sage_v2__ingestion_20260825_event_path_v1__event_594,F1023_V70_D0122_P2__G12__ch2__nav_sage_v2__ingestion_20260825_event_path_v1,event,confirmed_multipath,stage4_rule,stage4-strict-confirmed-v1,algorithm_only,"strict Stage4 rule; zero multipath is rejected_candidate, not physical LOS",eligible_pending_modeling_qa,sage-event-path-db-v1
F1023_V70_D0122_P2__G12__ch2__nav_sage_v2__ingestion_20260825_event_path_v1__event_451__rejected_candidate,F1023_V70_D0122_P2__G12__ch2__nav_sage_v2__ingestion_20260825_event_path_v1__event_451,F1023_V70_D0122_P2__G12__ch2__nav_sage_v2__ingestion_20260825_event_path_v1,event,rejected_candidate,stage4_rule,stage4-strict-confirmed-v1,algorithm_only,"strict Stage4 rule; zero multipath is rejected_candidate, not physical LOS",eligible_pending_modeling_qa,sage-event-path-db-v1
F1023_V70_D0122_P2__G12__ch2__nav_sage_v2__ingestion_20260825_event_path_v1__event_535__confirmed_multipath,F1023_V70_D0122_P2__G12__ch2__nav_sage_v2__ingestion_20260825_event_path_v1__event_535,F1023_V70_D0122_P2__G12__ch2__nav_sage_v2__ingestion_20260825_event_path_v1,event,confirmed_multipath,stage4_rule,stage4-strict-confirmed-v1,algorithm_only,"strict Stage4 rule; zero multipath is rejected_candidate, not physical LOS",eligible_pending_modeling_qa,sage-event-path-db-v1
F1023_V70_D0122_P2__G12__ch2__nav_sage_v2__ingestion_20260825_event_path_v1__event_653__confirmed_multipath,F1023_V70_D0122_P2__G12__ch2__nav_sage_v2__ingestion_20260825_event_path_v1__event_653,F1023_V70_D0122_P2__G12__ch2__nav_sage_v2__ingestion_20260825_event_path_v1,event,confirmed_multipath,stage4_rule,stage4-strict-confirmed-v1,algorithm_only,"strict Stage4 rule; zero multipath is rejected_candidate, not physical LOS",eligible_pending_modeling_qa,sage-event-path-db-v1
F1023_V70_D0122_P2__G12__ch2__nav_sage_v2__ingestion_20260825_event_path_v1__event_694__confirmed_multipath,F1023_V70_D0122_P2__G12__ch2__nav_sage_v2__ingestion_20260825_event_path_v1__event_694,F1023_V70_D0122_P2__G12__ch2__nav_sage_v2__ingestion_20260825_event_path_v1,event,confirmed_multipath,stage4_rule,stage4-strict-confirmed-v1,algorithm_only,"strict Stage4 rule; zero multipath is rejected_candidate, not physical LOS",eligible_pending_modeling_qa,sage-event-path-db-v1
F1023_V70_D0122_P2__G12__ch2__nav_sage_v2__ingestion_20260825_event_path_v1__event_848__confirmed_multipath,F1023_V70_D0122_P2__G12__ch2__nav_sage_v2__ingestion_20260825_event_path_v1__event_848,F1023_V70_D0122_P2__G12__ch2__nav_sage_v2__ingestion_20260825_event_path_v1,event,confirmed_multipath,stage4_rule,stage4-strict-confirmed-v1,algorithm_only,"strict Stage4 rule; zero multipath is rejected_candidate, not physical LOS",eligible_pending_modeling_qa,sage-event-path-db-v1
F1023_V70_D0122_P2__G12__ch2__nav_sage_v2__ingestion_20260825_event_path_v1__event_471__confirmed_multipath,F1023_V70_D0122_P2__G12__ch2__nav_sage_v2__ingestion_20260825_event_path_v1__event_471,F1023_V70_D0122_P2__G12__ch2__nav_sage_v2__ingestion_20260825_event_path_v1,event,confirmed_multipath,stage4_rule,stage4-strict-confirmed-v1,algorithm_only,"strict Stage4 rule; zero multipath is rejected_candidate, not physical LOS",eligible_pending_modeling_qa,sage-event-path-db-v1
F1023_V70_D0122_P2__G12__ch2__nav_sage_v2__ingestion_20260825_event_path_v1__event_595__confirmed_multipath,F1023_V70_D0122_P2__G12__ch2__nav_sage_v2__ingestion_20260825_event_path_v1__event_595,F1023_V70_D0122_P2__G12__ch2__nav_sage_v2__ingestion_20260825_event_path_v1,event,confirmed_multipath,stage4_rule,stage4-strict-confirmed-v1,algorithm_only,"strict Stage4 rule; zero multipath is rejected_candidate, not physical LOS",eligible_pending_modeling_qa,sage-event-path-db-v1
F1023_V70_D0122_P2__G19__ch11__nav_sage_v2__ingestion_20260825_event_path_v1__event_4191__rejected_candidate,F1023_V70_D0122_P2__G19__ch11__nav_sage_v2__ingestion_20260825_event_path_v1__event_4191,F1023_V70_D0122_P2__G19__ch11__nav_sage_v2__ingestion_20260825_event_path_v1,event,rejected_candidate,stage4_rule,stage4-strict-confirmed-v1,algorithm_only,"strict Stage4 rule; zero multipath is rejected_candidate, not physical LOS",eligible_pending_modeling_qa,sage-event-path-db-v1
F1023_V70_D0122_P2__G19__ch11__nav_sage_v2__ingestion_20260825_event_path_v1__event_4189__rejected_candidate,F1023_V70_D0122_P2__G19__ch11__nav_sage_v2__ingestion_20260825_event_path_v1__event_4189,F1023_V70_D0122_P2__G19__ch11__nav_sage_v2__ingestion_20260825_event_path_v1,event,rejected_candidate,stage4_rule,stage4-strict-confirmed-v1,algorithm_only,"strict Stage4 rule; zero multipath is rejected_candidate, not physical LOS",eligible_pending_modeling_qa,sage-event-path-db-v1
F1023_V70_D0122_P2__G19__ch11__nav_sage_v2__ingestion_20260825_event_path_v1__event_4190__rejected_candidate,F1023_V70_D0122_P2__G19__ch11__nav_sage_v2__ingestion_20260825_event_path_v1__event_4190,F1023_V70_D0122_P2__G19__ch11__nav_sage_v2__ingestion_20260825_event_path_v1,event,rejected_candidate,stage4_rule,stage4-strict-confirmed-v1,algorithm_only,"strict Stage4 rule; zero multipath is rejected_candidate, not physical LOS",eligible_pending_modeling_qa,sage-event-path-db-v1
F1023_V70_D0122_P2__G19__ch11__nav_sage_v2__ingestion_20260825_event_path_v1__event_3267__rejected_candidate,F1023_V70_D0122_P2__G19__ch11__nav_sage_v2__ingestion_20260825_event_path_v1__event_3267,F1023_V70_D0122_P2__G19__ch11__nav_sage_v2__ingestion_20260825_event_path_v1,event,rejected_candidate,stage4_rule,stage4-strict-confirmed-v1,algorithm_only,"strict Stage4 rule; zero multipath is rejected_candidate, not physical LOS",eligible_pending_modeling_qa,sage-event-path-db-v1
F1023_V70_D0122_P2__G23__ch10__nav_sage_v2__ingestion_20260825_event_path_v1__event_987__rejected_candidate,F1023_V70_D0122_P2__G23__ch10__nav_sage_v2__ingestion_20260825_event_path_v1__event_987,F1023_V70_D0122_P2__G23__ch10__nav_sage_v2__ingestion_20260825_event_path_v1,event,rejected_candidate,stage4_rule,stage4-strict-confirmed-v1,algorithm_only,"strict Stage4 rule; zero multipath is rejected_candidate, not physical LOS",eligible_pending_modeling_qa,sage-event-path-db-v1
F1023_V70_D0122_P2__G23__ch10__nav_sage_v2__ingestion_20260825_event_path_v1__event_889__confirmed_multipath,F1023_V70_D0122_P2__G23__ch10__nav_sage_v2__ingestion_20260825_event_path_v1__event_889,F1023_V70_D0122_P2__G23__ch10__nav_sage_v2__ingestion_20260825_event_path_v1,event,confirmed_multipath,stage4_rule,stage4-strict-confirmed-v1,algorithm_only,"strict Stage4 rule; zero multipath is rejected_candidate, not physical LOS",eligible_pending_modeling_qa,sage-event-path-db-v1
F1023_V70_D0122_P2__G23__ch10__nav_sage_v2__ingestion_20260825_event_path_v1__event_1071__confirmed_multipath,F1023_V70_D0122_P2__G23__ch10__nav_sage_v2__ingestion_20260825_event_path_v1__event_1071,F1023_V70_D0122_P2__G23__ch10__nav_sage_v2__ingestion_20260825_event_path_v1,event,confirmed_multipath,stage4_rule,stage4-strict-confirmed-v1,algorithm_only,"strict Stage4 rule; zero multipath is rejected_candidate, not physical LOS",eligible_pending_modeling_qa,sage-event-path-db-v1
F1023_V70_D0122_P2__G23__ch10__nav_sage_v2__ingestion_20260825_event_path_v1__event_2143__confirmed_multipath,F1023_V70_D0122_P2__G23__ch10__nav_sage_v2__ingestion_20260825_event_path_v1__event_2143,F1023_V70_D0122_P2__G23__ch10__nav_sage_v2__ingestion_20260825_event_path_v1,event,confirmed_multipath,stage4_rule,stage4-strict-confirmed-v1,algorithm_only,"strict Stage4 rule; zero multipath is rejected_candidate, not physical LOS",eligible_pending_modeling_qa,sage-event-path-db-v1
F1023_V70_D0122_P2__G23__ch10__nav_sage_v2__ingestion_20260825_event_path_v1__event_877__confirmed_multipath,F1023_V70_D0122_P2__G23__ch10__nav_sage_v2__ingestion_20260825_event_path_v1__event_877,F1023_V70_D0122_P2__G23__ch10__nav_sage_v2__ingestion_20260825_event_path_v1,event,confirmed_multipath,stage4_rule,stage4-strict-confirmed-v1,algorithm_only,"strict Stage4 rule; zero multipath is rejected_candidate, not physical LOS",eligible_pending_modeling_qa,sage-event-path-db-v1
F1023_V70_D0122_P2__G23__ch10__nav_sage_v2__ingestion_20260825_event_path_v1__event_878__confirmed_multipath,F1023_V70_D0122_P2__G23__ch10__nav_sage_v2__ingestion_20260825_event_path_v1__event_878,F1023_V70_D0122_P2__G23__ch10__nav_sage_v2__ingestion_20260825_event_path_v1,event,confirmed_multipath,stage4_rule,stage4-strict-confirmed-v1,algorithm_only,"strict Stage4 rule; zero multipath is rejected_candidate, not physical LOS",eligible_pending_modeling_qa,sage-event-path-db-v1
F1023_V70_D0122_P2__G23__ch10__nav_sage_v2__ingestion_20260825_event_path_v1__event_888__confirmed_multipath,F1023_V70_D0122_P2__G23__ch10__nav_sage_v2__ingestion_20260825_event_path_v1__event_888,F1023_V70_D0122_P2__G23__ch10__nav_sage_v2__ingestion_20260825_event_path_v1,event,confirmed_multipath,stage4_rule,stage4-strict-confirmed-v1,algorithm_only,"strict Stage4 rule; zero multipath is rejected_candidate, not physical LOS",eligible_pending_modeling_qa,sage-event-path-db-v1
F1023_V70_D0122_P2__G23__ch10__nav_sage_v2__ingestion_20260825_event_path_v1__event_891__confirmed_multipath,F1023_V70_D0122_P2__G23__ch10__nav_sage_v2__ingestion_20260825_event_path_v1__event_891,F1023_V70_D0122_P2__G23__ch10__nav_sage_v2__ingestion_20260825_event_path_v1,event,confirmed_multipath,stage4_rule,stage4-strict-confirmed-v1,algorithm_only,"strict Stage4 rule; zero multipath is rejected_candidate, not physical LOS",eligible_pending_modeling_qa,sage-event-path-db-v1
F1023_V70_D0122_P2__G24__ch3__nav_sage_v2__ingestion_20260825_event_path_v1__event_2198__confirmed_multipath,F1023_V70_D0122_P2__G24__ch3__nav_sage_v2__ingestion_20260825_event_path_v1__event_2198,F1023_V70_D0122_P2__G24__ch3__nav_sage_v2__ingestion_20260825_event_path_v1,event,confirmed_multipath,stage4_rule,stage4-strict-confirmed-v1,algorithm_only,"strict Stage4 rule; zero multipath is rejected_candidate, not physical LOS",eligible_pending_modeling_qa,sage-event-path-db-v1
F1023_V70_D0122_P2__G24__ch3__nav_sage_v2__ingestion_20260825_event_path_v1__event_2199__confirmed_multipath,F1023_V70_D0122_P2__G24__ch3__nav_sage_v2__ingestion_20260825_event_path_v1__event_2199,F1023_V70_D0122_P2__G24__ch3__nav_sage_v2__ingestion_20260825_event_path_v1,event,confirmed_multipath,stage4_rule,stage4-strict-confirmed-v1,algorithm_only,"strict Stage4 rule; zero multipath is rejected_candidate, not physical LOS",eligible_pending_modeling_qa,sage-event-path-db-v1
F1023_V70_D0122_P2__G24__ch3__nav_sage_v2__ingestion_20260825_event_path_v1__event_2197__confirmed_multipath,F1023_V70_D0122_P2__G24__ch3__nav_sage_v2__ingestion_20260825_event_path_v1__event_2197,F1023_V70_D0122_P2__G24__ch3__nav_sage_v2__ingestion_20260825_event_path_v1,event,confirmed_multipath,stage4_rule,stage4-strict-confirmed-v1,algorithm_only,"strict Stage4 rule; zero multipath is rejected_candidate, not physical LOS",eligible_pending_modeling_qa,sage-event-path-db-v1
F1023_V70_D0122_P2__G24__ch3__nav_sage_v2__ingestion_20260825_event_path_v1__event_3071__confirmed_multipath,F1023_V70_D0122_P2__G24__ch3__nav_sage_v2__ingestion_20260825_event_path_v1__event_3071,F1023_V70_D0122_P2__G24__ch3__nav_sage_v2__ingestion_20260825_event_path_v1,event,confirmed_multipath,stage4_rule,stage4-strict-confirmed-v1,algorithm_only,"strict Stage4 rule; zero multipath is rejected_candidate, not physical LOS",eligible_pending_modeling_qa,sage-event-path-db-v1
F1023_V70_D0122_P2__G24__ch3__nav_sage_v2__ingestion_20260825_event_path_v1__event_3330__rejected_candidate,F1023_V70_D0122_P2__G24__ch3__nav_sage_v2__ingestion_20260825_event_path_v1__event_3330,F1023_V70_D0122_P2__G24__ch3__nav_sage_v2__ingestion_20260825_event_path_v1,event,rejected_candidate,stage4_rule,stage4-strict-confirmed-v1,algorithm_only,"strict Stage4 rule; zero multipath is rejected_candidate, not physical LOS",eligible_pending_modeling_qa,sage-event-path-db-v1
F1023_V70_D0122_P2__G24__ch3__nav_sage_v2__ingestion_20260825_event_path_v1__event_3332__rejected_candidate,F1023_V70_D0122_P2__G24__ch3__nav_sage_v2__ingestion_20260825_event_path_v1__event_3332,F1023_V70_D0122_P2__G24__ch3__nav_sage_v2__ingestion_20260825_event_path_v1,event,rejected_candidate,stage4_rule,stage4-strict-confirmed-v1,algorithm_only,"strict Stage4 rule; zero multipath is rejected_candidate, not physical LOS",eligible_pending_modeling_qa,sage-event-path-db-v1
F1023_V70_D0122_P2__G24__ch3__nav_sage_v2__ingestion_20260825_event_path_v1__event_1493__confirmed_multipath,F1023_V70_D0122_P2__G24__ch3__nav_sage_v2__ingestion_20260825_event_path_v1__event_1493,F1023_V70_D0122_P2__G24__ch3__nav_sage_v2__ingestion_20260825_event_path_v1,event,confirmed_multipath,stage4_rule,stage4-strict-confirmed-v1,algorithm_only,"strict Stage4 rule; zero multipath is rejected_candidate, not physical LOS",eligible_pending_modeling_qa,sage-event-path-db-v1
F1023_V70_D0122_P2__G24__ch3__nav_sage_v2__ingestion_20260825_event_path_v1__event_3317__rejected_candidate,F1023_V70_D0122_P2__G24__ch3__nav_sage_v2__ingestion_20260825_event_path_v1__event_3317,F1023_V70_D0122_P2__G24__ch3__nav_sage_v2__ingestion_20260825_event_path_v1,event,rejected_candidate,stage4_rule,stage4-strict-confirmed-v1,algorithm_only,"strict Stage4 rule; zero multipath is rejected_candidate, not physical LOS",eligible_pending_modeling_qa,sage-event-path-db-v1
F1023_V80_D0117_P8__G12__ch4__nav_sage_v2__ingestion_20260825_event_path_v1__event_395__rejected_candidate,F1023_V80_D0117_P8__G12__ch4__nav_sage_v2__ingestion_20260825_event_path_v1__event_395,F1023_V80_D0117_P8__G12__ch4__nav_sage_v2__ingestion_20260825_event_path_v1,event,rejected_candidate,stage4_rule,stage4-strict-confirmed-v1,algorithm_only,"strict Stage4 rule; zero multipath is rejected_candidate, not physical LOS",eligible_pending_modeling_qa,sage-event-path-db-v1
F1023_V80_D0117_P8__G12__ch4__nav_sage_v2__ingestion_20260825_event_path_v1__event_475__rejected_candidate,F1023_V80_D0117_P8__G12__ch4__nav_sage_v2__ingestion_20260825_event_path_v1__event_475,F1023_V80_D0117_P8__G12__ch4__nav_sage_v2__ingestion_20260825_event_path_v1,event,rejected_candidate,stage4_rule,stage4-strict-confirmed-v1,algorithm_only,"strict Stage4 rule; zero multipath is rejected_candidate, not physical LOS",eligible_pending_modeling_qa,sage-event-path-db-v1
F1023_V80_D0117_P8__G28__ch6__nav_sage_v2__ingestion_20260825_event_path_v1__event_431__rejected_candidate,F1023_V80_D0117_P8__G28__ch6__nav_sage_v2__ingestion_20260825_event_path_v1__event_431,F1023_V80_D0117_P8__G28__ch6__nav_sage_v2__ingestion_20260825_event_path_v1,event,rejected_candidate,stage4_rule,stage4-strict-confirmed-v1,algorithm_only,"strict Stage4 rule; zero multipath is rejected_candidate, not physical LOS",eligible_pending_modeling_qa,sage-event-path-db-v1
F1023_V80_D0117_P8__G28__ch6__nav_sage_v2__ingestion_20260825_event_path_v1__event_432__confirmed_multipath,F1023_V80_D0117_P8__G28__ch6__nav_sage_v2__ingestion_20260825_event_path_v1__event_432,F1023_V80_D0117_P8__G28__ch6__nav_sage_v2__ingestion_20260825_event_path_v1,event,confirmed_multipath,stage4_rule,stage4-strict-confirmed-v1,algorithm_only,"strict Stage4 rule; zero multipath is rejected_candidate, not physical LOS",eligible_pending_modeling_qa,sage-event-path-db-v1
F1023_V80_D0117_P8__G28__ch6__nav_sage_v2__ingestion_20260825_event_path_v1__event_433__confirmed_multipath,F1023_V80_D0117_P8__G28__ch6__nav_sage_v2__ingestion_20260825_event_path_v1__event_433,F1023_V80_D0117_P8__G28__ch6__nav_sage_v2__ingestion_20260825_event_path_v1,event,confirmed_multipath,stage4_rule,stage4-strict-confirmed-v1,algorithm_only,"strict Stage4 rule; zero multipath is rejected_candidate, not physical LOS",eligible_pending_modeling_qa,sage-event-path-db-v1
F1023_V80_D0117_P8__G28__ch6__nav_sage_v2__ingestion_20260825_event_path_v1__event_1067__rejected_candidate,F1023_V80_D0117_P8__G28__ch6__nav_sage_v2__ingestion_20260825_event_path_v1__event_1067,F1023_V80_D0117_P8__G28__ch6__nav_sage_v2__ingestion_20260825_event_path_v1,event,rejected_candidate,stage4_rule,stage4-strict-confirmed-v1,algorithm_only,"strict Stage4 rule; zero multipath is rejected_candidate, not physical LOS",eligible_pending_modeling_qa,sage-event-path-db-v1
F1023_V80_D0117_P8__G28__ch6__nav_sage_v2__ingestion_20260825_event_path_v1__event_434__confirmed_multipath,F1023_V80_D0117_P8__G28__ch6__nav_sage_v2__ingestion_20260825_event_path_v1__event_434,F1023_V80_D0117_P8__G28__ch6__nav_sage_v2__ingestion_20260825_event_path_v1,event,confirmed_multipath,stage4_rule,stage4-strict-confirmed-v1,algorithm_only,"strict Stage4 rule; zero multipath is rejected_candidate, not physical LOS",eligible_pending_modeling_qa,sage-event-path-db-v1
F1023_V80_D0117_P8__G28__ch6__nav_sage_v2__ingestion_20260825_event_path_v1__event_1035__rejected_candidate,F1023_V80_D0117_P8__G28__ch6__nav_sage_v2__ingestion_20260825_event_path_v1__event_1035,F1023_V80_D0117_P8__G28__ch6__nav_sage_v2__ingestion_20260825_event_path_v1,event,rejected_candidate,stage4_rule,stage4-strict-confirmed-v1,algorithm_only,"strict Stage4 rule; zero multipath is rejected_candidate, not physical LOS",eligible_pending_modeling_qa,sage-event-path-db-v1
F1023_V80_D0117_P8__G28__ch6__nav_sage_v2__ingestion_20260825_event_path_v1__event_1036__rejected_candidate,F1023_V80_D0117_P8__G28__ch6__nav_sage_v2__ingestion_20260825_event_path_v1__event_1036,F1023_V80_D0117_P8__G28__ch6__nav_sage_v2__ingestion_20260825_event_path_v1,event,rejected_candidate,stage4_rule,stage4-strict-confirmed-v1,algorithm_only,"strict Stage4 rule; zero multipath is rejected_candidate, not physical LOS",eligible_pending_modeling_qa,sage-event-path-db-v1
F1023_V80_D0117_P8__G28__ch6__nav_sage_v2__ingestion_20260825_event_path_v1__event_95__rejected_candidate,F1023_V80_D0117_P8__G28__ch6__nav_sage_v2__ingestion_20260825_event_path_v1__event_95,F1023_V80_D0117_P8__G28__ch6__nav_sage_v2__ingestion_20260825_event_path_v1,event,rejected_candidate,stage4_rule,stage4-strict-confirmed-v1,algorithm_only,"strict Stage4 rule; zero multipath is rejected_candidate, not physical LOS",eligible_pending_modeling_qa,sage-event-path-db-v1
F1023_V80_D0117_P8__G29__ch9__nav_sage_v2__ingestion_20260825_event_path_v1__event_457__rejected_candidate,F1023_V80_D0117_P8__G29__ch9__nav_sage_v2__ingestion_20260825_event_path_v1__event_457,F1023_V80_D0117_P8__G29__ch9__nav_sage_v2__ingestion_20260825_event_path_v1,event,rejected_candidate,stage4_rule,stage4-strict-confirmed-v1,algorithm_only,"strict Stage4 rule; zero multipath is rejected_candidate, not physical LOS",eligible_pending_modeling_qa,sage-event-path-db-v1
F1023_V80_D0117_P8__G29__ch9__nav_sage_v2__ingestion_20260825_event_path_v1__event_458__rejected_candidate,F1023_V80_D0117_P8__G29__ch9__nav_sage_v2__ingestion_20260825_event_path_v1__event_458,F1023_V80_D0117_P8__G29__ch9__nav_sage_v2__ingestion_20260825_event_path_v1,event,rejected_candidate,stage4_rule,stage4-strict-confirmed-v1,algorithm_only,"strict Stage4 rule; zero multipath is rejected_candidate, not physical LOS",eligible_pending_modeling_qa,sage-event-path-db-v1
F1023_V80_D0117_P8__G29__ch9__nav_sage_v2__ingestion_20260825_event_path_v1__event_459__rejected_candidate,F1023_V80_D0117_P8__G29__ch9__nav_sage_v2__ingestion_20260825_event_path_v1__event_459,F1023_V80_D0117_P8__G29__ch9__nav_sage_v2__ingestion_20260825_event_path_v1,event,rejected_candidate,stage4_rule,stage4-strict-confirmed-v1,algorithm_only,"strict Stage4 rule; zero multipath is rejected_candidate, not physical LOS",eligible_pending_modeling_qa,sage-event-path-db-v1
F1023_V80_D0117_P8__G29__ch9__nav_sage_v2__ingestion_20260825_event_path_v1__event_1066__rejected_candidate,F1023_V80_D0117_P8__G29__ch9__nav_sage_v2__ingestion_20260825_event_path_v1__event_1066,F1023_V80_D0117_P8__G29__ch9__nav_sage_v2__ingestion_20260825_event_path_v1,event,rejected_candidate,stage4_rule,stage4-strict-confirmed-v1,algorithm_only,"strict Stage4 rule; zero multipath is rejected_candidate, not physical LOS",eligible_pending_modeling_qa,sage-event-path-db-v1
F1023_V80_D0117_P8__G29__ch9__nav_sage_v2__ingestion_20260825_event_path_v1__event_1067__rejected_candidate,F1023_V80_D0117_P8__G29__ch9__nav_sage_v2__ingestion_20260825_event_path_v1__event_1067,F1023_V80_D0117_P8__G29__ch9__nav_sage_v2__ingestion_20260825_event_path_v1,event,rejected_candidate,stage4_rule,stage4-strict-confirmed-v1,algorithm_only,"strict Stage4 rule; zero multipath is rejected_candidate, not physical LOS",eligible_pending_modeling_qa,sage-event-path-db-v1
F1023_V80_D0117_P8__G29__ch9__nav_sage_v2__ingestion_20260825_event_path_v1__event_1068__rejected_candidate,F1023_V80_D0117_P8__G29__ch9__nav_sage_v2__ingestion_20260825_event_path_v1__event_1068,F1023_V80_D0117_P8__G29__ch9__nav_sage_v2__ingestion_20260825_event_path_v1,event,rejected_candidate,stage4_rule,stage4-strict-confirmed-v1,algorithm_only,"strict Stage4 rule; zero multipath is rejected_candidate, not physical LOS",eligible_pending_modeling_qa,sage-event-path-db-v1
F1023_V80_D0117_P8__G29__ch9__nav_sage_v2__ingestion_20260825_event_path_v1__event_734__rejected_candidate,F1023_V80_D0117_P8__G29__ch9__nav_sage_v2__ingestion_20260825_event_path_v1__event_734,F1023_V80_D0117_P8__G29__ch9__nav_sage_v2__ingestion_20260825_event_path_v1,event,rejected_candidate,stage4_rule,stage4-strict-confirmed-v1,algorithm_only,"strict Stage4 rule; zero multipath is rejected_candidate, not physical LOS",eligible_pending_modeling_qa,sage-event-path-db-v1
F1023_V80_D0117_P8__G29__ch9__nav_sage_v2__ingestion_20260825_event_path_v1__event_733__confirmed_multipath,F1023_V80_D0117_P8__G29__ch9__nav_sage_v2__ingestion_20260825_event_path_v1__event_733,F1023_V80_D0117_P8__G29__ch9__nav_sage_v2__ingestion_20260825_event_path_v1,event,confirmed_multipath,stage4_rule,stage4-strict-confirmed-v1,algorithm_only,"strict Stage4 rule; zero multipath is rejected_candidate, not physical LOS",eligible_pending_modeling_qa,sage-event-path-db-v1
F1023_v90_D0117_P7__G12__ch10__nav_sage_v2__ingestion_20260825_event_path_v1__event_56__rejected_candidate,F1023_v90_D0117_P7__G12__ch10__nav_sage_v2__ingestion_20260825_event_path_v1__event_56,F1023_v90_D0117_P7__G12__ch10__nav_sage_v2__ingestion_20260825_event_path_v1,event,rejected_candidate,stage4_rule,stage4-strict-confirmed-v1,algorithm_only,"strict Stage4 rule; zero multipath is rejected_candidate, not physical LOS",eligible_pending_modeling_qa,sage-event-path-db-v1
F1023_v90_D0117_P7__G12__ch10__nav_sage_v2__ingestion_20260825_event_path_v1__event_57__rejected_candidate,F1023_v90_D0117_P7__G12__ch10__nav_sage_v2__ingestion_20260825_event_path_v1__event_57,F1023_v90_D0117_P7__G12__ch10__nav_sage_v2__ingestion_20260825_event_path_v1,event,rejected_candidate,stage4_rule,stage4-strict-confirmed-v1,algorithm_only,"strict Stage4 rule; zero multipath is rejected_candidate, not physical LOS",eligible_pending_modeling_qa,sage-event-path-db-v1
F1023_v90_D0117_P7__G12__ch10__nav_sage_v2__ingestion_20260825_event_path_v1__event_58__rejected_candidate,F1023_v90_D0117_P7__G12__ch10__nav_sage_v2__ingestion_20260825_event_path_v1__event_58,F1023_v90_D0117_P7__G12__ch10__nav_sage_v2__ingestion_20260825_event_path_v1,event,rejected_candidate,stage4_rule,stage4-strict-confirmed-v1,algorithm_only,"strict Stage4 rule; zero multipath is rejected_candidate, not physical LOS",eligible_pending_modeling_qa,sage-event-path-db-v1
F1023_v90_D0117_P7__G12__ch10__nav_sage_v2__ingestion_20260825_event_path_v1__event_82__rejected_candidate,F1023_v90_D0117_P7__G12__ch10__nav_sage_v2__ingestion_20260825_event_path_v1__event_82,F1023_v90_D0117_P7__G12__ch10__nav_sage_v2__ingestion_20260825_event_path_v1,event,rejected_candidate,stage4_rule,stage4-strict-confirmed-v1,algorithm_only,"strict Stage4 rule; zero multipath is rejected_candidate, not physical LOS",eligible_pending_modeling_qa,sage-event-path-db-v1
F1023_v90_D0117_P7__G25__ch0__nav_sage_v2__ingestion_20260825_event_path_v1__event_45__rejected_candidate,F1023_v90_D0117_P7__G25__ch0__nav_sage_v2__ingestion_20260825_event_path_v1__event_45,F1023_v90_D0117_P7__G25__ch0__nav_sage_v2__ingestion_20260825_event_path_v1,event,rejected_candidate,stage4_rule,stage4-strict-confirmed-v1,algorithm_only,"strict Stage4 rule; zero multipath is rejected_candidate, not physical LOS",eligible_pending_modeling_qa,sage-event-path-db-v1
F1023_v90_D0117_P7__G25__ch0__nav_sage_v2__ingestion_20260825_event_path_v1__event_46__rejected_candidate,F1023_v90_D0117_P7__G25__ch0__nav_sage_v2__ingestion_20260825_event_path_v1__event_46,F1023_v90_D0117_P7__G25__ch0__nav_sage_v2__ingestion_20260825_event_path_v1,event,rejected_candidate,stage4_rule,stage4-strict-confirmed-v1,algorithm_only,"strict Stage4 rule; zero multipath is rejected_candidate, not physical LOS",eligible_pending_modeling_qa,sage-event-path-db-v1
F1023_v90_D0117_P7__G25__ch0__nav_sage_v2__ingestion_20260825_event_path_v1__event_47__confirmed_multipath,F1023_v90_D0117_P7__G25__ch0__nav_sage_v2__ingestion_20260825_event_path_v1__event_47,F1023_v90_D0117_P7__G25__ch0__nav_sage_v2__ingestion_20260825_event_path_v1,event,confirmed_multipath,stage4_rule,stage4-strict-confirmed-v1,algorithm_only,"strict Stage4 rule; zero multipath is rejected_candidate, not physical LOS",eligible_pending_modeling_qa,sage-event-path-db-v1
F1023_v90_D0117_P7__G25__ch0__nav_sage_v2__ingestion_20260825_event_path_v1__event_84__confirmed_multipath,F1023_v90_D0117_P7__G25__ch0__nav_sage_v2__ingestion_20260825_event_path_v1__event_84,F1023_v90_D0117_P7__G25__ch0__nav_sage_v2__ingestion_20260825_event_path_v1,event,confirmed_multipath,stage4_rule,stage4-strict-confirmed-v1,algorithm_only,"strict Stage4 rule; zero multipath is rejected_candidate, not physical LOS",eligible_pending_modeling_qa,sage-event-path-db-v1
F1023_v90_D0117_P7__G28__ch4__nav_sage_v2__ingestion_20260825_event_path_v1__event_7__rejected_candidate,F1023_v90_D0117_P7__G28__ch4__nav_sage_v2__ingestion_20260825_event_path_v1__event_7,F1023_v90_D0117_P7__G28__ch4__nav_sage_v2__ingestion_20260825_event_path_v1,event,rejected_candidate,stage4_rule,stage4-strict-confirmed-v1,algorithm_only,"strict Stage4 rule; zero multipath is rejected_candidate, not physical LOS",eligible_pending_modeling_qa,sage-event-path-db-v1
F1023_v90_D0117_P7__G28__ch4__nav_sage_v2__ingestion_20260825_event_path_v1__event_8__rejected_candidate,F1023_v90_D0117_P7__G28__ch4__nav_sage_v2__ingestion_20260825_event_path_v1__event_8,F1023_v90_D0117_P7__G28__ch4__nav_sage_v2__ingestion_20260825_event_path_v1,event,rejected_candidate,stage4_rule,stage4-strict-confirmed-v1,algorithm_only,"strict Stage4 rule; zero multipath is rejected_candidate, not physical LOS",eligible_pending_modeling_qa,sage-event-path-db-v1
F1023_v90_D0117_P7__G28__ch4__nav_sage_v2__ingestion_20260825_event_path_v1__event_9__confirmed_multipath,F1023_v90_D0117_P7__G28__ch4__nav_sage_v2__ingestion_20260825_event_path_v1__event_9,F1023_v90_D0117_P7__G28__ch4__nav_sage_v2__ingestion_20260825_event_path_v1,event,confirmed_multipath,stage4_rule,stage4-strict-confirmed-v1,algorithm_only,"strict Stage4 rule; zero multipath is rejected_candidate, not physical LOS",eligible_pending_modeling_qa,sage-event-path-db-v1
F1023_v90_D0117_P7__G28__ch4__nav_sage_v2__ingestion_20260825_event_path_v1__event_43__rejected_candidate,F1023_v90_D0117_P7__G28__ch4__nav_sage_v2__ingestion_20260825_event_path_v1__event_43,F1023_v90_D0117_P7__G28__ch4__nav_sage_v2__ingestion_20260825_event_path_v1,event,rejected_candidate,stage4_rule,stage4-strict-confirmed-v1,algorithm_only,"strict Stage4 rule; zero multipath is rejected_candidate, not physical LOS",eligible_pending_modeling_qa,sage-event-path-db-v1
F1023_v90_D0117_P7__G28__ch4__nav_sage_v2__ingestion_20260825_event_path_v1__event_50__rejected_candidate,F1023_v90_D0117_P7__G28__ch4__nav_sage_v2__ingestion_20260825_event_path_v1__event_50,F1023_v90_D0117_P7__G28__ch4__nav_sage_v2__ingestion_20260825_event_path_v1,event,rejected_candidate,stage4_rule,stage4-strict-confirmed-v1,algorithm_only,"strict Stage4 rule; zero multipath is rejected_candidate, not physical LOS",eligible_pending_modeling_qa,sage-event-path-db-v1
F1023_v90_D0117_P7__G28__ch4__nav_sage_v2__ingestion_20260825_event_path_v1__event_74__rejected_candidate,F1023_v90_D0117_P7__G28__ch4__nav_sage_v2__ingestion_20260825_event_path_v1__event_74,F1023_v90_D0117_P7__G28__ch4__nav_sage_v2__ingestion_20260825_event_path_v1,event,rejected_candidate,stage4_rule,stage4-strict-confirmed-v1,algorithm_only,"strict Stage4 rule; zero multipath is rejected_candidate, not physical LOS",eligible_pending_modeling_qa,sage-event-path-db-v1
F1023_v90_D0117_P7__G29__ch11__nav_sage_v2__ingestion_20260825_event_path_v1__event_199__rejected_candidate,F1023_v90_D0117_P7__G29__ch11__nav_sage_v2__ingestion_20260825_event_path_v1__event_199,F1023_v90_D0117_P7__G29__ch11__nav_sage_v2__ingestion_20260825_event_path_v1,event,rejected_candidate,stage4_rule,stage4-strict-confirmed-v1,algorithm_only,"strict Stage4 rule; zero multipath is rejected_candidate, not physical LOS",eligible_pending_modeling_qa,sage-event-path-db-v1
F1023_v90_D0117_P7__G29__ch11__nav_sage_v2__ingestion_20260825_event_path_v1__event_1549__rejected_candidate,F1023_v90_D0117_P7__G29__ch11__nav_sage_v2__ingestion_20260825_event_path_v1__event_1549,F1023_v90_D0117_P7__G29__ch11__nav_sage_v2__ingestion_20260825_event_path_v1,event,rejected_candidate,stage4_rule,stage4-strict-confirmed-v1,algorithm_only,"strict Stage4 rule; zero multipath is rejected_candidate, not physical LOS",eligible_pending_modeling_qa,sage-event-path-db-v1
F1023_v90_D0117_P7__G29__ch11__nav_sage_v2__ingestion_20260825_event_path_v1__event_1551__rejected_candidate,F1023_v90_D0117_P7__G29__ch11__nav_sage_v2__ingestion_20260825_event_path_v1__event_1551,F1023_v90_D0117_P7__G29__ch11__nav_sage_v2__ingestion_20260825_event_path_v1,event,rejected_candidate,stage4_rule,stage4-strict-confirmed-v1,algorithm_only,"strict Stage4 rule; zero multipath is rejected_candidate, not physical LOS",eligible_pending_modeling_qa,sage-event-path-db-v1
F1023_v90_D0117_P7__G29__ch11__nav_sage_v2__ingestion_20260825_event_path_v1__event_1581__rejected_candidate,F1023_v90_D0117_P7__G29__ch11__nav_sage_v2__ingestion_20260825_event_path_v1__event_1581,F1023_v90_D0117_P7__G29__ch11__nav_sage_v2__ingestion_20260825_event_path_v1,event,rejected_candidate,stage4_rule,stage4-strict-confirmed-v1,algorithm_only,"strict Stage4 rule; zero multipath is rejected_candidate, not physical LOS",eligible_pending_modeling_qa,sage-event-path-db-v1
F1023_v90_D0117_P7__G29__ch11__nav_sage_v2__ingestion_20260825_event_path_v1__event_1518__rejected_candidate,F1023_v90_D0117_P7__G29__ch11__nav_sage_v2__ingestion_20260825_event_path_v1__event_1518,F1023_v90_D0117_P7__G29__ch11__nav_sage_v2__ingestion_20260825_event_path_v1,event,rejected_candidate,stage4_rule,stage4-strict-confirmed-v1,algorithm_only,"strict Stage4 rule; zero multipath is rejected_candidate, not physical LOS",eligible_pending_modeling_qa,sage-event-path-db-v1
F1023_v90_D0117_P7__G29__ch11__nav_sage_v2__ingestion_20260825_event_path_v1__event_1555__rejected_candidate,F1023_v90_D0117_P7__G29__ch11__nav_sage_v2__ingestion_20260825_event_path_v1__event_1555,F1023_v90_D0117_P7__G29__ch11__nav_sage_v2__ingestion_20260825_event_path_v1,event,rejected_candidate,stage4_rule,stage4-strict-confirmed-v1,algorithm_only,"strict Stage4 rule; zero multipath is rejected_candidate, not physical LOS",eligible_pending_modeling_qa,sage-event-path-db-v1
F1023_v90_D0117_P7__G32__ch5__nav_sage_v2__ingestion_20260825_event_path_v1__event_664__rejected_candidate,F1023_v90_D0117_P7__G32__ch5__nav_sage_v2__ingestion_20260825_event_path_v1__event_664,F1023_v90_D0117_P7__G32__ch5__nav_sage_v2__ingestion_20260825_event_path_v1,event,rejected_candidate,stage4_rule,stage4-strict-confirmed-v1,algorithm_only,"strict Stage4 rule; zero multipath is rejected_candidate, not physical LOS",eligible_pending_modeling_qa,sage-event-path-db-v1
F1023_v90_D0117_P7__G32__ch5__nav_sage_v2__ingestion_20260825_event_path_v1__event_665__rejected_candidate,F1023_v90_D0117_P7__G32__ch5__nav_sage_v2__ingestion_20260825_event_path_v1__event_665,F1023_v90_D0117_P7__G32__ch5__nav_sage_v2__ingestion_20260825_event_path_v1,event,rejected_candidate,stage4_rule,stage4-strict-confirmed-v1,algorithm_only,"strict Stage4 rule; zero multipath is rejected_candidate, not physical LOS",eligible_pending_modeling_qa,sage-event-path-db-v1
F1023_v90_D0117_P7__G32__ch5__nav_sage_v2__ingestion_20260825_event_path_v1__event_666__rejected_candidate,F1023_v90_D0117_P7__G32__ch5__nav_sage_v2__ingestion_20260825_event_path_v1__event_666,F1023_v90_D0117_P7__G32__ch5__nav_sage_v2__ingestion_20260825_event_path_v1,event,rejected_candidate,stage4_rule,stage4-strict-confirmed-v1,algorithm_only,"strict Stage4 rule; zero multipath is rejected_candidate, not physical LOS",eligible_pending_modeling_qa,sage-event-path-db-v1
F1023_v90_D0117_P7__G32__ch5__nav_sage_v2__ingestion_20260825_event_path_v1__event_150__confirmed_multipath,F1023_v90_D0117_P7__G32__ch5__nav_sage_v2__ingestion_20260825_event_path_v1__event_150,F1023_v90_D0117_P7__G32__ch5__nav_sage_v2__ingestion_20260825_event_path_v1,event,confirmed_multipath,stage4_rule,stage4-strict-confirmed-v1,algorithm_only,"strict Stage4 rule; zero multipath is rejected_candidate, not physical LOS",eligible_pending_modeling_qa,sage-event-path-db-v1
F1023_v90_D0117_P7__G32__ch5__nav_sage_v2__ingestion_20260825_event_path_v1__event_148__confirmed_multipath,F1023_v90_D0117_P7__G32__ch5__nav_sage_v2__ingestion_20260825_event_path_v1__event_148,F1023_v90_D0117_P7__G32__ch5__nav_sage_v2__ingestion_20260825_event_path_v1,event,confirmed_multipath,stage4_rule,stage4-strict-confirmed-v1,algorithm_only,"strict Stage4 rule; zero multipath is rejected_candidate, not physical LOS",eligible_pending_modeling_qa,sage-event-path-db-v1
F1023_v90_D0117_P7__G32__ch5__nav_sage_v2__ingestion_20260825_event_path_v1__event_149__confirmed_multipath,F1023_v90_D0117_P7__G32__ch5__nav_sage_v2__ingestion_20260825_event_path_v1__event_149,F1023_v90_D0117_P7__G32__ch5__nav_sage_v2__ingestion_20260825_event_path_v1,event,confirmed_multipath,stage4_rule,stage4-strict-confirmed-v1,algorithm_only,"strict Stage4 rule; zero multipath is rejected_candidate, not physical LOS",eligible_pending_modeling_qa,sage-event-path-db-v1
F1023_v90_D0117_P7__G32__ch5__nav_sage_v2__ingestion_20260825_event_path_v1__event_1542__rejected_candidate,F1023_v90_D0117_P7__G32__ch5__nav_sage_v2__ingestion_20260825_event_path_v1__event_1542,F1023_v90_D0117_P7__G32__ch5__nav_sage_v2__ingestion_20260825_event_path_v1,event,rejected_candidate,stage4_rule,stage4-strict-confirmed-v1,algorithm_only,"strict Stage4 rule; zero multipath is rejected_candidate, not physical LOS",eligible_pending_modeling_qa,sage-event-path-db-v1
F1023_v90_D0117_P7__G32__ch5__nav_sage_v2__ingestion_20260825_event_path_v1__event_1543__confirmed_multipath,F1023_v90_D0117_P7__G32__ch5__nav_sage_v2__ingestion_20260825_event_path_v1__event_1543,F1023_v90_D0117_P7__G32__ch5__nav_sage_v2__ingestion_20260825_event_path_v1,event,confirmed_multipath,stage4_rule,stage4-strict-confirmed-v1,algorithm_only,"strict Stage4 rule; zero multipath is rejected_candidate, not physical LOS",eligible_pending_modeling_qa,sage-event-path-db-v1
F1023_V70_D0117_P2__G06__ch4__G06_nav_sage_v1__ingestion_20260825_event_path_v1__event_203__confirmed_multipath,F1023_V70_D0117_P2__G06__ch4__G06_nav_sage_v1__ingestion_20260825_event_path_v1__event_203,F1023_V70_D0117_P2__G06__ch4__G06_nav_sage_v1__ingestion_20260825_event_path_v1,event,confirmed_multipath,stage4_rule,stage4-strict-confirmed-v1,algorithm_only,"strict Stage4 rule; zero multipath is rejected_candidate, not physical LOS",excluded_legacy_context_missing,sage-event-path-db-v1
F1023_V70_D0117_P2__G06__ch4__G06_nav_sage_v1__ingestion_20260825_event_path_v1__event_264__confirmed_multipath,F1023_V70_D0117_P2__G06__ch4__G06_nav_sage_v1__ingestion_20260825_event_path_v1__event_264,F1023_V70_D0117_P2__G06__ch4__G06_nav_sage_v1__ingestion_20260825_event_path_v1,event,confirmed_multipath,stage4_rule,stage4-strict-confirmed-v1,algorithm_only,"strict Stage4 rule; zero multipath is rejected_candidate, not physical LOS",excluded_legacy_context_missing,sage-event-path-db-v1
F1023_V70_D0117_P2__G11__ch5__nav_sage_v2__ingestion_20260825_event_path_v1__event_641__rejected_candidate,F1023_V70_D0117_P2__G11__ch5__nav_sage_v2__ingestion_20260825_event_path_v1__event_641,F1023_V70_D0117_P2__G11__ch5__nav_sage_v2__ingestion_20260825_event_path_v1,event,rejected_candidate,stage4_rule,stage4-strict-confirmed-v1,algorithm_only,"strict Stage4 rule; zero multipath is rejected_candidate, not physical LOS",eligible_pending_modeling_qa,sage-event-path-db-v1
F1023_V70_D0117_P2__G11__ch5__nav_sage_v2__ingestion_20260825_event_path_v1__event_642__rejected_candidate,F1023_V70_D0117_P2__G11__ch5__nav_sage_v2__ingestion_20260825_event_path_v1__event_642,F1023_V70_D0117_P2__G11__ch5__nav_sage_v2__ingestion_20260825_event_path_v1,event,rejected_candidate,stage4_rule,stage4-strict-confirmed-v1,algorithm_only,"strict Stage4 rule; zero multipath is rejected_candidate, not physical LOS",eligible_pending_modeling_qa,sage-event-path-db-v1
F1023_V70_D0117_P2__G11__ch5__nav_sage_v2__ingestion_20260825_event_path_v1__event_317__rejected_candidate,F1023_V70_D0117_P2__G11__ch5__nav_sage_v2__ingestion_20260825_event_path_v1__event_317,F1023_V70_D0117_P2__G11__ch5__nav_sage_v2__ingestion_20260825_event_path_v1,event,rejected_candidate,stage4_rule,stage4-strict-confirmed-v1,algorithm_only,"strict Stage4 rule; zero multipath is rejected_candidate, not physical LOS",eligible_pending_modeling_qa,sage-event-path-db-v1
F1023_V70_D0117_P2__G11__ch5__nav_sage_v2__ingestion_20260825_event_path_v1__event_640__confirmed_multipath,F1023_V70_D0117_P2__G11__ch5__nav_sage_v2__ingestion_20260825_event_path_v1__event_640,F1023_V70_D0117_P2__G11__ch5__nav_sage_v2__ingestion_20260825_event_path_v1,event,confirmed_multipath,stage4_rule,stage4-strict-confirmed-v1,algorithm_only,"strict Stage4 rule; zero multipath is rejected_candidate, not physical LOS",eligible_pending_modeling_qa,sage-event-path-db-v1
F1023_V70_D0117_P2__G11__ch5__nav_sage_v2__ingestion_20260825_event_path_v1__event_643__rejected_candidate,F1023_V70_D0117_P2__G11__ch5__nav_sage_v2__ingestion_20260825_event_path_v1__event_643,F1023_V70_D0117_P2__G11__ch5__nav_sage_v2__ingestion_20260825_event_path_v1,event,rejected_candidate,stage4_rule,stage4-strict-confirmed-v1,algorithm_only,"strict Stage4 rule; zero multipath is rejected_candidate, not physical LOS",eligible_pending_modeling_qa,sage-event-path-db-v1
F1023_V70_D0117_P2__G11__ch5__nav_sage_v2__ingestion_20260825_event_path_v1__event_730__rejected_candidate,F1023_V70_D0117_P2__G11__ch5__nav_sage_v2__ingestion_20260825_event_path_v1__event_730,F1023_V70_D0117_P2__G11__ch5__nav_sage_v2__ingestion_20260825_event_path_v1,event,rejected_candidate,stage4_rule,stage4-strict-confirmed-v1,algorithm_only,"strict Stage4 rule; zero multipath is rejected_candidate, not physical LOS",eligible_pending_modeling_qa,sage-event-path-db-v1
F1023_V70_D0117_P2__G11__ch5__nav_sage_v2__ingestion_20260825_event_path_v1__event_769__rejected_candidate,F1023_V70_D0117_P2__G11__ch5__nav_sage_v2__ingestion_20260825_event_path_v1__event_769,F1023_V70_D0117_P2__G11__ch5__nav_sage_v2__ingestion_20260825_event_path_v1,event,rejected_candidate,stage4_rule,stage4-strict-confirmed-v1,algorithm_only,"strict Stage4 rule; zero multipath is rejected_candidate, not physical LOS",eligible_pending_modeling_qa,sage-event-path-db-v1
F1023_V70_D0117_P2__G12__ch6__nav_sage_v2__ingestion_20260825_event_path_v1__event_972__rejected_candidate,F1023_V70_D0117_P2__G12__ch6__nav_sage_v2__ingestion_20260825_event_path_v1__event_972,F1023_V70_D0117_P2__G12__ch6__nav_sage_v2__ingestion_20260825_event_path_v1,event,rejected_candidate,stage4_rule,stage4-strict-confirmed-v1,algorithm_only,"strict Stage4 rule; zero multipath is rejected_candidate, not physical LOS",eligible_pending_modeling_qa,sage-event-path-db-v1
F1023_V70_D0117_P2__G12__ch6__nav_sage_v2__ingestion_20260825_event_path_v1__event_970__confirmed_multipath,F1023_V70_D0117_P2__G12__ch6__nav_sage_v2__ingestion_20260825_event_path_v1__event_970,F1023_V70_D0117_P2__G12__ch6__nav_sage_v2__ingestion_20260825_event_path_v1,event,confirmed_multipath,stage4_rule,stage4-strict-confirmed-v1,algorithm_only,"strict Stage4 rule; zero multipath is rejected_candidate, not physical LOS",eligible_pending_modeling_qa,sage-event-path-db-v1
F1023_V70_D0117_P2__G12__ch6__nav_sage_v2__ingestion_20260825_event_path_v1__event_971__confirmed_multipath,F1023_V70_D0117_P2__G12__ch6__nav_sage_v2__ingestion_20260825_event_path_v1__event_971,F1023_V70_D0117_P2__G12__ch6__nav_sage_v2__ingestion_20260825_event_path_v1,event,confirmed_multipath,stage4_rule,stage4-strict-confirmed-v1,algorithm_only,"strict Stage4 rule; zero multipath is rejected_candidate, not physical LOS",eligible_pending_modeling_qa,sage-event-path-db-v1
F1023_V70_D0117_P2__G12__ch6__nav_sage_v2__ingestion_20260825_event_path_v1__event_651__rejected_candidate,F1023_V70_D0117_P2__G12__ch6__nav_sage_v2__ingestion_20260825_event_path_v1__event_651,F1023_V70_D0117_P2__G12__ch6__nav_sage_v2__ingestion_20260825_event_path_v1,event,rejected_candidate,stage4_rule,stage4-strict-confirmed-v1,algorithm_only,"strict Stage4 rule; zero multipath is rejected_candidate, not physical LOS",eligible_pending_modeling_qa,sage-event-path-db-v1
F1023_V70_D0117_P2__G28__ch1__nav_sage_v2__ingestion_20260825_event_path_v1__event_693__rejected_candidate,F1023_V70_D0117_P2__G28__ch1__nav_sage_v2__ingestion_20260825_event_path_v1__event_693,F1023_V70_D0117_P2__G28__ch1__nav_sage_v2__ingestion_20260825_event_path_v1,event,rejected_candidate,stage4_rule,stage4-strict-confirmed-v1,algorithm_only,"strict Stage4 rule; zero multipath is rejected_candidate, not physical LOS",eligible_pending_modeling_qa,sage-event-path-db-v1
F1023_V70_D0117_P2__G28__ch1__nav_sage_v2__ingestion_20260825_event_path_v1__event_298__rejected_candidate,F1023_V70_D0117_P2__G28__ch1__nav_sage_v2__ingestion_20260825_event_path_v1__event_298,F1023_V70_D0117_P2__G28__ch1__nav_sage_v2__ingestion_20260825_event_path_v1,event,rejected_candidate,stage4_rule,stage4-strict-confirmed-v1,algorithm_only,"strict Stage4 rule; zero multipath is rejected_candidate, not physical LOS",eligible_pending_modeling_qa,sage-event-path-db-v1
F1023_V70_D0117_P2__G29__ch7__nav_sage_v2__ingestion_20260825_event_path_v1__event_80__confirmed_multipath,F1023_V70_D0117_P2__G29__ch7__nav_sage_v2__ingestion_20260825_event_path_v1__event_80,F1023_V70_D0117_P2__G29__ch7__nav_sage_v2__ingestion_20260825_event_path_v1,event,confirmed_multipath,stage4_rule,stage4-strict-confirmed-v1,algorithm_only,"strict Stage4 rule; zero multipath is rejected_candidate, not physical LOS",eligible_pending_modeling_qa,sage-event-path-db-v1
F1023_V70_D0117_P2__G32__ch11__nav_sage_v2__ingestion_20260825_event_path_v1__event_83__rejected_candidate,F1023_V70_D0117_P2__G32__ch11__nav_sage_v2__ingestion_20260825_event_path_v1__event_83,F1023_V70_D0117_P2__G32__ch11__nav_sage_v2__ingestion_20260825_event_path_v1,event,rejected_candidate,stage4_rule,stage4-strict-confirmed-v1,algorithm_only,"strict Stage4 rule; zero multipath is rejected_candidate, not physical LOS",eligible_pending_modeling_qa,sage-event-path-db-v1
F1023_V70_D0117_P2__G32__ch11__nav_sage_v2__ingestion_20260825_event_path_v1__event_82__confirmed_multipath,F1023_V70_D0117_P2__G32__ch11__nav_sage_v2__ingestion_20260825_event_path_v1__event_82,F1023_V70_D0117_P2__G32__ch11__nav_sage_v2__ingestion_20260825_event_path_v1,event,confirmed_multipath,stage4_rule,stage4-strict-confirmed-v1,algorithm_only,"strict Stage4 rule; zero multipath is rejected_candidate, not physical LOS",eligible_pending_modeling_qa,sage-event-path-db-v1
F1023_V70_D0117_P2__G32__ch11__nav_sage_v2__ingestion_20260825_event_path_v1__event_84__confirmed_multipath,F1023_V70_D0117_P2__G32__ch11__nav_sage_v2__ingestion_20260825_event_path_v1__event_84,F1023_V70_D0117_P2__G32__ch11__nav_sage_v2__ingestion_20260825_event_path_v1,event,confirmed_multipath,stage4_rule,stage4-strict-confirmed-v1,algorithm_only,"strict Stage4 rule; zero multipath is rejected_candidate, not physical LOS",eligible_pending_modeling_qa,sage-event-path-db-v1
F1023_V70_D0117_P2__G32__ch11__nav_sage_v2__ingestion_20260825_event_path_v1__event_143__rejected_candidate,F1023_V70_D0117_P2__G32__ch11__nav_sage_v2__ingestion_20260825_event_path_v1__event_143,F1023_V70_D0117_P2__G32__ch11__nav_sage_v2__ingestion_20260825_event_path_v1,event,rejected_candidate,stage4_rule,stage4-strict-confirmed-v1,algorithm_only,"strict Stage4 rule; zero multipath is rejected_candidate, not physical LOS",eligible_pending_modeling_qa,sage-event-path-db-v1
F1023_V70_D0117_P2__G32__ch11__nav_sage_v2__ingestion_20260825_event_path_v1__event_144__rejected_candidate,F1023_V70_D0117_P2__G32__ch11__nav_sage_v2__ingestion_20260825_event_path_v1__event_144,F1023_V70_D0117_P2__G32__ch11__nav_sage_v2__ingestion_20260825_event_path_v1,event,rejected_candidate,stage4_rule,stage4-strict-confirmed-v1,algorithm_only,"strict Stage4 rule; zero multipath is rejected_candidate, not physical LOS",eligible_pending_modeling_qa,sage-event-path-db-v1
F1023_V70_D0117_P2__G32__ch11__nav_sage_v2__ingestion_20260825_event_path_v1__event_145__rejected_candidate,F1023_V70_D0117_P2__G32__ch11__nav_sage_v2__ingestion_20260825_event_path_v1__event_145,F1023_V70_D0117_P2__G32__ch11__nav_sage_v2__ingestion_20260825_event_path_v1,event,rejected_candidate,stage4_rule,stage4-strict-confirmed-v1,algorithm_only,"strict Stage4 rule; zero multipath is rejected_candidate, not physical LOS",eligible_pending_modeling_qa,sage-event-path-db-v1
F1023_V70_D0117_P2__G32__ch11__nav_sage_v2__ingestion_20260825_event_path_v1__event_759__rejected_candidate,F1023_V70_D0117_P2__G32__ch11__nav_sage_v2__ingestion_20260825_event_path_v1__event_759,F1023_V70_D0117_P2__G32__ch11__nav_sage_v2__ingestion_20260825_event_path_v1,event,rejected_candidate,stage4_rule,stage4-strict-confirmed-v1,algorithm_only,"strict Stage4 rule; zero multipath is rejected_candidate, not physical LOS",eligible_pending_modeling_qa,sage-event-path-db-v1
F1023_V70_D0117_P2__G32__ch11__nav_sage_v2__ingestion_20260825_event_path_v1__event_760__rejected_candidate,F1023_V70_D0117_P2__G32__ch11__nav_sage_v2__ingestion_20260825_event_path_v1__event_760,F1023_V70_D0117_P2__G32__ch11__nav_sage_v2__ingestion_20260825_event_path_v1,event,rejected_candidate,stage4_rule,stage4-strict-confirmed-v1,algorithm_only,"strict Stage4 rule; zero multipath is rejected_candidate, not physical LOS",eligible_pending_modeling_qa,sage-event-path-db-v1
