scope,retained_path_count,cell_id,total_relative_power_linear_including_direct,weighted_mean_delay_samples,rms_delay_dispersion_samples,maximum_excess_delay_samples,run_id,center_window_id,group_id,environment_class,elevation_band,track_count_in_set
environment_only,2,Mountain/Valley,1.3331244743485413,0.4753548044537895,0.8374139468375158,2.8,F1023_V70_D0117_P2__G11__ch5__nav_sage_v2__ingestion_20260825_event_path_v1,317,F1023_V70_D0117_P2__G11__ch5__nav_sage_v2__ingestion_20260825_event_path_v1::317,Mountain/Valley,MID,2
environment_only,2,Mountain/Valley,1.9593101717633474,0.7717309689101899,0.8095023843585586,2.5,F1023_V70_D0117_P2__G11__ch5__nav_sage_v2__ingestion_20260825_event_path_v1,640,F1023_V70_D0117_P2__G11__ch5__nav_sage_v2__ingestion_20260825_event_path_v1::640,Mountain/Valley,MID,2
environment_only,2,Mountain/Valley,1.9055494584528716,0.6008262434478546,0.6536392172352857,2.2,F1023_V70_D0117_P2__G11__ch5__nav_sage_v2__ingestion_20260825_event_path_v1,641,F1023_V70_D0117_P2__G11__ch5__nav_sage_v2__ingestion_20260825_event_path_v1::641,Mountain/Valley,MID,2
environment_only,2,Mountain/Valley,1.7205519126107272,0.8275695452357215,0.9899107198396285,2.9,F1023_V70_D0117_P2__G11__ch5__nav_sage_v2__ingestion_20260825_event_path_v1,642,F1023_V70_D0117_P2__G11__ch5__nav_sage_v2__ingestion_20260825_event_path_v1::642,Mountain/Valley,MID,2
environment_only,2,Mountain/Valley,1.9729595944381555,0.5821800430053846,0.6203808445086709,2.1,F1023_V70_D0117_P2__G11__ch5__nav_sage_v2__ingestion_20260825_event_path_v1,643,F1023_V70_D0117_P2__G11__ch5__nav_sage_v2__ingestion_20260825_event_path_v1::643,Mountain/Valley,MID,2
environment_only,2,Mountain/Valley,1.1421520218444743,0.24606659765726657,0.6746689088588433,2.6,F1023_V70_D0117_P2__G11__ch5__nav_sage_v2__ingestion_20260825_event_path_v1,730,F1023_V70_D0117_P2__G11__ch5__nav_sage_v2__ingestion_20260825_event_path_v1::730,Mountain/Valley,MID,2
environment_only,1,Mountain/Valley,1.2820312077623135,0.3079829012558969,0.579933267102566,1.4,F1023_V70_D0117_P2__G11__ch5__nav_sage_v2__ingestion_20260825_event_path_v1,769,F1023_V70_D0117_P2__G11__ch5__nav_sage_v2__ingestion_20260825_event_path_v1::769,Mountain/Valley,MID,1
environment_only,2,Mountain/Valley,2.0019715424593274,0.5883149918088351,0.6167300865784433,2.1,F1023_V70_D0117_P2__G12__ch6__nav_sage_v2__ingestion_20260825_event_path_v1,651,F1023_V70_D0117_P2__G12__ch6__nav_sage_v2__ingestion_20260825_event_path_v1::651,Mountain/Valley,MID,2
environment_only,3,Mountain/Valley,1.4691831150348131,0.6974135383055399,1.084278794680407,3.8,F1023_V70_D0117_P2__G12__ch6__nav_sage_v2__ingestion_20260825_event_path_v1,970,F1023_V70_D0117_P2__G12__ch6__nav_sage_v2__ingestion_20260825_event_path_v1::970,Mountain/Valley,MID,3
environment_only,3,Mountain/Valley,1.5296095357385833,0.731023155263849,1.052678832256309,3.9,F1023_V70_D0117_P2__G12__ch6__nav_sage_v2__ingestion_20260825_event_path_v1,971,F1023_V70_D0117_P2__G12__ch6__nav_sage_v2__ingestion_20260825_event_path_v1::971,Mountain/Valley,MID,3
environment_only,3,Mountain/Valley,1.4067521030951387,0.39160514704530497,0.7127609847421594,3.0,F1023_V70_D0117_P2__G12__ch6__nav_sage_v2__ingestion_20260825_event_path_v1,972,F1023_V70_D0117_P2__G12__ch6__nav_sage_v2__ingestion_20260825_event_path_v1::972,Mountain/Valley,MID,3
environment_only,1,Mountain/Valley,1.2325860709445118,0.3019162087610282,0.6260291821512896,1.6,F1023_V70_D0117_P2__G28__ch1__nav_sage_v2__ingestion_20260825_event_path_v1,298,F1023_V70_D0117_P2__G28__ch1__nav_sage_v2__ingestion_20260825_event_path_v1::298,Mountain/Valley,LOW,1
environment_only,2,Mountain/Valley,1.7243682962592835,0.4767523683868122,0.6023365466086631,2.0,F1023_V70_D0117_P2__G28__ch1__nav_sage_v2__ingestion_20260825_event_path_v1,693,F1023_V70_D0117_P2__G28__ch1__nav_sage_v2__ingestion_20260825_event_path_v1::693,Mountain/Valley,LOW,2
environment_only,1,Mountain/Valley,1.0292554665771365,0.042635867664265574,0.24927090541199068,1.5,F1023_V70_D0117_P2__G29__ch7__nav_sage_v2__ingestion_20260825_event_path_v1,80,F1023_V70_D0117_P2__G29__ch7__nav_sage_v2__ingestion_20260825_event_path_v1::80,Mountain/Valley,MID,1
environment_only,3,Mountain/Valley,1.546106269398296,0.5278199088424192,0.7906732575634898,3.2,F1023_V70_D0117_P2__G32__ch11__nav_sage_v2__ingestion_20260825_event_path_v1,82,F1023_V70_D0117_P2__G32__ch11__nav_sage_v2__ingestion_20260825_event_path_v1::82,Mountain/Valley,MID,3
environment_only,3,Mountain/Valley,1.4737969207099653,0.5746526919854061,0.8985455179473785,3.5,F1023_V70_D0117_P2__G32__ch11__nav_sage_v2__ingestion_20260825_event_path_v1,83,F1023_V70_D0117_P2__G32__ch11__nav_sage_v2__ingestion_20260825_event_path_v1::83,Mountain/Valley,MID,3
environment_only,3,Mountain/Valley,1.2815477773253452,0.40943061904332795,0.8190122057042263,3.6,F1023_V70_D0117_P2__G32__ch11__nav_sage_v2__ingestion_20260825_event_path_v1,84,F1023_V70_D0117_P2__G32__ch11__nav_sage_v2__ingestion_20260825_event_path_v1::84,Mountain/Valley,MID,3
environment_only,3,Mountain/Valley,1.281766521428396,0.4735168649718929,0.9305997562887618,3.9,F1023_V70_D0117_P2__G32__ch11__nav_sage_v2__ingestion_20260825_event_path_v1,143,F1023_V70_D0117_P2__G32__ch11__nav_sage_v2__ingestion_20260825_event_path_v1::143,Mountain/Valley,MID,3
environment_only,3,Mountain/Valley,1.3628146289503151,0.37898096075155124,0.7100695441481386,3.1,F1023_V70_D0117_P2__G32__ch11__nav_sage_v2__ingestion_20260825_event_path_v1,144,F1023_V70_D0117_P2__G32__ch11__nav_sage_v2__ingestion_20260825_event_path_v1::144,Mountain/Valley,MID,3
environment_only,3,Mountain/Valley,1.3544777739830947,0.45444471136901077,0.8286539229940345,3.4,F1023_V70_D0117_P2__G32__ch11__nav_sage_v2__ingestion_20260825_event_path_v1,145,F1023_V70_D0117_P2__G32__ch11__nav_sage_v2__ingestion_20260825_event_path_v1::145,Mountain/Valley,MID,3
environment_only,1,Mountain/Valley,1.0138622834819626,0.025978221149793517,0.22064394895509845,1.9,F1023_V70_D0117_P2__G32__ch11__nav_sage_v2__ingestion_20260825_event_path_v1,347,F1023_V70_D0117_P2__G32__ch11__nav_sage_v2__ingestion_20260825_event_path_v1::347,Mountain/Valley,MID,1
environment_only,1,Mountain/Valley,1.0127104794145838,0.018826426218969183,0.16698863735079547,1.5,F1023_V70_D0117_P2__G32__ch11__nav_sage_v2__ingestion_20260825_event_path_v1,349,F1023_V70_D0117_P2__G32__ch11__nav_sage_v2__ingestion_20260825_event_path_v1::349,Mountain/Valley,MID,1
environment_only,3,Mountain/Valley,1.6422442515036038,0.506428191522091,0.7400150100296649,3.0,F1023_V70_D0117_P2__G32__ch11__nav_sage_v2__ingestion_20260825_event_path_v1,759,F1023_V70_D0117_P2__G32__ch11__nav_sage_v2__ingestion_20260825_event_path_v1::759,Mountain/Valley,MID,3
environment_only,3,Mountain/Valley,1.4626412210947266,0.518548912405614,0.8467070855016299,3.3,F1023_V70_D0117_P2__G32__ch11__nav_sage_v2__ingestion_20260825_event_path_v1,760,F1023_V70_D0117_P2__G32__ch11__nav_sage_v2__ingestion_20260825_event_path_v1::760,Mountain/Valley,MID,3
environment_only,3,Mountain/Valley,1.4474448822252168,0.5657228494982426,0.8950703793813946,3.6,F1023_V70_D0117_P2__G32__ch11__nav_sage_v2__ingestion_20260825_event_path_v1,761,F1023_V70_D0117_P2__G32__ch11__nav_sage_v2__ingestion_20260825_event_path_v1::761,Mountain/Valley,MID,3
environment_only,3,Mountain/Valley,1.4099077870401353,0.551168501368609,0.9052227785671324,3.7,F1023_V70_D0117_P4__G25__ch7__nav_sage_v2__ingestion_20260825_event_path_v1,347,F1023_V70_D0117_P4__G25__ch7__nav_sage_v2__ingestion_20260825_event_path_v1::347,Mountain/Valley,HIGH,3
environment_only,3,Mountain/Valley,1.3593590768410586,0.5356904347108083,0.9370497137809437,3.8,F1023_V70_D0117_P4__G25__ch7__nav_sage_v2__ingestion_20260825_event_path_v1,348,F1023_V70_D0117_P4__G25__ch7__nav_sage_v2__ingestion_20260825_event_path_v1::348,Mountain/Valley,HIGH,3
environment_only,3,Mountain/Valley,1.4144855808556072,0.5447918943210872,0.9314244946129735,3.4,F1023_V70_D0117_P4__G25__ch7__nav_sage_v2__ingestion_20260825_event_path_v1,349,F1023_V70_D0117_P4__G25__ch7__nav_sage_v2__ingestion_20260825_event_path_v1::349,Mountain/Valley,HIGH,3
environment_only,3,Mountain/Valley,1.5740966127868568,0.5743231818459833,0.8413986304779197,3.3,F1023_V70_D0117_P4__G25__ch7__nav_sage_v2__ingestion_20260825_event_path_v1,350,F1023_V70_D0117_P4__G25__ch7__nav_sage_v2__ingestion_20260825_event_path_v1::350,Mountain/Valley,HIGH,3
environment_only,2,Mountain/Valley,1.4167933925835627,0.45103424868528263,0.7225308391429301,2.4,F1023_V70_D0117_P4__G28__ch6__nav_sage_v2__ingestion_20260825_event_path_v1,18,F1023_V70_D0117_P4__G28__ch6__nav_sage_v2__ingestion_20260825_event_path_v1::18,Mountain/Valley,MID,2
environment_only,2,Mountain/Valley,1.3414249871345383,0.4128264439459582,0.7255444363885157,2.5,F1023_V70_D0117_P4__G28__ch6__nav_sage_v2__ingestion_20260825_event_path_v1,58,F1023_V70_D0117_P4__G28__ch6__nav_sage_v2__ingestion_20260825_event_path_v1::58,Mountain/Valley,MID,2
environment_only,2,Mountain/Valley,1.5778443821264032,0.580854531829527,0.7827428537903249,2.5,F1023_V70_D0117_P4__G28__ch6__nav_sage_v2__ingestion_20260825_event_path_v1,409,F1023_V70_D0117_P4__G28__ch6__nav_sage_v2__ingestion_20260825_event_path_v1::409,Mountain/Valley,MID,2
environment_only,2,Mountain/Valley,1.639933219804041,0.5760301878808434,0.7388963752692941,2.4,F1023_V70_D0117_P4__G28__ch6__nav_sage_v2__ingestion_20260825_event_path_v1,556,F1023_V70_D0117_P4__G28__ch6__nav_sage_v2__ingestion_20260825_event_path_v1::556,Mountain/Valley,MID,2
environment_only,2,Mountain/Valley,1.6553130765052781,0.46228643415969906,0.5925489404046625,2.1,F1023_V70_D0117_P4__G28__ch6__nav_sage_v2__ingestion_20260825_event_path_v1,557,F1023_V70_D0117_P4__G28__ch6__nav_sage_v2__ingestion_20260825_event_path_v1::557,Mountain/Valley,MID,2
environment_only,2,Mountain/Valley,1.7130436276572243,0.7486507362195994,0.907208192871196,2.7,F1023_V70_D0117_P4__G28__ch6__nav_sage_v2__ingestion_20260825_event_path_v1,558,F1023_V70_D0117_P4__G28__ch6__nav_sage_v2__ingestion_20260825_event_path_v1::558,Mountain/Valley,MID,2
environment_only,2,Mountain/Valley,1.5694562093641282,0.6396224789445071,0.8601173398828525,2.7,F1023_V70_D0117_P4__G28__ch6__nav_sage_v2__ingestion_20260825_event_path_v1,559,F1023_V70_D0117_P4__G28__ch6__nav_sage_v2__ingestion_20260825_event_path_v1::559,Mountain/Valley,MID,2
environment_only,1,Mountain/Valley,1.0181861467372821,0.02143358182064276,0.1589367791139267,1.2,F1023_V70_D0117_P4__G29__ch9__nav_sage_v2__ingestion_20260825_event_path_v1,252,F1023_V70_D0117_P4__G29__ch9__nav_sage_v2__ingestion_20260825_event_path_v1::252,Mountain/Valley,MID,1
environment_only,1,Mountain/Valley,1.0337845612517305,0.04248460585837188,0.23113858587640065,1.3,F1023_V70_D0117_P4__G29__ch9__nav_sage_v2__ingestion_20260825_event_path_v1,253,F1023_V70_D0117_P4__G29__ch9__nav_sage_v2__ingestion_20260825_event_path_v1::253,Mountain/Valley,MID,1
environment_only,3,Mountain/Valley,1.742893948607008,0.5160715037895969,0.6830978129181722,3.0,F1023_V70_D0117_P4__G29__ch9__nav_sage_v2__ingestion_20260825_event_path_v1,307,F1023_V70_D0117_P4__G29__ch9__nav_sage_v2__ingestion_20260825_event_path_v1::307,Mountain/Valley,MID,3
environment_only,3,Mountain/Valley,1.8454888202576776,0.5836709811875834,0.7515264048830039,3.0,F1023_V70_D0117_P4__G29__ch9__nav_sage_v2__ingestion_20260825_event_path_v1,308,F1023_V70_D0117_P4__G29__ch9__nav_sage_v2__ingestion_20260825_event_path_v1::308,Mountain/Valley,MID,3
environment_only,3,Mountain/Valley,1.8391151113073174,0.6327111547223101,0.764766808049442,3.2,F1023_V70_D0117_P4__G29__ch9__nav_sage_v2__ingestion_20260825_event_path_v1,309,F1023_V70_D0117_P4__G29__ch9__nav_sage_v2__ingestion_20260825_event_path_v1::309,Mountain/Valley,MID,3
environment_only,3,Mountain/Valley,1.3799738193735622,0.5521544966652767,0.953589713975906,3.7,F1023_V70_D0117_P4__G29__ch9__nav_sage_v2__ingestion_20260825_event_path_v1,347,F1023_V70_D0117_P4__G29__ch9__nav_sage_v2__ingestion_20260825_event_path_v1::347,Mountain/Valley,MID,3
environment_only,3,Mountain/Valley,1.5018193072283206,0.5562330064188463,0.8608907114003989,3.3,F1023_V70_D0117_P4__G29__ch9__nav_sage_v2__ingestion_20260825_event_path_v1,348,F1023_V70_D0117_P4__G29__ch9__nav_sage_v2__ingestion_20260825_event_path_v1::348,Mountain/Valley,MID,3
environment_only,3,Mountain/Valley,1.3301596403818772,0.5521842859588074,1.0210874510167156,3.8,F1023_V70_D0117_P4__G29__ch9__nav_sage_v2__ingestion_20260825_event_path_v1,349,F1023_V70_D0117_P4__G29__ch9__nav_sage_v2__ingestion_20260825_event_path_v1::349,Mountain/Valley,MID,3
environment_only,2,Mountain/Valley,1.5678626259613941,0.6996310241662342,0.9504664575433294,2.8,F1023_V70_D0117_P4__G29__ch9__nav_sage_v2__ingestion_20260825_event_path_v1,464,F1023_V70_D0117_P4__G29__ch9__nav_sage_v2__ingestion_20260825_event_path_v1::464,Mountain/Valley,MID,2
environment_only,2,Mountain/Valley,1.5574758739374441,0.5396353731816732,0.7461533827381734,2.4,F1023_V70_D0117_P4__G29__ch9__nav_sage_v2__ingestion_20260825_event_path_v1,465,F1023_V70_D0117_P4__G29__ch9__nav_sage_v2__ingestion_20260825_event_path_v1::465,Mountain/Valley,MID,2
environment_only,2,Mountain/Valley,1.8297768152429235,0.4751607787477609,0.5410490274472441,2.0,F1023_V70_D0117_P4__G29__ch9__nav_sage_v2__ingestion_20260825_event_path_v1,466,F1023_V70_D0117_P4__G29__ch9__nav_sage_v2__ingestion_20260825_event_path_v1::466,Mountain/Valley,MID,2
environment_only,2,Mountain/Valley,1.3258491729618183,0.39868959519257546,0.7170641548840403,2.5,F1023_V70_D0117_P4__G29__ch9__nav_sage_v2__ingestion_20260825_event_path_v1,876,F1023_V70_D0117_P4__G29__ch9__nav_sage_v2__ingestion_20260825_event_path_v1::876,Mountain/Valley,MID,2
environment_only,1,Mountain/Valley,1.3828793112570361,0.4706808640772118,0.7606687801683392,1.7,F1023_V70_D0117_P4__G31__ch1__nav_sage_v2__ingestion_20260825_event_path_v1,436,F1023_V70_D0117_P4__G31__ch1__nav_sage_v2__ingestion_20260825_event_path_v1::436,Mountain/Valley,,1
environment_only,2,Mountain/Valley,1.4294704026687932,0.5940053873514426,0.9302492522853053,2.8,F1023_V70_D0117_P4__G32__ch3__nav_sage_v2__ingestion_20260825_event_path_v1,57,F1023_V70_D0117_P4__G32__ch3__nav_sage_v2__ingestion_20260825_event_path_v1::57,Mountain/Valley,LOW,2
environment_only,2,Mountain/Valley,1.0972840730318176,0.1204751931323185,0.4118171586062752,2.0,F1023_V70_D0117_P4__G32__ch3__nav_sage_v2__ingestion_20260825_event_path_v1,58,F1023_V70_D0117_P4__G32__ch3__nav_sage_v2__ingestion_20260825_event_path_v1::58,Mountain/Valley,LOW,2
environment_only,2,Mountain/Valley,1.506361046168856,0.5709962236391207,0.8208346857295381,2.6,F1023_V70_D0117_P4__G32__ch3__nav_sage_v2__ingestion_20260825_event_path_v1,275,F1023_V70_D0117_P4__G32__ch3__nav_sage_v2__ingestion_20260825_event_path_v1::275,Mountain/Valley,LOW,2
environment_only,1,Mountain/Valley,1.0304235045000243,0.038382816072525576,0.22005549373879746,1.3,F1023_V70_D0117_P4__G32__ch3__nav_sage_v2__ingestion_20260825_event_path_v1,357,F1023_V70_D0117_P4__G32__ch3__nav_sage_v2__ingestion_20260825_event_path_v1::357,Mountain/Valley,LOW,1
environment_only,3,Urban,1.4102989980523513,0.5792415449831525,0.9552826544562408,3.7,F1023_V70_D0120_P1__G26__ch3__nav_sage_v2__ingestion_20260825_event_path_v1,76,F1023_V70_D0120_P1__G26__ch3__nav_sage_v2__ingestion_20260825_event_path_v1::76,Urban,HIGH,3
environment_only,3,Urban,1.4143661967760122,0.355328536939864,0.6175629290614565,3.0,F1023_V70_D0120_P1__G26__ch3__nav_sage_v2__ingestion_20260825_event_path_v1,77,F1023_V70_D0120_P1__G26__ch3__nav_sage_v2__ingestion_20260825_event_path_v1::77,Urban,HIGH,3
environment_only,3,Urban,1.282132909954639,0.47437537887043507,0.9305525435941691,3.9,F1023_V70_D0120_P1__G26__ch3__nav_sage_v2__ingestion_20260825_event_path_v1,78,F1023_V70_D0120_P1__G26__ch3__nav_sage_v2__ingestion_20260825_event_path_v1::78,Urban,HIGH,3
environment_only,2,Urban,1.485774044627398,0.6073953412946085,0.8816239110600942,2.8,F1023_V70_D0120_P1__G26__ch3__nav_sage_v2__ingestion_20260825_event_path_v1,597,F1023_V70_D0120_P1__G26__ch3__nav_sage_v2__ingestion_20260825_event_path_v1::597,Urban,HIGH,2
environment_only,2,Urban,1.7614222840826217,0.45217060902458317,0.5361899212871872,2.0,F1023_V70_D0120_P1__G26__ch3__nav_sage_v2__ingestion_20260825_event_path_v1,598,F1023_V70_D0120_P1__G26__ch3__nav_sage_v2__ingestion_20260825_event_path_v1::598,Urban,HIGH,2
environment_only,2,Urban,1.657103765195241,0.4995842954934787,0.6341475907046571,2.2,F1023_V70_D0120_P1__G26__ch3__nav_sage_v2__ingestion_20260825_event_path_v1,599,F1023_V70_D0120_P1__G26__ch3__nav_sage_v2__ingestion_20260825_event_path_v1::599,Urban,HIGH,2
environment_only,2,Urban,1.5033613899302631,0.6559112453614371,0.9344915645149809,2.9,F1023_V70_D0120_P1__G26__ch3__nav_sage_v2__ingestion_20260825_event_path_v1,607,F1023_V70_D0120_P1__G26__ch3__nav_sage_v2__ingestion_20260825_event_path_v1::607,Urban,HIGH,2
environment_only,1,Urban,1.4881599662428948,0.6232555349564581,0.8920415094396728,1.9,F1023_V70_D0120_P1__G26__ch3__nav_sage_v2__ingestion_20260825_event_path_v1,948,F1023_V70_D0120_P1__G26__ch3__nav_sage_v2__ingestion_20260825_event_path_v1::948,Urban,HIGH,1
environment_only,1,Urban,1.7675001698303174,0.43422919156154793,0.4956553245526093,1.0,F1023_V70_D0120_P1__G26__ch3__nav_sage_v2__ingestion_20260825_event_path_v1,949,F1023_V70_D0120_P1__G26__ch3__nav_sage_v2__ingestion_20260825_event_path_v1::949,Urban,HIGH,1
environment_only,2,Urban,1.353131733615526,0.48316418206115785,0.8334300809524334,2.7,F1023_V70_D0120_P1__G26__ch3__nav_sage_v2__ingestion_20260825_event_path_v1,2562,F1023_V70_D0120_P1__G26__ch3__nav_sage_v2__ingestion_20260825_event_path_v1::2562,Urban,HIGH,2
environment_only,2,Urban,1.3207609622776442,0.35885646914652486,0.6610232685417421,2.3,F1023_V70_D0120_P1__G26__ch3__nav_sage_v2__ingestion_20260825_event_path_v1,2563,F1023_V70_D0120_P1__G26__ch3__nav_sage_v2__ingestion_20260825_event_path_v1::2563,Urban,HIGH,2
environment_only,3,Urban,1.2562013133762218,0.36696999005339365,0.7878264139889224,3.4,F1023_V70_D0120_P1__G26__ch3__nav_sage_v2__ingestion_20260825_event_path_v1,2581,F1023_V70_D0120_P1__G26__ch3__nav_sage_v2__ingestion_20260825_event_path_v1::2581,Urban,HIGH,3
environment_only,3,Urban,1.4033239345354516,0.6047255590718532,1.0191367474611996,3.7,F1023_V70_D0120_P1__G26__ch3__nav_sage_v2__ingestion_20260825_event_path_v1,2582,F1023_V70_D0120_P1__G26__ch3__nav_sage_v2__ingestion_20260825_event_path_v1::2582,Urban,HIGH,3
environment_only,3,Urban,1.4625363154318978,0.40620820001922214,0.6858359224846367,3.0,F1023_V70_D0120_P1__G26__ch3__nav_sage_v2__ingestion_20260825_event_path_v1,2583,F1023_V70_D0120_P1__G26__ch3__nav_sage_v2__ingestion_20260825_event_path_v1::2583,Urban,HIGH,3
environment_only,1,Urban,1.9775946603506676,0.5437687246763967,0.5499646999652263,1.1,F1023_V70_D0120_P1__G27__ch8__nav_sage_v2__ingestion_20260825_event_path_v1,429,F1023_V70_D0120_P1__G27__ch8__nav_sage_v2__ingestion_20260825_event_path_v1::429,Urban,LOW,1
environment_only,1,Urban,1.917005003878136,0.9567059053294262,0.9990623711093594,2.0,F1023_V70_D0120_P1__G27__ch8__nav_sage_v2__ingestion_20260825_event_path_v1,430,F1023_V70_D0120_P1__G27__ch8__nav_sage_v2__ingestion_20260825_event_path_v1::430,Urban,LOW,1
environment_only,1,Urban,1.679263678811898,0.566301267832745,0.687113272333513,1.4,F1023_V70_D0120_P1__G27__ch8__nav_sage_v2__ingestion_20260825_event_path_v1,431,F1023_V70_D0120_P1__G27__ch8__nav_sage_v2__ingestion_20260825_event_path_v1::431,Urban,LOW,1
environment_only,1,Urban,1.534956992384689,0.34851594868048186,0.476500348578913,1.0,F1023_V70_D0120_P1__G29__ch5__nav_sage_v2__ingestion_20260825_event_path_v1,1216,F1023_V70_D0120_P1__G29__ch5__nav_sage_v2__ingestion_20260825_event_path_v1::1216,Urban,MID,1
environment_only,1,Urban,1.4645504702710426,0.4123556160140997,0.6050001212892127,1.3,F1023_V70_D0120_P1__G29__ch5__nav_sage_v2__ingestion_20260825_event_path_v1,1217,F1023_V70_D0120_P1__G29__ch5__nav_sage_v2__ingestion_20260825_event_path_v1::1217,Urban,MID,1
environment_only,1,Urban,1.4106925625343187,0.3784668222362064,0.5905672979208179,1.3,F1023_V70_D0120_P1__G29__ch5__nav_sage_v2__ingestion_20260825_event_path_v1,1218,F1023_V70_D0120_P1__G29__ch5__nav_sage_v2__ingestion_20260825_event_path_v1::1218,Urban,MID,1
environment_only,1,Urban,1.6874946752272557,0.4888866450269566,0.5896217621040072,1.2,F1023_V70_D0120_P1__G29__ch5__nav_sage_v2__ingestion_20260825_event_path_v1,1646,F1023_V70_D0120_P1__G29__ch5__nav_sage_v2__ingestion_20260825_event_path_v1::1646,Urban,MID,1
environment_only,1,Urban,1.3803306699068891,0.4408574590986023,0.714854275579917,1.6,F1023_V70_D0120_P1__G29__ch5__nav_sage_v2__ingestion_20260825_event_path_v1,2098,F1023_V70_D0120_P1__G29__ch5__nav_sage_v2__ingestion_20260825_event_path_v1::2098,Urban,MID,1
environment_only,1,Urban,1.3648033120802137,0.4543992713434405,0.7523297571453618,1.7,F1023_V70_D0120_P1__G29__ch5__nav_sage_v2__ingestion_20260825_event_path_v1,2100,F1023_V70_D0120_P1__G29__ch5__nav_sage_v2__ingestion_20260825_event_path_v1::2100,Urban,MID,1
environment_only,1,Urban,1.1564914207349601,0.17591038144162033,0.44467857332591376,1.3,F1023_V70_D0120_P1__G29__ch5__nav_sage_v2__ingestion_20260825_event_path_v1,2593,F1023_V70_D0120_P1__G29__ch5__nav_sage_v2__ingestion_20260825_event_path_v1::2593,Urban,MID,1
environment_only,1,Urban,1.0400950197949714,0.10022839210159443,0.5005477888082961,2.6,F1023_V70_D0120_P1__G29__ch5__nav_sage_v2__ingestion_20260825_event_path_v1,2594,F1023_V70_D0120_P1__G29__ch5__nav_sage_v2__ingestion_20260825_event_path_v1::2594,Urban,MID,1
environment_only,1,Urban,1.5414892474646138,0.7025533890103169,0.9547384529863413,2.0,F1023_V70_D0120_P1__G31__ch9__nav_sage_v2__ingestion_20260825_event_path_v1,157,F1023_V70_D0120_P1__G31__ch9__nav_sage_v2__ingestion_20260825_event_path_v1::157,Urban,MID,1
environment_only,1,Urban,1.5043273415741125,0.6034519148495311,0.8497406858528019,1.8,F1023_V70_D0120_P1__G31__ch9__nav_sage_v2__ingestion_20260825_event_path_v1,159,F1023_V70_D0120_P1__G31__ch9__nav_sage_v2__ingestion_20260825_event_path_v1::159,Urban,MID,1
environment_only,1,Urban,1.291338547660319,0.3158536291381089,0.5851765252927003,1.4,F1023_V70_D0120_P1__G31__ch9__nav_sage_v2__ingestion_20260825_event_path_v1,469,F1023_V70_D0120_P1__G31__ch9__nav_sage_v2__ingestion_20260825_event_path_v1::469,Urban,MID,1
environment_only,1,Urban,1.3370560279886141,0.30250582258306186,0.5210539457705117,1.2,F1023_V70_D0120_P1__G31__ch9__nav_sage_v2__ingestion_20260825_event_path_v1,471,F1023_V70_D0120_P1__G31__ch9__nav_sage_v2__ingestion_20260825_event_path_v1::471,Urban,MID,1
environment_only,1,Urban,1.251332444696371,0.4017037131285369,0.8012749547538722,2.0,F1023_V70_D0120_P1__G31__ch9__nav_sage_v2__ingestion_20260825_event_path_v1,472,F1023_V70_D0120_P1__G31__ch9__nav_sage_v2__ingestion_20260825_event_path_v1::472,Urban,MID,1
environment_only,2,Urban,1.4804703631876162,0.36371934996473343,0.5565862872705124,2.0,F1023_V70_D0120_P1__G31__ch9__nav_sage_v2__ingestion_20260825_event_path_v1,540,F1023_V70_D0120_P1__G31__ch9__nav_sage_v2__ingestion_20260825_event_path_v1::540,Urban,MID,2
environment_only,1,Urban,1.5876018982551536,0.5551787563062452,0.7242545705797228,1.5,F1023_V70_D0120_P1__G31__ch9__nav_sage_v2__ingestion_20260825_event_path_v1,594,F1023_V70_D0120_P1__G31__ch9__nav_sage_v2__ingestion_20260825_event_path_v1::594,Urban,MID,1
environment_only,1,Urban,1.6773325286078165,0.48457835310926783,0.5887935490721949,1.2,F1023_V70_D0120_P1__G31__ch9__nav_sage_v2__ingestion_20260825_event_path_v1,595,F1023_V70_D0120_P1__G31__ch9__nav_sage_v2__ingestion_20260825_event_path_v1::595,Urban,MID,1
environment_only,1,Urban,1.1182998810265516,0.2433065861647971,0.7073945527835689,2.3,F1023_V70_D0120_P1__G31__ch9__nav_sage_v2__ingestion_20260825_event_path_v1,596,F1023_V70_D0120_P1__G31__ch9__nav_sage_v2__ingestion_20260825_event_path_v1::596,Urban,MID,1
environment_only,1,Urban,1.017242546752386,0.016950280744188306,0.12908512201985753,1.0,F1023_V70_D0120_P1__G31__ch9__nav_sage_v2__ingestion_20260825_event_path_v1,610,F1023_V70_D0120_P1__G31__ch9__nav_sage_v2__ingestion_20260825_event_path_v1::610,Urban,MID,1
environment_only,1,Urban,1.021336449952216,0.022979787853978566,0.15732036101395958,1.1,F1023_V70_D0120_P1__G31__ch9__nav_sage_v2__ingestion_20260825_event_path_v1,611,F1023_V70_D0120_P1__G31__ch9__nav_sage_v2__ingestion_20260825_event_path_v1::611,Urban,MID,1
environment_only,2,Urban,1.622726368609428,0.5728303257000714,0.7478034799071187,2.4,F1023_V70_D0120_P1__G31__ch9__nav_sage_v2__ingestion_20260825_event_path_v1,783,F1023_V70_D0120_P1__G31__ch9__nav_sage_v2__ingestion_20260825_event_path_v1::783,Urban,MID,2
environment_only,2,Urban,1.975659031929481,0.6921901889707742,0.7322407151205637,2.3,F1023_V70_D0120_P1__G31__ch9__nav_sage_v2__ingestion_20260825_event_path_v1,784,F1023_V70_D0120_P1__G31__ch9__nav_sage_v2__ingestion_20260825_event_path_v1::784,Urban,MID,2
environment_only,2,Urban,1.7309937923372751,0.6121839478937477,0.7298022337491762,2.4,F1023_V70_D0120_P1__G31__ch9__nav_sage_v2__ingestion_20260825_event_path_v1,785,F1023_V70_D0120_P1__G31__ch9__nav_sage_v2__ingestion_20260825_event_path_v1::785,Urban,MID,2
environment_only,1,Urban,1.0744819698556645,0.117842227516985,0.4317927699634509,1.7,F1023_V70_D0120_P1__G31__ch9__nav_sage_v2__ingestion_20260825_event_path_v1,787,F1023_V70_D0120_P1__G31__ch9__nav_sage_v2__ingestion_20260825_event_path_v1::787,Urban,MID,1
environment_only,1,Urban,1.1696455651367352,0.17404817684260074,0.42256957338275986,1.2,F1023_V70_D0120_P1__G31__ch9__nav_sage_v2__ingestion_20260825_event_path_v1,1081,F1023_V70_D0120_P1__G31__ch9__nav_sage_v2__ingestion_20260825_event_path_v1::1081,Urban,MID,1
environment_only,1,Urban,1.089693037109122,0.09054140703860823,0.30232069289735714,1.1,F1023_V70_D0120_P5__G18__ch2__nav_sage_v2__ingestion_20260825_event_path_v1,874,F1023_V70_D0120_P5__G18__ch2__nav_sage_v2__ingestion_20260825_event_path_v1::874,Urban,HIGH,1
environment_only,3,Urban,1.817824736098403,0.6753518053046388,0.8289006599673417,3.3,F1023_V70_D0120_P5__G18__ch2__nav_sage_v2__ingestion_20260825_event_path_v1,1086,F1023_V70_D0120_P5__G18__ch2__nav_sage_v2__ingestion_20260825_event_path_v1::1086,Urban,HIGH,3
environment_only,3,Urban,1.4502002774183258,0.5711336422687259,0.8873865181499663,3.7,F1023_V70_D0120_P5__G18__ch2__nav_sage_v2__ingestion_20260825_event_path_v1,1087,F1023_V70_D0120_P5__G18__ch2__nav_sage_v2__ingestion_20260825_event_path_v1::1087,Urban,HIGH,3
environment_only,3,Urban,1.3568648602449764,0.4477724914328437,0.7976160458292889,3.5,F1023_V70_D0120_P5__G18__ch2__nav_sage_v2__ingestion_20260825_event_path_v1,1088,F1023_V70_D0120_P5__G18__ch2__nav_sage_v2__ingestion_20260825_event_path_v1::1088,Urban,HIGH,3
environment_only,1,Urban,1.2306565818058945,0.28113844091349627,0.5853792261525625,1.5,F1023_V70_D0120_P5__G23__ch0__nav_sage_v2__ingestion_20260825_event_path_v1,16,F1023_V70_D0120_P5__G23__ch0__nav_sage_v2__ingestion_20260825_event_path_v1::16,Urban,LOW,1
environment_only,1,Urban,1.330530613210924,0.372630223531572,0.648145085461711,1.5,F1023_V70_D0120_P5__G23__ch0__nav_sage_v2__ingestion_20260825_event_path_v1,17,F1023_V70_D0120_P5__G23__ch0__nav_sage_v2__ingestion_20260825_event_path_v1::17,Urban,LOW,1
environment_only,1,Urban,1.3249578677133036,0.46599213733555117,0.8174572703689117,1.9,F1023_V70_D0120_P5__G23__ch0__nav_sage_v2__ingestion_20260825_event_path_v1,18,F1023_V70_D0120_P5__G23__ch0__nav_sage_v2__ingestion_20260825_event_path_v1::18,Urban,LOW,1
environment_only,1,Urban,1.4377001711802042,0.517555959109002,0.7822921191448016,1.7,F1023_V70_D0120_P5__G23__ch0__nav_sage_v2__ingestion_20260825_event_path_v1,65,F1023_V70_D0120_P5__G23__ch0__nav_sage_v2__ingestion_20260825_event_path_v1::65,Urban,LOW,1
environment_only,1,Urban,1.1988683994723064,0.28199615508401776,0.6323540402026864,1.7,F1023_V70_D0120_P5__G23__ch0__nav_sage_v2__ingestion_20260825_event_path_v1,66,F1023_V70_D0120_P5__G23__ch0__nav_sage_v2__ingestion_20260825_event_path_v1::66,Urban,LOW,1
environment_only,1,Urban,1.3351247490397444,0.3263082150675485,0.5636697866368603,1.3,F1023_V70_D0120_P5__G23__ch0__nav_sage_v2__ingestion_20260825_event_path_v1,67,F1023_V70_D0120_P5__G23__ch0__nav_sage_v2__ingestion_20260825_event_path_v1::67,Urban,LOW,1
environment_only,1,Urban,1.3991690785487056,0.48499316053830144,0.7676392428388362,1.7,F1023_V70_D0120_P5__G23__ch0__nav_sage_v2__ingestion_20260825_event_path_v1,84,F1023_V70_D0120_P5__G23__ch0__nav_sage_v2__ingestion_20260825_event_path_v1::84,Urban,LOW,1
environment_only,1,Urban,1.2427542525468938,0.21486925291491382,0.43610478369102074,1.1,F1023_V70_D0120_P5__G23__ch0__nav_sage_v2__ingestion_20260825_event_path_v1,87,F1023_V70_D0120_P5__G23__ch0__nav_sage_v2__ingestion_20260825_event_path_v1::87,Urban,LOW,1
environment_only,1,Urban,1.4535916998128449,0.5304831403351565,0.7876604448554699,1.7,F1023_V70_D0120_P5__G23__ch0__nav_sage_v2__ingestion_20260825_event_path_v1,177,F1023_V70_D0120_P5__G23__ch0__nav_sage_v2__ingestion_20260825_event_path_v1::177,Urban,LOW,1
environment_only,1,Urban,1.6135703000845425,0.494333212546186,0.6310846625325394,1.3,F1023_V70_D0120_P5__G23__ch0__nav_sage_v2__ingestion_20260825_event_path_v1,178,F1023_V70_D0120_P5__G23__ch0__nav_sage_v2__ingestion_20260825_event_path_v1::178,Urban,LOW,1
environment_only,3,Urban,1.4132328583955611,0.40561965229493635,0.7127196107172009,3.1,F1023_V70_D0120_P5__G26__ch7__nav_sage_v2__ingestion_20260825_event_path_v1,121,F1023_V70_D0120_P5__G26__ch7__nav_sage_v2__ingestion_20260825_event_path_v1::121,Urban,,3
environment_only,3,Urban,1.3917002098428113,0.4319616805919442,0.7453443551073594,3.3,F1023_V70_D0120_P5__G26__ch7__nav_sage_v2__ingestion_20260825_event_path_v1,122,F1023_V70_D0120_P5__G26__ch7__nav_sage_v2__ingestion_20260825_event_path_v1::122,Urban,,3
environment_only,3,Urban,1.4569940218729454,0.5355198185652627,0.843963124931371,3.5,F1023_V70_D0120_P5__G26__ch7__nav_sage_v2__ingestion_20260825_event_path_v1,123,F1023_V70_D0120_P5__G26__ch7__nav_sage_v2__ingestion_20260825_event_path_v1::123,Urban,,3
environment_only,3,Urban,1.4771916944779862,0.6567287989025061,1.0001537625041974,3.8,F1023_V70_D0120_P5__G26__ch7__nav_sage_v2__ingestion_20260825_event_path_v1,124,F1023_V70_D0120_P5__G26__ch7__nav_sage_v2__ingestion_20260825_event_path_v1::124,Urban,,3
environment_only,3,Urban,1.4088243740455832,0.5404003938482066,0.9316006898288346,3.4,F1023_V70_D0120_P5__G26__ch7__nav_sage_v2__ingestion_20260825_event_path_v1,136,F1023_V70_D0120_P5__G26__ch7__nav_sage_v2__ingestion_20260825_event_path_v1::136,Urban,,3
environment_only,3,Urban,1.297711667949846,0.5144462525663785,0.9897742825594968,3.9,F1023_V70_D0120_P5__G26__ch7__nav_sage_v2__ingestion_20260825_event_path_v1,137,F1023_V70_D0120_P5__G26__ch7__nav_sage_v2__ingestion_20260825_event_path_v1::137,Urban,,3
environment_only,3,Urban,1.383469248073661,0.37480529515533595,0.6737999165572346,3.1,F1023_V70_D0120_P5__G26__ch7__nav_sage_v2__ingestion_20260825_event_path_v1,138,F1023_V70_D0120_P5__G26__ch7__nav_sage_v2__ingestion_20260825_event_path_v1::138,Urban,,3
environment_only,3,Urban,1.4314047631555835,0.5241652256369375,0.8793487154277989,3.3,F1023_V70_D0120_P5__G26__ch7__nav_sage_v2__ingestion_20260825_event_path_v1,286,F1023_V70_D0120_P5__G26__ch7__nav_sage_v2__ingestion_20260825_event_path_v1::286,Urban,,3
environment_only,3,Urban,1.3613882858963244,0.3532255531797374,0.6734550642534506,3.0,F1023_V70_D0120_P5__G26__ch7__nav_sage_v2__ingestion_20260825_event_path_v1,287,F1023_V70_D0120_P5__G26__ch7__nav_sage_v2__ingestion_20260825_event_path_v1::287,Urban,,3
environment_only,3,Urban,1.3345597606137527,0.3775967693100641,0.7381739569784743,3.1,F1023_V70_D0120_P5__G26__ch7__nav_sage_v2__ingestion_20260825_event_path_v1,288,F1023_V70_D0120_P5__G26__ch7__nav_sage_v2__ingestion_20260825_event_path_v1::288,Urban,,3
environment_only,3,Urban,1.49135588589556,0.5645903175348138,0.8627665427589056,3.5,F1023_V70_D0120_P5__G26__ch7__nav_sage_v2__ingestion_20260825_event_path_v1,609,F1023_V70_D0120_P5__G26__ch7__nav_sage_v2__ingestion_20260825_event_path_v1::609,Urban,HIGH,3
environment_only,1,Urban,1.0358619596334313,0.038082444509048546,0.20109802679332445,1.1,F1023_V70_D0120_P5__G26__ch7__nav_sage_v2__ingestion_20260825_event_path_v1,903,F1023_V70_D0120_P5__G26__ch7__nav_sage_v2__ingestion_20260825_event_path_v1::903,Urban,HIGH,1
environment_only,1,Urban,1.0305442648298444,0.03260286089542836,0.18654811831375986,1.1,F1023_V70_D0120_P5__G26__ch7__nav_sage_v2__ingestion_20260825_event_path_v1,906,F1023_V70_D0120_P5__G26__ch7__nav_sage_v2__ingestion_20260825_event_path_v1::906,Urban,HIGH,1
environment_only,1,Urban,1.0602310149433294,0.05680933126310093,0.23147792798567252,1.0,F1023_V70_D0120_P7__G18__ch4__nav_sage_v2__ingestion_20260825_event_path_v1,84,F1023_V70_D0120_P7__G18__ch4__nav_sage_v2__ingestion_20260825_event_path_v1::84,Urban,HIGH,1
environment_only,2,Urban,1.5742364938759255,0.730719222827149,0.9816369587064174,2.9,F1023_V70_D0120_P7__G18__ch4__nav_sage_v2__ingestion_20260825_event_path_v1,145,F1023_V70_D0120_P7__G18__ch4__nav_sage_v2__ingestion_20260825_event_path_v1::145,Urban,HIGH,2
environment_only,1,Urban,1.364537753260735,0.3740115312643248,0.6194606672351116,1.4,F1023_V70_D0120_P7__G18__ch4__nav_sage_v2__ingestion_20260825_event_path_v1,350,F1023_V70_D0120_P7__G18__ch4__nav_sage_v2__ingestion_20260825_event_path_v1::350,Urban,HIGH,1
environment_only,2,Urban,1.5884689802012797,0.42259919143628594,0.5638774789302884,2.1,F1023_V70_D0120_P7__G18__ch4__nav_sage_v2__ingestion_20260825_event_path_v1,352,F1023_V70_D0120_P7__G18__ch4__nav_sage_v2__ingestion_20260825_event_path_v1::352,Urban,HIGH,2
environment_only,1,Urban,1.1059262319309235,0.09578055829815933,0.29429006600674146,1.0,F1023_V70_D0120_P7__G18__ch4__nav_sage_v2__ingestion_20260825_event_path_v1,417,F1023_V70_D0120_P7__G18__ch4__nav_sage_v2__ingestion_20260825_event_path_v1::417,Urban,HIGH,1
environment_only,2,Urban,1.1646411589187304,0.27212745653217324,0.6959399210738383,2.5,F1023_V70_D0120_P7__G18__ch4__nav_sage_v2__ingestion_20260825_event_path_v1,982,F1023_V70_D0120_P7__G18__ch4__nav_sage_v2__ingestion_20260825_event_path_v1::982,Urban,HIGH,2
environment_only,1,Urban,1.6609282795535267,0.7560613824272183,0.9299934476188305,1.9,F1023_V70_D0120_P7__G18__ch4__nav_sage_v2__ingestion_20260825_event_path_v1,2197,F1023_V70_D0120_P7__G18__ch4__nav_sage_v2__ingestion_20260825_event_path_v1::2197,Urban,HIGH,1
environment_only,2,Urban,1.5795105424575655,0.4353877122069307,0.5967885612893327,2.1,F1023_V70_D0120_P7__G26__ch6__nav_sage_v2__ingestion_20260825_event_path_v1,421,F1023_V70_D0120_P7__G26__ch6__nav_sage_v2__ingestion_20260825_event_path_v1::421,Urban,HIGH,2
environment_only,1,Urban,1.0642974633566284,0.10874350266411391,0.42885097111204595,1.8,F1023_V70_D0120_P7__G26__ch6__nav_sage_v2__ingestion_20260825_event_path_v1,939,F1023_V70_D0120_P7__G26__ch6__nav_sage_v2__ingestion_20260825_event_path_v1::939,Urban,HIGH,1
environment_only,1,Urban,1.0207370930124495,0.04063160465982322,0.2821564849908899,2.0,F1023_V70_D0120_P7__G26__ch6__nav_sage_v2__ingestion_20260825_event_path_v1,956,F1023_V70_D0120_P7__G26__ch6__nav_sage_v2__ingestion_20260825_event_path_v1::956,Urban,HIGH,1
environment_only,2,Urban,1.1669423028530186,0.2890798883919223,0.7292055596118214,2.7,F1023_V70_D0120_P7__G26__ch6__nav_sage_v2__ingestion_20260825_event_path_v1,957,F1023_V70_D0120_P7__G26__ch6__nav_sage_v2__ingestion_20260825_event_path_v1::957,Urban,HIGH,2
environment_only,2,Urban,1.5173399640401513,0.5005285023490325,0.7112531885264289,2.4,F1023_V70_D0120_P7__G26__ch6__nav_sage_v2__ingestion_20260825_event_path_v1,958,F1023_V70_D0120_P7__G26__ch6__nav_sage_v2__ingestion_20260825_event_path_v1::958,Urban,HIGH,2
environment_only,2,Urban,1.5563652069273168,0.5531209753433921,0.7523305612477871,2.5,F1023_V70_D0120_P7__G26__ch6__nav_sage_v2__ingestion_20260825_event_path_v1,959,F1023_V70_D0120_P7__G26__ch6__nav_sage_v2__ingestion_20260825_event_path_v1::959,Urban,HIGH,2
environment_only,3,Urban,1.2277565345543475,0.3941466320626827,0.8929361600014152,3.5,F1023_V70_D0120_P7__G31__ch8__nav_sage_v2__ingestion_20260825_event_path_v1,73,F1023_V70_D0120_P7__G31__ch8__nav_sage_v2__ingestion_20260825_event_path_v1::73,Urban,MID,3
environment_only,3,Urban,1.3893593974394092,0.5573499660011023,0.9488678098001488,3.7,F1023_V70_D0120_P7__G31__ch8__nav_sage_v2__ingestion_20260825_event_path_v1,74,F1023_V70_D0120_P7__G31__ch8__nav_sage_v2__ingestion_20260825_event_path_v1::74,Urban,MID,3
environment_only,3,Urban,1.3725681290235443,0.5434104787960402,0.9608577885481996,3.6,F1023_V70_D0120_P7__G31__ch8__nav_sage_v2__ingestion_20260825_event_path_v1,75,F1023_V70_D0120_P7__G31__ch8__nav_sage_v2__ingestion_20260825_event_path_v1::75,Urban,MID,3
environment_only,3,Urban,1.421739706012226,0.5772667277877523,0.943147826874976,3.7,F1023_V70_D0120_P7__G31__ch8__nav_sage_v2__ingestion_20260825_event_path_v1,76,F1023_V70_D0120_P7__G31__ch8__nav_sage_v2__ingestion_20260825_event_path_v1::76,Urban,MID,3
environment_only,2,Urban,1.7308883298456066,0.630172498056728,0.7607482298711107,2.4,F1023_V70_D0120_P7__G31__ch8__nav_sage_v2__ingestion_20260825_event_path_v1,432,F1023_V70_D0120_P7__G31__ch8__nav_sage_v2__ingestion_20260825_event_path_v1::432,Urban,MID,2
environment_only,2,Urban,1.5977054100435837,0.4809556766194686,0.6452136327986583,2.2,F1023_V70_D0120_P7__G31__ch8__nav_sage_v2__ingestion_20260825_event_path_v1,957,F1023_V70_D0120_P7__G31__ch8__nav_sage_v2__ingestion_20260825_event_path_v1::957,Urban,MID,2
environment_only,2,Urban,1.711655953743398,0.559679825690502,0.6770910140769213,2.3,F1023_V70_D0120_P7__G31__ch8__nav_sage_v2__ingestion_20260825_event_path_v1,958,F1023_V70_D0120_P7__G31__ch8__nav_sage_v2__ingestion_20260825_event_path_v1::958,Urban,MID,2
environment_only,2,Urban,1.726219857529271,0.48938423497887584,0.5955810120563881,2.1,F1023_V70_D0120_P7__G31__ch8__nav_sage_v2__ingestion_20260825_event_path_v1,959,F1023_V70_D0120_P7__G31__ch8__nav_sage_v2__ingestion_20260825_event_path_v1::959,Urban,MID,2
environment_only,1,Urban,1.6801782814170498,0.850132635788581,1.030802132672988,2.1,F1023_V70_D0120_P7__G31__ch8__nav_sage_v2__ingestion_20260825_event_path_v1,2092,F1023_V70_D0120_P7__G31__ch8__nav_sage_v2__ingestion_20260825_event_path_v1::2092,Urban,MID,1
environment_only,2,Urban,2.274024527762459,1.1167474680701046,1.1543699517380375,2.7,F1023_V70_D0120_P7__G31__ch8__nav_sage_v2__ingestion_20260825_event_path_v1,2093,F1023_V70_D0120_P7__G31__ch8__nav_sage_v2__ingestion_20260825_event_path_v1::2093,Urban,MID,2
environment_only,1,Urban,1.8243395840206655,0.8133415863109342,0.8958182401229029,1.8,F1023_V70_D0120_P7__G31__ch8__nav_sage_v2__ingestion_20260825_event_path_v1,2094,F1023_V70_D0120_P7__G31__ch8__nav_sage_v2__ingestion_20260825_event_path_v1::2094,Urban,MID,1
environment_only,1,Urban,1.749966724826323,0.7285529571033883,0.8412791544853992,1.7,F1023_V70_D0120_P7__G31__ch8__nav_sage_v2__ingestion_20260825_event_path_v1,2095,F1023_V70_D0120_P7__G31__ch8__nav_sage_v2__ingestion_20260825_event_path_v1::2095,Urban,MID,1
environment_only,2,Urban,1.3018938935034425,0.362052431889896,0.6823289279120025,2.4,F1023_V70_D0120_P7__G31__ch8__nav_sage_v2__ingestion_20260825_event_path_v1,2206,F1023_V70_D0120_P7__G31__ch8__nav_sage_v2__ingestion_20260825_event_path_v1::2206,Urban,MID,2
environment_only,2,Urban,1.3450741299839017,0.42060171575596633,0.7371916239472927,2.5,F1023_V70_D0120_P7__G31__ch8__nav_sage_v2__ingestion_20260825_event_path_v1,2207,F1023_V70_D0120_P7__G31__ch8__nav_sage_v2__ingestion_20260825_event_path_v1::2207,Urban,MID,2
environment_only,1,Urban,1.0876610944923035,0.16925152454751174,0.5716486009675155,2.1,F1023_V70_D0120_P8__G16__ch4__nav_sage_v2__ingestion_20260825_event_path_v1,91,F1023_V70_D0120_P8__G16__ch4__nav_sage_v2__ingestion_20260825_event_path_v1::91,Urban,MID,1
environment_only,1,Urban,1.7072698565536757,0.7042581766003594,0.8374122765473098,1.7,F1023_V70_D0120_P8__G16__ch4__nav_sage_v2__ingestion_20260825_event_path_v1,92,F1023_V70_D0120_P8__G16__ch4__nav_sage_v2__ingestion_20260825_event_path_v1::92,Urban,MID,1
environment_only,1,Urban,1.663329352520491,0.47855538761364047,0.587580808163717,1.2,F1023_V70_D0120_P8__G16__ch4__nav_sage_v2__ingestion_20260825_event_path_v1,93,F1023_V70_D0120_P8__G16__ch4__nav_sage_v2__ingestion_20260825_event_path_v1::93,Urban,MID,1
environment_only,1,Urban,1.4233801161700934,0.5651492609631545,0.8685562207841205,1.9,F1023_V70_D0120_P8__G16__ch4__nav_sage_v2__ingestion_20260825_event_path_v1,96,F1023_V70_D0120_P8__G16__ch4__nav_sage_v2__ingestion_20260825_event_path_v1::96,Urban,MID,1
environment_only,1,Urban,1.5021074166362847,0.5682567031012586,0.8019480747857854,1.7,F1023_V70_D0120_P8__G16__ch4__nav_sage_v2__ingestion_20260825_event_path_v1,97,F1023_V70_D0120_P8__G16__ch4__nav_sage_v2__ingestion_20260825_event_path_v1::97,Urban,MID,1
environment_only,1,Urban,1.547078006549357,0.4597062368564377,0.6215209439018623,1.3,F1023_V70_D0120_P8__G16__ch4__nav_sage_v2__ingestion_20260825_event_path_v1,98,F1023_V70_D0120_P8__G16__ch4__nav_sage_v2__ingestion_20260825_event_path_v1::98,Urban,MID,1
environment_only,1,Urban,1.5867705491797193,0.4067680764754269,0.5310222369011027,1.1,F1023_V70_D0120_P8__G16__ch4__nav_sage_v2__ingestion_20260825_event_path_v1,99,F1023_V70_D0120_P8__G16__ch4__nav_sage_v2__ingestion_20260825_event_path_v1::99,Urban,MID,1
environment_only,1,Urban,1.2272286357966278,0.18515591078033097,0.388423994474385,1.0,F1023_V70_D0120_P8__G16__ch4__nav_sage_v2__ingestion_20260825_event_path_v1,203,F1023_V70_D0120_P8__G16__ch4__nav_sage_v2__ingestion_20260825_event_path_v1::203,Urban,MID,1
environment_only,1,Urban,1.3120782246090867,0.4043455427312738,0.7238039131674525,1.7,F1023_V70_D0120_P8__G16__ch4__nav_sage_v2__ingestion_20260825_event_path_v1,204,F1023_V70_D0120_P8__G16__ch4__nav_sage_v2__ingestion_20260825_event_path_v1::204,Urban,MID,1
environment_only,1,Urban,1.2416453354708883,0.2530021473426783,0.5146772823677722,1.3,F1023_V70_D0120_P8__G16__ch4__nav_sage_v2__ingestion_20260825_event_path_v1,205,F1023_V70_D0120_P8__G16__ch4__nav_sage_v2__ingestion_20260825_event_path_v1::205,Urban,MID,1
environment_only,1,Urban,1.7147915014980681,0.5002064688612805,0.5916428408616684,1.2,F1023_V70_D0120_P8__G16__ch4__nav_sage_v2__ingestion_20260825_event_path_v1,220,F1023_V70_D0120_P8__G16__ch4__nav_sage_v2__ingestion_20260825_event_path_v1::220,Urban,MID,1
environment_only,1,Urban,1.5638391912252327,0.39660286928979277,0.5281754635439586,1.1,F1023_V70_D0120_P8__G16__ch4__nav_sage_v2__ingestion_20260825_event_path_v1,221,F1023_V70_D0120_P8__G16__ch4__nav_sage_v2__ingestion_20260825_event_path_v1::221,Urban,MID,1
environment_only,1,Urban,1.3746586555930385,0.3543106867215921,0.5788504383801947,1.3,F1023_V70_D0120_P8__G16__ch4__nav_sage_v2__ingestion_20260825_event_path_v1,222,F1023_V70_D0120_P8__G16__ch4__nav_sage_v2__ingestion_20260825_event_path_v1::222,Urban,MID,1
environment_only,1,Urban,1.7513250184997096,0.4290037603318999,0.494933868262205,1.0,F1023_V70_D0120_P8__G16__ch4__nav_sage_v2__ingestion_20260825_event_path_v1,223,F1023_V70_D0120_P8__G16__ch4__nav_sage_v2__ingestion_20260825_event_path_v1::223,Urban,MID,1
environment_only,1,Urban,1.505095628859682,0.40270846782727965,0.5666357307238403,1.2,F1023_V70_D0120_P8__G16__ch4__nav_sage_v2__ingestion_20260825_event_path_v1,293,F1023_V70_D0120_P8__G16__ch4__nav_sage_v2__ingestion_20260825_event_path_v1::293,Urban,MID,1
environment_only,1,Urban,1.5224597426917788,0.6177027283378165,0.854580745402146,1.8,F1023_V70_D0120_P8__G16__ch4__nav_sage_v2__ingestion_20260825_event_path_v1,294,F1023_V70_D0120_P8__G16__ch4__nav_sage_v2__ingestion_20260825_event_path_v1::294,Urban,MID,1
environment_only,1,Urban,1.8737986230845838,0.6528546116148983,0.6984105614565246,1.4,F1023_V70_D0120_P8__G16__ch4__nav_sage_v2__ingestion_20260825_event_path_v1,418,F1023_V70_D0120_P8__G16__ch4__nav_sage_v2__ingestion_20260825_event_path_v1::418,Urban,MID,1
environment_only,1,Urban,1.748360463405795,0.513642681176622,0.5937528218759364,1.2,F1023_V70_D0120_P8__G16__ch4__nav_sage_v2__ingestion_20260825_event_path_v1,419,F1023_V70_D0120_P8__G16__ch4__nav_sage_v2__ingestion_20260825_event_path_v1::419,Urban,MID,1
environment_only,1,Urban,1.7646591213968357,0.5633138127147352,0.6441936858848774,1.3,F1023_V70_D0120_P8__G16__ch4__nav_sage_v2__ingestion_20260825_event_path_v1,420,F1023_V70_D0120_P8__G16__ch4__nav_sage_v2__ingestion_20260825_event_path_v1::420,Urban,MID,1
environment_only,1,Urban,1.693568777074537,0.6962025617072533,0.835970303285104,1.7,F1023_V70_D0120_P8__G16__ch4__nav_sage_v2__ingestion_20260825_event_path_v1,421,F1023_V70_D0120_P8__G16__ch4__nav_sage_v2__ingestion_20260825_event_path_v1::421,Urban,MID,1
environment_only,1,Urban,1.437430978137416,0.42604019163822254,0.6441630410093226,1.4,F1023_V70_D0120_P8__G16__ch4__nav_sage_v2__ingestion_20260825_event_path_v1,522,F1023_V70_D0120_P8__G16__ch4__nav_sage_v2__ingestion_20260825_event_path_v1::522,Urban,MID,1
environment_only,1,Urban,1.8306645396220396,0.6806254135945129,0.7467845517691617,1.5,F1023_V70_D0120_P8__G16__ch4__nav_sage_v2__ingestion_20260825_event_path_v1,523,F1023_V70_D0120_P8__G16__ch4__nav_sage_v2__ingestion_20260825_event_path_v1::523,Urban,MID,1
environment_only,1,Urban,1.6716626055033057,0.6026897442930005,0.7353908406851004,1.5,F1023_V70_D0120_P8__G16__ch4__nav_sage_v2__ingestion_20260825_event_path_v1,524,F1023_V70_D0120_P8__G16__ch4__nav_sage_v2__ingestion_20260825_event_path_v1::524,Urban,MID,1
environment_only,1,Urban,1.506061884223906,0.43682165811539186,0.6140480392862835,1.3,F1023_V70_D0120_P8__G16__ch4__nav_sage_v2__ingestion_20260825_event_path_v1,539,F1023_V70_D0120_P8__G16__ch4__nav_sage_v2__ingestion_20260825_event_path_v1::539,Urban,MID,1
environment_only,1,Urban,1.7966516274241764,0.6651136051619978,0.7451807163174626,1.5,F1023_V70_D0120_P8__G16__ch4__nav_sage_v2__ingestion_20260825_event_path_v1,540,F1023_V70_D0120_P8__G16__ch4__nav_sage_v2__ingestion_20260825_event_path_v1::540,Urban,MID,1
environment_only,1,Urban,1.4655645160667061,0.508270511151503,0.7449120118082369,1.6,F1023_V70_D0120_P8__G16__ch4__nav_sage_v2__ingestion_20260825_event_path_v1,541,F1023_V70_D0120_P8__G16__ch4__nav_sage_v2__ingestion_20260825_event_path_v1::541,Urban,MID,1
environment_only,1,Urban,1.7866887144444967,0.5283664970296214,0.5957085203790463,1.2,F1023_V70_D0120_P8__G16__ch4__nav_sage_v2__ingestion_20260825_event_path_v1,559,F1023_V70_D0120_P8__G16__ch4__nav_sage_v2__ingestion_20260825_event_path_v1::559,Urban,MID,1
environment_only,1,Urban,1.7919516019225252,0.48614413535508066,0.5462805401535458,1.1,F1023_V70_D0120_P8__G16__ch4__nav_sage_v2__ingestion_20260825_event_path_v1,560,F1023_V70_D0120_P8__G16__ch4__nav_sage_v2__ingestion_20260825_event_path_v1::560,Urban,MID,1
environment_only,1,Urban,1.583829481868049,0.6266521305090661,0.8201315316422486,1.7,F1023_V70_D0120_P8__G16__ch4__nav_sage_v2__ingestion_20260825_event_path_v1,561,F1023_V70_D0120_P8__G16__ch4__nav_sage_v2__ingestion_20260825_event_path_v1::561,Urban,MID,1
environment_only,2,Urban,1.2693030133890535,0.4345260736380744,0.8531572421524157,2.9,F1023_V70_D0120_P8__G18__ch9__nav_sage_v2__ingestion_20260825_event_path_v1,259,F1023_V70_D0120_P8__G18__ch9__nav_sage_v2__ingestion_20260825_event_path_v1::259,Urban,HIGH,2
environment_only,2,Urban,1.346700939137723,0.5097580832797107,0.8874192309704413,2.8,F1023_V70_D0120_P8__G18__ch9__nav_sage_v2__ingestion_20260825_event_path_v1,261,F1023_V70_D0120_P8__G18__ch9__nav_sage_v2__ingestion_20260825_event_path_v1::261,Urban,HIGH,2
environment_only,1,Urban,1.606895072606314,0.6798272950825108,0.8726534134519363,1.8,F1023_V70_D0120_P8__G18__ch9__nav_sage_v2__ingestion_20260825_event_path_v1,516,F1023_V70_D0120_P8__G18__ch9__nav_sage_v2__ingestion_20260825_event_path_v1::516,Urban,HIGH,1
environment_only,1,Urban,1.5624392220885732,0.539962656598641,0.7199891071237812,1.5,F1023_V70_D0120_P8__G18__ch9__nav_sage_v2__ingestion_20260825_event_path_v1,517,F1023_V70_D0120_P8__G18__ch9__nav_sage_v2__ingestion_20260825_event_path_v1::517,Urban,HIGH,1
environment_only,1,Urban,1.5055787031980874,0.6380267826822342,0.8973141655386935,1.9,F1023_V70_D0120_P8__G18__ch9__nav_sage_v2__ingestion_20260825_event_path_v1,768,F1023_V70_D0120_P8__G18__ch9__nav_sage_v2__ingestion_20260825_event_path_v1::768,Urban,HIGH,1
environment_only,1,Urban,1.706932440857833,0.41415373211991824,0.4925752920022088,1.0,F1023_V70_D0120_P8__G18__ch9__nav_sage_v2__ingestion_20260825_event_path_v1,848,F1023_V70_D0120_P8__G18__ch9__nav_sage_v2__ingestion_20260825_event_path_v1::848,Urban,HIGH,1
environment_only,1,Urban,1.5844369615143008,0.47951926673211087,0.6272450235629159,1.3,F1023_V70_D0120_P8__G18__ch9__nav_sage_v2__ingestion_20260825_event_path_v1,850,F1023_V70_D0120_P8__G18__ch9__nav_sage_v2__ingestion_20260825_event_path_v1::850,Urban,HIGH,1
environment_only,1,Urban,1.5902843358691638,0.5938906119417154,0.7729934800205235,1.6,F1023_V70_D0120_P8__G18__ch9__nav_sage_v2__ingestion_20260825_event_path_v1,851,F1023_V70_D0120_P8__G18__ch9__nav_sage_v2__ingestion_20260825_event_path_v1::851,Urban,HIGH,1
environment_only,1,Urban,1.680429938499988,0.6073712949086387,0.7363131483845454,1.5,F1023_V70_D0120_P8__G23__ch11__nav_sage_v2__ingestion_20260825_event_path_v1,51,F1023_V70_D0120_P8__G23__ch11__nav_sage_v2__ingestion_20260825_event_path_v1::51,Urban,LOW,1
environment_only,1,Urban,1.7362221948917735,0.5512479083467571,0.6424546866465444,1.3,F1023_V70_D0120_P8__G23__ch11__nav_sage_v2__ingestion_20260825_event_path_v1,52,F1023_V70_D0120_P8__G23__ch11__nav_sage_v2__ingestion_20260825_event_path_v1::52,Urban,LOW,1
environment_only,1,Urban,1.7388654542074464,0.46740361519151213,0.5437626662585141,1.1,F1023_V70_D0120_P8__G23__ch11__nav_sage_v2__ingestion_20260825_event_path_v1,53,F1023_V70_D0120_P8__G23__ch11__nav_sage_v2__ingestion_20260825_event_path_v1::53,Urban,LOW,1
environment_only,1,Urban,1.6994664438560978,0.5350540343413351,0.6397557541584109,1.3,F1023_V70_D0120_P8__G23__ch11__nav_sage_v2__ingestion_20260825_event_path_v1,263,F1023_V70_D0120_P8__G23__ch11__nav_sage_v2__ingestion_20260825_event_path_v1::263,Urban,LOW,1
environment_only,1,Urban,1.9203717903659387,0.8626815031182068,0.8992259614749141,1.8,F1023_V70_D0120_P8__G23__ch11__nav_sage_v2__ingestion_20260825_event_path_v1,265,F1023_V70_D0120_P8__G23__ch11__nav_sage_v2__ingestion_20260825_event_path_v1::265,Urban,LOW,1
environment_only,1,Urban,1.1711688211422429,0.14615213285417003,0.35325866856504323,1.0,F1023_V70_D0120_P8__G26__ch3__nav_sage_v2__ingestion_20260825_event_path_v1,194,F1023_V70_D0120_P8__G26__ch3__nav_sage_v2__ingestion_20260825_event_path_v1::194,Urban,HIGH,1
environment_only,2,Urban,1.402173436499844,0.36133339165268,0.6026171701264361,2.1,F1023_V70_D0120_P8__G26__ch3__nav_sage_v2__ingestion_20260825_event_path_v1,218,F1023_V70_D0120_P8__G26__ch3__nav_sage_v2__ingestion_20260825_event_path_v1::218,Urban,HIGH,2
environment_only,3,Urban,1.4917182243683085,0.47883322856070304,0.7686251357776429,3.1,F1023_V70_D0120_P8__G26__ch3__nav_sage_v2__ingestion_20260825_event_path_v1,298,F1023_V70_D0120_P8__G26__ch3__nav_sage_v2__ingestion_20260825_event_path_v1::298,Urban,HIGH,3
environment_only,3,Urban,1.4018264427276659,0.5397786179289924,0.9110529294979524,3.6,F1023_V70_D0120_P8__G26__ch3__nav_sage_v2__ingestion_20260825_event_path_v1,299,F1023_V70_D0120_P8__G26__ch3__nav_sage_v2__ingestion_20260825_event_path_v1::299,Urban,HIGH,3
environment_only,3,Urban,1.4404861909965807,0.639716798269032,1.003969783097259,3.9,F1023_V70_D0120_P8__G26__ch3__nav_sage_v2__ingestion_20260825_event_path_v1,300,F1023_V70_D0120_P8__G26__ch3__nav_sage_v2__ingestion_20260825_event_path_v1::300,Urban,HIGH,3
environment_only,1,Urban,1.3618708148665601,0.39857394429369986,0.6625705452030843,1.5,F1023_V70_D0120_P8__G26__ch3__nav_sage_v2__ingestion_20260825_event_path_v1,465,F1023_V70_D0120_P8__G26__ch3__nav_sage_v2__ingestion_20260825_event_path_v1::465,Urban,HIGH,1
environment_only,1,Urban,1.6488976996540234,0.6690082044770277,0.8305070559323205,1.7,F1023_V70_D0120_P8__G26__ch3__nav_sage_v2__ingestion_20260825_event_path_v1,848,F1023_V70_D0120_P8__G26__ch3__nav_sage_v2__ingestion_20260825_event_path_v1::848,Urban,HIGH,1
environment_only,2,Urban,1.1854974265326237,0.3061309971775223,0.7356014695502203,2.6,F1023_V70_D0120_P8__G26__ch3__nav_sage_v2__ingestion_20260825_event_path_v1,849,F1023_V70_D0120_P8__G26__ch3__nav_sage_v2__ingestion_20260825_event_path_v1::849,Urban,HIGH,2
environment_only,2,Urban,1.6910603096380288,0.4693016844633401,0.5809717625817923,2.1,F1023_V70_D0120_P8__G26__ch3__nav_sage_v2__ingestion_20260825_event_path_v1,850,F1023_V70_D0120_P8__G26__ch3__nav_sage_v2__ingestion_20260825_event_path_v1::850,Urban,HIGH,2
environment_only,3,Urban,1.4628206959726788,0.49081783241115906,0.7863482102169204,3.3,F1023_V70_D0122_P1__G13__ch5__nav_sage_v2__ingestion_20260825_event_path_v1,67,F1023_V70_D0122_P1__G13__ch5__nav_sage_v2__ingestion_20260825_event_path_v1::67,Urban,MID,3
environment_only,3,Urban,1.332728427909024,0.5095582940206195,0.9498260199580784,3.6,F1023_V70_D0122_P1__G13__ch5__nav_sage_v2__ingestion_20260825_event_path_v1,68,F1023_V70_D0122_P1__G13__ch5__nav_sage_v2__ingestion_20260825_event_path_v1::68,Urban,MID,3
environment_only,3,Urban,1.3917597256744016,0.41232406382008757,0.7476314534775802,3.1,F1023_V70_D0122_P1__G13__ch5__nav_sage_v2__ingestion_20260825_event_path_v1,69,F1023_V70_D0122_P1__G13__ch5__nav_sage_v2__ingestion_20260825_event_path_v1::69,Urban,MID,3
environment_only,1,Urban,1.6573577179224195,0.4759559466110553,0.5870375395311962,1.2,F1023_V70_D0122_P1__G13__ch5__nav_sage_v2__ingestion_20260825_event_path_v1,208,F1023_V70_D0122_P1__G13__ch5__nav_sage_v2__ingestion_20260825_event_path_v1::208,Urban,MID,1
environment_only,1,Urban,1.0368723713021448,0.07467840968436842,0.3889058953836871,2.1,F1023_V70_D0122_P1__G13__ch5__nav_sage_v2__ingestion_20260825_event_path_v1,1291,F1023_V70_D0122_P1__G13__ch5__nav_sage_v2__ingestion_20260825_event_path_v1::1291,Urban,MID,1
environment_only,3,Urban,1.8345038792439268,0.7375050817029521,0.8505302002091177,3.5,F1023_V70_D0122_P1__G15__ch8__nav_sage_v2__ingestion_20260825_event_path_v1,431,F1023_V70_D0122_P1__G15__ch8__nav_sage_v2__ingestion_20260825_event_path_v1::431,Urban,MID,3
environment_only,3,Urban,1.6921316242308329,0.7171522386183006,0.912702999412431,3.6,F1023_V70_D0122_P1__G15__ch8__nav_sage_v2__ingestion_20260825_event_path_v1,432,F1023_V70_D0122_P1__G15__ch8__nav_sage_v2__ingestion_20260825_event_path_v1::432,Urban,MID,3
environment_only,3,Urban,1.9258740366418108,0.7465474934166022,0.8402742460150325,3.4,F1023_V70_D0122_P1__G15__ch8__nav_sage_v2__ingestion_20260825_event_path_v1,433,F1023_V70_D0122_P1__G15__ch8__nav_sage_v2__ingestion_20260825_event_path_v1::433,Urban,MID,3
environment_only,3,Urban,1.542178692948051,0.5343649771820654,0.7894536935101426,3.3,F1023_V70_D0122_P1__G15__ch8__nav_sage_v2__ingestion_20260825_event_path_v1,1585,F1023_V70_D0122_P1__G15__ch8__nav_sage_v2__ingestion_20260825_event_path_v1::1585,Urban,MID,3
environment_only,3,Urban,1.4927274629882372,0.4242694529201384,0.6690114816610433,3.1,F1023_V70_D0122_P1__G15__ch8__nav_sage_v2__ingestion_20260825_event_path_v1,1586,F1023_V70_D0122_P1__G15__ch8__nav_sage_v2__ingestion_20260825_event_path_v1::1586,Urban,MID,3
environment_only,3,Urban,1.49605672057846,0.4475703285241599,0.7106446804346134,3.1,F1023_V70_D0122_P1__G15__ch8__nav_sage_v2__ingestion_20260825_event_path_v1,1587,F1023_V70_D0122_P1__G15__ch8__nav_sage_v2__ingestion_20260825_event_path_v1::1587,Urban,MID,3
environment_only,1,Urban,1.0438880806292437,0.12612869552870554,0.6020611586461492,3.0,F1023_V70_D0122_P1__G17__ch2__nav_sage_v2__ingestion_20260825_event_path_v1,1318,F1023_V70_D0122_P1__G17__ch2__nav_sage_v2__ingestion_20260825_event_path_v1::1318,Urban,MID,1
environment_only,1,Urban,1.0592572515180207,0.19579793295334744,0.8043357102528226,3.5,F1023_V70_D0122_P1__G17__ch2__nav_sage_v2__ingestion_20260825_event_path_v1,1329,F1023_V70_D0122_P1__G17__ch2__nav_sage_v2__ingestion_20260825_event_path_v1::1329,Urban,MID,1
environment_only,1,Urban,1.0359846739841616,0.12504511851973818,0.6591859714871382,3.6,F1023_V70_D0122_P1__G17__ch2__nav_sage_v2__ingestion_20260825_event_path_v1,1332,F1023_V70_D0122_P1__G17__ch2__nav_sage_v2__ingestion_20260825_event_path_v1::1332,Urban,MID,1
environment_only,3,Urban,1.8536972076536167,0.6809119483293575,0.8055508092710549,3.3,F1023_V70_D0122_P1__G17__ch2__nav_sage_v2__ingestion_20260825_event_path_v1,1428,F1023_V70_D0122_P1__G17__ch2__nav_sage_v2__ingestion_20260825_event_path_v1::1428,Urban,MID,3
environment_only,1,Urban,1.0222339883949736,0.06525117139731476,0.4376023295450135,3.0,F1023_V70_D0122_P1__G17__ch2__nav_sage_v2__ingestion_20260825_event_path_v1,1429,F1023_V70_D0122_P1__G17__ch2__nav_sage_v2__ingestion_20260825_event_path_v1::1429,Urban,MID,1
environment_only,1,Urban,1.056754035254895,0.1503768080482186,0.6312225266387768,2.8,F1023_V70_D0122_P1__G17__ch2__nav_sage_v2__ingestion_20260825_event_path_v1,1439,F1023_V70_D0122_P1__G17__ch2__nav_sage_v2__ingestion_20260825_event_path_v1::1439,Urban,MID,1
environment_only,1,Urban,1.0524091302447227,0.10457831498319015,0.4568126941099338,2.1,F1023_V70_D0122_P1__G17__ch2__nav_sage_v2__ingestion_20260825_event_path_v1,1560,F1023_V70_D0122_P1__G17__ch2__nav_sage_v2__ingestion_20260825_event_path_v1::1560,Urban,MID,1
environment_only,1,Urban,1.0780070289351789,0.10854339560136964,0.3886301901208642,1.5,F1023_V70_D0122_P1__G17__ch2__nav_sage_v2__ingestion_20260825_event_path_v1,1562,F1023_V70_D0122_P1__G17__ch2__nav_sage_v2__ingestion_20260825_event_path_v1::1562,Urban,MID,1
environment_only,3,Urban,1.2565759738780151,0.3177560149627307,0.7061618739620055,3.0,F1023_V70_D0122_P1__G17__ch2__nav_sage_v2__ingestion_20260825_event_path_v1,1592,F1023_V70_D0122_P1__G17__ch2__nav_sage_v2__ingestion_20260825_event_path_v1::1592,Urban,MID,3
environment_only,1,Urban,1.0570551956473757,0.15652925983307456,0.6553117153935416,2.9,F1023_V70_D0122_P1__G19__ch11__nav_sage_v2__ingestion_20260825_event_path_v1,1434,F1023_V70_D0122_P1__G19__ch11__nav_sage_v2__ingestion_20260825_event_path_v1::1434,Urban,MID,1
environment_only,3,Urban,1.5308063502921434,0.4829878751892012,0.7256014113531909,3.2,F1023_V70_D0122_P1__G22__ch4__nav_sage_v2__ingestion_20260825_event_path_v1,55,F1023_V70_D0122_P1__G22__ch4__nav_sage_v2__ingestion_20260825_event_path_v1::55,Urban,MID,3
environment_only,3,Urban,1.438749438674179,0.660424889661101,1.0488275747871267,3.9,F1023_V70_D0122_P1__G22__ch4__nav_sage_v2__ingestion_20260825_event_path_v1,56,F1023_V70_D0122_P1__G22__ch4__nav_sage_v2__ingestion_20260825_event_path_v1::56,Urban,MID,3
environment_only,3,Urban,1.3619408164192033,0.3905897722470746,0.7135792385327128,3.2,F1023_V70_D0122_P1__G22__ch4__nav_sage_v2__ingestion_20260825_event_path_v1,57,F1023_V70_D0122_P1__G22__ch4__nav_sage_v2__ingestion_20260825_event_path_v1::57,Urban,MID,3
environment_only,3,Urban,1.3045835522540488,0.31829453841446265,0.6554624318822648,3.0,F1023_V70_D0122_P1__G22__ch4__nav_sage_v2__ingestion_20260825_event_path_v1,58,F1023_V70_D0122_P1__G22__ch4__nav_sage_v2__ingestion_20260825_event_path_v1::58,Urban,MID,3
environment_only,1,Urban,1.025287268555915,0.027129953003985255,0.17060748504794665,1.1,F1023_V70_D0122_P1__G22__ch4__nav_sage_v2__ingestion_20260825_event_path_v1,434,F1023_V70_D0122_P1__G22__ch4__nav_sage_v2__ingestion_20260825_event_path_v1::434,Urban,MID,1
environment_only,1,Urban,1.0146396250006993,0.023085437848046435,0.1907977020727406,1.6,F1023_V70_D0122_P1__G22__ch4__nav_sage_v2__ingestion_20260825_event_path_v1,446,F1023_V70_D0122_P1__G22__ch4__nav_sage_v2__ingestion_20260825_event_path_v1::446,Urban,MID,1
environment_only,1,Urban,1.0115600326103587,0.012570717961820327,0.11691777798062504,1.1,F1023_V70_D0122_P1__G22__ch4__nav_sage_v2__ingestion_20260825_event_path_v1,448,F1023_V70_D0122_P1__G22__ch4__nav_sage_v2__ingestion_20260825_event_path_v1::448,Urban,MID,1
environment_only,1,Urban,1.0260331494501262,0.04059619237694684,0.25160655191709314,1.6,F1023_V70_D0122_P1__G22__ch4__nav_sage_v2__ingestion_20260825_event_path_v1,1492,F1023_V70_D0122_P1__G22__ch4__nav_sage_v2__ingestion_20260825_event_path_v1::1492,Urban,MID,1
environment_only,1,Urban,1.0954131677712327,0.11323318155374468,0.3665806631767213,1.3,F1023_V70_D0122_P1__G22__ch4__nav_sage_v2__ingestion_20260825_event_path_v1,1537,F1023_V70_D0122_P1__G22__ch4__nav_sage_v2__ingestion_20260825_event_path_v1::1537,Urban,MID,1
environment_only,2,Urban,1.4562944946660796,0.527799260365385,0.7967119394902225,2.6,F1023_V70_D0122_P1__G22__ch4__nav_sage_v2__ingestion_20260825_event_path_v1,1604,F1023_V70_D0122_P1__G22__ch4__nav_sage_v2__ingestion_20260825_event_path_v1::1604,Urban,MID,2
environment_only,2,Urban,1.3708554537457522,0.43781796455688016,0.7383125737513975,2.5,F1023_V70_D0122_P1__G22__ch4__nav_sage_v2__ingestion_20260825_event_path_v1,1606,F1023_V70_D0122_P1__G22__ch4__nav_sage_v2__ingestion_20260825_event_path_v1::1606,Urban,MID,2
environment_only,3,Urban,1.305077604599393,0.5069280342443622,0.9545826000230523,3.9,F1023_V70_D0122_P1__G24__ch7__nav_sage_v2__ingestion_20260825_event_path_v1,8,F1023_V70_D0122_P1__G24__ch7__nav_sage_v2__ingestion_20260825_event_path_v1::8,Urban,HIGH,3
environment_only,3,Urban,1.4693611713171983,0.5725674176669827,0.9034578011518292,3.4,F1023_V70_D0122_P1__G24__ch7__nav_sage_v2__ingestion_20260825_event_path_v1,9,F1023_V70_D0122_P1__G24__ch7__nav_sage_v2__ingestion_20260825_event_path_v1::9,Urban,HIGH,3
environment_only,1,Urban,1.0073881268305058,0.024935405286890415,0.2901010229878653,3.4,F1023_V70_D0122_P1__G24__ch7__nav_sage_v2__ingestion_20260825_event_path_v1,10,F1023_V70_D0122_P1__G24__ch7__nav_sage_v2__ingestion_20260825_event_path_v1::10,Urban,HIGH,1
environment_only,3,Urban,1.4736159134474154,0.5933471983865836,0.9181408045562442,3.6,F1023_V70_D0122_P1__G24__ch7__nav_sage_v2__ingestion_20260825_event_path_v1,930,F1023_V70_D0122_P1__G24__ch7__nav_sage_v2__ingestion_20260825_event_path_v1::930,Urban,HIGH,3
environment_only,3,Urban,1.6202540556520004,0.584336136904455,0.8427486577228496,3.2,F1023_V70_D0122_P1__G24__ch7__nav_sage_v2__ingestion_20260825_event_path_v1,931,F1023_V70_D0122_P1__G24__ch7__nav_sage_v2__ingestion_20260825_event_path_v1::931,Urban,HIGH,3
environment_only,3,Urban,1.57229320227823,0.6451039091487829,0.9208052546810559,3.5,F1023_V70_D0122_P1__G24__ch7__nav_sage_v2__ingestion_20260825_event_path_v1,932,F1023_V70_D0122_P1__G24__ch7__nav_sage_v2__ingestion_20260825_event_path_v1::932,Urban,HIGH,3
environment_only,3,Urban,1.9414711760100152,0.6991467206471811,0.7778165019738402,3.3,F1023_V70_D0122_P1__G24__ch7__nav_sage_v2__ingestion_20260825_event_path_v1,1361,F1023_V70_D0122_P1__G24__ch7__nav_sage_v2__ingestion_20260825_event_path_v1::1361,Urban,HIGH,3
environment_only,3,Urban,1.749235312632837,0.8126512356234212,0.9678547475831196,3.8,F1023_V70_D0122_P1__G24__ch7__nav_sage_v2__ingestion_20260825_event_path_v1,1362,F1023_V70_D0122_P1__G24__ch7__nav_sage_v2__ingestion_20260825_event_path_v1::1362,Urban,HIGH,3
environment_only,3,Urban,1.7457941523969762,0.6623713043832954,0.8249009785572378,3.4,F1023_V70_D0122_P1__G24__ch7__nav_sage_v2__ingestion_20260825_event_path_v1,1363,F1023_V70_D0122_P1__G24__ch7__nav_sage_v2__ingestion_20260825_event_path_v1::1363,Urban,HIGH,3
environment_only,3,Urban,1.7582971009573451,0.4759093220722421,0.6018453832106835,3.0,F1023_V70_D0122_P1__G24__ch7__nav_sage_v2__ingestion_20260825_event_path_v1,1433,F1023_V70_D0122_P1__G24__ch7__nav_sage_v2__ingestion_20260825_event_path_v1::1433,Urban,HIGH,3
environment_only,3,Urban,1.6054647597741236,0.6330323781253927,0.8694620001538996,3.5,F1023_V70_D0122_P1__G24__ch7__nav_sage_v2__ingestion_20260825_event_path_v1,1434,F1023_V70_D0122_P1__G24__ch7__nav_sage_v2__ingestion_20260825_event_path_v1::1434,Urban,HIGH,3
environment_only,3,Urban,1.7958824284503068,0.6009447018345464,0.7746892349981818,3.1,F1023_V70_D0122_P1__G24__ch7__nav_sage_v2__ingestion_20260825_event_path_v1,1435,F1023_V70_D0122_P1__G24__ch7__nav_sage_v2__ingestion_20260825_event_path_v1::1435,Urban,HIGH,3
environment_only,1,Urban,1.6699495498038233,0.6418872233667422,0.7842195801338562,1.6,F1023_v50_D0127_P1__G31__ch5__nav_sage_v2__ingestion_20260825_event_path_v1,327,F1023_v50_D0127_P1__G31__ch5__nav_sage_v2__ingestion_20260825_event_path_v1::327,Urban,MID,1
environment_only,1,Urban,1.6188416337257654,0.6880938304895837,0.8746975336214357,1.8,F1023_v50_D0127_P1__G31__ch5__nav_sage_v2__ingestion_20260825_event_path_v1,329,F1023_v50_D0127_P1__G31__ch5__nav_sage_v2__ingestion_20260825_event_path_v1::329,Urban,MID,1
environment_only,2,Urban,1.610695324475877,0.6366492042860815,0.8482108584230095,2.5,F1023_v50_D0127_P1__G31__ch5__nav_sage_v2__ingestion_20260825_event_path_v1,964,F1023_v50_D0127_P1__G31__ch5__nav_sage_v2__ingestion_20260825_event_path_v1::964,Urban,MID,2
environment_only,1,Urban,1.3132566989307055,0.3816547965810722,0.6818997659307239,1.6,F1023_v50_D0127_P1__G31__ch5__nav_sage_v2__ingestion_20260825_event_path_v1,970,F1023_v50_D0127_P1__G31__ch5__nav_sage_v2__ingestion_20260825_event_path_v1::970,Urban,MID,1
environment_only,1,Urban,1.1079587960340176,0.10718329604179007,0.32621061707980487,1.1,F1023_v50_D0127_P1__G31__ch5__nav_sage_v2__ingestion_20260825_event_path_v1,994,F1023_v50_D0127_P1__G31__ch5__nav_sage_v2__ingestion_20260825_event_path_v1::994,Urban,MID,1
environment_only,1,Urban,1.9226765741497647,0.8638051015959427,0.8992718884350381,1.8,F1023_v50_D0127_P1__G31__ch5__nav_sage_v2__ingestion_20260825_event_path_v1,995,F1023_v50_D0127_P1__G31__ch5__nav_sage_v2__ingestion_20260825_event_path_v1::995,Urban,MID,1
environment_only,1,Urban,1.818271362617708,0.5850352116152614,0.6467453720515719,1.3,F1023_v50_D0127_P1__G31__ch5__nav_sage_v2__ingestion_20260825_event_path_v1,996,F1023_v50_D0127_P1__G31__ch5__nav_sage_v2__ingestion_20260825_event_path_v1::996,Urban,MID,1
environment_only,1,Urban,1.820525208052662,0.4957787592644087,0.5473207990320605,1.1,F1023_v50_D0127_P1__G31__ch5__nav_sage_v2__ingestion_20260825_event_path_v1,1012,F1023_v50_D0127_P1__G31__ch5__nav_sage_v2__ingestion_20260825_event_path_v1::1012,Urban,MID,1
environment_only,1,Urban,1.6859846643092085,0.4475622742685513,0.5403762692300325,1.1,F1023_v50_D0127_P1__G31__ch5__nav_sage_v2__ingestion_20260825_event_path_v1,1013,F1023_v50_D0127_P1__G31__ch5__nav_sage_v2__ingestion_20260825_event_path_v1::1013,Urban,MID,1
environment_only,1,Urban,1.7615564045464622,0.5187842314314328,0.5944779213190486,1.2,F1023_v50_D0127_P1__G31__ch5__nav_sage_v2__ingestion_20260825_event_path_v1,1014,F1023_v50_D0127_P1__G31__ch5__nav_sage_v2__ingestion_20260825_event_path_v1::1014,Urban,MID,1
environment_only,1,Urban,1.850609967163379,0.6894564351130106,0.7475523237545147,1.5,F1023_v50_D0127_P1__G31__ch5__nav_sage_v2__ingestion_20260825_event_path_v1,1076,F1023_v50_D0127_P1__G31__ch5__nav_sage_v2__ingestion_20260825_event_path_v1::1076,Urban,MID,1
environment_only,1,Urban,1.508707530793335,0.6069258201067689,0.85094507759309,1.8,F1023_v50_D0127_P1__G31__ch5__nav_sage_v2__ingestion_20260825_event_path_v1,1077,F1023_v50_D0127_P1__G31__ch5__nav_sage_v2__ingestion_20260825_event_path_v1::1077,Urban,MID,1
environment_only,1,Urban,1.8366999068925232,0.6377633413350401,0.6972277951417465,1.4,F1023_v50_D0127_P1__G31__ch5__nav_sage_v2__ingestion_20260825_event_path_v1,1078,F1023_v50_D0127_P1__G31__ch5__nav_sage_v2__ingestion_20260825_event_path_v1::1078,Urban,MID,1
environment_only,1,Urban,1.804767989279747,0.6242770215806427,0.6958922549786722,1.4,F1023_v50_D0127_P1__G31__ch5__nav_sage_v2__ingestion_20260825_event_path_v1,1079,F1023_v50_D0127_P1__G31__ch5__nav_sage_v2__ingestion_20260825_event_path_v1::1079,Urban,MID,1
environment_only,1,Urban,1.419881774054064,0.5618604205510035,0.8670914985543083,1.9,F1023_v50_D0127_P1__G31__ch5__nav_sage_v2__ingestion_20260825_event_path_v1,1185,F1023_v50_D0127_P1__G31__ch5__nav_sage_v2__ingestion_20260825_event_path_v1::1185,Urban,MID,1
environment_only,1,Urban,1.3745684899254724,0.29974886077910845,0.48976970845351997,1.1,F1023_v50_D0127_P1__G31__ch5__nav_sage_v2__ingestion_20260825_event_path_v1,1186,F1023_v50_D0127_P1__G31__ch5__nav_sage_v2__ingestion_20260825_event_path_v1::1186,Urban,MID,1
environment_only,1,Urban,1.4354717636941394,0.30336491090111534,0.4597114766188394,1.0,F1023_v50_D0127_P1__G31__ch5__nav_sage_v2__ingestion_20260825_event_path_v1,1187,F1023_v50_D0127_P1__G31__ch5__nav_sage_v2__ingestion_20260825_event_path_v1::1187,Urban,MID,1
environment_only,1,Urban,1.501353050165842,0.4675078058119951,0.6602631139490127,1.4,F1023_v50_D0127_P1__G31__ch5__nav_sage_v2__ingestion_20260825_event_path_v1,1188,F1023_v50_D0127_P1__G31__ch5__nav_sage_v2__ingestion_20260825_event_path_v1::1188,Urban,MID,1
environment_only,3,Mountain/Valley,1.537011719049526,0.5269051285792522,0.7739954019607785,3.3,F1023_v90_D0117_P7__G12__ch10__nav_sage_v2__ingestion_20260825_event_path_v1,56,F1023_v90_D0117_P7__G12__ch10__nav_sage_v2__ingestion_20260825_event_path_v1::56,Mountain/Valley,MID,3
environment_only,3,Mountain/Valley,1.5314924635745621,0.5207998619721801,0.7756808569075991,3.3,F1023_v90_D0117_P7__G12__ch10__nav_sage_v2__ingestion_20260825_event_path_v1,57,F1023_v90_D0117_P7__G12__ch10__nav_sage_v2__ingestion_20260825_event_path_v1::57,Mountain/Valley,MID,3
environment_only,3,Mountain/Valley,1.529721251990355,0.5076561376564867,0.7775973632576166,3.2,F1023_v90_D0117_P7__G12__ch10__nav_sage_v2__ingestion_20260825_event_path_v1,58,F1023_v90_D0117_P7__G12__ch10__nav_sage_v2__ingestion_20260825_event_path_v1::58,Mountain/Valley,MID,3
environment_only,2,Mountain/Valley,1.394951236481989,0.40492711888787103,0.6687419218862048,2.3,F1023_v90_D0117_P7__G12__ch10__nav_sage_v2__ingestion_20260825_event_path_v1,82,F1023_v90_D0117_P7__G12__ch10__nav_sage_v2__ingestion_20260825_event_path_v1::82,Mountain/Valley,MID,2
environment_only,3,Mountain/Valley,1.5676483023283534,0.48010479952448754,0.7408390844880581,3.0,F1023_v90_D0117_P7__G25__ch0__nav_sage_v2__ingestion_20260825_event_path_v1,45,F1023_v90_D0117_P7__G25__ch0__nav_sage_v2__ingestion_20260825_event_path_v1::45,Mountain/Valley,HIGH,3
environment_only,3,Mountain/Valley,1.5141386793328777,0.451310396305443,0.7045820322063996,3.1,F1023_v90_D0117_P7__G25__ch0__nav_sage_v2__ingestion_20260825_event_path_v1,46,F1023_v90_D0117_P7__G25__ch0__nav_sage_v2__ingestion_20260825_event_path_v1::46,Mountain/Valley,HIGH,3
environment_only,3,Mountain/Valley,1.3834206829220348,0.48490843397826344,0.8523734285421325,3.4,F1023_v90_D0117_P7__G25__ch0__nav_sage_v2__ingestion_20260825_event_path_v1,47,F1023_v90_D0117_P7__G25__ch0__nav_sage_v2__ingestion_20260825_event_path_v1::47,Mountain/Valley,HIGH,3
environment_only,1,Mountain/Valley,1.0394122063214306,0.07204378739762553,0.3628951484284328,1.9,F1023_v90_D0117_P7__G25__ch0__nav_sage_v2__ingestion_20260825_event_path_v1,84,F1023_v90_D0117_P7__G25__ch0__nav_sage_v2__ingestion_20260825_event_path_v1::84,Mountain/Valley,HIGH,1
environment_only,2,Mountain/Valley,1.7469134425348116,0.5156047086741816,0.6296182270781839,2.1,F1023_v90_D0117_P7__G28__ch4__nav_sage_v2__ingestion_20260825_event_path_v1,7,F1023_v90_D0117_P7__G28__ch4__nav_sage_v2__ingestion_20260825_event_path_v1::7,Mountain/Valley,MID,2
environment_only,2,Mountain/Valley,1.8951368837873515,0.7806572330494058,0.8393013536442921,2.6,F1023_v90_D0117_P7__G28__ch4__nav_sage_v2__ingestion_20260825_event_path_v1,8,F1023_v90_D0117_P7__G28__ch4__nav_sage_v2__ingestion_20260825_event_path_v1::8,Mountain/Valley,MID,2
environment_only,2,Mountain/Valley,1.8709188041322955,0.5946047227821423,0.6627010430260528,2.2,F1023_v90_D0117_P7__G28__ch4__nav_sage_v2__ingestion_20260825_event_path_v1,9,F1023_v90_D0117_P7__G28__ch4__nav_sage_v2__ingestion_20260825_event_path_v1::9,Mountain/Valley,MID,2
environment_only,2,Mountain/Valley,1.237681562820336,0.3732061909611291,0.7807659301945439,2.8,F1023_v90_D0117_P7__G28__ch4__nav_sage_v2__ingestion_20260825_event_path_v1,43,F1023_v90_D0117_P7__G28__ch4__nav_sage_v2__ingestion_20260825_event_path_v1::43,Mountain/Valley,MID,2
environment_only,1,Mountain/Valley,1.0942747806112272,0.15507494836481833,0.5050610531869607,1.8,F1023_v90_D0117_P7__G28__ch4__nav_sage_v2__ingestion_20260825_event_path_v1,50,F1023_v90_D0117_P7__G28__ch4__nav_sage_v2__ingestion_20260825_event_path_v1::50,Mountain/Valley,MID,1
environment_only,1,Mountain/Valley,1.2429080120089022,0.3517834122811112,0.7137636674347175,1.8,F1023_v90_D0117_P7__G28__ch4__nav_sage_v2__ingestion_20260825_event_path_v1,74,F1023_v90_D0117_P7__G28__ch4__nav_sage_v2__ingestion_20260825_event_path_v1::74,Mountain/Valley,MID,1
environment_only,2,Mountain/Valley,1.5612770406166332,0.6768889965466955,0.9184973085615625,2.8,F1023_v90_D0117_P7__G29__ch11__nav_sage_v2__ingestion_20260825_event_path_v1,199,F1023_v90_D0117_P7__G29__ch11__nav_sage_v2__ingestion_20260825_event_path_v1::199,Mountain/Valley,HIGH,2
environment_only,1,Mountain/Valley,1.6321634162372662,0.6197060024243252,0.7794190621470473,1.6,F1023_v90_D0117_P7__G29__ch11__nav_sage_v2__ingestion_20260825_event_path_v1,1518,F1023_v90_D0117_P7__G29__ch11__nav_sage_v2__ingestion_20260825_event_path_v1::1518,Mountain/Valley,HIGH,1
environment_only,2,Mountain/Valley,1.2419345203630605,0.3026245941545413,0.6445162754303324,2.3,F1023_v90_D0117_P7__G29__ch11__nav_sage_v2__ingestion_20260825_event_path_v1,1549,F1023_v90_D0117_P7__G29__ch11__nav_sage_v2__ingestion_20260825_event_path_v1::1549,Mountain/Valley,HIGH,2
environment_only,2,Mountain/Valley,1.3411659215481255,0.4135985868597512,0.7276023505494549,2.5,F1023_v90_D0117_P7__G29__ch11__nav_sage_v2__ingestion_20260825_event_path_v1,1551,F1023_v90_D0117_P7__G29__ch11__nav_sage_v2__ingestion_20260825_event_path_v1::1551,Mountain/Valley,HIGH,2
environment_only,1,Mountain/Valley,1.2366410995959463,0.3253085066027248,0.6687292701508862,1.7,F1023_v90_D0117_P7__G29__ch11__nav_sage_v2__ingestion_20260825_event_path_v1,1555,F1023_v90_D0117_P7__G29__ch11__nav_sage_v2__ingestion_20260825_event_path_v1::1555,Mountain/Valley,HIGH,1
environment_only,2,Mountain/Valley,1.3647463717401345,0.5396891564438634,0.9091885285933633,2.9,F1023_v90_D0117_P7__G29__ch11__nav_sage_v2__ingestion_20260825_event_path_v1,1581,F1023_v90_D0117_P7__G29__ch11__nav_sage_v2__ingestion_20260825_event_path_v1::1581,Mountain/Valley,HIGH,2
environment_only,1,Mountain/Valley,1.6854344562211276,0.6913579886034077,0.8350644958445086,1.7,F1023_v90_D0117_P7__G32__ch5__nav_sage_v2__ingestion_20260825_event_path_v1,148,F1023_v90_D0117_P7__G32__ch5__nav_sage_v2__ingestion_20260825_event_path_v1::148,Mountain/Valley,LOW,1
environment_only,1,Mountain/Valley,1.7949025790959294,0.8857333967354507,0.9934501212332616,2.0,F1023_v90_D0117_P7__G32__ch5__nav_sage_v2__ingestion_20260825_event_path_v1,149,F1023_v90_D0117_P7__G32__ch5__nav_sage_v2__ingestion_20260825_event_path_v1::149,Mountain/Valley,LOW,1
environment_only,1,Mountain/Valley,1.6814739529312555,0.7700389936532792,0.932799033122717,1.9,F1023_v90_D0117_P7__G32__ch5__nav_sage_v2__ingestion_20260825_event_path_v1,150,F1023_v90_D0117_P7__G32__ch5__nav_sage_v2__ingestion_20260825_event_path_v1::150,Mountain/Valley,LOW,1
environment_only,2,Mountain/Valley,1.2426801786198884,0.2541901523034558,0.5456017053909586,2.1,F1023_v90_D0117_P7__G32__ch5__nav_sage_v2__ingestion_20260825_event_path_v1,664,F1023_v90_D0117_P7__G32__ch5__nav_sage_v2__ingestion_20260825_event_path_v1::664,Mountain/Valley,LOW,2
environment_only,2,Mountain/Valley,1.5140416175720481,0.47026005606788485,0.6938421797639512,2.2,F1023_v90_D0117_P7__G32__ch5__nav_sage_v2__ingestion_20260825_event_path_v1,665,F1023_v90_D0117_P7__G32__ch5__nav_sage_v2__ingestion_20260825_event_path_v1::665,Mountain/Valley,LOW,2
environment_only,2,Mountain/Valley,1.3849470059349074,0.3565304185007563,0.609686194621142,2.1,F1023_v90_D0117_P7__G32__ch5__nav_sage_v2__ingestion_20260825_event_path_v1,666,F1023_v90_D0117_P7__G32__ch5__nav_sage_v2__ingestion_20260825_event_path_v1::666,Mountain/Valley,LOW,2
environment_only,1,Mountain/Valley,1.4224679990350646,0.29699648731756856,0.4569349776922247,1.0,F1023_v90_D0117_P7__G32__ch5__nav_sage_v2__ingestion_20260825_event_path_v1,1542,F1023_v90_D0117_P7__G32__ch5__nav_sage_v2__ingestion_20260825_event_path_v1::1542,Mountain/Valley,LOW,1
environment_only,1,Mountain/Valley,1.4798025760921285,0.3242341808589049,0.46808800115112953,1.0,F1023_v90_D0117_P7__G32__ch5__nav_sage_v2__ingestion_20260825_event_path_v1,1543,F1023_v90_D0117_P7__G32__ch5__nav_sage_v2__ingestion_20260825_event_path_v1::1543,Mountain/Valley,LOW,1
environment_only,1,Mountain/Valley,1.3693339025632394,0.43154868436034516,0.7101011392776436,1.6,F1023_v90_D0117_P7__G32__ch5__nav_sage_v2__ingestion_20260825_event_path_v1,1544,F1023_v90_D0117_P7__G32__ch5__nav_sage_v2__ingestion_20260825_event_path_v1::1544,Mountain/Valley,LOW,1
elevation_ready,2,Mountain/Valley/MID,1.3331244743485413,0.4753548044537895,0.8374139468375158,2.8,F1023_V70_D0117_P2__G11__ch5__nav_sage_v2__ingestion_20260825_event_path_v1,317,F1023_V70_D0117_P2__G11__ch5__nav_sage_v2__ingestion_20260825_event_path_v1::317,Mountain/Valley,MID,2
elevation_ready,2,Mountain/Valley/MID,1.9593101717633474,0.7717309689101899,0.8095023843585586,2.5,F1023_V70_D0117_P2__G11__ch5__nav_sage_v2__ingestion_20260825_event_path_v1,640,F1023_V70_D0117_P2__G11__ch5__nav_sage_v2__ingestion_20260825_event_path_v1::640,Mountain/Valley,MID,2
elevation_ready,2,Mountain/Valley/MID,1.9055494584528716,0.6008262434478546,0.6536392172352857,2.2,F1023_V70_D0117_P2__G11__ch5__nav_sage_v2__ingestion_20260825_event_path_v1,641,F1023_V70_D0117_P2__G11__ch5__nav_sage_v2__ingestion_20260825_event_path_v1::641,Mountain/Valley,MID,2
elevation_ready,2,Mountain/Valley/MID,1.7205519126107272,0.8275695452357215,0.9899107198396285,2.9,F1023_V70_D0117_P2__G11__ch5__nav_sage_v2__ingestion_20260825_event_path_v1,642,F1023_V70_D0117_P2__G11__ch5__nav_sage_v2__ingestion_20260825_event_path_v1::642,Mountain/Valley,MID,2
elevation_ready,2,Mountain/Valley/MID,1.9729595944381555,0.5821800430053846,0.6203808445086709,2.1,F1023_V70_D0117_P2__G11__ch5__nav_sage_v2__ingestion_20260825_event_path_v1,643,F1023_V70_D0117_P2__G11__ch5__nav_sage_v2__ingestion_20260825_event_path_v1::643,Mountain/Valley,MID,2
elevation_ready,2,Mountain/Valley/MID,1.1421520218444743,0.24606659765726657,0.6746689088588433,2.6,F1023_V70_D0117_P2__G11__ch5__nav_sage_v2__ingestion_20260825_event_path_v1,730,F1023_V70_D0117_P2__G11__ch5__nav_sage_v2__ingestion_20260825_event_path_v1::730,Mountain/Valley,MID,2
elevation_ready,1,Mountain/Valley/MID,1.2820312077623135,0.3079829012558969,0.579933267102566,1.4,F1023_V70_D0117_P2__G11__ch5__nav_sage_v2__ingestion_20260825_event_path_v1,769,F1023_V70_D0117_P2__G11__ch5__nav_sage_v2__ingestion_20260825_event_path_v1::769,Mountain/Valley,MID,1
elevation_ready,2,Mountain/Valley/MID,2.0019715424593274,0.5883149918088351,0.6167300865784433,2.1,F1023_V70_D0117_P2__G12__ch6__nav_sage_v2__ingestion_20260825_event_path_v1,651,F1023_V70_D0117_P2__G12__ch6__nav_sage_v2__ingestion_20260825_event_path_v1::651,Mountain/Valley,MID,2
elevation_ready,3,Mountain/Valley/MID,1.4691831150348131,0.6974135383055399,1.084278794680407,3.8,F1023_V70_D0117_P2__G12__ch6__nav_sage_v2__ingestion_20260825_event_path_v1,970,F1023_V70_D0117_P2__G12__ch6__nav_sage_v2__ingestion_20260825_event_path_v1::970,Mountain/Valley,MID,3
elevation_ready,3,Mountain/Valley/MID,1.5296095357385833,0.731023155263849,1.052678832256309,3.9,F1023_V70_D0117_P2__G12__ch6__nav_sage_v2__ingestion_20260825_event_path_v1,971,F1023_V70_D0117_P2__G12__ch6__nav_sage_v2__ingestion_20260825_event_path_v1::971,Mountain/Valley,MID,3
elevation_ready,3,Mountain/Valley/MID,1.4067521030951387,0.39160514704530497,0.7127609847421594,3.0,F1023_V70_D0117_P2__G12__ch6__nav_sage_v2__ingestion_20260825_event_path_v1,972,F1023_V70_D0117_P2__G12__ch6__nav_sage_v2__ingestion_20260825_event_path_v1::972,Mountain/Valley,MID,3
elevation_ready,1,Mountain/Valley/LOW,1.2325860709445118,0.3019162087610282,0.6260291821512896,1.6,F1023_V70_D0117_P2__G28__ch1__nav_sage_v2__ingestion_20260825_event_path_v1,298,F1023_V70_D0117_P2__G28__ch1__nav_sage_v2__ingestion_20260825_event_path_v1::298,Mountain/Valley,LOW,1
elevation_ready,2,Mountain/Valley/LOW,1.7243682962592835,0.4767523683868122,0.6023365466086631,2.0,F1023_V70_D0117_P2__G28__ch1__nav_sage_v2__ingestion_20260825_event_path_v1,693,F1023_V70_D0117_P2__G28__ch1__nav_sage_v2__ingestion_20260825_event_path_v1::693,Mountain/Valley,LOW,2
elevation_ready,1,Mountain/Valley/MID,1.0292554665771365,0.042635867664265574,0.24927090541199068,1.5,F1023_V70_D0117_P2__G29__ch7__nav_sage_v2__ingestion_20260825_event_path_v1,80,F1023_V70_D0117_P2__G29__ch7__nav_sage_v2__ingestion_20260825_event_path_v1::80,Mountain/Valley,MID,1
elevation_ready,3,Mountain/Valley/MID,1.546106269398296,0.5278199088424192,0.7906732575634898,3.2,F1023_V70_D0117_P2__G32__ch11__nav_sage_v2__ingestion_20260825_event_path_v1,82,F1023_V70_D0117_P2__G32__ch11__nav_sage_v2__ingestion_20260825_event_path_v1::82,Mountain/Valley,MID,3
elevation_ready,3,Mountain/Valley/MID,1.4737969207099653,0.5746526919854061,0.8985455179473785,3.5,F1023_V70_D0117_P2__G32__ch11__nav_sage_v2__ingestion_20260825_event_path_v1,83,F1023_V70_D0117_P2__G32__ch11__nav_sage_v2__ingestion_20260825_event_path_v1::83,Mountain/Valley,MID,3
elevation_ready,3,Mountain/Valley/MID,1.2815477773253452,0.40943061904332795,0.8190122057042263,3.6,F1023_V70_D0117_P2__G32__ch11__nav_sage_v2__ingestion_20260825_event_path_v1,84,F1023_V70_D0117_P2__G32__ch11__nav_sage_v2__ingestion_20260825_event_path_v1::84,Mountain/Valley,MID,3
elevation_ready,3,Mountain/Valley/MID,1.281766521428396,0.4735168649718929,0.9305997562887618,3.9,F1023_V70_D0117_P2__G32__ch11__nav_sage_v2__ingestion_20260825_event_path_v1,143,F1023_V70_D0117_P2__G32__ch11__nav_sage_v2__ingestion_20260825_event_path_v1::143,Mountain/Valley,MID,3
elevation_ready,3,Mountain/Valley/MID,1.3628146289503151,0.37898096075155124,0.7100695441481386,3.1,F1023_V70_D0117_P2__G32__ch11__nav_sage_v2__ingestion_20260825_event_path_v1,144,F1023_V70_D0117_P2__G32__ch11__nav_sage_v2__ingestion_20260825_event_path_v1::144,Mountain/Valley,MID,3
elevation_ready,3,Mountain/Valley/MID,1.3544777739830947,0.45444471136901077,0.8286539229940345,3.4,F1023_V70_D0117_P2__G32__ch11__nav_sage_v2__ingestion_20260825_event_path_v1,145,F1023_V70_D0117_P2__G32__ch11__nav_sage_v2__ingestion_20260825_event_path_v1::145,Mountain/Valley,MID,3
elevation_ready,1,Mountain/Valley/MID,1.0138622834819626,0.025978221149793517,0.22064394895509845,1.9,F1023_V70_D0117_P2__G32__ch11__nav_sage_v2__ingestion_20260825_event_path_v1,347,F1023_V70_D0117_P2__G32__ch11__nav_sage_v2__ingestion_20260825_event_path_v1::347,Mountain/Valley,MID,1
elevation_ready,1,Mountain/Valley/MID,1.0127104794145838,0.018826426218969183,0.16698863735079547,1.5,F1023_V70_D0117_P2__G32__ch11__nav_sage_v2__ingestion_20260825_event_path_v1,349,F1023_V70_D0117_P2__G32__ch11__nav_sage_v2__ingestion_20260825_event_path_v1::349,Mountain/Valley,MID,1
elevation_ready,3,Mountain/Valley/MID,1.6422442515036038,0.506428191522091,0.7400150100296649,3.0,F1023_V70_D0117_P2__G32__ch11__nav_sage_v2__ingestion_20260825_event_path_v1,759,F1023_V70_D0117_P2__G32__ch11__nav_sage_v2__ingestion_20260825_event_path_v1::759,Mountain/Valley,MID,3
elevation_ready,3,Mountain/Valley/MID,1.4626412210947266,0.518548912405614,0.8467070855016299,3.3,F1023_V70_D0117_P2__G32__ch11__nav_sage_v2__ingestion_20260825_event_path_v1,760,F1023_V70_D0117_P2__G32__ch11__nav_sage_v2__ingestion_20260825_event_path_v1::760,Mountain/Valley,MID,3
elevation_ready,3,Mountain/Valley/MID,1.4474448822252168,0.5657228494982426,0.8950703793813946,3.6,F1023_V70_D0117_P2__G32__ch11__nav_sage_v2__ingestion_20260825_event_path_v1,761,F1023_V70_D0117_P2__G32__ch11__nav_sage_v2__ingestion_20260825_event_path_v1::761,Mountain/Valley,MID,3
elevation_ready,3,Mountain/Valley/HIGH,1.4099077870401353,0.551168501368609,0.9052227785671324,3.7,F1023_V70_D0117_P4__G25__ch7__nav_sage_v2__ingestion_20260825_event_path_v1,347,F1023_V70_D0117_P4__G25__ch7__nav_sage_v2__ingestion_20260825_event_path_v1::347,Mountain/Valley,HIGH,3
elevation_ready,3,Mountain/Valley/HIGH,1.3593590768410586,0.5356904347108083,0.9370497137809437,3.8,F1023_V70_D0117_P4__G25__ch7__nav_sage_v2__ingestion_20260825_event_path_v1,348,F1023_V70_D0117_P4__G25__ch7__nav_sage_v2__ingestion_20260825_event_path_v1::348,Mountain/Valley,HIGH,3
elevation_ready,3,Mountain/Valley/HIGH,1.4144855808556072,0.5447918943210872,0.9314244946129735,3.4,F1023_V70_D0117_P4__G25__ch7__nav_sage_v2__ingestion_20260825_event_path_v1,349,F1023_V70_D0117_P4__G25__ch7__nav_sage_v2__ingestion_20260825_event_path_v1::349,Mountain/Valley,HIGH,3
elevation_ready,3,Mountain/Valley/HIGH,1.5740966127868568,0.5743231818459833,0.8413986304779197,3.3,F1023_V70_D0117_P4__G25__ch7__nav_sage_v2__ingestion_20260825_event_path_v1,350,F1023_V70_D0117_P4__G25__ch7__nav_sage_v2__ingestion_20260825_event_path_v1::350,Mountain/Valley,HIGH,3
elevation_ready,2,Mountain/Valley/MID,1.4167933925835627,0.45103424868528263,0.7225308391429301,2.4,F1023_V70_D0117_P4__G28__ch6__nav_sage_v2__ingestion_20260825_event_path_v1,18,F1023_V70_D0117_P4__G28__ch6__nav_sage_v2__ingestion_20260825_event_path_v1::18,Mountain/Valley,MID,2
elevation_ready,2,Mountain/Valley/MID,1.3414249871345383,0.4128264439459582,0.7255444363885157,2.5,F1023_V70_D0117_P4__G28__ch6__nav_sage_v2__ingestion_20260825_event_path_v1,58,F1023_V70_D0117_P4__G28__ch6__nav_sage_v2__ingestion_20260825_event_path_v1::58,Mountain/Valley,MID,2
elevation_ready,2,Mountain/Valley/MID,1.5778443821264032,0.580854531829527,0.7827428537903249,2.5,F1023_V70_D0117_P4__G28__ch6__nav_sage_v2__ingestion_20260825_event_path_v1,409,F1023_V70_D0117_P4__G28__ch6__nav_sage_v2__ingestion_20260825_event_path_v1::409,Mountain/Valley,MID,2
elevation_ready,2,Mountain/Valley/MID,1.639933219804041,0.5760301878808434,0.7388963752692941,2.4,F1023_V70_D0117_P4__G28__ch6__nav_sage_v2__ingestion_20260825_event_path_v1,556,F1023_V70_D0117_P4__G28__ch6__nav_sage_v2__ingestion_20260825_event_path_v1::556,Mountain/Valley,MID,2
elevation_ready,2,Mountain/Valley/MID,1.6553130765052781,0.46228643415969906,0.5925489404046625,2.1,F1023_V70_D0117_P4__G28__ch6__nav_sage_v2__ingestion_20260825_event_path_v1,557,F1023_V70_D0117_P4__G28__ch6__nav_sage_v2__ingestion_20260825_event_path_v1::557,Mountain/Valley,MID,2
elevation_ready,2,Mountain/Valley/MID,1.7130436276572243,0.7486507362195994,0.907208192871196,2.7,F1023_V70_D0117_P4__G28__ch6__nav_sage_v2__ingestion_20260825_event_path_v1,558,F1023_V70_D0117_P4__G28__ch6__nav_sage_v2__ingestion_20260825_event_path_v1::558,Mountain/Valley,MID,2
elevation_ready,2,Mountain/Valley/MID,1.5694562093641282,0.6396224789445071,0.8601173398828525,2.7,F1023_V70_D0117_P4__G28__ch6__nav_sage_v2__ingestion_20260825_event_path_v1,559,F1023_V70_D0117_P4__G28__ch6__nav_sage_v2__ingestion_20260825_event_path_v1::559,Mountain/Valley,MID,2
elevation_ready,1,Mountain/Valley/MID,1.0181861467372821,0.02143358182064276,0.1589367791139267,1.2,F1023_V70_D0117_P4__G29__ch9__nav_sage_v2__ingestion_20260825_event_path_v1,252,F1023_V70_D0117_P4__G29__ch9__nav_sage_v2__ingestion_20260825_event_path_v1::252,Mountain/Valley,MID,1
elevation_ready,1,Mountain/Valley/MID,1.0337845612517305,0.04248460585837188,0.23113858587640065,1.3,F1023_V70_D0117_P4__G29__ch9__nav_sage_v2__ingestion_20260825_event_path_v1,253,F1023_V70_D0117_P4__G29__ch9__nav_sage_v2__ingestion_20260825_event_path_v1::253,Mountain/Valley,MID,1
elevation_ready,3,Mountain/Valley/MID,1.742893948607008,0.5160715037895969,0.6830978129181722,3.0,F1023_V70_D0117_P4__G29__ch9__nav_sage_v2__ingestion_20260825_event_path_v1,307,F1023_V70_D0117_P4__G29__ch9__nav_sage_v2__ingestion_20260825_event_path_v1::307,Mountain/Valley,MID,3
elevation_ready,3,Mountain/Valley/MID,1.8454888202576776,0.5836709811875834,0.7515264048830039,3.0,F1023_V70_D0117_P4__G29__ch9__nav_sage_v2__ingestion_20260825_event_path_v1,308,F1023_V70_D0117_P4__G29__ch9__nav_sage_v2__ingestion_20260825_event_path_v1::308,Mountain/Valley,MID,3
elevation_ready,3,Mountain/Valley/MID,1.8391151113073174,0.6327111547223101,0.764766808049442,3.2,F1023_V70_D0117_P4__G29__ch9__nav_sage_v2__ingestion_20260825_event_path_v1,309,F1023_V70_D0117_P4__G29__ch9__nav_sage_v2__ingestion_20260825_event_path_v1::309,Mountain/Valley,MID,3
elevation_ready,3,Mountain/Valley/MID,1.3799738193735622,0.5521544966652767,0.953589713975906,3.7,F1023_V70_D0117_P4__G29__ch9__nav_sage_v2__ingestion_20260825_event_path_v1,347,F1023_V70_D0117_P4__G29__ch9__nav_sage_v2__ingestion_20260825_event_path_v1::347,Mountain/Valley,MID,3
elevation_ready,3,Mountain/Valley/MID,1.5018193072283206,0.5562330064188463,0.8608907114003989,3.3,F1023_V70_D0117_P4__G29__ch9__nav_sage_v2__ingestion_20260825_event_path_v1,348,F1023_V70_D0117_P4__G29__ch9__nav_sage_v2__ingestion_20260825_event_path_v1::348,Mountain/Valley,MID,3
elevation_ready,3,Mountain/Valley/MID,1.3301596403818772,0.5521842859588074,1.0210874510167156,3.8,F1023_V70_D0117_P4__G29__ch9__nav_sage_v2__ingestion_20260825_event_path_v1,349,F1023_V70_D0117_P4__G29__ch9__nav_sage_v2__ingestion_20260825_event_path_v1::349,Mountain/Valley,MID,3
elevation_ready,2,Mountain/Valley/MID,1.5678626259613941,0.6996310241662342,0.9504664575433294,2.8,F1023_V70_D0117_P4__G29__ch9__nav_sage_v2__ingestion_20260825_event_path_v1,464,F1023_V70_D0117_P4__G29__ch9__nav_sage_v2__ingestion_20260825_event_path_v1::464,Mountain/Valley,MID,2
elevation_ready,2,Mountain/Valley/MID,1.5574758739374441,0.5396353731816732,0.7461533827381734,2.4,F1023_V70_D0117_P4__G29__ch9__nav_sage_v2__ingestion_20260825_event_path_v1,465,F1023_V70_D0117_P4__G29__ch9__nav_sage_v2__ingestion_20260825_event_path_v1::465,Mountain/Valley,MID,2
elevation_ready,2,Mountain/Valley/MID,1.8297768152429235,0.4751607787477609,0.5410490274472441,2.0,F1023_V70_D0117_P4__G29__ch9__nav_sage_v2__ingestion_20260825_event_path_v1,466,F1023_V70_D0117_P4__G29__ch9__nav_sage_v2__ingestion_20260825_event_path_v1::466,Mountain/Valley,MID,2
elevation_ready,2,Mountain/Valley/MID,1.3258491729618183,0.39868959519257546,0.7170641548840403,2.5,F1023_V70_D0117_P4__G29__ch9__nav_sage_v2__ingestion_20260825_event_path_v1,876,F1023_V70_D0117_P4__G29__ch9__nav_sage_v2__ingestion_20260825_event_path_v1::876,Mountain/Valley,MID,2
elevation_ready,2,Mountain/Valley/LOW,1.4294704026687932,0.5940053873514426,0.9302492522853053,2.8,F1023_V70_D0117_P4__G32__ch3__nav_sage_v2__ingestion_20260825_event_path_v1,57,F1023_V70_D0117_P4__G32__ch3__nav_sage_v2__ingestion_20260825_event_path_v1::57,Mountain/Valley,LOW,2
elevation_ready,2,Mountain/Valley/LOW,1.0972840730318176,0.1204751931323185,0.4118171586062752,2.0,F1023_V70_D0117_P4__G32__ch3__nav_sage_v2__ingestion_20260825_event_path_v1,58,F1023_V70_D0117_P4__G32__ch3__nav_sage_v2__ingestion_20260825_event_path_v1::58,Mountain/Valley,LOW,2
elevation_ready,2,Mountain/Valley/LOW,1.506361046168856,0.5709962236391207,0.8208346857295381,2.6,F1023_V70_D0117_P4__G32__ch3__nav_sage_v2__ingestion_20260825_event_path_v1,275,F1023_V70_D0117_P4__G32__ch3__nav_sage_v2__ingestion_20260825_event_path_v1::275,Mountain/Valley,LOW,2
elevation_ready,1,Mountain/Valley/LOW,1.0304235045000243,0.038382816072525576,0.22005549373879746,1.3,F1023_V70_D0117_P4__G32__ch3__nav_sage_v2__ingestion_20260825_event_path_v1,357,F1023_V70_D0117_P4__G32__ch3__nav_sage_v2__ingestion_20260825_event_path_v1::357,Mountain/Valley,LOW,1
elevation_ready,3,Urban/HIGH,1.4102989980523513,0.5792415449831525,0.9552826544562408,3.7,F1023_V70_D0120_P1__G26__ch3__nav_sage_v2__ingestion_20260825_event_path_v1,76,F1023_V70_D0120_P1__G26__ch3__nav_sage_v2__ingestion_20260825_event_path_v1::76,Urban,HIGH,3
elevation_ready,3,Urban/HIGH,1.4143661967760122,0.355328536939864,0.6175629290614565,3.0,F1023_V70_D0120_P1__G26__ch3__nav_sage_v2__ingestion_20260825_event_path_v1,77,F1023_V70_D0120_P1__G26__ch3__nav_sage_v2__ingestion_20260825_event_path_v1::77,Urban,HIGH,3
elevation_ready,3,Urban/HIGH,1.282132909954639,0.47437537887043507,0.9305525435941691,3.9,F1023_V70_D0120_P1__G26__ch3__nav_sage_v2__ingestion_20260825_event_path_v1,78,F1023_V70_D0120_P1__G26__ch3__nav_sage_v2__ingestion_20260825_event_path_v1::78,Urban,HIGH,3
elevation_ready,2,Urban/HIGH,1.485774044627398,0.6073953412946085,0.8816239110600942,2.8,F1023_V70_D0120_P1__G26__ch3__nav_sage_v2__ingestion_20260825_event_path_v1,597,F1023_V70_D0120_P1__G26__ch3__nav_sage_v2__ingestion_20260825_event_path_v1::597,Urban,HIGH,2
elevation_ready,2,Urban/HIGH,1.7614222840826217,0.45217060902458317,0.5361899212871872,2.0,F1023_V70_D0120_P1__G26__ch3__nav_sage_v2__ingestion_20260825_event_path_v1,598,F1023_V70_D0120_P1__G26__ch3__nav_sage_v2__ingestion_20260825_event_path_v1::598,Urban,HIGH,2
elevation_ready,2,Urban/HIGH,1.657103765195241,0.4995842954934787,0.6341475907046571,2.2,F1023_V70_D0120_P1__G26__ch3__nav_sage_v2__ingestion_20260825_event_path_v1,599,F1023_V70_D0120_P1__G26__ch3__nav_sage_v2__ingestion_20260825_event_path_v1::599,Urban,HIGH,2
elevation_ready,2,Urban/HIGH,1.5033613899302631,0.6559112453614371,0.9344915645149809,2.9,F1023_V70_D0120_P1__G26__ch3__nav_sage_v2__ingestion_20260825_event_path_v1,607,F1023_V70_D0120_P1__G26__ch3__nav_sage_v2__ingestion_20260825_event_path_v1::607,Urban,HIGH,2
elevation_ready,1,Urban/HIGH,1.4881599662428948,0.6232555349564581,0.8920415094396728,1.9,F1023_V70_D0120_P1__G26__ch3__nav_sage_v2__ingestion_20260825_event_path_v1,948,F1023_V70_D0120_P1__G26__ch3__nav_sage_v2__ingestion_20260825_event_path_v1::948,Urban,HIGH,1
elevation_ready,1,Urban/HIGH,1.7675001698303174,0.43422919156154793,0.4956553245526093,1.0,F1023_V70_D0120_P1__G26__ch3__nav_sage_v2__ingestion_20260825_event_path_v1,949,F1023_V70_D0120_P1__G26__ch3__nav_sage_v2__ingestion_20260825_event_path_v1::949,Urban,HIGH,1
elevation_ready,2,Urban/HIGH,1.353131733615526,0.48316418206115785,0.8334300809524334,2.7,F1023_V70_D0120_P1__G26__ch3__nav_sage_v2__ingestion_20260825_event_path_v1,2562,F1023_V70_D0120_P1__G26__ch3__nav_sage_v2__ingestion_20260825_event_path_v1::2562,Urban,HIGH,2
elevation_ready,2,Urban/HIGH,1.3207609622776442,0.35885646914652486,0.6610232685417421,2.3,F1023_V70_D0120_P1__G26__ch3__nav_sage_v2__ingestion_20260825_event_path_v1,2563,F1023_V70_D0120_P1__G26__ch3__nav_sage_v2__ingestion_20260825_event_path_v1::2563,Urban,HIGH,2
elevation_ready,3,Urban/HIGH,1.2562013133762218,0.36696999005339365,0.7878264139889224,3.4,F1023_V70_D0120_P1__G26__ch3__nav_sage_v2__ingestion_20260825_event_path_v1,2581,F1023_V70_D0120_P1__G26__ch3__nav_sage_v2__ingestion_20260825_event_path_v1::2581,Urban,HIGH,3
elevation_ready,3,Urban/HIGH,1.4033239345354516,0.6047255590718532,1.0191367474611996,3.7,F1023_V70_D0120_P1__G26__ch3__nav_sage_v2__ingestion_20260825_event_path_v1,2582,F1023_V70_D0120_P1__G26__ch3__nav_sage_v2__ingestion_20260825_event_path_v1::2582,Urban,HIGH,3
elevation_ready,3,Urban/HIGH,1.4625363154318978,0.40620820001922214,0.6858359224846367,3.0,F1023_V70_D0120_P1__G26__ch3__nav_sage_v2__ingestion_20260825_event_path_v1,2583,F1023_V70_D0120_P1__G26__ch3__nav_sage_v2__ingestion_20260825_event_path_v1::2583,Urban,HIGH,3
elevation_ready,1,Urban/LOW,1.9775946603506676,0.5437687246763967,0.5499646999652263,1.1,F1023_V70_D0120_P1__G27__ch8__nav_sage_v2__ingestion_20260825_event_path_v1,429,F1023_V70_D0120_P1__G27__ch8__nav_sage_v2__ingestion_20260825_event_path_v1::429,Urban,LOW,1
elevation_ready,1,Urban/LOW,1.917005003878136,0.9567059053294262,0.9990623711093594,2.0,F1023_V70_D0120_P1__G27__ch8__nav_sage_v2__ingestion_20260825_event_path_v1,430,F1023_V70_D0120_P1__G27__ch8__nav_sage_v2__ingestion_20260825_event_path_v1::430,Urban,LOW,1
elevation_ready,1,Urban/LOW,1.679263678811898,0.566301267832745,0.687113272333513,1.4,F1023_V70_D0120_P1__G27__ch8__nav_sage_v2__ingestion_20260825_event_path_v1,431,F1023_V70_D0120_P1__G27__ch8__nav_sage_v2__ingestion_20260825_event_path_v1::431,Urban,LOW,1
elevation_ready,1,Urban/MID,1.534956992384689,0.34851594868048186,0.476500348578913,1.0,F1023_V70_D0120_P1__G29__ch5__nav_sage_v2__ingestion_20260825_event_path_v1,1216,F1023_V70_D0120_P1__G29__ch5__nav_sage_v2__ingestion_20260825_event_path_v1::1216,Urban,MID,1
elevation_ready,1,Urban/MID,1.4645504702710426,0.4123556160140997,0.6050001212892127,1.3,F1023_V70_D0120_P1__G29__ch5__nav_sage_v2__ingestion_20260825_event_path_v1,1217,F1023_V70_D0120_P1__G29__ch5__nav_sage_v2__ingestion_20260825_event_path_v1::1217,Urban,MID,1
elevation_ready,1,Urban/MID,1.4106925625343187,0.3784668222362064,0.5905672979208179,1.3,F1023_V70_D0120_P1__G29__ch5__nav_sage_v2__ingestion_20260825_event_path_v1,1218,F1023_V70_D0120_P1__G29__ch5__nav_sage_v2__ingestion_20260825_event_path_v1::1218,Urban,MID,1
elevation_ready,1,Urban/MID,1.6874946752272557,0.4888866450269566,0.5896217621040072,1.2,F1023_V70_D0120_P1__G29__ch5__nav_sage_v2__ingestion_20260825_event_path_v1,1646,F1023_V70_D0120_P1__G29__ch5__nav_sage_v2__ingestion_20260825_event_path_v1::1646,Urban,MID,1
elevation_ready,1,Urban/MID,1.3803306699068891,0.4408574590986023,0.714854275579917,1.6,F1023_V70_D0120_P1__G29__ch5__nav_sage_v2__ingestion_20260825_event_path_v1,2098,F1023_V70_D0120_P1__G29__ch5__nav_sage_v2__ingestion_20260825_event_path_v1::2098,Urban,MID,1
elevation_ready,1,Urban/MID,1.3648033120802137,0.4543992713434405,0.7523297571453618,1.7,F1023_V70_D0120_P1__G29__ch5__nav_sage_v2__ingestion_20260825_event_path_v1,2100,F1023_V70_D0120_P1__G29__ch5__nav_sage_v2__ingestion_20260825_event_path_v1::2100,Urban,MID,1
elevation_ready,1,Urban/MID,1.1564914207349601,0.17591038144162033,0.44467857332591376,1.3,F1023_V70_D0120_P1__G29__ch5__nav_sage_v2__ingestion_20260825_event_path_v1,2593,F1023_V70_D0120_P1__G29__ch5__nav_sage_v2__ingestion_20260825_event_path_v1::2593,Urban,MID,1
elevation_ready,1,Urban/MID,1.0400950197949714,0.10022839210159443,0.5005477888082961,2.6,F1023_V70_D0120_P1__G29__ch5__nav_sage_v2__ingestion_20260825_event_path_v1,2594,F1023_V70_D0120_P1__G29__ch5__nav_sage_v2__ingestion_20260825_event_path_v1::2594,Urban,MID,1
elevation_ready,1,Urban/MID,1.5414892474646138,0.7025533890103169,0.9547384529863413,2.0,F1023_V70_D0120_P1__G31__ch9__nav_sage_v2__ingestion_20260825_event_path_v1,157,F1023_V70_D0120_P1__G31__ch9__nav_sage_v2__ingestion_20260825_event_path_v1::157,Urban,MID,1
elevation_ready,1,Urban/MID,1.5043273415741125,0.6034519148495311,0.8497406858528019,1.8,F1023_V70_D0120_P1__G31__ch9__nav_sage_v2__ingestion_20260825_event_path_v1,159,F1023_V70_D0120_P1__G31__ch9__nav_sage_v2__ingestion_20260825_event_path_v1::159,Urban,MID,1
elevation_ready,1,Urban/MID,1.291338547660319,0.3158536291381089,0.5851765252927003,1.4,F1023_V70_D0120_P1__G31__ch9__nav_sage_v2__ingestion_20260825_event_path_v1,469,F1023_V70_D0120_P1__G31__ch9__nav_sage_v2__ingestion_20260825_event_path_v1::469,Urban,MID,1
elevation_ready,1,Urban/MID,1.3370560279886141,0.30250582258306186,0.5210539457705117,1.2,F1023_V70_D0120_P1__G31__ch9__nav_sage_v2__ingestion_20260825_event_path_v1,471,F1023_V70_D0120_P1__G31__ch9__nav_sage_v2__ingestion_20260825_event_path_v1::471,Urban,MID,1
elevation_ready,1,Urban/MID,1.251332444696371,0.4017037131285369,0.8012749547538722,2.0,F1023_V70_D0120_P1__G31__ch9__nav_sage_v2__ingestion_20260825_event_path_v1,472,F1023_V70_D0120_P1__G31__ch9__nav_sage_v2__ingestion_20260825_event_path_v1::472,Urban,MID,1
elevation_ready,2,Urban/MID,1.4804703631876162,0.36371934996473343,0.5565862872705124,2.0,F1023_V70_D0120_P1__G31__ch9__nav_sage_v2__ingestion_20260825_event_path_v1,540,F1023_V70_D0120_P1__G31__ch9__nav_sage_v2__ingestion_20260825_event_path_v1::540,Urban,MID,2
elevation_ready,1,Urban/MID,1.5876018982551536,0.5551787563062452,0.7242545705797228,1.5,F1023_V70_D0120_P1__G31__ch9__nav_sage_v2__ingestion_20260825_event_path_v1,594,F1023_V70_D0120_P1__G31__ch9__nav_sage_v2__ingestion_20260825_event_path_v1::594,Urban,MID,1
elevation_ready,1,Urban/MID,1.6773325286078165,0.48457835310926783,0.5887935490721949,1.2,F1023_V70_D0120_P1__G31__ch9__nav_sage_v2__ingestion_20260825_event_path_v1,595,F1023_V70_D0120_P1__G31__ch9__nav_sage_v2__ingestion_20260825_event_path_v1::595,Urban,MID,1
elevation_ready,1,Urban/MID,1.1182998810265516,0.2433065861647971,0.7073945527835689,2.3,F1023_V70_D0120_P1__G31__ch9__nav_sage_v2__ingestion_20260825_event_path_v1,596,F1023_V70_D0120_P1__G31__ch9__nav_sage_v2__ingestion_20260825_event_path_v1::596,Urban,MID,1
elevation_ready,1,Urban/MID,1.017242546752386,0.016950280744188306,0.12908512201985753,1.0,F1023_V70_D0120_P1__G31__ch9__nav_sage_v2__ingestion_20260825_event_path_v1,610,F1023_V70_D0120_P1__G31__ch9__nav_sage_v2__ingestion_20260825_event_path_v1::610,Urban,MID,1
elevation_ready,1,Urban/MID,1.021336449952216,0.022979787853978566,0.15732036101395958,1.1,F1023_V70_D0120_P1__G31__ch9__nav_sage_v2__ingestion_20260825_event_path_v1,611,F1023_V70_D0120_P1__G31__ch9__nav_sage_v2__ingestion_20260825_event_path_v1::611,Urban,MID,1
elevation_ready,2,Urban/MID,1.622726368609428,0.5728303257000714,0.7478034799071187,2.4,F1023_V70_D0120_P1__G31__ch9__nav_sage_v2__ingestion_20260825_event_path_v1,783,F1023_V70_D0120_P1__G31__ch9__nav_sage_v2__ingestion_20260825_event_path_v1::783,Urban,MID,2
elevation_ready,2,Urban/MID,1.975659031929481,0.6921901889707742,0.7322407151205637,2.3,F1023_V70_D0120_P1__G31__ch9__nav_sage_v2__ingestion_20260825_event_path_v1,784,F1023_V70_D0120_P1__G31__ch9__nav_sage_v2__ingestion_20260825_event_path_v1::784,Urban,MID,2
elevation_ready,2,Urban/MID,1.7309937923372751,0.6121839478937477,0.7298022337491762,2.4,F1023_V70_D0120_P1__G31__ch9__nav_sage_v2__ingestion_20260825_event_path_v1,785,F1023_V70_D0120_P1__G31__ch9__nav_sage_v2__ingestion_20260825_event_path_v1::785,Urban,MID,2
elevation_ready,1,Urban/MID,1.0744819698556645,0.117842227516985,0.4317927699634509,1.7,F1023_V70_D0120_P1__G31__ch9__nav_sage_v2__ingestion_20260825_event_path_v1,787,F1023_V70_D0120_P1__G31__ch9__nav_sage_v2__ingestion_20260825_event_path_v1::787,Urban,MID,1
elevation_ready,1,Urban/MID,1.1696455651367352,0.17404817684260074,0.42256957338275986,1.2,F1023_V70_D0120_P1__G31__ch9__nav_sage_v2__ingestion_20260825_event_path_v1,1081,F1023_V70_D0120_P1__G31__ch9__nav_sage_v2__ingestion_20260825_event_path_v1::1081,Urban,MID,1
elevation_ready,1,Urban/HIGH,1.089693037109122,0.09054140703860823,0.30232069289735714,1.1,F1023_V70_D0120_P5__G18__ch2__nav_sage_v2__ingestion_20260825_event_path_v1,874,F1023_V70_D0120_P5__G18__ch2__nav_sage_v2__ingestion_20260825_event_path_v1::874,Urban,HIGH,1
elevation_ready,3,Urban/HIGH,1.817824736098403,0.6753518053046388,0.8289006599673417,3.3,F1023_V70_D0120_P5__G18__ch2__nav_sage_v2__ingestion_20260825_event_path_v1,1086,F1023_V70_D0120_P5__G18__ch2__nav_sage_v2__ingestion_20260825_event_path_v1::1086,Urban,HIGH,3
elevation_ready,3,Urban/HIGH,1.4502002774183258,0.5711336422687259,0.8873865181499663,3.7,F1023_V70_D0120_P5__G18__ch2__nav_sage_v2__ingestion_20260825_event_path_v1,1087,F1023_V70_D0120_P5__G18__ch2__nav_sage_v2__ingestion_20260825_event_path_v1::1087,Urban,HIGH,3
elevation_ready,3,Urban/HIGH,1.3568648602449764,0.4477724914328437,0.7976160458292889,3.5,F1023_V70_D0120_P5__G18__ch2__nav_sage_v2__ingestion_20260825_event_path_v1,1088,F1023_V70_D0120_P5__G18__ch2__nav_sage_v2__ingestion_20260825_event_path_v1::1088,Urban,HIGH,3
elevation_ready,1,Urban/LOW,1.2306565818058945,0.28113844091349627,0.5853792261525625,1.5,F1023_V70_D0120_P5__G23__ch0__nav_sage_v2__ingestion_20260825_event_path_v1,16,F1023_V70_D0120_P5__G23__ch0__nav_sage_v2__ingestion_20260825_event_path_v1::16,Urban,LOW,1
elevation_ready,1,Urban/LOW,1.330530613210924,0.372630223531572,0.648145085461711,1.5,F1023_V70_D0120_P5__G23__ch0__nav_sage_v2__ingestion_20260825_event_path_v1,17,F1023_V70_D0120_P5__G23__ch0__nav_sage_v2__ingestion_20260825_event_path_v1::17,Urban,LOW,1
elevation_ready,1,Urban/LOW,1.3249578677133036,0.46599213733555117,0.8174572703689117,1.9,F1023_V70_D0120_P5__G23__ch0__nav_sage_v2__ingestion_20260825_event_path_v1,18,F1023_V70_D0120_P5__G23__ch0__nav_sage_v2__ingestion_20260825_event_path_v1::18,Urban,LOW,1
elevation_ready,1,Urban/LOW,1.4377001711802042,0.517555959109002,0.7822921191448016,1.7,F1023_V70_D0120_P5__G23__ch0__nav_sage_v2__ingestion_20260825_event_path_v1,65,F1023_V70_D0120_P5__G23__ch0__nav_sage_v2__ingestion_20260825_event_path_v1::65,Urban,LOW,1
elevation_ready,1,Urban/LOW,1.1988683994723064,0.28199615508401776,0.6323540402026864,1.7,F1023_V70_D0120_P5__G23__ch0__nav_sage_v2__ingestion_20260825_event_path_v1,66,F1023_V70_D0120_P5__G23__ch0__nav_sage_v2__ingestion_20260825_event_path_v1::66,Urban,LOW,1
elevation_ready,1,Urban/LOW,1.3351247490397444,0.3263082150675485,0.5636697866368603,1.3,F1023_V70_D0120_P5__G23__ch0__nav_sage_v2__ingestion_20260825_event_path_v1,67,F1023_V70_D0120_P5__G23__ch0__nav_sage_v2__ingestion_20260825_event_path_v1::67,Urban,LOW,1
elevation_ready,1,Urban/LOW,1.3991690785487056,0.48499316053830144,0.7676392428388362,1.7,F1023_V70_D0120_P5__G23__ch0__nav_sage_v2__ingestion_20260825_event_path_v1,84,F1023_V70_D0120_P5__G23__ch0__nav_sage_v2__ingestion_20260825_event_path_v1::84,Urban,LOW,1
elevation_ready,1,Urban/LOW,1.2427542525468938,0.21486925291491382,0.43610478369102074,1.1,F1023_V70_D0120_P5__G23__ch0__nav_sage_v2__ingestion_20260825_event_path_v1,87,F1023_V70_D0120_P5__G23__ch0__nav_sage_v2__ingestion_20260825_event_path_v1::87,Urban,LOW,1
elevation_ready,1,Urban/LOW,1.4535916998128449,0.5304831403351565,0.7876604448554699,1.7,F1023_V70_D0120_P5__G23__ch0__nav_sage_v2__ingestion_20260825_event_path_v1,177,F1023_V70_D0120_P5__G23__ch0__nav_sage_v2__ingestion_20260825_event_path_v1::177,Urban,LOW,1
elevation_ready,1,Urban/LOW,1.6135703000845425,0.494333212546186,0.6310846625325394,1.3,F1023_V70_D0120_P5__G23__ch0__nav_sage_v2__ingestion_20260825_event_path_v1,178,F1023_V70_D0120_P5__G23__ch0__nav_sage_v2__ingestion_20260825_event_path_v1::178,Urban,LOW,1
elevation_ready,3,Urban/HIGH,1.49135588589556,0.5645903175348138,0.8627665427589056,3.5,F1023_V70_D0120_P5__G26__ch7__nav_sage_v2__ingestion_20260825_event_path_v1,609,F1023_V70_D0120_P5__G26__ch7__nav_sage_v2__ingestion_20260825_event_path_v1::609,Urban,HIGH,3
elevation_ready,1,Urban/HIGH,1.0358619596334313,0.038082444509048546,0.20109802679332445,1.1,F1023_V70_D0120_P5__G26__ch7__nav_sage_v2__ingestion_20260825_event_path_v1,903,F1023_V70_D0120_P5__G26__ch7__nav_sage_v2__ingestion_20260825_event_path_v1::903,Urban,HIGH,1
elevation_ready,1,Urban/HIGH,1.0305442648298444,0.03260286089542836,0.18654811831375986,1.1,F1023_V70_D0120_P5__G26__ch7__nav_sage_v2__ingestion_20260825_event_path_v1,906,F1023_V70_D0120_P5__G26__ch7__nav_sage_v2__ingestion_20260825_event_path_v1::906,Urban,HIGH,1
elevation_ready,1,Urban/HIGH,1.0602310149433294,0.05680933126310093,0.23147792798567252,1.0,F1023_V70_D0120_P7__G18__ch4__nav_sage_v2__ingestion_20260825_event_path_v1,84,F1023_V70_D0120_P7__G18__ch4__nav_sage_v2__ingestion_20260825_event_path_v1::84,Urban,HIGH,1
elevation_ready,2,Urban/HIGH,1.5742364938759255,0.730719222827149,0.9816369587064174,2.9,F1023_V70_D0120_P7__G18__ch4__nav_sage_v2__ingestion_20260825_event_path_v1,145,F1023_V70_D0120_P7__G18__ch4__nav_sage_v2__ingestion_20260825_event_path_v1::145,Urban,HIGH,2
elevation_ready,1,Urban/HIGH,1.364537753260735,0.3740115312643248,0.6194606672351116,1.4,F1023_V70_D0120_P7__G18__ch4__nav_sage_v2__ingestion_20260825_event_path_v1,350,F1023_V70_D0120_P7__G18__ch4__nav_sage_v2__ingestion_20260825_event_path_v1::350,Urban,HIGH,1
elevation_ready,2,Urban/HIGH,1.5884689802012797,0.42259919143628594,0.5638774789302884,2.1,F1023_V70_D0120_P7__G18__ch4__nav_sage_v2__ingestion_20260825_event_path_v1,352,F1023_V70_D0120_P7__G18__ch4__nav_sage_v2__ingestion_20260825_event_path_v1::352,Urban,HIGH,2
elevation_ready,1,Urban/HIGH,1.1059262319309235,0.09578055829815933,0.29429006600674146,1.0,F1023_V70_D0120_P7__G18__ch4__nav_sage_v2__ingestion_20260825_event_path_v1,417,F1023_V70_D0120_P7__G18__ch4__nav_sage_v2__ingestion_20260825_event_path_v1::417,Urban,HIGH,1
elevation_ready,2,Urban/HIGH,1.1646411589187304,0.27212745653217324,0.6959399210738383,2.5,F1023_V70_D0120_P7__G18__ch4__nav_sage_v2__ingestion_20260825_event_path_v1,982,F1023_V70_D0120_P7__G18__ch4__nav_sage_v2__ingestion_20260825_event_path_v1::982,Urban,HIGH,2
elevation_ready,1,Urban/HIGH,1.6609282795535267,0.7560613824272183,0.9299934476188305,1.9,F1023_V70_D0120_P7__G18__ch4__nav_sage_v2__ingestion_20260825_event_path_v1,2197,F1023_V70_D0120_P7__G18__ch4__nav_sage_v2__ingestion_20260825_event_path_v1::2197,Urban,HIGH,1
elevation_ready,2,Urban/HIGH,1.5795105424575655,0.4353877122069307,0.5967885612893327,2.1,F1023_V70_D0120_P7__G26__ch6__nav_sage_v2__ingestion_20260825_event_path_v1,421,F1023_V70_D0120_P7__G26__ch6__nav_sage_v2__ingestion_20260825_event_path_v1::421,Urban,HIGH,2
elevation_ready,1,Urban/HIGH,1.0642974633566284,0.10874350266411391,0.42885097111204595,1.8,F1023_V70_D0120_P7__G26__ch6__nav_sage_v2__ingestion_20260825_event_path_v1,939,F1023_V70_D0120_P7__G26__ch6__nav_sage_v2__ingestion_20260825_event_path_v1::939,Urban,HIGH,1
elevation_ready,1,Urban/HIGH,1.0207370930124495,0.04063160465982322,0.2821564849908899,2.0,F1023_V70_D0120_P7__G26__ch6__nav_sage_v2__ingestion_20260825_event_path_v1,956,F1023_V70_D0120_P7__G26__ch6__nav_sage_v2__ingestion_20260825_event_path_v1::956,Urban,HIGH,1
elevation_ready,2,Urban/HIGH,1.1669423028530186,0.2890798883919223,0.7292055596118214,2.7,F1023_V70_D0120_P7__G26__ch6__nav_sage_v2__ingestion_20260825_event_path_v1,957,F1023_V70_D0120_P7__G26__ch6__nav_sage_v2__ingestion_20260825_event_path_v1::957,Urban,HIGH,2
elevation_ready,2,Urban/HIGH,1.5173399640401513,0.5005285023490325,0.7112531885264289,2.4,F1023_V70_D0120_P7__G26__ch6__nav_sage_v2__ingestion_20260825_event_path_v1,958,F1023_V70_D0120_P7__G26__ch6__nav_sage_v2__ingestion_20260825_event_path_v1::958,Urban,HIGH,2
elevation_ready,2,Urban/HIGH,1.5563652069273168,0.5531209753433921,0.7523305612477871,2.5,F1023_V70_D0120_P7__G26__ch6__nav_sage_v2__ingestion_20260825_event_path_v1,959,F1023_V70_D0120_P7__G26__ch6__nav_sage_v2__ingestion_20260825_event_path_v1::959,Urban,HIGH,2
elevation_ready,3,Urban/MID,1.2277565345543475,0.3941466320626827,0.8929361600014152,3.5,F1023_V70_D0120_P7__G31__ch8__nav_sage_v2__ingestion_20260825_event_path_v1,73,F1023_V70_D0120_P7__G31__ch8__nav_sage_v2__ingestion_20260825_event_path_v1::73,Urban,MID,3
elevation_ready,3,Urban/MID,1.3893593974394092,0.5573499660011023,0.9488678098001488,3.7,F1023_V70_D0120_P7__G31__ch8__nav_sage_v2__ingestion_20260825_event_path_v1,74,F1023_V70_D0120_P7__G31__ch8__nav_sage_v2__ingestion_20260825_event_path_v1::74,Urban,MID,3
elevation_ready,3,Urban/MID,1.3725681290235443,0.5434104787960402,0.9608577885481996,3.6,F1023_V70_D0120_P7__G31__ch8__nav_sage_v2__ingestion_20260825_event_path_v1,75,F1023_V70_D0120_P7__G31__ch8__nav_sage_v2__ingestion_20260825_event_path_v1::75,Urban,MID,3
elevation_ready,3,Urban/MID,1.421739706012226,0.5772667277877523,0.943147826874976,3.7,F1023_V70_D0120_P7__G31__ch8__nav_sage_v2__ingestion_20260825_event_path_v1,76,F1023_V70_D0120_P7__G31__ch8__nav_sage_v2__ingestion_20260825_event_path_v1::76,Urban,MID,3
elevation_ready,2,Urban/MID,1.7308883298456066,0.630172498056728,0.7607482298711107,2.4,F1023_V70_D0120_P7__G31__ch8__nav_sage_v2__ingestion_20260825_event_path_v1,432,F1023_V70_D0120_P7__G31__ch8__nav_sage_v2__ingestion_20260825_event_path_v1::432,Urban,MID,2
elevation_ready,2,Urban/MID,1.5977054100435837,0.4809556766194686,0.6452136327986583,2.2,F1023_V70_D0120_P7__G31__ch8__nav_sage_v2__ingestion_20260825_event_path_v1,957,F1023_V70_D0120_P7__G31__ch8__nav_sage_v2__ingestion_20260825_event_path_v1::957,Urban,MID,2
elevation_ready,2,Urban/MID,1.711655953743398,0.559679825690502,0.6770910140769213,2.3,F1023_V70_D0120_P7__G31__ch8__nav_sage_v2__ingestion_20260825_event_path_v1,958,F1023_V70_D0120_P7__G31__ch8__nav_sage_v2__ingestion_20260825_event_path_v1::958,Urban,MID,2
elevation_ready,2,Urban/MID,1.726219857529271,0.48938423497887584,0.5955810120563881,2.1,F1023_V70_D0120_P7__G31__ch8__nav_sage_v2__ingestion_20260825_event_path_v1,959,F1023_V70_D0120_P7__G31__ch8__nav_sage_v2__ingestion_20260825_event_path_v1::959,Urban,MID,2
elevation_ready,1,Urban/MID,1.6801782814170498,0.850132635788581,1.030802132672988,2.1,F1023_V70_D0120_P7__G31__ch8__nav_sage_v2__ingestion_20260825_event_path_v1,2092,F1023_V70_D0120_P7__G31__ch8__nav_sage_v2__ingestion_20260825_event_path_v1::2092,Urban,MID,1
elevation_ready,2,Urban/MID,2.274024527762459,1.1167474680701046,1.1543699517380375,2.7,F1023_V70_D0120_P7__G31__ch8__nav_sage_v2__ingestion_20260825_event_path_v1,2093,F1023_V70_D0120_P7__G31__ch8__nav_sage_v2__ingestion_20260825_event_path_v1::2093,Urban,MID,2
elevation_ready,1,Urban/MID,1.8243395840206655,0.8133415863109342,0.8958182401229029,1.8,F1023_V70_D0120_P7__G31__ch8__nav_sage_v2__ingestion_20260825_event_path_v1,2094,F1023_V70_D0120_P7__G31__ch8__nav_sage_v2__ingestion_20260825_event_path_v1::2094,Urban,MID,1
elevation_ready,1,Urban/MID,1.749966724826323,0.7285529571033883,0.8412791544853992,1.7,F1023_V70_D0120_P7__G31__ch8__nav_sage_v2__ingestion_20260825_event_path_v1,2095,F1023_V70_D0120_P7__G31__ch8__nav_sage_v2__ingestion_20260825_event_path_v1::2095,Urban,MID,1
elevation_ready,2,Urban/MID,1.3018938935034425,0.362052431889896,0.6823289279120025,2.4,F1023_V70_D0120_P7__G31__ch8__nav_sage_v2__ingestion_20260825_event_path_v1,2206,F1023_V70_D0120_P7__G31__ch8__nav_sage_v2__ingestion_20260825_event_path_v1::2206,Urban,MID,2
elevation_ready,2,Urban/MID,1.3450741299839017,0.42060171575596633,0.7371916239472927,2.5,F1023_V70_D0120_P7__G31__ch8__nav_sage_v2__ingestion_20260825_event_path_v1,2207,F1023_V70_D0120_P7__G31__ch8__nav_sage_v2__ingestion_20260825_event_path_v1::2207,Urban,MID,2
elevation_ready,1,Urban/MID,1.0876610944923035,0.16925152454751174,0.5716486009675155,2.1,F1023_V70_D0120_P8__G16__ch4__nav_sage_v2__ingestion_20260825_event_path_v1,91,F1023_V70_D0120_P8__G16__ch4__nav_sage_v2__ingestion_20260825_event_path_v1::91,Urban,MID,1
elevation_ready,1,Urban/MID,1.7072698565536757,0.7042581766003594,0.8374122765473098,1.7,F1023_V70_D0120_P8__G16__ch4__nav_sage_v2__ingestion_20260825_event_path_v1,92,F1023_V70_D0120_P8__G16__ch4__nav_sage_v2__ingestion_20260825_event_path_v1::92,Urban,MID,1
elevation_ready,1,Urban/MID,1.663329352520491,0.47855538761364047,0.587580808163717,1.2,F1023_V70_D0120_P8__G16__ch4__nav_sage_v2__ingestion_20260825_event_path_v1,93,F1023_V70_D0120_P8__G16__ch4__nav_sage_v2__ingestion_20260825_event_path_v1::93,Urban,MID,1
elevation_ready,1,Urban/MID,1.4233801161700934,0.5651492609631545,0.8685562207841205,1.9,F1023_V70_D0120_P8__G16__ch4__nav_sage_v2__ingestion_20260825_event_path_v1,96,F1023_V70_D0120_P8__G16__ch4__nav_sage_v2__ingestion_20260825_event_path_v1::96,Urban,MID,1
elevation_ready,1,Urban/MID,1.5021074166362847,0.5682567031012586,0.8019480747857854,1.7,F1023_V70_D0120_P8__G16__ch4__nav_sage_v2__ingestion_20260825_event_path_v1,97,F1023_V70_D0120_P8__G16__ch4__nav_sage_v2__ingestion_20260825_event_path_v1::97,Urban,MID,1
elevation_ready,1,Urban/MID,1.547078006549357,0.4597062368564377,0.6215209439018623,1.3,F1023_V70_D0120_P8__G16__ch4__nav_sage_v2__ingestion_20260825_event_path_v1,98,F1023_V70_D0120_P8__G16__ch4__nav_sage_v2__ingestion_20260825_event_path_v1::98,Urban,MID,1
elevation_ready,1,Urban/MID,1.5867705491797193,0.4067680764754269,0.5310222369011027,1.1,F1023_V70_D0120_P8__G16__ch4__nav_sage_v2__ingestion_20260825_event_path_v1,99,F1023_V70_D0120_P8__G16__ch4__nav_sage_v2__ingestion_20260825_event_path_v1::99,Urban,MID,1
elevation_ready,1,Urban/MID,1.2272286357966278,0.18515591078033097,0.388423994474385,1.0,F1023_V70_D0120_P8__G16__ch4__nav_sage_v2__ingestion_20260825_event_path_v1,203,F1023_V70_D0120_P8__G16__ch4__nav_sage_v2__ingestion_20260825_event_path_v1::203,Urban,MID,1
elevation_ready,1,Urban/MID,1.3120782246090867,0.4043455427312738,0.7238039131674525,1.7,F1023_V70_D0120_P8__G16__ch4__nav_sage_v2__ingestion_20260825_event_path_v1,204,F1023_V70_D0120_P8__G16__ch4__nav_sage_v2__ingestion_20260825_event_path_v1::204,Urban,MID,1
elevation_ready,1,Urban/MID,1.2416453354708883,0.2530021473426783,0.5146772823677722,1.3,F1023_V70_D0120_P8__G16__ch4__nav_sage_v2__ingestion_20260825_event_path_v1,205,F1023_V70_D0120_P8__G16__ch4__nav_sage_v2__ingestion_20260825_event_path_v1::205,Urban,MID,1
elevation_ready,1,Urban/MID,1.7147915014980681,0.5002064688612805,0.5916428408616684,1.2,F1023_V70_D0120_P8__G16__ch4__nav_sage_v2__ingestion_20260825_event_path_v1,220,F1023_V70_D0120_P8__G16__ch4__nav_sage_v2__ingestion_20260825_event_path_v1::220,Urban,MID,1
elevation_ready,1,Urban/MID,1.5638391912252327,0.39660286928979277,0.5281754635439586,1.1,F1023_V70_D0120_P8__G16__ch4__nav_sage_v2__ingestion_20260825_event_path_v1,221,F1023_V70_D0120_P8__G16__ch4__nav_sage_v2__ingestion_20260825_event_path_v1::221,Urban,MID,1
elevation_ready,1,Urban/MID,1.3746586555930385,0.3543106867215921,0.5788504383801947,1.3,F1023_V70_D0120_P8__G16__ch4__nav_sage_v2__ingestion_20260825_event_path_v1,222,F1023_V70_D0120_P8__G16__ch4__nav_sage_v2__ingestion_20260825_event_path_v1::222,Urban,MID,1
elevation_ready,1,Urban/MID,1.7513250184997096,0.4290037603318999,0.494933868262205,1.0,F1023_V70_D0120_P8__G16__ch4__nav_sage_v2__ingestion_20260825_event_path_v1,223,F1023_V70_D0120_P8__G16__ch4__nav_sage_v2__ingestion_20260825_event_path_v1::223,Urban,MID,1
elevation_ready,1,Urban/MID,1.505095628859682,0.40270846782727965,0.5666357307238403,1.2,F1023_V70_D0120_P8__G16__ch4__nav_sage_v2__ingestion_20260825_event_path_v1,293,F1023_V70_D0120_P8__G16__ch4__nav_sage_v2__ingestion_20260825_event_path_v1::293,Urban,MID,1
elevation_ready,1,Urban/MID,1.5224597426917788,0.6177027283378165,0.854580745402146,1.8,F1023_V70_D0120_P8__G16__ch4__nav_sage_v2__ingestion_20260825_event_path_v1,294,F1023_V70_D0120_P8__G16__ch4__nav_sage_v2__ingestion_20260825_event_path_v1::294,Urban,MID,1
elevation_ready,1,Urban/MID,1.8737986230845838,0.6528546116148983,0.6984105614565246,1.4,F1023_V70_D0120_P8__G16__ch4__nav_sage_v2__ingestion_20260825_event_path_v1,418,F1023_V70_D0120_P8__G16__ch4__nav_sage_v2__ingestion_20260825_event_path_v1::418,Urban,MID,1
elevation_ready,1,Urban/MID,1.748360463405795,0.513642681176622,0.5937528218759364,1.2,F1023_V70_D0120_P8__G16__ch4__nav_sage_v2__ingestion_20260825_event_path_v1,419,F1023_V70_D0120_P8__G16__ch4__nav_sage_v2__ingestion_20260825_event_path_v1::419,Urban,MID,1
elevation_ready,1,Urban/MID,1.7646591213968357,0.5633138127147352,0.6441936858848774,1.3,F1023_V70_D0120_P8__G16__ch4__nav_sage_v2__ingestion_20260825_event_path_v1,420,F1023_V70_D0120_P8__G16__ch4__nav_sage_v2__ingestion_20260825_event_path_v1::420,Urban,MID,1
elevation_ready,1,Urban/MID,1.693568777074537,0.6962025617072533,0.835970303285104,1.7,F1023_V70_D0120_P8__G16__ch4__nav_sage_v2__ingestion_20260825_event_path_v1,421,F1023_V70_D0120_P8__G16__ch4__nav_sage_v2__ingestion_20260825_event_path_v1::421,Urban,MID,1
elevation_ready,1,Urban/MID,1.437430978137416,0.42604019163822254,0.6441630410093226,1.4,F1023_V70_D0120_P8__G16__ch4__nav_sage_v2__ingestion_20260825_event_path_v1,522,F1023_V70_D0120_P8__G16__ch4__nav_sage_v2__ingestion_20260825_event_path_v1::522,Urban,MID,1
elevation_ready,1,Urban/MID,1.8306645396220396,0.6806254135945129,0.7467845517691617,1.5,F1023_V70_D0120_P8__G16__ch4__nav_sage_v2__ingestion_20260825_event_path_v1,523,F1023_V70_D0120_P8__G16__ch4__nav_sage_v2__ingestion_20260825_event_path_v1::523,Urban,MID,1
elevation_ready,1,Urban/MID,1.6716626055033057,0.6026897442930005,0.7353908406851004,1.5,F1023_V70_D0120_P8__G16__ch4__nav_sage_v2__ingestion_20260825_event_path_v1,524,F1023_V70_D0120_P8__G16__ch4__nav_sage_v2__ingestion_20260825_event_path_v1::524,Urban,MID,1
elevation_ready,1,Urban/MID,1.506061884223906,0.43682165811539186,0.6140480392862835,1.3,F1023_V70_D0120_P8__G16__ch4__nav_sage_v2__ingestion_20260825_event_path_v1,539,F1023_V70_D0120_P8__G16__ch4__nav_sage_v2__ingestion_20260825_event_path_v1::539,Urban,MID,1
elevation_ready,1,Urban/MID,1.7966516274241764,0.6651136051619978,0.7451807163174626,1.5,F1023_V70_D0120_P8__G16__ch4__nav_sage_v2__ingestion_20260825_event_path_v1,540,F1023_V70_D0120_P8__G16__ch4__nav_sage_v2__ingestion_20260825_event_path_v1::540,Urban,MID,1
elevation_ready,1,Urban/MID,1.4655645160667061,0.508270511151503,0.7449120118082369,1.6,F1023_V70_D0120_P8__G16__ch4__nav_sage_v2__ingestion_20260825_event_path_v1,541,F1023_V70_D0120_P8__G16__ch4__nav_sage_v2__ingestion_20260825_event_path_v1::541,Urban,MID,1
elevation_ready,1,Urban/MID,1.7866887144444967,0.5283664970296214,0.5957085203790463,1.2,F1023_V70_D0120_P8__G16__ch4__nav_sage_v2__ingestion_20260825_event_path_v1,559,F1023_V70_D0120_P8__G16__ch4__nav_sage_v2__ingestion_20260825_event_path_v1::559,Urban,MID,1
elevation_ready,1,Urban/MID,1.7919516019225252,0.48614413535508066,0.5462805401535458,1.1,F1023_V70_D0120_P8__G16__ch4__nav_sage_v2__ingestion_20260825_event_path_v1,560,F1023_V70_D0120_P8__G16__ch4__nav_sage_v2__ingestion_20260825_event_path_v1::560,Urban,MID,1
elevation_ready,1,Urban/MID,1.583829481868049,0.6266521305090661,0.8201315316422486,1.7,F1023_V70_D0120_P8__G16__ch4__nav_sage_v2__ingestion_20260825_event_path_v1,561,F1023_V70_D0120_P8__G16__ch4__nav_sage_v2__ingestion_20260825_event_path_v1::561,Urban,MID,1
elevation_ready,2,Urban/HIGH,1.2693030133890535,0.4345260736380744,0.8531572421524157,2.9,F1023_V70_D0120_P8__G18__ch9__nav_sage_v2__ingestion_20260825_event_path_v1,259,F1023_V70_D0120_P8__G18__ch9__nav_sage_v2__ingestion_20260825_event_path_v1::259,Urban,HIGH,2
elevation_ready,2,Urban/HIGH,1.346700939137723,0.5097580832797107,0.8874192309704413,2.8,F1023_V70_D0120_P8__G18__ch9__nav_sage_v2__ingestion_20260825_event_path_v1,261,F1023_V70_D0120_P8__G18__ch9__nav_sage_v2__ingestion_20260825_event_path_v1::261,Urban,HIGH,2
elevation_ready,1,Urban/HIGH,1.606895072606314,0.6798272950825108,0.8726534134519363,1.8,F1023_V70_D0120_P8__G18__ch9__nav_sage_v2__ingestion_20260825_event_path_v1,516,F1023_V70_D0120_P8__G18__ch9__nav_sage_v2__ingestion_20260825_event_path_v1::516,Urban,HIGH,1
elevation_ready,1,Urban/HIGH,1.5624392220885732,0.539962656598641,0.7199891071237812,1.5,F1023_V70_D0120_P8__G18__ch9__nav_sage_v2__ingestion_20260825_event_path_v1,517,F1023_V70_D0120_P8__G18__ch9__nav_sage_v2__ingestion_20260825_event_path_v1::517,Urban,HIGH,1
elevation_ready,1,Urban/HIGH,1.5055787031980874,0.6380267826822342,0.8973141655386935,1.9,F1023_V70_D0120_P8__G18__ch9__nav_sage_v2__ingestion_20260825_event_path_v1,768,F1023_V70_D0120_P8__G18__ch9__nav_sage_v2__ingestion_20260825_event_path_v1::768,Urban,HIGH,1
elevation_ready,1,Urban/HIGH,1.706932440857833,0.41415373211991824,0.4925752920022088,1.0,F1023_V70_D0120_P8__G18__ch9__nav_sage_v2__ingestion_20260825_event_path_v1,848,F1023_V70_D0120_P8__G18__ch9__nav_sage_v2__ingestion_20260825_event_path_v1::848,Urban,HIGH,1
elevation_ready,1,Urban/HIGH,1.5844369615143008,0.47951926673211087,0.6272450235629159,1.3,F1023_V70_D0120_P8__G18__ch9__nav_sage_v2__ingestion_20260825_event_path_v1,850,F1023_V70_D0120_P8__G18__ch9__nav_sage_v2__ingestion_20260825_event_path_v1::850,Urban,HIGH,1
elevation_ready,1,Urban/HIGH,1.5902843358691638,0.5938906119417154,0.7729934800205235,1.6,F1023_V70_D0120_P8__G18__ch9__nav_sage_v2__ingestion_20260825_event_path_v1,851,F1023_V70_D0120_P8__G18__ch9__nav_sage_v2__ingestion_20260825_event_path_v1::851,Urban,HIGH,1
elevation_ready,1,Urban/LOW,1.680429938499988,0.6073712949086387,0.7363131483845454,1.5,F1023_V70_D0120_P8__G23__ch11__nav_sage_v2__ingestion_20260825_event_path_v1,51,F1023_V70_D0120_P8__G23__ch11__nav_sage_v2__ingestion_20260825_event_path_v1::51,Urban,LOW,1
elevation_ready,1,Urban/LOW,1.7362221948917735,0.5512479083467571,0.6424546866465444,1.3,F1023_V70_D0120_P8__G23__ch11__nav_sage_v2__ingestion_20260825_event_path_v1,52,F1023_V70_D0120_P8__G23__ch11__nav_sage_v2__ingestion_20260825_event_path_v1::52,Urban,LOW,1
elevation_ready,1,Urban/LOW,1.7388654542074464,0.46740361519151213,0.5437626662585141,1.1,F1023_V70_D0120_P8__G23__ch11__nav_sage_v2__ingestion_20260825_event_path_v1,53,F1023_V70_D0120_P8__G23__ch11__nav_sage_v2__ingestion_20260825_event_path_v1::53,Urban,LOW,1
elevation_ready,1,Urban/LOW,1.6994664438560978,0.5350540343413351,0.6397557541584109,1.3,F1023_V70_D0120_P8__G23__ch11__nav_sage_v2__ingestion_20260825_event_path_v1,263,F1023_V70_D0120_P8__G23__ch11__nav_sage_v2__ingestion_20260825_event_path_v1::263,Urban,LOW,1
elevation_ready,1,Urban/LOW,1.9203717903659387,0.8626815031182068,0.8992259614749141,1.8,F1023_V70_D0120_P8__G23__ch11__nav_sage_v2__ingestion_20260825_event_path_v1,265,F1023_V70_D0120_P8__G23__ch11__nav_sage_v2__ingestion_20260825_event_path_v1::265,Urban,LOW,1
elevation_ready,1,Urban/HIGH,1.1711688211422429,0.14615213285417003,0.35325866856504323,1.0,F1023_V70_D0120_P8__G26__ch3__nav_sage_v2__ingestion_20260825_event_path_v1,194,F1023_V70_D0120_P8__G26__ch3__nav_sage_v2__ingestion_20260825_event_path_v1::194,Urban,HIGH,1
elevation_ready,2,Urban/HIGH,1.402173436499844,0.36133339165268,0.6026171701264361,2.1,F1023_V70_D0120_P8__G26__ch3__nav_sage_v2__ingestion_20260825_event_path_v1,218,F1023_V70_D0120_P8__G26__ch3__nav_sage_v2__ingestion_20260825_event_path_v1::218,Urban,HIGH,2
elevation_ready,3,Urban/HIGH,1.4917182243683085,0.47883322856070304,0.7686251357776429,3.1,F1023_V70_D0120_P8__G26__ch3__nav_sage_v2__ingestion_20260825_event_path_v1,298,F1023_V70_D0120_P8__G26__ch3__nav_sage_v2__ingestion_20260825_event_path_v1::298,Urban,HIGH,3
elevation_ready,3,Urban/HIGH,1.4018264427276659,0.5397786179289924,0.9110529294979524,3.6,F1023_V70_D0120_P8__G26__ch3__nav_sage_v2__ingestion_20260825_event_path_v1,299,F1023_V70_D0120_P8__G26__ch3__nav_sage_v2__ingestion_20260825_event_path_v1::299,Urban,HIGH,3
elevation_ready,3,Urban/HIGH,1.4404861909965807,0.639716798269032,1.003969783097259,3.9,F1023_V70_D0120_P8__G26__ch3__nav_sage_v2__ingestion_20260825_event_path_v1,300,F1023_V70_D0120_P8__G26__ch3__nav_sage_v2__ingestion_20260825_event_path_v1::300,Urban,HIGH,3
elevation_ready,1,Urban/HIGH,1.3618708148665601,0.39857394429369986,0.6625705452030843,1.5,F1023_V70_D0120_P8__G26__ch3__nav_sage_v2__ingestion_20260825_event_path_v1,465,F1023_V70_D0120_P8__G26__ch3__nav_sage_v2__ingestion_20260825_event_path_v1::465,Urban,HIGH,1
elevation_ready,1,Urban/HIGH,1.6488976996540234,0.6690082044770277,0.8305070559323205,1.7,F1023_V70_D0120_P8__G26__ch3__nav_sage_v2__ingestion_20260825_event_path_v1,848,F1023_V70_D0120_P8__G26__ch3__nav_sage_v2__ingestion_20260825_event_path_v1::848,Urban,HIGH,1
elevation_ready,2,Urban/HIGH,1.1854974265326237,0.3061309971775223,0.7356014695502203,2.6,F1023_V70_D0120_P8__G26__ch3__nav_sage_v2__ingestion_20260825_event_path_v1,849,F1023_V70_D0120_P8__G26__ch3__nav_sage_v2__ingestion_20260825_event_path_v1::849,Urban,HIGH,2
elevation_ready,2,Urban/HIGH,1.6910603096380288,0.4693016844633401,0.5809717625817923,2.1,F1023_V70_D0120_P8__G26__ch3__nav_sage_v2__ingestion_20260825_event_path_v1,850,F1023_V70_D0120_P8__G26__ch3__nav_sage_v2__ingestion_20260825_event_path_v1::850,Urban,HIGH,2
elevation_ready,3,Urban/MID,1.4628206959726788,0.49081783241115906,0.7863482102169204,3.3,F1023_V70_D0122_P1__G13__ch5__nav_sage_v2__ingestion_20260825_event_path_v1,67,F1023_V70_D0122_P1__G13__ch5__nav_sage_v2__ingestion_20260825_event_path_v1::67,Urban,MID,3
elevation_ready,3,Urban/MID,1.332728427909024,0.5095582940206195,0.9498260199580784,3.6,F1023_V70_D0122_P1__G13__ch5__nav_sage_v2__ingestion_20260825_event_path_v1,68,F1023_V70_D0122_P1__G13__ch5__nav_sage_v2__ingestion_20260825_event_path_v1::68,Urban,MID,3
elevation_ready,3,Urban/MID,1.3917597256744016,0.41232406382008757,0.7476314534775802,3.1,F1023_V70_D0122_P1__G13__ch5__nav_sage_v2__ingestion_20260825_event_path_v1,69,F1023_V70_D0122_P1__G13__ch5__nav_sage_v2__ingestion_20260825_event_path_v1::69,Urban,MID,3
elevation_ready,1,Urban/MID,1.6573577179224195,0.4759559466110553,0.5870375395311962,1.2,F1023_V70_D0122_P1__G13__ch5__nav_sage_v2__ingestion_20260825_event_path_v1,208,F1023_V70_D0122_P1__G13__ch5__nav_sage_v2__ingestion_20260825_event_path_v1::208,Urban,MID,1
elevation_ready,1,Urban/MID,1.0368723713021448,0.07467840968436842,0.3889058953836871,2.1,F1023_V70_D0122_P1__G13__ch5__nav_sage_v2__ingestion_20260825_event_path_v1,1291,F1023_V70_D0122_P1__G13__ch5__nav_sage_v2__ingestion_20260825_event_path_v1::1291,Urban,MID,1
elevation_ready,3,Urban/MID,1.8345038792439268,0.7375050817029521,0.8505302002091177,3.5,F1023_V70_D0122_P1__G15__ch8__nav_sage_v2__ingestion_20260825_event_path_v1,431,F1023_V70_D0122_P1__G15__ch8__nav_sage_v2__ingestion_20260825_event_path_v1::431,Urban,MID,3
elevation_ready,3,Urban/MID,1.6921316242308329,0.7171522386183006,0.912702999412431,3.6,F1023_V70_D0122_P1__G15__ch8__nav_sage_v2__ingestion_20260825_event_path_v1,432,F1023_V70_D0122_P1__G15__ch8__nav_sage_v2__ingestion_20260825_event_path_v1::432,Urban,MID,3
elevation_ready,3,Urban/MID,1.9258740366418108,0.7465474934166022,0.8402742460150325,3.4,F1023_V70_D0122_P1__G15__ch8__nav_sage_v2__ingestion_20260825_event_path_v1,433,F1023_V70_D0122_P1__G15__ch8__nav_sage_v2__ingestion_20260825_event_path_v1::433,Urban,MID,3
elevation_ready,3,Urban/MID,1.542178692948051,0.5343649771820654,0.7894536935101426,3.3,F1023_V70_D0122_P1__G15__ch8__nav_sage_v2__ingestion_20260825_event_path_v1,1585,F1023_V70_D0122_P1__G15__ch8__nav_sage_v2__ingestion_20260825_event_path_v1::1585,Urban,MID,3
elevation_ready,3,Urban/MID,1.4927274629882372,0.4242694529201384,0.6690114816610433,3.1,F1023_V70_D0122_P1__G15__ch8__nav_sage_v2__ingestion_20260825_event_path_v1,1586,F1023_V70_D0122_P1__G15__ch8__nav_sage_v2__ingestion_20260825_event_path_v1::1586,Urban,MID,3
elevation_ready,3,Urban/MID,1.49605672057846,0.4475703285241599,0.7106446804346134,3.1,F1023_V70_D0122_P1__G15__ch8__nav_sage_v2__ingestion_20260825_event_path_v1,1587,F1023_V70_D0122_P1__G15__ch8__nav_sage_v2__ingestion_20260825_event_path_v1::1587,Urban,MID,3
elevation_ready,1,Urban/MID,1.0438880806292437,0.12612869552870554,0.6020611586461492,3.0,F1023_V70_D0122_P1__G17__ch2__nav_sage_v2__ingestion_20260825_event_path_v1,1318,F1023_V70_D0122_P1__G17__ch2__nav_sage_v2__ingestion_20260825_event_path_v1::1318,Urban,MID,1
elevation_ready,1,Urban/MID,1.0592572515180207,0.19579793295334744,0.8043357102528226,3.5,F1023_V70_D0122_P1__G17__ch2__nav_sage_v2__ingestion_20260825_event_path_v1,1329,F1023_V70_D0122_P1__G17__ch2__nav_sage_v2__ingestion_20260825_event_path_v1::1329,Urban,MID,1
elevation_ready,1,Urban/MID,1.0359846739841616,0.12504511851973818,0.6591859714871382,3.6,F1023_V70_D0122_P1__G17__ch2__nav_sage_v2__ingestion_20260825_event_path_v1,1332,F1023_V70_D0122_P1__G17__ch2__nav_sage_v2__ingestion_20260825_event_path_v1::1332,Urban,MID,1
elevation_ready,3,Urban/MID,1.8536972076536167,0.6809119483293575,0.8055508092710549,3.3,F1023_V70_D0122_P1__G17__ch2__nav_sage_v2__ingestion_20260825_event_path_v1,1428,F1023_V70_D0122_P1__G17__ch2__nav_sage_v2__ingestion_20260825_event_path_v1::1428,Urban,MID,3
elevation_ready,1,Urban/MID,1.0222339883949736,0.06525117139731476,0.4376023295450135,3.0,F1023_V70_D0122_P1__G17__ch2__nav_sage_v2__ingestion_20260825_event_path_v1,1429,F1023_V70_D0122_P1__G17__ch2__nav_sage_v2__ingestion_20260825_event_path_v1::1429,Urban,MID,1
elevation_ready,1,Urban/MID,1.056754035254895,0.1503768080482186,0.6312225266387768,2.8,F1023_V70_D0122_P1__G17__ch2__nav_sage_v2__ingestion_20260825_event_path_v1,1439,F1023_V70_D0122_P1__G17__ch2__nav_sage_v2__ingestion_20260825_event_path_v1::1439,Urban,MID,1
elevation_ready,1,Urban/MID,1.0524091302447227,0.10457831498319015,0.4568126941099338,2.1,F1023_V70_D0122_P1__G17__ch2__nav_sage_v2__ingestion_20260825_event_path_v1,1560,F1023_V70_D0122_P1__G17__ch2__nav_sage_v2__ingestion_20260825_event_path_v1::1560,Urban,MID,1
elevation_ready,1,Urban/MID,1.0780070289351789,0.10854339560136964,0.3886301901208642,1.5,F1023_V70_D0122_P1__G17__ch2__nav_sage_v2__ingestion_20260825_event_path_v1,1562,F1023_V70_D0122_P1__G17__ch2__nav_sage_v2__ingestion_20260825_event_path_v1::1562,Urban,MID,1
elevation_ready,3,Urban/MID,1.2565759738780151,0.3177560149627307,0.7061618739620055,3.0,F1023_V70_D0122_P1__G17__ch2__nav_sage_v2__ingestion_20260825_event_path_v1,1592,F1023_V70_D0122_P1__G17__ch2__nav_sage_v2__ingestion_20260825_event_path_v1::1592,Urban,MID,3
elevation_ready,1,Urban/MID,1.0570551956473757,0.15652925983307456,0.6553117153935416,2.9,F1023_V70_D0122_P1__G19__ch11__nav_sage_v2__ingestion_20260825_event_path_v1,1434,F1023_V70_D0122_P1__G19__ch11__nav_sage_v2__ingestion_20260825_event_path_v1::1434,Urban,MID,1
elevation_ready,3,Urban/MID,1.5308063502921434,0.4829878751892012,0.7256014113531909,3.2,F1023_V70_D0122_P1__G22__ch4__nav_sage_v2__ingestion_20260825_event_path_v1,55,F1023_V70_D0122_P1__G22__ch4__nav_sage_v2__ingestion_20260825_event_path_v1::55,Urban,MID,3
elevation_ready,3,Urban/MID,1.438749438674179,0.660424889661101,1.0488275747871267,3.9,F1023_V70_D0122_P1__G22__ch4__nav_sage_v2__ingestion_20260825_event_path_v1,56,F1023_V70_D0122_P1__G22__ch4__nav_sage_v2__ingestion_20260825_event_path_v1::56,Urban,MID,3
elevation_ready,3,Urban/MID,1.3619408164192033,0.3905897722470746,0.7135792385327128,3.2,F1023_V70_D0122_P1__G22__ch4__nav_sage_v2__ingestion_20260825_event_path_v1,57,F1023_V70_D0122_P1__G22__ch4__nav_sage_v2__ingestion_20260825_event_path_v1::57,Urban,MID,3
elevation_ready,3,Urban/MID,1.3045835522540488,0.31829453841446265,0.6554624318822648,3.0,F1023_V70_D0122_P1__G22__ch4__nav_sage_v2__ingestion_20260825_event_path_v1,58,F1023_V70_D0122_P1__G22__ch4__nav_sage_v2__ingestion_20260825_event_path_v1::58,Urban,MID,3
elevation_ready,1,Urban/MID,1.025287268555915,0.027129953003985255,0.17060748504794665,1.1,F1023_V70_D0122_P1__G22__ch4__nav_sage_v2__ingestion_20260825_event_path_v1,434,F1023_V70_D0122_P1__G22__ch4__nav_sage_v2__ingestion_20260825_event_path_v1::434,Urban,MID,1
elevation_ready,1,Urban/MID,1.0146396250006993,0.023085437848046435,0.1907977020727406,1.6,F1023_V70_D0122_P1__G22__ch4__nav_sage_v2__ingestion_20260825_event_path_v1,446,F1023_V70_D0122_P1__G22__ch4__nav_sage_v2__ingestion_20260825_event_path_v1::446,Urban,MID,1
elevation_ready,1,Urban/MID,1.0115600326103587,0.012570717961820327,0.11691777798062504,1.1,F1023_V70_D0122_P1__G22__ch4__nav_sage_v2__ingestion_20260825_event_path_v1,448,F1023_V70_D0122_P1__G22__ch4__nav_sage_v2__ingestion_20260825_event_path_v1::448,Urban,MID,1
elevation_ready,1,Urban/MID,1.0260331494501262,0.04059619237694684,0.25160655191709314,1.6,F1023_V70_D0122_P1__G22__ch4__nav_sage_v2__ingestion_20260825_event_path_v1,1492,F1023_V70_D0122_P1__G22__ch4__nav_sage_v2__ingestion_20260825_event_path_v1::1492,Urban,MID,1
elevation_ready,1,Urban/MID,1.0954131677712327,0.11323318155374468,0.3665806631767213,1.3,F1023_V70_D0122_P1__G22__ch4__nav_sage_v2__ingestion_20260825_event_path_v1,1537,F1023_V70_D0122_P1__G22__ch4__nav_sage_v2__ingestion_20260825_event_path_v1::1537,Urban,MID,1
elevation_ready,2,Urban/MID,1.4562944946660796,0.527799260365385,0.7967119394902225,2.6,F1023_V70_D0122_P1__G22__ch4__nav_sage_v2__ingestion_20260825_event_path_v1,1604,F1023_V70_D0122_P1__G22__ch4__nav_sage_v2__ingestion_20260825_event_path_v1::1604,Urban,MID,2
elevation_ready,2,Urban/MID,1.3708554537457522,0.43781796455688016,0.7383125737513975,2.5,F1023_V70_D0122_P1__G22__ch4__nav_sage_v2__ingestion_20260825_event_path_v1,1606,F1023_V70_D0122_P1__G22__ch4__nav_sage_v2__ingestion_20260825_event_path_v1::1606,Urban,MID,2
elevation_ready,3,Urban/HIGH,1.305077604599393,0.5069280342443622,0.9545826000230523,3.9,F1023_V70_D0122_P1__G24__ch7__nav_sage_v2__ingestion_20260825_event_path_v1,8,F1023_V70_D0122_P1__G24__ch7__nav_sage_v2__ingestion_20260825_event_path_v1::8,Urban,HIGH,3
elevation_ready,3,Urban/HIGH,1.4693611713171983,0.5725674176669827,0.9034578011518292,3.4,F1023_V70_D0122_P1__G24__ch7__nav_sage_v2__ingestion_20260825_event_path_v1,9,F1023_V70_D0122_P1__G24__ch7__nav_sage_v2__ingestion_20260825_event_path_v1::9,Urban,HIGH,3
elevation_ready,1,Urban/HIGH,1.0073881268305058,0.024935405286890415,0.2901010229878653,3.4,F1023_V70_D0122_P1__G24__ch7__nav_sage_v2__ingestion_20260825_event_path_v1,10,F1023_V70_D0122_P1__G24__ch7__nav_sage_v2__ingestion_20260825_event_path_v1::10,Urban,HIGH,1
elevation_ready,3,Urban/HIGH,1.4736159134474154,0.5933471983865836,0.9181408045562442,3.6,F1023_V70_D0122_P1__G24__ch7__nav_sage_v2__ingestion_20260825_event_path_v1,930,F1023_V70_D0122_P1__G24__ch7__nav_sage_v2__ingestion_20260825_event_path_v1::930,Urban,HIGH,3
elevation_ready,3,Urban/HIGH,1.6202540556520004,0.584336136904455,0.8427486577228496,3.2,F1023_V70_D0122_P1__G24__ch7__nav_sage_v2__ingestion_20260825_event_path_v1,931,F1023_V70_D0122_P1__G24__ch7__nav_sage_v2__ingestion_20260825_event_path_v1::931,Urban,HIGH,3
elevation_ready,3,Urban/HIGH,1.57229320227823,0.6451039091487829,0.9208052546810559,3.5,F1023_V70_D0122_P1__G24__ch7__nav_sage_v2__ingestion_20260825_event_path_v1,932,F1023_V70_D0122_P1__G24__ch7__nav_sage_v2__ingestion_20260825_event_path_v1::932,Urban,HIGH,3
elevation_ready,3,Urban/HIGH,1.9414711760100152,0.6991467206471811,0.7778165019738402,3.3,F1023_V70_D0122_P1__G24__ch7__nav_sage_v2__ingestion_20260825_event_path_v1,1361,F1023_V70_D0122_P1__G24__ch7__nav_sage_v2__ingestion_20260825_event_path_v1::1361,Urban,HIGH,3
elevation_ready,3,Urban/HIGH,1.749235312632837,0.8126512356234212,0.9678547475831196,3.8,F1023_V70_D0122_P1__G24__ch7__nav_sage_v2__ingestion_20260825_event_path_v1,1362,F1023_V70_D0122_P1__G24__ch7__nav_sage_v2__ingestion_20260825_event_path_v1::1362,Urban,HIGH,3
elevation_ready,3,Urban/HIGH,1.7457941523969762,0.6623713043832954,0.8249009785572378,3.4,F1023_V70_D0122_P1__G24__ch7__nav_sage_v2__ingestion_20260825_event_path_v1,1363,F1023_V70_D0122_P1__G24__ch7__nav_sage_v2__ingestion_20260825_event_path_v1::1363,Urban,HIGH,3
elevation_ready,3,Urban/HIGH,1.7582971009573451,0.4759093220722421,0.6018453832106835,3.0,F1023_V70_D0122_P1__G24__ch7__nav_sage_v2__ingestion_20260825_event_path_v1,1433,F1023_V70_D0122_P1__G24__ch7__nav_sage_v2__ingestion_20260825_event_path_v1::1433,Urban,HIGH,3
elevation_ready,3,Urban/HIGH,1.6054647597741236,0.6330323781253927,0.8694620001538996,3.5,F1023_V70_D0122_P1__G24__ch7__nav_sage_v2__ingestion_20260825_event_path_v1,1434,F1023_V70_D0122_P1__G24__ch7__nav_sage_v2__ingestion_20260825_event_path_v1::1434,Urban,HIGH,3
elevation_ready,3,Urban/HIGH,1.7958824284503068,0.6009447018345464,0.7746892349981818,3.1,F1023_V70_D0122_P1__G24__ch7__nav_sage_v2__ingestion_20260825_event_path_v1,1435,F1023_V70_D0122_P1__G24__ch7__nav_sage_v2__ingestion_20260825_event_path_v1::1435,Urban,HIGH,3
elevation_ready,1,Urban/MID,1.6699495498038233,0.6418872233667422,0.7842195801338562,1.6,F1023_v50_D0127_P1__G31__ch5__nav_sage_v2__ingestion_20260825_event_path_v1,327,F1023_v50_D0127_P1__G31__ch5__nav_sage_v2__ingestion_20260825_event_path_v1::327,Urban,MID,1
elevation_ready,1,Urban/MID,1.6188416337257654,0.6880938304895837,0.8746975336214357,1.8,F1023_v50_D0127_P1__G31__ch5__nav_sage_v2__ingestion_20260825_event_path_v1,329,F1023_v50_D0127_P1__G31__ch5__nav_sage_v2__ingestion_20260825_event_path_v1::329,Urban,MID,1
elevation_ready,2,Urban/MID,1.610695324475877,0.6366492042860815,0.8482108584230095,2.5,F1023_v50_D0127_P1__G31__ch5__nav_sage_v2__ingestion_20260825_event_path_v1,964,F1023_v50_D0127_P1__G31__ch5__nav_sage_v2__ingestion_20260825_event_path_v1::964,Urban,MID,2
elevation_ready,1,Urban/MID,1.3132566989307055,0.3816547965810722,0.6818997659307239,1.6,F1023_v50_D0127_P1__G31__ch5__nav_sage_v2__ingestion_20260825_event_path_v1,970,F1023_v50_D0127_P1__G31__ch5__nav_sage_v2__ingestion_20260825_event_path_v1::970,Urban,MID,1
elevation_ready,1,Urban/MID,1.1079587960340176,0.10718329604179007,0.32621061707980487,1.1,F1023_v50_D0127_P1__G31__ch5__nav_sage_v2__ingestion_20260825_event_path_v1,994,F1023_v50_D0127_P1__G31__ch5__nav_sage_v2__ingestion_20260825_event_path_v1::994,Urban,MID,1
elevation_ready,1,Urban/MID,1.9226765741497647,0.8638051015959427,0.8992718884350381,1.8,F1023_v50_D0127_P1__G31__ch5__nav_sage_v2__ingestion_20260825_event_path_v1,995,F1023_v50_D0127_P1__G31__ch5__nav_sage_v2__ingestion_20260825_event_path_v1::995,Urban,MID,1
elevation_ready,1,Urban/MID,1.818271362617708,0.5850352116152614,0.6467453720515719,1.3,F1023_v50_D0127_P1__G31__ch5__nav_sage_v2__ingestion_20260825_event_path_v1,996,F1023_v50_D0127_P1__G31__ch5__nav_sage_v2__ingestion_20260825_event_path_v1::996,Urban,MID,1
elevation_ready,1,Urban/MID,1.820525208052662,0.4957787592644087,0.5473207990320605,1.1,F1023_v50_D0127_P1__G31__ch5__nav_sage_v2__ingestion_20260825_event_path_v1,1012,F1023_v50_D0127_P1__G31__ch5__nav_sage_v2__ingestion_20260825_event_path_v1::1012,Urban,MID,1
elevation_ready,1,Urban/MID,1.6859846643092085,0.4475622742685513,0.5403762692300325,1.1,F1023_v50_D0127_P1__G31__ch5__nav_sage_v2__ingestion_20260825_event_path_v1,1013,F1023_v50_D0127_P1__G31__ch5__nav_sage_v2__ingestion_20260825_event_path_v1::1013,Urban,MID,1
elevation_ready,1,Urban/MID,1.7615564045464622,0.5187842314314328,0.5944779213190486,1.2,F1023_v50_D0127_P1__G31__ch5__nav_sage_v2__ingestion_20260825_event_path_v1,1014,F1023_v50_D0127_P1__G31__ch5__nav_sage_v2__ingestion_20260825_event_path_v1::1014,Urban,MID,1
elevation_ready,1,Urban/MID,1.850609967163379,0.6894564351130106,0.7475523237545147,1.5,F1023_v50_D0127_P1__G31__ch5__nav_sage_v2__ingestion_20260825_event_path_v1,1076,F1023_v50_D0127_P1__G31__ch5__nav_sage_v2__ingestion_20260825_event_path_v1::1076,Urban,MID,1
elevation_ready,1,Urban/MID,1.508707530793335,0.6069258201067689,0.85094507759309,1.8,F1023_v50_D0127_P1__G31__ch5__nav_sage_v2__ingestion_20260825_event_path_v1,1077,F1023_v50_D0127_P1__G31__ch5__nav_sage_v2__ingestion_20260825_event_path_v1::1077,Urban,MID,1
elevation_ready,1,Urban/MID,1.8366999068925232,0.6377633413350401,0.6972277951417465,1.4,F1023_v50_D0127_P1__G31__ch5__nav_sage_v2__ingestion_20260825_event_path_v1,1078,F1023_v50_D0127_P1__G31__ch5__nav_sage_v2__ingestion_20260825_event_path_v1::1078,Urban,MID,1
elevation_ready,1,Urban/MID,1.804767989279747,0.6242770215806427,0.6958922549786722,1.4,F1023_v50_D0127_P1__G31__ch5__nav_sage_v2__ingestion_20260825_event_path_v1,1079,F1023_v50_D0127_P1__G31__ch5__nav_sage_v2__ingestion_20260825_event_path_v1::1079,Urban,MID,1
elevation_ready,1,Urban/MID,1.419881774054064,0.5618604205510035,0.8670914985543083,1.9,F1023_v50_D0127_P1__G31__ch5__nav_sage_v2__ingestion_20260825_event_path_v1,1185,F1023_v50_D0127_P1__G31__ch5__nav_sage_v2__ingestion_20260825_event_path_v1::1185,Urban,MID,1
elevation_ready,1,Urban/MID,1.3745684899254724,0.29974886077910845,0.48976970845351997,1.1,F1023_v50_D0127_P1__G31__ch5__nav_sage_v2__ingestion_20260825_event_path_v1,1186,F1023_v50_D0127_P1__G31__ch5__nav_sage_v2__ingestion_20260825_event_path_v1::1186,Urban,MID,1
elevation_ready,1,Urban/MID,1.4354717636941394,0.30336491090111534,0.4597114766188394,1.0,F1023_v50_D0127_P1__G31__ch5__nav_sage_v2__ingestion_20260825_event_path_v1,1187,F1023_v50_D0127_P1__G31__ch5__nav_sage_v2__ingestion_20260825_event_path_v1::1187,Urban,MID,1
elevation_ready,1,Urban/MID,1.501353050165842,0.4675078058119951,0.6602631139490127,1.4,F1023_v50_D0127_P1__G31__ch5__nav_sage_v2__ingestion_20260825_event_path_v1,1188,F1023_v50_D0127_P1__G31__ch5__nav_sage_v2__ingestion_20260825_event_path_v1::1188,Urban,MID,1
elevation_ready,3,Mountain/Valley/MID,1.537011719049526,0.5269051285792522,0.7739954019607785,3.3,F1023_v90_D0117_P7__G12__ch10__nav_sage_v2__ingestion_20260825_event_path_v1,56,F1023_v90_D0117_P7__G12__ch10__nav_sage_v2__ingestion_20260825_event_path_v1::56,Mountain/Valley,MID,3
elevation_ready,3,Mountain/Valley/MID,1.5314924635745621,0.5207998619721801,0.7756808569075991,3.3,F1023_v90_D0117_P7__G12__ch10__nav_sage_v2__ingestion_20260825_event_path_v1,57,F1023_v90_D0117_P7__G12__ch10__nav_sage_v2__ingestion_20260825_event_path_v1::57,Mountain/Valley,MID,3
elevation_ready,3,Mountain/Valley/MID,1.529721251990355,0.5076561376564867,0.7775973632576166,3.2,F1023_v90_D0117_P7__G12__ch10__nav_sage_v2__ingestion_20260825_event_path_v1,58,F1023_v90_D0117_P7__G12__ch10__nav_sage_v2__ingestion_20260825_event_path_v1::58,Mountain/Valley,MID,3
elevation_ready,2,Mountain/Valley/MID,1.394951236481989,0.40492711888787103,0.6687419218862048,2.3,F1023_v90_D0117_P7__G12__ch10__nav_sage_v2__ingestion_20260825_event_path_v1,82,F1023_v90_D0117_P7__G12__ch10__nav_sage_v2__ingestion_20260825_event_path_v1::82,Mountain/Valley,MID,2
elevation_ready,3,Mountain/Valley/HIGH,1.5676483023283534,0.48010479952448754,0.7408390844880581,3.0,F1023_v90_D0117_P7__G25__ch0__nav_sage_v2__ingestion_20260825_event_path_v1,45,F1023_v90_D0117_P7__G25__ch0__nav_sage_v2__ingestion_20260825_event_path_v1::45,Mountain/Valley,HIGH,3
elevation_ready,3,Mountain/Valley/HIGH,1.5141386793328777,0.451310396305443,0.7045820322063996,3.1,F1023_v90_D0117_P7__G25__ch0__nav_sage_v2__ingestion_20260825_event_path_v1,46,F1023_v90_D0117_P7__G25__ch0__nav_sage_v2__ingestion_20260825_event_path_v1::46,Mountain/Valley,HIGH,3
elevation_ready,3,Mountain/Valley/HIGH,1.3834206829220348,0.48490843397826344,0.8523734285421325,3.4,F1023_v90_D0117_P7__G25__ch0__nav_sage_v2__ingestion_20260825_event_path_v1,47,F1023_v90_D0117_P7__G25__ch0__nav_sage_v2__ingestion_20260825_event_path_v1::47,Mountain/Valley,HIGH,3
elevation_ready,1,Mountain/Valley/HIGH,1.0394122063214306,0.07204378739762553,0.3628951484284328,1.9,F1023_v90_D0117_P7__G25__ch0__nav_sage_v2__ingestion_20260825_event_path_v1,84,F1023_v90_D0117_P7__G25__ch0__nav_sage_v2__ingestion_20260825_event_path_v1::84,Mountain/Valley,HIGH,1
elevation_ready,2,Mountain/Valley/MID,1.7469134425348116,0.5156047086741816,0.6296182270781839,2.1,F1023_v90_D0117_P7__G28__ch4__nav_sage_v2__ingestion_20260825_event_path_v1,7,F1023_v90_D0117_P7__G28__ch4__nav_sage_v2__ingestion_20260825_event_path_v1::7,Mountain/Valley,MID,2
elevation_ready,2,Mountain/Valley/MID,1.8951368837873515,0.7806572330494058,0.8393013536442921,2.6,F1023_v90_D0117_P7__G28__ch4__nav_sage_v2__ingestion_20260825_event_path_v1,8,F1023_v90_D0117_P7__G28__ch4__nav_sage_v2__ingestion_20260825_event_path_v1::8,Mountain/Valley,MID,2
elevation_ready,2,Mountain/Valley/MID,1.8709188041322955,0.5946047227821423,0.6627010430260528,2.2,F1023_v90_D0117_P7__G28__ch4__nav_sage_v2__ingestion_20260825_event_path_v1,9,F1023_v90_D0117_P7__G28__ch4__nav_sage_v2__ingestion_20260825_event_path_v1::9,Mountain/Valley,MID,2
elevation_ready,2,Mountain/Valley/MID,1.237681562820336,0.3732061909611291,0.7807659301945439,2.8,F1023_v90_D0117_P7__G28__ch4__nav_sage_v2__ingestion_20260825_event_path_v1,43,F1023_v90_D0117_P7__G28__ch4__nav_sage_v2__ingestion_20260825_event_path_v1::43,Mountain/Valley,MID,2
elevation_ready,1,Mountain/Valley/MID,1.0942747806112272,0.15507494836481833,0.5050610531869607,1.8,F1023_v90_D0117_P7__G28__ch4__nav_sage_v2__ingestion_20260825_event_path_v1,50,F1023_v90_D0117_P7__G28__ch4__nav_sage_v2__ingestion_20260825_event_path_v1::50,Mountain/Valley,MID,1
elevation_ready,1,Mountain/Valley/MID,1.2429080120089022,0.3517834122811112,0.7137636674347175,1.8,F1023_v90_D0117_P7__G28__ch4__nav_sage_v2__ingestion_20260825_event_path_v1,74,F1023_v90_D0117_P7__G28__ch4__nav_sage_v2__ingestion_20260825_event_path_v1::74,Mountain/Valley,MID,1
elevation_ready,2,Mountain/Valley/HIGH,1.5612770406166332,0.6768889965466955,0.9184973085615625,2.8,F1023_v90_D0117_P7__G29__ch11__nav_sage_v2__ingestion_20260825_event_path_v1,199,F1023_v90_D0117_P7__G29__ch11__nav_sage_v2__ingestion_20260825_event_path_v1::199,Mountain/Valley,HIGH,2
elevation_ready,1,Mountain/Valley/HIGH,1.6321634162372662,0.6197060024243252,0.7794190621470473,1.6,F1023_v90_D0117_P7__G29__ch11__nav_sage_v2__ingestion_20260825_event_path_v1,1518,F1023_v90_D0117_P7__G29__ch11__nav_sage_v2__ingestion_20260825_event_path_v1::1518,Mountain/Valley,HIGH,1
elevation_ready,2,Mountain/Valley/HIGH,1.2419345203630605,0.3026245941545413,0.6445162754303324,2.3,F1023_v90_D0117_P7__G29__ch11__nav_sage_v2__ingestion_20260825_event_path_v1,1549,F1023_v90_D0117_P7__G29__ch11__nav_sage_v2__ingestion_20260825_event_path_v1::1549,Mountain/Valley,HIGH,2
elevation_ready,2,Mountain/Valley/HIGH,1.3411659215481255,0.4135985868597512,0.7276023505494549,2.5,F1023_v90_D0117_P7__G29__ch11__nav_sage_v2__ingestion_20260825_event_path_v1,1551,F1023_v90_D0117_P7__G29__ch11__nav_sage_v2__ingestion_20260825_event_path_v1::1551,Mountain/Valley,HIGH,2
elevation_ready,1,Mountain/Valley/HIGH,1.2366410995959463,0.3253085066027248,0.6687292701508862,1.7,F1023_v90_D0117_P7__G29__ch11__nav_sage_v2__ingestion_20260825_event_path_v1,1555,F1023_v90_D0117_P7__G29__ch11__nav_sage_v2__ingestion_20260825_event_path_v1::1555,Mountain/Valley,HIGH,1
elevation_ready,2,Mountain/Valley/HIGH,1.3647463717401345,0.5396891564438634,0.9091885285933633,2.9,F1023_v90_D0117_P7__G29__ch11__nav_sage_v2__ingestion_20260825_event_path_v1,1581,F1023_v90_D0117_P7__G29__ch11__nav_sage_v2__ingestion_20260825_event_path_v1::1581,Mountain/Valley,HIGH,2
elevation_ready,1,Mountain/Valley/LOW,1.6854344562211276,0.6913579886034077,0.8350644958445086,1.7,F1023_v90_D0117_P7__G32__ch5__nav_sage_v2__ingestion_20260825_event_path_v1,148,F1023_v90_D0117_P7__G32__ch5__nav_sage_v2__ingestion_20260825_event_path_v1::148,Mountain/Valley,LOW,1
elevation_ready,1,Mountain/Valley/LOW,1.7949025790959294,0.8857333967354507,0.9934501212332616,2.0,F1023_v90_D0117_P7__G32__ch5__nav_sage_v2__ingestion_20260825_event_path_v1,149,F1023_v90_D0117_P7__G32__ch5__nav_sage_v2__ingestion_20260825_event_path_v1::149,Mountain/Valley,LOW,1
elevation_ready,1,Mountain/Valley/LOW,1.6814739529312555,0.7700389936532792,0.932799033122717,1.9,F1023_v90_D0117_P7__G32__ch5__nav_sage_v2__ingestion_20260825_event_path_v1,150,F1023_v90_D0117_P7__G32__ch5__nav_sage_v2__ingestion_20260825_event_path_v1::150,Mountain/Valley,LOW,1
elevation_ready,2,Mountain/Valley/LOW,1.2426801786198884,0.2541901523034558,0.5456017053909586,2.1,F1023_v90_D0117_P7__G32__ch5__nav_sage_v2__ingestion_20260825_event_path_v1,664,F1023_v90_D0117_P7__G32__ch5__nav_sage_v2__ingestion_20260825_event_path_v1::664,Mountain/Valley,LOW,2
elevation_ready,2,Mountain/Valley/LOW,1.5140416175720481,0.47026005606788485,0.6938421797639512,2.2,F1023_v90_D0117_P7__G32__ch5__nav_sage_v2__ingestion_20260825_event_path_v1,665,F1023_v90_D0117_P7__G32__ch5__nav_sage_v2__ingestion_20260825_event_path_v1::665,Mountain/Valley,LOW,2
elevation_ready,2,Mountain/Valley/LOW,1.3849470059349074,0.3565304185007563,0.609686194621142,2.1,F1023_v90_D0117_P7__G32__ch5__nav_sage_v2__ingestion_20260825_event_path_v1,666,F1023_v90_D0117_P7__G32__ch5__nav_sage_v2__ingestion_20260825_event_path_v1::666,Mountain/Valley,LOW,2
elevation_ready,1,Mountain/Valley/LOW,1.4224679990350646,0.29699648731756856,0.4569349776922247,1.0,F1023_v90_D0117_P7__G32__ch5__nav_sage_v2__ingestion_20260825_event_path_v1,1542,F1023_v90_D0117_P7__G32__ch5__nav_sage_v2__ingestion_20260825_event_path_v1::1542,Mountain/Valley,LOW,1
elevation_ready,1,Mountain/Valley/LOW,1.4798025760921285,0.3242341808589049,0.46808800115112953,1.0,F1023_v90_D0117_P7__G32__ch5__nav_sage_v2__ingestion_20260825_event_path_v1,1543,F1023_v90_D0117_P7__G32__ch5__nav_sage_v2__ingestion_20260825_event_path_v1::1543,Mountain/Valley,LOW,1
elevation_ready,1,Mountain/Valley/LOW,1.3693339025632394,0.43154868436034516,0.7101011392776436,1.6,F1023_v90_D0117_P7__G32__ch5__nav_sage_v2__ingestion_20260825_event_path_v1,1544,F1023_v90_D0117_P7__G32__ch5__nav_sage_v2__ingestion_20260825_event_path_v1::1544,Mountain/Valley,LOW,1
