candidate_id,run_id,scene_id,prn,center_window_id,recording_time_s,selected_L,multipath_count,minimum_path_run,reliable_multipath,candidate_status,event_id,source_file,source_file_sha256,source_row_number,modeling_eligibility,schema_version
F1023_v50_D0127_P1__G31__ch5__nav_sage_v2__ingestion_20260825_event_path_v1__candidate_964,F1023_v50_D0127_P1__G31__ch5__nav_sage_v2__ingestion_20260825_event_path_v1,F1023_v50_D0127_P1,G31,964,58.0992017595308,3,2,3,1,rejected_candidate,F1023_v50_D0127_P1__G31__ch5__nav_sage_v2__ingestion_20260825_event_path_v1__event_964,scenes/F1023_v50_D0127_P1/sage_results/nav_sage_v2/G31/stage3_reliable_centers.csv,02153a440f774061b66b13a8a5f72ba131e277b4da9b7cb191aab90161409d8d,2,eligible_pending_modeling_qa,sage-event-path-db-v1
F1023_v50_D0127_P1__G31__ch5__nav_sage_v2__ingestion_20260825_event_path_v1__candidate_327,F1023_v50_D0127_P1__G31__ch5__nav_sage_v2__ingestion_20260825_event_path_v1,F1023_v50_D0127_P1,G31,327,45.3591775171066,2,1,5,1,rejected_candidate,F1023_v50_D0127_P1__G31__ch5__nav_sage_v2__ingestion_20260825_event_path_v1__event_327,scenes/F1023_v50_D0127_P1/sage_results/nav_sage_v2/G31/stage3_reliable_centers.csv,02153a440f774061b66b13a8a5f72ba131e277b4da9b7cb191aab90161409d8d,3,eligible_pending_modeling_qa,sage-event-path-db-v1
F1023_v50_D0127_P1__G31__ch5__nav_sage_v2__ingestion_20260825_event_path_v1__candidate_329,F1023_v50_D0127_P1__G31__ch5__nav_sage_v2__ingestion_20260825_event_path_v1,F1023_v50_D0127_P1,G31,329,45.3991776148583,2,1,5,1,rejected_candidate,F1023_v50_D0127_P1__G31__ch5__nav_sage_v2__ingestion_20260825_event_path_v1__event_329,scenes/F1023_v50_D0127_P1/sage_results/nav_sage_v2/G31/stage3_reliable_centers.csv,02153a440f774061b66b13a8a5f72ba131e277b4da9b7cb191aab90161409d8d,4,eligible_pending_modeling_qa,sage-event-path-db-v1
F1023_v50_D0127_P1__G31__ch5__nav_sage_v2__ingestion_20260825_event_path_v1__candidate_994,F1023_v50_D0127_P1__G31__ch5__nav_sage_v2__ingestion_20260825_event_path_v1,F1023_v50_D0127_P1,G31,994,58.6992029325513,2,1,4,1,rejected_candidate,F1023_v50_D0127_P1__G31__ch5__nav_sage_v2__ingestion_20260825_event_path_v1__event_994,scenes/F1023_v50_D0127_P1/sage_results/nav_sage_v2/G31/stage3_reliable_centers.csv,02153a440f774061b66b13a8a5f72ba131e277b4da9b7cb191aab90161409d8d,5,eligible_pending_modeling_qa,sage-event-path-db-v1
F1023_v50_D0127_P1__G31__ch5__nav_sage_v2__ingestion_20260825_event_path_v1__candidate_1077,F1023_v50_D0127_P1__G31__ch5__nav_sage_v2__ingestion_20260825_event_path_v1,F1023_v50_D0127_P1,G31,1077,60.3592060606061,2,1,4,1,rejected_candidate,F1023_v50_D0127_P1__G31__ch5__nav_sage_v2__ingestion_20260825_event_path_v1__event_1077,scenes/F1023_v50_D0127_P1/sage_results/nav_sage_v2/G31/stage3_reliable_centers.csv,02153a440f774061b66b13a8a5f72ba131e277b4da9b7cb191aab90161409d8d,6,eligible_pending_modeling_qa,sage-event-path-db-v1
F1023_v50_D0127_P1__G31__ch5__nav_sage_v2__ingestion_20260825_event_path_v1__candidate_1078,F1023_v50_D0127_P1__G31__ch5__nav_sage_v2__ingestion_20260825_event_path_v1,F1023_v50_D0127_P1,G31,1078,60.3792061583578,2,1,4,1,rejected_candidate,F1023_v50_D0127_P1__G31__ch5__nav_sage_v2__ingestion_20260825_event_path_v1__event_1078,scenes/F1023_v50_D0127_P1/sage_results/nav_sage_v2/G31/stage3_reliable_centers.csv,02153a440f774061b66b13a8a5f72ba131e277b4da9b7cb191aab90161409d8d,7,eligible_pending_modeling_qa,sage-event-path-db-v1
F1023_v50_D0127_P1__G31__ch5__nav_sage_v2__ingestion_20260825_event_path_v1__candidate_1186,F1023_v50_D0127_P1__G31__ch5__nav_sage_v2__ingestion_20260825_event_path_v1,F1023_v50_D0127_P1,G31,1186,62.5392101661779,2,1,4,1,rejected_candidate,F1023_v50_D0127_P1__G31__ch5__nav_sage_v2__ingestion_20260825_event_path_v1__event_1186,scenes/F1023_v50_D0127_P1/sage_results/nav_sage_v2/G31/stage3_reliable_centers.csv,02153a440f774061b66b13a8a5f72ba131e277b4da9b7cb191aab90161409d8d,8,eligible_pending_modeling_qa,sage-event-path-db-v1
F1023_v50_D0127_P1__G31__ch5__nav_sage_v2__ingestion_20260825_event_path_v1__candidate_1187,F1023_v50_D0127_P1__G31__ch5__nav_sage_v2__ingestion_20260825_event_path_v1,F1023_v50_D0127_P1,G31,1187,62.5592101661779,2,1,4,1,rejected_candidate,F1023_v50_D0127_P1__G31__ch5__nav_sage_v2__ingestion_20260825_event_path_v1__event_1187,scenes/F1023_v50_D0127_P1/sage_results/nav_sage_v2/G31/stage3_reliable_centers.csv,02153a440f774061b66b13a8a5f72ba131e277b4da9b7cb191aab90161409d8d,9,eligible_pending_modeling_qa,sage-event-path-db-v1
F1023_v50_D0127_P1__G31__ch5__nav_sage_v2__ingestion_20260825_event_path_v1__candidate_970,F1023_v50_D0127_P1__G31__ch5__nav_sage_v2__ingestion_20260825_event_path_v1,F1023_v50_D0127_P1,G31,970,58.2192020527859,2,1,3,1,not_joint_evaluated,,scenes/F1023_v50_D0127_P1/sage_results/nav_sage_v2/G31/stage3_reliable_centers.csv,02153a440f774061b66b13a8a5f72ba131e277b4da9b7cb191aab90161409d8d,10,eligible_pending_modeling_qa,sage-event-path-db-v1
F1023_v50_D0127_P1__G31__ch5__nav_sage_v2__ingestion_20260825_event_path_v1__candidate_995,F1023_v50_D0127_P1__G31__ch5__nav_sage_v2__ingestion_20260825_event_path_v1,F1023_v50_D0127_P1,G31,995,58.7192029325513,2,1,3,1,not_joint_evaluated,,scenes/F1023_v50_D0127_P1/sage_results/nav_sage_v2/G31/stage3_reliable_centers.csv,02153a440f774061b66b13a8a5f72ba131e277b4da9b7cb191aab90161409d8d,11,eligible_pending_modeling_qa,sage-event-path-db-v1
F1023_v50_D0127_P1__G31__ch5__nav_sage_v2__ingestion_20260825_event_path_v1__candidate_996,F1023_v50_D0127_P1__G31__ch5__nav_sage_v2__ingestion_20260825_event_path_v1,F1023_v50_D0127_P1,G31,996,58.739203030303,2,1,3,1,not_joint_evaluated,,scenes/F1023_v50_D0127_P1/sage_results/nav_sage_v2/G31/stage3_reliable_centers.csv,02153a440f774061b66b13a8a5f72ba131e277b4da9b7cb191aab90161409d8d,12,eligible_pending_modeling_qa,sage-event-path-db-v1
F1023_v50_D0127_P1__G31__ch5__nav_sage_v2__ingestion_20260825_event_path_v1__candidate_1012,F1023_v50_D0127_P1__G31__ch5__nav_sage_v2__ingestion_20260825_event_path_v1,F1023_v50_D0127_P1,G31,1012,59.0592036168133,2,1,3,1,not_joint_evaluated,,scenes/F1023_v50_D0127_P1/sage_results/nav_sage_v2/G31/stage3_reliable_centers.csv,02153a440f774061b66b13a8a5f72ba131e277b4da9b7cb191aab90161409d8d,13,eligible_pending_modeling_qa,sage-event-path-db-v1
F1023_v50_D0127_P1__G31__ch5__nav_sage_v2__ingestion_20260825_event_path_v1__candidate_1013,F1023_v50_D0127_P1__G31__ch5__nav_sage_v2__ingestion_20260825_event_path_v1,F1023_v50_D0127_P1,G31,1013,59.0792036168133,2,1,3,1,not_joint_evaluated,,scenes/F1023_v50_D0127_P1/sage_results/nav_sage_v2/G31/stage3_reliable_centers.csv,02153a440f774061b66b13a8a5f72ba131e277b4da9b7cb191aab90161409d8d,14,eligible_pending_modeling_qa,sage-event-path-db-v1
F1023_v50_D0127_P1__G31__ch5__nav_sage_v2__ingestion_20260825_event_path_v1__candidate_1014,F1023_v50_D0127_P1__G31__ch5__nav_sage_v2__ingestion_20260825_event_path_v1,F1023_v50_D0127_P1,G31,1014,59.099203714565,2,1,3,1,not_joint_evaluated,,scenes/F1023_v50_D0127_P1/sage_results/nav_sage_v2/G31/stage3_reliable_centers.csv,02153a440f774061b66b13a8a5f72ba131e277b4da9b7cb191aab90161409d8d,15,eligible_pending_modeling_qa,sage-event-path-db-v1
F1023_v50_D0127_P1__G31__ch5__nav_sage_v2__ingestion_20260825_event_path_v1__candidate_1076,F1023_v50_D0127_P1__G31__ch5__nav_sage_v2__ingestion_20260825_event_path_v1,F1023_v50_D0127_P1,G31,1076,60.3392060606061,2,1,3,1,not_joint_evaluated,,scenes/F1023_v50_D0127_P1/sage_results/nav_sage_v2/G31/stage3_reliable_centers.csv,02153a440f774061b66b13a8a5f72ba131e277b4da9b7cb191aab90161409d8d,16,eligible_pending_modeling_qa,sage-event-path-db-v1
F1023_v50_D0127_P1__G31__ch5__nav_sage_v2__ingestion_20260825_event_path_v1__candidate_1079,F1023_v50_D0127_P1__G31__ch5__nav_sage_v2__ingestion_20260825_event_path_v1,F1023_v50_D0127_P1,G31,1079,60.3992061583578,2,1,3,1,not_joint_evaluated,,scenes/F1023_v50_D0127_P1/sage_results/nav_sage_v2/G31/stage3_reliable_centers.csv,02153a440f774061b66b13a8a5f72ba131e277b4da9b7cb191aab90161409d8d,17,eligible_pending_modeling_qa,sage-event-path-db-v1
F1023_v50_D0127_P1__G31__ch5__nav_sage_v2__ingestion_20260825_event_path_v1__candidate_1185,F1023_v50_D0127_P1__G31__ch5__nav_sage_v2__ingestion_20260825_event_path_v1,F1023_v50_D0127_P1,G31,1185,62.5192101661779,2,1,3,1,not_joint_evaluated,,scenes/F1023_v50_D0127_P1/sage_results/nav_sage_v2/G31/stage3_reliable_centers.csv,02153a440f774061b66b13a8a5f72ba131e277b4da9b7cb191aab90161409d8d,18,eligible_pending_modeling_qa,sage-event-path-db-v1
F1023_v50_D0127_P1__G31__ch5__nav_sage_v2__ingestion_20260825_event_path_v1__candidate_1188,F1023_v50_D0127_P1__G31__ch5__nav_sage_v2__ingestion_20260825_event_path_v1,F1023_v50_D0127_P1,G31,1188,62.5792102639296,2,1,3,1,not_joint_evaluated,,scenes/F1023_v50_D0127_P1/sage_results/nav_sage_v2/G31/stage3_reliable_centers.csv,02153a440f774061b66b13a8a5f72ba131e277b4da9b7cb191aab90161409d8d,19,eligible_pending_modeling_qa,sage-event-path-db-v1
F1023_V70_D0117_P4__G25__ch7__nav_sage_v2__ingestion_20260825_event_path_v1__candidate_348,F1023_V70_D0117_P4__G25__ch7__nav_sage_v2__ingestion_20260825_event_path_v1,F1023_V70_D0117_P4,G25,348,53.7037350928641,4,3,4,1,rejected_candidate,F1023_V70_D0117_P4__G25__ch7__nav_sage_v2__ingestion_20260825_event_path_v1__event_348,scenes/F1023_V70_D0117_P4/sage_results/nav_sage_v2/G25/stage3_reliable_centers.csv,8781d81742f8002e0fd426941f047ac5ad95d3185ce64004b0e9a576d3da70e6,2,eligible_pending_modeling_qa,sage-event-path-db-v1
F1023_V70_D0117_P4__G25__ch7__nav_sage_v2__ingestion_20260825_event_path_v1__candidate_349,F1023_V70_D0117_P4__G25__ch7__nav_sage_v2__ingestion_20260825_event_path_v1,F1023_V70_D0117_P4,G25,349,53.7237350928641,4,3,4,1,rejected_candidate,F1023_V70_D0117_P4__G25__ch7__nav_sage_v2__ingestion_20260825_event_path_v1__event_349,scenes/F1023_V70_D0117_P4/sage_results/nav_sage_v2/G25/stage3_reliable_centers.csv,8781d81742f8002e0fd426941f047ac5ad95d3185ce64004b0e9a576d3da70e6,3,eligible_pending_modeling_qa,sage-event-path-db-v1
F1023_V70_D0117_P4__G25__ch7__nav_sage_v2__ingestion_20260825_event_path_v1__candidate_347,F1023_V70_D0117_P4__G25__ch7__nav_sage_v2__ingestion_20260825_event_path_v1,F1023_V70_D0117_P4,G25,347,53.6837349951124,4,3,3,1,confirmed_multipath,F1023_V70_D0117_P4__G25__ch7__nav_sage_v2__ingestion_20260825_event_path_v1__event_347,scenes/F1023_V70_D0117_P4/sage_results/nav_sage_v2/G25/stage3_reliable_centers.csv,8781d81742f8002e0fd426941f047ac5ad95d3185ce64004b0e9a576d3da70e6,4,eligible_pending_modeling_qa,sage-event-path-db-v1
F1023_V70_D0117_P4__G25__ch7__nav_sage_v2__ingestion_20260825_event_path_v1__candidate_350,F1023_V70_D0117_P4__G25__ch7__nav_sage_v2__ingestion_20260825_event_path_v1,F1023_V70_D0117_P4,G25,350,53.7437351906158,4,3,3,1,confirmed_multipath,F1023_V70_D0117_P4__G25__ch7__nav_sage_v2__ingestion_20260825_event_path_v1__event_350,scenes/F1023_V70_D0117_P4/sage_results/nav_sage_v2/G25/stage3_reliable_centers.csv,8781d81742f8002e0fd426941f047ac5ad95d3185ce64004b0e9a576d3da70e6,5,eligible_pending_modeling_qa,sage-event-path-db-v1
F1023_V70_D0117_P4__G28__ch6__nav_sage_v2__ingestion_20260825_event_path_v1__candidate_557,F1023_V70_D0117_P4__G28__ch6__nav_sage_v2__ingestion_20260825_event_path_v1,F1023_V70_D0117_P4,G28,557,57.8914086999023,3,2,4,1,rejected_candidate,F1023_V70_D0117_P4__G28__ch6__nav_sage_v2__ingestion_20260825_event_path_v1__event_557,scenes/F1023_V70_D0117_P4/sage_results/nav_sage_v2/G28/stage3_reliable_centers.csv,33a2a0e94422a23b1dc1778fdd85ca41f63e8994bb19f1002bd7d53df32af9d4,2,eligible_pending_modeling_qa,sage-event-path-db-v1
F1023_V70_D0117_P4__G28__ch6__nav_sage_v2__ingestion_20260825_event_path_v1__candidate_558,F1023_V70_D0117_P4__G28__ch6__nav_sage_v2__ingestion_20260825_event_path_v1,F1023_V70_D0117_P4,G28,558,57.9114086999022,3,2,4,1,rejected_candidate,F1023_V70_D0117_P4__G28__ch6__nav_sage_v2__ingestion_20260825_event_path_v1__event_558,scenes/F1023_V70_D0117_P4/sage_results/nav_sage_v2/G28/stage3_reliable_centers.csv,33a2a0e94422a23b1dc1778fdd85ca41f63e8994bb19f1002bd7d53df32af9d4,3,eligible_pending_modeling_qa,sage-event-path-db-v1
F1023_V70_D0117_P4__G28__ch6__nav_sage_v2__ingestion_20260825_event_path_v1__candidate_18,F1023_V70_D0117_P4__G28__ch6__nav_sage_v2__ingestion_20260825_event_path_v1,F1023_V70_D0117_P4,G28,18,47.1113903225806,3,2,3,1,rejected_candidate,F1023_V70_D0117_P4__G28__ch6__nav_sage_v2__ingestion_20260825_event_path_v1__event_18,scenes/F1023_V70_D0117_P4/sage_results/nav_sage_v2/G28/stage3_reliable_centers.csv,33a2a0e94422a23b1dc1778fdd85ca41f63e8994bb19f1002bd7d53df32af9d4,4,eligible_pending_modeling_qa,sage-event-path-db-v1
F1023_V70_D0117_P4__G28__ch6__nav_sage_v2__ingestion_20260825_event_path_v1__candidate_58,F1023_V70_D0117_P4__G28__ch6__nav_sage_v2__ingestion_20260825_event_path_v1,F1023_V70_D0117_P4,G28,58,47.9113916911046,3,2,3,1,rejected_candidate,F1023_V70_D0117_P4__G28__ch6__nav_sage_v2__ingestion_20260825_event_path_v1__event_58,scenes/F1023_V70_D0117_P4/sage_results/nav_sage_v2/G28/stage3_reliable_centers.csv,33a2a0e94422a23b1dc1778fdd85ca41f63e8994bb19f1002bd7d53df32af9d4,5,eligible_pending_modeling_qa,sage-event-path-db-v1
F1023_V70_D0117_P4__G28__ch6__nav_sage_v2__ingestion_20260825_event_path_v1__candidate_409,F1023_V70_D0117_P4__G28__ch6__nav_sage_v2__ingestion_20260825_event_path_v1,F1023_V70_D0117_P4,G28,409,54.9314036168133,3,2,3,1,rejected_candidate,F1023_V70_D0117_P4__G28__ch6__nav_sage_v2__ingestion_20260825_event_path_v1__event_409,scenes/F1023_V70_D0117_P4/sage_results/nav_sage_v2/G28/stage3_reliable_centers.csv,33a2a0e94422a23b1dc1778fdd85ca41f63e8994bb19f1002bd7d53df32af9d4,6,eligible_pending_modeling_qa,sage-event-path-db-v1
F1023_V70_D0117_P4__G28__ch6__nav_sage_v2__ingestion_20260825_event_path_v1__candidate_556,F1023_V70_D0117_P4__G28__ch6__nav_sage_v2__ingestion_20260825_event_path_v1,F1023_V70_D0117_P4,G28,556,57.8714086021505,3,2,3,1,rejected_candidate,F1023_V70_D0117_P4__G28__ch6__nav_sage_v2__ingestion_20260825_event_path_v1__event_556,scenes/F1023_V70_D0117_P4/sage_results/nav_sage_v2/G28/stage3_reliable_centers.csv,33a2a0e94422a23b1dc1778fdd85ca41f63e8994bb19f1002bd7d53df32af9d4,7,eligible_pending_modeling_qa,sage-event-path-db-v1
F1023_V70_D0117_P4__G28__ch6__nav_sage_v2__ingestion_20260825_event_path_v1__candidate_559,F1023_V70_D0117_P4__G28__ch6__nav_sage_v2__ingestion_20260825_event_path_v1,F1023_V70_D0117_P4,G28,559,57.9314086999022,3,2,3,1,rejected_candidate,F1023_V70_D0117_P4__G28__ch6__nav_sage_v2__ingestion_20260825_event_path_v1__event_559,scenes/F1023_V70_D0117_P4/sage_results/nav_sage_v2/G28/stage3_reliable_centers.csv,33a2a0e94422a23b1dc1778fdd85ca41f63e8994bb19f1002bd7d53df32af9d4,8,eligible_pending_modeling_qa,sage-event-path-db-v1
F1023_V70_D0117_P4__G29__ch9__nav_sage_v2__ingestion_20260825_event_path_v1__candidate_307,F1023_V70_D0117_P4__G29__ch9__nav_sage_v2__ingestion_20260825_event_path_v1,F1023_V70_D0117_P4,G29,307,52.8884954056696,4,3,3,1,rejected_candidate,F1023_V70_D0117_P4__G29__ch9__nav_sage_v2__ingestion_20260825_event_path_v1__event_307,scenes/F1023_V70_D0117_P4/sage_results/nav_sage_v2/G29/stage3_reliable_centers.csv,754a65321d41bfc6c77da740db713d895061201c5af4ab363d2d6c39eb276792,2,eligible_pending_modeling_qa,sage-event-path-db-v1
F1023_V70_D0117_P4__G29__ch9__nav_sage_v2__ingestion_20260825_event_path_v1__candidate_308,F1023_V70_D0117_P4__G29__ch9__nav_sage_v2__ingestion_20260825_event_path_v1,F1023_V70_D0117_P4,G29,308,52.9084954056696,4,3,3,1,rejected_candidate,F1023_V70_D0117_P4__G29__ch9__nav_sage_v2__ingestion_20260825_event_path_v1__event_308,scenes/F1023_V70_D0117_P4/sage_results/nav_sage_v2/G29/stage3_reliable_centers.csv,754a65321d41bfc6c77da740db713d895061201c5af4ab363d2d6c39eb276792,3,eligible_pending_modeling_qa,sage-event-path-db-v1
F1023_V70_D0117_P4__G29__ch9__nav_sage_v2__ingestion_20260825_event_path_v1__candidate_309,F1023_V70_D0117_P4__G29__ch9__nav_sage_v2__ingestion_20260825_event_path_v1,F1023_V70_D0117_P4,G29,309,52.9284955034213,4,3,3,1,rejected_candidate,F1023_V70_D0117_P4__G29__ch9__nav_sage_v2__ingestion_20260825_event_path_v1__event_309,scenes/F1023_V70_D0117_P4/sage_results/nav_sage_v2/G29/stage3_reliable_centers.csv,754a65321d41bfc6c77da740db713d895061201c5af4ab363d2d6c39eb276792,4,eligible_pending_modeling_qa,sage-event-path-db-v1
F1023_V70_D0117_P4__G29__ch9__nav_sage_v2__ingestion_20260825_event_path_v1__candidate_347,F1023_V70_D0117_P4__G29__ch9__nav_sage_v2__ingestion_20260825_event_path_v1,F1023_V70_D0117_P4,G29,347,53.6884968719453,4,3,3,1,rejected_candidate,F1023_V70_D0117_P4__G29__ch9__nav_sage_v2__ingestion_20260825_event_path_v1__event_347,scenes/F1023_V70_D0117_P4/sage_results/nav_sage_v2/G29/stage3_reliable_centers.csv,754a65321d41bfc6c77da740db713d895061201c5af4ab363d2d6c39eb276792,5,eligible_pending_modeling_qa,sage-event-path-db-v1
F1023_V70_D0117_P4__G29__ch9__nav_sage_v2__ingestion_20260825_event_path_v1__candidate_348,F1023_V70_D0117_P4__G29__ch9__nav_sage_v2__ingestion_20260825_event_path_v1,F1023_V70_D0117_P4,G29,348,53.7084968719453,4,3,3,1,confirmed_multipath,F1023_V70_D0117_P4__G29__ch9__nav_sage_v2__ingestion_20260825_event_path_v1__event_348,scenes/F1023_V70_D0117_P4/sage_results/nav_sage_v2/G29/stage3_reliable_centers.csv,754a65321d41bfc6c77da740db713d895061201c5af4ab363d2d6c39eb276792,6,eligible_pending_modeling_qa,sage-event-path-db-v1
F1023_V70_D0117_P4__G29__ch9__nav_sage_v2__ingestion_20260825_event_path_v1__candidate_349,F1023_V70_D0117_P4__G29__ch9__nav_sage_v2__ingestion_20260825_event_path_v1,F1023_V70_D0117_P4,G29,349,53.728496969697,4,3,3,1,rejected_candidate,F1023_V70_D0117_P4__G29__ch9__nav_sage_v2__ingestion_20260825_event_path_v1__event_349,scenes/F1023_V70_D0117_P4/sage_results/nav_sage_v2/G29/stage3_reliable_centers.csv,754a65321d41bfc6c77da740db713d895061201c5af4ab363d2d6c39eb276792,7,eligible_pending_modeling_qa,sage-event-path-db-v1
F1023_V70_D0117_P4__G29__ch9__nav_sage_v2__ingestion_20260825_event_path_v1__candidate_464,F1023_V70_D0117_P4__G29__ch9__nav_sage_v2__ingestion_20260825_event_path_v1,F1023_V70_D0117_P4,G29,464,56.0285012707722,3,2,3,1,rejected_candidate,F1023_V70_D0117_P4__G29__ch9__nav_sage_v2__ingestion_20260825_event_path_v1__event_464,scenes/F1023_V70_D0117_P4/sage_results/nav_sage_v2/G29/stage3_reliable_centers.csv,754a65321d41bfc6c77da740db713d895061201c5af4ab363d2d6c39eb276792,8,eligible_pending_modeling_qa,sage-event-path-db-v1
F1023_V70_D0117_P4__G29__ch9__nav_sage_v2__ingestion_20260825_event_path_v1__candidate_465,F1023_V70_D0117_P4__G29__ch9__nav_sage_v2__ingestion_20260825_event_path_v1,F1023_V70_D0117_P4,G29,465,56.0485012707722,3,2,3,1,rejected_candidate,F1023_V70_D0117_P4__G29__ch9__nav_sage_v2__ingestion_20260825_event_path_v1__event_465,scenes/F1023_V70_D0117_P4/sage_results/nav_sage_v2/G29/stage3_reliable_centers.csv,754a65321d41bfc6c77da740db713d895061201c5af4ab363d2d6c39eb276792,9,eligible_pending_modeling_qa,sage-event-path-db-v1
F1023_V70_D0117_P4__G29__ch9__nav_sage_v2__ingestion_20260825_event_path_v1__candidate_466,F1023_V70_D0117_P4__G29__ch9__nav_sage_v2__ingestion_20260825_event_path_v1,F1023_V70_D0117_P4,G29,466,56.0685013685239,3,2,3,1,not_joint_evaluated,,scenes/F1023_V70_D0117_P4/sage_results/nav_sage_v2/G29/stage3_reliable_centers.csv,754a65321d41bfc6c77da740db713d895061201c5af4ab363d2d6c39eb276792,10,eligible_pending_modeling_qa,sage-event-path-db-v1
F1023_V70_D0117_P4__G29__ch9__nav_sage_v2__ingestion_20260825_event_path_v1__candidate_876,F1023_V70_D0117_P4__G29__ch9__nav_sage_v2__ingestion_20260825_event_path_v1,F1023_V70_D0117_P4,G29,876,64.2685167155425,3,2,3,1,not_joint_evaluated,,scenes/F1023_V70_D0117_P4/sage_results/nav_sage_v2/G29/stage3_reliable_centers.csv,754a65321d41bfc6c77da740db713d895061201c5af4ab363d2d6c39eb276792,11,eligible_pending_modeling_qa,sage-event-path-db-v1
F1023_V70_D0117_P4__G29__ch9__nav_sage_v2__ingestion_20260825_event_path_v1__candidate_252,F1023_V70_D0117_P4__G29__ch9__nav_sage_v2__ingestion_20260825_event_path_v1,F1023_V70_D0117_P4,G29,252,51.7884933528837,2,1,3,1,not_joint_evaluated,,scenes/F1023_V70_D0117_P4/sage_results/nav_sage_v2/G29/stage3_reliable_centers.csv,754a65321d41bfc6c77da740db713d895061201c5af4ab363d2d6c39eb276792,12,eligible_pending_modeling_qa,sage-event-path-db-v1
F1023_V70_D0117_P4__G29__ch9__nav_sage_v2__ingestion_20260825_event_path_v1__candidate_253,F1023_V70_D0117_P4__G29__ch9__nav_sage_v2__ingestion_20260825_event_path_v1,F1023_V70_D0117_P4,G29,253,51.8084933528837,2,1,3,1,not_joint_evaluated,,scenes/F1023_V70_D0117_P4/sage_results/nav_sage_v2/G29/stage3_reliable_centers.csv,754a65321d41bfc6c77da740db713d895061201c5af4ab363d2d6c39eb276792,13,eligible_pending_modeling_qa,sage-event-path-db-v1
F1023_V70_D0117_P4__G31__ch1__nav_sage_v2__ingestion_20260825_event_path_v1__candidate_436,F1023_V70_D0117_P4__G31__ch1__nav_sage_v2__ingestion_20260825_event_path_v1,F1023_V70_D0117_P4,G31,436,55.4786997067449,2,1,3,1,rejected_candidate,F1023_V70_D0117_P4__G31__ch1__nav_sage_v2__ingestion_20260825_event_path_v1__event_436,scenes/F1023_V70_D0117_P4/sage_results/nav_sage_v2/G31/stage3_reliable_centers.csv,95113274803dc3b9af96857dfa8cd05416537d707d7c8815cd11fedca4324584,2,eligible_pending_modeling_qa,sage-event-path-db-v1
F1023_V70_D0117_P4__G32__ch3__nav_sage_v2__ingestion_20260825_event_path_v1__candidate_57,F1023_V70_D0117_P4__G32__ch3__nav_sage_v2__ingestion_20260825_event_path_v1,F1023_V70_D0117_P4,G32,57,47.8943080156403,3,2,3,1,rejected_candidate,F1023_V70_D0117_P4__G32__ch3__nav_sage_v2__ingestion_20260825_event_path_v1__event_57,scenes/F1023_V70_D0117_P4/sage_results/nav_sage_v2/G32/stage3_reliable_centers.csv,8f431820900be9096d3ff1e6777a0eb063cd3734c476e3975b8fa10b2da09a2b,2,eligible_pending_modeling_qa,sage-event-path-db-v1
F1023_V70_D0117_P4__G32__ch3__nav_sage_v2__ingestion_20260825_event_path_v1__candidate_58,F1023_V70_D0117_P4__G32__ch3__nav_sage_v2__ingestion_20260825_event_path_v1,F1023_V70_D0117_P4,G32,58,47.914308113392,3,2,3,1,rejected_candidate,F1023_V70_D0117_P4__G32__ch3__nav_sage_v2__ingestion_20260825_event_path_v1__event_58,scenes/F1023_V70_D0117_P4/sage_results/nav_sage_v2/G32/stage3_reliable_centers.csv,8f431820900be9096d3ff1e6777a0eb063cd3734c476e3975b8fa10b2da09a2b,3,eligible_pending_modeling_qa,sage-event-path-db-v1
F1023_V70_D0117_P4__G32__ch3__nav_sage_v2__ingestion_20260825_event_path_v1__candidate_275,F1023_V70_D0117_P4__G32__ch3__nav_sage_v2__ingestion_20260825_event_path_v1,F1023_V70_D0117_P4,G32,275,52.2543278592375,3,2,3,1,rejected_candidate,F1023_V70_D0117_P4__G32__ch3__nav_sage_v2__ingestion_20260825_event_path_v1__event_275,scenes/F1023_V70_D0117_P4/sage_results/nav_sage_v2/G32/stage3_reliable_centers.csv,8f431820900be9096d3ff1e6777a0eb063cd3734c476e3975b8fa10b2da09a2b,4,eligible_pending_modeling_qa,sage-event-path-db-v1
F1023_V70_D0117_P4__G32__ch3__nav_sage_v2__ingestion_20260825_event_path_v1__candidate_357,F1023_V70_D0117_P4__G32__ch3__nav_sage_v2__ingestion_20260825_event_path_v1,F1023_V70_D0117_P4,G32,357,53.8943353861193,2,1,3,1,confirmed_multipath,F1023_V70_D0117_P4__G32__ch3__nav_sage_v2__ingestion_20260825_event_path_v1__event_357,scenes/F1023_V70_D0117_P4/sage_results/nav_sage_v2/G32/stage3_reliable_centers.csv,8f431820900be9096d3ff1e6777a0eb063cd3734c476e3975b8fa10b2da09a2b,5,eligible_pending_modeling_qa,sage-event-path-db-v1
F1023_V70_D0120_P1__G26__ch3__nav_sage_v2__ingestion_20260825_event_path_v1__candidate_76,F1023_V70_D0120_P1__G26__ch3__nav_sage_v2__ingestion_20260825_event_path_v1,F1023_V70_D0120_P1,G26,76,38.6278365591398,4,3,3,1,confirmed_multipath,F1023_V70_D0120_P1__G26__ch3__nav_sage_v2__ingestion_20260825_event_path_v1__event_76,scenes/F1023_V70_D0120_P1/sage_results/nav_sage_v2/G26/stage3_reliable_centers.csv,2792eae9517ced94c5924cde315006df4a45c4c053371ba4281f1f65db1b17aa,2,eligible_pending_modeling_qa,sage-event-path-db-v1
F1023_V70_D0120_P1__G26__ch3__nav_sage_v2__ingestion_20260825_event_path_v1__candidate_77,F1023_V70_D0120_P1__G26__ch3__nav_sage_v2__ingestion_20260825_event_path_v1,F1023_V70_D0120_P1,G26,77,38.6478366568915,4,3,3,1,rejected_candidate,F1023_V70_D0120_P1__G26__ch3__nav_sage_v2__ingestion_20260825_event_path_v1__event_77,scenes/F1023_V70_D0120_P1/sage_results/nav_sage_v2/G26/stage3_reliable_centers.csv,2792eae9517ced94c5924cde315006df4a45c4c053371ba4281f1f65db1b17aa,3,eligible_pending_modeling_qa,sage-event-path-db-v1
F1023_V70_D0120_P1__G26__ch3__nav_sage_v2__ingestion_20260825_event_path_v1__candidate_78,F1023_V70_D0120_P1__G26__ch3__nav_sage_v2__ingestion_20260825_event_path_v1,F1023_V70_D0120_P1,G26,78,38.6678367546432,4,3,3,1,confirmed_multipath,F1023_V70_D0120_P1__G26__ch3__nav_sage_v2__ingestion_20260825_event_path_v1__event_78,scenes/F1023_V70_D0120_P1/sage_results/nav_sage_v2/G26/stage3_reliable_centers.csv,2792eae9517ced94c5924cde315006df4a45c4c053371ba4281f1f65db1b17aa,4,eligible_pending_modeling_qa,sage-event-path-db-v1
F1023_V70_D0120_P1__G26__ch3__nav_sage_v2__ingestion_20260825_event_path_v1__candidate_2581,F1023_V70_D0120_P1__G26__ch3__nav_sage_v2__ingestion_20260825_event_path_v1,F1023_V70_D0120_P1,G26,2581,88.728,4,3,3,1,rejected_candidate,F1023_V70_D0120_P1__G26__ch3__nav_sage_v2__ingestion_20260825_event_path_v1__event_2581,scenes/F1023_V70_D0120_P1/sage_results/nav_sage_v2/G26/stage3_reliable_centers.csv,2792eae9517ced94c5924cde315006df4a45c4c053371ba4281f1f65db1b17aa,5,eligible_pending_modeling_qa,sage-event-path-db-v1
F1023_V70_D0120_P1__G26__ch3__nav_sage_v2__ingestion_20260825_event_path_v1__candidate_2582,F1023_V70_D0120_P1__G26__ch3__nav_sage_v2__ingestion_20260825_event_path_v1,F1023_V70_D0120_P1,G26,2582,88.7480000977517,4,3,3,1,rejected_candidate,F1023_V70_D0120_P1__G26__ch3__nav_sage_v2__ingestion_20260825_event_path_v1__event_2582,scenes/F1023_V70_D0120_P1/sage_results/nav_sage_v2/G26/stage3_reliable_centers.csv,2792eae9517ced94c5924cde315006df4a45c4c053371ba4281f1f65db1b17aa,6,eligible_pending_modeling_qa,sage-event-path-db-v1
F1023_V70_D0120_P1__G26__ch3__nav_sage_v2__ingestion_20260825_event_path_v1__candidate_2583,F1023_V70_D0120_P1__G26__ch3__nav_sage_v2__ingestion_20260825_event_path_v1,F1023_V70_D0120_P1,G26,2583,88.7680001955034,4,3,3,1,rejected_candidate,F1023_V70_D0120_P1__G26__ch3__nav_sage_v2__ingestion_20260825_event_path_v1__event_2583,scenes/F1023_V70_D0120_P1/sage_results/nav_sage_v2/G26/stage3_reliable_centers.csv,2792eae9517ced94c5924cde315006df4a45c4c053371ba4281f1f65db1b17aa,7,eligible_pending_modeling_qa,sage-event-path-db-v1
F1023_V70_D0120_P1__G26__ch3__nav_sage_v2__ingestion_20260825_event_path_v1__candidate_597,F1023_V70_D0120_P1__G26__ch3__nav_sage_v2__ingestion_20260825_event_path_v1,F1023_V70_D0120_P1,G26,597,49.0478704789834,3,2,4,1,rejected_candidate,F1023_V70_D0120_P1__G26__ch3__nav_sage_v2__ingestion_20260825_event_path_v1__event_597,scenes/F1023_V70_D0120_P1/sage_results/nav_sage_v2/G26/stage3_reliable_centers.csv,2792eae9517ced94c5924cde315006df4a45c4c053371ba4281f1f65db1b17aa,8,eligible_pending_modeling_qa,sage-event-path-db-v1
F1023_V70_D0120_P1__G26__ch3__nav_sage_v2__ingestion_20260825_event_path_v1__candidate_598,F1023_V70_D0120_P1__G26__ch3__nav_sage_v2__ingestion_20260825_event_path_v1,F1023_V70_D0120_P1,G26,598,49.0678705767351,3,2,4,1,rejected_candidate,F1023_V70_D0120_P1__G26__ch3__nav_sage_v2__ingestion_20260825_event_path_v1__event_598,scenes/F1023_V70_D0120_P1/sage_results/nav_sage_v2/G26/stage3_reliable_centers.csv,2792eae9517ced94c5924cde315006df4a45c4c053371ba4281f1f65db1b17aa,9,eligible_pending_modeling_qa,sage-event-path-db-v1
F1023_V70_D0120_P1__G26__ch3__nav_sage_v2__ingestion_20260825_event_path_v1__candidate_599,F1023_V70_D0120_P1__G26__ch3__nav_sage_v2__ingestion_20260825_event_path_v1,F1023_V70_D0120_P1,G26,599,49.0878705767351,3,2,3,1,not_joint_evaluated,,scenes/F1023_V70_D0120_P1/sage_results/nav_sage_v2/G26/stage3_reliable_centers.csv,2792eae9517ced94c5924cde315006df4a45c4c053371ba4281f1f65db1b17aa,10,eligible_pending_modeling_qa,sage-event-path-db-v1
F1023_V70_D0120_P1__G26__ch3__nav_sage_v2__ingestion_20260825_event_path_v1__candidate_607,F1023_V70_D0120_P1__G26__ch3__nav_sage_v2__ingestion_20260825_event_path_v1,F1023_V70_D0120_P1,G26,607,49.2478711632454,3,2,3,1,not_joint_evaluated,,scenes/F1023_V70_D0120_P1/sage_results/nav_sage_v2/G26/stage3_reliable_centers.csv,2792eae9517ced94c5924cde315006df4a45c4c053371ba4281f1f65db1b17aa,11,eligible_pending_modeling_qa,sage-event-path-db-v1
F1023_V70_D0120_P1__G26__ch3__nav_sage_v2__ingestion_20260825_event_path_v1__candidate_2562,F1023_V70_D0120_P1__G26__ch3__nav_sage_v2__ingestion_20260825_event_path_v1,F1023_V70_D0120_P1,G26,2562,88.3479988269795,3,2,3,1,not_joint_evaluated,,scenes/F1023_V70_D0120_P1/sage_results/nav_sage_v2/G26/stage3_reliable_centers.csv,2792eae9517ced94c5924cde315006df4a45c4c053371ba4281f1f65db1b17aa,12,eligible_pending_modeling_qa,sage-event-path-db-v1
F1023_V70_D0120_P1__G26__ch3__nav_sage_v2__ingestion_20260825_event_path_v1__candidate_2563,F1023_V70_D0120_P1__G26__ch3__nav_sage_v2__ingestion_20260825_event_path_v1,F1023_V70_D0120_P1,G26,2563,88.3679988269795,3,2,3,1,not_joint_evaluated,,scenes/F1023_V70_D0120_P1/sage_results/nav_sage_v2/G26/stage3_reliable_centers.csv,2792eae9517ced94c5924cde315006df4a45c4c053371ba4281f1f65db1b17aa,13,eligible_pending_modeling_qa,sage-event-path-db-v1
F1023_V70_D0120_P1__G26__ch3__nav_sage_v2__ingestion_20260825_event_path_v1__candidate_948,F1023_V70_D0120_P1__G26__ch3__nav_sage_v2__ingestion_20260825_event_path_v1,F1023_V70_D0120_P1,G26,948,56.0678933528837,2,1,3,1,not_joint_evaluated,,scenes/F1023_V70_D0120_P1/sage_results/nav_sage_v2/G26/stage3_reliable_centers.csv,2792eae9517ced94c5924cde315006df4a45c4c053371ba4281f1f65db1b17aa,14,eligible_pending_modeling_qa,sage-event-path-db-v1
F1023_V70_D0120_P1__G26__ch3__nav_sage_v2__ingestion_20260825_event_path_v1__candidate_949,F1023_V70_D0120_P1__G26__ch3__nav_sage_v2__ingestion_20260825_event_path_v1,F1023_V70_D0120_P1,G26,949,56.0878934506354,2,1,3,1,not_joint_evaluated,,scenes/F1023_V70_D0120_P1/sage_results/nav_sage_v2/G26/stage3_reliable_centers.csv,2792eae9517ced94c5924cde315006df4a45c4c053371ba4281f1f65db1b17aa,15,eligible_pending_modeling_qa,sage-event-path-db-v1
F1023_V70_D0120_P1__G27__ch8__nav_sage_v2__ingestion_20260825_event_path_v1__candidate_429,F1023_V70_D0120_P1__G27__ch8__nav_sage_v2__ingestion_20260825_event_path_v1,F1023_V70_D0120_P1,G27,429,45.6987320625611,2,1,3,1,rejected_candidate,F1023_V70_D0120_P1__G27__ch8__nav_sage_v2__ingestion_20260825_event_path_v1__event_429,scenes/F1023_V70_D0120_P1/sage_results/nav_sage_v2/G27/stage3_reliable_centers.csv,9b03aa56947284fa9600225c71e9db7fd8b961024bc6f316543298ece4ffadac,2,eligible_pending_modeling_qa,sage-event-path-db-v1
F1023_V70_D0120_P1__G27__ch8__nav_sage_v2__ingestion_20260825_event_path_v1__candidate_430,F1023_V70_D0120_P1__G27__ch8__nav_sage_v2__ingestion_20260825_event_path_v1,F1023_V70_D0120_P1,G27,430,45.7187320625611,2,1,3,1,rejected_candidate,F1023_V70_D0120_P1__G27__ch8__nav_sage_v2__ingestion_20260825_event_path_v1__event_430,scenes/F1023_V70_D0120_P1/sage_results/nav_sage_v2/G27/stage3_reliable_centers.csv,9b03aa56947284fa9600225c71e9db7fd8b961024bc6f316543298ece4ffadac,3,eligible_pending_modeling_qa,sage-event-path-db-v1
F1023_V70_D0120_P1__G27__ch8__nav_sage_v2__ingestion_20260825_event_path_v1__candidate_431,F1023_V70_D0120_P1__G27__ch8__nav_sage_v2__ingestion_20260825_event_path_v1,F1023_V70_D0120_P1,G27,431,45.7387321603128,2,1,3,1,rejected_candidate,F1023_V70_D0120_P1__G27__ch8__nav_sage_v2__ingestion_20260825_event_path_v1__event_431,scenes/F1023_V70_D0120_P1/sage_results/nav_sage_v2/G27/stage3_reliable_centers.csv,9b03aa56947284fa9600225c71e9db7fd8b961024bc6f316543298ece4ffadac,4,eligible_pending_modeling_qa,sage-event-path-db-v1
F1023_V70_D0120_P1__G29__ch5__nav_sage_v2__ingestion_20260825_event_path_v1__candidate_1216,F1023_V70_D0120_P1__G29__ch5__nav_sage_v2__ingestion_20260825_event_path_v1,F1023_V70_D0120_P1,G29,1216,61.4350205278592,2,1,3,1,rejected_candidate,F1023_V70_D0120_P1__G29__ch5__nav_sage_v2__ingestion_20260825_event_path_v1__event_1216,scenes/F1023_V70_D0120_P1/sage_results/nav_sage_v2/G29/stage3_reliable_centers.csv,312ae0d91679113ded76255c8a2b917aa6abade24990670a61686c980bc06f04,2,eligible_pending_modeling_qa,sage-event-path-db-v1
F1023_V70_D0120_P1__G29__ch5__nav_sage_v2__ingestion_20260825_event_path_v1__candidate_1217,F1023_V70_D0120_P1__G29__ch5__nav_sage_v2__ingestion_20260825_event_path_v1,F1023_V70_D0120_P1,G29,1217,61.4550206256109,2,1,3,1,rejected_candidate,F1023_V70_D0120_P1__G29__ch5__nav_sage_v2__ingestion_20260825_event_path_v1__event_1217,scenes/F1023_V70_D0120_P1/sage_results/nav_sage_v2/G29/stage3_reliable_centers.csv,312ae0d91679113ded76255c8a2b917aa6abade24990670a61686c980bc06f04,3,eligible_pending_modeling_qa,sage-event-path-db-v1
F1023_V70_D0120_P1__G29__ch5__nav_sage_v2__ingestion_20260825_event_path_v1__candidate_1218,F1023_V70_D0120_P1__G29__ch5__nav_sage_v2__ingestion_20260825_event_path_v1,F1023_V70_D0120_P1,G29,1218,61.4750207233627,2,1,3,1,confirmed_multipath,F1023_V70_D0120_P1__G29__ch5__nav_sage_v2__ingestion_20260825_event_path_v1__event_1218,scenes/F1023_V70_D0120_P1/sage_results/nav_sage_v2/G29/stage3_reliable_centers.csv,312ae0d91679113ded76255c8a2b917aa6abade24990670a61686c980bc06f04,4,eligible_pending_modeling_qa,sage-event-path-db-v1
F1023_V70_D0120_P1__G29__ch5__nav_sage_v2__ingestion_20260825_event_path_v1__candidate_1646,F1023_V70_D0120_P1__G29__ch5__nav_sage_v2__ingestion_20260825_event_path_v1,F1023_V70_D0120_P1,G29,1646,70.0350635386119,2,1,3,1,rejected_candidate,F1023_V70_D0120_P1__G29__ch5__nav_sage_v2__ingestion_20260825_event_path_v1__event_1646,scenes/F1023_V70_D0120_P1/sage_results/nav_sage_v2/G29/stage3_reliable_centers.csv,312ae0d91679113ded76255c8a2b917aa6abade24990670a61686c980bc06f04,5,eligible_pending_modeling_qa,sage-event-path-db-v1
F1023_V70_D0120_P1__G29__ch5__nav_sage_v2__ingestion_20260825_event_path_v1__candidate_2098,F1023_V70_D0120_P1__G29__ch5__nav_sage_v2__ingestion_20260825_event_path_v1,F1023_V70_D0120_P1,G29,2098,79.0751086021505,2,1,3,1,rejected_candidate,F1023_V70_D0120_P1__G29__ch5__nav_sage_v2__ingestion_20260825_event_path_v1__event_2098,scenes/F1023_V70_D0120_P1/sage_results/nav_sage_v2/G29/stage3_reliable_centers.csv,312ae0d91679113ded76255c8a2b917aa6abade24990670a61686c980bc06f04,6,eligible_pending_modeling_qa,sage-event-path-db-v1
F1023_V70_D0120_P1__G29__ch5__nav_sage_v2__ingestion_20260825_event_path_v1__candidate_2100,F1023_V70_D0120_P1__G29__ch5__nav_sage_v2__ingestion_20260825_event_path_v1,F1023_V70_D0120_P1,G29,2100,79.115108797654,2,1,3,1,rejected_candidate,F1023_V70_D0120_P1__G29__ch5__nav_sage_v2__ingestion_20260825_event_path_v1__event_2100,scenes/F1023_V70_D0120_P1/sage_results/nav_sage_v2/G29/stage3_reliable_centers.csv,312ae0d91679113ded76255c8a2b917aa6abade24990670a61686c980bc06f04,7,eligible_pending_modeling_qa,sage-event-path-db-v1
F1023_V70_D0120_P1__G29__ch5__nav_sage_v2__ingestion_20260825_event_path_v1__candidate_2593,F1023_V70_D0120_P1__G29__ch5__nav_sage_v2__ingestion_20260825_event_path_v1,F1023_V70_D0120_P1,G29,2593,88.9751580645161,2,1,3,1,confirmed_multipath,F1023_V70_D0120_P1__G29__ch5__nav_sage_v2__ingestion_20260825_event_path_v1__event_2593,scenes/F1023_V70_D0120_P1/sage_results/nav_sage_v2/G29/stage3_reliable_centers.csv,312ae0d91679113ded76255c8a2b917aa6abade24990670a61686c980bc06f04,8,eligible_pending_modeling_qa,sage-event-path-db-v1
F1023_V70_D0120_P1__G29__ch5__nav_sage_v2__ingestion_20260825_event_path_v1__candidate_2594,F1023_V70_D0120_P1__G29__ch5__nav_sage_v2__ingestion_20260825_event_path_v1,F1023_V70_D0120_P1,G29,2594,88.9951582600196,2,1,3,1,confirmed_multipath,F1023_V70_D0120_P1__G29__ch5__nav_sage_v2__ingestion_20260825_event_path_v1__event_2594,scenes/F1023_V70_D0120_P1/sage_results/nav_sage_v2/G29/stage3_reliable_centers.csv,312ae0d91679113ded76255c8a2b917aa6abade24990670a61686c980bc06f04,9,eligible_pending_modeling_qa,sage-event-path-db-v1
F1023_V70_D0120_P1__G31__ch9__nav_sage_v2__ingestion_20260825_event_path_v1__candidate_540,F1023_V70_D0120_P1__G31__ch9__nav_sage_v2__ingestion_20260825_event_path_v1,F1023_V70_D0120_P1,G31,540,77.9152038123167,3,2,3,1,rejected_candidate,F1023_V70_D0120_P1__G31__ch9__nav_sage_v2__ingestion_20260825_event_path_v1__event_540,scenes/F1023_V70_D0120_P1/sage_results/nav_sage_v2/G31/stage3_reliable_centers.csv,364779358264251a6f100165b654f80cfd821d64bbfac3e0f64dfd5a4a030526,2,eligible_pending_modeling_qa,sage-event-path-db-v1
F1023_V70_D0120_P1__G31__ch9__nav_sage_v2__ingestion_20260825_event_path_v1__candidate_783,F1023_V70_D0120_P1__G31__ch9__nav_sage_v2__ingestion_20260825_event_path_v1,F1023_V70_D0120_P1,G31,783,82.775228054741,3,2,3,1,rejected_candidate,F1023_V70_D0120_P1__G31__ch9__nav_sage_v2__ingestion_20260825_event_path_v1__event_783,scenes/F1023_V70_D0120_P1/sage_results/nav_sage_v2/G31/stage3_reliable_centers.csv,364779358264251a6f100165b654f80cfd821d64bbfac3e0f64dfd5a4a030526,3,eligible_pending_modeling_qa,sage-event-path-db-v1
F1023_V70_D0120_P1__G31__ch9__nav_sage_v2__ingestion_20260825_event_path_v1__candidate_784,F1023_V70_D0120_P1__G31__ch9__nav_sage_v2__ingestion_20260825_event_path_v1,F1023_V70_D0120_P1,G31,784,82.7952281524927,3,2,3,1,confirmed_multipath,F1023_V70_D0120_P1__G31__ch9__nav_sage_v2__ingestion_20260825_event_path_v1__event_784,scenes/F1023_V70_D0120_P1/sage_results/nav_sage_v2/G31/stage3_reliable_centers.csv,364779358264251a6f100165b654f80cfd821d64bbfac3e0f64dfd5a4a030526,4,eligible_pending_modeling_qa,sage-event-path-db-v1
F1023_V70_D0120_P1__G31__ch9__nav_sage_v2__ingestion_20260825_event_path_v1__candidate_785,F1023_V70_D0120_P1__G31__ch9__nav_sage_v2__ingestion_20260825_event_path_v1,F1023_V70_D0120_P1,G31,785,82.8152282502444,3,2,3,1,rejected_candidate,F1023_V70_D0120_P1__G31__ch9__nav_sage_v2__ingestion_20260825_event_path_v1__event_785,scenes/F1023_V70_D0120_P1/sage_results/nav_sage_v2/G31/stage3_reliable_centers.csv,364779358264251a6f100165b654f80cfd821d64bbfac3e0f64dfd5a4a030526,5,eligible_pending_modeling_qa,sage-event-path-db-v1
F1023_V70_D0120_P1__G31__ch9__nav_sage_v2__ingestion_20260825_event_path_v1__candidate_157,F1023_V70_D0120_P1__G31__ch9__nav_sage_v2__ingestion_20260825_event_path_v1,F1023_V70_D0120_P1,G31,157,70.2551654936461,2,1,4,1,rejected_candidate,F1023_V70_D0120_P1__G31__ch9__nav_sage_v2__ingestion_20260825_event_path_v1__event_157,scenes/F1023_V70_D0120_P1/sage_results/nav_sage_v2/G31/stage3_reliable_centers.csv,364779358264251a6f100165b654f80cfd821d64bbfac3e0f64dfd5a4a030526,6,eligible_pending_modeling_qa,sage-event-path-db-v1
F1023_V70_D0120_P1__G31__ch9__nav_sage_v2__ingestion_20260825_event_path_v1__candidate_469,F1023_V70_D0120_P1__G31__ch9__nav_sage_v2__ingestion_20260825_event_path_v1,F1023_V70_D0120_P1,G31,469,76.4951966764418,2,1,4,1,confirmed_multipath,F1023_V70_D0120_P1__G31__ch9__nav_sage_v2__ingestion_20260825_event_path_v1__event_469,scenes/F1023_V70_D0120_P1/sage_results/nav_sage_v2/G31/stage3_reliable_centers.csv,364779358264251a6f100165b654f80cfd821d64bbfac3e0f64dfd5a4a030526,7,eligible_pending_modeling_qa,sage-event-path-db-v1
F1023_V70_D0120_P1__G31__ch9__nav_sage_v2__ingestion_20260825_event_path_v1__candidate_471,F1023_V70_D0120_P1__G31__ch9__nav_sage_v2__ingestion_20260825_event_path_v1,F1023_V70_D0120_P1,G31,471,76.5351968719453,2,1,4,1,confirmed_multipath,F1023_V70_D0120_P1__G31__ch9__nav_sage_v2__ingestion_20260825_event_path_v1__event_471,scenes/F1023_V70_D0120_P1/sage_results/nav_sage_v2/G31/stage3_reliable_centers.csv,364779358264251a6f100165b654f80cfd821d64bbfac3e0f64dfd5a4a030526,8,eligible_pending_modeling_qa,sage-event-path-db-v1
F1023_V70_D0120_P1__G31__ch9__nav_sage_v2__ingestion_20260825_event_path_v1__candidate_594,F1023_V70_D0120_P1__G31__ch9__nav_sage_v2__ingestion_20260825_event_path_v1,F1023_V70_D0120_P1,G31,594,78.9952091886608,2,1,4,1,confirmed_multipath,F1023_V70_D0120_P1__G31__ch9__nav_sage_v2__ingestion_20260825_event_path_v1__event_594,scenes/F1023_V70_D0120_P1/sage_results/nav_sage_v2/G31/stage3_reliable_centers.csv,364779358264251a6f100165b654f80cfd821d64bbfac3e0f64dfd5a4a030526,9,eligible_pending_modeling_qa,sage-event-path-db-v1
F1023_V70_D0120_P1__G31__ch9__nav_sage_v2__ingestion_20260825_event_path_v1__candidate_595,F1023_V70_D0120_P1__G31__ch9__nav_sage_v2__ingestion_20260825_event_path_v1,F1023_V70_D0120_P1,G31,595,79.0152092864125,2,1,4,1,not_joint_evaluated,,scenes/F1023_V70_D0120_P1/sage_results/nav_sage_v2/G31/stage3_reliable_centers.csv,364779358264251a6f100165b654f80cfd821d64bbfac3e0f64dfd5a4a030526,10,eligible_pending_modeling_qa,sage-event-path-db-v1
F1023_V70_D0120_P1__G31__ch9__nav_sage_v2__ingestion_20260825_event_path_v1__candidate_159,F1023_V70_D0120_P1__G31__ch9__nav_sage_v2__ingestion_20260825_event_path_v1,F1023_V70_D0120_P1,G31,159,70.2951656891496,2,1,3,1,not_joint_evaluated,,scenes/F1023_V70_D0120_P1/sage_results/nav_sage_v2/G31/stage3_reliable_centers.csv,364779358264251a6f100165b654f80cfd821d64bbfac3e0f64dfd5a4a030526,11,eligible_pending_modeling_qa,sage-event-path-db-v1
F1023_V70_D0120_P1__G31__ch9__nav_sage_v2__ingestion_20260825_event_path_v1__candidate_472,F1023_V70_D0120_P1__G31__ch9__nav_sage_v2__ingestion_20260825_event_path_v1,F1023_V70_D0120_P1,G31,472,76.555196969697,2,1,3,1,not_joint_evaluated,,scenes/F1023_V70_D0120_P1/sage_results/nav_sage_v2/G31/stage3_reliable_centers.csv,364779358264251a6f100165b654f80cfd821d64bbfac3e0f64dfd5a4a030526,12,eligible_pending_modeling_qa,sage-event-path-db-v1
F1023_V70_D0120_P1__G31__ch9__nav_sage_v2__ingestion_20260825_event_path_v1__candidate_596,F1023_V70_D0120_P1__G31__ch9__nav_sage_v2__ingestion_20260825_event_path_v1,F1023_V70_D0120_P1,G31,596,79.0352093841642,2,1,3,1,not_joint_evaluated,,scenes/F1023_V70_D0120_P1/sage_results/nav_sage_v2/G31/stage3_reliable_centers.csv,364779358264251a6f100165b654f80cfd821d64bbfac3e0f64dfd5a4a030526,13,eligible_pending_modeling_qa,sage-event-path-db-v1
F1023_V70_D0120_P1__G31__ch9__nav_sage_v2__ingestion_20260825_event_path_v1__candidate_610,F1023_V70_D0120_P1__G31__ch9__nav_sage_v2__ingestion_20260825_event_path_v1,F1023_V70_D0120_P1,G31,610,79.3152107526882,2,1,3,1,not_joint_evaluated,,scenes/F1023_V70_D0120_P1/sage_results/nav_sage_v2/G31/stage3_reliable_centers.csv,364779358264251a6f100165b654f80cfd821d64bbfac3e0f64dfd5a4a030526,14,eligible_pending_modeling_qa,sage-event-path-db-v1
F1023_V70_D0120_P1__G31__ch9__nav_sage_v2__ingestion_20260825_event_path_v1__candidate_611,F1023_V70_D0120_P1__G31__ch9__nav_sage_v2__ingestion_20260825_event_path_v1,F1023_V70_D0120_P1,G31,611,79.3352108504399,2,1,3,1,not_joint_evaluated,,scenes/F1023_V70_D0120_P1/sage_results/nav_sage_v2/G31/stage3_reliable_centers.csv,364779358264251a6f100165b654f80cfd821d64bbfac3e0f64dfd5a4a030526,15,eligible_pending_modeling_qa,sage-event-path-db-v1
F1023_V70_D0120_P1__G31__ch9__nav_sage_v2__ingestion_20260825_event_path_v1__candidate_787,F1023_V70_D0120_P1__G31__ch9__nav_sage_v2__ingestion_20260825_event_path_v1,F1023_V70_D0120_P1,G31,787,82.8552284457478,2,1,3,1,not_joint_evaluated,,scenes/F1023_V70_D0120_P1/sage_results/nav_sage_v2/G31/stage3_reliable_centers.csv,364779358264251a6f100165b654f80cfd821d64bbfac3e0f64dfd5a4a030526,16,eligible_pending_modeling_qa,sage-event-path-db-v1
F1023_V70_D0120_P1__G31__ch9__nav_sage_v2__ingestion_20260825_event_path_v1__candidate_1081,F1023_V70_D0120_P1__G31__ch9__nav_sage_v2__ingestion_20260825_event_path_v1,F1023_V70_D0120_P1,G31,1081,88.7352578690127,2,1,3,1,not_joint_evaluated,,scenes/F1023_V70_D0120_P1/sage_results/nav_sage_v2/G31/stage3_reliable_centers.csv,364779358264251a6f100165b654f80cfd821d64bbfac3e0f64dfd5a4a030526,17,eligible_pending_modeling_qa,sage-event-path-db-v1
F1023_V70_D0120_P5__G18__ch2__nav_sage_v2__ingestion_20260825_event_path_v1__candidate_1086,F1023_V70_D0120_P5__G18__ch2__nav_sage_v2__ingestion_20260825_event_path_v1,F1023_V70_D0120_P5,G18,1086,59.5366983382209,4,3,3,1,rejected_candidate,F1023_V70_D0120_P5__G18__ch2__nav_sage_v2__ingestion_20260825_event_path_v1__event_1086,scenes/F1023_V70_D0120_P5/sage_results/nav_sage_v2/G18/stage3_reliable_centers.csv,e93c9f0f76710e01899119b96c115fb684d8e7dd30bf8c5aaf5bae0e62ddafb5,2,eligible_pending_modeling_qa,sage-event-path-db-v1
F1023_V70_D0120_P5__G18__ch2__nav_sage_v2__ingestion_20260825_event_path_v1__candidate_1087,F1023_V70_D0120_P5__G18__ch2__nav_sage_v2__ingestion_20260825_event_path_v1,F1023_V70_D0120_P5,G18,1087,59.5566984359726,4,3,3,1,rejected_candidate,F1023_V70_D0120_P5__G18__ch2__nav_sage_v2__ingestion_20260825_event_path_v1__event_1087,scenes/F1023_V70_D0120_P5/sage_results/nav_sage_v2/G18/stage3_reliable_centers.csv,e93c9f0f76710e01899119b96c115fb684d8e7dd30bf8c5aaf5bae0e62ddafb5,3,eligible_pending_modeling_qa,sage-event-path-db-v1
F1023_V70_D0120_P5__G18__ch2__nav_sage_v2__ingestion_20260825_event_path_v1__candidate_1088,F1023_V70_D0120_P5__G18__ch2__nav_sage_v2__ingestion_20260825_event_path_v1,F1023_V70_D0120_P5,G18,1088,59.5766984359726,4,3,3,1,rejected_candidate,F1023_V70_D0120_P5__G18__ch2__nav_sage_v2__ingestion_20260825_event_path_v1__event_1088,scenes/F1023_V70_D0120_P5/sage_results/nav_sage_v2/G18/stage3_reliable_centers.csv,e93c9f0f76710e01899119b96c115fb684d8e7dd30bf8c5aaf5bae0e62ddafb5,4,eligible_pending_modeling_qa,sage-event-path-db-v1
F1023_V70_D0120_P5__G18__ch2__nav_sage_v2__ingestion_20260825_event_path_v1__candidate_874,F1023_V70_D0120_P5__G18__ch2__nav_sage_v2__ingestion_20260825_event_path_v1,F1023_V70_D0120_P5,G18,874,55.2966860215054,2,1,3,1,confirmed_multipath,F1023_V70_D0120_P5__G18__ch2__nav_sage_v2__ingestion_20260825_event_path_v1__event_874,scenes/F1023_V70_D0120_P5/sage_results/nav_sage_v2/G18/stage3_reliable_centers.csv,e93c9f0f76710e01899119b96c115fb684d8e7dd30bf8c5aaf5bae0e62ddafb5,5,eligible_pending_modeling_qa,sage-event-path-db-v1
F1023_V70_D0120_P5__G23__ch0__nav_sage_v2__ingestion_20260825_event_path_v1__candidate_178,F1023_V70_D0120_P5__G23__ch0__nav_sage_v2__ingestion_20260825_event_path_v1,F1023_V70_D0120_P5,G23,178,53.3878809384164,2,1,4,1,rejected_candidate,F1023_V70_D0120_P5__G23__ch0__nav_sage_v2__ingestion_20260825_event_path_v1__event_178,scenes/F1023_V70_D0120_P5/sage_results/nav_sage_v2/G23/stage3_reliable_centers.csv,a5c36f9eb7c969aed2f2e14c13ee7764c4611cc7b32a677af41c6c4c9fb45206,2,eligible_pending_modeling_qa,sage-event-path-db-v1
F1023_V70_D0120_P5__G23__ch0__nav_sage_v2__ingestion_20260825_event_path_v1__candidate_16,F1023_V70_D0120_P5__G23__ch0__nav_sage_v2__ingestion_20260825_event_path_v1,F1023_V70_D0120_P5,G23,16,50.1478775171066,2,1,3,1,rejected_candidate,F1023_V70_D0120_P5__G23__ch0__nav_sage_v2__ingestion_20260825_event_path_v1__event_16,scenes/F1023_V70_D0120_P5/sage_results/nav_sage_v2/G23/stage3_reliable_centers.csv,a5c36f9eb7c969aed2f2e14c13ee7764c4611cc7b32a677af41c6c4c9fb45206,3,eligible_pending_modeling_qa,sage-event-path-db-v1
F1023_V70_D0120_P5__G23__ch0__nav_sage_v2__ingestion_20260825_event_path_v1__candidate_17,F1023_V70_D0120_P5__G23__ch0__nav_sage_v2__ingestion_20260825_event_path_v1,F1023_V70_D0120_P5,G23,17,50.1678775171065,2,1,3,1,rejected_candidate,F1023_V70_D0120_P5__G23__ch0__nav_sage_v2__ingestion_20260825_event_path_v1__event_17,scenes/F1023_V70_D0120_P5/sage_results/nav_sage_v2/G23/stage3_reliable_centers.csv,a5c36f9eb7c969aed2f2e14c13ee7764c4611cc7b32a677af41c6c4c9fb45206,4,eligible_pending_modeling_qa,sage-event-path-db-v1
F1023_V70_D0120_P5__G23__ch0__nav_sage_v2__ingestion_20260825_event_path_v1__candidate_18,F1023_V70_D0120_P5__G23__ch0__nav_sage_v2__ingestion_20260825_event_path_v1,F1023_V70_D0120_P5,G23,18,50.1878776148583,2,1,3,1,rejected_candidate,F1023_V70_D0120_P5__G23__ch0__nav_sage_v2__ingestion_20260825_event_path_v1__event_18,scenes/F1023_V70_D0120_P5/sage_results/nav_sage_v2/G23/stage3_reliable_centers.csv,a5c36f9eb7c969aed2f2e14c13ee7764c4611cc7b32a677af41c6c4c9fb45206,5,eligible_pending_modeling_qa,sage-event-path-db-v1
F1023_V70_D0120_P5__G23__ch0__nav_sage_v2__ingestion_20260825_event_path_v1__candidate_65,F1023_V70_D0120_P5__G23__ch0__nav_sage_v2__ingestion_20260825_event_path_v1,F1023_V70_D0120_P5,G23,65,51.1278785923754,2,1,3,1,rejected_candidate,F1023_V70_D0120_P5__G23__ch0__nav_sage_v2__ingestion_20260825_event_path_v1__event_65,scenes/F1023_V70_D0120_P5/sage_results/nav_sage_v2/G23/stage3_reliable_centers.csv,a5c36f9eb7c969aed2f2e14c13ee7764c4611cc7b32a677af41c6c4c9fb45206,6,eligible_pending_modeling_qa,sage-event-path-db-v1
F1023_V70_D0120_P5__G23__ch0__nav_sage_v2__ingestion_20260825_event_path_v1__candidate_66,F1023_V70_D0120_P5__G23__ch0__nav_sage_v2__ingestion_20260825_event_path_v1,F1023_V70_D0120_P5,G23,66,51.1478785923754,2,1,3,1,rejected_candidate,F1023_V70_D0120_P5__G23__ch0__nav_sage_v2__ingestion_20260825_event_path_v1__event_66,scenes/F1023_V70_D0120_P5/sage_results/nav_sage_v2/G23/stage3_reliable_centers.csv,a5c36f9eb7c969aed2f2e14c13ee7764c4611cc7b32a677af41c6c4c9fb45206,7,eligible_pending_modeling_qa,sage-event-path-db-v1
F1023_V70_D0120_P5__G23__ch0__nav_sage_v2__ingestion_20260825_event_path_v1__candidate_67,F1023_V70_D0120_P5__G23__ch0__nav_sage_v2__ingestion_20260825_event_path_v1,F1023_V70_D0120_P5,G23,67,51.1678785923754,2,1,3,1,rejected_candidate,F1023_V70_D0120_P5__G23__ch0__nav_sage_v2__ingestion_20260825_event_path_v1__event_67,scenes/F1023_V70_D0120_P5/sage_results/nav_sage_v2/G23/stage3_reliable_centers.csv,a5c36f9eb7c969aed2f2e14c13ee7764c4611cc7b32a677af41c6c4c9fb45206,8,eligible_pending_modeling_qa,sage-event-path-db-v1
F1023_V70_D0120_P5__G23__ch0__nav_sage_v2__ingestion_20260825_event_path_v1__candidate_84,F1023_V70_D0120_P5__G23__ch0__nav_sage_v2__ingestion_20260825_event_path_v1,F1023_V70_D0120_P5,G23,84,51.5078789833822,2,1,3,1,rejected_candidate,F1023_V70_D0120_P5__G23__ch0__nav_sage_v2__ingestion_20260825_event_path_v1__event_84,scenes/F1023_V70_D0120_P5/sage_results/nav_sage_v2/G23/stage3_reliable_centers.csv,a5c36f9eb7c969aed2f2e14c13ee7764c4611cc7b32a677af41c6c4c9fb45206,9,eligible_pending_modeling_qa,sage-event-path-db-v1
F1023_V70_D0120_P5__G23__ch0__nav_sage_v2__ingestion_20260825_event_path_v1__candidate_87,F1023_V70_D0120_P5__G23__ch0__nav_sage_v2__ingestion_20260825_event_path_v1,F1023_V70_D0120_P5,G23,87,51.5678790811339,2,1,3,1,not_joint_evaluated,,scenes/F1023_V70_D0120_P5/sage_results/nav_sage_v2/G23/stage3_reliable_centers.csv,a5c36f9eb7c969aed2f2e14c13ee7764c4611cc7b32a677af41c6c4c9fb45206,10,eligible_pending_modeling_qa,sage-event-path-db-v1
F1023_V70_D0120_P5__G23__ch0__nav_sage_v2__ingestion_20260825_event_path_v1__candidate_177,F1023_V70_D0120_P5__G23__ch0__nav_sage_v2__ingestion_20260825_event_path_v1,F1023_V70_D0120_P5,G23,177,53.3678809384164,2,1,3,1,not_joint_evaluated,,scenes/F1023_V70_D0120_P5/sage_results/nav_sage_v2/G23/stage3_reliable_centers.csv,a5c36f9eb7c969aed2f2e14c13ee7764c4611cc7b32a677af41c6c4c9fb45206,11,eligible_pending_modeling_qa,sage-event-path-db-v1
F1023_V70_D0120_P5__G26__ch7__nav_sage_v2__ingestion_20260825_event_path_v1__candidate_122,F1023_V70_D0120_P5__G26__ch7__nav_sage_v2__ingestion_20260825_event_path_v1,F1023_V70_D0120_P5,G26,122,40.2558809384164,4,3,4,1,rejected_candidate,F1023_V70_D0120_P5__G26__ch7__nav_sage_v2__ingestion_20260825_event_path_v1__event_122,scenes/F1023_V70_D0120_P5/sage_results/nav_sage_v2/G26/stage3_reliable_centers.csv,d79458b79c9c5ae865842f65431be1def12ee3ea1bc338741e55dd25071adca6,2,eligible_pending_modeling_qa,sage-event-path-db-v1
F1023_V70_D0120_P5__G26__ch7__nav_sage_v2__ingestion_20260825_event_path_v1__candidate_123,F1023_V70_D0120_P5__G26__ch7__nav_sage_v2__ingestion_20260825_event_path_v1,F1023_V70_D0120_P5,G26,123,40.2758810361681,4,3,4,1,rejected_candidate,F1023_V70_D0120_P5__G26__ch7__nav_sage_v2__ingestion_20260825_event_path_v1__event_123,scenes/F1023_V70_D0120_P5/sage_results/nav_sage_v2/G26/stage3_reliable_centers.csv,d79458b79c9c5ae865842f65431be1def12ee3ea1bc338741e55dd25071adca6,3,eligible_pending_modeling_qa,sage-event-path-db-v1
F1023_V70_D0120_P5__G26__ch7__nav_sage_v2__ingestion_20260825_event_path_v1__candidate_121,F1023_V70_D0120_P5__G26__ch7__nav_sage_v2__ingestion_20260825_event_path_v1,F1023_V70_D0120_P5,G26,121,40.2358809384164,4,3,3,1,rejected_candidate,F1023_V70_D0120_P5__G26__ch7__nav_sage_v2__ingestion_20260825_event_path_v1__event_121,scenes/F1023_V70_D0120_P5/sage_results/nav_sage_v2/G26/stage3_reliable_centers.csv,d79458b79c9c5ae865842f65431be1def12ee3ea1bc338741e55dd25071adca6,4,eligible_pending_modeling_qa,sage-event-path-db-v1
F1023_V70_D0120_P5__G26__ch7__nav_sage_v2__ingestion_20260825_event_path_v1__candidate_124,F1023_V70_D0120_P5__G26__ch7__nav_sage_v2__ingestion_20260825_event_path_v1,F1023_V70_D0120_P5,G26,124,40.2958811339198,4,3,3,1,confirmed_multipath,F1023_V70_D0120_P5__G26__ch7__nav_sage_v2__ingestion_20260825_event_path_v1__event_124,scenes/F1023_V70_D0120_P5/sage_results/nav_sage_v2/G26/stage3_reliable_centers.csv,d79458b79c9c5ae865842f65431be1def12ee3ea1bc338741e55dd25071adca6,5,eligible_pending_modeling_qa,sage-event-path-db-v1
F1023_V70_D0120_P5__G26__ch7__nav_sage_v2__ingestion_20260825_event_path_v1__candidate_136,F1023_V70_D0120_P5__G26__ch7__nav_sage_v2__ingestion_20260825_event_path_v1,F1023_V70_D0120_P5,G26,136,40.5358819159335,4,3,3,1,rejected_candidate,F1023_V70_D0120_P5__G26__ch7__nav_sage_v2__ingestion_20260825_event_path_v1__event_136,scenes/F1023_V70_D0120_P5/sage_results/nav_sage_v2/G26/stage3_reliable_centers.csv,d79458b79c9c5ae865842f65431be1def12ee3ea1bc338741e55dd25071adca6,6,eligible_pending_modeling_qa,sage-event-path-db-v1
F1023_V70_D0120_P5__G26__ch7__nav_sage_v2__ingestion_20260825_event_path_v1__candidate_137,F1023_V70_D0120_P5__G26__ch7__nav_sage_v2__ingestion_20260825_event_path_v1,F1023_V70_D0120_P5,G26,137,40.5558820136852,4,3,3,1,rejected_candidate,F1023_V70_D0120_P5__G26__ch7__nav_sage_v2__ingestion_20260825_event_path_v1__event_137,scenes/F1023_V70_D0120_P5/sage_results/nav_sage_v2/G26/stage3_reliable_centers.csv,d79458b79c9c5ae865842f65431be1def12ee3ea1bc338741e55dd25071adca6,7,eligible_pending_modeling_qa,sage-event-path-db-v1
F1023_V70_D0120_P5__G26__ch7__nav_sage_v2__ingestion_20260825_event_path_v1__candidate_138,F1023_V70_D0120_P5__G26__ch7__nav_sage_v2__ingestion_20260825_event_path_v1,F1023_V70_D0120_P5,G26,138,40.5758821114369,4,3,3,1,rejected_candidate,F1023_V70_D0120_P5__G26__ch7__nav_sage_v2__ingestion_20260825_event_path_v1__event_138,scenes/F1023_V70_D0120_P5/sage_results/nav_sage_v2/G26/stage3_reliable_centers.csv,d79458b79c9c5ae865842f65431be1def12ee3ea1bc338741e55dd25071adca6,8,eligible_pending_modeling_qa,sage-event-path-db-v1
F1023_V70_D0120_P5__G26__ch7__nav_sage_v2__ingestion_20260825_event_path_v1__candidate_286,F1023_V70_D0120_P5__G26__ch7__nav_sage_v2__ingestion_20260825_event_path_v1,F1023_V70_D0120_P5,G26,286,43.5358921798631,4,3,3,1,confirmed_multipath,F1023_V70_D0120_P5__G26__ch7__nav_sage_v2__ingestion_20260825_event_path_v1__event_286,scenes/F1023_V70_D0120_P5/sage_results/nav_sage_v2/G26/stage3_reliable_centers.csv,d79458b79c9c5ae865842f65431be1def12ee3ea1bc338741e55dd25071adca6,9,eligible_pending_modeling_qa,sage-event-path-db-v1
F1023_V70_D0120_P5__G26__ch7__nav_sage_v2__ingestion_20260825_event_path_v1__candidate_287,F1023_V70_D0120_P5__G26__ch7__nav_sage_v2__ingestion_20260825_event_path_v1,F1023_V70_D0120_P5,G26,287,43.5558922776149,4,3,3,1,not_joint_evaluated,,scenes/F1023_V70_D0120_P5/sage_results/nav_sage_v2/G26/stage3_reliable_centers.csv,d79458b79c9c5ae865842f65431be1def12ee3ea1bc338741e55dd25071adca6,10,eligible_pending_modeling_qa,sage-event-path-db-v1
F1023_V70_D0120_P5__G26__ch7__nav_sage_v2__ingestion_20260825_event_path_v1__candidate_288,F1023_V70_D0120_P5__G26__ch7__nav_sage_v2__ingestion_20260825_event_path_v1,F1023_V70_D0120_P5,G26,288,43.5758923753666,4,3,3,1,not_joint_evaluated,,scenes/F1023_V70_D0120_P5/sage_results/nav_sage_v2/G26/stage3_reliable_centers.csv,d79458b79c9c5ae865842f65431be1def12ee3ea1bc338741e55dd25071adca6,11,eligible_pending_modeling_qa,sage-event-path-db-v1
F1023_V70_D0120_P5__G26__ch7__nav_sage_v2__ingestion_20260825_event_path_v1__candidate_609,F1023_V70_D0120_P5__G26__ch7__nav_sage_v2__ingestion_20260825_event_path_v1,F1023_V70_D0120_P5,G26,609,49.9959142717498,4,3,3,1,not_joint_evaluated,,scenes/F1023_V70_D0120_P5/sage_results/nav_sage_v2/G26/stage3_reliable_centers.csv,d79458b79c9c5ae865842f65431be1def12ee3ea1bc338741e55dd25071adca6,12,eligible_pending_modeling_qa,sage-event-path-db-v1
F1023_V70_D0120_P5__G26__ch7__nav_sage_v2__ingestion_20260825_event_path_v1__candidate_903,F1023_V70_D0120_P5__G26__ch7__nav_sage_v2__ingestion_20260825_event_path_v1,F1023_V70_D0120_P5,G26,903,55.8759344086021,2,1,3,1,not_joint_evaluated,,scenes/F1023_V70_D0120_P5/sage_results/nav_sage_v2/G26/stage3_reliable_centers.csv,d79458b79c9c5ae865842f65431be1def12ee3ea1bc338741e55dd25071adca6,13,eligible_pending_modeling_qa,sage-event-path-db-v1
F1023_V70_D0120_P5__G26__ch7__nav_sage_v2__ingestion_20260825_event_path_v1__candidate_906,F1023_V70_D0120_P5__G26__ch7__nav_sage_v2__ingestion_20260825_event_path_v1,F1023_V70_D0120_P5,G26,906,55.9359346041056,2,1,3,1,not_joint_evaluated,,scenes/F1023_V70_D0120_P5/sage_results/nav_sage_v2/G26/stage3_reliable_centers.csv,d79458b79c9c5ae865842f65431be1def12ee3ea1bc338741e55dd25071adca6,14,eligible_pending_modeling_qa,sage-event-path-db-v1
F1023_V70_D0120_P7__G18__ch4__nav_sage_v2__ingestion_20260825_event_path_v1__candidate_145,F1023_V70_D0120_P7__G18__ch4__nav_sage_v2__ingestion_20260825_event_path_v1,F1023_V70_D0120_P7,G18,145,44.6613853372434,3,2,3,1,rejected_candidate,F1023_V70_D0120_P7__G18__ch4__nav_sage_v2__ingestion_20260825_event_path_v1__event_145,scenes/F1023_V70_D0120_P7/sage_results/nav_sage_v2/G18/stage3_reliable_centers.csv,5f122ce6fff4aec1a870c3066f1550c6a86bd89e2aba0e78f07ced60dd55d857,2,eligible_pending_modeling_qa,sage-event-path-db-v1
F1023_V70_D0120_P7__G18__ch4__nav_sage_v2__ingestion_20260825_event_path_v1__candidate_352,F1023_V70_D0120_P7__G18__ch4__nav_sage_v2__ingestion_20260825_event_path_v1,F1023_V70_D0120_P7,G18,352,48.8013979472141,3,2,3,1,rejected_candidate,F1023_V70_D0120_P7__G18__ch4__nav_sage_v2__ingestion_20260825_event_path_v1__event_352,scenes/F1023_V70_D0120_P7/sage_results/nav_sage_v2/G18/stage3_reliable_centers.csv,5f122ce6fff4aec1a870c3066f1550c6a86bd89e2aba0e78f07ced60dd55d857,3,eligible_pending_modeling_qa,sage-event-path-db-v1
F1023_V70_D0120_P7__G18__ch4__nav_sage_v2__ingestion_20260825_event_path_v1__candidate_982,F1023_V70_D0120_P7__G18__ch4__nav_sage_v2__ingestion_20260825_event_path_v1,F1023_V70_D0120_P7,G18,982,61.4014362658847,3,2,3,1,rejected_candidate,F1023_V70_D0120_P7__G18__ch4__nav_sage_v2__ingestion_20260825_event_path_v1__event_982,scenes/F1023_V70_D0120_P7/sage_results/nav_sage_v2/G18/stage3_reliable_centers.csv,5f122ce6fff4aec1a870c3066f1550c6a86bd89e2aba0e78f07ced60dd55d857,4,eligible_pending_modeling_qa,sage-event-path-db-v1
F1023_V70_D0120_P7__G18__ch4__nav_sage_v2__ingestion_20260825_event_path_v1__candidate_84,F1023_V70_D0120_P7__G18__ch4__nav_sage_v2__ingestion_20260825_event_path_v1,F1023_V70_D0120_P7,G18,84,43.4413816226784,2,1,4,1,confirmed_multipath,F1023_V70_D0120_P7__G18__ch4__nav_sage_v2__ingestion_20260825_event_path_v1__event_84,scenes/F1023_V70_D0120_P7/sage_results/nav_sage_v2/G18/stage3_reliable_centers.csv,5f122ce6fff4aec1a870c3066f1550c6a86bd89e2aba0e78f07ced60dd55d857,5,eligible_pending_modeling_qa,sage-event-path-db-v1
F1023_V70_D0120_P7__G18__ch4__nav_sage_v2__ingestion_20260825_event_path_v1__candidate_350,F1023_V70_D0120_P7__G18__ch4__nav_sage_v2__ingestion_20260825_event_path_v1,F1023_V70_D0120_P7,G18,350,48.7613977517107,2,1,3,1,rejected_candidate,F1023_V70_D0120_P7__G18__ch4__nav_sage_v2__ingestion_20260825_event_path_v1__event_350,scenes/F1023_V70_D0120_P7/sage_results/nav_sage_v2/G18/stage3_reliable_centers.csv,5f122ce6fff4aec1a870c3066f1550c6a86bd89e2aba0e78f07ced60dd55d857,6,eligible_pending_modeling_qa,sage-event-path-db-v1
F1023_V70_D0120_P7__G18__ch4__nav_sage_v2__ingestion_20260825_event_path_v1__candidate_417,F1023_V70_D0120_P7__G18__ch4__nav_sage_v2__ingestion_20260825_event_path_v1,F1023_V70_D0120_P7,G18,417,50.1014018572825,2,1,3,1,confirmed_multipath,F1023_V70_D0120_P7__G18__ch4__nav_sage_v2__ingestion_20260825_event_path_v1__event_417,scenes/F1023_V70_D0120_P7/sage_results/nav_sage_v2/G18/stage3_reliable_centers.csv,5f122ce6fff4aec1a870c3066f1550c6a86bd89e2aba0e78f07ced60dd55d857,7,eligible_pending_modeling_qa,sage-event-path-db-v1
F1023_V70_D0120_P7__G18__ch4__nav_sage_v2__ingestion_20260825_event_path_v1__candidate_2197,F1023_V70_D0120_P7__G18__ch4__nav_sage_v2__ingestion_20260825_event_path_v1,F1023_V70_D0120_P7,G18,2197,85.7015105571847,2,1,3,1,rejected_candidate,F1023_V70_D0120_P7__G18__ch4__nav_sage_v2__ingestion_20260825_event_path_v1__event_2197,scenes/F1023_V70_D0120_P7/sage_results/nav_sage_v2/G18/stage3_reliable_centers.csv,5f122ce6fff4aec1a870c3066f1550c6a86bd89e2aba0e78f07ced60dd55d857,8,eligible_pending_modeling_qa,sage-event-path-db-v1
F1023_V70_D0120_P7__G26__ch6__nav_sage_v2__ingestion_20260825_event_path_v1__candidate_421,F1023_V70_D0120_P7__G26__ch6__nav_sage_v2__ingestion_20260825_event_path_v1,F1023_V70_D0120_P7,G26,421,50.1807827956989,3,2,3,1,rejected_candidate,F1023_V70_D0120_P7__G26__ch6__nav_sage_v2__ingestion_20260825_event_path_v1__event_421,scenes/F1023_V70_D0120_P7/sage_results/nav_sage_v2/G26/stage3_reliable_centers.csv,306f4e48403d4acf00df159ecbb42da6ccad62ef1d781918c515054e72e29c38,2,eligible_pending_modeling_qa,sage-event-path-db-v1
F1023_V70_D0120_P7__G26__ch6__nav_sage_v2__ingestion_20260825_event_path_v1__candidate_957,F1023_V70_D0120_P7__G26__ch6__nav_sage_v2__ingestion_20260825_event_path_v1,F1023_V70_D0120_P7,G26,957,60.9008208211144,3,2,3,1,rejected_candidate,F1023_V70_D0120_P7__G26__ch6__nav_sage_v2__ingestion_20260825_event_path_v1__event_957,scenes/F1023_V70_D0120_P7/sage_results/nav_sage_v2/G26/stage3_reliable_centers.csv,306f4e48403d4acf00df159ecbb42da6ccad62ef1d781918c515054e72e29c38,3,eligible_pending_modeling_qa,sage-event-path-db-v1
F1023_V70_D0120_P7__G26__ch6__nav_sage_v2__ingestion_20260825_event_path_v1__candidate_958,F1023_V70_D0120_P7__G26__ch6__nav_sage_v2__ingestion_20260825_event_path_v1,F1023_V70_D0120_P7,G26,958,60.9208208211144,3,2,3,1,rejected_candidate,F1023_V70_D0120_P7__G26__ch6__nav_sage_v2__ingestion_20260825_event_path_v1__event_958,scenes/F1023_V70_D0120_P7/sage_results/nav_sage_v2/G26/stage3_reliable_centers.csv,306f4e48403d4acf00df159ecbb42da6ccad62ef1d781918c515054e72e29c38,4,eligible_pending_modeling_qa,sage-event-path-db-v1
F1023_V70_D0120_P7__G26__ch6__nav_sage_v2__ingestion_20260825_event_path_v1__candidate_959,F1023_V70_D0120_P7__G26__ch6__nav_sage_v2__ingestion_20260825_event_path_v1,F1023_V70_D0120_P7,G26,959,60.9408209188661,3,2,3,1,rejected_candidate,F1023_V70_D0120_P7__G26__ch6__nav_sage_v2__ingestion_20260825_event_path_v1__event_959,scenes/F1023_V70_D0120_P7/sage_results/nav_sage_v2/G26/stage3_reliable_centers.csv,306f4e48403d4acf00df159ecbb42da6ccad62ef1d781918c515054e72e29c38,5,eligible_pending_modeling_qa,sage-event-path-db-v1
F1023_V70_D0120_P7__G26__ch6__nav_sage_v2__ingestion_20260825_event_path_v1__candidate_939,F1023_V70_D0120_P7__G26__ch6__nav_sage_v2__ingestion_20260825_event_path_v1,F1023_V70_D0120_P7,G26,939,60.5408195503421,2,1,3,1,rejected_candidate,F1023_V70_D0120_P7__G26__ch6__nav_sage_v2__ingestion_20260825_event_path_v1__event_939,scenes/F1023_V70_D0120_P7/sage_results/nav_sage_v2/G26/stage3_reliable_centers.csv,306f4e48403d4acf00df159ecbb42da6ccad62ef1d781918c515054e72e29c38,6,eligible_pending_modeling_qa,sage-event-path-db-v1
F1023_V70_D0120_P7__G26__ch6__nav_sage_v2__ingestion_20260825_event_path_v1__candidate_956,F1023_V70_D0120_P7__G26__ch6__nav_sage_v2__ingestion_20260825_event_path_v1,F1023_V70_D0120_P7,G26,956,60.8808207233627,2,1,3,1,rejected_candidate,F1023_V70_D0120_P7__G26__ch6__nav_sage_v2__ingestion_20260825_event_path_v1__event_956,scenes/F1023_V70_D0120_P7/sage_results/nav_sage_v2/G26/stage3_reliable_centers.csv,306f4e48403d4acf00df159ecbb42da6ccad62ef1d781918c515054e72e29c38,7,eligible_pending_modeling_qa,sage-event-path-db-v1
F1023_V70_D0120_P7__G31__ch8__nav_sage_v2__ingestion_20260825_event_path_v1__candidate_74,F1023_V70_D0120_P7__G31__ch8__nav_sage_v2__ingestion_20260825_event_path_v1,F1023_V70_D0120_P7,G31,74,43.2490099706745,4,3,4,1,confirmed_multipath,F1023_V70_D0120_P7__G31__ch8__nav_sage_v2__ingestion_20260825_event_path_v1__event_74,scenes/F1023_V70_D0120_P7/sage_results/nav_sage_v2/G31/stage3_reliable_centers.csv,aa9ec830657b0d91c4ea52094e1ba4d161b16bd0e9224195555c37a572abb3f1,2,eligible_pending_modeling_qa,sage-event-path-db-v1
F1023_V70_D0120_P7__G31__ch8__nav_sage_v2__ingestion_20260825_event_path_v1__candidate_75,F1023_V70_D0120_P7__G31__ch8__nav_sage_v2__ingestion_20260825_event_path_v1,F1023_V70_D0120_P7,G31,75,43.2690100684262,4,3,4,1,confirmed_multipath,F1023_V70_D0120_P7__G31__ch8__nav_sage_v2__ingestion_20260825_event_path_v1__event_75,scenes/F1023_V70_D0120_P7/sage_results/nav_sage_v2/G31/stage3_reliable_centers.csv,aa9ec830657b0d91c4ea52094e1ba4d161b16bd0e9224195555c37a572abb3f1,3,eligible_pending_modeling_qa,sage-event-path-db-v1
F1023_V70_D0120_P7__G31__ch8__nav_sage_v2__ingestion_20260825_event_path_v1__candidate_73,F1023_V70_D0120_P7__G31__ch8__nav_sage_v2__ingestion_20260825_event_path_v1,F1023_V70_D0120_P7,G31,73,43.2290098729228,4,3,3,1,rejected_candidate,F1023_V70_D0120_P7__G31__ch8__nav_sage_v2__ingestion_20260825_event_path_v1__event_73,scenes/F1023_V70_D0120_P7/sage_results/nav_sage_v2/G31/stage3_reliable_centers.csv,aa9ec830657b0d91c4ea52094e1ba4d161b16bd0e9224195555c37a572abb3f1,4,eligible_pending_modeling_qa,sage-event-path-db-v1
F1023_V70_D0120_P7__G31__ch8__nav_sage_v2__ingestion_20260825_event_path_v1__candidate_76,F1023_V70_D0120_P7__G31__ch8__nav_sage_v2__ingestion_20260825_event_path_v1,F1023_V70_D0120_P7,G31,76,43.2890101661779,4,3,3,1,confirmed_multipath,F1023_V70_D0120_P7__G31__ch8__nav_sage_v2__ingestion_20260825_event_path_v1__event_76,scenes/F1023_V70_D0120_P7/sage_results/nav_sage_v2/G31/stage3_reliable_centers.csv,aa9ec830657b0d91c4ea52094e1ba4d161b16bd0e9224195555c37a572abb3f1,5,eligible_pending_modeling_qa,sage-event-path-db-v1
F1023_V70_D0120_P7__G31__ch8__nav_sage_v2__ingestion_20260825_event_path_v1__candidate_2093,F1023_V70_D0120_P7__G31__ch8__nav_sage_v2__ingestion_20260825_event_path_v1,F1023_V70_D0120_P7,G31,2093,83.629219941349,3,2,4,1,confirmed_multipath,F1023_V70_D0120_P7__G31__ch8__nav_sage_v2__ingestion_20260825_event_path_v1__event_2093,scenes/F1023_V70_D0120_P7/sage_results/nav_sage_v2/G31/stage3_reliable_centers.csv,aa9ec830657b0d91c4ea52094e1ba4d161b16bd0e9224195555c37a572abb3f1,6,eligible_pending_modeling_qa,sage-event-path-db-v1
F1023_V70_D0120_P7__G31__ch8__nav_sage_v2__ingestion_20260825_event_path_v1__candidate_432,F1023_V70_D0120_P7__G31__ch8__nav_sage_v2__ingestion_20260825_event_path_v1,F1023_V70_D0120_P7,G31,432,50.4090471163245,3,2,3,1,confirmed_multipath,F1023_V70_D0120_P7__G31__ch8__nav_sage_v2__ingestion_20260825_event_path_v1__event_432,scenes/F1023_V70_D0120_P7/sage_results/nav_sage_v2/G31/stage3_reliable_centers.csv,aa9ec830657b0d91c4ea52094e1ba4d161b16bd0e9224195555c37a572abb3f1,7,eligible_pending_modeling_qa,sage-event-path-db-v1
F1023_V70_D0120_P7__G31__ch8__nav_sage_v2__ingestion_20260825_event_path_v1__candidate_957,F1023_V70_D0120_P7__G31__ch8__nav_sage_v2__ingestion_20260825_event_path_v1,F1023_V70_D0120_P7,G31,957,60.9091016617791,3,2,3,1,rejected_candidate,F1023_V70_D0120_P7__G31__ch8__nav_sage_v2__ingestion_20260825_event_path_v1__event_957,scenes/F1023_V70_D0120_P7/sage_results/nav_sage_v2/G31/stage3_reliable_centers.csv,aa9ec830657b0d91c4ea52094e1ba4d161b16bd0e9224195555c37a572abb3f1,8,eligible_pending_modeling_qa,sage-event-path-db-v1
F1023_V70_D0120_P7__G31__ch8__nav_sage_v2__ingestion_20260825_event_path_v1__candidate_958,F1023_V70_D0120_P7__G31__ch8__nav_sage_v2__ingestion_20260825_event_path_v1,F1023_V70_D0120_P7,G31,958,60.9291017595308,3,2,3,1,rejected_candidate,F1023_V70_D0120_P7__G31__ch8__nav_sage_v2__ingestion_20260825_event_path_v1__event_958,scenes/F1023_V70_D0120_P7/sage_results/nav_sage_v2/G31/stage3_reliable_centers.csv,aa9ec830657b0d91c4ea52094e1ba4d161b16bd0e9224195555c37a572abb3f1,9,eligible_pending_modeling_qa,sage-event-path-db-v1
F1023_V70_D0120_P7__G31__ch8__nav_sage_v2__ingestion_20260825_event_path_v1__candidate_959,F1023_V70_D0120_P7__G31__ch8__nav_sage_v2__ingestion_20260825_event_path_v1,F1023_V70_D0120_P7,G31,959,60.9491018572825,3,2,3,1,not_joint_evaluated,,scenes/F1023_V70_D0120_P7/sage_results/nav_sage_v2/G31/stage3_reliable_centers.csv,aa9ec830657b0d91c4ea52094e1ba4d161b16bd0e9224195555c37a572abb3f1,10,eligible_pending_modeling_qa,sage-event-path-db-v1
F1023_V70_D0120_P7__G31__ch8__nav_sage_v2__ingestion_20260825_event_path_v1__candidate_2206,F1023_V70_D0120_P7__G31__ch8__nav_sage_v2__ingestion_20260825_event_path_v1,F1023_V70_D0120_P7,G31,2206,85.8892316715543,3,2,3,1,not_joint_evaluated,,scenes/F1023_V70_D0120_P7/sage_results/nav_sage_v2/G31/stage3_reliable_centers.csv,aa9ec830657b0d91c4ea52094e1ba4d161b16bd0e9224195555c37a572abb3f1,11,eligible_pending_modeling_qa,sage-event-path-db-v1
F1023_V70_D0120_P7__G31__ch8__nav_sage_v2__ingestion_20260825_event_path_v1__candidate_2207,F1023_V70_D0120_P7__G31__ch8__nav_sage_v2__ingestion_20260825_event_path_v1,F1023_V70_D0120_P7,G31,2207,85.909231769306,3,2,3,1,not_joint_evaluated,,scenes/F1023_V70_D0120_P7/sage_results/nav_sage_v2/G31/stage3_reliable_centers.csv,aa9ec830657b0d91c4ea52094e1ba4d161b16bd0e9224195555c37a572abb3f1,12,eligible_pending_modeling_qa,sage-event-path-db-v1
F1023_V70_D0120_P7__G31__ch8__nav_sage_v2__ingestion_20260825_event_path_v1__candidate_2094,F1023_V70_D0120_P7__G31__ch8__nav_sage_v2__ingestion_20260825_event_path_v1,F1023_V70_D0120_P7,G31,2094,83.6492201368524,2,1,4,1,not_joint_evaluated,,scenes/F1023_V70_D0120_P7/sage_results/nav_sage_v2/G31/stage3_reliable_centers.csv,aa9ec830657b0d91c4ea52094e1ba4d161b16bd0e9224195555c37a572abb3f1,13,eligible_pending_modeling_qa,sage-event-path-db-v1
F1023_V70_D0120_P7__G31__ch8__nav_sage_v2__ingestion_20260825_event_path_v1__candidate_2092,F1023_V70_D0120_P7__G31__ch8__nav_sage_v2__ingestion_20260825_event_path_v1,F1023_V70_D0120_P7,G31,2092,83.6092198435973,2,1,3,1,not_joint_evaluated,,scenes/F1023_V70_D0120_P7/sage_results/nav_sage_v2/G31/stage3_reliable_centers.csv,aa9ec830657b0d91c4ea52094e1ba4d161b16bd0e9224195555c37a572abb3f1,14,eligible_pending_modeling_qa,sage-event-path-db-v1
F1023_V70_D0120_P7__G31__ch8__nav_sage_v2__ingestion_20260825_event_path_v1__candidate_2095,F1023_V70_D0120_P7__G31__ch8__nav_sage_v2__ingestion_20260825_event_path_v1,F1023_V70_D0120_P7,G31,2095,83.6692202346041,2,1,3,1,not_joint_evaluated,,scenes/F1023_V70_D0120_P7/sage_results/nav_sage_v2/G31/stage3_reliable_centers.csv,aa9ec830657b0d91c4ea52094e1ba4d161b16bd0e9224195555c37a572abb3f1,15,eligible_pending_modeling_qa,sage-event-path-db-v1
F1023_V70_D0120_P8__G16__ch4__nav_sage_v2__ingestion_20260825_event_path_v1__candidate_97,F1023_V70_D0120_P8__G16__ch4__nav_sage_v2__ingestion_20260825_event_path_v1,F1023_V70_D0120_P8,G16,97,48.0786755620723,2,1,4,1,rejected_candidate,F1023_V70_D0120_P8__G16__ch4__nav_sage_v2__ingestion_20260825_event_path_v1__event_97,scenes/F1023_V70_D0120_P8/sage_results/nav_sage_v2/G16/stage3_reliable_centers.csv,39f094a72450ddad23c4c6b6a1822951f76213e8f58eed16b1bb6eac2cf0907f,2,eligible_pending_modeling_qa,sage-event-path-db-v1
F1023_V70_D0120_P8__G16__ch4__nav_sage_v2__ingestion_20260825_event_path_v1__candidate_98,F1023_V70_D0120_P8__G16__ch4__nav_sage_v2__ingestion_20260825_event_path_v1,F1023_V70_D0120_P8,G16,98,48.098675659824,2,1,4,1,rejected_candidate,F1023_V70_D0120_P8__G16__ch4__nav_sage_v2__ingestion_20260825_event_path_v1__event_98,scenes/F1023_V70_D0120_P8/sage_results/nav_sage_v2/G16/stage3_reliable_centers.csv,39f094a72450ddad23c4c6b6a1822951f76213e8f58eed16b1bb6eac2cf0907f,3,eligible_pending_modeling_qa,sage-event-path-db-v1
F1023_V70_D0120_P8__G16__ch4__nav_sage_v2__ingestion_20260825_event_path_v1__candidate_221,F1023_V70_D0120_P8__G16__ch4__nav_sage_v2__ingestion_20260825_event_path_v1,F1023_V70_D0120_P8,G16,221,50.5586804496579,2,1,4,1,rejected_candidate,F1023_V70_D0120_P8__G16__ch4__nav_sage_v2__ingestion_20260825_event_path_v1__event_221,scenes/F1023_V70_D0120_P8/sage_results/nav_sage_v2/G16/stage3_reliable_centers.csv,39f094a72450ddad23c4c6b6a1822951f76213e8f58eed16b1bb6eac2cf0907f,4,eligible_pending_modeling_qa,sage-event-path-db-v1
F1023_V70_D0120_P8__G16__ch4__nav_sage_v2__ingestion_20260825_event_path_v1__candidate_222,F1023_V70_D0120_P8__G16__ch4__nav_sage_v2__ingestion_20260825_event_path_v1,F1023_V70_D0120_P8,G16,222,50.5786804496579,2,1,4,1,rejected_candidate,F1023_V70_D0120_P8__G16__ch4__nav_sage_v2__ingestion_20260825_event_path_v1__event_222,scenes/F1023_V70_D0120_P8/sage_results/nav_sage_v2/G16/stage3_reliable_centers.csv,39f094a72450ddad23c4c6b6a1822951f76213e8f58eed16b1bb6eac2cf0907f,5,eligible_pending_modeling_qa,sage-event-path-db-v1
F1023_V70_D0120_P8__G16__ch4__nav_sage_v2__ingestion_20260825_event_path_v1__candidate_419,F1023_V70_D0120_P8__G16__ch4__nav_sage_v2__ingestion_20260825_event_path_v1,F1023_V70_D0120_P8,G16,419,54.518688172043,2,1,4,1,rejected_candidate,F1023_V70_D0120_P8__G16__ch4__nav_sage_v2__ingestion_20260825_event_path_v1__event_419,scenes/F1023_V70_D0120_P8/sage_results/nav_sage_v2/G16/stage3_reliable_centers.csv,39f094a72450ddad23c4c6b6a1822951f76213e8f58eed16b1bb6eac2cf0907f,6,eligible_pending_modeling_qa,sage-event-path-db-v1
F1023_V70_D0120_P8__G16__ch4__nav_sage_v2__ingestion_20260825_event_path_v1__candidate_420,F1023_V70_D0120_P8__G16__ch4__nav_sage_v2__ingestion_20260825_event_path_v1,F1023_V70_D0120_P8,G16,420,54.538688172043,2,1,4,1,rejected_candidate,F1023_V70_D0120_P8__G16__ch4__nav_sage_v2__ingestion_20260825_event_path_v1__event_420,scenes/F1023_V70_D0120_P8/sage_results/nav_sage_v2/G16/stage3_reliable_centers.csv,39f094a72450ddad23c4c6b6a1822951f76213e8f58eed16b1bb6eac2cf0907f,7,eligible_pending_modeling_qa,sage-event-path-db-v1
F1023_V70_D0120_P8__G16__ch4__nav_sage_v2__ingestion_20260825_event_path_v1__candidate_91,F1023_V70_D0120_P8__G16__ch4__nav_sage_v2__ingestion_20260825_event_path_v1,F1023_V70_D0120_P8,G16,91,47.9586753665689,2,1,3,1,rejected_candidate,F1023_V70_D0120_P8__G16__ch4__nav_sage_v2__ingestion_20260825_event_path_v1__event_91,scenes/F1023_V70_D0120_P8/sage_results/nav_sage_v2/G16/stage3_reliable_centers.csv,39f094a72450ddad23c4c6b6a1822951f76213e8f58eed16b1bb6eac2cf0907f,8,eligible_pending_modeling_qa,sage-event-path-db-v1
F1023_V70_D0120_P8__G16__ch4__nav_sage_v2__ingestion_20260825_event_path_v1__candidate_92,F1023_V70_D0120_P8__G16__ch4__nav_sage_v2__ingestion_20260825_event_path_v1,F1023_V70_D0120_P8,G16,92,47.9786753665689,2,1,3,1,rejected_candidate,F1023_V70_D0120_P8__G16__ch4__nav_sage_v2__ingestion_20260825_event_path_v1__event_92,scenes/F1023_V70_D0120_P8/sage_results/nav_sage_v2/G16/stage3_reliable_centers.csv,39f094a72450ddad23c4c6b6a1822951f76213e8f58eed16b1bb6eac2cf0907f,9,eligible_pending_modeling_qa,sage-event-path-db-v1
F1023_V70_D0120_P8__G16__ch4__nav_sage_v2__ingestion_20260825_event_path_v1__candidate_93,F1023_V70_D0120_P8__G16__ch4__nav_sage_v2__ingestion_20260825_event_path_v1,F1023_V70_D0120_P8,G16,93,47.9986753665689,2,1,3,1,not_joint_evaluated,,scenes/F1023_V70_D0120_P8/sage_results/nav_sage_v2/G16/stage3_reliable_centers.csv,39f094a72450ddad23c4c6b6a1822951f76213e8f58eed16b1bb6eac2cf0907f,10,eligible_pending_modeling_qa,sage-event-path-db-v1
F1023_V70_D0120_P8__G16__ch4__nav_sage_v2__ingestion_20260825_event_path_v1__candidate_96,F1023_V70_D0120_P8__G16__ch4__nav_sage_v2__ingestion_20260825_event_path_v1,F1023_V70_D0120_P8,G16,96,48.0586755620723,2,1,3,1,not_joint_evaluated,,scenes/F1023_V70_D0120_P8/sage_results/nav_sage_v2/G16/stage3_reliable_centers.csv,39f094a72450ddad23c4c6b6a1822951f76213e8f58eed16b1bb6eac2cf0907f,11,eligible_pending_modeling_qa,sage-event-path-db-v1
F1023_V70_D0120_P8__G16__ch4__nav_sage_v2__ingestion_20260825_event_path_v1__candidate_99,F1023_V70_D0120_P8__G16__ch4__nav_sage_v2__ingestion_20260825_event_path_v1,F1023_V70_D0120_P8,G16,99,48.118675659824,2,1,3,1,not_joint_evaluated,,scenes/F1023_V70_D0120_P8/sage_results/nav_sage_v2/G16/stage3_reliable_centers.csv,39f094a72450ddad23c4c6b6a1822951f76213e8f58eed16b1bb6eac2cf0907f,12,eligible_pending_modeling_qa,sage-event-path-db-v1
F1023_V70_D0120_P8__G16__ch4__nav_sage_v2__ingestion_20260825_event_path_v1__candidate_203,F1023_V70_D0120_P8__G16__ch4__nav_sage_v2__ingestion_20260825_event_path_v1,F1023_V70_D0120_P8,G16,203,50.1986797653959,2,1,3,1,not_joint_evaluated,,scenes/F1023_V70_D0120_P8/sage_results/nav_sage_v2/G16/stage3_reliable_centers.csv,39f094a72450ddad23c4c6b6a1822951f76213e8f58eed16b1bb6eac2cf0907f,13,eligible_pending_modeling_qa,sage-event-path-db-v1
F1023_V70_D0120_P8__G16__ch4__nav_sage_v2__ingestion_20260825_event_path_v1__candidate_204,F1023_V70_D0120_P8__G16__ch4__nav_sage_v2__ingestion_20260825_event_path_v1,F1023_V70_D0120_P8,G16,204,50.2186797653959,2,1,3,1,not_joint_evaluated,,scenes/F1023_V70_D0120_P8/sage_results/nav_sage_v2/G16/stage3_reliable_centers.csv,39f094a72450ddad23c4c6b6a1822951f76213e8f58eed16b1bb6eac2cf0907f,14,eligible_pending_modeling_qa,sage-event-path-db-v1
F1023_V70_D0120_P8__G16__ch4__nav_sage_v2__ingestion_20260825_event_path_v1__candidate_205,F1023_V70_D0120_P8__G16__ch4__nav_sage_v2__ingestion_20260825_event_path_v1,F1023_V70_D0120_P8,G16,205,50.2386798631476,2,1,3,1,not_joint_evaluated,,scenes/F1023_V70_D0120_P8/sage_results/nav_sage_v2/G16/stage3_reliable_centers.csv,39f094a72450ddad23c4c6b6a1822951f76213e8f58eed16b1bb6eac2cf0907f,15,eligible_pending_modeling_qa,sage-event-path-db-v1
F1023_V70_D0120_P8__G16__ch4__nav_sage_v2__ingestion_20260825_event_path_v1__candidate_220,F1023_V70_D0120_P8__G16__ch4__nav_sage_v2__ingestion_20260825_event_path_v1,F1023_V70_D0120_P8,G16,220,50.5386804496579,2,1,3,1,not_joint_evaluated,,scenes/F1023_V70_D0120_P8/sage_results/nav_sage_v2/G16/stage3_reliable_centers.csv,39f094a72450ddad23c4c6b6a1822951f76213e8f58eed16b1bb6eac2cf0907f,16,eligible_pending_modeling_qa,sage-event-path-db-v1
F1023_V70_D0120_P8__G16__ch4__nav_sage_v2__ingestion_20260825_event_path_v1__candidate_223,F1023_V70_D0120_P8__G16__ch4__nav_sage_v2__ingestion_20260825_event_path_v1,F1023_V70_D0120_P8,G16,223,50.5986805474096,2,1,3,1,not_joint_evaluated,,scenes/F1023_V70_D0120_P8/sage_results/nav_sage_v2/G16/stage3_reliable_centers.csv,39f094a72450ddad23c4c6b6a1822951f76213e8f58eed16b1bb6eac2cf0907f,17,eligible_pending_modeling_qa,sage-event-path-db-v1
F1023_V70_D0120_P8__G16__ch4__nav_sage_v2__ingestion_20260825_event_path_v1__candidate_293,F1023_V70_D0120_P8__G16__ch4__nav_sage_v2__ingestion_20260825_event_path_v1,F1023_V70_D0120_P8,G16,293,51.9986832844575,2,1,3,1,not_joint_evaluated,,scenes/F1023_V70_D0120_P8/sage_results/nav_sage_v2/G16/stage3_reliable_centers.csv,39f094a72450ddad23c4c6b6a1822951f76213e8f58eed16b1bb6eac2cf0907f,18,eligible_pending_modeling_qa,sage-event-path-db-v1
F1023_V70_D0120_P8__G16__ch4__nav_sage_v2__ingestion_20260825_event_path_v1__candidate_294,F1023_V70_D0120_P8__G16__ch4__nav_sage_v2__ingestion_20260825_event_path_v1,F1023_V70_D0120_P8,G16,294,52.0186832844575,2,1,3,1,not_joint_evaluated,,scenes/F1023_V70_D0120_P8/sage_results/nav_sage_v2/G16/stage3_reliable_centers.csv,39f094a72450ddad23c4c6b6a1822951f76213e8f58eed16b1bb6eac2cf0907f,19,eligible_pending_modeling_qa,sage-event-path-db-v1
F1023_V70_D0120_P8__G16__ch4__nav_sage_v2__ingestion_20260825_event_path_v1__candidate_418,F1023_V70_D0120_P8__G16__ch4__nav_sage_v2__ingestion_20260825_event_path_v1,F1023_V70_D0120_P8,G16,418,54.4986880742913,2,1,3,1,not_joint_evaluated,,scenes/F1023_V70_D0120_P8/sage_results/nav_sage_v2/G16/stage3_reliable_centers.csv,39f094a72450ddad23c4c6b6a1822951f76213e8f58eed16b1bb6eac2cf0907f,20,eligible_pending_modeling_qa,sage-event-path-db-v1
F1023_V70_D0120_P8__G16__ch4__nav_sage_v2__ingestion_20260825_event_path_v1__candidate_421,F1023_V70_D0120_P8__G16__ch4__nav_sage_v2__ingestion_20260825_event_path_v1,F1023_V70_D0120_P8,G16,421,54.5586882697947,2,1,3,1,not_joint_evaluated,,scenes/F1023_V70_D0120_P8/sage_results/nav_sage_v2/G16/stage3_reliable_centers.csv,39f094a72450ddad23c4c6b6a1822951f76213e8f58eed16b1bb6eac2cf0907f,21,eligible_pending_modeling_qa,sage-event-path-db-v1
F1023_V70_D0120_P8__G16__ch4__nav_sage_v2__ingestion_20260825_event_path_v1__candidate_522,F1023_V70_D0120_P8__G16__ch4__nav_sage_v2__ingestion_20260825_event_path_v1,F1023_V70_D0120_P8,G16,522,56.5786921798631,2,1,3,1,not_joint_evaluated,,scenes/F1023_V70_D0120_P8/sage_results/nav_sage_v2/G16/stage3_reliable_centers.csv,39f094a72450ddad23c4c6b6a1822951f76213e8f58eed16b1bb6eac2cf0907f,22,eligible_pending_modeling_qa,sage-event-path-db-v1
F1023_V70_D0120_P8__G16__ch4__nav_sage_v2__ingestion_20260825_event_path_v1__candidate_523,F1023_V70_D0120_P8__G16__ch4__nav_sage_v2__ingestion_20260825_event_path_v1,F1023_V70_D0120_P8,G16,523,56.5986922776149,2,1,3,1,not_joint_evaluated,,scenes/F1023_V70_D0120_P8/sage_results/nav_sage_v2/G16/stage3_reliable_centers.csv,39f094a72450ddad23c4c6b6a1822951f76213e8f58eed16b1bb6eac2cf0907f,23,eligible_pending_modeling_qa,sage-event-path-db-v1
F1023_V70_D0120_P8__G16__ch4__nav_sage_v2__ingestion_20260825_event_path_v1__candidate_524,F1023_V70_D0120_P8__G16__ch4__nav_sage_v2__ingestion_20260825_event_path_v1,F1023_V70_D0120_P8,G16,524,56.6186922776149,2,1,3,1,not_joint_evaluated,,scenes/F1023_V70_D0120_P8/sage_results/nav_sage_v2/G16/stage3_reliable_centers.csv,39f094a72450ddad23c4c6b6a1822951f76213e8f58eed16b1bb6eac2cf0907f,24,eligible_pending_modeling_qa,sage-event-path-db-v1
F1023_V70_D0120_P8__G16__ch4__nav_sage_v2__ingestion_20260825_event_path_v1__candidate_539,F1023_V70_D0120_P8__G16__ch4__nav_sage_v2__ingestion_20260825_event_path_v1,F1023_V70_D0120_P8,G16,539,56.9186928641251,2,1,3,1,not_joint_evaluated,,scenes/F1023_V70_D0120_P8/sage_results/nav_sage_v2/G16/stage3_reliable_centers.csv,39f094a72450ddad23c4c6b6a1822951f76213e8f58eed16b1bb6eac2cf0907f,25,eligible_pending_modeling_qa,sage-event-path-db-v1
F1023_V70_D0120_P8__G16__ch4__nav_sage_v2__ingestion_20260825_event_path_v1__candidate_540,F1023_V70_D0120_P8__G16__ch4__nav_sage_v2__ingestion_20260825_event_path_v1,F1023_V70_D0120_P8,G16,540,56.9386929618768,2,1,3,1,not_joint_evaluated,,scenes/F1023_V70_D0120_P8/sage_results/nav_sage_v2/G16/stage3_reliable_centers.csv,39f094a72450ddad23c4c6b6a1822951f76213e8f58eed16b1bb6eac2cf0907f,26,eligible_pending_modeling_qa,sage-event-path-db-v1
F1023_V70_D0120_P8__G16__ch4__nav_sage_v2__ingestion_20260825_event_path_v1__candidate_541,F1023_V70_D0120_P8__G16__ch4__nav_sage_v2__ingestion_20260825_event_path_v1,F1023_V70_D0120_P8,G16,541,56.9586929618768,2,1,3,1,not_joint_evaluated,,scenes/F1023_V70_D0120_P8/sage_results/nav_sage_v2/G16/stage3_reliable_centers.csv,39f094a72450ddad23c4c6b6a1822951f76213e8f58eed16b1bb6eac2cf0907f,27,eligible_pending_modeling_qa,sage-event-path-db-v1
F1023_V70_D0120_P8__G16__ch4__nav_sage_v2__ingestion_20260825_event_path_v1__candidate_559,F1023_V70_D0120_P8__G16__ch4__nav_sage_v2__ingestion_20260825_event_path_v1,F1023_V70_D0120_P8,G16,559,57.3186936461388,2,1,3,1,not_joint_evaluated,,scenes/F1023_V70_D0120_P8/sage_results/nav_sage_v2/G16/stage3_reliable_centers.csv,39f094a72450ddad23c4c6b6a1822951f76213e8f58eed16b1bb6eac2cf0907f,28,eligible_pending_modeling_qa,sage-event-path-db-v1
F1023_V70_D0120_P8__G16__ch4__nav_sage_v2__ingestion_20260825_event_path_v1__candidate_560,F1023_V70_D0120_P8__G16__ch4__nav_sage_v2__ingestion_20260825_event_path_v1,F1023_V70_D0120_P8,G16,560,57.3386937438905,2,1,3,1,not_joint_evaluated,,scenes/F1023_V70_D0120_P8/sage_results/nav_sage_v2/G16/stage3_reliable_centers.csv,39f094a72450ddad23c4c6b6a1822951f76213e8f58eed16b1bb6eac2cf0907f,29,eligible_pending_modeling_qa,sage-event-path-db-v1
F1023_V70_D0120_P8__G16__ch4__nav_sage_v2__ingestion_20260825_event_path_v1__candidate_561,F1023_V70_D0120_P8__G16__ch4__nav_sage_v2__ingestion_20260825_event_path_v1,F1023_V70_D0120_P8,G16,561,57.3586937438905,2,1,3,1,not_joint_evaluated,,scenes/F1023_V70_D0120_P8/sage_results/nav_sage_v2/G16/stage3_reliable_centers.csv,39f094a72450ddad23c4c6b6a1822951f76213e8f58eed16b1bb6eac2cf0907f,30,eligible_pending_modeling_qa,sage-event-path-db-v1
F1023_V70_D0120_P8__G18__ch9__nav_sage_v2__ingestion_20260825_event_path_v1__candidate_259,F1023_V70_D0120_P8__G18__ch9__nav_sage_v2__ingestion_20260825_event_path_v1,F1023_V70_D0120_P8,G18,259,45.3173868035191,3,2,3,1,rejected_candidate,F1023_V70_D0120_P8__G18__ch9__nav_sage_v2__ingestion_20260825_event_path_v1__event_259,scenes/F1023_V70_D0120_P8/sage_results/nav_sage_v2/G18/stage3_reliable_centers.csv,242d4a5605584d8631a4a445455a45b1bd363af3f2d910c0338caa463c33974a,2,eligible_pending_modeling_qa,sage-event-path-db-v1
F1023_V70_D0120_P8__G18__ch9__nav_sage_v2__ingestion_20260825_event_path_v1__candidate_261,F1023_V70_D0120_P8__G18__ch9__nav_sage_v2__ingestion_20260825_event_path_v1,F1023_V70_D0120_P8,G18,261,45.3573869012708,3,2,3,1,rejected_candidate,F1023_V70_D0120_P8__G18__ch9__nav_sage_v2__ingestion_20260825_event_path_v1__event_261,scenes/F1023_V70_D0120_P8/sage_results/nav_sage_v2/G18/stage3_reliable_centers.csv,242d4a5605584d8631a4a445455a45b1bd363af3f2d910c0338caa463c33974a,3,eligible_pending_modeling_qa,sage-event-path-db-v1
F1023_V70_D0120_P8__G18__ch9__nav_sage_v2__ingestion_20260825_event_path_v1__candidate_768,F1023_V70_D0120_P8__G18__ch9__nav_sage_v2__ingestion_20260825_event_path_v1,F1023_V70_D0120_P8,G18,768,55.4974183773216,2,1,4,1,rejected_candidate,F1023_V70_D0120_P8__G18__ch9__nav_sage_v2__ingestion_20260825_event_path_v1__event_768,scenes/F1023_V70_D0120_P8/sage_results/nav_sage_v2/G18/stage3_reliable_centers.csv,242d4a5605584d8631a4a445455a45b1bd363af3f2d910c0338caa463c33974a,4,eligible_pending_modeling_qa,sage-event-path-db-v1
F1023_V70_D0120_P8__G18__ch9__nav_sage_v2__ingestion_20260825_event_path_v1__candidate_850,F1023_V70_D0120_P8__G18__ch9__nav_sage_v2__ingestion_20260825_event_path_v1,F1023_V70_D0120_P8,G18,850,57.1374234604106,2,1,4,1,rejected_candidate,F1023_V70_D0120_P8__G18__ch9__nav_sage_v2__ingestion_20260825_event_path_v1__event_850,scenes/F1023_V70_D0120_P8/sage_results/nav_sage_v2/G18/stage3_reliable_centers.csv,242d4a5605584d8631a4a445455a45b1bd363af3f2d910c0338caa463c33974a,5,eligible_pending_modeling_qa,sage-event-path-db-v1
F1023_V70_D0120_P8__G18__ch9__nav_sage_v2__ingestion_20260825_event_path_v1__candidate_516,F1023_V70_D0120_P8__G18__ch9__nav_sage_v2__ingestion_20260825_event_path_v1,F1023_V70_D0120_P8,G18,516,50.4574027370479,2,1,3,1,rejected_candidate,F1023_V70_D0120_P8__G18__ch9__nav_sage_v2__ingestion_20260825_event_path_v1__event_516,scenes/F1023_V70_D0120_P8/sage_results/nav_sage_v2/G18/stage3_reliable_centers.csv,242d4a5605584d8631a4a445455a45b1bd363af3f2d910c0338caa463c33974a,6,eligible_pending_modeling_qa,sage-event-path-db-v1
F1023_V70_D0120_P8__G18__ch9__nav_sage_v2__ingestion_20260825_event_path_v1__candidate_517,F1023_V70_D0120_P8__G18__ch9__nav_sage_v2__ingestion_20260825_event_path_v1,F1023_V70_D0120_P8,G18,517,50.4774027370479,2,1,3,1,rejected_candidate,F1023_V70_D0120_P8__G18__ch9__nav_sage_v2__ingestion_20260825_event_path_v1__event_517,scenes/F1023_V70_D0120_P8/sage_results/nav_sage_v2/G18/stage3_reliable_centers.csv,242d4a5605584d8631a4a445455a45b1bd363af3f2d910c0338caa463c33974a,7,eligible_pending_modeling_qa,sage-event-path-db-v1
F1023_V70_D0120_P8__G18__ch9__nav_sage_v2__ingestion_20260825_event_path_v1__candidate_848,F1023_V70_D0120_P8__G18__ch9__nav_sage_v2__ingestion_20260825_event_path_v1,F1023_V70_D0120_P8,G18,848,57.0974232649071,2,1,3,1,confirmed_multipath,F1023_V70_D0120_P8__G18__ch9__nav_sage_v2__ingestion_20260825_event_path_v1__event_848,scenes/F1023_V70_D0120_P8/sage_results/nav_sage_v2/G18/stage3_reliable_centers.csv,242d4a5605584d8631a4a445455a45b1bd363af3f2d910c0338caa463c33974a,8,eligible_pending_modeling_qa,sage-event-path-db-v1
F1023_V70_D0120_P8__G18__ch9__nav_sage_v2__ingestion_20260825_event_path_v1__candidate_851,F1023_V70_D0120_P8__G18__ch9__nav_sage_v2__ingestion_20260825_event_path_v1,F1023_V70_D0120_P8,G18,851,57.1574234604106,2,1,3,1,rejected_candidate,F1023_V70_D0120_P8__G18__ch9__nav_sage_v2__ingestion_20260825_event_path_v1__event_851,scenes/F1023_V70_D0120_P8/sage_results/nav_sage_v2/G18/stage3_reliable_centers.csv,242d4a5605584d8631a4a445455a45b1bd363af3f2d910c0338caa463c33974a,9,eligible_pending_modeling_qa,sage-event-path-db-v1
F1023_V70_D0120_P8__G23__ch11__nav_sage_v2__ingestion_20260825_event_path_v1__candidate_51,F1023_V70_D0120_P8__G23__ch11__nav_sage_v2__ingestion_20260825_event_path_v1,F1023_V70_D0120_P8,G23,51,47.1678619745846,2,1,3,1,rejected_candidate,F1023_V70_D0120_P8__G23__ch11__nav_sage_v2__ingestion_20260825_event_path_v1__event_51,scenes/F1023_V70_D0120_P8/sage_results/nav_sage_v2/G23/stage3_reliable_centers.csv,3e97585f4d467a5af25048ddbdb8e249768c652a78b39f98e07300baabcad1e4,2,eligible_pending_modeling_qa,sage-event-path-db-v1
F1023_V70_D0120_P8__G23__ch11__nav_sage_v2__ingestion_20260825_event_path_v1__candidate_52,F1023_V70_D0120_P8__G23__ch11__nav_sage_v2__ingestion_20260825_event_path_v1,F1023_V70_D0120_P8,G23,52,47.1878619745846,2,1,3,1,rejected_candidate,F1023_V70_D0120_P8__G23__ch11__nav_sage_v2__ingestion_20260825_event_path_v1__event_52,scenes/F1023_V70_D0120_P8/sage_results/nav_sage_v2/G23/stage3_reliable_centers.csv,3e97585f4d467a5af25048ddbdb8e249768c652a78b39f98e07300baabcad1e4,3,eligible_pending_modeling_qa,sage-event-path-db-v1
F1023_V70_D0120_P8__G23__ch11__nav_sage_v2__ingestion_20260825_event_path_v1__candidate_53,F1023_V70_D0120_P8__G23__ch11__nav_sage_v2__ingestion_20260825_event_path_v1,F1023_V70_D0120_P8,G23,53,47.2078620723363,2,1,3,1,rejected_candidate,F1023_V70_D0120_P8__G23__ch11__nav_sage_v2__ingestion_20260825_event_path_v1__event_53,scenes/F1023_V70_D0120_P8/sage_results/nav_sage_v2/G23/stage3_reliable_centers.csv,3e97585f4d467a5af25048ddbdb8e249768c652a78b39f98e07300baabcad1e4,4,eligible_pending_modeling_qa,sage-event-path-db-v1
F1023_V70_D0120_P8__G23__ch11__nav_sage_v2__ingestion_20260825_event_path_v1__candidate_263,F1023_V70_D0120_P8__G23__ch11__nav_sage_v2__ingestion_20260825_event_path_v1,F1023_V70_D0120_P8,G23,263,51.4078668621701,2,1,3,1,rejected_candidate,F1023_V70_D0120_P8__G23__ch11__nav_sage_v2__ingestion_20260825_event_path_v1__event_263,scenes/F1023_V70_D0120_P8/sage_results/nav_sage_v2/G23/stage3_reliable_centers.csv,3e97585f4d467a5af25048ddbdb8e249768c652a78b39f98e07300baabcad1e4,5,eligible_pending_modeling_qa,sage-event-path-db-v1
F1023_V70_D0120_P8__G23__ch11__nav_sage_v2__ingestion_20260825_event_path_v1__candidate_265,F1023_V70_D0120_P8__G23__ch11__nav_sage_v2__ingestion_20260825_event_path_v1,F1023_V70_D0120_P8,G23,265,51.4478669599218,2,1,3,1,rejected_candidate,F1023_V70_D0120_P8__G23__ch11__nav_sage_v2__ingestion_20260825_event_path_v1__event_265,scenes/F1023_V70_D0120_P8/sage_results/nav_sage_v2/G23/stage3_reliable_centers.csv,3e97585f4d467a5af25048ddbdb8e249768c652a78b39f98e07300baabcad1e4,6,eligible_pending_modeling_qa,sage-event-path-db-v1
F1023_V70_D0120_P8__G26__ch3__nav_sage_v2__ingestion_20260825_event_path_v1__candidate_298,F1023_V70_D0120_P8__G26__ch3__nav_sage_v2__ingestion_20260825_event_path_v1,F1023_V70_D0120_P8,G26,298,46.0968290322581,4,3,3,1,rejected_candidate,F1023_V70_D0120_P8__G26__ch3__nav_sage_v2__ingestion_20260825_event_path_v1__event_298,scenes/F1023_V70_D0120_P8/sage_results/nav_sage_v2/G26/stage3_reliable_centers.csv,9447eb5f86e39c266a910758ff3fdd21eb3d9cb0ee1f15db8b927c29585d7701,2,eligible_pending_modeling_qa,sage-event-path-db-v1
F1023_V70_D0120_P8__G26__ch3__nav_sage_v2__ingestion_20260825_event_path_v1__candidate_299,F1023_V70_D0120_P8__G26__ch3__nav_sage_v2__ingestion_20260825_event_path_v1,F1023_V70_D0120_P8,G26,299,46.1168290322581,4,3,3,1,confirmed_multipath,F1023_V70_D0120_P8__G26__ch3__nav_sage_v2__ingestion_20260825_event_path_v1__event_299,scenes/F1023_V70_D0120_P8/sage_results/nav_sage_v2/G26/stage3_reliable_centers.csv,9447eb5f86e39c266a910758ff3fdd21eb3d9cb0ee1f15db8b927c29585d7701,3,eligible_pending_modeling_qa,sage-event-path-db-v1
F1023_V70_D0120_P8__G26__ch3__nav_sage_v2__ingestion_20260825_event_path_v1__candidate_300,F1023_V70_D0120_P8__G26__ch3__nav_sage_v2__ingestion_20260825_event_path_v1,F1023_V70_D0120_P8,G26,300,46.1368291300098,4,3,3,1,rejected_candidate,F1023_V70_D0120_P8__G26__ch3__nav_sage_v2__ingestion_20260825_event_path_v1__event_300,scenes/F1023_V70_D0120_P8/sage_results/nav_sage_v2/G26/stage3_reliable_centers.csv,9447eb5f86e39c266a910758ff3fdd21eb3d9cb0ee1f15db8b927c29585d7701,4,eligible_pending_modeling_qa,sage-event-path-db-v1
F1023_V70_D0120_P8__G26__ch3__nav_sage_v2__ingestion_20260825_event_path_v1__candidate_218,F1023_V70_D0120_P8__G26__ch3__nav_sage_v2__ingestion_20260825_event_path_v1,F1023_V70_D0120_P8,G26,218,44.4968232649071,3,2,3,1,rejected_candidate,F1023_V70_D0120_P8__G26__ch3__nav_sage_v2__ingestion_20260825_event_path_v1__event_218,scenes/F1023_V70_D0120_P8/sage_results/nav_sage_v2/G26/stage3_reliable_centers.csv,9447eb5f86e39c266a910758ff3fdd21eb3d9cb0ee1f15db8b927c29585d7701,5,eligible_pending_modeling_qa,sage-event-path-db-v1
F1023_V70_D0120_P8__G26__ch3__nav_sage_v2__ingestion_20260825_event_path_v1__candidate_849,F1023_V70_D0120_P8__G26__ch3__nav_sage_v2__ingestion_20260825_event_path_v1,F1023_V70_D0120_P8,G26,849,57.1168687194526,3,2,3,1,rejected_candidate,F1023_V70_D0120_P8__G26__ch3__nav_sage_v2__ingestion_20260825_event_path_v1__event_849,scenes/F1023_V70_D0120_P8/sage_results/nav_sage_v2/G26/stage3_reliable_centers.csv,9447eb5f86e39c266a910758ff3fdd21eb3d9cb0ee1f15db8b927c29585d7701,6,eligible_pending_modeling_qa,sage-event-path-db-v1
F1023_V70_D0120_P8__G26__ch3__nav_sage_v2__ingestion_20260825_event_path_v1__candidate_850,F1023_V70_D0120_P8__G26__ch3__nav_sage_v2__ingestion_20260825_event_path_v1,F1023_V70_D0120_P8,G26,850,57.1368688172043,3,2,3,1,rejected_candidate,F1023_V70_D0120_P8__G26__ch3__nav_sage_v2__ingestion_20260825_event_path_v1__event_850,scenes/F1023_V70_D0120_P8/sage_results/nav_sage_v2/G26/stage3_reliable_centers.csv,9447eb5f86e39c266a910758ff3fdd21eb3d9cb0ee1f15db8b927c29585d7701,7,eligible_pending_modeling_qa,sage-event-path-db-v1
F1023_V70_D0120_P8__G26__ch3__nav_sage_v2__ingestion_20260825_event_path_v1__candidate_465,F1023_V70_D0120_P8__G26__ch3__nav_sage_v2__ingestion_20260825_event_path_v1,F1023_V70_D0120_P8,G26,465,49.4368409579668,2,1,5,1,rejected_candidate,F1023_V70_D0120_P8__G26__ch3__nav_sage_v2__ingestion_20260825_event_path_v1__event_465,scenes/F1023_V70_D0120_P8/sage_results/nav_sage_v2/G26/stage3_reliable_centers.csv,9447eb5f86e39c266a910758ff3fdd21eb3d9cb0ee1f15db8b927c29585d7701,8,eligible_pending_modeling_qa,sage-event-path-db-v1
F1023_V70_D0120_P8__G26__ch3__nav_sage_v2__ingestion_20260825_event_path_v1__candidate_194,F1023_V70_D0120_P8__G26__ch3__nav_sage_v2__ingestion_20260825_event_path_v1,F1023_V70_D0120_P8,G26,194,44.0168215053763,2,1,3,1,rejected_candidate,F1023_V70_D0120_P8__G26__ch3__nav_sage_v2__ingestion_20260825_event_path_v1__event_194,scenes/F1023_V70_D0120_P8/sage_results/nav_sage_v2/G26/stage3_reliable_centers.csv,9447eb5f86e39c266a910758ff3fdd21eb3d9cb0ee1f15db8b927c29585d7701,9,eligible_pending_modeling_qa,sage-event-path-db-v1
F1023_V70_D0120_P8__G26__ch3__nav_sage_v2__ingestion_20260825_event_path_v1__candidate_848,F1023_V70_D0120_P8__G26__ch3__nav_sage_v2__ingestion_20260825_event_path_v1,F1023_V70_D0120_P8,G26,848,57.0968686217009,2,1,3,1,not_joint_evaluated,,scenes/F1023_V70_D0120_P8/sage_results/nav_sage_v2/G26/stage3_reliable_centers.csv,9447eb5f86e39c266a910758ff3fdd21eb3d9cb0ee1f15db8b927c29585d7701,10,eligible_pending_modeling_qa,sage-event-path-db-v1
F1023_V70_D0120_P9__G16__ch9__nav_sage_v2__ingestion_20260825_event_path_v1__candidate_92,F1023_V70_D0120_P9__G16__ch9__nav_sage_v2__ingestion_20260825_event_path_v1,F1023_V70_D0120_P9,G16,92,32.3509012707722,4,3,3,1,rejected_candidate,F1023_V70_D0120_P9__G16__ch9__nav_sage_v2__ingestion_20260825_event_path_v1__event_92,scenes/F1023_V70_D0120_P9/sage_results/nav_sage_v2/G16/stage3_reliable_centers.csv,de5eb5ba7818dba1a75d3b565f18e953daa372baa3c163ed09d94e36c05bca9e,2,eligible_pending_modeling_qa,sage-event-path-db-v1
F1023_V70_D0120_P9__G16__ch9__nav_sage_v2__ingestion_20260825_event_path_v1__candidate_2565,F1023_V70_D0120_P9__G16__ch9__nav_sage_v2__ingestion_20260825_event_path_v1,F1023_V70_D0120_P9,G16,2565,81.8110004887586,3,2,3,1,confirmed_multipath,F1023_V70_D0120_P9__G16__ch9__nav_sage_v2__ingestion_20260825_event_path_v1__event_2565,scenes/F1023_V70_D0120_P9/sage_results/nav_sage_v2/G16/stage3_reliable_centers.csv,de5eb5ba7818dba1a75d3b565f18e953daa372baa3c163ed09d94e36c05bca9e,3,eligible_pending_modeling_qa,sage-event-path-db-v1
F1023_V70_D0120_P9__G16__ch9__nav_sage_v2__ingestion_20260825_event_path_v1__candidate_2566,F1023_V70_D0120_P9__G16__ch9__nav_sage_v2__ingestion_20260825_event_path_v1,F1023_V70_D0120_P9,G16,2566,81.8310004887585,3,2,3,1,rejected_candidate,F1023_V70_D0120_P9__G16__ch9__nav_sage_v2__ingestion_20260825_event_path_v1__event_2566,scenes/F1023_V70_D0120_P9/sage_results/nav_sage_v2/G16/stage3_reliable_centers.csv,de5eb5ba7818dba1a75d3b565f18e953daa372baa3c163ed09d94e36c05bca9e,4,eligible_pending_modeling_qa,sage-event-path-db-v1
F1023_V70_D0120_P9__G16__ch9__nav_sage_v2__ingestion_20260825_event_path_v1__candidate_1899,F1023_V70_D0120_P9__G16__ch9__nav_sage_v2__ingestion_20260825_event_path_v1,F1023_V70_D0120_P9,G16,1899,68.4909736070381,2,1,3,1,rejected_candidate,F1023_V70_D0120_P9__G16__ch9__nav_sage_v2__ingestion_20260825_event_path_v1__event_1899,scenes/F1023_V70_D0120_P9/sage_results/nav_sage_v2/G16/stage3_reliable_centers.csv,de5eb5ba7818dba1a75d3b565f18e953daa372baa3c163ed09d94e36c05bca9e,5,eligible_pending_modeling_qa,sage-event-path-db-v1
F1023_V70_D0120_P9__G18__ch1__nav_sage_v2__ingestion_20260825_event_path_v1__candidate_2319,F1023_V70_D0120_P9__G18__ch1__nav_sage_v2__ingestion_20260825_event_path_v1,F1023_V70_D0120_P9,G18,2319,76.8898634408602,4,3,4,1,rejected_candidate,F1023_V70_D0120_P9__G18__ch1__nav_sage_v2__ingestion_20260825_event_path_v1__event_2319,scenes/F1023_V70_D0120_P9/sage_results/nav_sage_v2/G18/stage3_reliable_centers.csv,8277a5ce03761a883c67d958f1ed9e790d2b17153e67d39917cf518dc6cb0b06,2,eligible_pending_modeling_qa,sage-event-path-db-v1
F1023_V70_D0120_P9__G18__ch1__nav_sage_v2__ingestion_20260825_event_path_v1__candidate_2320,F1023_V70_D0120_P9__G18__ch1__nav_sage_v2__ingestion_20260825_event_path_v1,F1023_V70_D0120_P9,G18,2320,76.9098635386119,4,3,4,1,rejected_candidate,F1023_V70_D0120_P9__G18__ch1__nav_sage_v2__ingestion_20260825_event_path_v1__event_2320,scenes/F1023_V70_D0120_P9/sage_results/nav_sage_v2/G18/stage3_reliable_centers.csv,8277a5ce03761a883c67d958f1ed9e790d2b17153e67d39917cf518dc6cb0b06,3,eligible_pending_modeling_qa,sage-event-path-db-v1
F1023_V70_D0120_P9__G18__ch1__nav_sage_v2__ingestion_20260825_event_path_v1__candidate_1947,F1023_V70_D0120_P9__G18__ch1__nav_sage_v2__ingestion_20260825_event_path_v1,F1023_V70_D0120_P9,G18,1947,69.4498399804497,4,3,3,1,rejected_candidate,F1023_V70_D0120_P9__G18__ch1__nav_sage_v2__ingestion_20260825_event_path_v1__event_1947,scenes/F1023_V70_D0120_P9/sage_results/nav_sage_v2/G18/stage3_reliable_centers.csv,8277a5ce03761a883c67d958f1ed9e790d2b17153e67d39917cf518dc6cb0b06,4,eligible_pending_modeling_qa,sage-event-path-db-v1
F1023_V70_D0120_P9__G18__ch1__nav_sage_v2__ingestion_20260825_event_path_v1__candidate_1948,F1023_V70_D0120_P9__G18__ch1__nav_sage_v2__ingestion_20260825_event_path_v1,F1023_V70_D0120_P9,G18,1948,69.4698400782014,4,3,3,1,rejected_candidate,F1023_V70_D0120_P9__G18__ch1__nav_sage_v2__ingestion_20260825_event_path_v1__event_1948,scenes/F1023_V70_D0120_P9/sage_results/nav_sage_v2/G18/stage3_reliable_centers.csv,8277a5ce03761a883c67d958f1ed9e790d2b17153e67d39917cf518dc6cb0b06,5,eligible_pending_modeling_qa,sage-event-path-db-v1
F1023_V70_D0120_P9__G18__ch1__nav_sage_v2__ingestion_20260825_event_path_v1__candidate_1949,F1023_V70_D0120_P9__G18__ch1__nav_sage_v2__ingestion_20260825_event_path_v1,F1023_V70_D0120_P9,G18,1949,69.4898401759531,4,3,3,1,rejected_candidate,F1023_V70_D0120_P9__G18__ch1__nav_sage_v2__ingestion_20260825_event_path_v1__event_1949,scenes/F1023_V70_D0120_P9/sage_results/nav_sage_v2/G18/stage3_reliable_centers.csv,8277a5ce03761a883c67d958f1ed9e790d2b17153e67d39917cf518dc6cb0b06,6,eligible_pending_modeling_qa,sage-event-path-db-v1
F1023_V70_D0120_P9__G18__ch1__nav_sage_v2__ingestion_20260825_event_path_v1__candidate_2318,F1023_V70_D0120_P9__G18__ch1__nav_sage_v2__ingestion_20260825_event_path_v1,F1023_V70_D0120_P9,G18,2318,76.8698633431085,4,3,3,1,rejected_candidate,F1023_V70_D0120_P9__G18__ch1__nav_sage_v2__ingestion_20260825_event_path_v1__event_2318,scenes/F1023_V70_D0120_P9/sage_results/nav_sage_v2/G18/stage3_reliable_centers.csv,8277a5ce03761a883c67d958f1ed9e790d2b17153e67d39917cf518dc6cb0b06,7,eligible_pending_modeling_qa,sage-event-path-db-v1
F1023_V70_D0120_P9__G18__ch1__nav_sage_v2__ingestion_20260825_event_path_v1__candidate_2321,F1023_V70_D0120_P9__G18__ch1__nav_sage_v2__ingestion_20260825_event_path_v1,F1023_V70_D0120_P9,G18,2321,76.9298635386119,4,3,3,1,rejected_candidate,F1023_V70_D0120_P9__G18__ch1__nav_sage_v2__ingestion_20260825_event_path_v1__event_2321,scenes/F1023_V70_D0120_P9/sage_results/nav_sage_v2/G18/stage3_reliable_centers.csv,8277a5ce03761a883c67d958f1ed9e790d2b17153e67d39917cf518dc6cb0b06,8,eligible_pending_modeling_qa,sage-event-path-db-v1
F1023_V70_D0120_P9__G18__ch1__nav_sage_v2__ingestion_20260825_event_path_v1__candidate_1278,F1023_V70_D0120_P9__G18__ch1__nav_sage_v2__ingestion_20260825_event_path_v1,F1023_V70_D0120_P9,G18,1278,56.0697978494624,3,2,3,1,rejected_candidate,F1023_V70_D0120_P9__G18__ch1__nav_sage_v2__ingestion_20260825_event_path_v1__event_1278,scenes/F1023_V70_D0120_P9/sage_results/nav_sage_v2/G18/stage3_reliable_centers.csv,8277a5ce03761a883c67d958f1ed9e790d2b17153e67d39917cf518dc6cb0b06,9,eligible_pending_modeling_qa,sage-event-path-db-v1
F1023_V70_D0120_P9__G18__ch1__nav_sage_v2__ingestion_20260825_event_path_v1__candidate_1279,F1023_V70_D0120_P9__G18__ch1__nav_sage_v2__ingestion_20260825_event_path_v1,F1023_V70_D0120_P9,G18,1279,56.0897979472141,3,2,3,1,not_joint_evaluated,,scenes/F1023_V70_D0120_P9/sage_results/nav_sage_v2/G18/stage3_reliable_centers.csv,8277a5ce03761a883c67d958f1ed9e790d2b17153e67d39917cf518dc6cb0b06,10,eligible_pending_modeling_qa,sage-event-path-db-v1
F1023_V70_D0120_P9__G18__ch1__nav_sage_v2__ingestion_20260825_event_path_v1__candidate_1312,F1023_V70_D0120_P9__G18__ch1__nav_sage_v2__ingestion_20260825_event_path_v1,F1023_V70_D0120_P9,G18,1312,56.7498,3,2,3,1,not_joint_evaluated,,scenes/F1023_V70_D0120_P9/sage_results/nav_sage_v2/G18/stage3_reliable_centers.csv,8277a5ce03761a883c67d958f1ed9e790d2b17153e67d39917cf518dc6cb0b06,11,eligible_pending_modeling_qa,sage-event-path-db-v1
F1023_V70_D0120_P9__G18__ch1__nav_sage_v2__ingestion_20260825_event_path_v1__candidate_1314,F1023_V70_D0120_P9__G18__ch1__nav_sage_v2__ingestion_20260825_event_path_v1,F1023_V70_D0120_P9,G18,1314,56.7898000977517,3,2,3,1,not_joint_evaluated,,scenes/F1023_V70_D0120_P9/sage_results/nav_sage_v2/G18/stage3_reliable_centers.csv,8277a5ce03761a883c67d958f1ed9e790d2b17153e67d39917cf518dc6cb0b06,12,eligible_pending_modeling_qa,sage-event-path-db-v1
F1023_V70_D0120_P9__G18__ch1__nav_sage_v2__ingestion_20260825_event_path_v1__candidate_1421,F1023_V70_D0120_P9__G18__ch1__nav_sage_v2__ingestion_20260825_event_path_v1,F1023_V70_D0120_P9,G18,1421,58.9298068426197,3,2,3,1,not_joint_evaluated,,scenes/F1023_V70_D0120_P9/sage_results/nav_sage_v2/G18/stage3_reliable_centers.csv,8277a5ce03761a883c67d958f1ed9e790d2b17153e67d39917cf518dc6cb0b06,13,eligible_pending_modeling_qa,sage-event-path-db-v1
F1023_V70_D0120_P9__G18__ch1__nav_sage_v2__ingestion_20260825_event_path_v1__candidate_1469,F1023_V70_D0120_P9__G18__ch1__nav_sage_v2__ingestion_20260825_event_path_v1,F1023_V70_D0120_P9,G18,1469,59.8898098729228,3,2,3,1,not_joint_evaluated,,scenes/F1023_V70_D0120_P9/sage_results/nav_sage_v2/G18/stage3_reliable_centers.csv,8277a5ce03761a883c67d958f1ed9e790d2b17153e67d39917cf518dc6cb0b06,14,eligible_pending_modeling_qa,sage-event-path-db-v1
F1023_V70_D0120_P9__G18__ch1__nav_sage_v2__ingestion_20260825_event_path_v1__candidate_2370,F1023_V70_D0120_P9__G18__ch1__nav_sage_v2__ingestion_20260825_event_path_v1,F1023_V70_D0120_P9,G18,2370,77.9098666666667,2,1,3,1,not_joint_evaluated,,scenes/F1023_V70_D0120_P9/sage_results/nav_sage_v2/G18/stage3_reliable_centers.csv,8277a5ce03761a883c67d958f1ed9e790d2b17153e67d39917cf518dc6cb0b06,15,eligible_pending_modeling_qa,sage-event-path-db-v1
F1023_V70_D0120_P9__G26__ch6__nav_sage_v2__ingestion_20260825_event_path_v1__candidate_1946,F1023_V70_D0120_P9__G26__ch6__nav_sage_v2__ingestion_20260825_event_path_v1,F1023_V70_D0120_P9,G26,1946,69.4293447702835,4,3,3,1,rejected_candidate,F1023_V70_D0120_P9__G26__ch6__nav_sage_v2__ingestion_20260825_event_path_v1__event_1946,scenes/F1023_V70_D0120_P9/sage_results/nav_sage_v2/G26/stage3_reliable_centers.csv,4b39fe54afcf05ec78151b7287f63289715cc234a1a77d3b518425c7ff5fc940,2,eligible_pending_modeling_qa,sage-event-path-db-v1
F1023_V70_D0120_P9__G26__ch6__nav_sage_v2__ingestion_20260825_event_path_v1__candidate_1947,F1023_V70_D0120_P9__G26__ch6__nav_sage_v2__ingestion_20260825_event_path_v1,F1023_V70_D0120_P9,G26,1947,69.4493448680352,4,3,3,1,rejected_candidate,F1023_V70_D0120_P9__G26__ch6__nav_sage_v2__ingestion_20260825_event_path_v1__event_1947,scenes/F1023_V70_D0120_P9/sage_results/nav_sage_v2/G26/stage3_reliable_centers.csv,4b39fe54afcf05ec78151b7287f63289715cc234a1a77d3b518425c7ff5fc940,3,eligible_pending_modeling_qa,sage-event-path-db-v1
F1023_V70_D0120_P9__G26__ch6__nav_sage_v2__ingestion_20260825_event_path_v1__candidate_1948,F1023_V70_D0120_P9__G26__ch6__nav_sage_v2__ingestion_20260825_event_path_v1,F1023_V70_D0120_P9,G26,1948,69.4693449657869,4,3,3,1,rejected_candidate,F1023_V70_D0120_P9__G26__ch6__nav_sage_v2__ingestion_20260825_event_path_v1__event_1948,scenes/F1023_V70_D0120_P9/sage_results/nav_sage_v2/G26/stage3_reliable_centers.csv,4b39fe54afcf05ec78151b7287f63289715cc234a1a77d3b518425c7ff5fc940,4,eligible_pending_modeling_qa,sage-event-path-db-v1
F1023_V70_D0120_P9__G26__ch6__nav_sage_v2__ingestion_20260825_event_path_v1__candidate_2283,F1023_V70_D0120_P9__G26__ch6__nav_sage_v2__ingestion_20260825_event_path_v1,F1023_V70_D0120_P9,G26,2283,76.1693695014663,4,3,3,1,rejected_candidate,F1023_V70_D0120_P9__G26__ch6__nav_sage_v2__ingestion_20260825_event_path_v1__event_2283,scenes/F1023_V70_D0120_P9/sage_results/nav_sage_v2/G26/stage3_reliable_centers.csv,4b39fe54afcf05ec78151b7287f63289715cc234a1a77d3b518425c7ff5fc940,5,eligible_pending_modeling_qa,sage-event-path-db-v1
F1023_V70_D0120_P9__G26__ch6__nav_sage_v2__ingestion_20260825_event_path_v1__candidate_2284,F1023_V70_D0120_P9__G26__ch6__nav_sage_v2__ingestion_20260825_event_path_v1,F1023_V70_D0120_P9,G26,2284,76.189369599218,4,3,3,1,rejected_candidate,F1023_V70_D0120_P9__G26__ch6__nav_sage_v2__ingestion_20260825_event_path_v1__event_2284,scenes/F1023_V70_D0120_P9/sage_results/nav_sage_v2/G26/stage3_reliable_centers.csv,4b39fe54afcf05ec78151b7287f63289715cc234a1a77d3b518425c7ff5fc940,6,eligible_pending_modeling_qa,sage-event-path-db-v1
F1023_V70_D0120_P9__G26__ch6__nav_sage_v2__ingestion_20260825_event_path_v1__candidate_2285,F1023_V70_D0120_P9__G26__ch6__nav_sage_v2__ingestion_20260825_event_path_v1,F1023_V70_D0120_P9,G26,2285,76.209369599218,4,3,3,1,confirmed_multipath,F1023_V70_D0120_P9__G26__ch6__nav_sage_v2__ingestion_20260825_event_path_v1__event_2285,scenes/F1023_V70_D0120_P9/sage_results/nav_sage_v2/G26/stage3_reliable_centers.csv,4b39fe54afcf05ec78151b7287f63289715cc234a1a77d3b518425c7ff5fc940,7,eligible_pending_modeling_qa,sage-event-path-db-v1
F1023_V70_D0120_P9__G26__ch6__nav_sage_v2__ingestion_20260825_event_path_v1__candidate_2303,F1023_V70_D0120_P9__G26__ch6__nav_sage_v2__ingestion_20260825_event_path_v1,F1023_V70_D0120_P9,G26,2303,76.5693709677419,4,3,3,1,rejected_candidate,F1023_V70_D0120_P9__G26__ch6__nav_sage_v2__ingestion_20260825_event_path_v1__event_2303,scenes/F1023_V70_D0120_P9/sage_results/nav_sage_v2/G26/stage3_reliable_centers.csv,4b39fe54afcf05ec78151b7287f63289715cc234a1a77d3b518425c7ff5fc940,8,eligible_pending_modeling_qa,sage-event-path-db-v1
F1023_V70_D0120_P9__G26__ch6__nav_sage_v2__ingestion_20260825_event_path_v1__candidate_2304,F1023_V70_D0120_P9__G26__ch6__nav_sage_v2__ingestion_20260825_event_path_v1,F1023_V70_D0120_P9,G26,2304,76.5893709677419,4,3,3,1,rejected_candidate,F1023_V70_D0120_P9__G26__ch6__nav_sage_v2__ingestion_20260825_event_path_v1__event_2304,scenes/F1023_V70_D0120_P9/sage_results/nav_sage_v2/G26/stage3_reliable_centers.csv,4b39fe54afcf05ec78151b7287f63289715cc234a1a77d3b518425c7ff5fc940,9,eligible_pending_modeling_qa,sage-event-path-db-v1
F1023_V70_D0120_P9__G26__ch6__nav_sage_v2__ingestion_20260825_event_path_v1__candidate_2305,F1023_V70_D0120_P9__G26__ch6__nav_sage_v2__ingestion_20260825_event_path_v1,F1023_V70_D0120_P9,G26,2305,76.6093710654936,4,3,3,1,not_joint_evaluated,,scenes/F1023_V70_D0120_P9/sage_results/nav_sage_v2/G26/stage3_reliable_centers.csv,4b39fe54afcf05ec78151b7287f63289715cc234a1a77d3b518425c7ff5fc940,10,eligible_pending_modeling_qa,sage-event-path-db-v1
F1023_V70_D0120_P9__G26__ch6__nav_sage_v2__ingestion_20260825_event_path_v1__candidate_1405,F1023_V70_D0120_P9__G26__ch6__nav_sage_v2__ingestion_20260825_event_path_v1,F1023_V70_D0120_P9,G26,1405,58.6093052785924,3,2,3,1,not_joint_evaluated,,scenes/F1023_V70_D0120_P9/sage_results/nav_sage_v2/G26/stage3_reliable_centers.csv,4b39fe54afcf05ec78151b7287f63289715cc234a1a77d3b518425c7ff5fc940,11,eligible_pending_modeling_qa,sage-event-path-db-v1
F1023_V70_D0120_P9__G26__ch6__nav_sage_v2__ingestion_20260825_event_path_v1__candidate_1406,F1023_V70_D0120_P9__G26__ch6__nav_sage_v2__ingestion_20260825_event_path_v1,F1023_V70_D0120_P9,G26,1406,58.6293053763441,3,2,3,1,not_joint_evaluated,,scenes/F1023_V70_D0120_P9/sage_results/nav_sage_v2/G26/stage3_reliable_centers.csv,4b39fe54afcf05ec78151b7287f63289715cc234a1a77d3b518425c7ff5fc940,12,eligible_pending_modeling_qa,sage-event-path-db-v1
F1023_V70_D0120_P9__G26__ch6__nav_sage_v2__ingestion_20260825_event_path_v1__candidate_1259,F1023_V70_D0120_P9__G26__ch6__nav_sage_v2__ingestion_20260825_event_path_v1,F1023_V70_D0120_P9,G26,1259,55.6892946236559,2,1,4,1,not_joint_evaluated,,scenes/F1023_V70_D0120_P9/sage_results/nav_sage_v2/G26/stage3_reliable_centers.csv,4b39fe54afcf05ec78151b7287f63289715cc234a1a77d3b518425c7ff5fc940,13,eligible_pending_modeling_qa,sage-event-path-db-v1
F1023_V70_D0120_P9__G27__ch5__nav_sage_v2__ingestion_20260825_event_path_v1__candidate_823,F1023_V70_D0120_P9__G27__ch5__nav_sage_v2__ingestion_20260825_event_path_v1,F1023_V70_D0120_P9,G27,823,76.9782062561095,3,2,3,1,confirmed_multipath,F1023_V70_D0120_P9__G27__ch5__nav_sage_v2__ingestion_20260825_event_path_v1__event_823,scenes/F1023_V70_D0120_P9/sage_results/nav_sage_v2/G27/stage3_reliable_centers.csv,4dcfe930dca598b5b06fdfed2ba045321dfbed456d467789622dd5061cfb252b,2,eligible_pending_modeling_qa,sage-event-path-db-v1
F1023_V70_D0120_P9__G27__ch5__nav_sage_v2__ingestion_20260825_event_path_v1__candidate_822,F1023_V70_D0120_P9__G27__ch5__nav_sage_v2__ingestion_20260825_event_path_v1,F1023_V70_D0120_P9,G27,822,76.9582062561095,2,1,5,1,confirmed_multipath,F1023_V70_D0120_P9__G27__ch5__nav_sage_v2__ingestion_20260825_event_path_v1__event_822,scenes/F1023_V70_D0120_P9/sage_results/nav_sage_v2/G27/stage3_reliable_centers.csv,4dcfe930dca598b5b06fdfed2ba045321dfbed456d467789622dd5061cfb252b,3,eligible_pending_modeling_qa,sage-event-path-db-v1
F1023_V70_D0120_P9__G27__ch5__nav_sage_v2__ingestion_20260825_event_path_v1__candidate_845,F1023_V70_D0120_P9__G27__ch5__nav_sage_v2__ingestion_20260825_event_path_v1,F1023_V70_D0120_P9,G27,845,77.4182068426197,2,1,5,1,confirmed_multipath,F1023_V70_D0120_P9__G27__ch5__nav_sage_v2__ingestion_20260825_event_path_v1__event_845,scenes/F1023_V70_D0120_P9/sage_results/nav_sage_v2/G27/stage3_reliable_centers.csv,4dcfe930dca598b5b06fdfed2ba045321dfbed456d467789622dd5061cfb252b,4,eligible_pending_modeling_qa,sage-event-path-db-v1
F1023_V70_D0120_P9__G27__ch5__nav_sage_v2__ingestion_20260825_event_path_v1__candidate_846,F1023_V70_D0120_P9__G27__ch5__nav_sage_v2__ingestion_20260825_event_path_v1,F1023_V70_D0120_P9,G27,846,77.4382069403715,2,1,5,1,confirmed_multipath,F1023_V70_D0120_P9__G27__ch5__nav_sage_v2__ingestion_20260825_event_path_v1__event_846,scenes/F1023_V70_D0120_P9/sage_results/nav_sage_v2/G27/stage3_reliable_centers.csv,4dcfe930dca598b5b06fdfed2ba045321dfbed456d467789622dd5061cfb252b,5,eligible_pending_modeling_qa,sage-event-path-db-v1
F1023_V70_D0120_P9__G27__ch5__nav_sage_v2__ingestion_20260825_event_path_v1__candidate_847,F1023_V70_D0120_P9__G27__ch5__nav_sage_v2__ingestion_20260825_event_path_v1,F1023_V70_D0120_P9,G27,847,77.4582069403715,2,1,5,1,confirmed_multipath,F1023_V70_D0120_P9__G27__ch5__nav_sage_v2__ingestion_20260825_event_path_v1__event_847,scenes/F1023_V70_D0120_P9/sage_results/nav_sage_v2/G27/stage3_reliable_centers.csv,4dcfe930dca598b5b06fdfed2ba045321dfbed456d467789622dd5061cfb252b,6,eligible_pending_modeling_qa,sage-event-path-db-v1
F1023_V70_D0120_P9__G27__ch5__nav_sage_v2__ingestion_20260825_event_path_v1__candidate_755,F1023_V70_D0120_P9__G27__ch5__nav_sage_v2__ingestion_20260825_event_path_v1,F1023_V70_D0120_P9,G27,755,75.6182045943304,2,1,4,1,confirmed_multipath,F1023_V70_D0120_P9__G27__ch5__nav_sage_v2__ingestion_20260825_event_path_v1__event_755,scenes/F1023_V70_D0120_P9/sage_results/nav_sage_v2/G27/stage3_reliable_centers.csv,4dcfe930dca598b5b06fdfed2ba045321dfbed456d467789622dd5061cfb252b,7,eligible_pending_modeling_qa,sage-event-path-db-v1
F1023_V70_D0120_P9__G27__ch5__nav_sage_v2__ingestion_20260825_event_path_v1__candidate_757,F1023_V70_D0120_P9__G27__ch5__nav_sage_v2__ingestion_20260825_event_path_v1,F1023_V70_D0120_P9,G27,757,75.6582045943304,2,1,4,1,confirmed_multipath,F1023_V70_D0120_P9__G27__ch5__nav_sage_v2__ingestion_20260825_event_path_v1__event_757,scenes/F1023_V70_D0120_P9/sage_results/nav_sage_v2/G27/stage3_reliable_centers.csv,4dcfe930dca598b5b06fdfed2ba045321dfbed456d467789622dd5061cfb252b,8,eligible_pending_modeling_qa,sage-event-path-db-v1
F1023_V70_D0120_P9__G27__ch5__nav_sage_v2__ingestion_20260825_event_path_v1__candidate_796,F1023_V70_D0120_P9__G27__ch5__nav_sage_v2__ingestion_20260825_event_path_v1,F1023_V70_D0120_P9,G27,796,76.4382055718475,2,1,4,1,confirmed_multipath,F1023_V70_D0120_P9__G27__ch5__nav_sage_v2__ingestion_20260825_event_path_v1__event_796,scenes/F1023_V70_D0120_P9/sage_results/nav_sage_v2/G27/stage3_reliable_centers.csv,4dcfe930dca598b5b06fdfed2ba045321dfbed456d467789622dd5061cfb252b,9,eligible_pending_modeling_qa,sage-event-path-db-v1
F1023_V70_D0120_P9__G27__ch5__nav_sage_v2__ingestion_20260825_event_path_v1__candidate_828,F1023_V70_D0120_P9__G27__ch5__nav_sage_v2__ingestion_20260825_event_path_v1,F1023_V70_D0120_P9,G27,828,77.0782064516129,2,1,4,1,not_joint_evaluated,,scenes/F1023_V70_D0120_P9/sage_results/nav_sage_v2/G27/stage3_reliable_centers.csv,4dcfe930dca598b5b06fdfed2ba045321dfbed456d467789622dd5061cfb252b,10,eligible_pending_modeling_qa,sage-event-path-db-v1
F1023_V70_D0120_P9__G27__ch5__nav_sage_v2__ingestion_20260825_event_path_v1__candidate_829,F1023_V70_D0120_P9__G27__ch5__nav_sage_v2__ingestion_20260825_event_path_v1,F1023_V70_D0120_P9,G27,829,77.0982064516129,2,1,4,1,not_joint_evaluated,,scenes/F1023_V70_D0120_P9/sage_results/nav_sage_v2/G27/stage3_reliable_centers.csv,4dcfe930dca598b5b06fdfed2ba045321dfbed456d467789622dd5061cfb252b,11,eligible_pending_modeling_qa,sage-event-path-db-v1
F1023_V70_D0120_P9__G27__ch5__nav_sage_v2__ingestion_20260825_event_path_v1__candidate_844,F1023_V70_D0120_P9__G27__ch5__nav_sage_v2__ingestion_20260825_event_path_v1,F1023_V70_D0120_P9,G27,844,77.3982068426197,2,1,4,1,not_joint_evaluated,,scenes/F1023_V70_D0120_P9/sage_results/nav_sage_v2/G27/stage3_reliable_centers.csv,4dcfe930dca598b5b06fdfed2ba045321dfbed456d467789622dd5061cfb252b,12,eligible_pending_modeling_qa,sage-event-path-db-v1
F1023_V70_D0120_P9__G27__ch5__nav_sage_v2__ingestion_20260825_event_path_v1__candidate_149,F1023_V70_D0120_P9__G27__ch5__nav_sage_v2__ingestion_20260825_event_path_v1,F1023_V70_D0120_P9,G27,149,63.4981893450635,2,1,3,1,not_joint_evaluated,,scenes/F1023_V70_D0120_P9/sage_results/nav_sage_v2/G27/stage3_reliable_centers.csv,4dcfe930dca598b5b06fdfed2ba045321dfbed456d467789622dd5061cfb252b,13,eligible_pending_modeling_qa,sage-event-path-db-v1
F1023_V70_D0120_P9__G27__ch5__nav_sage_v2__ingestion_20260825_event_path_v1__candidate_170,F1023_V70_D0120_P9__G27__ch5__nav_sage_v2__ingestion_20260825_event_path_v1,F1023_V70_D0120_P9,G27,170,63.9181899315738,2,1,3,1,not_joint_evaluated,,scenes/F1023_V70_D0120_P9/sage_results/nav_sage_v2/G27/stage3_reliable_centers.csv,4dcfe930dca598b5b06fdfed2ba045321dfbed456d467789622dd5061cfb252b,14,eligible_pending_modeling_qa,sage-event-path-db-v1
F1023_V70_D0120_P9__G27__ch5__nav_sage_v2__ingestion_20260825_event_path_v1__candidate_171,F1023_V70_D0120_P9__G27__ch5__nav_sage_v2__ingestion_20260825_event_path_v1,F1023_V70_D0120_P9,G27,171,63.9381899315738,2,1,3,1,not_joint_evaluated,,scenes/F1023_V70_D0120_P9/sage_results/nav_sage_v2/G27/stage3_reliable_centers.csv,4dcfe930dca598b5b06fdfed2ba045321dfbed456d467789622dd5061cfb252b,15,eligible_pending_modeling_qa,sage-event-path-db-v1
F1023_V70_D0120_P9__G27__ch5__nav_sage_v2__ingestion_20260825_event_path_v1__candidate_172,F1023_V70_D0120_P9__G27__ch5__nav_sage_v2__ingestion_20260825_event_path_v1,F1023_V70_D0120_P9,G27,172,63.9581899315738,2,1,3,1,not_joint_evaluated,,scenes/F1023_V70_D0120_P9/sage_results/nav_sage_v2/G27/stage3_reliable_centers.csv,4dcfe930dca598b5b06fdfed2ba045321dfbed456d467789622dd5061cfb252b,16,eligible_pending_modeling_qa,sage-event-path-db-v1
F1023_V70_D0120_P9__G27__ch5__nav_sage_v2__ingestion_20260825_event_path_v1__candidate_758,F1023_V70_D0120_P9__G27__ch5__nav_sage_v2__ingestion_20260825_event_path_v1,F1023_V70_D0120_P9,G27,758,75.6782046920821,2,1,3,1,not_joint_evaluated,,scenes/F1023_V70_D0120_P9/sage_results/nav_sage_v2/G27/stage3_reliable_centers.csv,4dcfe930dca598b5b06fdfed2ba045321dfbed456d467789622dd5061cfb252b,17,eligible_pending_modeling_qa,sage-event-path-db-v1
F1023_V70_D0120_P9__G27__ch5__nav_sage_v2__ingestion_20260825_event_path_v1__candidate_795,F1023_V70_D0120_P9__G27__ch5__nav_sage_v2__ingestion_20260825_event_path_v1,F1023_V70_D0120_P9,G27,795,76.4182055718475,2,1,3,1,not_joint_evaluated,,scenes/F1023_V70_D0120_P9/sage_results/nav_sage_v2/G27/stage3_reliable_centers.csv,4dcfe930dca598b5b06fdfed2ba045321dfbed456d467789622dd5061cfb252b,18,eligible_pending_modeling_qa,sage-event-path-db-v1
F1023_V70_D0120_P9__G27__ch5__nav_sage_v2__ingestion_20260825_event_path_v1__candidate_798,F1023_V70_D0120_P9__G27__ch5__nav_sage_v2__ingestion_20260825_event_path_v1,F1023_V70_D0120_P9,G27,798,76.4782056695992,2,1,3,1,not_joint_evaluated,,scenes/F1023_V70_D0120_P9/sage_results/nav_sage_v2/G27/stage3_reliable_centers.csv,4dcfe930dca598b5b06fdfed2ba045321dfbed456d467789622dd5061cfb252b,19,eligible_pending_modeling_qa,sage-event-path-db-v1
F1023_V70_D0120_P9__G27__ch5__nav_sage_v2__ingestion_20260825_event_path_v1__candidate_802,F1023_V70_D0120_P9__G27__ch5__nav_sage_v2__ingestion_20260825_event_path_v1,F1023_V70_D0120_P9,G27,802,76.5582057673509,2,1,3,1,not_joint_evaluated,,scenes/F1023_V70_D0120_P9/sage_results/nav_sage_v2/G27/stage3_reliable_centers.csv,4dcfe930dca598b5b06fdfed2ba045321dfbed456d467789622dd5061cfb252b,20,eligible_pending_modeling_qa,sage-event-path-db-v1
F1023_V70_D0120_P9__G27__ch5__nav_sage_v2__ingestion_20260825_event_path_v1__candidate_803,F1023_V70_D0120_P9__G27__ch5__nav_sage_v2__ingestion_20260825_event_path_v1,F1023_V70_D0120_P9,G27,803,76.5782057673509,2,1,3,1,not_joint_evaluated,,scenes/F1023_V70_D0120_P9/sage_results/nav_sage_v2/G27/stage3_reliable_centers.csv,4dcfe930dca598b5b06fdfed2ba045321dfbed456d467789622dd5061cfb252b,21,eligible_pending_modeling_qa,sage-event-path-db-v1
F1023_V70_D0120_P9__G27__ch5__nav_sage_v2__ingestion_20260825_event_path_v1__candidate_825,F1023_V70_D0120_P9__G27__ch5__nav_sage_v2__ingestion_20260825_event_path_v1,F1023_V70_D0120_P9,G27,825,77.0182063538612,2,1,3,1,not_joint_evaluated,,scenes/F1023_V70_D0120_P9/sage_results/nav_sage_v2/G27/stage3_reliable_centers.csv,4dcfe930dca598b5b06fdfed2ba045321dfbed456d467789622dd5061cfb252b,22,eligible_pending_modeling_qa,sage-event-path-db-v1
F1023_V70_D0120_P9__G27__ch5__nav_sage_v2__ingestion_20260825_event_path_v1__candidate_827,F1023_V70_D0120_P9__G27__ch5__nav_sage_v2__ingestion_20260825_event_path_v1,F1023_V70_D0120_P9,G27,827,77.0582063538612,2,1,3,1,not_joint_evaluated,,scenes/F1023_V70_D0120_P9/sage_results/nav_sage_v2/G27/stage3_reliable_centers.csv,4dcfe930dca598b5b06fdfed2ba045321dfbed456d467789622dd5061cfb252b,23,eligible_pending_modeling_qa,sage-event-path-db-v1
F1023_V70_D0120_P9__G27__ch5__nav_sage_v2__ingestion_20260825_event_path_v1__candidate_830,F1023_V70_D0120_P9__G27__ch5__nav_sage_v2__ingestion_20260825_event_path_v1,F1023_V70_D0120_P9,G27,830,77.1182065493646,2,1,3,1,not_joint_evaluated,,scenes/F1023_V70_D0120_P9/sage_results/nav_sage_v2/G27/stage3_reliable_centers.csv,4dcfe930dca598b5b06fdfed2ba045321dfbed456d467789622dd5061cfb252b,24,eligible_pending_modeling_qa,sage-event-path-db-v1
F1023_V70_D0120_P9__G27__ch5__nav_sage_v2__ingestion_20260825_event_path_v1__candidate_843,F1023_V70_D0120_P9__G27__ch5__nav_sage_v2__ingestion_20260825_event_path_v1,F1023_V70_D0120_P9,G27,843,77.3782068426197,2,1,3,1,not_joint_evaluated,,scenes/F1023_V70_D0120_P9/sage_results/nav_sage_v2/G27/stage3_reliable_centers.csv,4dcfe930dca598b5b06fdfed2ba045321dfbed456d467789622dd5061cfb252b,25,eligible_pending_modeling_qa,sage-event-path-db-v1
F1023_V70_D0120_P9__G28__ch11__nav_sage_v2__ingestion_20260825_event_path_v1__candidate_592,F1023_V70_D0120_P9__G28__ch11__nav_sage_v2__ingestion_20260825_event_path_v1,F1023_V70_D0120_P9,G28,592,60.3639391006843,2,1,3,1,rejected_candidate,F1023_V70_D0120_P9__G28__ch11__nav_sage_v2__ingestion_20260825_event_path_v1__event_592,scenes/F1023_V70_D0120_P9/sage_results/nav_sage_v2/G28/stage3_reliable_centers.csv,f7e96d407b7b83ef8b1cb2ac0782d31a135c426acc877023c0016fe9422b4c2c,2,eligible_pending_modeling_qa,sage-event-path-db-v1
F1023_V70_D0120_P9__G29__ch4__nav_sage_v2__ingestion_20260825_event_path_v1__candidate_1305,F1023_V70_D0120_P9__G29__ch4__nav_sage_v2__ingestion_20260825_event_path_v1,F1023_V70_D0120_P9,G29,1305,56.6177802541544,3,2,3,1,rejected_candidate,F1023_V70_D0120_P9__G29__ch4__nav_sage_v2__ingestion_20260825_event_path_v1__event_1305,scenes/F1023_V70_D0120_P9/sage_results/nav_sage_v2/G29/stage3_reliable_centers.csv,2a13532ea1ee9c3769228aeb962a0a76ec6c6234caa72608ab053777b9678712,2,eligible_pending_modeling_qa,sage-event-path-db-v1
F1023_V70_D0120_P9__G29__ch4__nav_sage_v2__ingestion_20260825_event_path_v1__candidate_1306,F1023_V70_D0120_P9__G29__ch4__nav_sage_v2__ingestion_20260825_event_path_v1,F1023_V70_D0120_P9,G29,1306,56.6377803519062,3,2,3,1,rejected_candidate,F1023_V70_D0120_P9__G29__ch4__nav_sage_v2__ingestion_20260825_event_path_v1__event_1306,scenes/F1023_V70_D0120_P9/sage_results/nav_sage_v2/G29/stage3_reliable_centers.csv,2a13532ea1ee9c3769228aeb962a0a76ec6c6234caa72608ab053777b9678712,3,eligible_pending_modeling_qa,sage-event-path-db-v1
F1023_V70_D0120_P9__G29__ch4__nav_sage_v2__ingestion_20260825_event_path_v1__candidate_2559,F1023_V70_D0120_P9__G29__ch4__nav_sage_v2__ingestion_20260825_event_path_v1,F1023_V70_D0120_P9,G29,2559,81.6979092864125,3,2,3,1,rejected_candidate,F1023_V70_D0120_P9__G29__ch4__nav_sage_v2__ingestion_20260825_event_path_v1__event_2559,scenes/F1023_V70_D0120_P9/sage_results/nav_sage_v2/G29/stage3_reliable_centers.csv,2a13532ea1ee9c3769228aeb962a0a76ec6c6234caa72608ab053777b9678712,4,eligible_pending_modeling_qa,sage-event-path-db-v1
F1023_V70_D0120_P9__G29__ch4__nav_sage_v2__ingestion_20260825_event_path_v1__candidate_494,F1023_V70_D0120_P9__G29__ch4__nav_sage_v2__ingestion_20260825_event_path_v1,F1023_V70_D0120_P9,G29,494,40.3976967741935,2,1,3,1,rejected_candidate,F1023_V70_D0120_P9__G29__ch4__nav_sage_v2__ingestion_20260825_event_path_v1__event_494,scenes/F1023_V70_D0120_P9/sage_results/nav_sage_v2/G29/stage3_reliable_centers.csv,2a13532ea1ee9c3769228aeb962a0a76ec6c6234caa72608ab053777b9678712,5,eligible_pending_modeling_qa,sage-event-path-db-v1
F1023_V70_D0120_P9__G29__ch4__nav_sage_v2__ingestion_20260825_event_path_v1__candidate_495,F1023_V70_D0120_P9__G29__ch4__nav_sage_v2__ingestion_20260825_event_path_v1,F1023_V70_D0120_P9,G29,495,40.4176968719453,2,1,3,1,rejected_candidate,F1023_V70_D0120_P9__G29__ch4__nav_sage_v2__ingestion_20260825_event_path_v1__event_495,scenes/F1023_V70_D0120_P9/sage_results/nav_sage_v2/G29/stage3_reliable_centers.csv,2a13532ea1ee9c3769228aeb962a0a76ec6c6234caa72608ab053777b9678712,6,eligible_pending_modeling_qa,sage-event-path-db-v1
F1023_V70_D0120_P9__G29__ch4__nav_sage_v2__ingestion_20260825_event_path_v1__candidate_559,F1023_V70_D0120_P9__G29__ch4__nav_sage_v2__ingestion_20260825_event_path_v1,F1023_V70_D0120_P9,G29,559,41.6977034213099,2,1,3,1,rejected_candidate,F1023_V70_D0120_P9__G29__ch4__nav_sage_v2__ingestion_20260825_event_path_v1__event_559,scenes/F1023_V70_D0120_P9/sage_results/nav_sage_v2/G29/stage3_reliable_centers.csv,2a13532ea1ee9c3769228aeb962a0a76ec6c6234caa72608ab053777b9678712,7,eligible_pending_modeling_qa,sage-event-path-db-v1
F1023_V70_D0120_P9__G29__ch4__nav_sage_v2__ingestion_20260825_event_path_v1__candidate_560,F1023_V70_D0120_P9__G29__ch4__nav_sage_v2__ingestion_20260825_event_path_v1,F1023_V70_D0120_P9,G29,560,41.7177035190616,2,1,3,1,confirmed_multipath,F1023_V70_D0120_P9__G29__ch4__nav_sage_v2__ingestion_20260825_event_path_v1__event_560,scenes/F1023_V70_D0120_P9/sage_results/nav_sage_v2/G29/stage3_reliable_centers.csv,2a13532ea1ee9c3769228aeb962a0a76ec6c6234caa72608ab053777b9678712,8,eligible_pending_modeling_qa,sage-event-path-db-v1
F1023_V70_D0120_P9__G29__ch4__nav_sage_v2__ingestion_20260825_event_path_v1__candidate_2539,F1023_V70_D0120_P9__G29__ch4__nav_sage_v2__ingestion_20260825_event_path_v1,F1023_V70_D0120_P9,G29,2539,81.2979072336266,2,1,3,1,rejected_candidate,F1023_V70_D0120_P9__G29__ch4__nav_sage_v2__ingestion_20260825_event_path_v1__event_2539,scenes/F1023_V70_D0120_P9/sage_results/nav_sage_v2/G29/stage3_reliable_centers.csv,2a13532ea1ee9c3769228aeb962a0a76ec6c6234caa72608ab053777b9678712,9,eligible_pending_modeling_qa,sage-event-path-db-v1
F1023_V70_D0120_P9__G29__ch4__nav_sage_v2__ingestion_20260825_event_path_v1__candidate_2540,F1023_V70_D0120_P9__G29__ch4__nav_sage_v2__ingestion_20260825_event_path_v1,F1023_V70_D0120_P9,G29,2540,81.3179073313783,2,1,3,1,not_joint_evaluated,,scenes/F1023_V70_D0120_P9/sage_results/nav_sage_v2/G29/stage3_reliable_centers.csv,2a13532ea1ee9c3769228aeb962a0a76ec6c6234caa72608ab053777b9678712,10,eligible_pending_modeling_qa,sage-event-path-db-v1
F1023_V70_D0120_P9__G31__ch7__nav_sage_v2__ingestion_20260825_event_path_v1__candidate_1476,F1023_V70_D0120_P9__G31__ch7__nav_sage_v2__ingestion_20260825_event_path_v1,F1023_V70_D0120_P9,G31,1476,78.0380546432063,4,3,3,1,confirmed_multipath,F1023_V70_D0120_P9__G31__ch7__nav_sage_v2__ingestion_20260825_event_path_v1__event_1476,scenes/F1023_V70_D0120_P9/sage_results/nav_sage_v2/G31/stage3_reliable_centers.csv,c54a78673a2d203771e1f9c385ed9e9a7decd2a76e3534d0f7b8897fc212b104,2,eligible_pending_modeling_qa,sage-event-path-db-v1
F1023_V70_D0120_P9__G31__ch7__nav_sage_v2__ingestion_20260825_event_path_v1__candidate_1477,F1023_V70_D0120_P9__G31__ch7__nav_sage_v2__ingestion_20260825_event_path_v1,F1023_V70_D0120_P9,G31,1477,78.0580548387097,4,3,3,1,rejected_candidate,F1023_V70_D0120_P9__G31__ch7__nav_sage_v2__ingestion_20260825_event_path_v1__event_1477,scenes/F1023_V70_D0120_P9/sage_results/nav_sage_v2/G31/stage3_reliable_centers.csv,c54a78673a2d203771e1f9c385ed9e9a7decd2a76e3534d0f7b8897fc212b104,3,eligible_pending_modeling_qa,sage-event-path-db-v1
F1023_V70_D0120_P9__G31__ch7__nav_sage_v2__ingestion_20260825_event_path_v1__candidate_1478,F1023_V70_D0120_P9__G31__ch7__nav_sage_v2__ingestion_20260825_event_path_v1,F1023_V70_D0120_P9,G31,1478,78.0780549364614,4,3,3,1,rejected_candidate,F1023_V70_D0120_P9__G31__ch7__nav_sage_v2__ingestion_20260825_event_path_v1__event_1478,scenes/F1023_V70_D0120_P9/sage_results/nav_sage_v2/G31/stage3_reliable_centers.csv,c54a78673a2d203771e1f9c385ed9e9a7decd2a76e3534d0f7b8897fc212b104,4,eligible_pending_modeling_qa,sage-event-path-db-v1
F1023_V70_D0120_P9__G31__ch7__nav_sage_v2__ingestion_20260825_event_path_v1__candidate_449,F1023_V70_D0120_P9__G31__ch7__nav_sage_v2__ingestion_20260825_event_path_v1,F1023_V70_D0120_P9,G31,449,57.4979465298143,3,2,3,1,confirmed_multipath,F1023_V70_D0120_P9__G31__ch7__nav_sage_v2__ingestion_20260825_event_path_v1__event_449,scenes/F1023_V70_D0120_P9/sage_results/nav_sage_v2/G31/stage3_reliable_centers.csv,c54a78673a2d203771e1f9c385ed9e9a7decd2a76e3534d0f7b8897fc212b104,5,eligible_pending_modeling_qa,sage-event-path-db-v1
F1023_V70_D0120_P9__G31__ch7__nav_sage_v2__ingestion_20260825_event_path_v1__candidate_450,F1023_V70_D0120_P9__G31__ch7__nav_sage_v2__ingestion_20260825_event_path_v1,F1023_V70_D0120_P9,G31,450,57.517946627566,3,2,3,1,rejected_candidate,F1023_V70_D0120_P9__G31__ch7__nav_sage_v2__ingestion_20260825_event_path_v1__event_450,scenes/F1023_V70_D0120_P9/sage_results/nav_sage_v2/G31/stage3_reliable_centers.csv,c54a78673a2d203771e1f9c385ed9e9a7decd2a76e3534d0f7b8897fc212b104,6,eligible_pending_modeling_qa,sage-event-path-db-v1
F1023_V70_D0120_P9__G31__ch7__nav_sage_v2__ingestion_20260825_event_path_v1__candidate_451,F1023_V70_D0120_P9__G31__ch7__nav_sage_v2__ingestion_20260825_event_path_v1,F1023_V70_D0120_P9,G31,451,57.5379468230694,3,2,3,1,confirmed_multipath,F1023_V70_D0120_P9__G31__ch7__nav_sage_v2__ingestion_20260825_event_path_v1__event_451,scenes/F1023_V70_D0120_P9/sage_results/nav_sage_v2/G31/stage3_reliable_centers.csv,c54a78673a2d203771e1f9c385ed9e9a7decd2a76e3534d0f7b8897fc212b104,7,eligible_pending_modeling_qa,sage-event-path-db-v1
F1023_V70_D0120_P9__G31__ch7__nav_sage_v2__ingestion_20260825_event_path_v1__candidate_1062,F1023_V70_D0120_P9__G31__ch7__nav_sage_v2__ingestion_20260825_event_path_v1,F1023_V70_D0120_P9,G31,1062,69.7580110459433,3,2,3,1,rejected_candidate,F1023_V70_D0120_P9__G31__ch7__nav_sage_v2__ingestion_20260825_event_path_v1__event_1062,scenes/F1023_V70_D0120_P9/sage_results/nav_sage_v2/G31/stage3_reliable_centers.csv,c54a78673a2d203771e1f9c385ed9e9a7decd2a76e3534d0f7b8897fc212b104,8,eligible_pending_modeling_qa,sage-event-path-db-v1
F1023_V70_D0120_P9__G31__ch7__nav_sage_v2__ingestion_20260825_event_path_v1__candidate_1063,F1023_V70_D0120_P9__G31__ch7__nav_sage_v2__ingestion_20260825_event_path_v1,F1023_V70_D0120_P9,G31,1063,69.778011143695,3,2,3,1,rejected_candidate,F1023_V70_D0120_P9__G31__ch7__nav_sage_v2__ingestion_20260825_event_path_v1__event_1063,scenes/F1023_V70_D0120_P9/sage_results/nav_sage_v2/G31/stage3_reliable_centers.csv,c54a78673a2d203771e1f9c385ed9e9a7decd2a76e3534d0f7b8897fc212b104,9,eligible_pending_modeling_qa,sage-event-path-db-v1
F1023_V70_D0120_P9__G31__ch7__nav_sage_v2__ingestion_20260825_event_path_v1__candidate_1064,F1023_V70_D0120_P9__G31__ch7__nav_sage_v2__ingestion_20260825_event_path_v1,F1023_V70_D0120_P9,G31,1064,69.7980112414467,3,2,3,1,not_joint_evaluated,,scenes/F1023_V70_D0120_P9/sage_results/nav_sage_v2/G31/stage3_reliable_centers.csv,c54a78673a2d203771e1f9c385ed9e9a7decd2a76e3534d0f7b8897fc212b104,10,eligible_pending_modeling_qa,sage-event-path-db-v1
F1023_V70_D0120_P9__G31__ch7__nav_sage_v2__ingestion_20260825_event_path_v1__candidate_1593,F1023_V70_D0120_P9__G31__ch7__nav_sage_v2__ingestion_20260825_event_path_v1,F1023_V70_D0120_P9,G31,1593,80.3780669599218,3,2,3,1,not_joint_evaluated,,scenes/F1023_V70_D0120_P9/sage_results/nav_sage_v2/G31/stage3_reliable_centers.csv,c54a78673a2d203771e1f9c385ed9e9a7decd2a76e3534d0f7b8897fc212b104,11,eligible_pending_modeling_qa,sage-event-path-db-v1
F1023_V70_D0120_P9__G31__ch7__nav_sage_v2__ingestion_20260825_event_path_v1__candidate_455,F1023_V70_D0120_P9__G31__ch7__nav_sage_v2__ingestion_20260825_event_path_v1,F1023_V70_D0120_P9,G31,455,57.6179472140762,2,1,5,1,not_joint_evaluated,,scenes/F1023_V70_D0120_P9/sage_results/nav_sage_v2/G31/stage3_reliable_centers.csv,c54a78673a2d203771e1f9c385ed9e9a7decd2a76e3534d0f7b8897fc212b104,12,eligible_pending_modeling_qa,sage-event-path-db-v1
F1023_V70_D0120_P9__G31__ch7__nav_sage_v2__ingestion_20260825_event_path_v1__candidate_454,F1023_V70_D0120_P9__G31__ch7__nav_sage_v2__ingestion_20260825_event_path_v1,F1023_V70_D0120_P9,G31,454,57.5979471163245,2,1,4,1,not_joint_evaluated,,scenes/F1023_V70_D0120_P9/sage_results/nav_sage_v2/G31/stage3_reliable_centers.csv,c54a78673a2d203771e1f9c385ed9e9a7decd2a76e3534d0f7b8897fc212b104,13,eligible_pending_modeling_qa,sage-event-path-db-v1
F1023_V70_D0120_P9__G31__ch7__nav_sage_v2__ingestion_20260825_event_path_v1__candidate_456,F1023_V70_D0120_P9__G31__ch7__nav_sage_v2__ingestion_20260825_event_path_v1,F1023_V70_D0120_P9,G31,456,57.637947311828,2,1,4,1,not_joint_evaluated,,scenes/F1023_V70_D0120_P9/sage_results/nav_sage_v2/G31/stage3_reliable_centers.csv,c54a78673a2d203771e1f9c385ed9e9a7decd2a76e3534d0f7b8897fc212b104,14,eligible_pending_modeling_qa,sage-event-path-db-v1
F1023_V70_D0120_P9__G31__ch7__nav_sage_v2__ingestion_20260825_event_path_v1__candidate_453,F1023_V70_D0120_P9__G31__ch7__nav_sage_v2__ingestion_20260825_event_path_v1,F1023_V70_D0120_P9,G31,453,57.5779470185728,2,1,3,1,not_joint_evaluated,,scenes/F1023_V70_D0120_P9/sage_results/nav_sage_v2/G31/stage3_reliable_centers.csv,c54a78673a2d203771e1f9c385ed9e9a7decd2a76e3534d0f7b8897fc212b104,15,eligible_pending_modeling_qa,sage-event-path-db-v1
F1023_V70_D0120_P9__G31__ch7__nav_sage_v2__ingestion_20260825_event_path_v1__candidate_457,F1023_V70_D0120_P9__G31__ch7__nav_sage_v2__ingestion_20260825_event_path_v1,F1023_V70_D0120_P9,G31,457,57.6579474095797,2,1,3,1,not_joint_evaluated,,scenes/F1023_V70_D0120_P9/sage_results/nav_sage_v2/G31/stage3_reliable_centers.csv,c54a78673a2d203771e1f9c385ed9e9a7decd2a76e3534d0f7b8897fc212b104,16,eligible_pending_modeling_qa,sage-event-path-db-v1
F1023_V70_D0120_P9__G31__ch7__nav_sage_v2__ingestion_20260825_event_path_v1__candidate_1065,F1023_V70_D0120_P9__G31__ch7__nav_sage_v2__ingestion_20260825_event_path_v1,F1023_V70_D0120_P9,G31,1065,69.8180114369501,2,1,3,1,not_joint_evaluated,,scenes/F1023_V70_D0120_P9/sage_results/nav_sage_v2/G31/stage3_reliable_centers.csv,c54a78673a2d203771e1f9c385ed9e9a7decd2a76e3534d0f7b8897fc212b104,17,eligible_pending_modeling_qa,sage-event-path-db-v1
F1023_V70_D0120_P9__G31__ch7__nav_sage_v2__ingestion_20260825_event_path_v1__candidate_1592,F1023_V70_D0120_P9__G31__ch7__nav_sage_v2__ingestion_20260825_event_path_v1,F1023_V70_D0120_P9,G31,1592,80.3580668621701,2,1,3,1,not_joint_evaluated,,scenes/F1023_V70_D0120_P9/sage_results/nav_sage_v2/G31/stage3_reliable_centers.csv,c54a78673a2d203771e1f9c385ed9e9a7decd2a76e3534d0f7b8897fc212b104,18,eligible_pending_modeling_qa,sage-event-path-db-v1
F1023_V70_D0120_P9__G31__ch7__nav_sage_v2__ingestion_20260825_event_path_v1__candidate_1597,F1023_V70_D0120_P9__G31__ch7__nav_sage_v2__ingestion_20260825_event_path_v1,F1023_V70_D0120_P9,G31,1597,80.4580674486804,2,1,3,1,not_joint_evaluated,,scenes/F1023_V70_D0120_P9/sage_results/nav_sage_v2/G31/stage3_reliable_centers.csv,c54a78673a2d203771e1f9c385ed9e9a7decd2a76e3534d0f7b8897fc212b104,19,eligible_pending_modeling_qa,sage-event-path-db-v1
F1023_V70_D0122_P1__G13__ch5__nav_sage_v2__ingestion_20260825_event_path_v1__candidate_67,F1023_V70_D0122_P1__G13__ch5__nav_sage_v2__ingestion_20260825_event_path_v1,F1023_V70_D0122_P1,G13,67,29.5502829912023,4,3,3,1,rejected_candidate,F1023_V70_D0122_P1__G13__ch5__nav_sage_v2__ingestion_20260825_event_path_v1__event_67,scenes/F1023_V70_D0122_P1/sage_results/nav_sage_v2/G13/stage3_reliable_centers.csv,3c958c2dcad441f85d3166026afef2e8e2003870a17b38902200f3e122b885dc,2,eligible_pending_modeling_qa,sage-event-path-db-v1
F1023_V70_D0122_P1__G13__ch5__nav_sage_v2__ingestion_20260825_event_path_v1__candidate_68,F1023_V70_D0122_P1__G13__ch5__nav_sage_v2__ingestion_20260825_event_path_v1,F1023_V70_D0122_P1,G13,68,29.5702830889541,4,3,3,1,rejected_candidate,F1023_V70_D0122_P1__G13__ch5__nav_sage_v2__ingestion_20260825_event_path_v1__event_68,scenes/F1023_V70_D0122_P1/sage_results/nav_sage_v2/G13/stage3_reliable_centers.csv,3c958c2dcad441f85d3166026afef2e8e2003870a17b38902200f3e122b885dc,3,eligible_pending_modeling_qa,sage-event-path-db-v1
F1023_V70_D0122_P1__G13__ch5__nav_sage_v2__ingestion_20260825_event_path_v1__candidate_69,F1023_V70_D0122_P1__G13__ch5__nav_sage_v2__ingestion_20260825_event_path_v1,F1023_V70_D0122_P1,G13,69,29.5902831867058,4,3,3,1,confirmed_multipath,F1023_V70_D0122_P1__G13__ch5__nav_sage_v2__ingestion_20260825_event_path_v1__event_69,scenes/F1023_V70_D0122_P1/sage_results/nav_sage_v2/G13/stage3_reliable_centers.csv,3c958c2dcad441f85d3166026afef2e8e2003870a17b38902200f3e122b885dc,4,eligible_pending_modeling_qa,sage-event-path-db-v1
F1023_V70_D0122_P1__G13__ch5__nav_sage_v2__ingestion_20260825_event_path_v1__candidate_208,F1023_V70_D0122_P1__G13__ch5__nav_sage_v2__ingestion_20260825_event_path_v1,F1023_V70_D0122_P1,G13,208,32.3702983382209,2,1,4,1,rejected_candidate,F1023_V70_D0122_P1__G13__ch5__nav_sage_v2__ingestion_20260825_event_path_v1__event_208,scenes/F1023_V70_D0122_P1/sage_results/nav_sage_v2/G13/stage3_reliable_centers.csv,3c958c2dcad441f85d3166026afef2e8e2003870a17b38902200f3e122b885dc,5,eligible_pending_modeling_qa,sage-event-path-db-v1
F1023_V70_D0122_P1__G13__ch5__nav_sage_v2__ingestion_20260825_event_path_v1__candidate_1291,F1023_V70_D0122_P1__G13__ch5__nav_sage_v2__ingestion_20260825_event_path_v1,F1023_V70_D0122_P1,G13,1291,60.0704495601173,2,1,4,1,confirmed_multipath,F1023_V70_D0122_P1__G13__ch5__nav_sage_v2__ingestion_20260825_event_path_v1__event_1291,scenes/F1023_V70_D0122_P1/sage_results/nav_sage_v2/G13/stage3_reliable_centers.csv,3c958c2dcad441f85d3166026afef2e8e2003870a17b38902200f3e122b885dc,6,eligible_pending_modeling_qa,sage-event-path-db-v1
F1023_V70_D0122_P1__G15__ch8__nav_sage_v2__ingestion_20260825_event_path_v1__candidate_431,F1023_V70_D0122_P1__G15__ch8__nav_sage_v2__ingestion_20260825_event_path_v1,F1023_V70_D0122_P1,G15,431,36.8260485826002,4,3,3,1,confirmed_multipath,F1023_V70_D0122_P1__G15__ch8__nav_sage_v2__ingestion_20260825_event_path_v1__event_431,scenes/F1023_V70_D0122_P1/sage_results/nav_sage_v2/G15/stage3_reliable_centers.csv,23f075c2e5415d276961e99942dca4cdd4c35397768d1ccdc5479b25449c13c3,2,eligible_pending_modeling_qa,sage-event-path-db-v1
F1023_V70_D0122_P1__G15__ch8__nav_sage_v2__ingestion_20260825_event_path_v1__candidate_432,F1023_V70_D0122_P1__G15__ch8__nav_sage_v2__ingestion_20260825_event_path_v1,F1023_V70_D0122_P1,G15,432,36.8460486803519,4,3,3,1,rejected_candidate,F1023_V70_D0122_P1__G15__ch8__nav_sage_v2__ingestion_20260825_event_path_v1__event_432,scenes/F1023_V70_D0122_P1/sage_results/nav_sage_v2/G15/stage3_reliable_centers.csv,23f075c2e5415d276961e99942dca4cdd4c35397768d1ccdc5479b25449c13c3,3,eligible_pending_modeling_qa,sage-event-path-db-v1
F1023_V70_D0122_P1__G15__ch8__nav_sage_v2__ingestion_20260825_event_path_v1__candidate_433,F1023_V70_D0122_P1__G15__ch8__nav_sage_v2__ingestion_20260825_event_path_v1,F1023_V70_D0122_P1,G15,433,36.8660487781036,4,3,3,1,confirmed_multipath,F1023_V70_D0122_P1__G15__ch8__nav_sage_v2__ingestion_20260825_event_path_v1__event_433,scenes/F1023_V70_D0122_P1/sage_results/nav_sage_v2/G15/stage3_reliable_centers.csv,23f075c2e5415d276961e99942dca4cdd4c35397768d1ccdc5479b25449c13c3,4,eligible_pending_modeling_qa,sage-event-path-db-v1
F1023_V70_D0122_P1__G15__ch8__nav_sage_v2__ingestion_20260825_event_path_v1__candidate_1585,F1023_V70_D0122_P1__G15__ch8__nav_sage_v2__ingestion_20260825_event_path_v1,F1023_V70_D0122_P1,G15,1585,59.9061650048876,4,3,3,1,confirmed_multipath,F1023_V70_D0122_P1__G15__ch8__nav_sage_v2__ingestion_20260825_event_path_v1__event_1585,scenes/F1023_V70_D0122_P1/sage_results/nav_sage_v2/G15/stage3_reliable_centers.csv,23f075c2e5415d276961e99942dca4cdd4c35397768d1ccdc5479b25449c13c3,5,eligible_pending_modeling_qa,sage-event-path-db-v1
F1023_V70_D0122_P1__G15__ch8__nav_sage_v2__ingestion_20260825_event_path_v1__candidate_1586,F1023_V70_D0122_P1__G15__ch8__nav_sage_v2__ingestion_20260825_event_path_v1,F1023_V70_D0122_P1,G15,1586,59.9261651026393,4,3,3,1,rejected_candidate,F1023_V70_D0122_P1__G15__ch8__nav_sage_v2__ingestion_20260825_event_path_v1__event_1586,scenes/F1023_V70_D0122_P1/sage_results/nav_sage_v2/G15/stage3_reliable_centers.csv,23f075c2e5415d276961e99942dca4cdd4c35397768d1ccdc5479b25449c13c3,6,eligible_pending_modeling_qa,sage-event-path-db-v1
F1023_V70_D0122_P1__G15__ch8__nav_sage_v2__ingestion_20260825_event_path_v1__candidate_1587,F1023_V70_D0122_P1__G15__ch8__nav_sage_v2__ingestion_20260825_event_path_v1,F1023_V70_D0122_P1,G15,1587,59.946165200391,4,3,3,1,confirmed_multipath,F1023_V70_D0122_P1__G15__ch8__nav_sage_v2__ingestion_20260825_event_path_v1__event_1587,scenes/F1023_V70_D0122_P1/sage_results/nav_sage_v2/G15/stage3_reliable_centers.csv,23f075c2e5415d276961e99942dca4cdd4c35397768d1ccdc5479b25449c13c3,7,eligible_pending_modeling_qa,sage-event-path-db-v1
F1023_V70_D0122_P1__G17__ch2__nav_sage_v2__ingestion_20260825_event_path_v1__candidate_1428,F1023_V70_D0122_P1__G17__ch2__nav_sage_v2__ingestion_20260825_event_path_v1,F1023_V70_D0122_P1,G17,1428,56.7695744868035,4,3,3,1,confirmed_multipath,F1023_V70_D0122_P1__G17__ch2__nav_sage_v2__ingestion_20260825_event_path_v1__event_1428,scenes/F1023_V70_D0122_P1/sage_results/nav_sage_v2/G17/stage3_reliable_centers.csv,4f7470b0606c5552900a4f6db7f083a958e4a0125b065c548e494340094bba46,2,eligible_pending_modeling_qa,sage-event-path-db-v1
F1023_V70_D0122_P1__G17__ch2__nav_sage_v2__ingestion_20260825_event_path_v1__candidate_1592,F1023_V70_D0122_P1__G17__ch2__nav_sage_v2__ingestion_20260825_event_path_v1,F1023_V70_D0122_P1,G17,1592,60.0495852394917,4,3,3,1,rejected_candidate,F1023_V70_D0122_P1__G17__ch2__nav_sage_v2__ingestion_20260825_event_path_v1__event_1592,scenes/F1023_V70_D0122_P1/sage_results/nav_sage_v2/G17/stage3_reliable_centers.csv,4f7470b0606c5552900a4f6db7f083a958e4a0125b065c548e494340094bba46,3,eligible_pending_modeling_qa,sage-event-path-db-v1
F1023_V70_D0122_P1__G17__ch2__nav_sage_v2__ingestion_20260825_event_path_v1__candidate_1318,F1023_V70_D0122_P1__G17__ch2__nav_sage_v2__ingestion_20260825_event_path_v1,F1023_V70_D0122_P1,G17,1318,54.5695673509286,2,1,4,1,confirmed_multipath,F1023_V70_D0122_P1__G17__ch2__nav_sage_v2__ingestion_20260825_event_path_v1__event_1318,scenes/F1023_V70_D0122_P1/sage_results/nav_sage_v2/G17/stage3_reliable_centers.csv,4f7470b0606c5552900a4f6db7f083a958e4a0125b065c548e494340094bba46,4,eligible_pending_modeling_qa,sage-event-path-db-v1
F1023_V70_D0122_P1__G17__ch2__nav_sage_v2__ingestion_20260825_event_path_v1__candidate_1329,F1023_V70_D0122_P1__G17__ch2__nav_sage_v2__ingestion_20260825_event_path_v1,F1023_V70_D0122_P1,G17,1329,54.7895680351906,2,1,4,1,confirmed_multipath,F1023_V70_D0122_P1__G17__ch2__nav_sage_v2__ingestion_20260825_event_path_v1__event_1329,scenes/F1023_V70_D0122_P1/sage_results/nav_sage_v2/G17/stage3_reliable_centers.csv,4f7470b0606c5552900a4f6db7f083a958e4a0125b065c548e494340094bba46,5,eligible_pending_modeling_qa,sage-event-path-db-v1
F1023_V70_D0122_P1__G17__ch2__nav_sage_v2__ingestion_20260825_event_path_v1__candidate_1560,F1023_V70_D0122_P1__G17__ch2__nav_sage_v2__ingestion_20260825_event_path_v1,F1023_V70_D0122_P1,G17,1560,59.4095830889541,2,1,4,1,confirmed_multipath,F1023_V70_D0122_P1__G17__ch2__nav_sage_v2__ingestion_20260825_event_path_v1__event_1560,scenes/F1023_V70_D0122_P1/sage_results/nav_sage_v2/G17/stage3_reliable_centers.csv,4f7470b0606c5552900a4f6db7f083a958e4a0125b065c548e494340094bba46,6,eligible_pending_modeling_qa,sage-event-path-db-v1
F1023_V70_D0122_P1__G17__ch2__nav_sage_v2__ingestion_20260825_event_path_v1__candidate_1562,F1023_V70_D0122_P1__G17__ch2__nav_sage_v2__ingestion_20260825_event_path_v1,F1023_V70_D0122_P1,G17,1562,59.4495832844575,2,1,4,1,confirmed_multipath,F1023_V70_D0122_P1__G17__ch2__nav_sage_v2__ingestion_20260825_event_path_v1__event_1562,scenes/F1023_V70_D0122_P1/sage_results/nav_sage_v2/G17/stage3_reliable_centers.csv,4f7470b0606c5552900a4f6db7f083a958e4a0125b065c548e494340094bba46,7,eligible_pending_modeling_qa,sage-event-path-db-v1
F1023_V70_D0122_P1__G17__ch2__nav_sage_v2__ingestion_20260825_event_path_v1__candidate_1332,F1023_V70_D0122_P1__G17__ch2__nav_sage_v2__ingestion_20260825_event_path_v1,F1023_V70_D0122_P1,G17,1332,54.849568230694,2,1,3,1,confirmed_multipath,F1023_V70_D0122_P1__G17__ch2__nav_sage_v2__ingestion_20260825_event_path_v1__event_1332,scenes/F1023_V70_D0122_P1/sage_results/nav_sage_v2/G17/stage3_reliable_centers.csv,4f7470b0606c5552900a4f6db7f083a958e4a0125b065c548e494340094bba46,8,eligible_pending_modeling_qa,sage-event-path-db-v1
F1023_V70_D0122_P1__G17__ch2__nav_sage_v2__ingestion_20260825_event_path_v1__candidate_1429,F1023_V70_D0122_P1__G17__ch2__nav_sage_v2__ingestion_20260825_event_path_v1,F1023_V70_D0122_P1,G17,1429,56.7895745845552,2,1,3,1,confirmed_multipath,F1023_V70_D0122_P1__G17__ch2__nav_sage_v2__ingestion_20260825_event_path_v1__event_1429,scenes/F1023_V70_D0122_P1/sage_results/nav_sage_v2/G17/stage3_reliable_centers.csv,4f7470b0606c5552900a4f6db7f083a958e4a0125b065c548e494340094bba46,9,eligible_pending_modeling_qa,sage-event-path-db-v1
F1023_V70_D0122_P1__G17__ch2__nav_sage_v2__ingestion_20260825_event_path_v1__candidate_1439,F1023_V70_D0122_P1__G17__ch2__nav_sage_v2__ingestion_20260825_event_path_v1,F1023_V70_D0122_P1,G17,1439,56.9895751710655,2,1,3,1,not_joint_evaluated,,scenes/F1023_V70_D0122_P1/sage_results/nav_sage_v2/G17/stage3_reliable_centers.csv,4f7470b0606c5552900a4f6db7f083a958e4a0125b065c548e494340094bba46,10,eligible_pending_modeling_qa,sage-event-path-db-v1
F1023_V70_D0122_P1__G19__ch11__nav_sage_v2__ingestion_20260825_event_path_v1__candidate_1434,F1023_V70_D0122_P1__G19__ch11__nav_sage_v2__ingestion_20260825_event_path_v1,F1023_V70_D0122_P1,G19,1434,56.8892281524927,2,1,3,1,confirmed_multipath,F1023_V70_D0122_P1__G19__ch11__nav_sage_v2__ingestion_20260825_event_path_v1__event_1434,scenes/F1023_V70_D0122_P1/sage_results/nav_sage_v2/G19/stage3_reliable_centers.csv,feee3ef070a24717fad448c86eb019b2a09681c39bd8cb94f9b9d0d3d36eeed3,2,eligible_pending_modeling_qa,sage-event-path-db-v1
F1023_V70_D0122_P1__G22__ch4__nav_sage_v2__ingestion_20260825_event_path_v1__candidate_56,F1023_V70_D0122_P1__G22__ch4__nav_sage_v2__ingestion_20260825_event_path_v1,F1023_V70_D0122_P1,G22,56,29.3297693059629,4,3,4,1,rejected_candidate,F1023_V70_D0122_P1__G22__ch4__nav_sage_v2__ingestion_20260825_event_path_v1__event_56,scenes/F1023_V70_D0122_P1/sage_results/nav_sage_v2/G22/stage3_reliable_centers.csv,4b900f87a1847a0a0a64a59923ad0b80732dd710dd9b43a5c2c0fb8263c1483d,2,eligible_pending_modeling_qa,sage-event-path-db-v1
F1023_V70_D0122_P1__G22__ch4__nav_sage_v2__ingestion_20260825_event_path_v1__candidate_57,F1023_V70_D0122_P1__G22__ch4__nav_sage_v2__ingestion_20260825_event_path_v1,F1023_V70_D0122_P1,G22,57,29.3497694037146,4,3,4,1,rejected_candidate,F1023_V70_D0122_P1__G22__ch4__nav_sage_v2__ingestion_20260825_event_path_v1__event_57,scenes/F1023_V70_D0122_P1/sage_results/nav_sage_v2/G22/stage3_reliable_centers.csv,4b900f87a1847a0a0a64a59923ad0b80732dd710dd9b43a5c2c0fb8263c1483d,3,eligible_pending_modeling_qa,sage-event-path-db-v1
F1023_V70_D0122_P1__G22__ch4__nav_sage_v2__ingestion_20260825_event_path_v1__candidate_55,F1023_V70_D0122_P1__G22__ch4__nav_sage_v2__ingestion_20260825_event_path_v1,F1023_V70_D0122_P1,G22,55,29.3097692082111,4,3,3,1,rejected_candidate,F1023_V70_D0122_P1__G22__ch4__nav_sage_v2__ingestion_20260825_event_path_v1__event_55,scenes/F1023_V70_D0122_P1/sage_results/nav_sage_v2/G22/stage3_reliable_centers.csv,4b900f87a1847a0a0a64a59923ad0b80732dd710dd9b43a5c2c0fb8263c1483d,4,eligible_pending_modeling_qa,sage-event-path-db-v1
F1023_V70_D0122_P1__G22__ch4__nav_sage_v2__ingestion_20260825_event_path_v1__candidate_58,F1023_V70_D0122_P1__G22__ch4__nav_sage_v2__ingestion_20260825_event_path_v1,F1023_V70_D0122_P1,G22,58,29.3697695014663,4,3,3,1,rejected_candidate,F1023_V70_D0122_P1__G22__ch4__nav_sage_v2__ingestion_20260825_event_path_v1__event_58,scenes/F1023_V70_D0122_P1/sage_results/nav_sage_v2/G22/stage3_reliable_centers.csv,4b900f87a1847a0a0a64a59923ad0b80732dd710dd9b43a5c2c0fb8263c1483d,5,eligible_pending_modeling_qa,sage-event-path-db-v1
F1023_V70_D0122_P1__G22__ch4__nav_sage_v2__ingestion_20260825_event_path_v1__candidate_1606,F1023_V70_D0122_P1__G22__ch4__nav_sage_v2__ingestion_20260825_event_path_v1,F1023_V70_D0122_P1,G22,1606,60.3299226783969,3,2,4,1,rejected_candidate,F1023_V70_D0122_P1__G22__ch4__nav_sage_v2__ingestion_20260825_event_path_v1__event_1606,scenes/F1023_V70_D0122_P1/sage_results/nav_sage_v2/G22/stage3_reliable_centers.csv,4b900f87a1847a0a0a64a59923ad0b80732dd710dd9b43a5c2c0fb8263c1483d,6,eligible_pending_modeling_qa,sage-event-path-db-v1
F1023_V70_D0122_P1__G22__ch4__nav_sage_v2__ingestion_20260825_event_path_v1__candidate_1604,F1023_V70_D0122_P1__G22__ch4__nav_sage_v2__ingestion_20260825_event_path_v1,F1023_V70_D0122_P1,G22,1604,60.2899224828935,3,2,3,1,rejected_candidate,F1023_V70_D0122_P1__G22__ch4__nav_sage_v2__ingestion_20260825_event_path_v1__event_1604,scenes/F1023_V70_D0122_P1/sage_results/nav_sage_v2/G22/stage3_reliable_centers.csv,4b900f87a1847a0a0a64a59923ad0b80732dd710dd9b43a5c2c0fb8263c1483d,7,eligible_pending_modeling_qa,sage-event-path-db-v1
F1023_V70_D0122_P1__G22__ch4__nav_sage_v2__ingestion_20260825_event_path_v1__candidate_446,F1023_V70_D0122_P1__G22__ch4__nav_sage_v2__ingestion_20260825_event_path_v1,F1023_V70_D0122_P1,G22,446,37.1298077223851,2,1,5,1,confirmed_multipath,F1023_V70_D0122_P1__G22__ch4__nav_sage_v2__ingestion_20260825_event_path_v1__event_446,scenes/F1023_V70_D0122_P1/sage_results/nav_sage_v2/G22/stage3_reliable_centers.csv,4b900f87a1847a0a0a64a59923ad0b80732dd710dd9b43a5c2c0fb8263c1483d,8,eligible_pending_modeling_qa,sage-event-path-db-v1
F1023_V70_D0122_P1__G22__ch4__nav_sage_v2__ingestion_20260825_event_path_v1__candidate_434,F1023_V70_D0122_P1__G22__ch4__nav_sage_v2__ingestion_20260825_event_path_v1,F1023_V70_D0122_P1,G22,434,36.8898065493646,2,1,4,1,confirmed_multipath,F1023_V70_D0122_P1__G22__ch4__nav_sage_v2__ingestion_20260825_event_path_v1__event_434,scenes/F1023_V70_D0122_P1/sage_results/nav_sage_v2/G22/stage3_reliable_centers.csv,4b900f87a1847a0a0a64a59923ad0b80732dd710dd9b43a5c2c0fb8263c1483d,9,eligible_pending_modeling_qa,sage-event-path-db-v1
F1023_V70_D0122_P1__G22__ch4__nav_sage_v2__ingestion_20260825_event_path_v1__candidate_1492,F1023_V70_D0122_P1__G22__ch4__nav_sage_v2__ingestion_20260825_event_path_v1,F1023_V70_D0122_P1,G22,1492,58.0499113391984,2,1,4,1,not_joint_evaluated,,scenes/F1023_V70_D0122_P1/sage_results/nav_sage_v2/G22/stage3_reliable_centers.csv,4b900f87a1847a0a0a64a59923ad0b80732dd710dd9b43a5c2c0fb8263c1483d,10,eligible_pending_modeling_qa,sage-event-path-db-v1
F1023_V70_D0122_P1__G22__ch4__nav_sage_v2__ingestion_20260825_event_path_v1__candidate_448,F1023_V70_D0122_P1__G22__ch4__nav_sage_v2__ingestion_20260825_event_path_v1,F1023_V70_D0122_P1,G22,448,37.1698079178886,2,1,3,1,not_joint_evaluated,,scenes/F1023_V70_D0122_P1/sage_results/nav_sage_v2/G22/stage3_reliable_centers.csv,4b900f87a1847a0a0a64a59923ad0b80732dd710dd9b43a5c2c0fb8263c1483d,11,eligible_pending_modeling_qa,sage-event-path-db-v1
F1023_V70_D0122_P1__G22__ch4__nav_sage_v2__ingestion_20260825_event_path_v1__candidate_1537,F1023_V70_D0122_P1__G22__ch4__nav_sage_v2__ingestion_20260825_event_path_v1,F1023_V70_D0122_P1,G22,1537,58.9499158357771,2,1,3,1,not_joint_evaluated,,scenes/F1023_V70_D0122_P1/sage_results/nav_sage_v2/G22/stage3_reliable_centers.csv,4b900f87a1847a0a0a64a59923ad0b80732dd710dd9b43a5c2c0fb8263c1483d,12,eligible_pending_modeling_qa,sage-event-path-db-v1
F1023_V70_D0122_P1__G24__ch7__nav_sage_v2__ingestion_20260825_event_path_v1__candidate_8,F1023_V70_D0122_P1__G24__ch7__nav_sage_v2__ingestion_20260825_event_path_v1,F1023_V70_D0122_P1,G24,8,28.3619551319648,4,3,3,1,rejected_candidate,F1023_V70_D0122_P1__G24__ch7__nav_sage_v2__ingestion_20260825_event_path_v1__event_8,scenes/F1023_V70_D0122_P1/sage_results/nav_sage_v2/G24/stage3_reliable_centers.csv,9dee7c17536bff74f507eb20f9e2aae365b72425cee2857ff164cf2431091acb,2,eligible_pending_modeling_qa,sage-event-path-db-v1
F1023_V70_D0122_P1__G24__ch7__nav_sage_v2__ingestion_20260825_event_path_v1__candidate_9,F1023_V70_D0122_P1__G24__ch7__nav_sage_v2__ingestion_20260825_event_path_v1,F1023_V70_D0122_P1,G24,9,28.3819551319648,4,3,3,1,rejected_candidate,F1023_V70_D0122_P1__G24__ch7__nav_sage_v2__ingestion_20260825_event_path_v1__event_9,scenes/F1023_V70_D0122_P1/sage_results/nav_sage_v2/G24/stage3_reliable_centers.csv,9dee7c17536bff74f507eb20f9e2aae365b72425cee2857ff164cf2431091acb,3,eligible_pending_modeling_qa,sage-event-path-db-v1
F1023_V70_D0122_P1__G24__ch7__nav_sage_v2__ingestion_20260825_event_path_v1__candidate_930,F1023_V70_D0122_P1__G24__ch7__nav_sage_v2__ingestion_20260825_event_path_v1,F1023_V70_D0122_P1,G24,930,46.8020001955034,4,3,3,1,rejected_candidate,F1023_V70_D0122_P1__G24__ch7__nav_sage_v2__ingestion_20260825_event_path_v1__event_930,scenes/F1023_V70_D0122_P1/sage_results/nav_sage_v2/G24/stage3_reliable_centers.csv,9dee7c17536bff74f507eb20f9e2aae365b72425cee2857ff164cf2431091acb,4,eligible_pending_modeling_qa,sage-event-path-db-v1
F1023_V70_D0122_P1__G24__ch7__nav_sage_v2__ingestion_20260825_event_path_v1__candidate_931,F1023_V70_D0122_P1__G24__ch7__nav_sage_v2__ingestion_20260825_event_path_v1,F1023_V70_D0122_P1,G24,931,46.8220001955034,4,3,3,1,rejected_candidate,F1023_V70_D0122_P1__G24__ch7__nav_sage_v2__ingestion_20260825_event_path_v1__event_931,scenes/F1023_V70_D0122_P1/sage_results/nav_sage_v2/G24/stage3_reliable_centers.csv,9dee7c17536bff74f507eb20f9e2aae365b72425cee2857ff164cf2431091acb,5,eligible_pending_modeling_qa,sage-event-path-db-v1
F1023_V70_D0122_P1__G24__ch7__nav_sage_v2__ingestion_20260825_event_path_v1__candidate_932,F1023_V70_D0122_P1__G24__ch7__nav_sage_v2__ingestion_20260825_event_path_v1,F1023_V70_D0122_P1,G24,932,46.8420002932551,4,3,3,1,confirmed_multipath,F1023_V70_D0122_P1__G24__ch7__nav_sage_v2__ingestion_20260825_event_path_v1__event_932,scenes/F1023_V70_D0122_P1/sage_results/nav_sage_v2/G24/stage3_reliable_centers.csv,9dee7c17536bff74f507eb20f9e2aae365b72425cee2857ff164cf2431091acb,6,eligible_pending_modeling_qa,sage-event-path-db-v1
F1023_V70_D0122_P1__G24__ch7__nav_sage_v2__ingestion_20260825_event_path_v1__candidate_1361,F1023_V70_D0122_P1__G24__ch7__nav_sage_v2__ingestion_20260825_event_path_v1,F1023_V70_D0122_P1,G24,1361,55.4220213098729,4,3,3,1,confirmed_multipath,F1023_V70_D0122_P1__G24__ch7__nav_sage_v2__ingestion_20260825_event_path_v1__event_1361,scenes/F1023_V70_D0122_P1/sage_results/nav_sage_v2/G24/stage3_reliable_centers.csv,9dee7c17536bff74f507eb20f9e2aae365b72425cee2857ff164cf2431091acb,7,eligible_pending_modeling_qa,sage-event-path-db-v1
F1023_V70_D0122_P1__G24__ch7__nav_sage_v2__ingestion_20260825_event_path_v1__candidate_1362,F1023_V70_D0122_P1__G24__ch7__nav_sage_v2__ingestion_20260825_event_path_v1,F1023_V70_D0122_P1,G24,1362,55.4420214076246,4,3,3,1,confirmed_multipath,F1023_V70_D0122_P1__G24__ch7__nav_sage_v2__ingestion_20260825_event_path_v1__event_1362,scenes/F1023_V70_D0122_P1/sage_results/nav_sage_v2/G24/stage3_reliable_centers.csv,9dee7c17536bff74f507eb20f9e2aae365b72425cee2857ff164cf2431091acb,8,eligible_pending_modeling_qa,sage-event-path-db-v1
F1023_V70_D0122_P1__G24__ch7__nav_sage_v2__ingestion_20260825_event_path_v1__candidate_1363,F1023_V70_D0122_P1__G24__ch7__nav_sage_v2__ingestion_20260825_event_path_v1,F1023_V70_D0122_P1,G24,1363,55.4620214076246,4,3,3,1,rejected_candidate,F1023_V70_D0122_P1__G24__ch7__nav_sage_v2__ingestion_20260825_event_path_v1__event_1363,scenes/F1023_V70_D0122_P1/sage_results/nav_sage_v2/G24/stage3_reliable_centers.csv,9dee7c17536bff74f507eb20f9e2aae365b72425cee2857ff164cf2431091acb,9,eligible_pending_modeling_qa,sage-event-path-db-v1
F1023_V70_D0122_P1__G24__ch7__nav_sage_v2__ingestion_20260825_event_path_v1__candidate_1433,F1023_V70_D0122_P1__G24__ch7__nav_sage_v2__ingestion_20260825_event_path_v1,F1023_V70_D0122_P1,G24,1433,56.8620249266862,4,3,3,1,not_joint_evaluated,,scenes/F1023_V70_D0122_P1/sage_results/nav_sage_v2/G24/stage3_reliable_centers.csv,9dee7c17536bff74f507eb20f9e2aae365b72425cee2857ff164cf2431091acb,10,eligible_pending_modeling_qa,sage-event-path-db-v1
F1023_V70_D0122_P1__G24__ch7__nav_sage_v2__ingestion_20260825_event_path_v1__candidate_1434,F1023_V70_D0122_P1__G24__ch7__nav_sage_v2__ingestion_20260825_event_path_v1,F1023_V70_D0122_P1,G24,1434,56.8820249266862,4,3,3,1,not_joint_evaluated,,scenes/F1023_V70_D0122_P1/sage_results/nav_sage_v2/G24/stage3_reliable_centers.csv,9dee7c17536bff74f507eb20f9e2aae365b72425cee2857ff164cf2431091acb,11,eligible_pending_modeling_qa,sage-event-path-db-v1
F1023_V70_D0122_P1__G24__ch7__nav_sage_v2__ingestion_20260825_event_path_v1__candidate_1435,F1023_V70_D0122_P1__G24__ch7__nav_sage_v2__ingestion_20260825_event_path_v1,F1023_V70_D0122_P1,G24,1435,56.9020250244379,4,3,3,1,not_joint_evaluated,,scenes/F1023_V70_D0122_P1/sage_results/nav_sage_v2/G24/stage3_reliable_centers.csv,9dee7c17536bff74f507eb20f9e2aae365b72425cee2857ff164cf2431091acb,12,eligible_pending_modeling_qa,sage-event-path-db-v1
F1023_V70_D0122_P1__G24__ch7__nav_sage_v2__ingestion_20260825_event_path_v1__candidate_10,F1023_V70_D0122_P1__G24__ch7__nav_sage_v2__ingestion_20260825_event_path_v1,F1023_V70_D0122_P1,G24,10,28.4019552297165,2,1,3,1,not_joint_evaluated,,scenes/F1023_V70_D0122_P1/sage_results/nav_sage_v2/G24/stage3_reliable_centers.csv,9dee7c17536bff74f507eb20f9e2aae365b72425cee2857ff164cf2431091acb,13,eligible_pending_modeling_qa,sage-event-path-db-v1
F1023_V70_D0122_P2__G12__ch2__nav_sage_v2__ingestion_20260825_event_path_v1__candidate_594,F1023_V70_D0122_P2__G12__ch2__nav_sage_v2__ingestion_20260825_event_path_v1,F1023_V70_D0122_P2,G12,594,44.4880396871945,4,3,3,1,confirmed_multipath,F1023_V70_D0122_P2__G12__ch2__nav_sage_v2__ingestion_20260825_event_path_v1__event_594,scenes/F1023_V70_D0122_P2/sage_results/nav_sage_v2/G12/stage3_reliable_centers.csv,4598a38380053404fb942699b435e8b6ee3ad265306557ffdcfafc44c0f45ad2,2,eligible_pending_modeling_qa,sage-event-path-db-v1
F1023_V70_D0122_P2__G12__ch2__nav_sage_v2__ingestion_20260825_event_path_v1__candidate_451,F1023_V70_D0122_P2__G12__ch2__nav_sage_v2__ingestion_20260825_event_path_v1,F1023_V70_D0122_P2,G12,451,41.6280363636364,3,2,3,1,rejected_candidate,F1023_V70_D0122_P2__G12__ch2__nav_sage_v2__ingestion_20260825_event_path_v1__event_451,scenes/F1023_V70_D0122_P2/sage_results/nav_sage_v2/G12/stage3_reliable_centers.csv,4598a38380053404fb942699b435e8b6ee3ad265306557ffdcfafc44c0f45ad2,3,eligible_pending_modeling_qa,sage-event-path-db-v1
F1023_V70_D0122_P2__G12__ch2__nav_sage_v2__ingestion_20260825_event_path_v1__candidate_535,F1023_V70_D0122_P2__G12__ch2__nav_sage_v2__ingestion_20260825_event_path_v1,F1023_V70_D0122_P2,G12,535,43.3080383186706,3,2,3,1,confirmed_multipath,F1023_V70_D0122_P2__G12__ch2__nav_sage_v2__ingestion_20260825_event_path_v1__event_535,scenes/F1023_V70_D0122_P2/sage_results/nav_sage_v2/G12/stage3_reliable_centers.csv,4598a38380053404fb942699b435e8b6ee3ad265306557ffdcfafc44c0f45ad2,4,eligible_pending_modeling_qa,sage-event-path-db-v1
F1023_V70_D0122_P2__G12__ch2__nav_sage_v2__ingestion_20260825_event_path_v1__candidate_653,F1023_V70_D0122_P2__G12__ch2__nav_sage_v2__ingestion_20260825_event_path_v1,F1023_V70_D0122_P2,G12,653,45.6680410557185,3,2,3,1,confirmed_multipath,F1023_V70_D0122_P2__G12__ch2__nav_sage_v2__ingestion_20260825_event_path_v1__event_653,scenes/F1023_V70_D0122_P2/sage_results/nav_sage_v2/G12/stage3_reliable_centers.csv,4598a38380053404fb942699b435e8b6ee3ad265306557ffdcfafc44c0f45ad2,5,eligible_pending_modeling_qa,sage-event-path-db-v1
F1023_V70_D0122_P2__G12__ch2__nav_sage_v2__ingestion_20260825_event_path_v1__candidate_694,F1023_V70_D0122_P2__G12__ch2__nav_sage_v2__ingestion_20260825_event_path_v1,F1023_V70_D0122_P2,G12,694,46.4880420332356,3,2,3,1,confirmed_multipath,F1023_V70_D0122_P2__G12__ch2__nav_sage_v2__ingestion_20260825_event_path_v1__event_694,scenes/F1023_V70_D0122_P2/sage_results/nav_sage_v2/G12/stage3_reliable_centers.csv,4598a38380053404fb942699b435e8b6ee3ad265306557ffdcfafc44c0f45ad2,6,eligible_pending_modeling_qa,sage-event-path-db-v1
F1023_V70_D0122_P2__G12__ch2__nav_sage_v2__ingestion_20260825_event_path_v1__candidate_848,F1023_V70_D0122_P2__G12__ch2__nav_sage_v2__ingestion_20260825_event_path_v1,F1023_V70_D0122_P2,G12,848,49.5680456500489,3,2,3,1,confirmed_multipath,F1023_V70_D0122_P2__G12__ch2__nav_sage_v2__ingestion_20260825_event_path_v1__event_848,scenes/F1023_V70_D0122_P2/sage_results/nav_sage_v2/G12/stage3_reliable_centers.csv,4598a38380053404fb942699b435e8b6ee3ad265306557ffdcfafc44c0f45ad2,7,eligible_pending_modeling_qa,sage-event-path-db-v1
F1023_V70_D0122_P2__G12__ch2__nav_sage_v2__ingestion_20260825_event_path_v1__candidate_471,F1023_V70_D0122_P2__G12__ch2__nav_sage_v2__ingestion_20260825_event_path_v1,F1023_V70_D0122_P2,G12,471,42.0280368523949,2,1,4,1,confirmed_multipath,F1023_V70_D0122_P2__G12__ch2__nav_sage_v2__ingestion_20260825_event_path_v1__event_471,scenes/F1023_V70_D0122_P2/sage_results/nav_sage_v2/G12/stage3_reliable_centers.csv,4598a38380053404fb942699b435e8b6ee3ad265306557ffdcfafc44c0f45ad2,8,eligible_pending_modeling_qa,sage-event-path-db-v1
F1023_V70_D0122_P2__G12__ch2__nav_sage_v2__ingestion_20260825_event_path_v1__candidate_595,F1023_V70_D0122_P2__G12__ch2__nav_sage_v2__ingestion_20260825_event_path_v1,F1023_V70_D0122_P2,G12,595,44.5080396871945,2,1,4,1,confirmed_multipath,F1023_V70_D0122_P2__G12__ch2__nav_sage_v2__ingestion_20260825_event_path_v1__event_595,scenes/F1023_V70_D0122_P2/sage_results/nav_sage_v2/G12/stage3_reliable_centers.csv,4598a38380053404fb942699b435e8b6ee3ad265306557ffdcfafc44c0f45ad2,9,eligible_pending_modeling_qa,sage-event-path-db-v1
F1023_V70_D0122_P2__G12__ch2__nav_sage_v2__ingestion_20260825_event_path_v1__candidate_651,F1023_V70_D0122_P2__G12__ch2__nav_sage_v2__ingestion_20260825_event_path_v1,F1023_V70_D0122_P2,G12,651,45.6280409579668,2,1,4,1,not_joint_evaluated,,scenes/F1023_V70_D0122_P2/sage_results/nav_sage_v2/G12/stage3_reliable_centers.csv,4598a38380053404fb942699b435e8b6ee3ad265306557ffdcfafc44c0f45ad2,10,eligible_pending_modeling_qa,sage-event-path-db-v1
F1023_V70_D0122_P2__G12__ch2__nav_sage_v2__ingestion_20260825_event_path_v1__candidate_795,F1023_V70_D0122_P2__G12__ch2__nav_sage_v2__ingestion_20260825_event_path_v1,F1023_V70_D0122_P2,G12,795,48.5080443792766,2,1,4,1,not_joint_evaluated,,scenes/F1023_V70_D0122_P2/sage_results/nav_sage_v2/G12/stage3_reliable_centers.csv,4598a38380053404fb942699b435e8b6ee3ad265306557ffdcfafc44c0f45ad2,11,eligible_pending_modeling_qa,sage-event-path-db-v1
F1023_V70_D0122_P2__G12__ch2__nav_sage_v2__ingestion_20260825_event_path_v1__candidate_849,F1023_V70_D0122_P2__G12__ch2__nav_sage_v2__ingestion_20260825_event_path_v1,F1023_V70_D0122_P2,G12,849,49.5880456500489,2,1,4,1,not_joint_evaluated,,scenes/F1023_V70_D0122_P2/sage_results/nav_sage_v2/G12/stage3_reliable_centers.csv,4598a38380053404fb942699b435e8b6ee3ad265306557ffdcfafc44c0f45ad2,12,eligible_pending_modeling_qa,sage-event-path-db-v1
F1023_V70_D0122_P2__G12__ch2__nav_sage_v2__ingestion_20260825_event_path_v1__candidate_533,F1023_V70_D0122_P2__G12__ch2__nav_sage_v2__ingestion_20260825_event_path_v1,F1023_V70_D0122_P2,G12,533,43.2680383186706,2,1,3,1,not_joint_evaluated,,scenes/F1023_V70_D0122_P2/sage_results/nav_sage_v2/G12/stage3_reliable_centers.csv,4598a38380053404fb942699b435e8b6ee3ad265306557ffdcfafc44c0f45ad2,13,eligible_pending_modeling_qa,sage-event-path-db-v1
F1023_V70_D0122_P2__G12__ch2__nav_sage_v2__ingestion_20260825_event_path_v1__candidate_536,F1023_V70_D0122_P2__G12__ch2__nav_sage_v2__ingestion_20260825_event_path_v1,F1023_V70_D0122_P2,G12,536,43.3280383186706,2,1,3,1,not_joint_evaluated,,scenes/F1023_V70_D0122_P2/sage_results/nav_sage_v2/G12/stage3_reliable_centers.csv,4598a38380053404fb942699b435e8b6ee3ad265306557ffdcfafc44c0f45ad2,14,eligible_pending_modeling_qa,sage-event-path-db-v1
F1023_V70_D0122_P2__G12__ch2__nav_sage_v2__ingestion_20260825_event_path_v1__candidate_596,F1023_V70_D0122_P2__G12__ch2__nav_sage_v2__ingestion_20260825_event_path_v1,F1023_V70_D0122_P2,G12,596,44.5280396871945,2,1,3,1,not_joint_evaluated,,scenes/F1023_V70_D0122_P2/sage_results/nav_sage_v2/G12/stage3_reliable_centers.csv,4598a38380053404fb942699b435e8b6ee3ad265306557ffdcfafc44c0f45ad2,15,eligible_pending_modeling_qa,sage-event-path-db-v1
F1023_V70_D0122_P2__G12__ch2__nav_sage_v2__ingestion_20260825_event_path_v1__candidate_629,F1023_V70_D0122_P2__G12__ch2__nav_sage_v2__ingestion_20260825_event_path_v1,F1023_V70_D0122_P2,G12,629,45.1880404692082,2,1,3,1,not_joint_evaluated,,scenes/F1023_V70_D0122_P2/sage_results/nav_sage_v2/G12/stage3_reliable_centers.csv,4598a38380053404fb942699b435e8b6ee3ad265306557ffdcfafc44c0f45ad2,16,eligible_pending_modeling_qa,sage-event-path-db-v1
F1023_V70_D0122_P2__G12__ch2__nav_sage_v2__ingestion_20260825_event_path_v1__candidate_633,F1023_V70_D0122_P2__G12__ch2__nav_sage_v2__ingestion_20260825_event_path_v1,F1023_V70_D0122_P2,G12,633,45.2680405669599,2,1,3,1,not_joint_evaluated,,scenes/F1023_V70_D0122_P2/sage_results/nav_sage_v2/G12/stage3_reliable_centers.csv,4598a38380053404fb942699b435e8b6ee3ad265306557ffdcfafc44c0f45ad2,17,eligible_pending_modeling_qa,sage-event-path-db-v1
F1023_V70_D0122_P2__G12__ch2__nav_sage_v2__ingestion_20260825_event_path_v1__candidate_660,F1023_V70_D0122_P2__G12__ch2__nav_sage_v2__ingestion_20260825_event_path_v1,F1023_V70_D0122_P2,G12,660,45.8080412512219,2,1,3,1,not_joint_evaluated,,scenes/F1023_V70_D0122_P2/sage_results/nav_sage_v2/G12/stage3_reliable_centers.csv,4598a38380053404fb942699b435e8b6ee3ad265306557ffdcfafc44c0f45ad2,18,eligible_pending_modeling_qa,sage-event-path-db-v1
F1023_V70_D0122_P2__G12__ch2__nav_sage_v2__ingestion_20260825_event_path_v1__candidate_792,F1023_V70_D0122_P2__G12__ch2__nav_sage_v2__ingestion_20260825_event_path_v1,F1023_V70_D0122_P2,G12,792,48.4480442815249,2,1,3,1,not_joint_evaluated,,scenes/F1023_V70_D0122_P2/sage_results/nav_sage_v2/G12/stage3_reliable_centers.csv,4598a38380053404fb942699b435e8b6ee3ad265306557ffdcfafc44c0f45ad2,19,eligible_pending_modeling_qa,sage-event-path-db-v1
F1023_V70_D0122_P2__G19__ch11__nav_sage_v2__ingestion_20260825_event_path_v1__candidate_4191,F1023_V70_D0122_P2__G19__ch11__nav_sage_v2__ingestion_20260825_event_path_v1,F1023_V70_D0122_P2,G19,4191,116.466800391007,4,3,3,1,rejected_candidate,F1023_V70_D0122_P2__G19__ch11__nav_sage_v2__ingestion_20260825_event_path_v1__event_4191,scenes/F1023_V70_D0122_P2/sage_results/nav_sage_v2/G19/stage3_reliable_centers.csv,06f53d51b9c9b15ced990dde6a32e24cc1478ad632939485403ce733af3a723e,2,eligible_pending_modeling_qa,sage-event-path-db-v1
F1023_V70_D0122_P2__G19__ch11__nav_sage_v2__ingestion_20260825_event_path_v1__candidate_4189,F1023_V70_D0122_P2__G19__ch11__nav_sage_v2__ingestion_20260825_event_path_v1,F1023_V70_D0122_P2,G19,4189,116.426800293255,3,2,3,1,rejected_candidate,F1023_V70_D0122_P2__G19__ch11__nav_sage_v2__ingestion_20260825_event_path_v1__event_4189,scenes/F1023_V70_D0122_P2/sage_results/nav_sage_v2/G19/stage3_reliable_centers.csv,06f53d51b9c9b15ced990dde6a32e24cc1478ad632939485403ce733af3a723e,3,eligible_pending_modeling_qa,sage-event-path-db-v1
F1023_V70_D0122_P2__G19__ch11__nav_sage_v2__ingestion_20260825_event_path_v1__candidate_4190,F1023_V70_D0122_P2__G19__ch11__nav_sage_v2__ingestion_20260825_event_path_v1,F1023_V70_D0122_P2,G19,4190,116.446800293255,3,2,3,1,rejected_candidate,F1023_V70_D0122_P2__G19__ch11__nav_sage_v2__ingestion_20260825_event_path_v1__event_4190,scenes/F1023_V70_D0122_P2/sage_results/nav_sage_v2/G19/stage3_reliable_centers.csv,06f53d51b9c9b15ced990dde6a32e24cc1478ad632939485403ce733af3a723e,4,eligible_pending_modeling_qa,sage-event-path-db-v1
F1023_V70_D0122_P2__G19__ch11__nav_sage_v2__ingestion_20260825_event_path_v1__candidate_3267,F1023_V70_D0122_P2__G19__ch11__nav_sage_v2__ingestion_20260825_event_path_v1,F1023_V70_D0122_P2,G19,3267,97.9867595307918,2,1,3,1,rejected_candidate,F1023_V70_D0122_P2__G19__ch11__nav_sage_v2__ingestion_20260825_event_path_v1__event_3267,scenes/F1023_V70_D0122_P2/sage_results/nav_sage_v2/G19/stage3_reliable_centers.csv,06f53d51b9c9b15ced990dde6a32e24cc1478ad632939485403ce733af3a723e,5,eligible_pending_modeling_qa,sage-event-path-db-v1
F1023_V70_D0122_P2__G23__ch10__nav_sage_v2__ingestion_20260825_event_path_v1__candidate_987,F1023_V70_D0122_P2__G23__ch10__nav_sage_v2__ingestion_20260825_event_path_v1,F1023_V70_D0122_P2,G23,987,46.3501231671554,3,2,4,1,rejected_candidate,F1023_V70_D0122_P2__G23__ch10__nav_sage_v2__ingestion_20260825_event_path_v1__event_987,scenes/F1023_V70_D0122_P2/sage_results/nav_sage_v2/G23/stage3_reliable_centers.csv,782dfb06601cef673f311ef33c2a9cf1d2492c67b2cc4ef4bc254938850db0ee,2,eligible_pending_modeling_qa,sage-event-path-db-v1
F1023_V70_D0122_P2__G23__ch10__nav_sage_v2__ingestion_20260825_event_path_v1__candidate_889,F1023_V70_D0122_P2__G23__ch10__nav_sage_v2__ingestion_20260825_event_path_v1,F1023_V70_D0122_P2,G23,889,44.3901139784946,2,1,4,1,confirmed_multipath,F1023_V70_D0122_P2__G23__ch10__nav_sage_v2__ingestion_20260825_event_path_v1__event_889,scenes/F1023_V70_D0122_P2/sage_results/nav_sage_v2/G23/stage3_reliable_centers.csv,782dfb06601cef673f311ef33c2a9cf1d2492c67b2cc4ef4bc254938850db0ee,3,eligible_pending_modeling_qa,sage-event-path-db-v1
F1023_V70_D0122_P2__G23__ch10__nav_sage_v2__ingestion_20260825_event_path_v1__candidate_1071,F1023_V70_D0122_P2__G23__ch10__nav_sage_v2__ingestion_20260825_event_path_v1,F1023_V70_D0122_P2,G23,1071,48.030131085044,2,1,4,1,confirmed_multipath,F1023_V70_D0122_P2__G23__ch10__nav_sage_v2__ingestion_20260825_event_path_v1__event_1071,scenes/F1023_V70_D0122_P2/sage_results/nav_sage_v2/G23/stage3_reliable_centers.csv,782dfb06601cef673f311ef33c2a9cf1d2492c67b2cc4ef4bc254938850db0ee,4,eligible_pending_modeling_qa,sage-event-path-db-v1
F1023_V70_D0122_P2__G23__ch10__nav_sage_v2__ingestion_20260825_event_path_v1__candidate_2143,F1023_V70_D0122_P2__G23__ch10__nav_sage_v2__ingestion_20260825_event_path_v1,F1023_V70_D0122_P2,G23,2143,99.5103700879765,2,1,4,1,confirmed_multipath,F1023_V70_D0122_P2__G23__ch10__nav_sage_v2__ingestion_20260825_event_path_v1__event_2143,scenes/F1023_V70_D0122_P2/sage_results/nav_sage_v2/G23/stage3_reliable_centers.csv,782dfb06601cef673f311ef33c2a9cf1d2492c67b2cc4ef4bc254938850db0ee,5,eligible_pending_modeling_qa,sage-event-path-db-v1
F1023_V70_D0122_P2__G23__ch10__nav_sage_v2__ingestion_20260825_event_path_v1__candidate_877,F1023_V70_D0122_P2__G23__ch10__nav_sage_v2__ingestion_20260825_event_path_v1,F1023_V70_D0122_P2,G23,877,44.1501129032258,2,1,3,1,confirmed_multipath,F1023_V70_D0122_P2__G23__ch10__nav_sage_v2__ingestion_20260825_event_path_v1__event_877,scenes/F1023_V70_D0122_P2/sage_results/nav_sage_v2/G23/stage3_reliable_centers.csv,782dfb06601cef673f311ef33c2a9cf1d2492c67b2cc4ef4bc254938850db0ee,6,eligible_pending_modeling_qa,sage-event-path-db-v1
F1023_V70_D0122_P2__G23__ch10__nav_sage_v2__ingestion_20260825_event_path_v1__candidate_878,F1023_V70_D0122_P2__G23__ch10__nav_sage_v2__ingestion_20260825_event_path_v1,F1023_V70_D0122_P2,G23,878,44.1701129032258,2,1,3,1,confirmed_multipath,F1023_V70_D0122_P2__G23__ch10__nav_sage_v2__ingestion_20260825_event_path_v1__event_878,scenes/F1023_V70_D0122_P2/sage_results/nav_sage_v2/G23/stage3_reliable_centers.csv,782dfb06601cef673f311ef33c2a9cf1d2492c67b2cc4ef4bc254938850db0ee,7,eligible_pending_modeling_qa,sage-event-path-db-v1
F1023_V70_D0122_P2__G23__ch10__nav_sage_v2__ingestion_20260825_event_path_v1__candidate_888,F1023_V70_D0122_P2__G23__ch10__nav_sage_v2__ingestion_20260825_event_path_v1,F1023_V70_D0122_P2,G23,888,44.3701138807429,2,1,3,1,confirmed_multipath,F1023_V70_D0122_P2__G23__ch10__nav_sage_v2__ingestion_20260825_event_path_v1__event_888,scenes/F1023_V70_D0122_P2/sage_results/nav_sage_v2/G23/stage3_reliable_centers.csv,782dfb06601cef673f311ef33c2a9cf1d2492c67b2cc4ef4bc254938850db0ee,8,eligible_pending_modeling_qa,sage-event-path-db-v1
F1023_V70_D0122_P2__G23__ch10__nav_sage_v2__ingestion_20260825_event_path_v1__candidate_891,F1023_V70_D0122_P2__G23__ch10__nav_sage_v2__ingestion_20260825_event_path_v1,F1023_V70_D0122_P2,G23,891,44.430114173998,2,1,3,1,confirmed_multipath,F1023_V70_D0122_P2__G23__ch10__nav_sage_v2__ingestion_20260825_event_path_v1__event_891,scenes/F1023_V70_D0122_P2/sage_results/nav_sage_v2/G23/stage3_reliable_centers.csv,782dfb06601cef673f311ef33c2a9cf1d2492c67b2cc4ef4bc254938850db0ee,9,eligible_pending_modeling_qa,sage-event-path-db-v1
F1023_V70_D0122_P2__G23__ch10__nav_sage_v2__ingestion_20260825_event_path_v1__candidate_1070,F1023_V70_D0122_P2__G23__ch10__nav_sage_v2__ingestion_20260825_event_path_v1,F1023_V70_D0122_P2,G23,1070,48.0101309872923,2,1,3,1,not_joint_evaluated,,scenes/F1023_V70_D0122_P2/sage_results/nav_sage_v2/G23/stage3_reliable_centers.csv,782dfb06601cef673f311ef33c2a9cf1d2492c67b2cc4ef4bc254938850db0ee,10,eligible_pending_modeling_qa,sage-event-path-db-v1
F1023_V70_D0122_P2__G23__ch10__nav_sage_v2__ingestion_20260825_event_path_v1__candidate_1074,F1023_V70_D0122_P2__G23__ch10__nav_sage_v2__ingestion_20260825_event_path_v1,F1023_V70_D0122_P2,G23,1074,48.0901312805474,2,1,3,1,not_joint_evaluated,,scenes/F1023_V70_D0122_P2/sage_results/nav_sage_v2/G23/stage3_reliable_centers.csv,782dfb06601cef673f311ef33c2a9cf1d2492c67b2cc4ef4bc254938850db0ee,11,eligible_pending_modeling_qa,sage-event-path-db-v1
F1023_V70_D0122_P2__G23__ch10__nav_sage_v2__ingestion_20260825_event_path_v1__candidate_1152,F1023_V70_D0122_P2__G23__ch10__nav_sage_v2__ingestion_20260825_event_path_v1,F1023_V70_D0122_P2,G23,1152,49.6501383186706,2,1,3,1,not_joint_evaluated,,scenes/F1023_V70_D0122_P2/sage_results/nav_sage_v2/G23/stage3_reliable_centers.csv,782dfb06601cef673f311ef33c2a9cf1d2492c67b2cc4ef4bc254938850db0ee,12,eligible_pending_modeling_qa,sage-event-path-db-v1
F1023_V70_D0122_P2__G23__ch10__nav_sage_v2__ingestion_20260825_event_path_v1__candidate_2145,F1023_V70_D0122_P2__G23__ch10__nav_sage_v2__ingestion_20260825_event_path_v1,F1023_V70_D0122_P2,G23,2145,99.5503701857283,2,1,3,1,not_joint_evaluated,,scenes/F1023_V70_D0122_P2/sage_results/nav_sage_v2/G23/stage3_reliable_centers.csv,782dfb06601cef673f311ef33c2a9cf1d2492c67b2cc4ef4bc254938850db0ee,13,eligible_pending_modeling_qa,sage-event-path-db-v1
F1023_V70_D0122_P2__G24__ch3__nav_sage_v2__ingestion_20260825_event_path_v1__candidate_2198,F1023_V70_D0122_P2__G24__ch3__nav_sage_v2__ingestion_20260825_event_path_v1,F1023_V70_D0122_P2,G24,2198,70.559780742913,4,3,3,1,confirmed_multipath,F1023_V70_D0122_P2__G24__ch3__nav_sage_v2__ingestion_20260825_event_path_v1__event_2198,scenes/F1023_V70_D0122_P2/sage_results/nav_sage_v2/G24/stage3_reliable_centers.csv,7621b9bce5cedf0502135ae03f33865ecd3682dd658ec1ec9d409873950be2d2,2,eligible_pending_modeling_qa,sage-event-path-db-v1
F1023_V70_D0122_P2__G24__ch3__nav_sage_v2__ingestion_20260825_event_path_v1__candidate_2199,F1023_V70_D0122_P2__G24__ch3__nav_sage_v2__ingestion_20260825_event_path_v1,F1023_V70_D0122_P2,G24,2199,70.5797808406647,4,3,3,1,confirmed_multipath,F1023_V70_D0122_P2__G24__ch3__nav_sage_v2__ingestion_20260825_event_path_v1__event_2199,scenes/F1023_V70_D0122_P2/sage_results/nav_sage_v2/G24/stage3_reliable_centers.csv,7621b9bce5cedf0502135ae03f33865ecd3682dd658ec1ec9d409873950be2d2,3,eligible_pending_modeling_qa,sage-event-path-db-v1
F1023_V70_D0122_P2__G24__ch3__nav_sage_v2__ingestion_20260825_event_path_v1__candidate_2197,F1023_V70_D0122_P2__G24__ch3__nav_sage_v2__ingestion_20260825_event_path_v1,F1023_V70_D0122_P2,G24,2197,70.539780742913,3,2,3,1,confirmed_multipath,F1023_V70_D0122_P2__G24__ch3__nav_sage_v2__ingestion_20260825_event_path_v1__event_2197,scenes/F1023_V70_D0122_P2/sage_results/nav_sage_v2/G24/stage3_reliable_centers.csv,7621b9bce5cedf0502135ae03f33865ecd3682dd658ec1ec9d409873950be2d2,4,eligible_pending_modeling_qa,sage-event-path-db-v1
F1023_V70_D0122_P2__G24__ch3__nav_sage_v2__ingestion_20260825_event_path_v1__candidate_3071,F1023_V70_D0122_P2__G24__ch3__nav_sage_v2__ingestion_20260825_event_path_v1,F1023_V70_D0122_P2,G24,3071,88.0198285434995,3,2,3,1,confirmed_multipath,F1023_V70_D0122_P2__G24__ch3__nav_sage_v2__ingestion_20260825_event_path_v1__event_3071,scenes/F1023_V70_D0122_P2/sage_results/nav_sage_v2/G24/stage3_reliable_centers.csv,7621b9bce5cedf0502135ae03f33865ecd3682dd658ec1ec9d409873950be2d2,5,eligible_pending_modeling_qa,sage-event-path-db-v1
F1023_V70_D0122_P2__G24__ch3__nav_sage_v2__ingestion_20260825_event_path_v1__candidate_3330,F1023_V70_D0122_P2__G24__ch3__nav_sage_v2__ingestion_20260825_event_path_v1,F1023_V70_D0122_P2,G24,3330,93.1998427174976,3,2,3,1,rejected_candidate,F1023_V70_D0122_P2__G24__ch3__nav_sage_v2__ingestion_20260825_event_path_v1__event_3330,scenes/F1023_V70_D0122_P2/sage_results/nav_sage_v2/G24/stage3_reliable_centers.csv,7621b9bce5cedf0502135ae03f33865ecd3682dd658ec1ec9d409873950be2d2,6,eligible_pending_modeling_qa,sage-event-path-db-v1
F1023_V70_D0122_P2__G24__ch3__nav_sage_v2__ingestion_20260825_event_path_v1__candidate_3332,F1023_V70_D0122_P2__G24__ch3__nav_sage_v2__ingestion_20260825_event_path_v1,F1023_V70_D0122_P2,G24,3332,93.2398428152493,3,2,3,1,rejected_candidate,F1023_V70_D0122_P2__G24__ch3__nav_sage_v2__ingestion_20260825_event_path_v1__event_3332,scenes/F1023_V70_D0122_P2/sage_results/nav_sage_v2/G24/stage3_reliable_centers.csv,7621b9bce5cedf0502135ae03f33865ecd3682dd658ec1ec9d409873950be2d2,7,eligible_pending_modeling_qa,sage-event-path-db-v1
F1023_V70_D0122_P2__G24__ch3__nav_sage_v2__ingestion_20260825_event_path_v1__candidate_1493,F1023_V70_D0122_P2__G24__ch3__nav_sage_v2__ingestion_20260825_event_path_v1,F1023_V70_D0122_P2,G24,1493,56.4597423264907,2,1,4,1,confirmed_multipath,F1023_V70_D0122_P2__G24__ch3__nav_sage_v2__ingestion_20260825_event_path_v1__event_1493,scenes/F1023_V70_D0122_P2/sage_results/nav_sage_v2/G24/stage3_reliable_centers.csv,7621b9bce5cedf0502135ae03f33865ecd3682dd658ec1ec9d409873950be2d2,8,eligible_pending_modeling_qa,sage-event-path-db-v1
F1023_V70_D0122_P2__G24__ch3__nav_sage_v2__ingestion_20260825_event_path_v1__candidate_3317,F1023_V70_D0122_P2__G24__ch3__nav_sage_v2__ingestion_20260825_event_path_v1,F1023_V70_D0122_P2,G24,3317,92.9398420332356,2,1,4,1,rejected_candidate,F1023_V70_D0122_P2__G24__ch3__nav_sage_v2__ingestion_20260825_event_path_v1__event_3317,scenes/F1023_V70_D0122_P2/sage_results/nav_sage_v2/G24/stage3_reliable_centers.csv,7621b9bce5cedf0502135ae03f33865ecd3682dd658ec1ec9d409873950be2d2,9,eligible_pending_modeling_qa,sage-event-path-db-v1
F1023_V70_D0122_P2__G24__ch3__nav_sage_v2__ingestion_20260825_event_path_v1__candidate_2221,F1023_V70_D0122_P2__G24__ch3__nav_sage_v2__ingestion_20260825_event_path_v1,F1023_V70_D0122_P2,G24,2221,71.0197820136852,2,1,3,1,not_joint_evaluated,,scenes/F1023_V70_D0122_P2/sage_results/nav_sage_v2/G24/stage3_reliable_centers.csv,7621b9bce5cedf0502135ae03f33865ecd3682dd658ec1ec9d409873950be2d2,10,eligible_pending_modeling_qa,sage-event-path-db-v1
F1023_V70_D0122_P2__G24__ch3__nav_sage_v2__ingestion_20260825_event_path_v1__candidate_3315,F1023_V70_D0122_P2__G24__ch3__nav_sage_v2__ingestion_20260825_event_path_v1,F1023_V70_D0122_P2,G24,3315,92.8998419354839,2,1,3,1,not_joint_evaluated,,scenes/F1023_V70_D0122_P2/sage_results/nav_sage_v2/G24/stage3_reliable_centers.csv,7621b9bce5cedf0502135ae03f33865ecd3682dd658ec1ec9d409873950be2d2,11,eligible_pending_modeling_qa,sage-event-path-db-v1
F1023_V80_D0117_P8__G12__ch4__nav_sage_v2__ingestion_20260825_event_path_v1__candidate_395,F1023_V80_D0117_P8__G12__ch4__nav_sage_v2__ingestion_20260825_event_path_v1,F1023_V80_D0117_P8,G12,395,48.7446337243402,3,2,4,1,rejected_candidate,F1023_V80_D0117_P8__G12__ch4__nav_sage_v2__ingestion_20260825_event_path_v1__event_395,scenes/F1023_V80_D0117_P8/sage_results/nav_sage_v2/G12/stage3_reliable_centers.csv,b620985e936263fc43d80f96d668b92fb912fbb2f71193a34072a8d548dc036e,2,eligible_pending_modeling_qa,sage-event-path-db-v1
F1023_V80_D0117_P8__G12__ch4__nav_sage_v2__ingestion_20260825_event_path_v1__candidate_475,F1023_V80_D0117_P8__G12__ch4__nav_sage_v2__ingestion_20260825_event_path_v1,F1023_V80_D0117_P8,G12,475,50.3446417399805,3,2,3,1,rejected_candidate,F1023_V80_D0117_P8__G12__ch4__nav_sage_v2__ingestion_20260825_event_path_v1__event_475,scenes/F1023_V80_D0117_P8/sage_results/nav_sage_v2/G12/stage3_reliable_centers.csv,b620985e936263fc43d80f96d668b92fb912fbb2f71193a34072a8d548dc036e,3,eligible_pending_modeling_qa,sage-event-path-db-v1
F1023_V80_D0117_P8__G28__ch6__nav_sage_v2__ingestion_20260825_event_path_v1__candidate_431,F1023_V80_D0117_P8__G28__ch6__nav_sage_v2__ingestion_20260825_event_path_v1,F1023_V80_D0117_P8,G28,431,49.4624600195503,4,3,3,1,rejected_candidate,F1023_V80_D0117_P8__G28__ch6__nav_sage_v2__ingestion_20260825_event_path_v1__event_431,scenes/F1023_V80_D0117_P8/sage_results/nav_sage_v2/G28/stage3_reliable_centers.csv,b449b29afcf06150fa545e16dee2916340f229c4b752fdbdafeb6993f7ab6cee,2,eligible_pending_modeling_qa,sage-event-path-db-v1
F1023_V80_D0117_P8__G28__ch6__nav_sage_v2__ingestion_20260825_event_path_v1__candidate_432,F1023_V80_D0117_P8__G28__ch6__nav_sage_v2__ingestion_20260825_event_path_v1,F1023_V80_D0117_P8,G28,432,49.4824600195503,4,3,3,1,confirmed_multipath,F1023_V80_D0117_P8__G28__ch6__nav_sage_v2__ingestion_20260825_event_path_v1__event_432,scenes/F1023_V80_D0117_P8/sage_results/nav_sage_v2/G28/stage3_reliable_centers.csv,b449b29afcf06150fa545e16dee2916340f229c4b752fdbdafeb6993f7ab6cee,3,eligible_pending_modeling_qa,sage-event-path-db-v1
F1023_V80_D0117_P8__G28__ch6__nav_sage_v2__ingestion_20260825_event_path_v1__candidate_433,F1023_V80_D0117_P8__G28__ch6__nav_sage_v2__ingestion_20260825_event_path_v1,F1023_V80_D0117_P8,G28,433,49.5024600195503,4,3,3,1,confirmed_multipath,F1023_V80_D0117_P8__G28__ch6__nav_sage_v2__ingestion_20260825_event_path_v1__event_433,scenes/F1023_V80_D0117_P8/sage_results/nav_sage_v2/G28/stage3_reliable_centers.csv,b449b29afcf06150fa545e16dee2916340f229c4b752fdbdafeb6993f7ab6cee,4,eligible_pending_modeling_qa,sage-event-path-db-v1
F1023_V80_D0117_P8__G28__ch6__nav_sage_v2__ingestion_20260825_event_path_v1__candidate_1067,F1023_V80_D0117_P8__G28__ch6__nav_sage_v2__ingestion_20260825_event_path_v1,F1023_V80_D0117_P8,G28,1067,62.1824875855327,4,3,3,1,rejected_candidate,F1023_V80_D0117_P8__G28__ch6__nav_sage_v2__ingestion_20260825_event_path_v1__event_1067,scenes/F1023_V80_D0117_P8/sage_results/nav_sage_v2/G28/stage3_reliable_centers.csv,b449b29afcf06150fa545e16dee2916340f229c4b752fdbdafeb6993f7ab6cee,5,eligible_pending_modeling_qa,sage-event-path-db-v1
F1023_V80_D0117_P8__G28__ch6__nav_sage_v2__ingestion_20260825_event_path_v1__candidate_434,F1023_V80_D0117_P8__G28__ch6__nav_sage_v2__ingestion_20260825_event_path_v1,F1023_V80_D0117_P8,G28,434,49.5224601173021,3,2,4,1,confirmed_multipath,F1023_V80_D0117_P8__G28__ch6__nav_sage_v2__ingestion_20260825_event_path_v1__event_434,scenes/F1023_V80_D0117_P8/sage_results/nav_sage_v2/G28/stage3_reliable_centers.csv,b449b29afcf06150fa545e16dee2916340f229c4b752fdbdafeb6993f7ab6cee,6,eligible_pending_modeling_qa,sage-event-path-db-v1
F1023_V80_D0117_P8__G28__ch6__nav_sage_v2__ingestion_20260825_event_path_v1__candidate_1035,F1023_V80_D0117_P8__G28__ch6__nav_sage_v2__ingestion_20260825_event_path_v1,F1023_V80_D0117_P8,G28,1035,61.5424862170088,3,2,4,1,rejected_candidate,F1023_V80_D0117_P8__G28__ch6__nav_sage_v2__ingestion_20260825_event_path_v1__event_1035,scenes/F1023_V80_D0117_P8/sage_results/nav_sage_v2/G28/stage3_reliable_centers.csv,b449b29afcf06150fa545e16dee2916340f229c4b752fdbdafeb6993f7ab6cee,7,eligible_pending_modeling_qa,sage-event-path-db-v1
F1023_V80_D0117_P8__G28__ch6__nav_sage_v2__ingestion_20260825_event_path_v1__candidate_1036,F1023_V80_D0117_P8__G28__ch6__nav_sage_v2__ingestion_20260825_event_path_v1,F1023_V80_D0117_P8,G28,1036,61.5624862170088,3,2,4,1,rejected_candidate,F1023_V80_D0117_P8__G28__ch6__nav_sage_v2__ingestion_20260825_event_path_v1__event_1036,scenes/F1023_V80_D0117_P8/sage_results/nav_sage_v2/G28/stage3_reliable_centers.csv,b449b29afcf06150fa545e16dee2916340f229c4b752fdbdafeb6993f7ab6cee,8,eligible_pending_modeling_qa,sage-event-path-db-v1
F1023_V80_D0117_P8__G28__ch6__nav_sage_v2__ingestion_20260825_event_path_v1__candidate_95,F1023_V80_D0117_P8__G28__ch6__nav_sage_v2__ingestion_20260825_event_path_v1,F1023_V80_D0117_P8,G28,95,42.7424453567937,3,2,3,1,rejected_candidate,F1023_V80_D0117_P8__G28__ch6__nav_sage_v2__ingestion_20260825_event_path_v1__event_95,scenes/F1023_V80_D0117_P8/sage_results/nav_sage_v2/G28/stage3_reliable_centers.csv,b449b29afcf06150fa545e16dee2916340f229c4b752fdbdafeb6993f7ab6cee,9,eligible_pending_modeling_qa,sage-event-path-db-v1
F1023_V80_D0117_P8__G28__ch6__nav_sage_v2__ingestion_20260825_event_path_v1__candidate_475,F1023_V80_D0117_P8__G28__ch6__nav_sage_v2__ingestion_20260825_event_path_v1,F1023_V80_D0117_P8,G28,475,50.3424618768328,3,2,3,1,not_joint_evaluated,,scenes/F1023_V80_D0117_P8/sage_results/nav_sage_v2/G28/stage3_reliable_centers.csv,b449b29afcf06150fa545e16dee2916340f229c4b752fdbdafeb6993f7ab6cee,10,eligible_pending_modeling_qa,sage-event-path-db-v1
F1023_V80_D0117_P8__G28__ch6__nav_sage_v2__ingestion_20260825_event_path_v1__candidate_476,F1023_V80_D0117_P8__G28__ch6__nav_sage_v2__ingestion_20260825_event_path_v1,F1023_V80_D0117_P8,G28,476,50.3624619745846,3,2,3,1,not_joint_evaluated,,scenes/F1023_V80_D0117_P8/sage_results/nav_sage_v2/G28/stage3_reliable_centers.csv,b449b29afcf06150fa545e16dee2916340f229c4b752fdbdafeb6993f7ab6cee,11,eligible_pending_modeling_qa,sage-event-path-db-v1
F1023_V80_D0117_P8__G28__ch6__nav_sage_v2__ingestion_20260825_event_path_v1__candidate_477,F1023_V80_D0117_P8__G28__ch6__nav_sage_v2__ingestion_20260825_event_path_v1,F1023_V80_D0117_P8,G28,477,50.3824619745846,3,2,3,1,not_joint_evaluated,,scenes/F1023_V80_D0117_P8/sage_results/nav_sage_v2/G28/stage3_reliable_centers.csv,b449b29afcf06150fa545e16dee2916340f229c4b752fdbdafeb6993f7ab6cee,12,eligible_pending_modeling_qa,sage-event-path-db-v1
F1023_V80_D0117_P8__G28__ch6__nav_sage_v2__ingestion_20260825_event_path_v1__candidate_1034,F1023_V80_D0117_P8__G28__ch6__nav_sage_v2__ingestion_20260825_event_path_v1,F1023_V80_D0117_P8,G28,1034,61.5224861192571,3,2,3,1,not_joint_evaluated,,scenes/F1023_V80_D0117_P8/sage_results/nav_sage_v2/G28/stage3_reliable_centers.csv,b449b29afcf06150fa545e16dee2916340f229c4b752fdbdafeb6993f7ab6cee,13,eligible_pending_modeling_qa,sage-event-path-db-v1
F1023_V80_D0117_P8__G28__ch6__nav_sage_v2__ingestion_20260825_event_path_v1__candidate_1037,F1023_V80_D0117_P8__G28__ch6__nav_sage_v2__ingestion_20260825_event_path_v1,F1023_V80_D0117_P8,G28,1037,61.5824863147605,3,2,3,1,not_joint_evaluated,,scenes/F1023_V80_D0117_P8/sage_results/nav_sage_v2/G28/stage3_reliable_centers.csv,b449b29afcf06150fa545e16dee2916340f229c4b752fdbdafeb6993f7ab6cee,14,eligible_pending_modeling_qa,sage-event-path-db-v1
F1023_V80_D0117_P8__G28__ch6__nav_sage_v2__ingestion_20260825_event_path_v1__candidate_1066,F1023_V80_D0117_P8__G28__ch6__nav_sage_v2__ingestion_20260825_event_path_v1,F1023_V80_D0117_P8,G28,1066,62.162487487781,3,2,3,1,not_joint_evaluated,,scenes/F1023_V80_D0117_P8/sage_results/nav_sage_v2/G28/stage3_reliable_centers.csv,b449b29afcf06150fa545e16dee2916340f229c4b752fdbdafeb6993f7ab6cee,15,eligible_pending_modeling_qa,sage-event-path-db-v1
F1023_V80_D0117_P8__G28__ch6__nav_sage_v2__ingestion_20260825_event_path_v1__candidate_96,F1023_V80_D0117_P8__G28__ch6__nav_sage_v2__ingestion_20260825_event_path_v1,F1023_V80_D0117_P8,G28,96,42.7624453567937,2,1,3,1,not_joint_evaluated,,scenes/F1023_V80_D0117_P8/sage_results/nav_sage_v2/G28/stage3_reliable_centers.csv,b449b29afcf06150fa545e16dee2916340f229c4b752fdbdafeb6993f7ab6cee,16,eligible_pending_modeling_qa,sage-event-path-db-v1
F1023_V80_D0117_P8__G28__ch6__nav_sage_v2__ingestion_20260825_event_path_v1__candidate_705,F1023_V80_D0117_P8__G28__ch6__nav_sage_v2__ingestion_20260825_event_path_v1,F1023_V80_D0117_P8,G28,705,54.9424718475073,2,1,3,1,not_joint_evaluated,,scenes/F1023_V80_D0117_P8/sage_results/nav_sage_v2/G28/stage3_reliable_centers.csv,b449b29afcf06150fa545e16dee2916340f229c4b752fdbdafeb6993f7ab6cee,17,eligible_pending_modeling_qa,sage-event-path-db-v1
F1023_V80_D0117_P8__G28__ch6__nav_sage_v2__ingestion_20260825_event_path_v1__candidate_1081,F1023_V80_D0117_P8__G28__ch6__nav_sage_v2__ingestion_20260825_event_path_v1,F1023_V80_D0117_P8,G28,1081,62.462488172043,2,1,3,1,not_joint_evaluated,,scenes/F1023_V80_D0117_P8/sage_results/nav_sage_v2/G28/stage3_reliable_centers.csv,b449b29afcf06150fa545e16dee2916340f229c4b752fdbdafeb6993f7ab6cee,18,eligible_pending_modeling_qa,sage-event-path-db-v1
F1023_V80_D0117_P8__G29__ch9__nav_sage_v2__ingestion_20260825_event_path_v1__candidate_457,F1023_V80_D0117_P8__G29__ch9__nav_sage_v2__ingestion_20260825_event_path_v1,F1023_V80_D0117_P8,G29,457,49.979777028348,4,3,3,1,rejected_candidate,F1023_V80_D0117_P8__G29__ch9__nav_sage_v2__ingestion_20260825_event_path_v1__event_457,scenes/F1023_V80_D0117_P8/sage_results/nav_sage_v2/G29/stage3_reliable_centers.csv,7cd3b529f429993814f135ef0dbece2a0af084367bad231c9f436a1cd064ba5e,2,eligible_pending_modeling_qa,sage-event-path-db-v1
F1023_V80_D0117_P8__G29__ch9__nav_sage_v2__ingestion_20260825_event_path_v1__candidate_458,F1023_V80_D0117_P8__G29__ch9__nav_sage_v2__ingestion_20260825_event_path_v1,F1023_V80_D0117_P8,G29,458,49.999777028348,4,3,3,1,rejected_candidate,F1023_V80_D0117_P8__G29__ch9__nav_sage_v2__ingestion_20260825_event_path_v1__event_458,scenes/F1023_V80_D0117_P8/sage_results/nav_sage_v2/G29/stage3_reliable_centers.csv,7cd3b529f429993814f135ef0dbece2a0af084367bad231c9f436a1cd064ba5e,3,eligible_pending_modeling_qa,sage-event-path-db-v1
F1023_V80_D0117_P8__G29__ch9__nav_sage_v2__ingestion_20260825_event_path_v1__candidate_459,F1023_V80_D0117_P8__G29__ch9__nav_sage_v2__ingestion_20260825_event_path_v1,F1023_V80_D0117_P8,G29,459,50.0197771260997,4,3,3,1,rejected_candidate,F1023_V80_D0117_P8__G29__ch9__nav_sage_v2__ingestion_20260825_event_path_v1__event_459,scenes/F1023_V80_D0117_P8/sage_results/nav_sage_v2/G29/stage3_reliable_centers.csv,7cd3b529f429993814f135ef0dbece2a0af084367bad231c9f436a1cd064ba5e,4,eligible_pending_modeling_qa,sage-event-path-db-v1
F1023_V80_D0117_P8__G29__ch9__nav_sage_v2__ingestion_20260825_event_path_v1__candidate_1066,F1023_V80_D0117_P8__G29__ch9__nav_sage_v2__ingestion_20260825_event_path_v1,F1023_V80_D0117_P8,G29,1066,62.1598053763441,3,2,3,1,rejected_candidate,F1023_V80_D0117_P8__G29__ch9__nav_sage_v2__ingestion_20260825_event_path_v1__event_1066,scenes/F1023_V80_D0117_P8/sage_results/nav_sage_v2/G29/stage3_reliable_centers.csv,7cd3b529f429993814f135ef0dbece2a0af084367bad231c9f436a1cd064ba5e,5,eligible_pending_modeling_qa,sage-event-path-db-v1
F1023_V80_D0117_P8__G29__ch9__nav_sage_v2__ingestion_20260825_event_path_v1__candidate_1067,F1023_V80_D0117_P8__G29__ch9__nav_sage_v2__ingestion_20260825_event_path_v1,F1023_V80_D0117_P8,G29,1067,62.1798054740958,3,2,3,1,rejected_candidate,F1023_V80_D0117_P8__G29__ch9__nav_sage_v2__ingestion_20260825_event_path_v1__event_1067,scenes/F1023_V80_D0117_P8/sage_results/nav_sage_v2/G29/stage3_reliable_centers.csv,7cd3b529f429993814f135ef0dbece2a0af084367bad231c9f436a1cd064ba5e,6,eligible_pending_modeling_qa,sage-event-path-db-v1
F1023_V80_D0117_P8__G29__ch9__nav_sage_v2__ingestion_20260825_event_path_v1__candidate_1068,F1023_V80_D0117_P8__G29__ch9__nav_sage_v2__ingestion_20260825_event_path_v1,F1023_V80_D0117_P8,G29,1068,62.1998054740958,3,2,3,1,rejected_candidate,F1023_V80_D0117_P8__G29__ch9__nav_sage_v2__ingestion_20260825_event_path_v1__event_1068,scenes/F1023_V80_D0117_P8/sage_results/nav_sage_v2/G29/stage3_reliable_centers.csv,7cd3b529f429993814f135ef0dbece2a0af084367bad231c9f436a1cd064ba5e,7,eligible_pending_modeling_qa,sage-event-path-db-v1
F1023_V80_D0117_P8__G29__ch9__nav_sage_v2__ingestion_20260825_event_path_v1__candidate_734,F1023_V80_D0117_P8__G29__ch9__nav_sage_v2__ingestion_20260825_event_path_v1,F1023_V80_D0117_P8,G29,734,55.5197899315738,2,1,5,1,rejected_candidate,F1023_V80_D0117_P8__G29__ch9__nav_sage_v2__ingestion_20260825_event_path_v1__event_734,scenes/F1023_V80_D0117_P8/sage_results/nav_sage_v2/G29/stage3_reliable_centers.csv,7cd3b529f429993814f135ef0dbece2a0af084367bad231c9f436a1cd064ba5e,8,eligible_pending_modeling_qa,sage-event-path-db-v1
F1023_V80_D0117_P8__G29__ch9__nav_sage_v2__ingestion_20260825_event_path_v1__candidate_733,F1023_V80_D0117_P8__G29__ch9__nav_sage_v2__ingestion_20260825_event_path_v1,F1023_V80_D0117_P8,G29,733,55.4997898338221,2,1,4,1,confirmed_multipath,F1023_V80_D0117_P8__G29__ch9__nav_sage_v2__ingestion_20260825_event_path_v1__event_733,scenes/F1023_V80_D0117_P8/sage_results/nav_sage_v2/G29/stage3_reliable_centers.csv,7cd3b529f429993814f135ef0dbece2a0af084367bad231c9f436a1cd064ba5e,9,eligible_pending_modeling_qa,sage-event-path-db-v1
F1023_V80_D0117_P8__G29__ch9__nav_sage_v2__ingestion_20260825_event_path_v1__candidate_1069,F1023_V80_D0117_P8__G29__ch9__nav_sage_v2__ingestion_20260825_event_path_v1,F1023_V80_D0117_P8,G29,1069,62.2198055718475,2,1,4,1,not_joint_evaluated,,scenes/F1023_V80_D0117_P8/sage_results/nav_sage_v2/G29/stage3_reliable_centers.csv,7cd3b529f429993814f135ef0dbece2a0af084367bad231c9f436a1cd064ba5e,10,eligible_pending_modeling_qa,sage-event-path-db-v1
F1023_V80_D0117_P8__G29__ch9__nav_sage_v2__ingestion_20260825_event_path_v1__candidate_1113,F1023_V80_D0117_P8__G29__ch9__nav_sage_v2__ingestion_20260825_event_path_v1,F1023_V80_D0117_P8,G29,1113,63.0998076246334,2,1,3,1,not_joint_evaluated,,scenes/F1023_V80_D0117_P8/sage_results/nav_sage_v2/G29/stage3_reliable_centers.csv,7cd3b529f429993814f135ef0dbece2a0af084367bad231c9f436a1cd064ba5e,11,eligible_pending_modeling_qa,sage-event-path-db-v1
F1023_v90_D0117_P7__G12__ch10__nav_sage_v2__ingestion_20260825_event_path_v1__candidate_56,F1023_v90_D0117_P7__G12__ch10__nav_sage_v2__ingestion_20260825_event_path_v1,F1023_v90_D0117_P7,G12,56,30.2226476050831,4,3,3,1,rejected_candidate,F1023_v90_D0117_P7__G12__ch10__nav_sage_v2__ingestion_20260825_event_path_v1__event_56,scenes/F1023_v90_D0117_P7/sage_results/nav_sage_v2/G12/stage3_reliable_centers.csv,3fd87e09ad8747d78acb2a54488ed3ce5eaffc1f6a68e0e63c8e8350acd98dfb,2,eligible_pending_modeling_qa,sage-event-path-db-v1
F1023_v90_D0117_P7__G12__ch10__nav_sage_v2__ingestion_20260825_event_path_v1__candidate_57,F1023_v90_D0117_P7__G12__ch10__nav_sage_v2__ingestion_20260825_event_path_v1,F1023_v90_D0117_P7,G12,57,30.2426477028348,4,3,3,1,rejected_candidate,F1023_v90_D0117_P7__G12__ch10__nav_sage_v2__ingestion_20260825_event_path_v1__event_57,scenes/F1023_v90_D0117_P7/sage_results/nav_sage_v2/G12/stage3_reliable_centers.csv,3fd87e09ad8747d78acb2a54488ed3ce5eaffc1f6a68e0e63c8e8350acd98dfb,3,eligible_pending_modeling_qa,sage-event-path-db-v1
F1023_v90_D0117_P7__G12__ch10__nav_sage_v2__ingestion_20260825_event_path_v1__candidate_58,F1023_v90_D0117_P7__G12__ch10__nav_sage_v2__ingestion_20260825_event_path_v1,F1023_v90_D0117_P7,G12,58,30.2626478005865,4,3,3,1,rejected_candidate,F1023_v90_D0117_P7__G12__ch10__nav_sage_v2__ingestion_20260825_event_path_v1__event_58,scenes/F1023_v90_D0117_P7/sage_results/nav_sage_v2/G12/stage3_reliable_centers.csv,3fd87e09ad8747d78acb2a54488ed3ce5eaffc1f6a68e0e63c8e8350acd98dfb,4,eligible_pending_modeling_qa,sage-event-path-db-v1
F1023_v90_D0117_P7__G12__ch10__nav_sage_v2__ingestion_20260825_event_path_v1__candidate_82,F1023_v90_D0117_P7__G12__ch10__nav_sage_v2__ingestion_20260825_event_path_v1,F1023_v90_D0117_P7,G12,82,30.7426502443793,3,2,3,1,rejected_candidate,F1023_v90_D0117_P7__G12__ch10__nav_sage_v2__ingestion_20260825_event_path_v1__event_82,scenes/F1023_v90_D0117_P7/sage_results/nav_sage_v2/G12/stage3_reliable_centers.csv,3fd87e09ad8747d78acb2a54488ed3ce5eaffc1f6a68e0e63c8e8350acd98dfb,5,eligible_pending_modeling_qa,sage-event-path-db-v1
F1023_v90_D0117_P7__G25__ch0__nav_sage_v2__ingestion_20260825_event_path_v1__candidate_45,F1023_v90_D0117_P7__G25__ch0__nav_sage_v2__ingestion_20260825_event_path_v1,F1023_v90_D0117_P7,G25,45,29.9952290322581,4,3,3,1,rejected_candidate,F1023_v90_D0117_P7__G25__ch0__nav_sage_v2__ingestion_20260825_event_path_v1__event_45,scenes/F1023_v90_D0117_P7/sage_results/nav_sage_v2/G25/stage3_reliable_centers.csv,02beb2aeeaf9da1c2cc4ae55f7d6c2c5fc659daf6c0520530304ad0a08789aff,2,eligible_pending_modeling_qa,sage-event-path-db-v1
F1023_v90_D0117_P7__G25__ch0__nav_sage_v2__ingestion_20260825_event_path_v1__candidate_46,F1023_v90_D0117_P7__G25__ch0__nav_sage_v2__ingestion_20260825_event_path_v1,F1023_v90_D0117_P7,G25,46,30.0152290322581,4,3,3,1,rejected_candidate,F1023_v90_D0117_P7__G25__ch0__nav_sage_v2__ingestion_20260825_event_path_v1__event_46,scenes/F1023_v90_D0117_P7/sage_results/nav_sage_v2/G25/stage3_reliable_centers.csv,02beb2aeeaf9da1c2cc4ae55f7d6c2c5fc659daf6c0520530304ad0a08789aff,3,eligible_pending_modeling_qa,sage-event-path-db-v1
F1023_v90_D0117_P7__G25__ch0__nav_sage_v2__ingestion_20260825_event_path_v1__candidate_47,F1023_v90_D0117_P7__G25__ch0__nav_sage_v2__ingestion_20260825_event_path_v1,F1023_v90_D0117_P7,G25,47,30.0352291300098,4,3,3,1,confirmed_multipath,F1023_v90_D0117_P7__G25__ch0__nav_sage_v2__ingestion_20260825_event_path_v1__event_47,scenes/F1023_v90_D0117_P7/sage_results/nav_sage_v2/G25/stage3_reliable_centers.csv,02beb2aeeaf9da1c2cc4ae55f7d6c2c5fc659daf6c0520530304ad0a08789aff,4,eligible_pending_modeling_qa,sage-event-path-db-v1
F1023_v90_D0117_P7__G25__ch0__nav_sage_v2__ingestion_20260825_event_path_v1__candidate_84,F1023_v90_D0117_P7__G25__ch0__nav_sage_v2__ingestion_20260825_event_path_v1,F1023_v90_D0117_P7,G25,84,30.7752318670577,2,1,3,1,confirmed_multipath,F1023_v90_D0117_P7__G25__ch0__nav_sage_v2__ingestion_20260825_event_path_v1__event_84,scenes/F1023_v90_D0117_P7/sage_results/nav_sage_v2/G25/stage3_reliable_centers.csv,02beb2aeeaf9da1c2cc4ae55f7d6c2c5fc659daf6c0520530304ad0a08789aff,5,eligible_pending_modeling_qa,sage-event-path-db-v1
F1023_v90_D0117_P7__G28__ch4__nav_sage_v2__ingestion_20260825_event_path_v1__candidate_7,F1023_v90_D0117_P7__G28__ch4__nav_sage_v2__ingestion_20260825_event_path_v1,F1023_v90_D0117_P7,G28,7,59.2412134897361,3,2,3,1,rejected_candidate,F1023_v90_D0117_P7__G28__ch4__nav_sage_v2__ingestion_20260825_event_path_v1__event_7,scenes/F1023_v90_D0117_P7/sage_results/nav_sage_v2/G28/stage3_reliable_centers.csv,5d70569ccf6a41b6aff8ec4e62da1f613a83627f54ad0ae174af2b306e7b31ee,2,eligible_pending_modeling_qa,sage-event-path-db-v1
F1023_v90_D0117_P7__G28__ch4__nav_sage_v2__ingestion_20260825_event_path_v1__candidate_8,F1023_v90_D0117_P7__G28__ch4__nav_sage_v2__ingestion_20260825_event_path_v1,F1023_v90_D0117_P7,G28,8,59.2612134897361,3,2,3,1,rejected_candidate,F1023_v90_D0117_P7__G28__ch4__nav_sage_v2__ingestion_20260825_event_path_v1__event_8,scenes/F1023_v90_D0117_P7/sage_results/nav_sage_v2/G28/stage3_reliable_centers.csv,5d70569ccf6a41b6aff8ec4e62da1f613a83627f54ad0ae174af2b306e7b31ee,3,eligible_pending_modeling_qa,sage-event-path-db-v1
F1023_v90_D0117_P7__G28__ch4__nav_sage_v2__ingestion_20260825_event_path_v1__candidate_9,F1023_v90_D0117_P7__G28__ch4__nav_sage_v2__ingestion_20260825_event_path_v1,F1023_v90_D0117_P7,G28,9,59.2812135874878,3,2,3,1,confirmed_multipath,F1023_v90_D0117_P7__G28__ch4__nav_sage_v2__ingestion_20260825_event_path_v1__event_9,scenes/F1023_v90_D0117_P7/sage_results/nav_sage_v2/G28/stage3_reliable_centers.csv,5d70569ccf6a41b6aff8ec4e62da1f613a83627f54ad0ae174af2b306e7b31ee,4,eligible_pending_modeling_qa,sage-event-path-db-v1
F1023_v90_D0117_P7__G28__ch4__nav_sage_v2__ingestion_20260825_event_path_v1__candidate_43,F1023_v90_D0117_P7__G28__ch4__nav_sage_v2__ingestion_20260825_event_path_v1,F1023_v90_D0117_P7,G28,43,59.9612149560117,3,2,3,1,rejected_candidate,F1023_v90_D0117_P7__G28__ch4__nav_sage_v2__ingestion_20260825_event_path_v1__event_43,scenes/F1023_v90_D0117_P7/sage_results/nav_sage_v2/G28/stage3_reliable_centers.csv,5d70569ccf6a41b6aff8ec4e62da1f613a83627f54ad0ae174af2b306e7b31ee,5,eligible_pending_modeling_qa,sage-event-path-db-v1
F1023_v90_D0117_P7__G28__ch4__nav_sage_v2__ingestion_20260825_event_path_v1__candidate_50,F1023_v90_D0117_P7__G28__ch4__nav_sage_v2__ingestion_20260825_event_path_v1,F1023_v90_D0117_P7,G28,50,60.1012152492669,2,1,3,1,rejected_candidate,F1023_v90_D0117_P7__G28__ch4__nav_sage_v2__ingestion_20260825_event_path_v1__event_50,scenes/F1023_v90_D0117_P7/sage_results/nav_sage_v2/G28/stage3_reliable_centers.csv,5d70569ccf6a41b6aff8ec4e62da1f613a83627f54ad0ae174af2b306e7b31ee,6,eligible_pending_modeling_qa,sage-event-path-db-v1
F1023_v90_D0117_P7__G28__ch4__nav_sage_v2__ingestion_20260825_event_path_v1__candidate_74,F1023_v90_D0117_P7__G28__ch4__nav_sage_v2__ingestion_20260825_event_path_v1,F1023_v90_D0117_P7,G28,74,60.581216226784,2,1,3,1,rejected_candidate,F1023_v90_D0117_P7__G28__ch4__nav_sage_v2__ingestion_20260825_event_path_v1__event_74,scenes/F1023_v90_D0117_P7/sage_results/nav_sage_v2/G28/stage3_reliable_centers.csv,5d70569ccf6a41b6aff8ec4e62da1f613a83627f54ad0ae174af2b306e7b31ee,7,eligible_pending_modeling_qa,sage-event-path-db-v1
F1023_v90_D0117_P7__G29__ch11__nav_sage_v2__ingestion_20260825_event_path_v1__candidate_199,F1023_v90_D0117_P7__G29__ch11__nav_sage_v2__ingestion_20260825_event_path_v1,F1023_v90_D0117_P7,G29,199,33.0784352883675,3,2,3,1,rejected_candidate,F1023_v90_D0117_P7__G29__ch11__nav_sage_v2__ingestion_20260825_event_path_v1__event_199,scenes/F1023_v90_D0117_P7/sage_results/nav_sage_v2/G29/stage3_reliable_centers.csv,fd8fccbc2af42c517a6f4990d016fbc4b75e102a50ed25ef5d0ce1ce7f22cbda,2,eligible_pending_modeling_qa,sage-event-path-db-v1
F1023_v90_D0117_P7__G29__ch11__nav_sage_v2__ingestion_20260825_event_path_v1__candidate_1549,F1023_v90_D0117_P7__G29__ch11__nav_sage_v2__ingestion_20260825_event_path_v1,F1023_v90_D0117_P7,G29,1549,60.078495601173,3,2,3,1,rejected_candidate,F1023_v90_D0117_P7__G29__ch11__nav_sage_v2__ingestion_20260825_event_path_v1__event_1549,scenes/F1023_v90_D0117_P7/sage_results/nav_sage_v2/G29/stage3_reliable_centers.csv,fd8fccbc2af42c517a6f4990d016fbc4b75e102a50ed25ef5d0ce1ce7f22cbda,3,eligible_pending_modeling_qa,sage-event-path-db-v1
F1023_v90_D0117_P7__G29__ch11__nav_sage_v2__ingestion_20260825_event_path_v1__candidate_1551,F1023_v90_D0117_P7__G29__ch11__nav_sage_v2__ingestion_20260825_event_path_v1,F1023_v90_D0117_P7,G29,1551,60.1184956989247,3,2,3,1,rejected_candidate,F1023_v90_D0117_P7__G29__ch11__nav_sage_v2__ingestion_20260825_event_path_v1__event_1551,scenes/F1023_v90_D0117_P7/sage_results/nav_sage_v2/G29/stage3_reliable_centers.csv,fd8fccbc2af42c517a6f4990d016fbc4b75e102a50ed25ef5d0ce1ce7f22cbda,4,eligible_pending_modeling_qa,sage-event-path-db-v1
F1023_v90_D0117_P7__G29__ch11__nav_sage_v2__ingestion_20260825_event_path_v1__candidate_1581,F1023_v90_D0117_P7__G29__ch11__nav_sage_v2__ingestion_20260825_event_path_v1,F1023_v90_D0117_P7,G29,1581,60.7184970674487,3,2,3,1,rejected_candidate,F1023_v90_D0117_P7__G29__ch11__nav_sage_v2__ingestion_20260825_event_path_v1__event_1581,scenes/F1023_v90_D0117_P7/sage_results/nav_sage_v2/G29/stage3_reliable_centers.csv,fd8fccbc2af42c517a6f4990d016fbc4b75e102a50ed25ef5d0ce1ce7f22cbda,5,eligible_pending_modeling_qa,sage-event-path-db-v1
F1023_v90_D0117_P7__G29__ch11__nav_sage_v2__ingestion_20260825_event_path_v1__candidate_1518,F1023_v90_D0117_P7__G29__ch11__nav_sage_v2__ingestion_20260825_event_path_v1,F1023_v90_D0117_P7,G29,1518,59.4584942326491,2,1,3,1,rejected_candidate,F1023_v90_D0117_P7__G29__ch11__nav_sage_v2__ingestion_20260825_event_path_v1__event_1518,scenes/F1023_v90_D0117_P7/sage_results/nav_sage_v2/G29/stage3_reliable_centers.csv,fd8fccbc2af42c517a6f4990d016fbc4b75e102a50ed25ef5d0ce1ce7f22cbda,6,eligible_pending_modeling_qa,sage-event-path-db-v1
F1023_v90_D0117_P7__G29__ch11__nav_sage_v2__ingestion_20260825_event_path_v1__candidate_1555,F1023_v90_D0117_P7__G29__ch11__nav_sage_v2__ingestion_20260825_event_path_v1,F1023_v90_D0117_P7,G29,1555,60.1984958944282,2,1,3,1,rejected_candidate,F1023_v90_D0117_P7__G29__ch11__nav_sage_v2__ingestion_20260825_event_path_v1__event_1555,scenes/F1023_v90_D0117_P7/sage_results/nav_sage_v2/G29/stage3_reliable_centers.csv,fd8fccbc2af42c517a6f4990d016fbc4b75e102a50ed25ef5d0ce1ce7f22cbda,7,eligible_pending_modeling_qa,sage-event-path-db-v1
F1023_v90_D0117_P7__G32__ch5__nav_sage_v2__ingestion_20260825_event_path_v1__candidate_664,F1023_v90_D0117_P7__G32__ch5__nav_sage_v2__ingestion_20260825_event_path_v1,F1023_v90_D0117_P7,G32,664,42.3872861192571,3,2,3,1,rejected_candidate,F1023_v90_D0117_P7__G32__ch5__nav_sage_v2__ingestion_20260825_event_path_v1__event_664,scenes/F1023_v90_D0117_P7/sage_results/nav_sage_v2/G32/stage3_reliable_centers.csv,e949ba4f5a69396d65a3d1d84711b6972b664d1d345521671e6e8be31f44de40,2,eligible_pending_modeling_qa,sage-event-path-db-v1
F1023_v90_D0117_P7__G32__ch5__nav_sage_v2__ingestion_20260825_event_path_v1__candidate_665,F1023_v90_D0117_P7__G32__ch5__nav_sage_v2__ingestion_20260825_event_path_v1,F1023_v90_D0117_P7,G32,665,42.4072862170088,3,2,3,1,rejected_candidate,F1023_v90_D0117_P7__G32__ch5__nav_sage_v2__ingestion_20260825_event_path_v1__event_665,scenes/F1023_v90_D0117_P7/sage_results/nav_sage_v2/G32/stage3_reliable_centers.csv,e949ba4f5a69396d65a3d1d84711b6972b664d1d345521671e6e8be31f44de40,3,eligible_pending_modeling_qa,sage-event-path-db-v1
F1023_v90_D0117_P7__G32__ch5__nav_sage_v2__ingestion_20260825_event_path_v1__candidate_666,F1023_v90_D0117_P7__G32__ch5__nav_sage_v2__ingestion_20260825_event_path_v1,F1023_v90_D0117_P7,G32,666,42.4272863147605,3,2,3,1,rejected_candidate,F1023_v90_D0117_P7__G32__ch5__nav_sage_v2__ingestion_20260825_event_path_v1__event_666,scenes/F1023_v90_D0117_P7/sage_results/nav_sage_v2/G32/stage3_reliable_centers.csv,e949ba4f5a69396d65a3d1d84711b6972b664d1d345521671e6e8be31f44de40,4,eligible_pending_modeling_qa,sage-event-path-db-v1
F1023_v90_D0117_P7__G32__ch5__nav_sage_v2__ingestion_20260825_event_path_v1__candidate_150,F1023_v90_D0117_P7__G32__ch5__nav_sage_v2__ingestion_20260825_event_path_v1,F1023_v90_D0117_P7,G32,150,32.1072363636364,2,1,4,1,confirmed_multipath,F1023_v90_D0117_P7__G32__ch5__nav_sage_v2__ingestion_20260825_event_path_v1__event_150,scenes/F1023_v90_D0117_P7/sage_results/nav_sage_v2/G32/stage3_reliable_centers.csv,e949ba4f5a69396d65a3d1d84711b6972b664d1d345521671e6e8be31f44de40,5,eligible_pending_modeling_qa,sage-event-path-db-v1
F1023_v90_D0117_P7__G32__ch5__nav_sage_v2__ingestion_20260825_event_path_v1__candidate_148,F1023_v90_D0117_P7__G32__ch5__nav_sage_v2__ingestion_20260825_event_path_v1,F1023_v90_D0117_P7,G32,148,32.0672362658847,2,1,3,1,confirmed_multipath,F1023_v90_D0117_P7__G32__ch5__nav_sage_v2__ingestion_20260825_event_path_v1__event_148,scenes/F1023_v90_D0117_P7/sage_results/nav_sage_v2/G32/stage3_reliable_centers.csv,e949ba4f5a69396d65a3d1d84711b6972b664d1d345521671e6e8be31f44de40,6,eligible_pending_modeling_qa,sage-event-path-db-v1
F1023_v90_D0117_P7__G32__ch5__nav_sage_v2__ingestion_20260825_event_path_v1__candidate_149,F1023_v90_D0117_P7__G32__ch5__nav_sage_v2__ingestion_20260825_event_path_v1,F1023_v90_D0117_P7,G32,149,32.0872362658847,2,1,3,1,confirmed_multipath,F1023_v90_D0117_P7__G32__ch5__nav_sage_v2__ingestion_20260825_event_path_v1__event_149,scenes/F1023_v90_D0117_P7/sage_results/nav_sage_v2/G32/stage3_reliable_centers.csv,e949ba4f5a69396d65a3d1d84711b6972b664d1d345521671e6e8be31f44de40,7,eligible_pending_modeling_qa,sage-event-path-db-v1
F1023_v90_D0117_P7__G32__ch5__nav_sage_v2__ingestion_20260825_event_path_v1__candidate_1542,F1023_v90_D0117_P7__G32__ch5__nav_sage_v2__ingestion_20260825_event_path_v1,F1023_v90_D0117_P7,G32,1542,59.9473713587488,2,1,3,1,rejected_candidate,F1023_v90_D0117_P7__G32__ch5__nav_sage_v2__ingestion_20260825_event_path_v1__event_1542,scenes/F1023_v90_D0117_P7/sage_results/nav_sage_v2/G32/stage3_reliable_centers.csv,e949ba4f5a69396d65a3d1d84711b6972b664d1d345521671e6e8be31f44de40,8,eligible_pending_modeling_qa,sage-event-path-db-v1
F1023_v90_D0117_P7__G32__ch5__nav_sage_v2__ingestion_20260825_event_path_v1__candidate_1543,F1023_v90_D0117_P7__G32__ch5__nav_sage_v2__ingestion_20260825_event_path_v1,F1023_v90_D0117_P7,G32,1543,59.9673714565005,2,1,3,1,confirmed_multipath,F1023_v90_D0117_P7__G32__ch5__nav_sage_v2__ingestion_20260825_event_path_v1__event_1543,scenes/F1023_v90_D0117_P7/sage_results/nav_sage_v2/G32/stage3_reliable_centers.csv,e949ba4f5a69396d65a3d1d84711b6972b664d1d345521671e6e8be31f44de40,9,eligible_pending_modeling_qa,sage-event-path-db-v1
F1023_v90_D0117_P7__G32__ch5__nav_sage_v2__ingestion_20260825_event_path_v1__candidate_1544,F1023_v90_D0117_P7__G32__ch5__nav_sage_v2__ingestion_20260825_event_path_v1,F1023_v90_D0117_P7,G32,1544,59.9873716520039,2,1,3,1,not_joint_evaluated,,scenes/F1023_v90_D0117_P7/sage_results/nav_sage_v2/G32/stage3_reliable_centers.csv,e949ba4f5a69396d65a3d1d84711b6972b664d1d345521671e6e8be31f44de40,10,eligible_pending_modeling_qa,sage-event-path-db-v1
F1023_V70_D0117_P2__G06__ch4__G06_nav_sage_v1__ingestion_20260825_event_path_v1__candidate_203,F1023_V70_D0117_P2__G06__ch4__G06_nav_sage_v1__ingestion_20260825_event_path_v1,F1023_V70_D0117_P2,G06,203,41.8614130009775,2,1,3,1,confirmed_multipath,F1023_V70_D0117_P2__G06__ch4__G06_nav_sage_v1__ingestion_20260825_event_path_v1__event_203,scenes/F1023_V70_D0117_P2/sage_results/G06_nav_sage_v1/stage3_reliable_centers.csv,a96a2265b97342e7e1206de91b1860bed3e5416b2e8c3f349f164d67dab126a2,2,excluded_legacy_context_missing,sage-event-path-db-v1
F1023_V70_D0117_P2__G06__ch4__G06_nav_sage_v1__ingestion_20260825_event_path_v1__candidate_264,F1023_V70_D0117_P2__G06__ch4__G06_nav_sage_v1__ingestion_20260825_event_path_v1,F1023_V70_D0117_P2,G06,264,43.0814179863148,2,1,3,1,confirmed_multipath,F1023_V70_D0117_P2__G06__ch4__G06_nav_sage_v1__ingestion_20260825_event_path_v1__event_264,scenes/F1023_V70_D0117_P2/sage_results/G06_nav_sage_v1/stage3_reliable_centers.csv,a96a2265b97342e7e1206de91b1860bed3e5416b2e8c3f349f164d67dab126a2,3,excluded_legacy_context_missing,sage-event-path-db-v1
F1023_V70_D0117_P2__G11__ch5__nav_sage_v2__ingestion_20260825_event_path_v1__candidate_641,F1023_V70_D0117_P2__G11__ch5__nav_sage_v2__ingestion_20260825_event_path_v1,F1023_V70_D0117_P2,G11,641,50.6187615835777,3,2,4,1,rejected_candidate,F1023_V70_D0117_P2__G11__ch5__nav_sage_v2__ingestion_20260825_event_path_v1__event_641,scenes/F1023_V70_D0117_P2/sage_results/nav_sage_v2/G11/stage3_reliable_centers.csv,7ee338753ed12f9fc33429846fef5712e79fa3725c47689a2eda66ffed30bead,2,eligible_pending_modeling_qa,sage-event-path-db-v1
F1023_V70_D0117_P2__G11__ch5__nav_sage_v2__ingestion_20260825_event_path_v1__candidate_642,F1023_V70_D0117_P2__G11__ch5__nav_sage_v2__ingestion_20260825_event_path_v1,F1023_V70_D0117_P2,G11,642,50.6387615835777,3,2,4,1,rejected_candidate,F1023_V70_D0117_P2__G11__ch5__nav_sage_v2__ingestion_20260825_event_path_v1__event_642,scenes/F1023_V70_D0117_P2/sage_results/nav_sage_v2/G11/stage3_reliable_centers.csv,7ee338753ed12f9fc33429846fef5712e79fa3725c47689a2eda66ffed30bead,3,eligible_pending_modeling_qa,sage-event-path-db-v1
F1023_V70_D0117_P2__G11__ch5__nav_sage_v2__ingestion_20260825_event_path_v1__candidate_317,F1023_V70_D0117_P2__G11__ch5__nav_sage_v2__ingestion_20260825_event_path_v1,F1023_V70_D0117_P2,G11,317,44.1387458455523,3,2,3,1,rejected_candidate,F1023_V70_D0117_P2__G11__ch5__nav_sage_v2__ingestion_20260825_event_path_v1__event_317,scenes/F1023_V70_D0117_P2/sage_results/nav_sage_v2/G11/stage3_reliable_centers.csv,7ee338753ed12f9fc33429846fef5712e79fa3725c47689a2eda66ffed30bead,4,eligible_pending_modeling_qa,sage-event-path-db-v1
F1023_V70_D0117_P2__G11__ch5__nav_sage_v2__ingestion_20260825_event_path_v1__candidate_640,F1023_V70_D0117_P2__G11__ch5__nav_sage_v2__ingestion_20260825_event_path_v1,F1023_V70_D0117_P2,G11,640,50.598761485826,3,2,3,1,confirmed_multipath,F1023_V70_D0117_P2__G11__ch5__nav_sage_v2__ingestion_20260825_event_path_v1__event_640,scenes/F1023_V70_D0117_P2/sage_results/nav_sage_v2/G11/stage3_reliable_centers.csv,7ee338753ed12f9fc33429846fef5712e79fa3725c47689a2eda66ffed30bead,5,eligible_pending_modeling_qa,sage-event-path-db-v1
F1023_V70_D0117_P2__G11__ch5__nav_sage_v2__ingestion_20260825_event_path_v1__candidate_643,F1023_V70_D0117_P2__G11__ch5__nav_sage_v2__ingestion_20260825_event_path_v1,F1023_V70_D0117_P2,G11,643,50.6587616813294,3,2,3,1,rejected_candidate,F1023_V70_D0117_P2__G11__ch5__nav_sage_v2__ingestion_20260825_event_path_v1__event_643,scenes/F1023_V70_D0117_P2/sage_results/nav_sage_v2/G11/stage3_reliable_centers.csv,7ee338753ed12f9fc33429846fef5712e79fa3725c47689a2eda66ffed30bead,6,eligible_pending_modeling_qa,sage-event-path-db-v1
F1023_V70_D0117_P2__G11__ch5__nav_sage_v2__ingestion_20260825_event_path_v1__candidate_730,F1023_V70_D0117_P2__G11__ch5__nav_sage_v2__ingestion_20260825_event_path_v1,F1023_V70_D0117_P2,G11,730,52.398765884653,3,2,3,1,rejected_candidate,F1023_V70_D0117_P2__G11__ch5__nav_sage_v2__ingestion_20260825_event_path_v1__event_730,scenes/F1023_V70_D0117_P2/sage_results/nav_sage_v2/G11/stage3_reliable_centers.csv,7ee338753ed12f9fc33429846fef5712e79fa3725c47689a2eda66ffed30bead,7,eligible_pending_modeling_qa,sage-event-path-db-v1
F1023_V70_D0117_P2__G11__ch5__nav_sage_v2__ingestion_20260825_event_path_v1__candidate_769,F1023_V70_D0117_P2__G11__ch5__nav_sage_v2__ingestion_20260825_event_path_v1,F1023_V70_D0117_P2,G11,769,53.1787677419355,2,1,4,1,rejected_candidate,F1023_V70_D0117_P2__G11__ch5__nav_sage_v2__ingestion_20260825_event_path_v1__event_769,scenes/F1023_V70_D0117_P2/sage_results/nav_sage_v2/G11/stage3_reliable_centers.csv,7ee338753ed12f9fc33429846fef5712e79fa3725c47689a2eda66ffed30bead,8,eligible_pending_modeling_qa,sage-event-path-db-v1
F1023_V70_D0117_P2__G12__ch6__nav_sage_v2__ingestion_20260825_event_path_v1__candidate_972,F1023_V70_D0117_P2__G12__ch6__nav_sage_v2__ingestion_20260825_event_path_v1,F1023_V70_D0117_P2,G12,972,57.2317813294233,4,3,4,1,rejected_candidate,F1023_V70_D0117_P2__G12__ch6__nav_sage_v2__ingestion_20260825_event_path_v1__event_972,scenes/F1023_V70_D0117_P2/sage_results/nav_sage_v2/G12/stage3_reliable_centers.csv,afe1664234b9d2a94942d0e39ff37c68827b219c0ba2bcbd6ffbbec01badf233,2,eligible_pending_modeling_qa,sage-event-path-db-v1
F1023_V70_D0117_P2__G12__ch6__nav_sage_v2__ingestion_20260825_event_path_v1__candidate_970,F1023_V70_D0117_P2__G12__ch6__nav_sage_v2__ingestion_20260825_event_path_v1,F1023_V70_D0117_P2,G12,970,57.1917811339198,4,3,3,1,confirmed_multipath,F1023_V70_D0117_P2__G12__ch6__nav_sage_v2__ingestion_20260825_event_path_v1__event_970,scenes/F1023_V70_D0117_P2/sage_results/nav_sage_v2/G12/stage3_reliable_centers.csv,afe1664234b9d2a94942d0e39ff37c68827b219c0ba2bcbd6ffbbec01badf233,3,eligible_pending_modeling_qa,sage-event-path-db-v1
F1023_V70_D0117_P2__G12__ch6__nav_sage_v2__ingestion_20260825_event_path_v1__candidate_971,F1023_V70_D0117_P2__G12__ch6__nav_sage_v2__ingestion_20260825_event_path_v1,F1023_V70_D0117_P2,G12,971,57.2117812316716,4,3,3,1,confirmed_multipath,F1023_V70_D0117_P2__G12__ch6__nav_sage_v2__ingestion_20260825_event_path_v1__event_971,scenes/F1023_V70_D0117_P2/sage_results/nav_sage_v2/G12/stage3_reliable_centers.csv,afe1664234b9d2a94942d0e39ff37c68827b219c0ba2bcbd6ffbbec01badf233,4,eligible_pending_modeling_qa,sage-event-path-db-v1
F1023_V70_D0117_P2__G12__ch6__nav_sage_v2__ingestion_20260825_event_path_v1__candidate_651,F1023_V70_D0117_P2__G12__ch6__nav_sage_v2__ingestion_20260825_event_path_v1,F1023_V70_D0117_P2,G12,651,50.811752688172,3,2,3,1,rejected_candidate,F1023_V70_D0117_P2__G12__ch6__nav_sage_v2__ingestion_20260825_event_path_v1__event_651,scenes/F1023_V70_D0117_P2/sage_results/nav_sage_v2/G12/stage3_reliable_centers.csv,afe1664234b9d2a94942d0e39ff37c68827b219c0ba2bcbd6ffbbec01badf233,5,eligible_pending_modeling_qa,sage-event-path-db-v1
F1023_V70_D0117_P2__G28__ch1__nav_sage_v2__ingestion_20260825_event_path_v1__candidate_693,F1023_V70_D0117_P2__G28__ch1__nav_sage_v2__ingestion_20260825_event_path_v1,F1023_V70_D0117_P2,G28,693,51.6590780058651,3,2,3,1,rejected_candidate,F1023_V70_D0117_P2__G28__ch1__nav_sage_v2__ingestion_20260825_event_path_v1__event_693,scenes/F1023_V70_D0117_P2/sage_results/nav_sage_v2/G28/stage3_reliable_centers.csv,42f24f35c569e0afad0b0296d94983b4062109a889fffa45e6602902de712e3f,2,eligible_pending_modeling_qa,sage-event-path-db-v1
F1023_V70_D0117_P2__G28__ch1__nav_sage_v2__ingestion_20260825_event_path_v1__candidate_298,F1023_V70_D0117_P2__G28__ch1__nav_sage_v2__ingestion_20260825_event_path_v1,F1023_V70_D0117_P2,G28,298,43.7590673509286,2,1,3,1,rejected_candidate,F1023_V70_D0117_P2__G28__ch1__nav_sage_v2__ingestion_20260825_event_path_v1__event_298,scenes/F1023_V70_D0117_P2/sage_results/nav_sage_v2/G28/stage3_reliable_centers.csv,42f24f35c569e0afad0b0296d94983b4062109a889fffa45e6602902de712e3f,3,eligible_pending_modeling_qa,sage-event-path-db-v1
F1023_V70_D0117_P2__G29__ch7__nav_sage_v2__ingestion_20260825_event_path_v1__candidate_80,F1023_V70_D0117_P2__G29__ch7__nav_sage_v2__ingestion_20260825_event_path_v1,F1023_V70_D0117_P2,G29,80,39.3959774193548,2,1,3,1,confirmed_multipath,F1023_V70_D0117_P2__G29__ch7__nav_sage_v2__ingestion_20260825_event_path_v1__event_80,scenes/F1023_V70_D0117_P2/sage_results/nav_sage_v2/G29/stage3_reliable_centers.csv,ac9015ccd2af2a86a5306b29250197d3167197a0d7e829b831fb23d91af5d71f,2,eligible_pending_modeling_qa,sage-event-path-db-v1
F1023_V70_D0117_P2__G32__ch11__nav_sage_v2__ingestion_20260825_event_path_v1__candidate_83,F1023_V70_D0117_P2__G32__ch11__nav_sage_v2__ingestion_20260825_event_path_v1,F1023_V70_D0117_P2,G32,83,39.456988856305,4,3,4,1,rejected_candidate,F1023_V70_D0117_P2__G32__ch11__nav_sage_v2__ingestion_20260825_event_path_v1__event_83,scenes/F1023_V70_D0117_P2/sage_results/nav_sage_v2/G32/stage3_reliable_centers.csv,902f610fd5428c0a89f7a479958cd95dfa4fbd310c24a6fa4257d1b6571a3f26,2,eligible_pending_modeling_qa,sage-event-path-db-v1
F1023_V70_D0117_P2__G32__ch11__nav_sage_v2__ingestion_20260825_event_path_v1__candidate_82,F1023_V70_D0117_P2__G32__ch11__nav_sage_v2__ingestion_20260825_event_path_v1,F1023_V70_D0117_P2,G32,82,39.4369887585533,4,3,3,1,confirmed_multipath,F1023_V70_D0117_P2__G32__ch11__nav_sage_v2__ingestion_20260825_event_path_v1__event_82,scenes/F1023_V70_D0117_P2/sage_results/nav_sage_v2/G32/stage3_reliable_centers.csv,902f610fd5428c0a89f7a479958cd95dfa4fbd310c24a6fa4257d1b6571a3f26,3,eligible_pending_modeling_qa,sage-event-path-db-v1
F1023_V70_D0117_P2__G32__ch11__nav_sage_v2__ingestion_20260825_event_path_v1__candidate_84,F1023_V70_D0117_P2__G32__ch11__nav_sage_v2__ingestion_20260825_event_path_v1,F1023_V70_D0117_P2,G32,84,39.4769889540567,4,3,3,1,confirmed_multipath,F1023_V70_D0117_P2__G32__ch11__nav_sage_v2__ingestion_20260825_event_path_v1__event_84,scenes/F1023_V70_D0117_P2/sage_results/nav_sage_v2/G32/stage3_reliable_centers.csv,902f610fd5428c0a89f7a479958cd95dfa4fbd310c24a6fa4257d1b6571a3f26,4,eligible_pending_modeling_qa,sage-event-path-db-v1
F1023_V70_D0117_P2__G32__ch11__nav_sage_v2__ingestion_20260825_event_path_v1__candidate_143,F1023_V70_D0117_P2__G32__ch11__nav_sage_v2__ingestion_20260825_event_path_v1,F1023_V70_D0117_P2,G32,143,40.6569936461388,4,3,3,1,rejected_candidate,F1023_V70_D0117_P2__G32__ch11__nav_sage_v2__ingestion_20260825_event_path_v1__event_143,scenes/F1023_V70_D0117_P2/sage_results/nav_sage_v2/G32/stage3_reliable_centers.csv,902f610fd5428c0a89f7a479958cd95dfa4fbd310c24a6fa4257d1b6571a3f26,5,eligible_pending_modeling_qa,sage-event-path-db-v1
F1023_V70_D0117_P2__G32__ch11__nav_sage_v2__ingestion_20260825_event_path_v1__candidate_144,F1023_V70_D0117_P2__G32__ch11__nav_sage_v2__ingestion_20260825_event_path_v1,F1023_V70_D0117_P2,G32,144,40.6769937438905,4,3,3,1,rejected_candidate,F1023_V70_D0117_P2__G32__ch11__nav_sage_v2__ingestion_20260825_event_path_v1__event_144,scenes/F1023_V70_D0117_P2/sage_results/nav_sage_v2/G32/stage3_reliable_centers.csv,902f610fd5428c0a89f7a479958cd95dfa4fbd310c24a6fa4257d1b6571a3f26,6,eligible_pending_modeling_qa,sage-event-path-db-v1
F1023_V70_D0117_P2__G32__ch11__nav_sage_v2__ingestion_20260825_event_path_v1__candidate_145,F1023_V70_D0117_P2__G32__ch11__nav_sage_v2__ingestion_20260825_event_path_v1,F1023_V70_D0117_P2,G32,145,40.6969937438905,4,3,3,1,rejected_candidate,F1023_V70_D0117_P2__G32__ch11__nav_sage_v2__ingestion_20260825_event_path_v1__event_145,scenes/F1023_V70_D0117_P2/sage_results/nav_sage_v2/G32/stage3_reliable_centers.csv,902f610fd5428c0a89f7a479958cd95dfa4fbd310c24a6fa4257d1b6571a3f26,7,eligible_pending_modeling_qa,sage-event-path-db-v1
F1023_V70_D0117_P2__G32__ch11__nav_sage_v2__ingestion_20260825_event_path_v1__candidate_759,F1023_V70_D0117_P2__G32__ch11__nav_sage_v2__ingestion_20260825_event_path_v1,F1023_V70_D0117_P2,G32,759,52.977042228739,4,3,3,1,rejected_candidate,F1023_V70_D0117_P2__G32__ch11__nav_sage_v2__ingestion_20260825_event_path_v1__event_759,scenes/F1023_V70_D0117_P2/sage_results/nav_sage_v2/G32/stage3_reliable_centers.csv,902f610fd5428c0a89f7a479958cd95dfa4fbd310c24a6fa4257d1b6571a3f26,8,eligible_pending_modeling_qa,sage-event-path-db-v1
F1023_V70_D0117_P2__G32__ch11__nav_sage_v2__ingestion_20260825_event_path_v1__candidate_760,F1023_V70_D0117_P2__G32__ch11__nav_sage_v2__ingestion_20260825_event_path_v1,F1023_V70_D0117_P2,G32,760,52.9970423264907,4,3,3,1,rejected_candidate,F1023_V70_D0117_P2__G32__ch11__nav_sage_v2__ingestion_20260825_event_path_v1__event_760,scenes/F1023_V70_D0117_P2/sage_results/nav_sage_v2/G32/stage3_reliable_centers.csv,902f610fd5428c0a89f7a479958cd95dfa4fbd310c24a6fa4257d1b6571a3f26,9,eligible_pending_modeling_qa,sage-event-path-db-v1
F1023_V70_D0117_P2__G32__ch11__nav_sage_v2__ingestion_20260825_event_path_v1__candidate_761,F1023_V70_D0117_P2__G32__ch11__nav_sage_v2__ingestion_20260825_event_path_v1,F1023_V70_D0117_P2,G32,761,53.0170424242424,4,3,3,1,not_joint_evaluated,,scenes/F1023_V70_D0117_P2/sage_results/nav_sage_v2/G32/stage3_reliable_centers.csv,902f610fd5428c0a89f7a479958cd95dfa4fbd310c24a6fa4257d1b6571a3f26,10,eligible_pending_modeling_qa,sage-event-path-db-v1
F1023_V70_D0117_P2__G32__ch11__nav_sage_v2__ingestion_20260825_event_path_v1__candidate_347,F1023_V70_D0117_P2__G32__ch11__nav_sage_v2__ingestion_20260825_event_path_v1,F1023_V70_D0117_P2,G32,347,44.7370097751711,2,1,3,1,not_joint_evaluated,,scenes/F1023_V70_D0117_P2/sage_results/nav_sage_v2/G32/stage3_reliable_centers.csv,902f610fd5428c0a89f7a479958cd95dfa4fbd310c24a6fa4257d1b6571a3f26,11,eligible_pending_modeling_qa,sage-event-path-db-v1
F1023_V70_D0117_P2__G32__ch11__nav_sage_v2__ingestion_20260825_event_path_v1__candidate_349,F1023_V70_D0117_P2__G32__ch11__nav_sage_v2__ingestion_20260825_event_path_v1,F1023_V70_D0117_P2,G32,349,44.7770098729228,2,1,3,1,not_joint_evaluated,,scenes/F1023_V70_D0117_P2/sage_results/nav_sage_v2/G32/stage3_reliable_centers.csv,902f610fd5428c0a89f7a479958cd95dfa4fbd310c24a6fa4257d1b6571a3f26,12,eligible_pending_modeling_qa,sage-event-path-db-v1
