event_id,run_id,logical_run_key,scene_id,prn,tracking_channel,center_window_id,recording_time_s,stage2_L,joint_selected_L,joint_multipath_count,joint_rss,joint_bic,snapshot_wins_vs_L1,minimum_multipath_power_db,maximum_relative_doppler_hz,maximum_coherence,joint_valid,event_status,label_rule_version,source_file,source_file_sha256,source_row_number,request_id,qa_status,modeling_eligibility,schema_version
F1023_v50_D0127_P1__G31__ch5__nav_sage_v2__ingestion_20260825_event_path_v1__event_964,F1023_v50_D0127_P1__G31__ch5__nav_sage_v2__ingestion_20260825_event_path_v1,F1023_v50_D0127_P1__G31__ch5__nav_sage_v2,F1023_v50_D0127_P1,G31,5,964,58.0992017595308,3,1,0,1021239.49034973,-3335.14432793022,5,NaN,0,0,1,rejected_candidate,stage4-strict-confirmed-v1,scenes/F1023_v50_D0127_P1/sage_results/nav_sage_v2/G31/stage4_joint_summary.csv,175b1dae00e75682b06d1a71805fd01b10fc62b47679e326a01accda63a57cb5,2,windows_unattended_F1023_v50_D0127_P1__G31_20260819T004818Z_007,pass,eligible_pending_modeling_qa,sage-event-path-db-v1
F1023_v50_D0127_P1__G31__ch5__nav_sage_v2__ingestion_20260825_event_path_v1__event_327,F1023_v50_D0127_P1__G31__ch5__nav_sage_v2__ingestion_20260825_event_path_v1,F1023_v50_D0127_P1__G31__ch5__nav_sage_v2,F1023_v50_D0127_P1,G31,5,327,45.3591775171066,2,1,0,1018347.02402863,-9138.27159773637,5,NaN,0,0,1,rejected_candidate,stage4-strict-confirmed-v1,scenes/F1023_v50_D0127_P1/sage_results/nav_sage_v2/G31/stage4_joint_summary.csv,175b1dae00e75682b06d1a71805fd01b10fc62b47679e326a01accda63a57cb5,3,windows_unattended_F1023_v50_D0127_P1__G31_20260819T004818Z_007,pass,eligible_pending_modeling_qa,sage-event-path-db-v1
F1023_v50_D0127_P1__G31__ch5__nav_sage_v2__ingestion_20260825_event_path_v1__event_329,F1023_v50_D0127_P1__G31__ch5__nav_sage_v2__ingestion_20260825_event_path_v1,F1023_v50_D0127_P1__G31__ch5__nav_sage_v2,F1023_v50_D0127_P1,G31,5,329,45.3991776148583,2,1,0,1018459.4299318,-8912.44505671736,5,NaN,0,0,1,rejected_candidate,stage4-strict-confirmed-v1,scenes/F1023_v50_D0127_P1/sage_results/nav_sage_v2/G31/stage4_joint_summary.csv,175b1dae00e75682b06d1a71805fd01b10fc62b47679e326a01accda63a57cb5,4,windows_unattended_F1023_v50_D0127_P1__G31_20260819T004818Z_007,pass,eligible_pending_modeling_qa,sage-event-path-db-v1
F1023_v50_D0127_P1__G31__ch5__nav_sage_v2__ingestion_20260825_event_path_v1__event_994,F1023_v50_D0127_P1__G31__ch5__nav_sage_v2__ingestion_20260825_event_path_v1,F1023_v50_D0127_P1__G31__ch5__nav_sage_v2,F1023_v50_D0127_P1,G31,5,994,58.6992029325513,2,1,0,1020966.60247001,-3881.93400522674,5,NaN,0,0,1,rejected_candidate,stage4-strict-confirmed-v1,scenes/F1023_v50_D0127_P1/sage_results/nav_sage_v2/G31/stage4_joint_summary.csv,175b1dae00e75682b06d1a71805fd01b10fc62b47679e326a01accda63a57cb5,5,windows_unattended_F1023_v50_D0127_P1__G31_20260819T004818Z_007,pass,eligible_pending_modeling_qa,sage-event-path-db-v1
F1023_v50_D0127_P1__G31__ch5__nav_sage_v2__ingestion_20260825_event_path_v1__event_1077,F1023_v50_D0127_P1__G31__ch5__nav_sage_v2__ingestion_20260825_event_path_v1,F1023_v50_D0127_P1__G31__ch5__nav_sage_v2,F1023_v50_D0127_P1,G31,5,1077,60.3592060606061,2,1,0,1022364.42881987,-1082.62922870194,5,NaN,0,0,1,rejected_candidate,stage4-strict-confirmed-v1,scenes/F1023_v50_D0127_P1/sage_results/nav_sage_v2/G31/stage4_joint_summary.csv,175b1dae00e75682b06d1a71805fd01b10fc62b47679e326a01accda63a57cb5,6,windows_unattended_F1023_v50_D0127_P1__G31_20260819T004818Z_007,pass,eligible_pending_modeling_qa,sage-event-path-db-v1
F1023_v50_D0127_P1__G31__ch5__nav_sage_v2__ingestion_20260825_event_path_v1__event_1078,F1023_v50_D0127_P1__G31__ch5__nav_sage_v2__ingestion_20260825_event_path_v1,F1023_v50_D0127_P1__G31__ch5__nav_sage_v2,F1023_v50_D0127_P1,G31,5,1078,60.3792061583578,2,1,0,1022393.73891417,-1023.97343859376,5,NaN,0,0,1,rejected_candidate,stage4-strict-confirmed-v1,scenes/F1023_v50_D0127_P1/sage_results/nav_sage_v2/G31/stage4_joint_summary.csv,175b1dae00e75682b06d1a71805fd01b10fc62b47679e326a01accda63a57cb5,7,windows_unattended_F1023_v50_D0127_P1__G31_20260819T004818Z_007,pass,eligible_pending_modeling_qa,sage-event-path-db-v1
F1023_v50_D0127_P1__G31__ch5__nav_sage_v2__ingestion_20260825_event_path_v1__event_1186,F1023_v50_D0127_P1__G31__ch5__nav_sage_v2__ingestion_20260825_event_path_v1,F1023_v50_D0127_P1__G31__ch5__nav_sage_v2,F1023_v50_D0127_P1,G31,5,1186,62.5392101661779,2,1,0,1021555.81104968,-2701.51044710348,5,NaN,0,0,1,rejected_candidate,stage4-strict-confirmed-v1,scenes/F1023_v50_D0127_P1/sage_results/nav_sage_v2/G31/stage4_joint_summary.csv,175b1dae00e75682b06d1a71805fd01b10fc62b47679e326a01accda63a57cb5,8,windows_unattended_F1023_v50_D0127_P1__G31_20260819T004818Z_007,pass,eligible_pending_modeling_qa,sage-event-path-db-v1
F1023_v50_D0127_P1__G31__ch5__nav_sage_v2__ingestion_20260825_event_path_v1__event_1187,F1023_v50_D0127_P1__G31__ch5__nav_sage_v2__ingestion_20260825_event_path_v1,F1023_v50_D0127_P1__G31__ch5__nav_sage_v2,F1023_v50_D0127_P1,G31,5,1187,62.5592101661779,2,1,0,1021429.77986346,-2953.94473589676,5,NaN,0,0,1,rejected_candidate,stage4-strict-confirmed-v1,scenes/F1023_v50_D0127_P1/sage_results/nav_sage_v2/G31/stage4_joint_summary.csv,175b1dae00e75682b06d1a71805fd01b10fc62b47679e326a01accda63a57cb5,9,windows_unattended_F1023_v50_D0127_P1__G31_20260819T004818Z_007,pass,eligible_pending_modeling_qa,sage-event-path-db-v1
F1023_V70_D0117_P4__G25__ch7__nav_sage_v2__ingestion_20260825_event_path_v1__event_348,F1023_V70_D0117_P4__G25__ch7__nav_sage_v2__ingestion_20260825_event_path_v1,F1023_V70_D0117_P4__G25__ch7__nav_sage_v2,F1023_V70_D0117_P4,G25,7,348,53.7037350928641,4,1,0,1009312.39510724,-27371.0901155008,5,NaN,0,0,1,rejected_candidate,stage4-strict-confirmed-v1,scenes/F1023_V70_D0117_P4/sage_results/nav_sage_v2/G25/stage4_joint_summary.csv,df2177fd85e3fc09ecc3b40db9413463ee8a369adc45eec59c9aff8cfe91a765,2,windows_unattended_F1023_V70_D0117_P4__G25_20260819T004818Z_008,pass,eligible_pending_modeling_qa,sage-event-path-db-v1
F1023_V70_D0117_P4__G25__ch7__nav_sage_v2__ingestion_20260825_event_path_v1__event_349,F1023_V70_D0117_P4__G25__ch7__nav_sage_v2__ingestion_20260825_event_path_v1,F1023_V70_D0117_P4__G25__ch7__nav_sage_v2,F1023_V70_D0117_P4,G25,7,349,53.7237350928641,4,1,0,1009612.7061876,-26762.4132759751,5,NaN,0,0,1,rejected_candidate,stage4-strict-confirmed-v1,scenes/F1023_V70_D0117_P4/sage_results/nav_sage_v2/G25/stage4_joint_summary.csv,df2177fd85e3fc09ecc3b40db9413463ee8a369adc45eec59c9aff8cfe91a765,3,windows_unattended_F1023_V70_D0117_P4__G25_20260819T004818Z_008,pass,eligible_pending_modeling_qa,sage-event-path-db-v1
F1023_V70_D0117_P4__G25__ch7__nav_sage_v2__ingestion_20260825_event_path_v1__event_347,F1023_V70_D0117_P4__G25__ch7__nav_sage_v2__ingestion_20260825_event_path_v1,F1023_V70_D0117_P4__G25__ch7__nav_sage_v2,F1023_V70_D0117_P4,G25,7,347,53.6837349951124,4,2,1,1008803.02779112,-28229.523998844,5,-8.64239900343813,4.50392352314157,0.861787925786389,1,confirmed_multipath,stage4-strict-confirmed-v1,scenes/F1023_V70_D0117_P4/sage_results/nav_sage_v2/G25/stage4_joint_summary.csv,df2177fd85e3fc09ecc3b40db9413463ee8a369adc45eec59c9aff8cfe91a765,4,windows_unattended_F1023_V70_D0117_P4__G25_20260819T004818Z_008,pass,eligible_pending_modeling_qa,sage-event-path-db-v1
F1023_V70_D0117_P4__G25__ch7__nav_sage_v2__ingestion_20260825_event_path_v1__event_350,F1023_V70_D0117_P4__G25__ch7__nav_sage_v2__ingestion_20260825_event_path_v1,F1023_V70_D0117_P4__G25__ch7__nav_sage_v2,F1023_V70_D0117_P4,G25,7,350,53.7437351906158,4,2,1,1009295.82465626,-27230.3039607411,5,-4.2174922764624,0.116515775416701,0.899894209792511,1,confirmed_multipath,stage4-strict-confirmed-v1,scenes/F1023_V70_D0117_P4/sage_results/nav_sage_v2/G25/stage4_joint_summary.csv,df2177fd85e3fc09ecc3b40db9413463ee8a369adc45eec59c9aff8cfe91a765,5,windows_unattended_F1023_V70_D0117_P4__G25_20260819T004818Z_008,pass,eligible_pending_modeling_qa,sage-event-path-db-v1
F1023_V70_D0117_P4__G28__ch6__nav_sage_v2__ingestion_20260825_event_path_v1__event_557,F1023_V70_D0117_P4__G28__ch6__nav_sage_v2__ingestion_20260825_event_path_v1,F1023_V70_D0117_P4__G28__ch6__nav_sage_v2,F1023_V70_D0117_P4,G28,6,557,57.8914086999023,3,1,0,1016827.49180557,-12193.5019791102,5,NaN,0,0,1,rejected_candidate,stage4-strict-confirmed-v1,scenes/F1023_V70_D0117_P4/sage_results/nav_sage_v2/G28/stage4_joint_summary.csv,c5ca5c8a5cae44f73d1b2cf94635e213c01aada92011670f7c40ad5acb53acd4,2,windows_unattended_F1023_V70_D0117_P4__G28_20260819T004818Z_009,pass,eligible_pending_modeling_qa,sage-event-path-db-v1
F1023_V70_D0117_P4__G28__ch6__nav_sage_v2__ingestion_20260825_event_path_v1__event_558,F1023_V70_D0117_P4__G28__ch6__nav_sage_v2__ingestion_20260825_event_path_v1,F1023_V70_D0117_P4__G28__ch6__nav_sage_v2,F1023_V70_D0117_P4,G28,6,558,57.9114086999022,3,1,0,1016949.06841233,-11948.8873615676,5,NaN,0,0,1,rejected_candidate,stage4-strict-confirmed-v1,scenes/F1023_V70_D0117_P4/sage_results/nav_sage_v2/G28/stage4_joint_summary.csv,c5ca5c8a5cae44f73d1b2cf94635e213c01aada92011670f7c40ad5acb53acd4,3,windows_unattended_F1023_V70_D0117_P4__G28_20260819T004818Z_009,pass,eligible_pending_modeling_qa,sage-event-path-db-v1
F1023_V70_D0117_P4__G28__ch6__nav_sage_v2__ingestion_20260825_event_path_v1__event_18,F1023_V70_D0117_P4__G28__ch6__nav_sage_v2__ingestion_20260825_event_path_v1,F1023_V70_D0117_P4__G28__ch6__nav_sage_v2,F1023_V70_D0117_P4,G28,6,18,47.1113903225806,3,1,0,1016627.90428481,-12595.1395754617,5,NaN,0,0,1,rejected_candidate,stage4-strict-confirmed-v1,scenes/F1023_V70_D0117_P4/sage_results/nav_sage_v2/G28/stage4_joint_summary.csv,c5ca5c8a5cae44f73d1b2cf94635e213c01aada92011670f7c40ad5acb53acd4,4,windows_unattended_F1023_V70_D0117_P4__G28_20260819T004818Z_009,pass,eligible_pending_modeling_qa,sage-event-path-db-v1
F1023_V70_D0117_P4__G28__ch6__nav_sage_v2__ingestion_20260825_event_path_v1__event_58,F1023_V70_D0117_P4__G28__ch6__nav_sage_v2__ingestion_20260825_event_path_v1,F1023_V70_D0117_P4__G28__ch6__nav_sage_v2,F1023_V70_D0117_P4,G28,6,58,47.9113916911046,3,1,0,1017735.57317792,-10367.1298767491,5,NaN,0,0,1,rejected_candidate,stage4-strict-confirmed-v1,scenes/F1023_V70_D0117_P4/sage_results/nav_sage_v2/G28/stage4_joint_summary.csv,c5ca5c8a5cae44f73d1b2cf94635e213c01aada92011670f7c40ad5acb53acd4,5,windows_unattended_F1023_V70_D0117_P4__G28_20260819T004818Z_009,pass,eligible_pending_modeling_qa,sage-event-path-db-v1
F1023_V70_D0117_P4__G28__ch6__nav_sage_v2__ingestion_20260825_event_path_v1__event_409,F1023_V70_D0117_P4__G28__ch6__nav_sage_v2__ingestion_20260825_event_path_v1,F1023_V70_D0117_P4__G28__ch6__nav_sage_v2,F1023_V70_D0117_P4,G28,6,409,54.9314036168133,3,1,0,1017971.2755335,-9893.34159825629,5,NaN,0,0,1,rejected_candidate,stage4-strict-confirmed-v1,scenes/F1023_V70_D0117_P4/sage_results/nav_sage_v2/G28/stage4_joint_summary.csv,c5ca5c8a5cae44f73d1b2cf94635e213c01aada92011670f7c40ad5acb53acd4,6,windows_unattended_F1023_V70_D0117_P4__G28_20260819T004818Z_009,pass,eligible_pending_modeling_qa,sage-event-path-db-v1
F1023_V70_D0117_P4__G28__ch6__nav_sage_v2__ingestion_20260825_event_path_v1__event_556,F1023_V70_D0117_P4__G28__ch6__nav_sage_v2__ingestion_20260825_event_path_v1,F1023_V70_D0117_P4__G28__ch6__nav_sage_v2,F1023_V70_D0117_P4,G28,6,556,57.8714086021505,3,1,0,1016775.22762256,-12298.6675726179,5,NaN,0,0,1,rejected_candidate,stage4-strict-confirmed-v1,scenes/F1023_V70_D0117_P4/sage_results/nav_sage_v2/G28/stage4_joint_summary.csv,c5ca5c8a5cae44f73d1b2cf94635e213c01aada92011670f7c40ad5acb53acd4,7,windows_unattended_F1023_V70_D0117_P4__G28_20260819T004818Z_009,pass,eligible_pending_modeling_qa,sage-event-path-db-v1
F1023_V70_D0117_P4__G28__ch6__nav_sage_v2__ingestion_20260825_event_path_v1__event_559,F1023_V70_D0117_P4__G28__ch6__nav_sage_v2__ingestion_20260825_event_path_v1,F1023_V70_D0117_P4__G28__ch6__nav_sage_v2,F1023_V70_D0117_P4,G28,6,559,57.9314086999022,3,1,0,1016696.26256934,-12457.5707091895,5,NaN,0,0,1,rejected_candidate,stage4-strict-confirmed-v1,scenes/F1023_V70_D0117_P4/sage_results/nav_sage_v2/G28/stage4_joint_summary.csv,c5ca5c8a5cae44f73d1b2cf94635e213c01aada92011670f7c40ad5acb53acd4,8,windows_unattended_F1023_V70_D0117_P4__G28_20260819T004818Z_009,pass,eligible_pending_modeling_qa,sage-event-path-db-v1
F1023_V70_D0117_P4__G29__ch9__nav_sage_v2__ingestion_20260825_event_path_v1__event_307,F1023_V70_D0117_P4__G29__ch9__nav_sage_v2__ingestion_20260825_event_path_v1,F1023_V70_D0117_P4__G29__ch9__nav_sage_v2,F1023_V70_D0117_P4,G29,9,307,52.8884954056696,4,1,0,1017200.53362108,-11443.0270067486,5,NaN,0,0,1,rejected_candidate,stage4-strict-confirmed-v1,scenes/F1023_V70_D0117_P4/sage_results/nav_sage_v2/G29/stage4_joint_summary.csv,0041f255a4726236d148aca1834573f93b87d27382dbd9c1d8e8878c4c00d8ca,2,windows_unattended_F1023_V70_D0117_P4__G29_20260819T004818Z_010,pass,eligible_pending_modeling_qa,sage-event-path-db-v1
F1023_V70_D0117_P4__G29__ch9__nav_sage_v2__ingestion_20260825_event_path_v1__event_308,F1023_V70_D0117_P4__G29__ch9__nav_sage_v2__ingestion_20260825_event_path_v1,F1023_V70_D0117_P4__G29__ch9__nav_sage_v2,F1023_V70_D0117_P4,G29,9,308,52.9084954056696,4,1,0,1017277.65872328,-11287.9032410751,5,NaN,0,0,1,rejected_candidate,stage4-strict-confirmed-v1,scenes/F1023_V70_D0117_P4/sage_results/nav_sage_v2/G29/stage4_joint_summary.csv,0041f255a4726236d148aca1834573f93b87d27382dbd9c1d8e8878c4c00d8ca,3,windows_unattended_F1023_V70_D0117_P4__G29_20260819T004818Z_010,pass,eligible_pending_modeling_qa,sage-event-path-db-v1
F1023_V70_D0117_P4__G29__ch9__nav_sage_v2__ingestion_20260825_event_path_v1__event_309,F1023_V70_D0117_P4__G29__ch9__nav_sage_v2__ingestion_20260825_event_path_v1,F1023_V70_D0117_P4__G29__ch9__nav_sage_v2,F1023_V70_D0117_P4,G29,9,309,52.9284955034213,4,1,0,1017406.07293175,-11029.6464252584,5,NaN,0,0,1,rejected_candidate,stage4-strict-confirmed-v1,scenes/F1023_V70_D0117_P4/sage_results/nav_sage_v2/G29/stage4_joint_summary.csv,0041f255a4726236d148aca1834573f93b87d27382dbd9c1d8e8878c4c00d8ca,4,windows_unattended_F1023_V70_D0117_P4__G29_20260819T004818Z_010,pass,eligible_pending_modeling_qa,sage-event-path-db-v1
F1023_V70_D0117_P4__G29__ch9__nav_sage_v2__ingestion_20260825_event_path_v1__event_347,F1023_V70_D0117_P4__G29__ch9__nav_sage_v2__ingestion_20260825_event_path_v1,F1023_V70_D0117_P4__G29__ch9__nav_sage_v2,F1023_V70_D0117_P4,G29,9,347,53.6884968719453,4,1,0,1016688.94354648,-12472.299566983,5,NaN,0,0,1,rejected_candidate,stage4-strict-confirmed-v1,scenes/F1023_V70_D0117_P4/sage_results/nav_sage_v2/G29/stage4_joint_summary.csv,0041f255a4726236d148aca1834573f93b87d27382dbd9c1d8e8878c4c00d8ca,5,windows_unattended_F1023_V70_D0117_P4__G29_20260819T004818Z_010,pass,eligible_pending_modeling_qa,sage-event-path-db-v1
F1023_V70_D0117_P4__G29__ch9__nav_sage_v2__ingestion_20260825_event_path_v1__event_348,F1023_V70_D0117_P4__G29__ch9__nav_sage_v2__ingestion_20260825_event_path_v1,F1023_V70_D0117_P4__G29__ch9__nav_sage_v2,F1023_V70_D0117_P4,G29,9,348,53.7084968719453,4,2,1,1016455.96381262,-12766.8284211578,5,-7.8940584298249,5.3695562435355,0.869557088851696,1,confirmed_multipath,stage4-strict-confirmed-v1,scenes/F1023_V70_D0117_P4/sage_results/nav_sage_v2/G29/stage4_joint_summary.csv,0041f255a4726236d148aca1834573f93b87d27382dbd9c1d8e8878c4c00d8ca,6,windows_unattended_F1023_V70_D0117_P4__G29_20260819T004818Z_010,pass,eligible_pending_modeling_qa,sage-event-path-db-v1
F1023_V70_D0117_P4__G29__ch9__nav_sage_v2__ingestion_20260825_event_path_v1__event_349,F1023_V70_D0117_P4__G29__ch9__nav_sage_v2__ingestion_20260825_event_path_v1,F1023_V70_D0117_P4__G29__ch9__nav_sage_v2,F1023_V70_D0117_P4,G29,9,349,53.728496969697,4,1,0,1016736.67184623,-12376.2526788552,5,NaN,0,0,1,rejected_candidate,stage4-strict-confirmed-v1,scenes/F1023_V70_D0117_P4/sage_results/nav_sage_v2/G29/stage4_joint_summary.csv,0041f255a4726236d148aca1834573f93b87d27382dbd9c1d8e8878c4c00d8ca,7,windows_unattended_F1023_V70_D0117_P4__G29_20260819T004818Z_010,pass,eligible_pending_modeling_qa,sage-event-path-db-v1
F1023_V70_D0117_P4__G29__ch9__nav_sage_v2__ingestion_20260825_event_path_v1__event_464,F1023_V70_D0117_P4__G29__ch9__nav_sage_v2__ingestion_20260825_event_path_v1,F1023_V70_D0117_P4__G29__ch9__nav_sage_v2,F1023_V70_D0117_P4,G29,9,464,56.0285012707722,3,1,0,1017723.05640714,-10392.2930636921,5,NaN,0,0,1,rejected_candidate,stage4-strict-confirmed-v1,scenes/F1023_V70_D0117_P4/sage_results/nav_sage_v2/G29/stage4_joint_summary.csv,0041f255a4726236d148aca1834573f93b87d27382dbd9c1d8e8878c4c00d8ca,8,windows_unattended_F1023_V70_D0117_P4__G29_20260819T004818Z_010,pass,eligible_pending_modeling_qa,sage-event-path-db-v1
F1023_V70_D0117_P4__G29__ch9__nav_sage_v2__ingestion_20260825_event_path_v1__event_465,F1023_V70_D0117_P4__G29__ch9__nav_sage_v2__ingestion_20260825_event_path_v1,F1023_V70_D0117_P4__G29__ch9__nav_sage_v2,F1023_V70_D0117_P4,G29,9,465,56.0485012707722,3,1,0,1017777.32044889,-10283.2051650117,5,NaN,0,0,1,rejected_candidate,stage4-strict-confirmed-v1,scenes/F1023_V70_D0117_P4/sage_results/nav_sage_v2/G29/stage4_joint_summary.csv,0041f255a4726236d148aca1834573f93b87d27382dbd9c1d8e8878c4c00d8ca,9,windows_unattended_F1023_V70_D0117_P4__G29_20260819T004818Z_010,pass,eligible_pending_modeling_qa,sage-event-path-db-v1
F1023_V70_D0117_P4__G31__ch1__nav_sage_v2__ingestion_20260825_event_path_v1__event_436,F1023_V70_D0117_P4__G31__ch1__nav_sage_v2__ingestion_20260825_event_path_v1,F1023_V70_D0117_P4__G31__ch1__nav_sage_v2,F1023_V70_D0117_P4,G31,1,436,55.4786997067449,2,1,0,1020159.22069132,-5500.55367736262,5,NaN,0,0,1,rejected_candidate,stage4-strict-confirmed-v1,scenes/F1023_V70_D0117_P4/sage_results/nav_sage_v2/G31/stage4_joint_summary.csv,c1013b9958a9dbbb137a4044e2d37c985c0b5db35ea7a2b56e3486ac9c8f0504,2,windows_unattended_F1023_V70_D0117_P4__G31_20260819T004818Z_011,pass,eligible_pending_modeling_qa,sage-event-path-db-v1
F1023_V70_D0117_P4__G32__ch3__nav_sage_v2__ingestion_20260825_event_path_v1__event_57,F1023_V70_D0117_P4__G32__ch3__nav_sage_v2__ingestion_20260825_event_path_v1,F1023_V70_D0117_P4__G32__ch3__nav_sage_v2,F1023_V70_D0117_P4,G32,3,57,47.8943080156403,3,1,0,1018409.77948752,-9012.19108707822,5,NaN,0,0,1,rejected_candidate,stage4-strict-confirmed-v1,scenes/F1023_V70_D0117_P4/sage_results/nav_sage_v2/G32/stage4_joint_summary.csv,7225e7a775021ac9c16abd9131bb50d13a1d9283382c00936464db024bfb4fd5,2,windows_unattended_F1023_V70_D0117_P4__G32_20260819T004818Z_012,pass,eligible_pending_modeling_qa,sage-event-path-db-v1
F1023_V70_D0117_P4__G32__ch3__nav_sage_v2__ingestion_20260825_event_path_v1__event_58,F1023_V70_D0117_P4__G32__ch3__nav_sage_v2__ingestion_20260825_event_path_v1,F1023_V70_D0117_P4__G32__ch3__nav_sage_v2,F1023_V70_D0117_P4,G32,3,58,47.914308113392,3,1,0,1018757.16453744,-8314.40849139037,5,NaN,0,0,1,rejected_candidate,stage4-strict-confirmed-v1,scenes/F1023_V70_D0117_P4/sage_results/nav_sage_v2/G32/stage4_joint_summary.csv,7225e7a775021ac9c16abd9131bb50d13a1d9283382c00936464db024bfb4fd5,3,windows_unattended_F1023_V70_D0117_P4__G32_20260819T004818Z_012,pass,eligible_pending_modeling_qa,sage-event-path-db-v1
F1023_V70_D0117_P4__G32__ch3__nav_sage_v2__ingestion_20260825_event_path_v1__event_275,F1023_V70_D0117_P4__G32__ch3__nav_sage_v2__ingestion_20260825_event_path_v1,F1023_V70_D0117_P4__G32__ch3__nav_sage_v2,F1023_V70_D0117_P4,G32,3,275,52.2543278592375,3,1,0,1016441.00093951,-12971.3238204611,5,NaN,0,0,1,rejected_candidate,stage4-strict-confirmed-v1,scenes/F1023_V70_D0117_P4/sage_results/nav_sage_v2/G32/stage4_joint_summary.csv,7225e7a775021ac9c16abd9131bb50d13a1d9283382c00936464db024bfb4fd5,4,windows_unattended_F1023_V70_D0117_P4__G32_20260819T004818Z_012,pass,eligible_pending_modeling_qa,sage-event-path-db-v1
F1023_V70_D0117_P4__G32__ch3__nav_sage_v2__ingestion_20260825_event_path_v1__event_357,F1023_V70_D0117_P4__G32__ch3__nav_sage_v2__ingestion_20260825_event_path_v1,F1023_V70_D0117_P4__G32__ch3__nav_sage_v2,F1023_V70_D0117_P4,G32,3,357,53.8943353861193,2,2,1,1017398.05698487,-10871.3897627719,5,-3.49096986532041,4.05839928034675,0.876701382343094,1,confirmed_multipath,stage4-strict-confirmed-v1,scenes/F1023_V70_D0117_P4/sage_results/nav_sage_v2/G32/stage4_joint_summary.csv,7225e7a775021ac9c16abd9131bb50d13a1d9283382c00936464db024bfb4fd5,5,windows_unattended_F1023_V70_D0117_P4__G32_20260819T004818Z_012,pass,eligible_pending_modeling_qa,sage-event-path-db-v1
F1023_V70_D0120_P1__G26__ch3__nav_sage_v2__ingestion_20260825_event_path_v1__event_76,F1023_V70_D0120_P1__G26__ch3__nav_sage_v2__ingestion_20260825_event_path_v1,F1023_V70_D0120_P1__G26__ch3__nav_sage_v2,F1023_V70_D0120_P1,G26,3,76,38.6278365591398,4,2,1,1013272.40120856,-19185.0019477064,5,-8.15201281759688,9.66430209528517,0.832805603516232,1,confirmed_multipath,stage4-strict-confirmed-v1,scenes/F1023_V70_D0120_P1/sage_results/nav_sage_v2/G26/stage4_joint_summary.csv,b19b3ae5844aa7daaf6d8282e211ed91c08d4d3148efef6ecee163213ee22d71,2,windows_unattended_F1023_V70_D0120_P1__G26_20260819T004818Z_013,pass,eligible_pending_modeling_qa,sage-event-path-db-v1
F1023_V70_D0120_P1__G26__ch3__nav_sage_v2__ingestion_20260825_event_path_v1__event_77,F1023_V70_D0120_P1__G26__ch3__nav_sage_v2__ingestion_20260825_event_path_v1,F1023_V70_D0120_P1__G26__ch3__nav_sage_v2,F1023_V70_D0120_P1,G26,3,77,38.6478366568915,4,1,0,1013030.64575971,-19847.5896475601,5,NaN,0,0,1,rejected_candidate,stage4-strict-confirmed-v1,scenes/F1023_V70_D0120_P1/sage_results/nav_sage_v2/G26/stage4_joint_summary.csv,b19b3ae5844aa7daaf6d8282e211ed91c08d4d3148efef6ecee163213ee22d71,3,windows_unattended_F1023_V70_D0120_P1__G26_20260819T004818Z_013,pass,eligible_pending_modeling_qa,sage-event-path-db-v1
F1023_V70_D0120_P1__G26__ch3__nav_sage_v2__ingestion_20260825_event_path_v1__event_78,F1023_V70_D0120_P1__G26__ch3__nav_sage_v2__ingestion_20260825_event_path_v1,F1023_V70_D0120_P1__G26__ch3__nav_sage_v2,F1023_V70_D0120_P1,G26,3,78,38.6678367546432,4,2,1,1012564.21632588,-20615.4690608613,5,-7.65772309879221,9.66430209528517,0.83280560352743,1,confirmed_multipath,stage4-strict-confirmed-v1,scenes/F1023_V70_D0120_P1/sage_results/nav_sage_v2/G26/stage4_joint_summary.csv,b19b3ae5844aa7daaf6d8282e211ed91c08d4d3148efef6ecee163213ee22d71,4,windows_unattended_F1023_V70_D0120_P1__G26_20260819T004818Z_013,pass,eligible_pending_modeling_qa,sage-event-path-db-v1
F1023_V70_D0120_P1__G26__ch3__nav_sage_v2__ingestion_20260825_event_path_v1__event_2581,F1023_V70_D0120_P1__G26__ch3__nav_sage_v2__ingestion_20260825_event_path_v1,F1023_V70_D0120_P1__G26__ch3__nav_sage_v2,F1023_V70_D0120_P1,G26,3,2581,88.728,4,1,0,1011681.75375718,-22573.7382562626,5,NaN,0,0,1,rejected_candidate,stage4-strict-confirmed-v1,scenes/F1023_V70_D0120_P1/sage_results/nav_sage_v2/G26/stage4_joint_summary.csv,b19b3ae5844aa7daaf6d8282e211ed91c08d4d3148efef6ecee163213ee22d71,5,windows_unattended_F1023_V70_D0120_P1__G26_20260819T004818Z_013,pass,eligible_pending_modeling_qa,sage-event-path-db-v1
F1023_V70_D0120_P1__G26__ch3__nav_sage_v2__ingestion_20260825_event_path_v1__event_2582,F1023_V70_D0120_P1__G26__ch3__nav_sage_v2__ingestion_20260825_event_path_v1,F1023_V70_D0120_P1__G26__ch3__nav_sage_v2,F1023_V70_D0120_P1,G26,3,2582,88.7480000977517,4,1,0,1012134.28056977,-21658.7639124703,5,NaN,0,0,1,rejected_candidate,stage4-strict-confirmed-v1,scenes/F1023_V70_D0120_P1/sage_results/nav_sage_v2/G26/stage4_joint_summary.csv,b19b3ae5844aa7daaf6d8282e211ed91c08d4d3148efef6ecee163213ee22d71,6,windows_unattended_F1023_V70_D0120_P1__G26_20260819T004818Z_013,pass,eligible_pending_modeling_qa,sage-event-path-db-v1
F1023_V70_D0120_P1__G26__ch3__nav_sage_v2__ingestion_20260825_event_path_v1__event_2583,F1023_V70_D0120_P1__G26__ch3__nav_sage_v2__ingestion_20260825_event_path_v1,F1023_V70_D0120_P1__G26__ch3__nav_sage_v2,F1023_V70_D0120_P1,G26,3,2583,88.7680001955034,4,1,0,1012573.50738153,-20771.0722897093,5,NaN,0,0,1,rejected_candidate,stage4-strict-confirmed-v1,scenes/F1023_V70_D0120_P1/sage_results/nav_sage_v2/G26/stage4_joint_summary.csv,b19b3ae5844aa7daaf6d8282e211ed91c08d4d3148efef6ecee163213ee22d71,7,windows_unattended_F1023_V70_D0120_P1__G26_20260819T004818Z_013,pass,eligible_pending_modeling_qa,sage-event-path-db-v1
F1023_V70_D0120_P1__G26__ch3__nav_sage_v2__ingestion_20260825_event_path_v1__event_597,F1023_V70_D0120_P1__G26__ch3__nav_sage_v2__ingestion_20260825_event_path_v1,F1023_V70_D0120_P1__G26__ch3__nav_sage_v2,F1023_V70_D0120_P1,G26,3,597,49.0478704789834,3,1,0,1013790.13543387,-18314.2365652672,5,NaN,0,0,1,rejected_candidate,stage4-strict-confirmed-v1,scenes/F1023_V70_D0120_P1/sage_results/nav_sage_v2/G26/stage4_joint_summary.csv,b19b3ae5844aa7daaf6d8282e211ed91c08d4d3148efef6ecee163213ee22d71,8,windows_unattended_F1023_V70_D0120_P1__G26_20260819T004818Z_013,pass,eligible_pending_modeling_qa,sage-event-path-db-v1
F1023_V70_D0120_P1__G26__ch3__nav_sage_v2__ingestion_20260825_event_path_v1__event_598,F1023_V70_D0120_P1__G26__ch3__nav_sage_v2__ingestion_20260825_event_path_v1,F1023_V70_D0120_P1__G26__ch3__nav_sage_v2,F1023_V70_D0120_P1,G26,3,598,49.0678705767351,3,1,0,1013639.75905463,-18617.7440486228,5,NaN,0,0,1,rejected_candidate,stage4-strict-confirmed-v1,scenes/F1023_V70_D0120_P1/sage_results/nav_sage_v2/G26/stage4_joint_summary.csv,b19b3ae5844aa7daaf6d8282e211ed91c08d4d3148efef6ecee163213ee22d71,9,windows_unattended_F1023_V70_D0120_P1__G26_20260819T004818Z_013,pass,eligible_pending_modeling_qa,sage-event-path-db-v1
F1023_V70_D0120_P1__G27__ch8__nav_sage_v2__ingestion_20260825_event_path_v1__event_429,F1023_V70_D0120_P1__G27__ch8__nav_sage_v2__ingestion_20260825_event_path_v1,F1023_V70_D0120_P1__G27__ch8__nav_sage_v2,F1023_V70_D0120_P1,G27,8,429,45.6987320625611,2,1,0,1022033.04045498,-1745.92549147922,5,NaN,0,0,1,rejected_candidate,stage4-strict-confirmed-v1,scenes/F1023_V70_D0120_P1/sage_results/nav_sage_v2/G27/stage4_joint_summary.csv,a784afa8dfa3b0254bb8ea4fdfe8fc9203198de1b38b2f56669ebde7fdfb317d,2,windows_unattended_F1023_V70_D0120_P1__G27_20260819T004818Z_014,pass,eligible_pending_modeling_qa,sage-event-path-db-v1
F1023_V70_D0120_P1__G27__ch8__nav_sage_v2__ingestion_20260825_event_path_v1__event_430,F1023_V70_D0120_P1__G27__ch8__nav_sage_v2__ingestion_20260825_event_path_v1,F1023_V70_D0120_P1__G27__ch8__nav_sage_v2,F1023_V70_D0120_P1,G27,8,430,45.7187320625611,2,1,0,1021994.08862083,-1823.90435149826,5,NaN,0,0,1,rejected_candidate,stage4-strict-confirmed-v1,scenes/F1023_V70_D0120_P1/sage_results/nav_sage_v2/G27/stage4_joint_summary.csv,a784afa8dfa3b0254bb8ea4fdfe8fc9203198de1b38b2f56669ebde7fdfb317d,3,windows_unattended_F1023_V70_D0120_P1__G27_20260819T004818Z_014,pass,eligible_pending_modeling_qa,sage-event-path-db-v1
F1023_V70_D0120_P1__G27__ch8__nav_sage_v2__ingestion_20260825_event_path_v1__event_431,F1023_V70_D0120_P1__G27__ch8__nav_sage_v2__ingestion_20260825_event_path_v1,F1023_V70_D0120_P1__G27__ch8__nav_sage_v2,F1023_V70_D0120_P1,G27,8,431,45.7387321603128,2,1,0,1021944.55704248,-1923.06741545307,5,NaN,0,0,1,rejected_candidate,stage4-strict-confirmed-v1,scenes/F1023_V70_D0120_P1/sage_results/nav_sage_v2/G27/stage4_joint_summary.csv,a784afa8dfa3b0254bb8ea4fdfe8fc9203198de1b38b2f56669ebde7fdfb317d,4,windows_unattended_F1023_V70_D0120_P1__G27_20260819T004818Z_014,pass,eligible_pending_modeling_qa,sage-event-path-db-v1
F1023_V70_D0120_P1__G29__ch5__nav_sage_v2__ingestion_20260825_event_path_v1__event_1216,F1023_V70_D0120_P1__G29__ch5__nav_sage_v2__ingestion_20260825_event_path_v1,F1023_V70_D0120_P1__G29__ch5__nav_sage_v2,F1023_V70_D0120_P1,G29,5,1216,61.4350205278592,2,1,0,1020747.88766177,-4320.28177766694,5,NaN,0,0,1,rejected_candidate,stage4-strict-confirmed-v1,scenes/F1023_V70_D0120_P1/sage_results/nav_sage_v2/G29/stage4_joint_summary.csv,080b1e7dfa7810642e68e7ecaf831da604506669b9832b013d327760da32786a,2,windows_unattended_F1023_V70_D0120_P1__G29_20260819T004818Z_015,pass,eligible_pending_modeling_qa,sage-event-path-db-v1
F1023_V70_D0120_P1__G29__ch5__nav_sage_v2__ingestion_20260825_event_path_v1__event_1217,F1023_V70_D0120_P1__G29__ch5__nav_sage_v2__ingestion_20260825_event_path_v1,F1023_V70_D0120_P1__G29__ch5__nav_sage_v2,F1023_V70_D0120_P1,G29,5,1217,61.4550206256109,2,1,0,1020828.86388272,-4157.97845205005,5,NaN,0,0,1,rejected_candidate,stage4-strict-confirmed-v1,scenes/F1023_V70_D0120_P1/sage_results/nav_sage_v2/G29/stage4_joint_summary.csv,080b1e7dfa7810642e68e7ecaf831da604506669b9832b013d327760da32786a,3,windows_unattended_F1023_V70_D0120_P1__G29_20260819T004818Z_015,pass,eligible_pending_modeling_qa,sage-event-path-db-v1
F1023_V70_D0120_P1__G29__ch5__nav_sage_v2__ingestion_20260825_event_path_v1__event_1218,F1023_V70_D0120_P1__G29__ch5__nav_sage_v2__ingestion_20260825_event_path_v1,F1023_V70_D0120_P1__G29__ch5__nav_sage_v2,F1023_V70_D0120_P1,G29,5,1218,61.4750207233627,2,2,1,1020853.60254638,-3934.01972860212,5,1.99172158788203,1.18569544442107,0.885455388465278,1,confirmed_multipath,stage4-strict-confirmed-v1,scenes/F1023_V70_D0120_P1/sage_results/nav_sage_v2/G29/stage4_joint_summary.csv,080b1e7dfa7810642e68e7ecaf831da604506669b9832b013d327760da32786a,4,windows_unattended_F1023_V70_D0120_P1__G29_20260819T004818Z_015,pass,eligible_pending_modeling_qa,sage-event-path-db-v1
F1023_V70_D0120_P1__G29__ch5__nav_sage_v2__ingestion_20260825_event_path_v1__event_1646,F1023_V70_D0120_P1__G29__ch5__nav_sage_v2__ingestion_20260825_event_path_v1,F1023_V70_D0120_P1__G29__ch5__nav_sage_v2,F1023_V70_D0120_P1,G29,5,1646,70.0350635386119,2,1,0,1020454.56170547,-4908.31253464216,5,NaN,0,0,1,rejected_candidate,stage4-strict-confirmed-v1,scenes/F1023_V70_D0120_P1/sage_results/nav_sage_v2/G29/stage4_joint_summary.csv,080b1e7dfa7810642e68e7ecaf831da604506669b9832b013d327760da32786a,5,windows_unattended_F1023_V70_D0120_P1__G29_20260819T004818Z_015,pass,eligible_pending_modeling_qa,sage-event-path-db-v1
F1023_V70_D0120_P1__G29__ch5__nav_sage_v2__ingestion_20260825_event_path_v1__event_2098,F1023_V70_D0120_P1__G29__ch5__nav_sage_v2__ingestion_20260825_event_path_v1,F1023_V70_D0120_P1__G29__ch5__nav_sage_v2,F1023_V70_D0120_P1,G29,5,2098,79.0751086021505,2,1,0,1020693.3013063,-4429.698285899,5,NaN,0,0,1,rejected_candidate,stage4-strict-confirmed-v1,scenes/F1023_V70_D0120_P1/sage_results/nav_sage_v2/G29/stage4_joint_summary.csv,080b1e7dfa7810642e68e7ecaf831da604506669b9832b013d327760da32786a,6,windows_unattended_F1023_V70_D0120_P1__G29_20260819T004818Z_015,pass,eligible_pending_modeling_qa,sage-event-path-db-v1
F1023_V70_D0120_P1__G29__ch5__nav_sage_v2__ingestion_20260825_event_path_v1__event_2100,F1023_V70_D0120_P1__G29__ch5__nav_sage_v2__ingestion_20260825_event_path_v1,F1023_V70_D0120_P1__G29__ch5__nav_sage_v2,F1023_V70_D0120_P1,G29,5,2100,79.115108797654,2,1,0,1020626.64316825,-4563.32021113343,5,NaN,0,0,1,rejected_candidate,stage4-strict-confirmed-v1,scenes/F1023_V70_D0120_P1/sage_results/nav_sage_v2/G29/stage4_joint_summary.csv,080b1e7dfa7810642e68e7ecaf831da604506669b9832b013d327760da32786a,7,windows_unattended_F1023_V70_D0120_P1__G29_20260819T004818Z_015,pass,eligible_pending_modeling_qa,sage-event-path-db-v1
F1023_V70_D0120_P1__G29__ch5__nav_sage_v2__ingestion_20260825_event_path_v1__event_2593,F1023_V70_D0120_P1__G29__ch5__nav_sage_v2__ingestion_20260825_event_path_v1,F1023_V70_D0120_P1__G29__ch5__nav_sage_v2,F1023_V70_D0120_P1,G29,5,2593,88.9751580645161,2,2,1,1019768.31572657,-6110.31414435413,5,-8.37792084097364,19.6643020952852,0.677380792036577,1,confirmed_multipath,stage4-strict-confirmed-v1,scenes/F1023_V70_D0120_P1/sage_results/nav_sage_v2/G29/stage4_joint_summary.csv,080b1e7dfa7810642e68e7ecaf831da604506669b9832b013d327760da32786a,8,windows_unattended_F1023_V70_D0120_P1__G29_20260819T004818Z_015,pass,eligible_pending_modeling_qa,sage-event-path-db-v1
F1023_V70_D0120_P1__G29__ch5__nav_sage_v2__ingestion_20260825_event_path_v1__event_2594,F1023_V70_D0120_P1__G29__ch5__nav_sage_v2__ingestion_20260825_event_path_v1,F1023_V70_D0120_P1__G29__ch5__nav_sage_v2,F1023_V70_D0120_P1,G29,5,2594,88.9951582600196,2,2,1,1019651.4056948,-6344.88863899737,5,-2.10703189943137,4.66430209528517,0.860949588599178,1,confirmed_multipath,stage4-strict-confirmed-v1,scenes/F1023_V70_D0120_P1/sage_results/nav_sage_v2/G29/stage4_joint_summary.csv,080b1e7dfa7810642e68e7ecaf831da604506669b9832b013d327760da32786a,9,windows_unattended_F1023_V70_D0120_P1__G29_20260819T004818Z_015,pass,eligible_pending_modeling_qa,sage-event-path-db-v1
F1023_V70_D0120_P1__G31__ch9__nav_sage_v2__ingestion_20260825_event_path_v1__event_540,F1023_V70_D0120_P1__G31__ch9__nav_sage_v2__ingestion_20260825_event_path_v1,F1023_V70_D0120_P1__G31__ch9__nav_sage_v2,F1023_V70_D0120_P1,G31,9,540,77.9152038123167,3,1,0,1018097.483665,-9639.69413551771,5,NaN,0,0,1,rejected_candidate,stage4-strict-confirmed-v1,scenes/F1023_V70_D0120_P1/sage_results/nav_sage_v2/G31/stage4_joint_summary.csv,e69347f2b0fc71883a1a88b43a1ebcd6351d4ad4d209b6bf366274944deb865d,2,windows_unattended_F1023_V70_D0120_P1__G31_20260819T004818Z_016,pass,eligible_pending_modeling_qa,sage-event-path-db-v1
F1023_V70_D0120_P1__G31__ch9__nav_sage_v2__ingestion_20260825_event_path_v1__event_783,F1023_V70_D0120_P1__G31__ch9__nav_sage_v2__ingestion_20260825_event_path_v1,F1023_V70_D0120_P1__G31__ch9__nav_sage_v2,F1023_V70_D0120_P1,G31,9,783,82.775228054741,3,1,0,1016162.92659868,-13531.1378572065,5,NaN,0,0,1,rejected_candidate,stage4-strict-confirmed-v1,scenes/F1023_V70_D0120_P1/sage_results/nav_sage_v2/G31/stage4_joint_summary.csv,e69347f2b0fc71883a1a88b43a1ebcd6351d4ad4d209b6bf366274944deb865d,3,windows_unattended_F1023_V70_D0120_P1__G31_20260819T004818Z_016,pass,eligible_pending_modeling_qa,sage-event-path-db-v1
F1023_V70_D0120_P1__G31__ch9__nav_sage_v2__ingestion_20260825_event_path_v1__event_784,F1023_V70_D0120_P1__G31__ch9__nav_sage_v2__ingestion_20260825_event_path_v1,F1023_V70_D0120_P1__G31__ch9__nav_sage_v2,F1023_V70_D0120_P1,G31,9,784,82.7952281524927,3,2,1,1015912.43896557,-13861.1692523481,5,-10.2137455218284,12.8859841776266,0.804756552539264,1,confirmed_multipath,stage4-strict-confirmed-v1,scenes/F1023_V70_D0120_P1/sage_results/nav_sage_v2/G31/stage4_joint_summary.csv,e69347f2b0fc71883a1a88b43a1ebcd6351d4ad4d209b6bf366274944deb865d,4,windows_unattended_F1023_V70_D0120_P1__G31_20260819T004818Z_016,pass,eligible_pending_modeling_qa,sage-event-path-db-v1
F1023_V70_D0120_P1__G31__ch9__nav_sage_v2__ingestion_20260825_event_path_v1__event_785,F1023_V70_D0120_P1__G31__ch9__nav_sage_v2__ingestion_20260825_event_path_v1,F1023_V70_D0120_P1__G31__ch9__nav_sage_v2,F1023_V70_D0120_P1,G31,9,785,82.8152282502444,3,1,0,1016582.06430346,-12687.3962565815,5,NaN,0,0,1,rejected_candidate,stage4-strict-confirmed-v1,scenes/F1023_V70_D0120_P1/sage_results/nav_sage_v2/G31/stage4_joint_summary.csv,e69347f2b0fc71883a1a88b43a1ebcd6351d4ad4d209b6bf366274944deb865d,5,windows_unattended_F1023_V70_D0120_P1__G31_20260819T004818Z_016,pass,eligible_pending_modeling_qa,sage-event-path-db-v1
F1023_V70_D0120_P1__G31__ch9__nav_sage_v2__ingestion_20260825_event_path_v1__event_157,F1023_V70_D0120_P1__G31__ch9__nav_sage_v2__ingestion_20260825_event_path_v1,F1023_V70_D0120_P1__G31__ch9__nav_sage_v2,F1023_V70_D0120_P1,G31,9,157,70.2551654936461,2,1,0,1016172.15409953,-13512.5587686245,5,NaN,0,0,1,rejected_candidate,stage4-strict-confirmed-v1,scenes/F1023_V70_D0120_P1/sage_results/nav_sage_v2/G31/stage4_joint_summary.csv,e69347f2b0fc71883a1a88b43a1ebcd6351d4ad4d209b6bf366274944deb865d,6,windows_unattended_F1023_V70_D0120_P1__G31_20260819T004818Z_016,pass,eligible_pending_modeling_qa,sage-event-path-db-v1
F1023_V70_D0120_P1__G31__ch9__nav_sage_v2__ingestion_20260825_event_path_v1__event_469,F1023_V70_D0120_P1__G31__ch9__nav_sage_v2__ingestion_20260825_event_path_v1,F1023_V70_D0120_P1__G31__ch9__nav_sage_v2,F1023_V70_D0120_P1,G31,9,469,76.4951966764418,2,2,1,1021173.75530821,-3292.46852357581,5,-6.12322208384473,21.3110635970042,0.598128014826946,1,confirmed_multipath,stage4-strict-confirmed-v1,scenes/F1023_V70_D0120_P1/sage_results/nav_sage_v2/G31/stage4_joint_summary.csv,e69347f2b0fc71883a1a88b43a1ebcd6351d4ad4d209b6bf366274944deb865d,7,windows_unattended_F1023_V70_D0120_P1__G31_20260819T004818Z_016,pass,eligible_pending_modeling_qa,sage-event-path-db-v1
F1023_V70_D0120_P1__G31__ch9__nav_sage_v2__ingestion_20260825_event_path_v1__event_471,F1023_V70_D0120_P1__G31__ch9__nav_sage_v2__ingestion_20260825_event_path_v1,F1023_V70_D0120_P1__G31__ch9__nav_sage_v2,F1023_V70_D0120_P1,G31,9,471,76.5351968719453,2,2,1,1021078.89575269,-3482.53575216339,5,-4.88615542102219,17.1372299111135,0.672857903383028,1,confirmed_multipath,stage4-strict-confirmed-v1,scenes/F1023_V70_D0120_P1/sage_results/nav_sage_v2/G31/stage4_joint_summary.csv,e69347f2b0fc71883a1a88b43a1ebcd6351d4ad4d209b6bf366274944deb865d,8,windows_unattended_F1023_V70_D0120_P1__G31_20260819T004818Z_016,pass,eligible_pending_modeling_qa,sage-event-path-db-v1
F1023_V70_D0120_P1__G31__ch9__nav_sage_v2__ingestion_20260825_event_path_v1__event_594,F1023_V70_D0120_P1__G31__ch9__nav_sage_v2__ingestion_20260825_event_path_v1,F1023_V70_D0120_P1__G31__ch9__nav_sage_v2,F1023_V70_D0120_P1,G31,9,594,78.9952091886608,2,2,1,1020289.40833195,-5065.09323591726,5,-6.06877775185129,31.0233485932058,0.416364914308478,1,confirmed_multipath,stage4-strict-confirmed-v1,scenes/F1023_V70_D0120_P1/sage_results/nav_sage_v2/G31/stage4_joint_summary.csv,e69347f2b0fc71883a1a88b43a1ebcd6351d4ad4d209b6bf366274944deb865d,9,windows_unattended_F1023_V70_D0120_P1__G31_20260819T004818Z_016,pass,eligible_pending_modeling_qa,sage-event-path-db-v1
F1023_V70_D0120_P5__G18__ch2__nav_sage_v2__ingestion_20260825_event_path_v1__event_1086,F1023_V70_D0120_P5__G18__ch2__nav_sage_v2__ingestion_20260825_event_path_v1,F1023_V70_D0120_P5__G18__ch2__nav_sage_v2,F1023_V70_D0120_P5,G18,2,1086,59.5366983382209,4,1,0,1012037.68173353,-21854.0449683985,5,NaN,0,0,1,rejected_candidate,stage4-strict-confirmed-v1,scenes/F1023_V70_D0120_P5/sage_results/nav_sage_v2/G18/stage4_joint_summary.csv,b07b96a5cce442ce9b4543f62ef2615d7b329907896818b34334aff13c8d4417,2,windows_unattended_F1023_V70_D0120_P5__G18_20260819T004818Z_017,pass,eligible_pending_modeling_qa,sage-event-path-db-v1
F1023_V70_D0120_P5__G18__ch2__nav_sage_v2__ingestion_20260825_event_path_v1__event_1087,F1023_V70_D0120_P5__G18__ch2__nav_sage_v2__ingestion_20260825_event_path_v1,F1023_V70_D0120_P5__G18__ch2__nav_sage_v2,F1023_V70_D0120_P5,G18,2,1087,59.5566984359726,4,1,0,1012130.52765313,-21666.3503383257,5,NaN,0,0,1,rejected_candidate,stage4-strict-confirmed-v1,scenes/F1023_V70_D0120_P5/sage_results/nav_sage_v2/G18/stage4_joint_summary.csv,b07b96a5cce442ce9b4543f62ef2615d7b329907896818b34334aff13c8d4417,3,windows_unattended_F1023_V70_D0120_P5__G18_20260819T004818Z_017,pass,eligible_pending_modeling_qa,sage-event-path-db-v1
F1023_V70_D0120_P5__G18__ch2__nav_sage_v2__ingestion_20260825_event_path_v1__event_1088,F1023_V70_D0120_P5__G18__ch2__nav_sage_v2__ingestion_20260825_event_path_v1,F1023_V70_D0120_P5__G18__ch2__nav_sage_v2,F1023_V70_D0120_P5,G18,2,1088,59.5766984359726,4,1,0,1011871.45289412,-22190.1314066563,5,NaN,0,0,1,rejected_candidate,stage4-strict-confirmed-v1,scenes/F1023_V70_D0120_P5/sage_results/nav_sage_v2/G18/stage4_joint_summary.csv,b07b96a5cce442ce9b4543f62ef2615d7b329907896818b34334aff13c8d4417,4,windows_unattended_F1023_V70_D0120_P5__G18_20260819T004818Z_017,pass,eligible_pending_modeling_qa,sage-event-path-db-v1
F1023_V70_D0120_P5__G18__ch2__nav_sage_v2__ingestion_20260825_event_path_v1__event_874,F1023_V70_D0120_P5__G18__ch2__nav_sage_v2__ingestion_20260825_event_path_v1,F1023_V70_D0120_P5__G18__ch2__nav_sage_v2,F1023_V70_D0120_P5,G18,2,874,55.2966860215054,2,2,1,1012051.24129635,-21652.2555073066,5,-7.85419886106737,9.66430209528517,0.845610298553155,1,confirmed_multipath,stage4-strict-confirmed-v1,scenes/F1023_V70_D0120_P5/sage_results/nav_sage_v2/G18/stage4_joint_summary.csv,b07b96a5cce442ce9b4543f62ef2615d7b329907896818b34334aff13c8d4417,5,windows_unattended_F1023_V70_D0120_P5__G18_20260819T004818Z_017,pass,eligible_pending_modeling_qa,sage-event-path-db-v1
F1023_V70_D0120_P5__G23__ch0__nav_sage_v2__ingestion_20260825_event_path_v1__event_178,F1023_V70_D0120_P5__G23__ch0__nav_sage_v2__ingestion_20260825_event_path_v1,F1023_V70_D0120_P5__G23__ch0__nav_sage_v2,F1023_V70_D0120_P5,G23,0,178,53.3878809384164,2,1,0,1019208.96456424,-7407.24633910991,5,NaN,0,0,1,rejected_candidate,stage4-strict-confirmed-v1,scenes/F1023_V70_D0120_P5/sage_results/nav_sage_v2/G23/stage4_joint_summary.csv,5235ed59b68fe935f19448f0e38669d3f86d3b9980292c4778d32c1cbb8a1c66,2,windows_unattended_F1023_V70_D0120_P5__G23_20260819T004818Z_018,pass,eligible_pending_modeling_qa,sage-event-path-db-v1
F1023_V70_D0120_P5__G23__ch0__nav_sage_v2__ingestion_20260825_event_path_v1__event_16,F1023_V70_D0120_P5__G23__ch0__nav_sage_v2__ingestion_20260825_event_path_v1,F1023_V70_D0120_P5__G23__ch0__nav_sage_v2,F1023_V70_D0120_P5,G23,0,16,50.1478775171066,2,1,0,1020862.67664841,-4090.21021454109,5,NaN,0,0,1,rejected_candidate,stage4-strict-confirmed-v1,scenes/F1023_V70_D0120_P5/sage_results/nav_sage_v2/G23/stage4_joint_summary.csv,5235ed59b68fe935f19448f0e38669d3f86d3b9980292c4778d32c1cbb8a1c66,3,windows_unattended_F1023_V70_D0120_P5__G23_20260819T004818Z_018,pass,eligible_pending_modeling_qa,sage-event-path-db-v1
F1023_V70_D0120_P5__G23__ch0__nav_sage_v2__ingestion_20260825_event_path_v1__event_17,F1023_V70_D0120_P5__G23__ch0__nav_sage_v2__ingestion_20260825_event_path_v1,F1023_V70_D0120_P5__G23__ch0__nav_sage_v2,F1023_V70_D0120_P5,G23,0,17,50.1678775171065,2,1,0,1020572.28210614,-4672.29805912694,5,NaN,0,0,1,rejected_candidate,stage4-strict-confirmed-v1,scenes/F1023_V70_D0120_P5/sage_results/nav_sage_v2/G23/stage4_joint_summary.csv,5235ed59b68fe935f19448f0e38669d3f86d3b9980292c4778d32c1cbb8a1c66,4,windows_unattended_F1023_V70_D0120_P5__G23_20260819T004818Z_018,pass,eligible_pending_modeling_qa,sage-event-path-db-v1
F1023_V70_D0120_P5__G23__ch0__nav_sage_v2__ingestion_20260825_event_path_v1__event_18,F1023_V70_D0120_P5__G23__ch0__nav_sage_v2__ingestion_20260825_event_path_v1,F1023_V70_D0120_P5__G23__ch0__nav_sage_v2,F1023_V70_D0120_P5,G23,0,18,50.1878776148583,2,1,0,1020454.33117421,-4908.77474729896,5,NaN,0,0,1,rejected_candidate,stage4-strict-confirmed-v1,scenes/F1023_V70_D0120_P5/sage_results/nav_sage_v2/G23/stage4_joint_summary.csv,5235ed59b68fe935f19448f0e38669d3f86d3b9980292c4778d32c1cbb8a1c66,5,windows_unattended_F1023_V70_D0120_P5__G23_20260819T004818Z_018,pass,eligible_pending_modeling_qa,sage-event-path-db-v1
F1023_V70_D0120_P5__G23__ch0__nav_sage_v2__ingestion_20260825_event_path_v1__event_65,F1023_V70_D0120_P5__G23__ch0__nav_sage_v2__ingestion_20260825_event_path_v1,F1023_V70_D0120_P5__G23__ch0__nav_sage_v2,F1023_V70_D0120_P5,G23,0,65,51.1278785923754,2,1,0,1021680.49420204,-2451.80684758089,5,NaN,0,0,1,rejected_candidate,stage4-strict-confirmed-v1,scenes/F1023_V70_D0120_P5/sage_results/nav_sage_v2/G23/stage4_joint_summary.csv,5235ed59b68fe935f19448f0e38669d3f86d3b9980292c4778d32c1cbb8a1c66,6,windows_unattended_F1023_V70_D0120_P5__G23_20260819T004818Z_018,pass,eligible_pending_modeling_qa,sage-event-path-db-v1
F1023_V70_D0120_P5__G23__ch0__nav_sage_v2__ingestion_20260825_event_path_v1__event_66,F1023_V70_D0120_P5__G23__ch0__nav_sage_v2__ingestion_20260825_event_path_v1,F1023_V70_D0120_P5__G23__ch0__nav_sage_v2,F1023_V70_D0120_P5,G23,0,66,51.1478785923754,2,1,0,1021607.09488275,-2598.80035758751,5,NaN,0,0,1,rejected_candidate,stage4-strict-confirmed-v1,scenes/F1023_V70_D0120_P5/sage_results/nav_sage_v2/G23/stage4_joint_summary.csv,5235ed59b68fe935f19448f0e38669d3f86d3b9980292c4778d32c1cbb8a1c66,7,windows_unattended_F1023_V70_D0120_P5__G23_20260819T004818Z_018,pass,eligible_pending_modeling_qa,sage-event-path-db-v1
F1023_V70_D0120_P5__G23__ch0__nav_sage_v2__ingestion_20260825_event_path_v1__event_67,F1023_V70_D0120_P5__G23__ch0__nav_sage_v2__ingestion_20260825_event_path_v1,F1023_V70_D0120_P5__G23__ch0__nav_sage_v2,F1023_V70_D0120_P5,G23,0,67,51.1678785923754,2,1,0,1021410.98990349,-2991.58277276069,5,NaN,0,0,1,rejected_candidate,stage4-strict-confirmed-v1,scenes/F1023_V70_D0120_P5/sage_results/nav_sage_v2/G23/stage4_joint_summary.csv,5235ed59b68fe935f19448f0e38669d3f86d3b9980292c4778d32c1cbb8a1c66,8,windows_unattended_F1023_V70_D0120_P5__G23_20260819T004818Z_018,pass,eligible_pending_modeling_qa,sage-event-path-db-v1
F1023_V70_D0120_P5__G23__ch0__nav_sage_v2__ingestion_20260825_event_path_v1__event_84,F1023_V70_D0120_P5__G23__ch0__nav_sage_v2__ingestion_20260825_event_path_v1,F1023_V70_D0120_P5__G23__ch0__nav_sage_v2,F1023_V70_D0120_P5,G23,0,84,51.5078789833822,2,1,0,1019596.05259274,-6630.33819031947,5,NaN,0,0,1,rejected_candidate,stage4-strict-confirmed-v1,scenes/F1023_V70_D0120_P5/sage_results/nav_sage_v2/G23/stage4_joint_summary.csv,5235ed59b68fe935f19448f0e38669d3f86d3b9980292c4778d32c1cbb8a1c66,9,windows_unattended_F1023_V70_D0120_P5__G23_20260819T004818Z_018,pass,eligible_pending_modeling_qa,sage-event-path-db-v1
F1023_V70_D0120_P5__G26__ch7__nav_sage_v2__ingestion_20260825_event_path_v1__event_122,F1023_V70_D0120_P5__G26__ch7__nav_sage_v2__ingestion_20260825_event_path_v1,F1023_V70_D0120_P5__G26__ch7__nav_sage_v2,F1023_V70_D0120_P5,G26,7,122,40.2558809384164,4,1,0,1011526.43701565,-22887.8710827843,5,NaN,0,0,1,rejected_candidate,stage4-strict-confirmed-v1,scenes/F1023_V70_D0120_P5/sage_results/nav_sage_v2/G26/stage4_joint_summary.csv,562137081f1d419e22ce692f10798b4a006c339640e776c32f0f6bd708b04c4a,2,windows_unattended_F1023_V70_D0120_P5__G26_20260819T004818Z_019,pass,eligible_pending_modeling_qa,sage-event-path-db-v1
F1023_V70_D0120_P5__G26__ch7__nav_sage_v2__ingestion_20260825_event_path_v1__event_123,F1023_V70_D0120_P5__G26__ch7__nav_sage_v2__ingestion_20260825_event_path_v1,F1023_V70_D0120_P5__G26__ch7__nav_sage_v2,F1023_V70_D0120_P5,G26,7,123,40.2758810361681,4,1,0,1011414.73404564,-23113.8235525159,5,NaN,0,0,1,rejected_candidate,stage4-strict-confirmed-v1,scenes/F1023_V70_D0120_P5/sage_results/nav_sage_v2/G26/stage4_joint_summary.csv,562137081f1d419e22ce692f10798b4a006c339640e776c32f0f6bd708b04c4a,3,windows_unattended_F1023_V70_D0120_P5__G26_20260819T004818Z_019,pass,eligible_pending_modeling_qa,sage-event-path-db-v1
F1023_V70_D0120_P5__G26__ch7__nav_sage_v2__ingestion_20260825_event_path_v1__event_121,F1023_V70_D0120_P5__G26__ch7__nav_sage_v2__ingestion_20260825_event_path_v1,F1023_V70_D0120_P5__G26__ch7__nav_sage_v2,F1023_V70_D0120_P5,G26,7,121,40.2358809384164,4,1,0,1011393.42475818,-23156.9307566917,5,NaN,0,0,1,rejected_candidate,stage4-strict-confirmed-v1,scenes/F1023_V70_D0120_P5/sage_results/nav_sage_v2/G26/stage4_joint_summary.csv,562137081f1d419e22ce692f10798b4a006c339640e776c32f0f6bd708b04c4a,4,windows_unattended_F1023_V70_D0120_P5__G26_20260819T004818Z_019,pass,eligible_pending_modeling_qa,sage-event-path-db-v1
F1023_V70_D0120_P5__G26__ch7__nav_sage_v2__ingestion_20260825_event_path_v1__event_124,F1023_V70_D0120_P5__G26__ch7__nav_sage_v2__ingestion_20260825_event_path_v1,F1023_V70_D0120_P5__G26__ch7__nav_sage_v2,F1023_V70_D0120_P5,G26,7,124,40.2958811339198,4,2,1,1011166.35539799,-23441.9558998319,5,-12.5674704012421,9.66430209528517,0.83280560311203,1,confirmed_multipath,stage4-strict-confirmed-v1,scenes/F1023_V70_D0120_P5/sage_results/nav_sage_v2/G26/stage4_joint_summary.csv,562137081f1d419e22ce692f10798b4a006c339640e776c32f0f6bd708b04c4a,5,windows_unattended_F1023_V70_D0120_P5__G26_20260819T004818Z_019,pass,eligible_pending_modeling_qa,sage-event-path-db-v1
F1023_V70_D0120_P5__G26__ch7__nav_sage_v2__ingestion_20260825_event_path_v1__event_136,F1023_V70_D0120_P5__G26__ch7__nav_sage_v2__ingestion_20260825_event_path_v1,F1023_V70_D0120_P5__G26__ch7__nav_sage_v2,F1023_V70_D0120_P5,G26,7,136,40.5358819159335,4,1,0,1011983.80709715,-21962.9642725436,5,NaN,0,0,1,rejected_candidate,stage4-strict-confirmed-v1,scenes/F1023_V70_D0120_P5/sage_results/nav_sage_v2/G26/stage4_joint_summary.csv,562137081f1d419e22ce692f10798b4a006c339640e776c32f0f6bd708b04c4a,6,windows_unattended_F1023_V70_D0120_P5__G26_20260819T004818Z_019,pass,eligible_pending_modeling_qa,sage-event-path-db-v1
F1023_V70_D0120_P5__G26__ch7__nav_sage_v2__ingestion_20260825_event_path_v1__event_137,F1023_V70_D0120_P5__G26__ch7__nav_sage_v2__ingestion_20260825_event_path_v1,F1023_V70_D0120_P5__G26__ch7__nav_sage_v2,F1023_V70_D0120_P5,G26,7,137,40.5558820136852,4,1,0,1012321.42659633,-21280.4886357386,5,NaN,0,0,1,rejected_candidate,stage4-strict-confirmed-v1,scenes/F1023_V70_D0120_P5/sage_results/nav_sage_v2/G26/stage4_joint_summary.csv,562137081f1d419e22ce692f10798b4a006c339640e776c32f0f6bd708b04c4a,7,windows_unattended_F1023_V70_D0120_P5__G26_20260819T004818Z_019,pass,eligible_pending_modeling_qa,sage-event-path-db-v1
F1023_V70_D0120_P5__G26__ch7__nav_sage_v2__ingestion_20260825_event_path_v1__event_138,F1023_V70_D0120_P5__G26__ch7__nav_sage_v2__ingestion_20260825_event_path_v1,F1023_V70_D0120_P5__G26__ch7__nav_sage_v2,F1023_V70_D0120_P5,G26,7,138,40.5758821114369,4,1,0,1011843.89195374,-22245.8602760014,5,NaN,0,0,1,rejected_candidate,stage4-strict-confirmed-v1,scenes/F1023_V70_D0120_P5/sage_results/nav_sage_v2/G26/stage4_joint_summary.csv,562137081f1d419e22ce692f10798b4a006c339640e776c32f0f6bd708b04c4a,8,windows_unattended_F1023_V70_D0120_P5__G26_20260819T004818Z_019,pass,eligible_pending_modeling_qa,sage-event-path-db-v1
F1023_V70_D0120_P5__G26__ch7__nav_sage_v2__ingestion_20260825_event_path_v1__event_286,F1023_V70_D0120_P5__G26__ch7__nav_sage_v2__ingestion_20260825_event_path_v1,F1023_V70_D0120_P5__G26__ch7__nav_sage_v2,F1023_V70_D0120_P5,G26,7,286,43.5358921798631,4,2,1,1012814.24267759,-20110.3250311787,5,-6.03250890183562,5.33569790471483,0.869766193946285,1,confirmed_multipath,stage4-strict-confirmed-v1,scenes/F1023_V70_D0120_P5/sage_results/nav_sage_v2/G26/stage4_joint_summary.csv,562137081f1d419e22ce692f10798b4a006c339640e776c32f0f6bd708b04c4a,9,windows_unattended_F1023_V70_D0120_P5__G26_20260819T004818Z_019,pass,eligible_pending_modeling_qa,sage-event-path-db-v1
F1023_V70_D0120_P7__G18__ch4__nav_sage_v2__ingestion_20260825_event_path_v1__event_145,F1023_V70_D0120_P7__G18__ch4__nav_sage_v2__ingestion_20260825_event_path_v1,F1023_V70_D0120_P7__G18__ch4__nav_sage_v2,F1023_V70_D0120_P7,G18,4,145,44.6613853372434,3,1,0,1011437.24054382,-23068.2954606369,5,NaN,0,0,1,rejected_candidate,stage4-strict-confirmed-v1,scenes/F1023_V70_D0120_P7/sage_results/nav_sage_v2/G18/stage4_joint_summary.csv,31c052310fac631e9eafc88ab211840aca488f992964bede8798651b509267c7,2,windows_unattended_F1023_V70_D0120_P7__G18_20260819T004818Z_021,pass,eligible_pending_modeling_qa,sage-event-path-db-v1
F1023_V70_D0120_P7__G18__ch4__nav_sage_v2__ingestion_20260825_event_path_v1__event_352,F1023_V70_D0120_P7__G18__ch4__nav_sage_v2__ingestion_20260825_event_path_v1,F1023_V70_D0120_P7__G18__ch4__nav_sage_v2,F1023_V70_D0120_P7,G18,4,352,48.8013979472141,3,1,0,1009836.45656953,-26309.0289652824,5,NaN,0,0,1,rejected_candidate,stage4-strict-confirmed-v1,scenes/F1023_V70_D0120_P7/sage_results/nav_sage_v2/G18/stage4_joint_summary.csv,31c052310fac631e9eafc88ab211840aca488f992964bede8798651b509267c7,3,windows_unattended_F1023_V70_D0120_P7__G18_20260819T004818Z_021,pass,eligible_pending_modeling_qa,sage-event-path-db-v1
F1023_V70_D0120_P7__G18__ch4__nav_sage_v2__ingestion_20260825_event_path_v1__event_982,F1023_V70_D0120_P7__G18__ch4__nav_sage_v2__ingestion_20260825_event_path_v1,F1023_V70_D0120_P7__G18__ch4__nav_sage_v2,F1023_V70_D0120_P7,G18,4,982,61.4014362658847,3,1,0,1011896.80109937,-22138.8780797619,5,NaN,0,0,1,rejected_candidate,stage4-strict-confirmed-v1,scenes/F1023_V70_D0120_P7/sage_results/nav_sage_v2/G18/stage4_joint_summary.csv,31c052310fac631e9eafc88ab211840aca488f992964bede8798651b509267c7,4,windows_unattended_F1023_V70_D0120_P7__G18_20260819T004818Z_021,pass,eligible_pending_modeling_qa,sage-event-path-db-v1
F1023_V70_D0120_P7__G18__ch4__nav_sage_v2__ingestion_20260825_event_path_v1__event_84,F1023_V70_D0120_P7__G18__ch4__nav_sage_v2__ingestion_20260825_event_path_v1,F1023_V70_D0120_P7__G18__ch4__nav_sage_v2,F1023_V70_D0120_P7,G18,4,84,43.4413816226784,2,2,1,1008908.8648076,-28014.882318139,5,-6.6344569939449,5.33569790471483,0.883139461389507,1,confirmed_multipath,stage4-strict-confirmed-v1,scenes/F1023_V70_D0120_P7/sage_results/nav_sage_v2/G18/stage4_joint_summary.csv,31c052310fac631e9eafc88ab211840aca488f992964bede8798651b509267c7,5,windows_unattended_F1023_V70_D0120_P7__G18_20260819T004818Z_021,pass,eligible_pending_modeling_qa,sage-event-path-db-v1
F1023_V70_D0120_P7__G18__ch4__nav_sage_v2__ingestion_20260825_event_path_v1__event_350,F1023_V70_D0120_P7__G18__ch4__nav_sage_v2__ingestion_20260825_event_path_v1,F1023_V70_D0120_P7__G18__ch4__nav_sage_v2,F1023_V70_D0120_P7,G18,4,350,48.7613977517107,2,1,0,1010768.42814303,-24421.6595057491,5,NaN,0,0,1,rejected_candidate,stage4-strict-confirmed-v1,scenes/F1023_V70_D0120_P7/sage_results/nav_sage_v2/G18/stage4_joint_summary.csv,31c052310fac631e9eafc88ab211840aca488f992964bede8798651b509267c7,6,windows_unattended_F1023_V70_D0120_P7__G18_20260819T004818Z_021,pass,eligible_pending_modeling_qa,sage-event-path-db-v1
F1023_V70_D0120_P7__G18__ch4__nav_sage_v2__ingestion_20260825_event_path_v1__event_417,F1023_V70_D0120_P7__G18__ch4__nav_sage_v2__ingestion_20260825_event_path_v1,F1023_V70_D0120_P7__G18__ch4__nav_sage_v2,F1023_V70_D0120_P7,G18,4,417,50.1014018572825,2,2,1,1009149.80114786,-27526.3377947923,5,-4.73078763183884,5.38479989099415,0.882831295668986,1,confirmed_multipath,stage4-strict-confirmed-v1,scenes/F1023_V70_D0120_P7/sage_results/nav_sage_v2/G18/stage4_joint_summary.csv,31c052310fac631e9eafc88ab211840aca488f992964bede8798651b509267c7,7,windows_unattended_F1023_V70_D0120_P7__G18_20260819T004818Z_021,pass,eligible_pending_modeling_qa,sage-event-path-db-v1
F1023_V70_D0120_P7__G18__ch4__nav_sage_v2__ingestion_20260825_event_path_v1__event_2197,F1023_V70_D0120_P7__G18__ch4__nav_sage_v2__ingestion_20260825_event_path_v1,F1023_V70_D0120_P7__G18__ch4__nav_sage_v2,F1023_V70_D0120_P7,G18,4,2197,85.7015105571847,2,1,0,1018752.63088273,-8323.5135838554,5,NaN,0,0,1,rejected_candidate,stage4-strict-confirmed-v1,scenes/F1023_V70_D0120_P7/sage_results/nav_sage_v2/G18/stage4_joint_summary.csv,31c052310fac631e9eafc88ab211840aca488f992964bede8798651b509267c7,8,windows_unattended_F1023_V70_D0120_P7__G18_20260819T004818Z_021,pass,eligible_pending_modeling_qa,sage-event-path-db-v1
F1023_V70_D0120_P7__G26__ch6__nav_sage_v2__ingestion_20260825_event_path_v1__event_421,F1023_V70_D0120_P7__G26__ch6__nav_sage_v2__ingestion_20260825_event_path_v1,F1023_V70_D0120_P7__G26__ch6__nav_sage_v2,F1023_V70_D0120_P7,G26,6,421,50.1807827956989,3,1,0,1004809.08337219,-36520.281226321,5,NaN,0,0,1,rejected_candidate,stage4-strict-confirmed-v1,scenes/F1023_V70_D0120_P7/sage_results/nav_sage_v2/G26/stage4_joint_summary.csv,5437fb66134da60be05c8b9511ecbc8ec21e236f4c91ffc8faae151fc706fe59,2,windows_unattended_F1023_V70_D0120_P7__G26_20260819T004818Z_022,pass,eligible_pending_modeling_qa,sage-event-path-db-v1
F1023_V70_D0120_P7__G26__ch6__nav_sage_v2__ingestion_20260825_event_path_v1__event_957,F1023_V70_D0120_P7__G26__ch6__nav_sage_v2__ingestion_20260825_event_path_v1,F1023_V70_D0120_P7__G26__ch6__nav_sage_v2,F1023_V70_D0120_P7,G26,6,957,60.9008208211144,3,1,0,1011994.06028721,-21942.2347703057,5,NaN,0,0,1,rejected_candidate,stage4-strict-confirmed-v1,scenes/F1023_V70_D0120_P7/sage_results/nav_sage_v2/G26/stage4_joint_summary.csv,5437fb66134da60be05c8b9511ecbc8ec21e236f4c91ffc8faae151fc706fe59,3,windows_unattended_F1023_V70_D0120_P7__G26_20260819T004818Z_022,pass,eligible_pending_modeling_qa,sage-event-path-db-v1
F1023_V70_D0120_P7__G26__ch6__nav_sage_v2__ingestion_20260825_event_path_v1__event_958,F1023_V70_D0120_P7__G26__ch6__nav_sage_v2__ingestion_20260825_event_path_v1,F1023_V70_D0120_P7__G26__ch6__nav_sage_v2,F1023_V70_D0120_P7,G26,6,958,60.9208208211144,3,1,0,1012062.82900962,-21803.2062609207,5,NaN,0,0,1,rejected_candidate,stage4-strict-confirmed-v1,scenes/F1023_V70_D0120_P7/sage_results/nav_sage_v2/G26/stage4_joint_summary.csv,5437fb66134da60be05c8b9511ecbc8ec21e236f4c91ffc8faae151fc706fe59,4,windows_unattended_F1023_V70_D0120_P7__G26_20260819T004818Z_022,pass,eligible_pending_modeling_qa,sage-event-path-db-v1
F1023_V70_D0120_P7__G26__ch6__nav_sage_v2__ingestion_20260825_event_path_v1__event_959,F1023_V70_D0120_P7__G26__ch6__nav_sage_v2__ingestion_20260825_event_path_v1,F1023_V70_D0120_P7__G26__ch6__nav_sage_v2,F1023_V70_D0120_P7,G26,6,959,60.9408209188661,3,1,0,1012178.5948277,-21569.185890382,5,NaN,0,0,1,rejected_candidate,stage4-strict-confirmed-v1,scenes/F1023_V70_D0120_P7/sage_results/nav_sage_v2/G26/stage4_joint_summary.csv,5437fb66134da60be05c8b9511ecbc8ec21e236f4c91ffc8faae151fc706fe59,5,windows_unattended_F1023_V70_D0120_P7__G26_20260819T004818Z_022,pass,eligible_pending_modeling_qa,sage-event-path-db-v1
F1023_V70_D0120_P7__G26__ch6__nav_sage_v2__ingestion_20260825_event_path_v1__event_939,F1023_V70_D0120_P7__G26__ch6__nav_sage_v2__ingestion_20260825_event_path_v1,F1023_V70_D0120_P7__G26__ch6__nav_sage_v2,F1023_V70_D0120_P7,G26,6,939,60.5408195503421,2,1,0,1009229.5990943,-27538.9346716714,5,NaN,0,0,1,rejected_candidate,stage4-strict-confirmed-v1,scenes/F1023_V70_D0120_P7/sage_results/nav_sage_v2/G26/stage4_joint_summary.csv,5437fb66134da60be05c8b9511ecbc8ec21e236f4c91ffc8faae151fc706fe59,6,windows_unattended_F1023_V70_D0120_P7__G26_20260819T004818Z_022,pass,eligible_pending_modeling_qa,sage-event-path-db-v1
F1023_V70_D0120_P7__G26__ch6__nav_sage_v2__ingestion_20260825_event_path_v1__event_956,F1023_V70_D0120_P7__G26__ch6__nav_sage_v2__ingestion_20260825_event_path_v1,F1023_V70_D0120_P7__G26__ch6__nav_sage_v2,F1023_V70_D0120_P7,G26,6,956,60.8808207233627,2,1,0,1012243.95331906,-21437.0756513385,5,NaN,0,0,1,rejected_candidate,stage4-strict-confirmed-v1,scenes/F1023_V70_D0120_P7/sage_results/nav_sage_v2/G26/stage4_joint_summary.csv,5437fb66134da60be05c8b9511ecbc8ec21e236f4c91ffc8faae151fc706fe59,7,windows_unattended_F1023_V70_D0120_P7__G26_20260819T004818Z_022,pass,eligible_pending_modeling_qa,sage-event-path-db-v1
F1023_V70_D0120_P7__G31__ch8__nav_sage_v2__ingestion_20260825_event_path_v1__event_74,F1023_V70_D0120_P7__G31__ch8__nav_sage_v2__ingestion_20260825_event_path_v1,F1023_V70_D0120_P7__G31__ch8__nav_sage_v2,F1023_V70_D0120_P7,G31,8,74,43.2490099706745,4,2,1,1013701.22311537,-18319.307768089,5,-10.6563797918359,15.3356979047148,0.716301823760716,1,confirmed_multipath,stage4-strict-confirmed-v1,scenes/F1023_V70_D0120_P7/sage_results/nav_sage_v2/G31/stage4_joint_summary.csv,ff6289b9832af95a2eb6372be9b03e5f9abc07ee15678dc5c4e0400c52e4d6f3,2,windows_unattended_F1023_V70_D0120_P7__G31_20260819T004818Z_023,pass,eligible_pending_modeling_qa,sage-event-path-db-v1
F1023_V70_D0120_P7__G31__ch8__nav_sage_v2__ingestion_20260825_event_path_v1__event_75,F1023_V70_D0120_P7__G31__ch8__nav_sage_v2__ingestion_20260825_event_path_v1,F1023_V70_D0120_P7__G31__ch8__nav_sage_v2,F1023_V70_D0120_P7,G31,8,75,43.2690100684262,4,2,1,1013151.63812991,-19428.8613319483,5,-13.7590184841216,10.3356979047148,0.600282224163306,1,confirmed_multipath,stage4-strict-confirmed-v1,scenes/F1023_V70_D0120_P7/sage_results/nav_sage_v2/G31/stage4_joint_summary.csv,ff6289b9832af95a2eb6372be9b03e5f9abc07ee15678dc5c4e0400c52e4d6f3,3,windows_unattended_F1023_V70_D0120_P7__G31_20260819T004818Z_023,pass,eligible_pending_modeling_qa,sage-event-path-db-v1
F1023_V70_D0120_P7__G31__ch8__nav_sage_v2__ingestion_20260825_event_path_v1__event_73,F1023_V70_D0120_P7__G31__ch8__nav_sage_v2__ingestion_20260825_event_path_v1,F1023_V70_D0120_P7__G31__ch8__nav_sage_v2,F1023_V70_D0120_P7,G31,8,73,43.2290098729228,4,1,0,1014717.69835861,-16443.1135213369,5,NaN,0,0,1,rejected_candidate,stage4-strict-confirmed-v1,scenes/F1023_V70_D0120_P7/sage_results/nav_sage_v2/G31/stage4_joint_summary.csv,ff6289b9832af95a2eb6372be9b03e5f9abc07ee15678dc5c4e0400c52e4d6f3,4,windows_unattended_F1023_V70_D0120_P7__G31_20260819T004818Z_023,pass,eligible_pending_modeling_qa,sage-event-path-db-v1
F1023_V70_D0120_P7__G31__ch8__nav_sage_v2__ingestion_20260825_event_path_v1__event_76,F1023_V70_D0120_P7__G31__ch8__nav_sage_v2__ingestion_20260825_event_path_v1,F1023_V70_D0120_P7__G31__ch8__nav_sage_v2,F1023_V70_D0120_P7,G31,8,76,43.2890101661779,4,2,1,1013021.21702319,-19692.2560211332,5,-5.42357074079251,15.3356979047148,0.755358103775913,1,confirmed_multipath,stage4-strict-confirmed-v1,scenes/F1023_V70_D0120_P7/sage_results/nav_sage_v2/G31/stage4_joint_summary.csv,ff6289b9832af95a2eb6372be9b03e5f9abc07ee15678dc5c4e0400c52e4d6f3,5,windows_unattended_F1023_V70_D0120_P7__G31_20260819T004818Z_023,pass,eligible_pending_modeling_qa,sage-event-path-db-v1
F1023_V70_D0120_P7__G31__ch8__nav_sage_v2__ingestion_20260825_event_path_v1__event_2093,F1023_V70_D0120_P7__G31__ch8__nav_sage_v2__ingestion_20260825_event_path_v1,F1023_V70_D0120_P7__G31__ch8__nav_sage_v2,F1023_V70_D0120_P7,G31,8,2093,83.629219941349,3,2,1,1022540.61779722,-555.685824094594,5,-0.97102321436624,2.06020001075194,0.805127937856328,1,confirmed_multipath,stage4-strict-confirmed-v1,scenes/F1023_V70_D0120_P7/sage_results/nav_sage_v2/G31/stage4_joint_summary.csv,ff6289b9832af95a2eb6372be9b03e5f9abc07ee15678dc5c4e0400c52e4d6f3,6,windows_unattended_F1023_V70_D0120_P7__G31_20260819T004818Z_023,pass,eligible_pending_modeling_qa,sage-event-path-db-v1
F1023_V70_D0120_P7__G31__ch8__nav_sage_v2__ingestion_20260825_event_path_v1__event_432,F1023_V70_D0120_P7__G31__ch8__nav_sage_v2__ingestion_20260825_event_path_v1,F1023_V70_D0120_P7__G31__ch8__nav_sage_v2,F1023_V70_D0120_P7,G31,8,432,50.4090471163245,3,2,1,1012258.86439684,-21232.5600625268,5,-7.75194332454867,17.351558385084,0.720849002580958,1,confirmed_multipath,stage4-strict-confirmed-v1,scenes/F1023_V70_D0120_P7/sage_results/nav_sage_v2/G31/stage4_joint_summary.csv,ff6289b9832af95a2eb6372be9b03e5f9abc07ee15678dc5c4e0400c52e4d6f3,7,windows_unattended_F1023_V70_D0120_P7__G31_20260819T004818Z_023,pass,eligible_pending_modeling_qa,sage-event-path-db-v1
F1023_V70_D0120_P7__G31__ch8__nav_sage_v2__ingestion_20260825_event_path_v1__event_957,F1023_V70_D0120_P7__G31__ch8__nav_sage_v2__ingestion_20260825_event_path_v1,F1023_V70_D0120_P7__G31__ch8__nav_sage_v2,F1023_V70_D0120_P7,G31,8,957,60.9091016617791,3,1,0,1014761.73164892,-16354.3300523898,5,NaN,0,0,1,rejected_candidate,stage4-strict-confirmed-v1,scenes/F1023_V70_D0120_P7/sage_results/nav_sage_v2/G31/stage4_joint_summary.csv,ff6289b9832af95a2eb6372be9b03e5f9abc07ee15678dc5c4e0400c52e4d6f3,8,windows_unattended_F1023_V70_D0120_P7__G31_20260819T004818Z_023,pass,eligible_pending_modeling_qa,sage-event-path-db-v1
F1023_V70_D0120_P7__G31__ch8__nav_sage_v2__ingestion_20260825_event_path_v1__event_958,F1023_V70_D0120_P7__G31__ch8__nav_sage_v2__ingestion_20260825_event_path_v1,F1023_V70_D0120_P7__G31__ch8__nav_sage_v2,F1023_V70_D0120_P7,G31,8,958,60.9291017595308,3,1,0,1014817.2512434,-16242.3924620727,5,NaN,0,0,1,rejected_candidate,stage4-strict-confirmed-v1,scenes/F1023_V70_D0120_P7/sage_results/nav_sage_v2/G31/stage4_joint_summary.csv,ff6289b9832af95a2eb6372be9b03e5f9abc07ee15678dc5c4e0400c52e4d6f3,9,windows_unattended_F1023_V70_D0120_P7__G31_20260819T004818Z_023,pass,eligible_pending_modeling_qa,sage-event-path-db-v1
F1023_V70_D0120_P8__G16__ch4__nav_sage_v2__ingestion_20260825_event_path_v1__event_97,F1023_V70_D0120_P8__G16__ch4__nav_sage_v2__ingestion_20260825_event_path_v1,F1023_V70_D0120_P8__G16__ch4__nav_sage_v2,F1023_V70_D0120_P8,G16,4,97,48.0786755620723,2,1,0,1021125.3395796,-3563.85221841187,5,NaN,0,0,1,rejected_candidate,stage4-strict-confirmed-v1,scenes/F1023_V70_D0120_P8/sage_results/nav_sage_v2/G16/stage4_joint_summary.csv,92077b283379307e41cfee953adbf749996c7d283b1e9f33f1945988f21b4bf8,2,windows_unattended_F1023_V70_D0120_P8__G16_20260819T004818Z_024,pass,eligible_pending_modeling_qa,sage-event-path-db-v1
F1023_V70_D0120_P8__G16__ch4__nav_sage_v2__ingestion_20260825_event_path_v1__event_98,F1023_V70_D0120_P8__G16__ch4__nav_sage_v2__ingestion_20260825_event_path_v1,F1023_V70_D0120_P8__G16__ch4__nav_sage_v2,F1023_V70_D0120_P8,G16,4,98,48.098675659824,2,1,0,1021203.27856842,-3407.69402742158,5,NaN,0,0,1,rejected_candidate,stage4-strict-confirmed-v1,scenes/F1023_V70_D0120_P8/sage_results/nav_sage_v2/G16/stage4_joint_summary.csv,92077b283379307e41cfee953adbf749996c7d283b1e9f33f1945988f21b4bf8,3,windows_unattended_F1023_V70_D0120_P8__G16_20260819T004818Z_024,pass,eligible_pending_modeling_qa,sage-event-path-db-v1
F1023_V70_D0120_P8__G16__ch4__nav_sage_v2__ingestion_20260825_event_path_v1__event_221,F1023_V70_D0120_P8__G16__ch4__nav_sage_v2__ingestion_20260825_event_path_v1,F1023_V70_D0120_P8__G16__ch4__nav_sage_v2,F1023_V70_D0120_P8,G16,4,221,50.5586804496579,2,1,0,1021174.55349638,-3465.24605964489,5,NaN,0,0,1,rejected_candidate,stage4-strict-confirmed-v1,scenes/F1023_V70_D0120_P8/sage_results/nav_sage_v2/G16/stage4_joint_summary.csv,92077b283379307e41cfee953adbf749996c7d283b1e9f33f1945988f21b4bf8,4,windows_unattended_F1023_V70_D0120_P8__G16_20260819T004818Z_024,pass,eligible_pending_modeling_qa,sage-event-path-db-v1
F1023_V70_D0120_P8__G16__ch4__nav_sage_v2__ingestion_20260825_event_path_v1__event_222,F1023_V70_D0120_P8__G16__ch4__nav_sage_v2__ingestion_20260825_event_path_v1,F1023_V70_D0120_P8__G16__ch4__nav_sage_v2,F1023_V70_D0120_P8,G16,4,222,50.5786804496579,2,1,0,1021182.930255,-3448.46266273772,5,NaN,0,0,1,rejected_candidate,stage4-strict-confirmed-v1,scenes/F1023_V70_D0120_P8/sage_results/nav_sage_v2/G16/stage4_joint_summary.csv,92077b283379307e41cfee953adbf749996c7d283b1e9f33f1945988f21b4bf8,5,windows_unattended_F1023_V70_D0120_P8__G16_20260819T004818Z_024,pass,eligible_pending_modeling_qa,sage-event-path-db-v1
F1023_V70_D0120_P8__G16__ch4__nav_sage_v2__ingestion_20260825_event_path_v1__event_419,F1023_V70_D0120_P8__G16__ch4__nav_sage_v2__ingestion_20260825_event_path_v1,F1023_V70_D0120_P8__G16__ch4__nav_sage_v2,F1023_V70_D0120_P8,G16,4,419,54.518688172043,2,1,0,1021389.74947538,-3034.13015888684,5,NaN,0,0,1,rejected_candidate,stage4-strict-confirmed-v1,scenes/F1023_V70_D0120_P8/sage_results/nav_sage_v2/G16/stage4_joint_summary.csv,92077b283379307e41cfee953adbf749996c7d283b1e9f33f1945988f21b4bf8,6,windows_unattended_F1023_V70_D0120_P8__G16_20260819T004818Z_024,pass,eligible_pending_modeling_qa,sage-event-path-db-v1
F1023_V70_D0120_P8__G16__ch4__nav_sage_v2__ingestion_20260825_event_path_v1__event_420,F1023_V70_D0120_P8__G16__ch4__nav_sage_v2__ingestion_20260825_event_path_v1,F1023_V70_D0120_P8__G16__ch4__nav_sage_v2,F1023_V70_D0120_P8,G16,4,420,54.538688172043,2,1,0,1021407.24329292,-2999.08766487655,5,NaN,0,0,1,rejected_candidate,stage4-strict-confirmed-v1,scenes/F1023_V70_D0120_P8/sage_results/nav_sage_v2/G16/stage4_joint_summary.csv,92077b283379307e41cfee953adbf749996c7d283b1e9f33f1945988f21b4bf8,7,windows_unattended_F1023_V70_D0120_P8__G16_20260819T004818Z_024,pass,eligible_pending_modeling_qa,sage-event-path-db-v1
F1023_V70_D0120_P8__G16__ch4__nav_sage_v2__ingestion_20260825_event_path_v1__event_91,F1023_V70_D0120_P8__G16__ch4__nav_sage_v2__ingestion_20260825_event_path_v1,F1023_V70_D0120_P8__G16__ch4__nav_sage_v2,F1023_V70_D0120_P8,G16,4,91,47.9586753665689,2,1,0,1020813.03137427,-4189.71106132985,5,NaN,0,0,1,rejected_candidate,stage4-strict-confirmed-v1,scenes/F1023_V70_D0120_P8/sage_results/nav_sage_v2/G16/stage4_joint_summary.csv,92077b283379307e41cfee953adbf749996c7d283b1e9f33f1945988f21b4bf8,8,windows_unattended_F1023_V70_D0120_P8__G16_20260819T004818Z_024,pass,eligible_pending_modeling_qa,sage-event-path-db-v1
F1023_V70_D0120_P8__G16__ch4__nav_sage_v2__ingestion_20260825_event_path_v1__event_92,F1023_V70_D0120_P8__G16__ch4__nav_sage_v2__ingestion_20260825_event_path_v1,F1023_V70_D0120_P8__G16__ch4__nav_sage_v2,F1023_V70_D0120_P8,G16,4,92,47.9786753665689,2,1,0,1020905.91965661,-4003.54496272475,5,NaN,0,0,1,rejected_candidate,stage4-strict-confirmed-v1,scenes/F1023_V70_D0120_P8/sage_results/nav_sage_v2/G16/stage4_joint_summary.csv,92077b283379307e41cfee953adbf749996c7d283b1e9f33f1945988f21b4bf8,9,windows_unattended_F1023_V70_D0120_P8__G16_20260819T004818Z_024,pass,eligible_pending_modeling_qa,sage-event-path-db-v1
F1023_V70_D0120_P8__G18__ch9__nav_sage_v2__ingestion_20260825_event_path_v1__event_259,F1023_V70_D0120_P8__G18__ch9__nav_sage_v2__ingestion_20260825_event_path_v1,F1023_V70_D0120_P8__G18__ch9__nav_sage_v2,F1023_V70_D0120_P8,G18,9,259,45.3173868035191,3,1,0,1018054.71636621,-9725.64241908374,5,NaN,0,0,1,rejected_candidate,stage4-strict-confirmed-v1,scenes/F1023_V70_D0120_P8/sage_results/nav_sage_v2/G18/stage4_joint_summary.csv,a9bbc74a4a28ce70fd448b1b9fcf9e6d0e1945c94d8839b9cebbb894e97ed31e,2,windows_unattended_F1023_V70_D0120_P8__G18_20260819T004818Z_025,pass,eligible_pending_modeling_qa,sage-event-path-db-v1
F1023_V70_D0120_P8__G18__ch9__nav_sage_v2__ingestion_20260825_event_path_v1__event_261,F1023_V70_D0120_P8__G18__ch9__nav_sage_v2__ingestion_20260825_event_path_v1,F1023_V70_D0120_P8__G18__ch9__nav_sage_v2,F1023_V70_D0120_P8,G18,9,261,45.3573869012708,3,1,0,1018497.95283846,-8835.0572157034,5,NaN,0,0,1,rejected_candidate,stage4-strict-confirmed-v1,scenes/F1023_V70_D0120_P8/sage_results/nav_sage_v2/G18/stage4_joint_summary.csv,a9bbc74a4a28ce70fd448b1b9fcf9e6d0e1945c94d8839b9cebbb894e97ed31e,3,windows_unattended_F1023_V70_D0120_P8__G18_20260819T004818Z_025,pass,eligible_pending_modeling_qa,sage-event-path-db-v1
F1023_V70_D0120_P8__G18__ch9__nav_sage_v2__ingestion_20260825_event_path_v1__event_768,F1023_V70_D0120_P8__G18__ch9__nav_sage_v2__ingestion_20260825_event_path_v1,F1023_V70_D0120_P8__G18__ch9__nav_sage_v2,F1023_V70_D0120_P8,G18,9,768,55.4974183773216,2,1,0,1019356.07484272,-7111.95271396957,5,NaN,0,0,1,rejected_candidate,stage4-strict-confirmed-v1,scenes/F1023_V70_D0120_P8/sage_results/nav_sage_v2/G18/stage4_joint_summary.csv,a9bbc74a4a28ce70fd448b1b9fcf9e6d0e1945c94d8839b9cebbb894e97ed31e,4,windows_unattended_F1023_V70_D0120_P8__G18_20260819T004818Z_025,pass,eligible_pending_modeling_qa,sage-event-path-db-v1
F1023_V70_D0120_P8__G18__ch9__nav_sage_v2__ingestion_20260825_event_path_v1__event_850,F1023_V70_D0120_P8__G18__ch9__nav_sage_v2__ingestion_20260825_event_path_v1,F1023_V70_D0120_P8__G18__ch9__nav_sage_v2,F1023_V70_D0120_P8,G18,9,850,57.1374234604106,2,1,0,1018866.13352105,-8095.57457750053,5,NaN,0,0,1,rejected_candidate,stage4-strict-confirmed-v1,scenes/F1023_V70_D0120_P8/sage_results/nav_sage_v2/G18/stage4_joint_summary.csv,a9bbc74a4a28ce70fd448b1b9fcf9e6d0e1945c94d8839b9cebbb894e97ed31e,5,windows_unattended_F1023_V70_D0120_P8__G18_20260819T004818Z_025,pass,eligible_pending_modeling_qa,sage-event-path-db-v1
F1023_V70_D0120_P8__G18__ch9__nav_sage_v2__ingestion_20260825_event_path_v1__event_516,F1023_V70_D0120_P8__G18__ch9__nav_sage_v2__ingestion_20260825_event_path_v1,F1023_V70_D0120_P8__G18__ch9__nav_sage_v2,F1023_V70_D0120_P8,G18,9,516,50.4574027370479,2,1,0,1018315.48195054,-9201.64497608221,5,NaN,0,0,1,rejected_candidate,stage4-strict-confirmed-v1,scenes/F1023_V70_D0120_P8/sage_results/nav_sage_v2/G18/stage4_joint_summary.csv,a9bbc74a4a28ce70fd448b1b9fcf9e6d0e1945c94d8839b9cebbb894e97ed31e,6,windows_unattended_F1023_V70_D0120_P8__G18_20260819T004818Z_025,pass,eligible_pending_modeling_qa,sage-event-path-db-v1
F1023_V70_D0120_P8__G18__ch9__nav_sage_v2__ingestion_20260825_event_path_v1__event_517,F1023_V70_D0120_P8__G18__ch9__nav_sage_v2__ingestion_20260825_event_path_v1,F1023_V70_D0120_P8__G18__ch9__nav_sage_v2,F1023_V70_D0120_P8,G18,9,517,50.4774027370479,2,1,0,1018526.47944688,-8777.75261011511,5,NaN,0,0,1,rejected_candidate,stage4-strict-confirmed-v1,scenes/F1023_V70_D0120_P8/sage_results/nav_sage_v2/G18/stage4_joint_summary.csv,a9bbc74a4a28ce70fd448b1b9fcf9e6d0e1945c94d8839b9cebbb894e97ed31e,7,windows_unattended_F1023_V70_D0120_P8__G18_20260819T004818Z_025,pass,eligible_pending_modeling_qa,sage-event-path-db-v1
F1023_V70_D0120_P8__G18__ch9__nav_sage_v2__ingestion_20260825_event_path_v1__event_848,F1023_V70_D0120_P8__G18__ch9__nav_sage_v2__ingestion_20260825_event_path_v1,F1023_V70_D0120_P8__G18__ch9__nav_sage_v2,F1023_V70_D0120_P8,G18,9,848,57.0974232649071,2,2,1,1018851.65425085,-7950.27405189153,5,-6.56397575034913,6.7029305661199,0.860304280356774,1,confirmed_multipath,stage4-strict-confirmed-v1,scenes/F1023_V70_D0120_P8/sage_results/nav_sage_v2/G18/stage4_joint_summary.csv,a9bbc74a4a28ce70fd448b1b9fcf9e6d0e1945c94d8839b9cebbb894e97ed31e,8,windows_unattended_F1023_V70_D0120_P8__G18_20260819T004818Z_025,pass,eligible_pending_modeling_qa,sage-event-path-db-v1
F1023_V70_D0120_P8__G18__ch9__nav_sage_v2__ingestion_20260825_event_path_v1__event_851,F1023_V70_D0120_P8__G18__ch9__nav_sage_v2__ingestion_20260825_event_path_v1,F1023_V70_D0120_P8__G18__ch9__nav_sage_v2,F1023_V70_D0120_P8,G18,9,851,57.1574234604106,2,1,0,1018842.31972107,-8143.39597675814,5,NaN,0,0,1,rejected_candidate,stage4-strict-confirmed-v1,scenes/F1023_V70_D0120_P8/sage_results/nav_sage_v2/G18/stage4_joint_summary.csv,a9bbc74a4a28ce70fd448b1b9fcf9e6d0e1945c94d8839b9cebbb894e97ed31e,9,windows_unattended_F1023_V70_D0120_P8__G18_20260819T004818Z_025,pass,eligible_pending_modeling_qa,sage-event-path-db-v1
F1023_V70_D0120_P8__G23__ch11__nav_sage_v2__ingestion_20260825_event_path_v1__event_51,F1023_V70_D0120_P8__G23__ch11__nav_sage_v2__ingestion_20260825_event_path_v1,F1023_V70_D0120_P8__G23__ch11__nav_sage_v2,F1023_V70_D0120_P8,G23,11,51,47.1678619745846,2,1,0,1021764.86951425,-2282.84525757937,5,NaN,0,0,1,rejected_candidate,stage4-strict-confirmed-v1,scenes/F1023_V70_D0120_P8/sage_results/nav_sage_v2/G23/stage4_joint_summary.csv,47d45692f1d9b15222aa9601f19eafb184db9dce44e5227fbf8965f2abb81458,2,windows_unattended_F1023_V70_D0120_P8__G23_20260819T004818Z_026,pass,eligible_pending_modeling_qa,sage-event-path-db-v1
F1023_V70_D0120_P8__G23__ch11__nav_sage_v2__ingestion_20260825_event_path_v1__event_52,F1023_V70_D0120_P8__G23__ch11__nav_sage_v2__ingestion_20260825_event_path_v1,F1023_V70_D0120_P8__G23__ch11__nav_sage_v2,F1023_V70_D0120_P8,G23,11,52,47.1878619745846,2,1,0,1021812.40703771,-2187.65749626349,5,NaN,0,0,1,rejected_candidate,stage4-strict-confirmed-v1,scenes/F1023_V70_D0120_P8/sage_results/nav_sage_v2/G23/stage4_joint_summary.csv,47d45692f1d9b15222aa9601f19eafb184db9dce44e5227fbf8965f2abb81458,3,windows_unattended_F1023_V70_D0120_P8__G23_20260819T004818Z_026,pass,eligible_pending_modeling_qa,sage-event-path-db-v1
F1023_V70_D0120_P8__G23__ch11__nav_sage_v2__ingestion_20260825_event_path_v1__event_53,F1023_V70_D0120_P8__G23__ch11__nav_sage_v2__ingestion_20260825_event_path_v1,F1023_V70_D0120_P8__G23__ch11__nav_sage_v2,F1023_V70_D0120_P8,G23,11,53,47.2078620723363,2,1,0,1021798.64523505,-2215.2132762196,5,NaN,0,0,1,rejected_candidate,stage4-strict-confirmed-v1,scenes/F1023_V70_D0120_P8/sage_results/nav_sage_v2/G23/stage4_joint_summary.csv,47d45692f1d9b15222aa9601f19eafb184db9dce44e5227fbf8965f2abb81458,4,windows_unattended_F1023_V70_D0120_P8__G23_20260819T004818Z_026,pass,eligible_pending_modeling_qa,sage-event-path-db-v1
F1023_V70_D0120_P8__G23__ch11__nav_sage_v2__ingestion_20260825_event_path_v1__event_263,F1023_V70_D0120_P8__G23__ch11__nav_sage_v2__ingestion_20260825_event_path_v1,F1023_V70_D0120_P8__G23__ch11__nav_sage_v2,F1023_V70_D0120_P8,G23,11,263,51.4078668621701,2,1,0,1021804.33798332,-2203.81442521533,5,NaN,0,0,1,rejected_candidate,stage4-strict-confirmed-v1,scenes/F1023_V70_D0120_P8/sage_results/nav_sage_v2/G23/stage4_joint_summary.csv,47d45692f1d9b15222aa9601f19eafb184db9dce44e5227fbf8965f2abb81458,5,windows_unattended_F1023_V70_D0120_P8__G23_20260819T004818Z_026,pass,eligible_pending_modeling_qa,sage-event-path-db-v1
F1023_V70_D0120_P8__G23__ch11__nav_sage_v2__ingestion_20260825_event_path_v1__event_265,F1023_V70_D0120_P8__G23__ch11__nav_sage_v2__ingestion_20260825_event_path_v1,F1023_V70_D0120_P8__G23__ch11__nav_sage_v2,F1023_V70_D0120_P8,G23,11,265,51.4478669599218,2,1,0,1021794.56265539,-2223.38805184778,5,NaN,0,0,1,rejected_candidate,stage4-strict-confirmed-v1,scenes/F1023_V70_D0120_P8/sage_results/nav_sage_v2/G23/stage4_joint_summary.csv,47d45692f1d9b15222aa9601f19eafb184db9dce44e5227fbf8965f2abb81458,6,windows_unattended_F1023_V70_D0120_P8__G23_20260819T004818Z_026,pass,eligible_pending_modeling_qa,sage-event-path-db-v1
F1023_V70_D0120_P8__G26__ch3__nav_sage_v2__ingestion_20260825_event_path_v1__event_298,F1023_V70_D0120_P8__G26__ch3__nav_sage_v2__ingestion_20260825_event_path_v1,F1023_V70_D0120_P8__G26__ch3__nav_sage_v2,F1023_V70_D0120_P8,G26,3,298,46.0968290322581,4,1,0,1015407.25463452,-15053.2166160483,5,NaN,0,0,1,rejected_candidate,stage4-strict-confirmed-v1,scenes/F1023_V70_D0120_P8/sage_results/nav_sage_v2/G26/stage4_joint_summary.csv,940389bbf61305e4d1136cae2ae8b8684a98da75a5ca6ffe36b030a129a79dc3,2,windows_unattended_F1023_V70_D0120_P8__G26_20260819T004818Z_027,pass,eligible_pending_modeling_qa,sage-event-path-db-v1
F1023_V70_D0120_P8__G26__ch3__nav_sage_v2__ingestion_20260825_event_path_v1__event_299,F1023_V70_D0120_P8__G26__ch3__nav_sage_v2__ingestion_20260825_event_path_v1,F1023_V70_D0120_P8__G26__ch3__nav_sage_v2,F1023_V70_D0120_P8,G26,3,299,46.1168290322581,4,2,1,1015336.88998199,-15020.626375728,5,-6.9900018193734,14.6643020952852,0.766091595170772,1,confirmed_multipath,stage4-strict-confirmed-v1,scenes/F1023_V70_D0120_P8/sage_results/nav_sage_v2/G26/stage4_joint_summary.csv,940389bbf61305e4d1136cae2ae8b8684a98da75a5ca6ffe36b030a129a79dc3,3,windows_unattended_F1023_V70_D0120_P8__G26_20260819T004818Z_027,pass,eligible_pending_modeling_qa,sage-event-path-db-v1
F1023_V70_D0120_P8__G26__ch3__nav_sage_v2__ingestion_20260825_event_path_v1__event_300,F1023_V70_D0120_P8__G26__ch3__nav_sage_v2__ingestion_20260825_event_path_v1,F1023_V70_D0120_P8__G26__ch3__nav_sage_v2,F1023_V70_D0120_P8,G26,3,300,46.1368291300098,4,1,0,1015580.84539658,-14703.4689242328,5,NaN,0,0,1,rejected_candidate,stage4-strict-confirmed-v1,scenes/F1023_V70_D0120_P8/sage_results/nav_sage_v2/G26/stage4_joint_summary.csv,940389bbf61305e4d1136cae2ae8b8684a98da75a5ca6ffe36b030a129a79dc3,4,windows_unattended_F1023_V70_D0120_P8__G26_20260819T004818Z_027,pass,eligible_pending_modeling_qa,sage-event-path-db-v1
F1023_V70_D0120_P8__G26__ch3__nav_sage_v2__ingestion_20260825_event_path_v1__event_218,F1023_V70_D0120_P8__G26__ch3__nav_sage_v2__ingestion_20260825_event_path_v1,F1023_V70_D0120_P8__G26__ch3__nav_sage_v2,F1023_V70_D0120_P8,G26,3,218,44.4968232649071,3,1,0,1017407.24923975,-11027.2808754161,5,NaN,0,0,1,rejected_candidate,stage4-strict-confirmed-v1,scenes/F1023_V70_D0120_P8/sage_results/nav_sage_v2/G26/stage4_joint_summary.csv,940389bbf61305e4d1136cae2ae8b8684a98da75a5ca6ffe36b030a129a79dc3,5,windows_unattended_F1023_V70_D0120_P8__G26_20260819T004818Z_027,pass,eligible_pending_modeling_qa,sage-event-path-db-v1
F1023_V70_D0120_P8__G26__ch3__nav_sage_v2__ingestion_20260825_event_path_v1__event_849,F1023_V70_D0120_P8__G26__ch3__nav_sage_v2__ingestion_20260825_event_path_v1,F1023_V70_D0120_P8__G26__ch3__nav_sage_v2,F1023_V70_D0120_P8,G26,3,849,57.1168687194526,3,1,0,1016733.46956378,-12382.6967074639,5,NaN,0,0,1,rejected_candidate,stage4-strict-confirmed-v1,scenes/F1023_V70_D0120_P8/sage_results/nav_sage_v2/G26/stage4_joint_summary.csv,940389bbf61305e4d1136cae2ae8b8684a98da75a5ca6ffe36b030a129a79dc3,6,windows_unattended_F1023_V70_D0120_P8__G26_20260819T004818Z_027,pass,eligible_pending_modeling_qa,sage-event-path-db-v1
F1023_V70_D0120_P8__G26__ch3__nav_sage_v2__ingestion_20260825_event_path_v1__event_850,F1023_V70_D0120_P8__G26__ch3__nav_sage_v2__ingestion_20260825_event_path_v1,F1023_V70_D0120_P8__G26__ch3__nav_sage_v2,F1023_V70_D0120_P8,G26,3,850,57.1368688172043,3,1,0,1016545.02601332,-12761.9418587638,5,NaN,0,0,1,rejected_candidate,stage4-strict-confirmed-v1,scenes/F1023_V70_D0120_P8/sage_results/nav_sage_v2/G26/stage4_joint_summary.csv,940389bbf61305e4d1136cae2ae8b8684a98da75a5ca6ffe36b030a129a79dc3,7,windows_unattended_F1023_V70_D0120_P8__G26_20260819T004818Z_027,pass,eligible_pending_modeling_qa,sage-event-path-db-v1
F1023_V70_D0120_P8__G26__ch3__nav_sage_v2__ingestion_20260825_event_path_v1__event_465,F1023_V70_D0120_P8__G26__ch3__nav_sage_v2__ingestion_20260825_event_path_v1,F1023_V70_D0120_P8__G26__ch3__nav_sage_v2,F1023_V70_D0120_P8,G26,3,465,49.4368409579668,2,1,0,1017229.63471378,-11384.4938247225,5,NaN,0,0,1,rejected_candidate,stage4-strict-confirmed-v1,scenes/F1023_V70_D0120_P8/sage_results/nav_sage_v2/G26/stage4_joint_summary.csv,940389bbf61305e4d1136cae2ae8b8684a98da75a5ca6ffe36b030a129a79dc3,8,windows_unattended_F1023_V70_D0120_P8__G26_20260819T004818Z_027,pass,eligible_pending_modeling_qa,sage-event-path-db-v1
F1023_V70_D0120_P8__G26__ch3__nav_sage_v2__ingestion_20260825_event_path_v1__event_194,F1023_V70_D0120_P8__G26__ch3__nav_sage_v2__ingestion_20260825_event_path_v1,F1023_V70_D0120_P8__G26__ch3__nav_sage_v2,F1023_V70_D0120_P8,G26,3,194,44.0168215053763,2,1,0,1018247.68503359,-9337.86711186006,5,NaN,0,0,1,rejected_candidate,stage4-strict-confirmed-v1,scenes/F1023_V70_D0120_P8/sage_results/nav_sage_v2/G26/stage4_joint_summary.csv,940389bbf61305e4d1136cae2ae8b8684a98da75a5ca6ffe36b030a129a79dc3,9,windows_unattended_F1023_V70_D0120_P8__G26_20260819T004818Z_027,pass,eligible_pending_modeling_qa,sage-event-path-db-v1
F1023_V70_D0120_P9__G16__ch9__nav_sage_v2__ingestion_20260825_event_path_v1__event_92,F1023_V70_D0120_P9__G16__ch9__nav_sage_v2__ingestion_20260825_event_path_v1,F1023_V70_D0120_P9__G16__ch9__nav_sage_v2,F1023_V70_D0120_P9,G16,9,92,32.3509012707722,4,1,0,1013681.80699334,-18532.8733659953,5,NaN,0,0,1,rejected_candidate,stage4-strict-confirmed-v1,scenes/F1023_V70_D0120_P9/sage_results/nav_sage_v2/G16/stage4_joint_summary.csv,6f8c158b6e4cb6717abb63b2e6accbd6f7d27dcb9b34e6d374b51d7aece3f67b,2,windows_unattended_F1023_V70_D0120_P9__G16_20260819T004818Z_028,pass,eligible_pending_modeling_qa,sage-event-path-db-v1
F1023_V70_D0120_P9__G16__ch9__nav_sage_v2__ingestion_20260825_event_path_v1__event_2565,F1023_V70_D0120_P9__G16__ch9__nav_sage_v2__ingestion_20260825_event_path_v1,F1023_V70_D0120_P9__G16__ch9__nav_sage_v2,F1023_V70_D0120_P9,G16,9,2565,81.8110004887586,3,2,1,1017443.99491127,-10779.0101135943,5,-6.99350764373868,0.335697904715289,0.89983552343793,1,confirmed_multipath,stage4-strict-confirmed-v1,scenes/F1023_V70_D0120_P9/sage_results/nav_sage_v2/G16/stage4_joint_summary.csv,6f8c158b6e4cb6717abb63b2e6accbd6f7d27dcb9b34e6d374b51d7aece3f67b,3,windows_unattended_F1023_V70_D0120_P9__G16_20260819T004818Z_028,pass,eligible_pending_modeling_qa,sage-event-path-db-v1
F1023_V70_D0120_P9__G16__ch9__nav_sage_v2__ingestion_20260825_event_path_v1__event_2566,F1023_V70_D0120_P9__G16__ch9__nav_sage_v2__ingestion_20260825_event_path_v1,F1023_V70_D0120_P9__G16__ch9__nav_sage_v2,F1023_V70_D0120_P9,G16,9,2566,81.8310004887585,3,1,0,1017578.05233391,-10683.8256856313,5,NaN,0,0,1,rejected_candidate,stage4-strict-confirmed-v1,scenes/F1023_V70_D0120_P9/sage_results/nav_sage_v2/G16/stage4_joint_summary.csv,6f8c158b6e4cb6717abb63b2e6accbd6f7d27dcb9b34e6d374b51d7aece3f67b,4,windows_unattended_F1023_V70_D0120_P9__G16_20260819T004818Z_028,pass,eligible_pending_modeling_qa,sage-event-path-db-v1
F1023_V70_D0120_P9__G16__ch9__nav_sage_v2__ingestion_20260825_event_path_v1__event_1899,F1023_V70_D0120_P9__G16__ch9__nav_sage_v2__ingestion_20260825_event_path_v1,F1023_V70_D0120_P9__G16__ch9__nav_sage_v2,F1023_V70_D0120_P9,G16,9,1899,68.4909736070381,2,1,0,1017438.17083353,-10965.0986769455,5,NaN,0,0,1,rejected_candidate,stage4-strict-confirmed-v1,scenes/F1023_V70_D0120_P9/sage_results/nav_sage_v2/G16/stage4_joint_summary.csv,6f8c158b6e4cb6717abb63b2e6accbd6f7d27dcb9b34e6d374b51d7aece3f67b,5,windows_unattended_F1023_V70_D0120_P9__G16_20260819T004818Z_028,pass,eligible_pending_modeling_qa,sage-event-path-db-v1
F1023_V70_D0120_P9__G18__ch1__nav_sage_v2__ingestion_20260825_event_path_v1__event_2319,F1023_V70_D0120_P9__G18__ch1__nav_sage_v2__ingestion_20260825_event_path_v1,F1023_V70_D0120_P9__G18__ch1__nav_sage_v2,F1023_V70_D0120_P9,G18,1,2319,76.8898634408602,4,1,0,1010621.71903216,-24718.6500118015,5,NaN,0,0,1,rejected_candidate,stage4-strict-confirmed-v1,scenes/F1023_V70_D0120_P9/sage_results/nav_sage_v2/G18/stage4_joint_summary.csv,bbda5d3b30e042057bd2263ba08adffe1601f94d0de3c9dbe5236cd459de5164,2,windows_unattended_F1023_V70_D0120_P9__G18_20260819T004818Z_029,pass,eligible_pending_modeling_qa,sage-event-path-db-v1
F1023_V70_D0120_P9__G18__ch1__nav_sage_v2__ingestion_20260825_event_path_v1__event_2320,F1023_V70_D0120_P9__G18__ch1__nav_sage_v2__ingestion_20260825_event_path_v1,F1023_V70_D0120_P9__G18__ch1__nav_sage_v2,F1023_V70_D0120_P9,G18,1,2320,76.9098635386119,4,1,0,1010693.88908442,-24572.5472197399,5,NaN,0,0,1,rejected_candidate,stage4-strict-confirmed-v1,scenes/F1023_V70_D0120_P9/sage_results/nav_sage_v2/G18/stage4_joint_summary.csv,bbda5d3b30e042057bd2263ba08adffe1601f94d0de3c9dbe5236cd459de5164,3,windows_unattended_F1023_V70_D0120_P9__G18_20260819T004818Z_029,pass,eligible_pending_modeling_qa,sage-event-path-db-v1
F1023_V70_D0120_P9__G18__ch1__nav_sage_v2__ingestion_20260825_event_path_v1__event_1947,F1023_V70_D0120_P9__G18__ch1__nav_sage_v2__ingestion_20260825_event_path_v1,F1023_V70_D0120_P9__G18__ch1__nav_sage_v2,F1023_V70_D0120_P9,G18,1,1947,69.4498399804497,4,1,0,1013214.43273002,-19476.4320356023,5,NaN,0,0,1,rejected_candidate,stage4-strict-confirmed-v1,scenes/F1023_V70_D0120_P9/sage_results/nav_sage_v2/G18/stage4_joint_summary.csv,bbda5d3b30e042057bd2263ba08adffe1601f94d0de3c9dbe5236cd459de5164,4,windows_unattended_F1023_V70_D0120_P9__G18_20260819T004818Z_029,pass,eligible_pending_modeling_qa,sage-event-path-db-v1
F1023_V70_D0120_P9__G18__ch1__nav_sage_v2__ingestion_20260825_event_path_v1__event_1948,F1023_V70_D0120_P9__G18__ch1__nav_sage_v2__ingestion_20260825_event_path_v1,F1023_V70_D0120_P9__G18__ch1__nav_sage_v2,F1023_V70_D0120_P9,G18,1,1948,69.4698400782014,4,1,0,1013309.76247901,-19283.9402143508,5,NaN,0,0,1,rejected_candidate,stage4-strict-confirmed-v1,scenes/F1023_V70_D0120_P9/sage_results/nav_sage_v2/G18/stage4_joint_summary.csv,bbda5d3b30e042057bd2263ba08adffe1601f94d0de3c9dbe5236cd459de5164,5,windows_unattended_F1023_V70_D0120_P9__G18_20260819T004818Z_029,pass,eligible_pending_modeling_qa,sage-event-path-db-v1
F1023_V70_D0120_P9__G18__ch1__nav_sage_v2__ingestion_20260825_event_path_v1__event_1949,F1023_V70_D0120_P9__G18__ch1__nav_sage_v2__ingestion_20260825_event_path_v1,F1023_V70_D0120_P9__G18__ch1__nav_sage_v2,F1023_V70_D0120_P9,G18,1,1949,69.4898401759531,4,1,0,1013256.01581324,-19392.4643781048,5,NaN,0,0,1,rejected_candidate,stage4-strict-confirmed-v1,scenes/F1023_V70_D0120_P9/sage_results/nav_sage_v2/G18/stage4_joint_summary.csv,bbda5d3b30e042057bd2263ba08adffe1601f94d0de3c9dbe5236cd459de5164,6,windows_unattended_F1023_V70_D0120_P9__G18_20260819T004818Z_029,pass,eligible_pending_modeling_qa,sage-event-path-db-v1
F1023_V70_D0120_P9__G18__ch1__nav_sage_v2__ingestion_20260825_event_path_v1__event_2318,F1023_V70_D0120_P9__G18__ch1__nav_sage_v2__ingestion_20260825_event_path_v1,F1023_V70_D0120_P9__G18__ch1__nav_sage_v2,F1023_V70_D0120_P9,G18,1,2318,76.8698633431085,4,1,0,1010634.6734974,-24692.4239120581,5,NaN,0,0,1,rejected_candidate,stage4-strict-confirmed-v1,scenes/F1023_V70_D0120_P9/sage_results/nav_sage_v2/G18/stage4_joint_summary.csv,bbda5d3b30e042057bd2263ba08adffe1601f94d0de3c9dbe5236cd459de5164,7,windows_unattended_F1023_V70_D0120_P9__G18_20260819T004818Z_029,pass,eligible_pending_modeling_qa,sage-event-path-db-v1
F1023_V70_D0120_P9__G18__ch1__nav_sage_v2__ingestion_20260825_event_path_v1__event_2321,F1023_V70_D0120_P9__G18__ch1__nav_sage_v2__ingestion_20260825_event_path_v1,F1023_V70_D0120_P9__G18__ch1__nav_sage_v2,F1023_V70_D0120_P9,G18,1,2321,76.9298635386119,4,1,0,1010728.63713232,-24502.2061553947,5,NaN,0,0,1,rejected_candidate,stage4-strict-confirmed-v1,scenes/F1023_V70_D0120_P9/sage_results/nav_sage_v2/G18/stage4_joint_summary.csv,bbda5d3b30e042057bd2263ba08adffe1601f94d0de3c9dbe5236cd459de5164,8,windows_unattended_F1023_V70_D0120_P9__G18_20260819T004818Z_029,pass,eligible_pending_modeling_qa,sage-event-path-db-v1
F1023_V70_D0120_P9__G18__ch1__nav_sage_v2__ingestion_20260825_event_path_v1__event_1278,F1023_V70_D0120_P9__G18__ch1__nav_sage_v2__ingestion_20260825_event_path_v1,F1023_V70_D0120_P9__G18__ch1__nav_sage_v2,F1023_V70_D0120_P9,G18,1,1278,56.0697978494624,3,1,0,1011287.47805718,-23371.2670369718,5,NaN,0,0,1,rejected_candidate,stage4-strict-confirmed-v1,scenes/F1023_V70_D0120_P9/sage_results/nav_sage_v2/G18/stage4_joint_summary.csv,bbda5d3b30e042057bd2263ba08adffe1601f94d0de3c9dbe5236cd459de5164,9,windows_unattended_F1023_V70_D0120_P9__G18_20260819T004818Z_029,pass,eligible_pending_modeling_qa,sage-event-path-db-v1
F1023_V70_D0120_P9__G26__ch6__nav_sage_v2__ingestion_20260825_event_path_v1__event_1946,F1023_V70_D0120_P9__G26__ch6__nav_sage_v2__ingestion_20260825_event_path_v1,F1023_V70_D0120_P9__G26__ch6__nav_sage_v2,F1023_V70_D0120_P9,G26,6,1946,69.4293447702835,4,1,0,1012737.14756408,-20440.4486262012,5,NaN,0,0,1,rejected_candidate,stage4-strict-confirmed-v1,scenes/F1023_V70_D0120_P9/sage_results/nav_sage_v2/G26/stage4_joint_summary.csv,1c79481c71318c966f226f48bed2ee8fbd8bbc223b092224b50603ed9e384339,2,windows_unattended_F1023_V70_D0120_P9__G26_20260819T004818Z_030,pass,eligible_pending_modeling_qa,sage-event-path-db-v1
F1023_V70_D0120_P9__G26__ch6__nav_sage_v2__ingestion_20260825_event_path_v1__event_1947,F1023_V70_D0120_P9__G26__ch6__nav_sage_v2__ingestion_20260825_event_path_v1,F1023_V70_D0120_P9__G26__ch6__nav_sage_v2,F1023_V70_D0120_P9,G26,6,1947,69.4493448680352,4,1,0,1012702.10537198,-20511.244454766,5,NaN,0,0,1,rejected_candidate,stage4-strict-confirmed-v1,scenes/F1023_V70_D0120_P9/sage_results/nav_sage_v2/G26/stage4_joint_summary.csv,1c79481c71318c966f226f48bed2ee8fbd8bbc223b092224b50603ed9e384339,3,windows_unattended_F1023_V70_D0120_P9__G26_20260819T004818Z_030,pass,eligible_pending_modeling_qa,sage-event-path-db-v1
F1023_V70_D0120_P9__G26__ch6__nav_sage_v2__ingestion_20260825_event_path_v1__event_1948,F1023_V70_D0120_P9__G26__ch6__nav_sage_v2__ingestion_20260825_event_path_v1,F1023_V70_D0120_P9__G26__ch6__nav_sage_v2,F1023_V70_D0120_P9,G26,6,1948,69.4693449657869,4,1,0,1012383.58998203,-21154.8542483613,5,NaN,0,0,1,rejected_candidate,stage4-strict-confirmed-v1,scenes/F1023_V70_D0120_P9/sage_results/nav_sage_v2/G26/stage4_joint_summary.csv,1c79481c71318c966f226f48bed2ee8fbd8bbc223b092224b50603ed9e384339,4,windows_unattended_F1023_V70_D0120_P9__G26_20260819T004818Z_030,pass,eligible_pending_modeling_qa,sage-event-path-db-v1
F1023_V70_D0120_P9__G26__ch6__nav_sage_v2__ingestion_20260825_event_path_v1__event_2283,F1023_V70_D0120_P9__G26__ch6__nav_sage_v2__ingestion_20260825_event_path_v1,F1023_V70_D0120_P9__G26__ch6__nav_sage_v2,F1023_V70_D0120_P9,G26,6,2283,76.1693695014663,4,1,0,1009341.73641713,-27311.6125466512,5,NaN,0,0,1,rejected_candidate,stage4-strict-confirmed-v1,scenes/F1023_V70_D0120_P9/sage_results/nav_sage_v2/G26/stage4_joint_summary.csv,1c79481c71318c966f226f48bed2ee8fbd8bbc223b092224b50603ed9e384339,5,windows_unattended_F1023_V70_D0120_P9__G26_20260819T004818Z_030,pass,eligible_pending_modeling_qa,sage-event-path-db-v1
F1023_V70_D0120_P9__G26__ch6__nav_sage_v2__ingestion_20260825_event_path_v1__event_2284,F1023_V70_D0120_P9__G26__ch6__nav_sage_v2__ingestion_20260825_event_path_v1,F1023_V70_D0120_P9__G26__ch6__nav_sage_v2,F1023_V70_D0120_P9,G26,6,2284,76.189369599218,4,1,0,1008711.03801145,-28590.4779919845,5,NaN,0,0,1,rejected_candidate,stage4-strict-confirmed-v1,scenes/F1023_V70_D0120_P9/sage_results/nav_sage_v2/G26/stage4_joint_summary.csv,1c79481c71318c966f226f48bed2ee8fbd8bbc223b092224b50603ed9e384339,6,windows_unattended_F1023_V70_D0120_P9__G26_20260819T004818Z_030,pass,eligible_pending_modeling_qa,sage-event-path-db-v1
F1023_V70_D0120_P9__G26__ch6__nav_sage_v2__ingestion_20260825_event_path_v1__event_2285,F1023_V70_D0120_P9__G26__ch6__nav_sage_v2__ingestion_20260825_event_path_v1,F1023_V70_D0120_P9__G26__ch6__nav_sage_v2,F1023_V70_D0120_P9,G26,6,2285,76.209369599218,4,2,1,1007872.8062021,-30117.0197222944,5,-19.5143035546653,29.4546453240118,0.423242054147024,1,confirmed_multipath,stage4-strict-confirmed-v1,scenes/F1023_V70_D0120_P9/sage_results/nav_sage_v2/G26/stage4_joint_summary.csv,1c79481c71318c966f226f48bed2ee8fbd8bbc223b092224b50603ed9e384339,7,windows_unattended_F1023_V70_D0120_P9__G26_20260819T004818Z_030,pass,eligible_pending_modeling_qa,sage-event-path-db-v1
F1023_V70_D0120_P9__G26__ch6__nav_sage_v2__ingestion_20260825_event_path_v1__event_2303,F1023_V70_D0120_P9__G26__ch6__nav_sage_v2__ingestion_20260825_event_path_v1,F1023_V70_D0120_P9__G26__ch6__nav_sage_v2,F1023_V70_D0120_P9,G26,6,2303,76.5693709677419,4,1,0,1007100.03732205,-31860.7329802458,5,NaN,0,0,1,rejected_candidate,stage4-strict-confirmed-v1,scenes/F1023_V70_D0120_P9/sage_results/nav_sage_v2/G26/stage4_joint_summary.csv,1c79481c71318c966f226f48bed2ee8fbd8bbc223b092224b50603ed9e384339,8,windows_unattended_F1023_V70_D0120_P9__G26_20260819T004818Z_030,pass,eligible_pending_modeling_qa,sage-event-path-db-v1
F1023_V70_D0120_P9__G26__ch6__nav_sage_v2__ingestion_20260825_event_path_v1__event_2304,F1023_V70_D0120_P9__G26__ch6__nav_sage_v2__ingestion_20260825_event_path_v1,F1023_V70_D0120_P9__G26__ch6__nav_sage_v2,F1023_V70_D0120_P9,G26,6,2304,76.5893709677419,4,1,0,1007451.99836531,-31145.8223806736,5,NaN,0,0,1,rejected_candidate,stage4-strict-confirmed-v1,scenes/F1023_V70_D0120_P9/sage_results/nav_sage_v2/G26/stage4_joint_summary.csv,1c79481c71318c966f226f48bed2ee8fbd8bbc223b092224b50603ed9e384339,9,windows_unattended_F1023_V70_D0120_P9__G26_20260819T004818Z_030,pass,eligible_pending_modeling_qa,sage-event-path-db-v1
F1023_V70_D0120_P9__G27__ch5__nav_sage_v2__ingestion_20260825_event_path_v1__event_823,F1023_V70_D0120_P9__G27__ch5__nav_sage_v2__ingestion_20260825_event_path_v1,F1023_V70_D0120_P9__G27__ch5__nav_sage_v2,F1023_V70_D0120_P9,G27,5,823,76.9782062561095,3,2,1,1018864.35947875,-7924.7602942213,5,-5.90480848254359,61.1312042916647,0.123112159539877,1,confirmed_multipath,stage4-strict-confirmed-v1,scenes/F1023_V70_D0120_P9/sage_results/nav_sage_v2/G27/stage4_joint_summary.csv,8b2495f4959315030fc40227363eb5b86e6e420c0a4ace5fcc1cd50df9b78c6d,2,windows_unattended_F1023_V70_D0120_P9__G27_20260819T004818Z_031,pass,eligible_pending_modeling_qa,sage-event-path-db-v1
F1023_V70_D0120_P9__G27__ch5__nav_sage_v2__ingestion_20260825_event_path_v1__event_822,F1023_V70_D0120_P9__G27__ch5__nav_sage_v2__ingestion_20260825_event_path_v1,F1023_V70_D0120_P9__G27__ch5__nav_sage_v2,F1023_V70_D0120_P9,G27,5,822,76.9582062561095,2,2,1,1019199.91247018,-7251.0411813022,5,-6.55295075543916,60.9873821454651,0.123905432218229,1,confirmed_multipath,stage4-strict-confirmed-v1,scenes/F1023_V70_D0120_P9/sage_results/nav_sage_v2/G27/stage4_joint_summary.csv,8b2495f4959315030fc40227363eb5b86e6e420c0a4ace5fcc1cd50df9b78c6d,3,windows_unattended_F1023_V70_D0120_P9__G27_20260819T004818Z_031,pass,eligible_pending_modeling_qa,sage-event-path-db-v1
F1023_V70_D0120_P9__G27__ch5__nav_sage_v2__ingestion_20260825_event_path_v1__event_845,F1023_V70_D0120_P9__G27__ch5__nav_sage_v2__ingestion_20260825_event_path_v1,F1023_V70_D0120_P9__G27__ch5__nav_sage_v2,F1023_V70_D0120_P9,G27,5,845,77.4182068426197,2,2,1,1018693.80006534,-8267.29241680675,5,-2.29558115602777,54.2952915097351,0.0582705572285849,1,confirmed_multipath,stage4-strict-confirmed-v1,scenes/F1023_V70_D0120_P9/sage_results/nav_sage_v2/G27/stage4_joint_summary.csv,8b2495f4959315030fc40227363eb5b86e6e420c0a4ace5fcc1cd50df9b78c6d,4,windows_unattended_F1023_V70_D0120_P9__G27_20260819T004818Z_031,pass,eligible_pending_modeling_qa,sage-event-path-db-v1
F1023_V70_D0120_P9__G27__ch5__nav_sage_v2__ingestion_20260825_event_path_v1__event_846,F1023_V70_D0120_P9__G27__ch5__nav_sage_v2__ingestion_20260825_event_path_v1,F1023_V70_D0120_P9__G27__ch5__nav_sage_v2,F1023_V70_D0120_P9,G27,5,846,77.4382069403715,2,2,1,1018974.42223824,-7703.75320753067,5,-2.79065278138611,59.439113655935,0.111581730336454,1,confirmed_multipath,stage4-strict-confirmed-v1,scenes/F1023_V70_D0120_P9/sage_results/nav_sage_v2/G27/stage4_joint_summary.csv,8b2495f4959315030fc40227363eb5b86e6e420c0a4ace5fcc1cd50df9b78c6d,5,windows_unattended_F1023_V70_D0120_P9__G27_20260819T004818Z_031,pass,eligible_pending_modeling_qa,sage-event-path-db-v1
F1023_V70_D0120_P9__G27__ch5__nav_sage_v2__ingestion_20260825_event_path_v1__event_847,F1023_V70_D0120_P9__G27__ch5__nav_sage_v2__ingestion_20260825_event_path_v1,F1023_V70_D0120_P9__G27__ch5__nav_sage_v2,F1023_V70_D0120_P9,G27,5,847,77.4582069403715,2,2,1,1019048.52744373,-7554.96268431858,5,-3.18327858084326,59.5829358023441,0.111131128643558,1,confirmed_multipath,stage4-strict-confirmed-v1,scenes/F1023_V70_D0120_P9/sage_results/nav_sage_v2/G27/stage4_joint_summary.csv,8b2495f4959315030fc40227363eb5b86e6e420c0a4ace5fcc1cd50df9b78c6d,6,windows_unattended_F1023_V70_D0120_P9__G27_20260819T004818Z_031,pass,eligible_pending_modeling_qa,sage-event-path-db-v1
F1023_V70_D0120_P9__G27__ch5__nav_sage_v2__ingestion_20260825_event_path_v1__event_755,F1023_V70_D0120_P9__G27__ch5__nav_sage_v2__ingestion_20260825_event_path_v1,F1023_V70_D0120_P9__G27__ch5__nav_sage_v2,F1023_V70_D0120_P9,G27,5,755,75.6182045943304,2,2,1,1020195.45551896,-5253.50674383164,5,-3.66764242118774,54.7545501803038,0.056924085492033,1,confirmed_multipath,stage4-strict-confirmed-v1,scenes/F1023_V70_D0120_P9/sage_results/nav_sage_v2/G27/stage4_joint_summary.csv,8b2495f4959315030fc40227363eb5b86e6e420c0a4ace5fcc1cd50df9b78c6d,7,windows_unattended_F1023_V70_D0120_P9__G27_20260819T004818Z_031,pass,eligible_pending_modeling_qa,sage-event-path-db-v1
F1023_V70_D0120_P9__G27__ch5__nav_sage_v2__ingestion_20260825_event_path_v1__event_757,F1023_V70_D0120_P9__G27__ch5__nav_sage_v2__ingestion_20260825_event_path_v1,F1023_V70_D0120_P9__G27__ch5__nav_sage_v2,F1023_V70_D0120_P9,G27,5,757,75.6582045943304,2,2,1,1020134.61321814,-5375.52949829881,5,-5.19406710915628,58.8072704798321,0.0962230620462999,1,confirmed_multipath,stage4-strict-confirmed-v1,scenes/F1023_V70_D0120_P9/sage_results/nav_sage_v2/G27/stage4_joint_summary.csv,8b2495f4959315030fc40227363eb5b86e6e420c0a4ace5fcc1cd50df9b78c6d,8,windows_unattended_F1023_V70_D0120_P9__G27_20260819T004818Z_031,pass,eligible_pending_modeling_qa,sage-event-path-db-v1
F1023_V70_D0120_P9__G27__ch5__nav_sage_v2__ingestion_20260825_event_path_v1__event_796,F1023_V70_D0120_P9__G27__ch5__nav_sage_v2__ingestion_20260825_event_path_v1,F1023_V70_D0120_P9__G27__ch5__nav_sage_v2,F1023_V70_D0120_P9,G27,5,796,76.4382055718475,2,2,1,1020337.46702395,-4968.72276757238,5,-4.71354633880288,60.3353163244287,0.115344103383339,1,confirmed_multipath,stage4-strict-confirmed-v1,scenes/F1023_V70_D0120_P9/sage_results/nav_sage_v2/G27/stage4_joint_summary.csv,8b2495f4959315030fc40227363eb5b86e6e420c0a4ace5fcc1cd50df9b78c6d,9,windows_unattended_F1023_V70_D0120_P9__G27_20260819T004818Z_031,pass,eligible_pending_modeling_qa,sage-event-path-db-v1
F1023_V70_D0120_P9__G28__ch11__nav_sage_v2__ingestion_20260825_event_path_v1__event_592,F1023_V70_D0120_P9__G28__ch11__nav_sage_v2__ingestion_20260825_event_path_v1,F1023_V70_D0120_P9__G28__ch11__nav_sage_v2,F1023_V70_D0120_P9,G28,11,592,60.3639391006843,2,1,0,1020945.29834973,-3924.62755146447,5,NaN,0,0,1,rejected_candidate,stage4-strict-confirmed-v1,scenes/F1023_V70_D0120_P9/sage_results/nav_sage_v2/G28/stage4_joint_summary.csv,aad1f0f27436f7a6b3c43d500bcf22ffd6945fa74fb205e2e163df2d6bd280c4,2,windows_unattended_F1023_V70_D0120_P9__G28_20260819T004818Z_032,pass,eligible_pending_modeling_qa,sage-event-path-db-v1
F1023_V70_D0120_P9__G29__ch4__nav_sage_v2__ingestion_20260825_event_path_v1__event_1305,F1023_V70_D0120_P9__G29__ch4__nav_sage_v2__ingestion_20260825_event_path_v1,F1023_V70_D0120_P9__G29__ch4__nav_sage_v2,F1023_V70_D0120_P9,G29,4,1305,56.6177802541544,3,1,0,1018928.75207181,-7969.83321284836,5,NaN,0,0,1,rejected_candidate,stage4-strict-confirmed-v1,scenes/F1023_V70_D0120_P9/sage_results/nav_sage_v2/G29/stage4_joint_summary.csv,e0df99d7decb9938f3b0a68c5c56bdad0ae4cfab8dbf20a3c9fff217e37b5c5f,2,windows_unattended_F1023_V70_D0120_P9__G29_20260819T004818Z_033,pass,eligible_pending_modeling_qa,sage-event-path-db-v1
F1023_V70_D0120_P9__G29__ch4__nav_sage_v2__ingestion_20260825_event_path_v1__event_1306,F1023_V70_D0120_P9__G29__ch4__nav_sage_v2__ingestion_20260825_event_path_v1,F1023_V70_D0120_P9__G29__ch4__nav_sage_v2,F1023_V70_D0120_P9,G29,4,1306,56.6377803519062,3,1,0,1018850.38101916,-8127.20765171025,5,NaN,0,0,1,rejected_candidate,stage4-strict-confirmed-v1,scenes/F1023_V70_D0120_P9/sage_results/nav_sage_v2/G29/stage4_joint_summary.csv,e0df99d7decb9938f3b0a68c5c56bdad0ae4cfab8dbf20a3c9fff217e37b5c5f,3,windows_unattended_F1023_V70_D0120_P9__G29_20260819T004818Z_033,pass,eligible_pending_modeling_qa,sage-event-path-db-v1
F1023_V70_D0120_P9__G29__ch4__nav_sage_v2__ingestion_20260825_event_path_v1__event_2559,F1023_V70_D0120_P9__G29__ch4__nav_sage_v2__ingestion_20260825_event_path_v1,F1023_V70_D0120_P9__G29__ch4__nav_sage_v2,F1023_V70_D0120_P9,G29,4,2559,81.6979092864125,3,1,0,1018125.38199679,-9583.62955848719,5,NaN,0,0,1,rejected_candidate,stage4-strict-confirmed-v1,scenes/F1023_V70_D0120_P9/sage_results/nav_sage_v2/G29/stage4_joint_summary.csv,e0df99d7decb9938f3b0a68c5c56bdad0ae4cfab8dbf20a3c9fff217e37b5c5f,4,windows_unattended_F1023_V70_D0120_P9__G29_20260819T004818Z_033,pass,eligible_pending_modeling_qa,sage-event-path-db-v1
F1023_V70_D0120_P9__G29__ch4__nav_sage_v2__ingestion_20260825_event_path_v1__event_494,F1023_V70_D0120_P9__G29__ch4__nav_sage_v2__ingestion_20260825_event_path_v1,F1023_V70_D0120_P9__G29__ch4__nav_sage_v2,F1023_V70_D0120_P9,G29,4,494,40.3976967741935,2,1,0,1016748.29479214,-12352.8637207627,5,NaN,0,0,1,rejected_candidate,stage4-strict-confirmed-v1,scenes/F1023_V70_D0120_P9/sage_results/nav_sage_v2/G29/stage4_joint_summary.csv,e0df99d7decb9938f3b0a68c5c56bdad0ae4cfab8dbf20a3c9fff217e37b5c5f,5,windows_unattended_F1023_V70_D0120_P9__G29_20260819T004818Z_033,pass,eligible_pending_modeling_qa,sage-event-path-db-v1
F1023_V70_D0120_P9__G29__ch4__nav_sage_v2__ingestion_20260825_event_path_v1__event_495,F1023_V70_D0120_P9__G29__ch4__nav_sage_v2__ingestion_20260825_event_path_v1,F1023_V70_D0120_P9__G29__ch4__nav_sage_v2,F1023_V70_D0120_P9,G29,4,495,40.4176968719453,2,1,0,1016940.59405462,-11965.9369942876,5,NaN,0,0,1,rejected_candidate,stage4-strict-confirmed-v1,scenes/F1023_V70_D0120_P9/sage_results/nav_sage_v2/G29/stage4_joint_summary.csv,e0df99d7decb9938f3b0a68c5c56bdad0ae4cfab8dbf20a3c9fff217e37b5c5f,6,windows_unattended_F1023_V70_D0120_P9__G29_20260819T004818Z_033,pass,eligible_pending_modeling_qa,sage-event-path-db-v1
F1023_V70_D0120_P9__G29__ch4__nav_sage_v2__ingestion_20260825_event_path_v1__event_559,F1023_V70_D0120_P9__G29__ch4__nav_sage_v2__ingestion_20260825_event_path_v1,F1023_V70_D0120_P9__G29__ch4__nav_sage_v2,F1023_V70_D0120_P9,G29,4,559,41.6977034213099,2,1,0,1017240.10093307,-11363.4427525111,5,NaN,0,0,1,rejected_candidate,stage4-strict-confirmed-v1,scenes/F1023_V70_D0120_P9/sage_results/nav_sage_v2/G29/stage4_joint_summary.csv,e0df99d7decb9938f3b0a68c5c56bdad0ae4cfab8dbf20a3c9fff217e37b5c5f,7,windows_unattended_F1023_V70_D0120_P9__G29_20260819T004818Z_033,pass,eligible_pending_modeling_qa,sage-event-path-db-v1
F1023_V70_D0120_P9__G29__ch4__nav_sage_v2__ingestion_20260825_event_path_v1__event_560,F1023_V70_D0120_P9__G29__ch4__nav_sage_v2__ingestion_20260825_event_path_v1,F1023_V70_D0120_P9__G29__ch4__nav_sage_v2,F1023_V70_D0120_P9,G29,4,560,41.7177035190616,2,2,1,1017201.54371155,-11266.6185422495,5,-7.17440666457061,10.8005277008997,0.819799524223558,1,confirmed_multipath,stage4-strict-confirmed-v1,scenes/F1023_V70_D0120_P9/sage_results/nav_sage_v2/G29/stage4_joint_summary.csv,e0df99d7decb9938f3b0a68c5c56bdad0ae4cfab8dbf20a3c9fff217e37b5c5f,8,windows_unattended_F1023_V70_D0120_P9__G29_20260819T004818Z_033,pass,eligible_pending_modeling_qa,sage-event-path-db-v1
F1023_V70_D0120_P9__G29__ch4__nav_sage_v2__ingestion_20260825_event_path_v1__event_2539,F1023_V70_D0120_P9__G29__ch4__nav_sage_v2__ingestion_20260825_event_path_v1,F1023_V70_D0120_P9__G29__ch4__nav_sage_v2,F1023_V70_D0120_P9,G29,4,2539,81.2979072336266,2,1,0,1020831.41100514,-4152.87337895163,5,NaN,0,0,1,rejected_candidate,stage4-strict-confirmed-v1,scenes/F1023_V70_D0120_P9/sage_results/nav_sage_v2/G29/stage4_joint_summary.csv,e0df99d7decb9938f3b0a68c5c56bdad0ae4cfab8dbf20a3c9fff217e37b5c5f,9,windows_unattended_F1023_V70_D0120_P9__G29_20260819T004818Z_033,pass,eligible_pending_modeling_qa,sage-event-path-db-v1
F1023_V70_D0120_P9__G31__ch7__nav_sage_v2__ingestion_20260825_event_path_v1__event_1476,F1023_V70_D0120_P9__G31__ch7__nav_sage_v2__ingestion_20260825_event_path_v1,F1023_V70_D0120_P9__G31__ch7__nav_sage_v2,F1023_V70_D0120_P9,G31,7,1476,78.0380546432063,4,2,1,1016539.42023831,-12598.8478655758,5,-3.04538863839837,12.3993980751402,0.787689332131989,1,confirmed_multipath,stage4-strict-confirmed-v1,scenes/F1023_V70_D0120_P9/sage_results/nav_sage_v2/G31/stage4_joint_summary.csv,6af772efb0beca97809ccc4891cedbbca8882379b8214cf03263f805585748b4,2,windows_unattended_F1023_V70_D0120_P9__G31_20260819T004818Z_034,pass,eligible_pending_modeling_qa,sage-event-path-db-v1
F1023_V70_D0120_P9__G31__ch7__nav_sage_v2__ingestion_20260825_event_path_v1__event_1477,F1023_V70_D0120_P9__G31__ch7__nav_sage_v2__ingestion_20260825_event_path_v1,F1023_V70_D0120_P9__G31__ch7__nav_sage_v2,F1023_V70_D0120_P9,G31,7,1477,78.0580548387097,4,1,0,1016961.1909095,-11924.498252863,5,NaN,0,0,1,rejected_candidate,stage4-strict-confirmed-v1,scenes/F1023_V70_D0120_P9/sage_results/nav_sage_v2/G31/stage4_joint_summary.csv,6af772efb0beca97809ccc4891cedbbca8882379b8214cf03263f805585748b4,3,windows_unattended_F1023_V70_D0120_P9__G31_20260819T004818Z_034,pass,eligible_pending_modeling_qa,sage-event-path-db-v1
F1023_V70_D0120_P9__G31__ch7__nav_sage_v2__ingestion_20260825_event_path_v1__event_1478,F1023_V70_D0120_P9__G31__ch7__nav_sage_v2__ingestion_20260825_event_path_v1,F1023_V70_D0120_P9__G31__ch7__nav_sage_v2,F1023_V70_D0120_P9,G31,7,1478,78.0780549364614,4,1,0,1017015.80699793,-11814.620395755,5,NaN,0,0,1,rejected_candidate,stage4-strict-confirmed-v1,scenes/F1023_V70_D0120_P9/sage_results/nav_sage_v2/G31/stage4_joint_summary.csv,6af772efb0beca97809ccc4891cedbbca8882379b8214cf03263f805585748b4,4,windows_unattended_F1023_V70_D0120_P9__G31_20260819T004818Z_034,pass,eligible_pending_modeling_qa,sage-event-path-db-v1
F1023_V70_D0120_P9__G31__ch7__nav_sage_v2__ingestion_20260825_event_path_v1__event_449,F1023_V70_D0120_P9__G31__ch7__nav_sage_v2__ingestion_20260825_event_path_v1,F1023_V70_D0120_P9__G31__ch7__nav_sage_v2,F1023_V70_D0120_P9,G31,7,449,57.4979465298143,3,2,1,1016662.47287664,-12351.1934647153,5,0.339070822741958,0.157565694562436,0.899887548181626,1,confirmed_multipath,stage4-strict-confirmed-v1,scenes/F1023_V70_D0120_P9/sage_results/nav_sage_v2/G31/stage4_joint_summary.csv,6af772efb0beca97809ccc4891cedbbca8882379b8214cf03263f805585748b4,5,windows_unattended_F1023_V70_D0120_P9__G31_20260819T004818Z_034,pass,eligible_pending_modeling_qa,sage-event-path-db-v1
F1023_V70_D0120_P9__G31__ch7__nav_sage_v2__ingestion_20260825_event_path_v1__event_450,F1023_V70_D0120_P9__G31__ch7__nav_sage_v2__ingestion_20260825_event_path_v1,F1023_V70_D0120_P9__G31__ch7__nav_sage_v2,F1023_V70_D0120_P9,G31,7,450,57.517946627566,3,1,0,1017025.34949447,-11795.4231952974,5,NaN,0,0,1,rejected_candidate,stage4-strict-confirmed-v1,scenes/F1023_V70_D0120_P9/sage_results/nav_sage_v2/G31/stage4_joint_summary.csv,6af772efb0beca97809ccc4891cedbbca8882379b8214cf03263f805585748b4,6,windows_unattended_F1023_V70_D0120_P9__G31_20260819T004818Z_034,pass,eligible_pending_modeling_qa,sage-event-path-db-v1
F1023_V70_D0120_P9__G31__ch7__nav_sage_v2__ingestion_20260825_event_path_v1__event_451,F1023_V70_D0120_P9__G31__ch7__nav_sage_v2__ingestion_20260825_event_path_v1,F1023_V70_D0120_P9__G31__ch7__nav_sage_v2,F1023_V70_D0120_P9,G31,7,451,57.5379468230694,3,2,1,1016721.17166244,-12233.0674867777,5,-3.07705977175952,9.66725244302143,0.82067468060603,1,confirmed_multipath,stage4-strict-confirmed-v1,scenes/F1023_V70_D0120_P9/sage_results/nav_sage_v2/G31/stage4_joint_summary.csv,6af772efb0beca97809ccc4891cedbbca8882379b8214cf03263f805585748b4,7,windows_unattended_F1023_V70_D0120_P9__G31_20260819T004818Z_034,pass,eligible_pending_modeling_qa,sage-event-path-db-v1
F1023_V70_D0120_P9__G31__ch7__nav_sage_v2__ingestion_20260825_event_path_v1__event_1062,F1023_V70_D0120_P9__G31__ch7__nav_sage_v2__ingestion_20260825_event_path_v1,F1023_V70_D0120_P9__G31__ch7__nav_sage_v2,F1023_V70_D0120_P9,G31,7,1062,69.7580110459433,3,1,0,1017810.18159961,-10217.1466788846,5,NaN,0,0,1,rejected_candidate,stage4-strict-confirmed-v1,scenes/F1023_V70_D0120_P9/sage_results/nav_sage_v2/G31/stage4_joint_summary.csv,6af772efb0beca97809ccc4891cedbbca8882379b8214cf03263f805585748b4,8,windows_unattended_F1023_V70_D0120_P9__G31_20260819T004818Z_034,pass,eligible_pending_modeling_qa,sage-event-path-db-v1
F1023_V70_D0120_P9__G31__ch7__nav_sage_v2__ingestion_20260825_event_path_v1__event_1063,F1023_V70_D0120_P9__G31__ch7__nav_sage_v2__ingestion_20260825_event_path_v1,F1023_V70_D0120_P9__G31__ch7__nav_sage_v2,F1023_V70_D0120_P9,G31,7,1063,69.778011143695,3,1,0,1017965.89800493,-9904.14981335802,5,NaN,0,0,1,rejected_candidate,stage4-strict-confirmed-v1,scenes/F1023_V70_D0120_P9/sage_results/nav_sage_v2/G31/stage4_joint_summary.csv,6af772efb0beca97809ccc4891cedbbca8882379b8214cf03263f805585748b4,9,windows_unattended_F1023_V70_D0120_P9__G31_20260819T004818Z_034,pass,eligible_pending_modeling_qa,sage-event-path-db-v1
F1023_V70_D0122_P1__G13__ch5__nav_sage_v2__ingestion_20260825_event_path_v1__event_67,F1023_V70_D0122_P1__G13__ch5__nav_sage_v2__ingestion_20260825_event_path_v1,F1023_V70_D0122_P1__G13__ch5__nav_sage_v2,F1023_V70_D0122_P1,G13,5,67,29.5502829912023,4,1,0,1015285.87158174,-15297.8126340944,5,NaN,0,0,1,rejected_candidate,stage4-strict-confirmed-v1,scenes/F1023_V70_D0122_P1/sage_results/nav_sage_v2/G13/stage4_joint_summary.csv,0b7a746c040f99f9e57d99e0d94ac24c5705222b82688715d4521c49557c7195,2,windows_unattended_F1023_V70_D0122_P1__G13_20260819T004818Z_035,pass,eligible_pending_modeling_qa,sage-event-path-db-v1
F1023_V70_D0122_P1__G13__ch5__nav_sage_v2__ingestion_20260825_event_path_v1__event_68,F1023_V70_D0122_P1__G13__ch5__nav_sage_v2__ingestion_20260825_event_path_v1,F1023_V70_D0122_P1__G13__ch5__nav_sage_v2,F1023_V70_D0122_P1,G13,5,68,29.5702830889541,4,1,0,1015357.8802591,-15152.706183186,5,NaN,0,0,1,rejected_candidate,stage4-strict-confirmed-v1,scenes/F1023_V70_D0122_P1/sage_results/nav_sage_v2/G13/stage4_joint_summary.csv,0b7a746c040f99f9e57d99e0d94ac24c5705222b82688715d4521c49557c7195,3,windows_unattended_F1023_V70_D0122_P1__G13_20260819T004818Z_035,pass,eligible_pending_modeling_qa,sage-event-path-db-v1
F1023_V70_D0122_P1__G13__ch5__nav_sage_v2__ingestion_20260825_event_path_v1__event_69,F1023_V70_D0122_P1__G13__ch5__nav_sage_v2__ingestion_20260825_event_path_v1,F1023_V70_D0122_P1__G13__ch5__nav_sage_v2,F1023_V70_D0122_P1,G13,5,69,29.5902831867058,4,2,1,1015068.44705917,-15561.6358119015,5,-5.73621193729134,10.3356979047148,0.825279484347463,1,confirmed_multipath,stage4-strict-confirmed-v1,scenes/F1023_V70_D0122_P1/sage_results/nav_sage_v2/G13/stage4_joint_summary.csv,0b7a746c040f99f9e57d99e0d94ac24c5705222b82688715d4521c49557c7195,4,windows_unattended_F1023_V70_D0122_P1__G13_20260819T004818Z_035,pass,eligible_pending_modeling_qa,sage-event-path-db-v1
F1023_V70_D0122_P1__G13__ch5__nav_sage_v2__ingestion_20260825_event_path_v1__event_208,F1023_V70_D0122_P1__G13__ch5__nav_sage_v2__ingestion_20260825_event_path_v1,F1023_V70_D0122_P1__G13__ch5__nav_sage_v2,F1023_V70_D0122_P1,G13,5,208,32.3702983382209,2,1,0,1013661.34259344,-18574.1788176158,5,NaN,0,0,1,rejected_candidate,stage4-strict-confirmed-v1,scenes/F1023_V70_D0122_P1/sage_results/nav_sage_v2/G13/stage4_joint_summary.csv,0b7a746c040f99f9e57d99e0d94ac24c5705222b82688715d4521c49557c7195,5,windows_unattended_F1023_V70_D0122_P1__G13_20260819T004818Z_035,pass,eligible_pending_modeling_qa,sage-event-path-db-v1
F1023_V70_D0122_P1__G13__ch5__nav_sage_v2__ingestion_20260825_event_path_v1__event_1291,F1023_V70_D0122_P1__G13__ch5__nav_sage_v2__ingestion_20260825_event_path_v1,F1023_V70_D0122_P1__G13__ch5__nav_sage_v2,F1023_V70_D0122_P1,G13,5,1291,60.0704495601173,2,2,1,1014197.4010608,-17318.0939159581,5,-12.8563382800761,28.7603707360231,0.469893156733246,1,confirmed_multipath,stage4-strict-confirmed-v1,scenes/F1023_V70_D0122_P1/sage_results/nav_sage_v2/G13/stage4_joint_summary.csv,0b7a746c040f99f9e57d99e0d94ac24c5705222b82688715d4521c49557c7195,6,windows_unattended_F1023_V70_D0122_P1__G13_20260819T004818Z_035,pass,eligible_pending_modeling_qa,sage-event-path-db-v1
F1023_V70_D0122_P1__G15__ch8__nav_sage_v2__ingestion_20260825_event_path_v1__event_431,F1023_V70_D0122_P1__G15__ch8__nav_sage_v2__ingestion_20260825_event_path_v1,F1023_V70_D0122_P1__G15__ch8__nav_sage_v2,F1023_V70_D0122_P1,G15,8,431,36.8260485826002,4,2,1,1006637.27847519,-32626.7019179234,5,-19.1617004204488,22.5532405675585,0.593061218628972,1,confirmed_multipath,stage4-strict-confirmed-v1,scenes/F1023_V70_D0122_P1/sage_results/nav_sage_v2/G15/stage4_joint_summary.csv,0de423c304abca2f6a3190c7bb916129adf1ae9528450e0ad4a145923c6a191b,2,windows_unattended_F1023_V70_D0122_P1__G15_20260819T004818Z_037,pass,eligible_pending_modeling_qa,sage-event-path-db-v1
F1023_V70_D0122_P1__G15__ch8__nav_sage_v2__ingestion_20260825_event_path_v1__event_432,F1023_V70_D0122_P1__G15__ch8__nav_sage_v2__ingestion_20260825_event_path_v1,F1023_V70_D0122_P1__G15__ch8__nav_sage_v2,F1023_V70_D0122_P1,G15,8,432,36.8460486803519,4,1,0,1006903.16084942,-32260.7415449207,5,NaN,0,0,1,rejected_candidate,stage4-strict-confirmed-v1,scenes/F1023_V70_D0122_P1/sage_results/nav_sage_v2/G15/stage4_joint_summary.csv,0de423c304abca2f6a3190c7bb916129adf1ae9528450e0ad4a145923c6a191b,3,windows_unattended_F1023_V70_D0122_P1__G15_20260819T004818Z_037,pass,eligible_pending_modeling_qa,sage-event-path-db-v1
F1023_V70_D0122_P1__G15__ch8__nav_sage_v2__ingestion_20260825_event_path_v1__event_433,F1023_V70_D0122_P1__G15__ch8__nav_sage_v2__ingestion_20260825_event_path_v1,F1023_V70_D0122_P1__G15__ch8__nav_sage_v2,F1023_V70_D0122_P1,G15,8,433,36.8660487781036,4,2,1,1007416.03817657,-31044.4772416795,5,-14.5129577264719,22.2655962747403,0.629192746658775,1,confirmed_multipath,stage4-strict-confirmed-v1,scenes/F1023_V70_D0122_P1/sage_results/nav_sage_v2/G15/stage4_joint_summary.csv,0de423c304abca2f6a3190c7bb916129adf1ae9528450e0ad4a145923c6a191b,4,windows_unattended_F1023_V70_D0122_P1__G15_20260819T004818Z_037,pass,eligible_pending_modeling_qa,sage-event-path-db-v1
F1023_V70_D0122_P1__G15__ch8__nav_sage_v2__ingestion_20260825_event_path_v1__event_1585,F1023_V70_D0122_P1__G15__ch8__nav_sage_v2__ingestion_20260825_event_path_v1,F1023_V70_D0122_P1__G15__ch8__nav_sage_v2,F1023_V70_D0122_P1,G15,8,1585,59.9061650048876,4,2,1,1005949.99028051,-34024.0989131263,5,-17.4266250027851,16.4732050805305,0.732173683580185,1,confirmed_multipath,stage4-strict-confirmed-v1,scenes/F1023_V70_D0122_P1/sage_results/nav_sage_v2/G15/stage4_joint_summary.csv,0de423c304abca2f6a3190c7bb916129adf1ae9528450e0ad4a145923c6a191b,5,windows_unattended_F1023_V70_D0122_P1__G15_20260819T004818Z_037,pass,eligible_pending_modeling_qa,sage-event-path-db-v1
F1023_V70_D0122_P1__G15__ch8__nav_sage_v2__ingestion_20260825_event_path_v1__event_1586,F1023_V70_D0122_P1__G15__ch8__nav_sage_v2__ingestion_20260825_event_path_v1,F1023_V70_D0122_P1__G15__ch8__nav_sage_v2,F1023_V70_D0122_P1,G15,8,1586,59.9261651026393,4,1,0,1005709.76108426,-34687.1357900164,5,NaN,0,0,1,rejected_candidate,stage4-strict-confirmed-v1,scenes/F1023_V70_D0122_P1/sage_results/nav_sage_v2/G15/stage4_joint_summary.csv,0de423c304abca2f6a3190c7bb916129adf1ae9528450e0ad4a145923c6a191b,6,windows_unattended_F1023_V70_D0122_P1__G15_20260819T004818Z_037,pass,eligible_pending_modeling_qa,sage-event-path-db-v1
F1023_V70_D0122_P1__G15__ch8__nav_sage_v2__ingestion_20260825_event_path_v1__event_1587,F1023_V70_D0122_P1__G15__ch8__nav_sage_v2__ingestion_20260825_event_path_v1,F1023_V70_D0122_P1__G15__ch8__nav_sage_v2,F1023_V70_D0122_P1,G15,8,1587,59.946165200391,4,2,1,1005243.45467561,-35461.625383521,5,-6.59429080239482,1.41481112643487,0.880156240855645,1,confirmed_multipath,stage4-strict-confirmed-v1,scenes/F1023_V70_D0122_P1/sage_results/nav_sage_v2/G15/stage4_joint_summary.csv,0de423c304abca2f6a3190c7bb916129adf1ae9528450e0ad4a145923c6a191b,7,windows_unattended_F1023_V70_D0122_P1__G15_20260819T004818Z_037,pass,eligible_pending_modeling_qa,sage-event-path-db-v1
F1023_V70_D0122_P1__G17__ch2__nav_sage_v2__ingestion_20260825_event_path_v1__event_1428,F1023_V70_D0122_P1__G17__ch2__nav_sage_v2__ingestion_20260825_event_path_v1,F1023_V70_D0122_P1__G17__ch2__nav_sage_v2,F1023_V70_D0122_P1,G17,2,1428,56.7695744868035,4,2,1,1008701.73392686,-28434.9730767164,5,-9.96077344323427,15.1636665906608,0.753901692934645,1,confirmed_multipath,stage4-strict-confirmed-v1,scenes/F1023_V70_D0122_P1/sage_results/nav_sage_v2/G17/stage4_joint_summary.csv,b22bd75d48c6cbb8d3167353405d44a8d64e65e0ea41fdd42acea0cf398672a9,2,windows_unattended_F1023_V70_D0122_P1__G17_20260819T004818Z_038,pass,eligible_pending_modeling_qa,sage-event-path-db-v1
F1023_V70_D0122_P1__G17__ch2__nav_sage_v2__ingestion_20260825_event_path_v1__event_1592,F1023_V70_D0122_P1__G17__ch2__nav_sage_v2__ingestion_20260825_event_path_v1,F1023_V70_D0122_P1__G17__ch2__nav_sage_v2,F1023_V70_D0122_P1,G17,2,1592,60.0495852394917,4,1,0,1010230.52824712,-25510.7676515435,5,NaN,0,0,1,rejected_candidate,stage4-strict-confirmed-v1,scenes/F1023_V70_D0122_P1/sage_results/nav_sage_v2/G17/stage4_joint_summary.csv,b22bd75d48c6cbb8d3167353405d44a8d64e65e0ea41fdd42acea0cf398672a9,3,windows_unattended_F1023_V70_D0122_P1__G17_20260819T004818Z_038,pass,eligible_pending_modeling_qa,sage-event-path-db-v1
F1023_V70_D0122_P1__G17__ch2__nav_sage_v2__ingestion_20260825_event_path_v1__event_1318,F1023_V70_D0122_P1__G17__ch2__nav_sage_v2__ingestion_20260825_event_path_v1,F1023_V70_D0122_P1__G17__ch2__nav_sage_v2,F1023_V70_D0122_P1,G17,2,1318,54.5695673509286,2,2,1,1009286.28727952,-27249.6378017667,5,-14.565165401336,76.8938578239913,0.13516239080721,1,confirmed_multipath,stage4-strict-confirmed-v1,scenes/F1023_V70_D0122_P1/sage_results/nav_sage_v2/G17/stage4_joint_summary.csv,b22bd75d48c6cbb8d3167353405d44a8d64e65e0ea41fdd42acea0cf398672a9,4,windows_unattended_F1023_V70_D0122_P1__G17_20260819T004818Z_038,pass,eligible_pending_modeling_qa,sage-event-path-db-v1
F1023_V70_D0122_P1__G17__ch2__nav_sage_v2__ingestion_20260825_event_path_v1__event_1329,F1023_V70_D0122_P1__G17__ch2__nav_sage_v2__ingestion_20260825_event_path_v1,F1023_V70_D0122_P1__G17__ch2__nav_sage_v2,F1023_V70_D0122_P1,G17,2,1329,54.7895680351906,2,2,1,1009502.92816106,-26810.5159341206,5,-11.5782588614723,80.5735056391813,0.123705298457096,1,confirmed_multipath,stage4-strict-confirmed-v1,scenes/F1023_V70_D0122_P1/sage_results/nav_sage_v2/G17/stage4_joint_summary.csv,b22bd75d48c6cbb8d3167353405d44a8d64e65e0ea41fdd42acea0cf398672a9,5,windows_unattended_F1023_V70_D0122_P1__G17_20260819T004818Z_038,pass,eligible_pending_modeling_qa,sage-event-path-db-v1
F1023_V70_D0122_P1__G17__ch2__nav_sage_v2__ingestion_20260825_event_path_v1__event_1560,F1023_V70_D0122_P1__G17__ch2__nav_sage_v2__ingestion_20260825_event_path_v1,F1023_V70_D0122_P1__G17__ch2__nav_sage_v2,F1023_V70_D0122_P1,G17,2,1560,59.4095830889541,2,2,1,1010539.07424598,-24711.5941561124,5,-12.65306139331,62.2031295071156,0.148037803628696,1,confirmed_multipath,stage4-strict-confirmed-v1,scenes/F1023_V70_D0122_P1/sage_results/nav_sage_v2/G17/stage4_joint_summary.csv,b22bd75d48c6cbb8d3167353405d44a8d64e65e0ea41fdd42acea0cf398672a9,6,windows_unattended_F1023_V70_D0122_P1__G17_20260819T004818Z_038,pass,eligible_pending_modeling_qa,sage-event-path-db-v1
F1023_V70_D0122_P1__G17__ch2__nav_sage_v2__ingestion_20260825_event_path_v1__event_1562,F1023_V70_D0122_P1__G17__ch2__nav_sage_v2__ingestion_20260825_event_path_v1,F1023_V70_D0122_P1__G17__ch2__nav_sage_v2,F1023_V70_D0122_P1,G17,2,1562,59.4495832844575,2,2,1,1009964.46950051,-25875.3053949025,5,-12.4124202910959,57.144735553019,0.101754009820719,1,confirmed_multipath,stage4-strict-confirmed-v1,scenes/F1023_V70_D0122_P1/sage_results/nav_sage_v2/G17/stage4_joint_summary.csv,b22bd75d48c6cbb8d3167353405d44a8d64e65e0ea41fdd42acea0cf398672a9,7,windows_unattended_F1023_V70_D0122_P1__G17_20260819T004818Z_038,pass,eligible_pending_modeling_qa,sage-event-path-db-v1
F1023_V70_D0122_P1__G17__ch2__nav_sage_v2__ingestion_20260825_event_path_v1__event_1332,F1023_V70_D0122_P1__G17__ch2__nav_sage_v2__ingestion_20260825_event_path_v1,F1023_V70_D0122_P1__G17__ch2__nav_sage_v2,F1023_V70_D0122_P1,G17,2,1332,54.849568230694,2,2,1,1008753.72892147,-28329.5117558172,5,-13.2040150539852,85.2134095887468,0.0997515714276847,1,confirmed_multipath,stage4-strict-confirmed-v1,scenes/F1023_V70_D0122_P1/sage_results/nav_sage_v2/G17/stage4_joint_summary.csv,b22bd75d48c6cbb8d3167353405d44a8d64e65e0ea41fdd42acea0cf398672a9,8,windows_unattended_F1023_V70_D0122_P1__G17_20260819T004818Z_038,pass,eligible_pending_modeling_qa,sage-event-path-db-v1
F1023_V70_D0122_P1__G17__ch2__nav_sage_v2__ingestion_20260825_event_path_v1__event_1429,F1023_V70_D0122_P1__G17__ch2__nav_sage_v2__ingestion_20260825_event_path_v1,F1023_V70_D0122_P1__G17__ch2__nav_sage_v2,F1023_V70_D0122_P1,G17,2,1429,56.7895745845552,2,4,3,1008313.90342581,-28873.0267452365,5,-21.7625884166334,140.242606565757,0.156583586671611,1,confirmed_multipath,stage4-strict-confirmed-v1,scenes/F1023_V70_D0122_P1/sage_results/nav_sage_v2/G17/stage4_joint_summary.csv,b22bd75d48c6cbb8d3167353405d44a8d64e65e0ea41fdd42acea0cf398672a9,9,windows_unattended_F1023_V70_D0122_P1__G17_20260819T004818Z_038,pass,eligible_pending_modeling_qa,sage-event-path-db-v1
F1023_V70_D0122_P1__G19__ch11__nav_sage_v2__ingestion_20260825_event_path_v1__event_1434,F1023_V70_D0122_P1__G19__ch11__nav_sage_v2__ingestion_20260825_event_path_v1,F1023_V70_D0122_P1__G19__ch11__nav_sage_v2,F1023_V70_D0122_P1,G19,11,1434,56.8892281524927,2,2,1,1013050.45001544,-19633.2149683306,5,-14.005879242939,50.6373064407817,0.0092427726411811,1,confirmed_multipath,stage4-strict-confirmed-v1,scenes/F1023_V70_D0122_P1/sage_results/nav_sage_v2/G19/stage4_joint_summary.csv,513b7261c7a8ae2f8ed9f0093ea11fbbadb1c6572c3a169a0a7f8d0facc56e7c,2,windows_unattended_F1023_V70_D0122_P1__G19_20260819T004818Z_039,pass,eligible_pending_modeling_qa,sage-event-path-db-v1
F1023_V70_D0122_P1__G22__ch4__nav_sage_v2__ingestion_20260825_event_path_v1__event_56,F1023_V70_D0122_P1__G22__ch4__nav_sage_v2__ingestion_20260825_event_path_v1,F1023_V70_D0122_P1__G22__ch4__nav_sage_v2,F1023_V70_D0122_P1,G22,4,56,29.3297693059629,4,1,0,1014366.59722443,-17151.1697901434,5,NaN,0,0,1,rejected_candidate,stage4-strict-confirmed-v1,scenes/F1023_V70_D0122_P1/sage_results/nav_sage_v2/G22/stage4_joint_summary.csv,7d056c811a1ba55543d43f9d92154862f737053e3bdda191d5ff858370c1c6f0,2,windows_unattended_F1023_V70_D0122_P1__G22_20260819T004818Z_040,pass,eligible_pending_modeling_qa,sage-event-path-db-v1
F1023_V70_D0122_P1__G22__ch4__nav_sage_v2__ingestion_20260825_event_path_v1__event_57,F1023_V70_D0122_P1__G22__ch4__nav_sage_v2__ingestion_20260825_event_path_v1,F1023_V70_D0122_P1__G22__ch4__nav_sage_v2,F1023_V70_D0122_P1,G22,4,57,29.3497694037146,4,1,0,1014299.97929084,-17285.5440572132,5,NaN,0,0,1,rejected_candidate,stage4-strict-confirmed-v1,scenes/F1023_V70_D0122_P1/sage_results/nav_sage_v2/G22/stage4_joint_summary.csv,7d056c811a1ba55543d43f9d92154862f737053e3bdda191d5ff858370c1c6f0,3,windows_unattended_F1023_V70_D0122_P1__G22_20260819T004818Z_040,pass,eligible_pending_modeling_qa,sage-event-path-db-v1
F1023_V70_D0122_P1__G22__ch4__nav_sage_v2__ingestion_20260825_event_path_v1__event_55,F1023_V70_D0122_P1__G22__ch4__nav_sage_v2__ingestion_20260825_event_path_v1,F1023_V70_D0122_P1__G22__ch4__nav_sage_v2,F1023_V70_D0122_P1,G22,4,55,29.3097692082111,4,1,0,1014191.72827618,-17503.9147563595,5,NaN,0,0,1,rejected_candidate,stage4-strict-confirmed-v1,scenes/F1023_V70_D0122_P1/sage_results/nav_sage_v2/G22/stage4_joint_summary.csv,7d056c811a1ba55543d43f9d92154862f737053e3bdda191d5ff858370c1c6f0,4,windows_unattended_F1023_V70_D0122_P1__G22_20260819T004818Z_040,pass,eligible_pending_modeling_qa,sage-event-path-db-v1
F1023_V70_D0122_P1__G22__ch4__nav_sage_v2__ingestion_20260825_event_path_v1__event_58,F1023_V70_D0122_P1__G22__ch4__nav_sage_v2__ingestion_20260825_event_path_v1,F1023_V70_D0122_P1__G22__ch4__nav_sage_v2,F1023_V70_D0122_P1,G22,4,58,29.3697695014663,4,1,0,1014220.82961939,-17445.2074209369,5,NaN,0,0,1,rejected_candidate,stage4-strict-confirmed-v1,scenes/F1023_V70_D0122_P1/sage_results/nav_sage_v2/G22/stage4_joint_summary.csv,7d056c811a1ba55543d43f9d92154862f737053e3bdda191d5ff858370c1c6f0,5,windows_unattended_F1023_V70_D0122_P1__G22_20260819T004818Z_040,pass,eligible_pending_modeling_qa,sage-event-path-db-v1
F1023_V70_D0122_P1__G22__ch4__nav_sage_v2__ingestion_20260825_event_path_v1__event_1606,F1023_V70_D0122_P1__G22__ch4__nav_sage_v2__ingestion_20260825_event_path_v1,F1023_V70_D0122_P1__G22__ch4__nav_sage_v2,F1023_V70_D0122_P1,G22,4,1606,60.3299226783969,3,1,0,1011788.02081686,-22358.8376859348,5,NaN,0,0,1,rejected_candidate,stage4-strict-confirmed-v1,scenes/F1023_V70_D0122_P1/sage_results/nav_sage_v2/G22/stage4_joint_summary.csv,7d056c811a1ba55543d43f9d92154862f737053e3bdda191d5ff858370c1c6f0,6,windows_unattended_F1023_V70_D0122_P1__G22_20260819T004818Z_040,pass,eligible_pending_modeling_qa,sage-event-path-db-v1
F1023_V70_D0122_P1__G22__ch4__nav_sage_v2__ingestion_20260825_event_path_v1__event_1604,F1023_V70_D0122_P1__G22__ch4__nav_sage_v2__ingestion_20260825_event_path_v1,F1023_V70_D0122_P1__G22__ch4__nav_sage_v2,F1023_V70_D0122_P1,G22,4,1604,60.2899224828935,3,1,0,1012009.31003314,-21911.4038135634,5,NaN,0,0,1,rejected_candidate,stage4-strict-confirmed-v1,scenes/F1023_V70_D0122_P1/sage_results/nav_sage_v2/G22/stage4_joint_summary.csv,7d056c811a1ba55543d43f9d92154862f737053e3bdda191d5ff858370c1c6f0,7,windows_unattended_F1023_V70_D0122_P1__G22_20260819T004818Z_040,pass,eligible_pending_modeling_qa,sage-event-path-db-v1
F1023_V70_D0122_P1__G22__ch4__nav_sage_v2__ingestion_20260825_event_path_v1__event_446,F1023_V70_D0122_P1__G22__ch4__nav_sage_v2__ingestion_20260825_event_path_v1,F1023_V70_D0122_P1__G22__ch4__nav_sage_v2,F1023_V70_D0122_P1,G22,4,446,37.1298077223851,2,2,1,1011374.84389035,-23020.1425325418,5,-18.5408561785385,75.3959083730961,0.177510480786511,1,confirmed_multipath,stage4-strict-confirmed-v1,scenes/F1023_V70_D0122_P1/sage_results/nav_sage_v2/G22/stage4_joint_summary.csv,7d056c811a1ba55543d43f9d92154862f737053e3bdda191d5ff858370c1c6f0,8,windows_unattended_F1023_V70_D0122_P1__G22_20260819T004818Z_040,pass,eligible_pending_modeling_qa,sage-event-path-db-v1
F1023_V70_D0122_P1__G22__ch4__nav_sage_v2__ingestion_20260825_event_path_v1__event_434,F1023_V70_D0122_P1__G22__ch4__nav_sage_v2__ingestion_20260825_event_path_v1,F1023_V70_D0122_P1__G22__ch4__nav_sage_v2,F1023_V70_D0122_P1,G22,4,434,36.8898065493646,2,2,1,1011677.16320448,-22408.6453301586,5,-15.8635228887381,77.1217741287501,0.177036375259155,1,confirmed_multipath,stage4-strict-confirmed-v1,scenes/F1023_V70_D0122_P1/sage_results/nav_sage_v2/G22/stage4_joint_summary.csv,7d056c811a1ba55543d43f9d92154862f737053e3bdda191d5ff858370c1c6f0,9,windows_unattended_F1023_V70_D0122_P1__G22_20260819T004818Z_040,pass,eligible_pending_modeling_qa,sage-event-path-db-v1
F1023_V70_D0122_P1__G24__ch7__nav_sage_v2__ingestion_20260825_event_path_v1__event_8,F1023_V70_D0122_P1__G24__ch7__nav_sage_v2__ingestion_20260825_event_path_v1,F1023_V70_D0122_P1__G24__ch7__nav_sage_v2,F1023_V70_D0122_P1,G24,7,8,28.3619551319648,4,1,0,1008489.78233874,-29039.3069867019,5,NaN,0,0,1,rejected_candidate,stage4-strict-confirmed-v1,scenes/F1023_V70_D0122_P1/sage_results/nav_sage_v2/G24/stage4_joint_summary.csv,916109be075ed331593d1d4659299f98fc97934d86255ba930c1c7485b909481,2,windows_unattended_F1023_V70_D0122_P1__G24_20260819T004818Z_041,pass,eligible_pending_modeling_qa,sage-event-path-db-v1
F1023_V70_D0122_P1__G24__ch7__nav_sage_v2__ingestion_20260825_event_path_v1__event_9,F1023_V70_D0122_P1__G24__ch7__nav_sage_v2__ingestion_20260825_event_path_v1,F1023_V70_D0122_P1__G24__ch7__nav_sage_v2,F1023_V70_D0122_P1,G24,7,9,28.3819551319648,4,1,0,1008467.01502566,-29085.4972894652,5,NaN,0,0,1,rejected_candidate,stage4-strict-confirmed-v1,scenes/F1023_V70_D0122_P1/sage_results/nav_sage_v2/G24/stage4_joint_summary.csv,916109be075ed331593d1d4659299f98fc97934d86255ba930c1c7485b909481,3,windows_unattended_F1023_V70_D0122_P1__G24_20260819T004818Z_041,pass,eligible_pending_modeling_qa,sage-event-path-db-v1
F1023_V70_D0122_P1__G24__ch7__nav_sage_v2__ingestion_20260825_event_path_v1__event_930,F1023_V70_D0122_P1__G24__ch7__nav_sage_v2__ingestion_20260825_event_path_v1,F1023_V70_D0122_P1__G24__ch7__nav_sage_v2,F1023_V70_D0122_P1,G24,7,930,46.8020001955034,4,1,0,1011604.70309847,-22729.5695250087,5,NaN,0,0,1,rejected_candidate,stage4-strict-confirmed-v1,scenes/F1023_V70_D0122_P1/sage_results/nav_sage_v2/G24/stage4_joint_summary.csv,916109be075ed331593d1d4659299f98fc97934d86255ba930c1c7485b909481,4,windows_unattended_F1023_V70_D0122_P1__G24_20260819T004818Z_041,pass,eligible_pending_modeling_qa,sage-event-path-db-v1
F1023_V70_D0122_P1__G24__ch7__nav_sage_v2__ingestion_20260825_event_path_v1__event_931,F1023_V70_D0122_P1__G24__ch7__nav_sage_v2__ingestion_20260825_event_path_v1,F1023_V70_D0122_P1__G24__ch7__nav_sage_v2,F1023_V70_D0122_P1,G24,7,931,46.8220001955034,4,1,0,1010197.97108181,-25576.70610001,5,NaN,0,0,1,rejected_candidate,stage4-strict-confirmed-v1,scenes/F1023_V70_D0122_P1/sage_results/nav_sage_v2/G24/stage4_joint_summary.csv,916109be075ed331593d1d4659299f98fc97934d86255ba930c1c7485b909481,5,windows_unattended_F1023_V70_D0122_P1__G24_20260819T004818Z_041,pass,eligible_pending_modeling_qa,sage-event-path-db-v1
F1023_V70_D0122_P1__G24__ch7__nav_sage_v2__ingestion_20260825_event_path_v1__event_932,F1023_V70_D0122_P1__G24__ch7__nav_sage_v2__ingestion_20260825_event_path_v1,F1023_V70_D0122_P1__G24__ch7__nav_sage_v2,F1023_V70_D0122_P1,G24,7,932,46.8420002932551,4,2,1,1009212.99853805,-27398.2123057676,5,-18.2565229313169,32.4240860284913,0.372844184396244,1,confirmed_multipath,stage4-strict-confirmed-v1,scenes/F1023_V70_D0122_P1/sage_results/nav_sage_v2/G24/stage4_joint_summary.csv,916109be075ed331593d1d4659299f98fc97934d86255ba930c1c7485b909481,6,windows_unattended_F1023_V70_D0122_P1__G24_20260819T004818Z_041,pass,eligible_pending_modeling_qa,sage-event-path-db-v1
F1023_V70_D0122_P1__G24__ch7__nav_sage_v2__ingestion_20260825_event_path_v1__event_1361,F1023_V70_D0122_P1__G24__ch7__nav_sage_v2__ingestion_20260825_event_path_v1,F1023_V70_D0122_P1__G24__ch7__nav_sage_v2,F1023_V70_D0122_P1,G24,7,1361,55.4220213098729,4,2,1,1005634.19340501,-34666.4984883658,5,-9.99501464006769,12.9928172776113,0.808808269022774,1,confirmed_multipath,stage4-strict-confirmed-v1,scenes/F1023_V70_D0122_P1/sage_results/nav_sage_v2/G24/stage4_joint_summary.csv,916109be075ed331593d1d4659299f98fc97934d86255ba930c1c7485b909481,7,windows_unattended_F1023_V70_D0122_P1__G24_20260819T004818Z_041,pass,eligible_pending_modeling_qa,sage-event-path-db-v1
F1023_V70_D0122_P1__G24__ch7__nav_sage_v2__ingestion_20260825_event_path_v1__event_1362,F1023_V70_D0122_P1__G24__ch7__nav_sage_v2__ingestion_20260825_event_path_v1,F1023_V70_D0122_P1__G24__ch7__nav_sage_v2,F1023_V70_D0122_P1,G24,7,1362,55.4420214076246,4,2,1,1005209.78396361,-35530.1574691609,5,-10.8109650342901,7.99281727761127,0.84473947635953,1,confirmed_multipath,stage4-strict-confirmed-v1,scenes/F1023_V70_D0122_P1/sage_results/nav_sage_v2/G24/stage4_joint_summary.csv,916109be075ed331593d1d4659299f98fc97934d86255ba930c1c7485b909481,8,windows_unattended_F1023_V70_D0122_P1__G24_20260819T004818Z_041,pass,eligible_pending_modeling_qa,sage-event-path-db-v1
F1023_V70_D0122_P1__G24__ch7__nav_sage_v2__ingestion_20260825_event_path_v1__event_1363,F1023_V70_D0122_P1__G24__ch7__nav_sage_v2__ingestion_20260825_event_path_v1,F1023_V70_D0122_P1__G24__ch7__nav_sage_v2,F1023_V70_D0122_P1,G24,7,1363,55.4620214076246,4,1,0,1005631.2237262,-34846.9171854907,5,NaN,0,0,1,rejected_candidate,stage4-strict-confirmed-v1,scenes/F1023_V70_D0122_P1/sage_results/nav_sage_v2/G24/stage4_joint_summary.csv,916109be075ed331593d1d4659299f98fc97934d86255ba930c1c7485b909481,9,windows_unattended_F1023_V70_D0122_P1__G24_20260819T004818Z_041,pass,eligible_pending_modeling_qa,sage-event-path-db-v1
F1023_V70_D0122_P2__G12__ch2__nav_sage_v2__ingestion_20260825_event_path_v1__event_594,F1023_V70_D0122_P2__G12__ch2__nav_sage_v2__ingestion_20260825_event_path_v1,F1023_V70_D0122_P2__G12__ch2__nav_sage_v2,F1023_V70_D0122_P2,G12,2,594,44.4880396871945,4,2,1,1016304.71198167,-13071.3022831086,5,-7.47280682106216,28.9847902676599,0.442239773901509,1,confirmed_multipath,stage4-strict-confirmed-v1,scenes/F1023_V70_D0122_P2/sage_results/nav_sage_v2/G12/stage4_joint_summary.csv,a4240ae8871e5f22ec5591d89c7d22c22c621c56c9598490a8253e78f152b82a,2,windows_unattended_F1023_V70_D0122_P2__G12_20260819T004818Z_043,pass,eligible_pending_modeling_qa,sage-event-path-db-v1
F1023_V70_D0122_P2__G12__ch2__nav_sage_v2__ingestion_20260825_event_path_v1__event_451,F1023_V70_D0122_P2__G12__ch2__nav_sage_v2__ingestion_20260825_event_path_v1,F1023_V70_D0122_P2__G12__ch2__nav_sage_v2,F1023_V70_D0122_P2,G12,2,451,41.6280363636364,3,1,0,1012561.9210701,-20794.4836555356,5,NaN,0,0,1,rejected_candidate,stage4-strict-confirmed-v1,scenes/F1023_V70_D0122_P2/sage_results/nav_sage_v2/G12/stage4_joint_summary.csv,a4240ae8871e5f22ec5591d89c7d22c22c621c56c9598490a8253e78f152b82a,3,windows_unattended_F1023_V70_D0122_P2__G12_20260819T004818Z_043,pass,eligible_pending_modeling_qa,sage-event-path-db-v1
F1023_V70_D0122_P2__G12__ch2__nav_sage_v2__ingestion_20260825_event_path_v1__event_535,F1023_V70_D0122_P2__G12__ch2__nav_sage_v2__ingestion_20260825_event_path_v1,F1023_V70_D0122_P2__G12__ch2__nav_sage_v2,F1023_V70_D0122_P2,G12,2,535,43.3080383186706,3,2,1,1020610.90512249,-4420.49297343619,5,-4.73108619447883,51.8906474786522,0.0317473523981291,1,confirmed_multipath,stage4-strict-confirmed-v1,scenes/F1023_V70_D0122_P2/sage_results/nav_sage_v2/G12/stage4_joint_summary.csv,a4240ae8871e5f22ec5591d89c7d22c22c621c56c9598490a8253e78f152b82a,4,windows_unattended_F1023_V70_D0122_P2__G12_20260819T004818Z_043,pass,eligible_pending_modeling_qa,sage-event-path-db-v1
F1023_V70_D0122_P2__G12__ch2__nav_sage_v2__ingestion_20260825_event_path_v1__event_653,F1023_V70_D0122_P2__G12__ch2__nav_sage_v2__ingestion_20260825_event_path_v1,F1023_V70_D0122_P2__G12__ch2__nav_sage_v2,F1023_V70_D0122_P2,G12,2,653,45.6680410557185,3,3,2,1019839.84809666,-5792.42429326889,5,-10.0979841764414,49.0253416241521,0.484401455779595,1,confirmed_multipath,stage4-strict-confirmed-v1,scenes/F1023_V70_D0122_P2/sage_results/nav_sage_v2/G12/stage4_joint_summary.csv,a4240ae8871e5f22ec5591d89c7d22c22c621c56c9598490a8253e78f152b82a,5,windows_unattended_F1023_V70_D0122_P2__G12_20260819T004818Z_043,pass,eligible_pending_modeling_qa,sage-event-path-db-v1
F1023_V70_D0122_P2__G12__ch2__nav_sage_v2__ingestion_20260825_event_path_v1__event_694,F1023_V70_D0122_P2__G12__ch2__nav_sage_v2__ingestion_20260825_event_path_v1,F1023_V70_D0122_P2__G12__ch2__nav_sage_v2,F1023_V70_D0122_P2,G12,2,694,46.4880420332356,3,3,2,1017873.90038569,-9740.30977780187,5,-11.5401335502604,47.8038993946161,0.521627226978325,1,confirmed_multipath,stage4-strict-confirmed-v1,scenes/F1023_V70_D0122_P2/sage_results/nav_sage_v2/G12/stage4_joint_summary.csv,a4240ae8871e5f22ec5591d89c7d22c22c621c56c9598490a8253e78f152b82a,6,windows_unattended_F1023_V70_D0122_P2__G12_20260819T004818Z_043,pass,eligible_pending_modeling_qa,sage-event-path-db-v1
F1023_V70_D0122_P2__G12__ch2__nav_sage_v2__ingestion_20260825_event_path_v1__event_848,F1023_V70_D0122_P2__G12__ch2__nav_sage_v2__ingestion_20260825_event_path_v1,F1023_V70_D0122_P2__G12__ch2__nav_sage_v2,F1023_V70_D0122_P2,G12,2,848,49.5680456500489,3,2,1,1017785.76935919,-10091.8439377793,5,-9.36385753881494,30.7569022475777,0.406755408951071,1,confirmed_multipath,stage4-strict-confirmed-v1,scenes/F1023_V70_D0122_P2/sage_results/nav_sage_v2/G12/stage4_joint_summary.csv,a4240ae8871e5f22ec5591d89c7d22c22c621c56c9598490a8253e78f152b82a,7,windows_unattended_F1023_V70_D0122_P2__G12_20260819T004818Z_043,pass,eligible_pending_modeling_qa,sage-event-path-db-v1
F1023_V70_D0122_P2__G12__ch2__nav_sage_v2__ingestion_20260825_event_path_v1__event_471,F1023_V70_D0122_P2__G12__ch2__nav_sage_v2__ingestion_20260825_event_path_v1,F1023_V70_D0122_P2__G12__ch2__nav_sage_v2,F1023_V70_D0122_P2,G12,2,471,42.0280368523949,2,2,1,1016756.66616574,-12161.6413296689,5,-11.0955211906345,53.5240561399255,0.0537378905361519,1,confirmed_multipath,stage4-strict-confirmed-v1,scenes/F1023_V70_D0122_P2/sage_results/nav_sage_v2/G12/stage4_joint_summary.csv,a4240ae8871e5f22ec5591d89c7d22c22c621c56c9598490a8253e78f152b82a,8,windows_unattended_F1023_V70_D0122_P2__G12_20260819T004818Z_043,pass,eligible_pending_modeling_qa,sage-event-path-db-v1
F1023_V70_D0122_P2__G12__ch2__nav_sage_v2__ingestion_20260825_event_path_v1__event_595,F1023_V70_D0122_P2__G12__ch2__nav_sage_v2__ingestion_20260825_event_path_v1,F1023_V70_D0122_P2__G12__ch2__nav_sage_v2,F1023_V70_D0122_P2,G12,2,595,44.5080396871945,2,2,1,1016782.37374213,-12109.9111191641,5,-11.5364958730033,43.6009040873951,0.118746367432402,1,confirmed_multipath,stage4-strict-confirmed-v1,scenes/F1023_V70_D0122_P2/sage_results/nav_sage_v2/G12/stage4_joint_summary.csv,a4240ae8871e5f22ec5591d89c7d22c22c621c56c9598490a8253e78f152b82a,9,windows_unattended_F1023_V70_D0122_P2__G12_20260819T004818Z_043,pass,eligible_pending_modeling_qa,sage-event-path-db-v1
F1023_V70_D0122_P2__G19__ch11__nav_sage_v2__ingestion_20260825_event_path_v1__event_4191,F1023_V70_D0122_P2__G19__ch11__nav_sage_v2__ingestion_20260825_event_path_v1,F1023_V70_D0122_P2__G19__ch11__nav_sage_v2,F1023_V70_D0122_P2,G19,11,4191,116.466800391007,4,1,0,1017532.90967697,-10774.5940789522,5,NaN,0,0,1,rejected_candidate,stage4-strict-confirmed-v1,scenes/F1023_V70_D0122_P2/sage_results/nav_sage_v2/G19/stage4_joint_summary.csv,e3ce54906490e03d9f5ec3076878fe116f194cce101a30b0721e3b41b4167a4d,2,windows_unattended_F1023_V70_D0122_P2__G19_20260819T004818Z_045,pass,eligible_pending_modeling_qa,sage-event-path-db-v1
F1023_V70_D0122_P2__G19__ch11__nav_sage_v2__ingestion_20260825_event_path_v1__event_4189,F1023_V70_D0122_P2__G19__ch11__nav_sage_v2__ingestion_20260825_event_path_v1,F1023_V70_D0122_P2__G19__ch11__nav_sage_v2,F1023_V70_D0122_P2,G19,11,4189,116.426800293255,3,1,0,1017680.06478036,-10478.7239701791,5,NaN,0,0,1,rejected_candidate,stage4-strict-confirmed-v1,scenes/F1023_V70_D0122_P2/sage_results/nav_sage_v2/G19/stage4_joint_summary.csv,e3ce54906490e03d9f5ec3076878fe116f194cce101a30b0721e3b41b4167a4d,3,windows_unattended_F1023_V70_D0122_P2__G19_20260819T004818Z_045,pass,eligible_pending_modeling_qa,sage-event-path-db-v1
F1023_V70_D0122_P2__G19__ch11__nav_sage_v2__ingestion_20260825_event_path_v1__event_4190,F1023_V70_D0122_P2__G19__ch11__nav_sage_v2__ingestion_20260825_event_path_v1,F1023_V70_D0122_P2__G19__ch11__nav_sage_v2,F1023_V70_D0122_P2,G19,11,4190,116.446800293255,3,1,0,1017429.50122094,-10982.5327613345,5,NaN,0,0,1,rejected_candidate,stage4-strict-confirmed-v1,scenes/F1023_V70_D0122_P2/sage_results/nav_sage_v2/G19/stage4_joint_summary.csv,e3ce54906490e03d9f5ec3076878fe116f194cce101a30b0721e3b41b4167a4d,4,windows_unattended_F1023_V70_D0122_P2__G19_20260819T004818Z_045,pass,eligible_pending_modeling_qa,sage-event-path-db-v1
F1023_V70_D0122_P2__G19__ch11__nav_sage_v2__ingestion_20260825_event_path_v1__event_3267,F1023_V70_D0122_P2__G19__ch11__nav_sage_v2__ingestion_20260825_event_path_v1,F1023_V70_D0122_P2__G19__ch11__nav_sage_v2,F1023_V70_D0122_P2,G19,11,3267,97.9867595307918,2,1,0,1017955.14355151,-9925.76520144384,5,NaN,0,0,1,rejected_candidate,stage4-strict-confirmed-v1,scenes/F1023_V70_D0122_P2/sage_results/nav_sage_v2/G19/stage4_joint_summary.csv,e3ce54906490e03d9f5ec3076878fe116f194cce101a30b0721e3b41b4167a4d,5,windows_unattended_F1023_V70_D0122_P2__G19_20260819T004818Z_045,pass,eligible_pending_modeling_qa,sage-event-path-db-v1
F1023_V70_D0122_P2__G23__ch10__nav_sage_v2__ingestion_20260825_event_path_v1__event_987,F1023_V70_D0122_P2__G23__ch10__nav_sage_v2__ingestion_20260825_event_path_v1,F1023_V70_D0122_P2__G23__ch10__nav_sage_v2,F1023_V70_D0122_P2,G23,10,987,46.3501231671554,3,1,0,1020633.52002461,-4549.53456207709,5,NaN,0,0,1,rejected_candidate,stage4-strict-confirmed-v1,scenes/F1023_V70_D0122_P2/sage_results/nav_sage_v2/G23/stage4_joint_summary.csv,95fd4bbec4567190fa119616e818f482e78b2e5e789cc0852306db5bd0f45d05,2,windows_unattended_F1023_V70_D0122_P2__G23_20260819T004818Z_046,pass,eligible_pending_modeling_qa,sage-event-path-db-v1
F1023_V70_D0122_P2__G23__ch10__nav_sage_v2__ingestion_20260825_event_path_v1__event_889,F1023_V70_D0122_P2__G23__ch10__nav_sage_v2__ingestion_20260825_event_path_v1,F1023_V70_D0122_P2__G23__ch10__nav_sage_v2,F1023_V70_D0122_P2,G23,10,889,44.3901139784946,2,2,1,1019225.51611936,-7199.64360208398,5,-12.7993145087061,35.9042211667502,0.282450110404073,1,confirmed_multipath,stage4-strict-confirmed-v1,scenes/F1023_V70_D0122_P2/sage_results/nav_sage_v2/G23/stage4_joint_summary.csv,95fd4bbec4567190fa119616e818f482e78b2e5e789cc0852306db5bd0f45d05,3,windows_unattended_F1023_V70_D0122_P2__G23_20260819T004818Z_046,pass,eligible_pending_modeling_qa,sage-event-path-db-v1
F1023_V70_D0122_P2__G23__ch10__nav_sage_v2__ingestion_20260825_event_path_v1__event_1071,F1023_V70_D0122_P2__G23__ch10__nav_sage_v2__ingestion_20260825_event_path_v1,F1023_V70_D0122_P2__G23__ch10__nav_sage_v2,F1023_V70_D0122_P2,G23,10,1071,48.030131085044,2,2,1,1022222.66328499,-1191.97946579526,5,-3.20661635132362,62.5005045313692,0.137923581732293,1,confirmed_multipath,stage4-strict-confirmed-v1,scenes/F1023_V70_D0122_P2/sage_results/nav_sage_v2/G23/stage4_joint_summary.csv,95fd4bbec4567190fa119616e818f482e78b2e5e789cc0852306db5bd0f45d05,4,windows_unattended_F1023_V70_D0122_P2__G23_20260819T004818Z_046,pass,eligible_pending_modeling_qa,sage-event-path-db-v1
F1023_V70_D0122_P2__G23__ch10__nav_sage_v2__ingestion_20260825_event_path_v1__event_2143,F1023_V70_D0122_P2__G23__ch10__nav_sage_v2__ingestion_20260825_event_path_v1,F1023_V70_D0122_P2__G23__ch10__nav_sage_v2,F1023_V70_D0122_P2,G23,10,2143,99.5103700879765,2,2,1,1019095.26049786,-7461.1363023721,5,-4.01871024037453,0.41296279499511,0.861338143409904,1,confirmed_multipath,stage4-strict-confirmed-v1,scenes/F1023_V70_D0122_P2/sage_results/nav_sage_v2/G23/stage4_joint_summary.csv,95fd4bbec4567190fa119616e818f482e78b2e5e789cc0852306db5bd0f45d05,5,windows_unattended_F1023_V70_D0122_P2__G23_20260819T004818Z_046,pass,eligible_pending_modeling_qa,sage-event-path-db-v1
F1023_V70_D0122_P2__G23__ch10__nav_sage_v2__ingestion_20260825_event_path_v1__event_877,F1023_V70_D0122_P2__G23__ch10__nav_sage_v2__ingestion_20260825_event_path_v1,F1023_V70_D0122_P2__G23__ch10__nav_sage_v2,F1023_V70_D0122_P2,G23,10,877,44.1501129032258,2,2,1,1020461.12825841,-4720.76994498725,5,-8.91496196205138,35.5108553254604,0.318516308945687,1,confirmed_multipath,stage4-strict-confirmed-v1,scenes/F1023_V70_D0122_P2/sage_results/nav_sage_v2/G23/stage4_joint_summary.csv,95fd4bbec4567190fa119616e818f482e78b2e5e789cc0852306db5bd0f45d05,6,windows_unattended_F1023_V70_D0122_P2__G23_20260819T004818Z_046,pass,eligible_pending_modeling_qa,sage-event-path-db-v1
F1023_V70_D0122_P2__G23__ch10__nav_sage_v2__ingestion_20260825_event_path_v1__event_878,F1023_V70_D0122_P2__G23__ch10__nav_sage_v2__ingestion_20260825_event_path_v1,F1023_V70_D0122_P2__G23__ch10__nav_sage_v2,F1023_V70_D0122_P2,G23,10,878,44.1701129032258,2,2,1,1020677.96120271,-4286.07129265058,5,-12.0687041174273,40.1269691463121,0.207483579634287,1,confirmed_multipath,stage4-strict-confirmed-v1,scenes/F1023_V70_D0122_P2/sage_results/nav_sage_v2/G23/stage4_joint_summary.csv,95fd4bbec4567190fa119616e818f482e78b2e5e789cc0852306db5bd0f45d05,7,windows_unattended_F1023_V70_D0122_P2__G23_20260819T004818Z_046,pass,eligible_pending_modeling_qa,sage-event-path-db-v1
F1023_V70_D0122_P2__G23__ch10__nav_sage_v2__ingestion_20260825_event_path_v1__event_888,F1023_V70_D0122_P2__G23__ch10__nav_sage_v2__ingestion_20260825_event_path_v1,F1023_V70_D0122_P2__G23__ch10__nav_sage_v2,F1023_V70_D0122_P2,G23,10,888,44.3701138807429,2,2,1,1019135.88053097,-7379.58658401139,5,-8.08846445975634,21.2881073470153,0.654570857426008,1,confirmed_multipath,stage4-strict-confirmed-v1,scenes/F1023_V70_D0122_P2/sage_results/nav_sage_v2/G23/stage4_joint_summary.csv,95fd4bbec4567190fa119616e818f482e78b2e5e789cc0852306db5bd0f45d05,8,windows_unattended_F1023_V70_D0122_P2__G23_20260819T004818Z_046,pass,eligible_pending_modeling_qa,sage-event-path-db-v1
F1023_V70_D0122_P2__G23__ch10__nav_sage_v2__ingestion_20260825_event_path_v1__event_891,F1023_V70_D0122_P2__G23__ch10__nav_sage_v2__ingestion_20260825_event_path_v1,F1023_V70_D0122_P2__G23__ch10__nav_sage_v2,F1023_V70_D0122_P2,G23,10,891,44.430114173998,2,2,1,1018346.20541373,-8965.53954223697,5,-14.5561429262998,45.1364488073377,0.088185399827424,1,confirmed_multipath,stage4-strict-confirmed-v1,scenes/F1023_V70_D0122_P2/sage_results/nav_sage_v2/G23/stage4_joint_summary.csv,95fd4bbec4567190fa119616e818f482e78b2e5e789cc0852306db5bd0f45d05,9,windows_unattended_F1023_V70_D0122_P2__G23_20260819T004818Z_046,pass,eligible_pending_modeling_qa,sage-event-path-db-v1
F1023_V70_D0122_P2__G24__ch3__nav_sage_v2__ingestion_20260825_event_path_v1__event_2198,F1023_V70_D0122_P2__G24__ch3__nav_sage_v2__ingestion_20260825_event_path_v1,F1023_V70_D0122_P2__G24__ch3__nav_sage_v2,F1023_V70_D0122_P2,G24,3,2198,70.559780742913,4,3,2,1008472.62767501,-28725.3567216263,5,-18.6489637980792,36.2091444461712,0.363333596709204,1,confirmed_multipath,stage4-strict-confirmed-v1,scenes/F1023_V70_D0122_P2/sage_results/nav_sage_v2/G24/stage4_joint_summary.csv,14b3aecb526d9203583bedd962c6b72a9b7b56345647fa966e201413abc5c171,2,windows_unattended_F1023_V70_D0122_P2__G24_20260819T004818Z_047,pass,eligible_pending_modeling_qa,sage-event-path-db-v1
F1023_V70_D0122_P2__G24__ch3__nav_sage_v2__ingestion_20260825_event_path_v1__event_2199,F1023_V70_D0122_P2__G24__ch3__nav_sage_v2__ingestion_20260825_event_path_v1,F1023_V70_D0122_P2__G24__ch3__nav_sage_v2,F1023_V70_D0122_P2,G24,3,2199,70.5797808406647,4,2,1,1008203.33372869,-29446.1528715245,5,-8.79242917662414,8.7912939468788,0.848644572752962,1,confirmed_multipath,stage4-strict-confirmed-v1,scenes/F1023_V70_D0122_P2/sage_results/nav_sage_v2/G24/stage4_joint_summary.csv,14b3aecb526d9203583bedd962c6b72a9b7b56345647fa966e201413abc5c171,3,windows_unattended_F1023_V70_D0122_P2__G24_20260819T004818Z_047,pass,eligible_pending_modeling_qa,sage-event-path-db-v1
F1023_V70_D0122_P2__G24__ch3__nav_sage_v2__ingestion_20260825_event_path_v1__event_2197,F1023_V70_D0122_P2__G24__ch3__nav_sage_v2__ingestion_20260825_event_path_v1,F1023_V70_D0122_P2__G24__ch3__nav_sage_v2,F1023_V70_D0122_P2,G24,3,2197,70.539780742913,3,2,1,1009077.98634647,-27671.9438404783,5,-13.0362397457784,38.7904171607797,0.223664075073931,1,confirmed_multipath,stage4-strict-confirmed-v1,scenes/F1023_V70_D0122_P2/sage_results/nav_sage_v2/G24/stage4_joint_summary.csv,14b3aecb526d9203583bedd962c6b72a9b7b56345647fa966e201413abc5c171,4,windows_unattended_F1023_V70_D0122_P2__G24_20260819T004818Z_047,pass,eligible_pending_modeling_qa,sage-event-path-db-v1
F1023_V70_D0122_P2__G24__ch3__nav_sage_v2__ingestion_20260825_event_path_v1__event_3071,F1023_V70_D0122_P2__G24__ch3__nav_sage_v2__ingestion_20260825_event_path_v1,F1023_V70_D0122_P2__G24__ch3__nav_sage_v2,F1023_V70_D0122_P2,G24,3,3071,88.0198285434995,3,2,1,1009210.15762913,-27403.9717518365,5,-13.6777357721207,26.5908908130405,0.532051690065307,1,confirmed_multipath,stage4-strict-confirmed-v1,scenes/F1023_V70_D0122_P2/sage_results/nav_sage_v2/G24/stage4_joint_summary.csv,14b3aecb526d9203583bedd962c6b72a9b7b56345647fa966e201413abc5c171,5,windows_unattended_F1023_V70_D0122_P2__G24_20260819T004818Z_047,pass,eligible_pending_modeling_qa,sage-event-path-db-v1
F1023_V70_D0122_P2__G24__ch3__nav_sage_v2__ingestion_20260825_event_path_v1__event_3330,F1023_V70_D0122_P2__G24__ch3__nav_sage_v2__ingestion_20260825_event_path_v1,F1023_V70_D0122_P2__G24__ch3__nav_sage_v2,F1023_V70_D0122_P2,G24,3,3330,93.1998427174976,3,1,0,1018524.45231513,-8781.82468460284,5,NaN,0,0,1,rejected_candidate,stage4-strict-confirmed-v1,scenes/F1023_V70_D0122_P2/sage_results/nav_sage_v2/G24/stage4_joint_summary.csv,14b3aecb526d9203583bedd962c6b72a9b7b56345647fa966e201413abc5c171,6,windows_unattended_F1023_V70_D0122_P2__G24_20260819T004818Z_047,pass,eligible_pending_modeling_qa,sage-event-path-db-v1
F1023_V70_D0122_P2__G24__ch3__nav_sage_v2__ingestion_20260825_event_path_v1__event_3332,F1023_V70_D0122_P2__G24__ch3__nav_sage_v2__ingestion_20260825_event_path_v1,F1023_V70_D0122_P2__G24__ch3__nav_sage_v2,F1023_V70_D0122_P2,G24,3,3332,93.2398428152493,3,1,0,1019254.67755811,-7315.48234240619,5,NaN,0,0,1,rejected_candidate,stage4-strict-confirmed-v1,scenes/F1023_V70_D0122_P2/sage_results/nav_sage_v2/G24/stage4_joint_summary.csv,14b3aecb526d9203583bedd962c6b72a9b7b56345647fa966e201413abc5c171,7,windows_unattended_F1023_V70_D0122_P2__G24_20260819T004818Z_047,pass,eligible_pending_modeling_qa,sage-event-path-db-v1
F1023_V70_D0122_P2__G24__ch3__nav_sage_v2__ingestion_20260825_event_path_v1__event_1493,F1023_V70_D0122_P2__G24__ch3__nav_sage_v2__ingestion_20260825_event_path_v1,F1023_V70_D0122_P2__G24__ch3__nav_sage_v2,F1023_V70_D0122_P2,G24,3,1493,56.4597423264907,2,2,1,1009398.71106346,-27021.7478017145,5,-18.5619220859831,38.4817884542845,0.241361636451792,1,confirmed_multipath,stage4-strict-confirmed-v1,scenes/F1023_V70_D0122_P2/sage_results/nav_sage_v2/G24/stage4_joint_summary.csv,14b3aecb526d9203583bedd962c6b72a9b7b56345647fa966e201413abc5c171,8,windows_unattended_F1023_V70_D0122_P2__G24_20260819T004818Z_047,pass,eligible_pending_modeling_qa,sage-event-path-db-v1
F1023_V70_D0122_P2__G24__ch3__nav_sage_v2__ingestion_20260825_event_path_v1__event_3317,F1023_V70_D0122_P2__G24__ch3__nav_sage_v2__ingestion_20260825_event_path_v1,F1023_V70_D0122_P2__G24__ch3__nav_sage_v2,F1023_V70_D0122_P2,G24,3,3317,92.9398420332356,2,1,0,1019480.84967962,-6861.52629334557,5,NaN,0,0,1,rejected_candidate,stage4-strict-confirmed-v1,scenes/F1023_V70_D0122_P2/sage_results/nav_sage_v2/G24/stage4_joint_summary.csv,14b3aecb526d9203583bedd962c6b72a9b7b56345647fa966e201413abc5c171,9,windows_unattended_F1023_V70_D0122_P2__G24_20260819T004818Z_047,pass,eligible_pending_modeling_qa,sage-event-path-db-v1
F1023_V80_D0117_P8__G12__ch4__nav_sage_v2__ingestion_20260825_event_path_v1__event_395,F1023_V80_D0117_P8__G12__ch4__nav_sage_v2__ingestion_20260825_event_path_v1,F1023_V80_D0117_P8__G12__ch4__nav_sage_v2,F1023_V80_D0117_P8,G12,4,395,48.7446337243402,3,1,0,1014131.02469595,-17626.3800050587,5,NaN,0,0,1,rejected_candidate,stage4-strict-confirmed-v1,scenes/F1023_V80_D0117_P8/sage_results/nav_sage_v2/G12/stage4_joint_summary.csv,0a3c1f980401cd5805d34c21ddcb59bfc103e0bc0d36ae26dd11171768ddb91d,2,windows_unattended_F1023_V80_D0117_P8__G12_20260819T004818Z_048,pass,eligible_pending_modeling_qa,sage-event-path-db-v1
F1023_V80_D0117_P8__G12__ch4__nav_sage_v2__ingestion_20260825_event_path_v1__event_475,F1023_V80_D0117_P8__G12__ch4__nav_sage_v2__ingestion_20260825_event_path_v1,F1023_V80_D0117_P8__G12__ch4__nav_sage_v2,F1023_V80_D0117_P8,G12,4,475,50.3446417399805,3,1,0,1017733.84836618,-10370.5973469807,5,NaN,0,0,1,rejected_candidate,stage4-strict-confirmed-v1,scenes/F1023_V80_D0117_P8/sage_results/nav_sage_v2/G12/stage4_joint_summary.csv,0a3c1f980401cd5805d34c21ddcb59bfc103e0bc0d36ae26dd11171768ddb91d,3,windows_unattended_F1023_V80_D0117_P8__G12_20260819T004818Z_048,pass,eligible_pending_modeling_qa,sage-event-path-db-v1
F1023_V80_D0117_P8__G28__ch6__nav_sage_v2__ingestion_20260825_event_path_v1__event_431,F1023_V80_D0117_P8__G28__ch6__nav_sage_v2__ingestion_20260825_event_path_v1,F1023_V80_D0117_P8__G28__ch6__nav_sage_v2,F1023_V80_D0117_P8,G28,6,431,49.4624600195503,4,1,0,1016610.84959888,-12629.4630284864,5,NaN,0,0,1,rejected_candidate,stage4-strict-confirmed-v1,scenes/F1023_V80_D0117_P8/sage_results/nav_sage_v2/G28/stage4_joint_summary.csv,82e2655aadc515b9fecc2cc9b3b65d36ae9465f424f76641f6da909599c6e760,2,windows_unattended_F1023_V80_D0117_P8__G28_20260819T004818Z_049,pass,eligible_pending_modeling_qa,sage-event-path-db-v1
F1023_V80_D0117_P8__G28__ch6__nav_sage_v2__ingestion_20260825_event_path_v1__event_432,F1023_V80_D0117_P8__G28__ch6__nav_sage_v2__ingestion_20260825_event_path_v1,F1023_V80_D0117_P8__G28__ch6__nav_sage_v2,F1023_V80_D0117_P8,G28,6,432,49.4824600195503,4,2,1,1016160.17901964,-13362.2932292525,5,-15.9704869274224,35.8854807459065,0.304664272009517,1,confirmed_multipath,stage4-strict-confirmed-v1,scenes/F1023_V80_D0117_P8/sage_results/nav_sage_v2/G28/stage4_joint_summary.csv,82e2655aadc515b9fecc2cc9b3b65d36ae9465f424f76641f6da909599c6e760,3,windows_unattended_F1023_V80_D0117_P8__G28_20260819T004818Z_049,pass,eligible_pending_modeling_qa,sage-event-path-db-v1
F1023_V80_D0117_P8__G28__ch6__nav_sage_v2__ingestion_20260825_event_path_v1__event_433,F1023_V80_D0117_P8__G28__ch6__nav_sage_v2__ingestion_20260825_event_path_v1,F1023_V80_D0117_P8__G28__ch6__nav_sage_v2,F1023_V80_D0117_P8,G28,6,433,49.5024600195503,4,2,1,1016086.41484647,-13510.8199866223,5,-15.4362729204808,31.0476861741872,0.391751028764161,1,confirmed_multipath,stage4-strict-confirmed-v1,scenes/F1023_V80_D0117_P8/sage_results/nav_sage_v2/G28/stage4_joint_summary.csv,82e2655aadc515b9fecc2cc9b3b65d36ae9465f424f76641f6da909599c6e760,4,windows_unattended_F1023_V80_D0117_P8__G28_20260819T004818Z_049,pass,eligible_pending_modeling_qa,sage-event-path-db-v1
F1023_V80_D0117_P8__G28__ch6__nav_sage_v2__ingestion_20260825_event_path_v1__event_1067,F1023_V80_D0117_P8__G28__ch6__nav_sage_v2__ingestion_20260825_event_path_v1,F1023_V80_D0117_P8__G28__ch6__nav_sage_v2,F1023_V80_D0117_P8,G28,6,1067,62.1824875855327,4,1,0,1019596.37313073,-6629.69497419164,5,NaN,0,0,1,rejected_candidate,stage4-strict-confirmed-v1,scenes/F1023_V80_D0117_P8/sage_results/nav_sage_v2/G28/stage4_joint_summary.csv,82e2655aadc515b9fecc2cc9b3b65d36ae9465f424f76641f6da909599c6e760,5,windows_unattended_F1023_V80_D0117_P8__G28_20260819T004818Z_049,pass,eligible_pending_modeling_qa,sage-event-path-db-v1
F1023_V80_D0117_P8__G28__ch6__nav_sage_v2__ingestion_20260825_event_path_v1__event_434,F1023_V80_D0117_P8__G28__ch6__nav_sage_v2__ingestion_20260825_event_path_v1,F1023_V80_D0117_P8__G28__ch6__nav_sage_v2,F1023_V80_D0117_P8,G28,6,434,49.5224601173021,3,2,1,1016022.18769144,-13640.1524042591,5,-16.0883789619973,31.2098916024684,0.417991688741863,1,confirmed_multipath,stage4-strict-confirmed-v1,scenes/F1023_V80_D0117_P8/sage_results/nav_sage_v2/G28/stage4_joint_summary.csv,82e2655aadc515b9fecc2cc9b3b65d36ae9465f424f76641f6da909599c6e760,6,windows_unattended_F1023_V80_D0117_P8__G28_20260819T004818Z_049,pass,eligible_pending_modeling_qa,sage-event-path-db-v1
F1023_V80_D0117_P8__G28__ch6__nav_sage_v2__ingestion_20260825_event_path_v1__event_1035,F1023_V80_D0117_P8__G28__ch6__nav_sage_v2__ingestion_20260825_event_path_v1,F1023_V80_D0117_P8__G28__ch6__nav_sage_v2,F1023_V80_D0117_P8,G28,6,1035,61.5424862170088,3,1,0,1019953.47941469,-5913.22367680791,5,NaN,0,0,1,rejected_candidate,stage4-strict-confirmed-v1,scenes/F1023_V80_D0117_P8/sage_results/nav_sage_v2/G28/stage4_joint_summary.csv,82e2655aadc515b9fecc2cc9b3b65d36ae9465f424f76641f6da909599c6e760,7,windows_unattended_F1023_V80_D0117_P8__G28_20260819T004818Z_049,pass,eligible_pending_modeling_qa,sage-event-path-db-v1
F1023_V80_D0117_P8__G28__ch6__nav_sage_v2__ingestion_20260825_event_path_v1__event_1036,F1023_V80_D0117_P8__G28__ch6__nav_sage_v2__ingestion_20260825_event_path_v1,F1023_V80_D0117_P8__G28__ch6__nav_sage_v2,F1023_V80_D0117_P8,G28,6,1036,61.5624862170088,3,1,0,1020058.10014265,-5703.36799586429,5,NaN,0,0,1,rejected_candidate,stage4-strict-confirmed-v1,scenes/F1023_V80_D0117_P8/sage_results/nav_sage_v2/G28/stage4_joint_summary.csv,82e2655aadc515b9fecc2cc9b3b65d36ae9465f424f76641f6da909599c6e760,8,windows_unattended_F1023_V80_D0117_P8__G28_20260819T004818Z_049,pass,eligible_pending_modeling_qa,sage-event-path-db-v1
F1023_V80_D0117_P8__G28__ch6__nav_sage_v2__ingestion_20260825_event_path_v1__event_95,F1023_V80_D0117_P8__G28__ch6__nav_sage_v2__ingestion_20260825_event_path_v1,F1023_V80_D0117_P8__G28__ch6__nav_sage_v2,F1023_V80_D0117_P8,G28,6,95,42.7424453567937,3,1,0,1017828.02673528,-10181.2747371657,5,NaN,0,0,1,rejected_candidate,stage4-strict-confirmed-v1,scenes/F1023_V80_D0117_P8/sage_results/nav_sage_v2/G28/stage4_joint_summary.csv,82e2655aadc515b9fecc2cc9b3b65d36ae9465f424f76641f6da909599c6e760,9,windows_unattended_F1023_V80_D0117_P8__G28_20260819T004818Z_049,pass,eligible_pending_modeling_qa,sage-event-path-db-v1
F1023_V80_D0117_P8__G29__ch9__nav_sage_v2__ingestion_20260825_event_path_v1__event_457,F1023_V80_D0117_P8__G29__ch9__nav_sage_v2__ingestion_20260825_event_path_v1,F1023_V80_D0117_P8__G29__ch9__nav_sage_v2,F1023_V80_D0117_P8,G29,9,457,49.979777028348,4,1,0,1013512.37349681,-18874.8839518931,5,NaN,0,0,1,rejected_candidate,stage4-strict-confirmed-v1,scenes/F1023_V80_D0117_P8/sage_results/nav_sage_v2/G29/stage4_joint_summary.csv,55661bfea4a263523f49b258f468e989d212de414442cf9322da1cc2662790d1,2,windows_unattended_F1023_V80_D0117_P8__G29_20260819T004818Z_050,pass,eligible_pending_modeling_qa,sage-event-path-db-v1
F1023_V80_D0117_P8__G29__ch9__nav_sage_v2__ingestion_20260825_event_path_v1__event_458,F1023_V80_D0117_P8__G29__ch9__nav_sage_v2__ingestion_20260825_event_path_v1,F1023_V80_D0117_P8__G29__ch9__nav_sage_v2,F1023_V80_D0117_P8,G29,9,458,49.999777028348,4,1,0,1013302.06117051,-19299.4901849988,5,NaN,0,0,1,rejected_candidate,stage4-strict-confirmed-v1,scenes/F1023_V80_D0117_P8/sage_results/nav_sage_v2/G29/stage4_joint_summary.csv,55661bfea4a263523f49b258f468e989d212de414442cf9322da1cc2662790d1,3,windows_unattended_F1023_V80_D0117_P8__G29_20260819T004818Z_050,pass,eligible_pending_modeling_qa,sage-event-path-db-v1
F1023_V80_D0117_P8__G29__ch9__nav_sage_v2__ingestion_20260825_event_path_v1__event_459,F1023_V80_D0117_P8__G29__ch9__nav_sage_v2__ingestion_20260825_event_path_v1,F1023_V80_D0117_P8__G29__ch9__nav_sage_v2,F1023_V80_D0117_P8,G29,9,459,50.0197771260997,4,1,0,1013201.35097797,-19502.8483958645,5,NaN,0,0,1,rejected_candidate,stage4-strict-confirmed-v1,scenes/F1023_V80_D0117_P8/sage_results/nav_sage_v2/G29/stage4_joint_summary.csv,55661bfea4a263523f49b258f468e989d212de414442cf9322da1cc2662790d1,4,windows_unattended_F1023_V80_D0117_P8__G29_20260819T004818Z_050,pass,eligible_pending_modeling_qa,sage-event-path-db-v1
F1023_V80_D0117_P8__G29__ch9__nav_sage_v2__ingestion_20260825_event_path_v1__event_1066,F1023_V80_D0117_P8__G29__ch9__nav_sage_v2__ingestion_20260825_event_path_v1,F1023_V80_D0117_P8__G29__ch9__nav_sage_v2,F1023_V80_D0117_P8,G29,9,1066,62.1598053763441,3,1,0,1019047.24540845,-7731.91346568295,5,NaN,0,0,1,rejected_candidate,stage4-strict-confirmed-v1,scenes/F1023_V80_D0117_P8/sage_results/nav_sage_v2/G29/stage4_joint_summary.csv,55661bfea4a263523f49b258f468e989d212de414442cf9322da1cc2662790d1,5,windows_unattended_F1023_V80_D0117_P8__G29_20260819T004818Z_050,pass,eligible_pending_modeling_qa,sage-event-path-db-v1
F1023_V80_D0117_P8__G29__ch9__nav_sage_v2__ingestion_20260825_event_path_v1__event_1067,F1023_V80_D0117_P8__G29__ch9__nav_sage_v2__ingestion_20260825_event_path_v1,F1023_V80_D0117_P8__G29__ch9__nav_sage_v2,F1023_V80_D0117_P8,G29,9,1067,62.1798054740958,3,1,0,1018861.38012034,-8105.11997332243,5,NaN,0,0,1,rejected_candidate,stage4-strict-confirmed-v1,scenes/F1023_V80_D0117_P8/sage_results/nav_sage_v2/G29/stage4_joint_summary.csv,55661bfea4a263523f49b258f468e989d212de414442cf9322da1cc2662790d1,6,windows_unattended_F1023_V80_D0117_P8__G29_20260819T004818Z_050,pass,eligible_pending_modeling_qa,sage-event-path-db-v1
F1023_V80_D0117_P8__G29__ch9__nav_sage_v2__ingestion_20260825_event_path_v1__event_1068,F1023_V80_D0117_P8__G29__ch9__nav_sage_v2__ingestion_20260825_event_path_v1,F1023_V80_D0117_P8__G29__ch9__nav_sage_v2,F1023_V80_D0117_P8,G29,9,1068,62.1998054740958,3,1,0,1018882.09443526,-8063.52348302951,5,NaN,0,0,1,rejected_candidate,stage4-strict-confirmed-v1,scenes/F1023_V80_D0117_P8/sage_results/nav_sage_v2/G29/stage4_joint_summary.csv,55661bfea4a263523f49b258f468e989d212de414442cf9322da1cc2662790d1,7,windows_unattended_F1023_V80_D0117_P8__G29_20260819T004818Z_050,pass,eligible_pending_modeling_qa,sage-event-path-db-v1
F1023_V80_D0117_P8__G29__ch9__nav_sage_v2__ingestion_20260825_event_path_v1__event_734,F1023_V80_D0117_P8__G29__ch9__nav_sage_v2__ingestion_20260825_event_path_v1,F1023_V80_D0117_P8__G29__ch9__nav_sage_v2,F1023_V80_D0117_P8,G29,9,734,55.5197899315738,2,1,0,1016283.31361831,-13288.7581695268,5,NaN,0,0,1,rejected_candidate,stage4-strict-confirmed-v1,scenes/F1023_V80_D0117_P8/sage_results/nav_sage_v2/G29/stage4_joint_summary.csv,55661bfea4a263523f49b258f468e989d212de414442cf9322da1cc2662790d1,8,windows_unattended_F1023_V80_D0117_P8__G29_20260819T004818Z_050,pass,eligible_pending_modeling_qa,sage-event-path-db-v1
F1023_V80_D0117_P8__G29__ch9__nav_sage_v2__ingestion_20260825_event_path_v1__event_733,F1023_V80_D0117_P8__G29__ch9__nav_sage_v2__ingestion_20260825_event_path_v1,F1023_V80_D0117_P8__G29__ch9__nav_sage_v2,F1023_V80_D0117_P8,G29,9,733,55.4997898338221,2,2,1,1016352.25447419,-12975.5931287261,5,-12.5906314685102,15.6611319261892,0.761545545961425,1,confirmed_multipath,stage4-strict-confirmed-v1,scenes/F1023_V80_D0117_P8/sage_results/nav_sage_v2/G29/stage4_joint_summary.csv,55661bfea4a263523f49b258f468e989d212de414442cf9322da1cc2662790d1,9,windows_unattended_F1023_V80_D0117_P8__G29_20260819T004818Z_050,pass,eligible_pending_modeling_qa,sage-event-path-db-v1
F1023_v90_D0117_P7__G12__ch10__nav_sage_v2__ingestion_20260825_event_path_v1__event_56,F1023_v90_D0117_P7__G12__ch10__nav_sage_v2__ingestion_20260825_event_path_v1,F1023_v90_D0117_P7__G12__ch10__nav_sage_v2,F1023_v90_D0117_P7,G12,10,56,30.2226476050831,4,1,0,1016713.35763057,-12423.1688897753,5,NaN,0,0,1,rejected_candidate,stage4-strict-confirmed-v1,scenes/F1023_v90_D0117_P7/sage_results/nav_sage_v2/G12/stage4_joint_summary.csv,26bee2d0556fbcb68593fec261eb1d7577becdd22f276fe16d666b198cccb6dd,2,windows_unattended_F1023_v90_D0117_P7__G12_20260819T004818Z_053,pass,eligible_pending_modeling_qa,sage-event-path-db-v1
F1023_v90_D0117_P7__G12__ch10__nav_sage_v2__ingestion_20260825_event_path_v1__event_57,F1023_v90_D0117_P7__G12__ch10__nav_sage_v2__ingestion_20260825_event_path_v1,F1023_v90_D0117_P7__G12__ch10__nav_sage_v2,F1023_v90_D0117_P7,G12,10,57,30.2426477028348,4,1,0,1016767.11295372,-12314.9963326379,5,NaN,0,0,1,rejected_candidate,stage4-strict-confirmed-v1,scenes/F1023_v90_D0117_P7/sage_results/nav_sage_v2/G12/stage4_joint_summary.csv,26bee2d0556fbcb68593fec261eb1d7577becdd22f276fe16d666b198cccb6dd,3,windows_unattended_F1023_v90_D0117_P7__G12_20260819T004818Z_053,pass,eligible_pending_modeling_qa,sage-event-path-db-v1
F1023_v90_D0117_P7__G12__ch10__nav_sage_v2__ingestion_20260825_event_path_v1__event_58,F1023_v90_D0117_P7__G12__ch10__nav_sage_v2__ingestion_20260825_event_path_v1,F1023_v90_D0117_P7__G12__ch10__nav_sage_v2,F1023_v90_D0117_P7,G12,10,58,30.2626478005865,4,1,0,1016734.64427548,-12380.3328050033,5,NaN,0,0,1,rejected_candidate,stage4-strict-confirmed-v1,scenes/F1023_v90_D0117_P7/sage_results/nav_sage_v2/G12/stage4_joint_summary.csv,26bee2d0556fbcb68593fec261eb1d7577becdd22f276fe16d666b198cccb6dd,4,windows_unattended_F1023_v90_D0117_P7__G12_20260819T004818Z_053,pass,eligible_pending_modeling_qa,sage-event-path-db-v1
F1023_v90_D0117_P7__G12__ch10__nav_sage_v2__ingestion_20260825_event_path_v1__event_82,F1023_v90_D0117_P7__G12__ch10__nav_sage_v2__ingestion_20260825_event_path_v1,F1023_v90_D0117_P7__G12__ch10__nav_sage_v2,F1023_v90_D0117_P7,G12,10,82,30.7426502443793,3,1,0,1016524.67450798,-12802.9037401311,5,NaN,0,0,1,rejected_candidate,stage4-strict-confirmed-v1,scenes/F1023_v90_D0117_P7/sage_results/nav_sage_v2/G12/stage4_joint_summary.csv,26bee2d0556fbcb68593fec261eb1d7577becdd22f276fe16d666b198cccb6dd,5,windows_unattended_F1023_v90_D0117_P7__G12_20260819T004818Z_053,pass,eligible_pending_modeling_qa,sage-event-path-db-v1
F1023_v90_D0117_P7__G25__ch0__nav_sage_v2__ingestion_20260825_event_path_v1__event_45,F1023_v90_D0117_P7__G25__ch0__nav_sage_v2__ingestion_20260825_event_path_v1,F1023_v90_D0117_P7__G25__ch0__nav_sage_v2,F1023_v90_D0117_P7,G25,0,45,29.9952290322581,4,1,0,1015674.2682745,-14515.2668544165,5,NaN,0,0,1,rejected_candidate,stage4-strict-confirmed-v1,scenes/F1023_v90_D0117_P7/sage_results/nav_sage_v2/G25/stage4_joint_summary.csv,48a1478ec1263dd161e06742b4c35d57b6e637716f76fb50c79325f551266a4d,2,windows_unattended_F1023_v90_D0117_P7__G25_20260819T004818Z_054,pass,eligible_pending_modeling_qa,sage-event-path-db-v1
F1023_v90_D0117_P7__G25__ch0__nav_sage_v2__ingestion_20260825_event_path_v1__event_46,F1023_v90_D0117_P7__G25__ch0__nav_sage_v2__ingestion_20260825_event_path_v1,F1023_v90_D0117_P7__G25__ch0__nav_sage_v2,F1023_v90_D0117_P7,G25,0,46,30.0152290322581,4,1,0,1015731.48427956,-14400.01272929,5,NaN,0,0,1,rejected_candidate,stage4-strict-confirmed-v1,scenes/F1023_v90_D0117_P7/sage_results/nav_sage_v2/G25/stage4_joint_summary.csv,48a1478ec1263dd161e06742b4c35d57b6e637716f76fb50c79325f551266a4d,3,windows_unattended_F1023_v90_D0117_P7__G25_20260819T004818Z_054,pass,eligible_pending_modeling_qa,sage-event-path-db-v1
F1023_v90_D0117_P7__G25__ch0__nav_sage_v2__ingestion_20260825_event_path_v1__event_47,F1023_v90_D0117_P7__G25__ch0__nav_sage_v2__ingestion_20260825_event_path_v1,F1023_v90_D0117_P7__G25__ch0__nav_sage_v2,F1023_v90_D0117_P7,G25,0,47,30.0352291300098,4,2,1,1015601.83152004,-14486.8137262631,5,-10.1780500244351,9.66430209528517,0.832805115765015,1,confirmed_multipath,stage4-strict-confirmed-v1,scenes/F1023_v90_D0117_P7/sage_results/nav_sage_v2/G25/stage4_joint_summary.csv,48a1478ec1263dd161e06742b4c35d57b6e637716f76fb50c79325f551266a4d,4,windows_unattended_F1023_v90_D0117_P7__G25_20260819T004818Z_054,pass,eligible_pending_modeling_qa,sage-event-path-db-v1
F1023_v90_D0117_P7__G25__ch0__nav_sage_v2__ingestion_20260825_event_path_v1__event_84,F1023_v90_D0117_P7__G25__ch0__nav_sage_v2__ingestion_20260825_event_path_v1,F1023_v90_D0117_P7__G25__ch0__nav_sage_v2,F1023_v90_D0117_P7,G25,0,84,30.7752318670577,2,2,1,1014942.90381264,-15814.6998970974,5,-11.4893364497269,14.6643020952852,0.777869591706038,1,confirmed_multipath,stage4-strict-confirmed-v1,scenes/F1023_v90_D0117_P7/sage_results/nav_sage_v2/G25/stage4_joint_summary.csv,48a1478ec1263dd161e06742b4c35d57b6e637716f76fb50c79325f551266a4d,5,windows_unattended_F1023_v90_D0117_P7__G25_20260819T004818Z_054,pass,eligible_pending_modeling_qa,sage-event-path-db-v1
F1023_v90_D0117_P7__G28__ch4__nav_sage_v2__ingestion_20260825_event_path_v1__event_7,F1023_v90_D0117_P7__G28__ch4__nav_sage_v2__ingestion_20260825_event_path_v1,F1023_v90_D0117_P7__G28__ch4__nav_sage_v2,F1023_v90_D0117_P7,G28,4,7,59.2412134897361,3,1,0,1018228.71324559,-9375.98813136153,5,NaN,0,0,1,rejected_candidate,stage4-strict-confirmed-v1,scenes/F1023_v90_D0117_P7/sage_results/nav_sage_v2/G28/stage4_joint_summary.csv,8dce92b546bab3d4c45ac4423488ef243d9dd9c43b059d3da94376925c19b673,2,windows_unattended_F1023_v90_D0117_P7__G28_20260819T004818Z_055,pass,eligible_pending_modeling_qa,sage-event-path-db-v1
F1023_v90_D0117_P7__G28__ch4__nav_sage_v2__ingestion_20260825_event_path_v1__event_8,F1023_v90_D0117_P7__G28__ch4__nav_sage_v2__ingestion_20260825_event_path_v1,F1023_v90_D0117_P7__G28__ch4__nav_sage_v2,F1023_v90_D0117_P7,G28,4,8,59.2612134897361,3,1,0,1018261.58742026,-9309.93276017495,5,NaN,0,0,1,rejected_candidate,stage4-strict-confirmed-v1,scenes/F1023_v90_D0117_P7/sage_results/nav_sage_v2/G28/stage4_joint_summary.csv,8dce92b546bab3d4c45ac4423488ef243d9dd9c43b059d3da94376925c19b673,3,windows_unattended_F1023_v90_D0117_P7__G28_20260819T004818Z_055,pass,eligible_pending_modeling_qa,sage-event-path-db-v1
F1023_v90_D0117_P7__G28__ch4__nav_sage_v2__ingestion_20260825_event_path_v1__event_9,F1023_v90_D0117_P7__G28__ch4__nav_sage_v2__ingestion_20260825_event_path_v1,F1023_v90_D0117_P7__G28__ch4__nav_sage_v2,F1023_v90_D0117_P7,G28,4,9,59.2812135874878,3,2,1,1018119.9670078,-9420.13465087127,5,-6.87295082668952,5.20234681078637,0.870578784558634,1,confirmed_multipath,stage4-strict-confirmed-v1,scenes/F1023_v90_D0117_P7/sage_results/nav_sage_v2/G28/stage4_joint_summary.csv,8dce92b546bab3d4c45ac4423488ef243d9dd9c43b059d3da94376925c19b673,4,windows_unattended_F1023_v90_D0117_P7__G28_20260819T004818Z_055,pass,eligible_pending_modeling_qa,sage-event-path-db-v1
F1023_v90_D0117_P7__G28__ch4__nav_sage_v2__ingestion_20260825_event_path_v1__event_43,F1023_v90_D0117_P7__G28__ch4__nav_sage_v2__ingestion_20260825_event_path_v1,F1023_v90_D0117_P7__G28__ch4__nav_sage_v2,F1023_v90_D0117_P7,G28,4,43,59.9612149560117,3,1,0,1018138.91816218,-9556.42779063785,5,NaN,0,0,1,rejected_candidate,stage4-strict-confirmed-v1,scenes/F1023_v90_D0117_P7/sage_results/nav_sage_v2/G28/stage4_joint_summary.csv,8dce92b546bab3d4c45ac4423488ef243d9dd9c43b059d3da94376925c19b673,5,windows_unattended_F1023_v90_D0117_P7__G28_20260819T004818Z_055,pass,eligible_pending_modeling_qa,sage-event-path-db-v1
F1023_v90_D0117_P7__G28__ch4__nav_sage_v2__ingestion_20260825_event_path_v1__event_50,F1023_v90_D0117_P7__G28__ch4__nav_sage_v2__ingestion_20260825_event_path_v1,F1023_v90_D0117_P7__G28__ch4__nav_sage_v2,F1023_v90_D0117_P7,G28,4,50,60.1012152492669,2,1,0,1018230.68579925,-9372.02454162992,5,NaN,0,0,1,rejected_candidate,stage4-strict-confirmed-v1,scenes/F1023_v90_D0117_P7/sage_results/nav_sage_v2/G28/stage4_joint_summary.csv,8dce92b546bab3d4c45ac4423488ef243d9dd9c43b059d3da94376925c19b673,6,windows_unattended_F1023_v90_D0117_P7__G28_20260819T004818Z_055,pass,eligible_pending_modeling_qa,sage-event-path-db-v1
F1023_v90_D0117_P7__G28__ch4__nav_sage_v2__ingestion_20260825_event_path_v1__event_74,F1023_v90_D0117_P7__G28__ch4__nav_sage_v2__ingestion_20260825_event_path_v1,F1023_v90_D0117_P7__G28__ch4__nav_sage_v2,F1023_v90_D0117_P7,G28,4,74,60.581216226784,2,1,0,1018701.79898224,-8425.60378710865,5,NaN,0,0,1,rejected_candidate,stage4-strict-confirmed-v1,scenes/F1023_v90_D0117_P7/sage_results/nav_sage_v2/G28/stage4_joint_summary.csv,8dce92b546bab3d4c45ac4423488ef243d9dd9c43b059d3da94376925c19b673,7,windows_unattended_F1023_v90_D0117_P7__G28_20260819T004818Z_055,pass,eligible_pending_modeling_qa,sage-event-path-db-v1
F1023_v90_D0117_P7__G29__ch11__nav_sage_v2__ingestion_20260825_event_path_v1__event_199,F1023_v90_D0117_P7__G29__ch11__nav_sage_v2__ingestion_20260825_event_path_v1,F1023_v90_D0117_P7__G29__ch11__nav_sage_v2,F1023_v90_D0117_P7,G29,11,199,33.0784352883675,3,1,0,1018703.23736187,-8422.71489198789,5,NaN,0,0,1,rejected_candidate,stage4-strict-confirmed-v1,scenes/F1023_v90_D0117_P7/sage_results/nav_sage_v2/G29/stage4_joint_summary.csv,8389edeeb04f26b9725ae734f53673f3e86d0547819df02fa6a7518d05f0db00,2,windows_unattended_F1023_v90_D0117_P7__G29_20260819T004818Z_056,pass,eligible_pending_modeling_qa,sage-event-path-db-v1
F1023_v90_D0117_P7__G29__ch11__nav_sage_v2__ingestion_20260825_event_path_v1__event_1549,F1023_v90_D0117_P7__G29__ch11__nav_sage_v2__ingestion_20260825_event_path_v1,F1023_v90_D0117_P7__G29__ch11__nav_sage_v2,F1023_v90_D0117_P7,G29,11,1549,60.078495601173,3,1,0,1018018.5624108,-9798.30286164609,5,NaN,0,0,1,rejected_candidate,stage4-strict-confirmed-v1,scenes/F1023_v90_D0117_P7/sage_results/nav_sage_v2/G29/stage4_joint_summary.csv,8389edeeb04f26b9725ae734f53673f3e86d0547819df02fa6a7518d05f0db00,3,windows_unattended_F1023_v90_D0117_P7__G29_20260819T004818Z_056,pass,eligible_pending_modeling_qa,sage-event-path-db-v1
F1023_v90_D0117_P7__G29__ch11__nav_sage_v2__ingestion_20260825_event_path_v1__event_1551,F1023_v90_D0117_P7__G29__ch11__nav_sage_v2__ingestion_20260825_event_path_v1,F1023_v90_D0117_P7__G29__ch11__nav_sage_v2,F1023_v90_D0117_P7,G29,11,1551,60.1184956989247,3,1,0,1018328.08215739,-9176.32879049295,5,NaN,0,0,1,rejected_candidate,stage4-strict-confirmed-v1,scenes/F1023_v90_D0117_P7/sage_results/nav_sage_v2/G29/stage4_joint_summary.csv,8389edeeb04f26b9725ae734f53673f3e86d0547819df02fa6a7518d05f0db00,4,windows_unattended_F1023_v90_D0117_P7__G29_20260819T004818Z_056,pass,eligible_pending_modeling_qa,sage-event-path-db-v1
F1023_v90_D0117_P7__G29__ch11__nav_sage_v2__ingestion_20260825_event_path_v1__event_1581,F1023_v90_D0117_P7__G29__ch11__nav_sage_v2__ingestion_20260825_event_path_v1,F1023_v90_D0117_P7__G29__ch11__nav_sage_v2,F1023_v90_D0117_P7,G29,11,1581,60.7184970674487,3,1,0,1018356.70821078,-9118.81482907096,5,NaN,0,0,1,rejected_candidate,stage4-strict-confirmed-v1,scenes/F1023_v90_D0117_P7/sage_results/nav_sage_v2/G29/stage4_joint_summary.csv,8389edeeb04f26b9725ae734f53673f3e86d0547819df02fa6a7518d05f0db00,5,windows_unattended_F1023_v90_D0117_P7__G29_20260819T004818Z_056,pass,eligible_pending_modeling_qa,sage-event-path-db-v1
F1023_v90_D0117_P7__G29__ch11__nav_sage_v2__ingestion_20260825_event_path_v1__event_1518,F1023_v90_D0117_P7__G29__ch11__nav_sage_v2__ingestion_20260825_event_path_v1,F1023_v90_D0117_P7__G29__ch11__nav_sage_v2,F1023_v90_D0117_P7,G29,11,1518,59.4584942326491,2,1,0,1018142.63934276,-9548.94990974947,5,NaN,0,0,1,rejected_candidate,stage4-strict-confirmed-v1,scenes/F1023_v90_D0117_P7/sage_results/nav_sage_v2/G29/stage4_joint_summary.csv,8389edeeb04f26b9725ae734f53673f3e86d0547819df02fa6a7518d05f0db00,6,windows_unattended_F1023_v90_D0117_P7__G29_20260819T004818Z_056,pass,eligible_pending_modeling_qa,sage-event-path-db-v1
F1023_v90_D0117_P7__G29__ch11__nav_sage_v2__ingestion_20260825_event_path_v1__event_1555,F1023_v90_D0117_P7__G29__ch11__nav_sage_v2__ingestion_20260825_event_path_v1,F1023_v90_D0117_P7__G29__ch11__nav_sage_v2,F1023_v90_D0117_P7,G29,11,1555,60.1984958944282,2,1,0,1018678.19106867,-8473.0193810546,5,NaN,0,0,1,rejected_candidate,stage4-strict-confirmed-v1,scenes/F1023_v90_D0117_P7/sage_results/nav_sage_v2/G29/stage4_joint_summary.csv,8389edeeb04f26b9725ae734f53673f3e86d0547819df02fa6a7518d05f0db00,7,windows_unattended_F1023_v90_D0117_P7__G29_20260819T004818Z_056,pass,eligible_pending_modeling_qa,sage-event-path-db-v1
F1023_v90_D0117_P7__G32__ch5__nav_sage_v2__ingestion_20260825_event_path_v1__event_664,F1023_v90_D0117_P7__G32__ch5__nav_sage_v2__ingestion_20260825_event_path_v1,F1023_v90_D0117_P7__G32__ch5__nav_sage_v2,F1023_v90_D0117_P7,G32,5,664,42.3872861192571,3,1,0,1019472.75091307,-6877.77980334152,5,NaN,0,0,1,rejected_candidate,stage4-strict-confirmed-v1,scenes/F1023_v90_D0117_P7/sage_results/nav_sage_v2/G32/stage4_joint_summary.csv,060059c1077935fcb337d8f428dffaa22df15dbd66e257857f5d669875726b20,2,windows_unattended_F1023_v90_D0117_P7__G32_20260819T004818Z_057,pass,eligible_pending_modeling_qa,sage-event-path-db-v1
F1023_v90_D0117_P7__G32__ch5__nav_sage_v2__ingestion_20260825_event_path_v1__event_665,F1023_v90_D0117_P7__G32__ch5__nav_sage_v2__ingestion_20260825_event_path_v1,F1023_v90_D0117_P7__G32__ch5__nav_sage_v2,F1023_v90_D0117_P7,G32,5,665,42.4072862170088,3,1,0,1019541.11248684,-6740.58821039623,5,NaN,0,0,1,rejected_candidate,stage4-strict-confirmed-v1,scenes/F1023_v90_D0117_P7/sage_results/nav_sage_v2/G32/stage4_joint_summary.csv,060059c1077935fcb337d8f428dffaa22df15dbd66e257857f5d669875726b20,3,windows_unattended_F1023_v90_D0117_P7__G32_20260819T004818Z_057,pass,eligible_pending_modeling_qa,sage-event-path-db-v1
F1023_v90_D0117_P7__G32__ch5__nav_sage_v2__ingestion_20260825_event_path_v1__event_666,F1023_v90_D0117_P7__G32__ch5__nav_sage_v2__ingestion_20260825_event_path_v1,F1023_v90_D0117_P7__G32__ch5__nav_sage_v2,F1023_v90_D0117_P7,G32,5,666,42.4272863147605,3,1,0,1019448.69439118,-6926.0598819226,5,NaN,0,0,1,rejected_candidate,stage4-strict-confirmed-v1,scenes/F1023_v90_D0117_P7/sage_results/nav_sage_v2/G32/stage4_joint_summary.csv,060059c1077935fcb337d8f428dffaa22df15dbd66e257857f5d669875726b20,4,windows_unattended_F1023_v90_D0117_P7__G32_20260819T004818Z_057,pass,eligible_pending_modeling_qa,sage-event-path-db-v1
F1023_v90_D0117_P7__G32__ch5__nav_sage_v2__ingestion_20260825_event_path_v1__event_150,F1023_v90_D0117_P7__G32__ch5__nav_sage_v2__ingestion_20260825_event_path_v1,F1023_v90_D0117_P7__G32__ch5__nav_sage_v2,F1023_v90_D0117_P7,G32,5,150,32.1072363636364,2,2,1,1019936.67981794,-5772.54673928418,5,0.036341332758025,8.18217176609323,0.835430349255492,1,confirmed_multipath,stage4-strict-confirmed-v1,scenes/F1023_v90_D0117_P7/sage_results/nav_sage_v2/G32/stage4_joint_summary.csv,060059c1077935fcb337d8f428dffaa22df15dbd66e257857f5d669875726b20,5,windows_unattended_F1023_v90_D0117_P7__G32_20260819T004818Z_057,pass,eligible_pending_modeling_qa,sage-event-path-db-v1
F1023_v90_D0117_P7__G32__ch5__nav_sage_v2__ingestion_20260825_event_path_v1__event_148,F1023_v90_D0117_P7__G32__ch5__nav_sage_v2__ingestion_20260825_event_path_v1,F1023_v90_D0117_P7__G32__ch5__nav_sage_v2,F1023_v90_D0117_P7,G32,5,148,32.0672362658847,2,2,1,1019712.96246847,-6221.37450790815,5,-3.72939563502487,7.76908860873755,0.839122694172722,1,confirmed_multipath,stage4-strict-confirmed-v1,scenes/F1023_v90_D0117_P7/sage_results/nav_sage_v2/G32/stage4_joint_summary.csv,060059c1077935fcb337d8f428dffaa22df15dbd66e257857f5d669875726b20,6,windows_unattended_F1023_v90_D0117_P7__G32_20260819T004818Z_057,pass,eligible_pending_modeling_qa,sage-event-path-db-v1
F1023_v90_D0117_P7__G32__ch5__nav_sage_v2__ingestion_20260825_event_path_v1__event_149,F1023_v90_D0117_P7__G32__ch5__nav_sage_v2__ingestion_20260825_event_path_v1,F1023_v90_D0117_P7__G32__ch5__nav_sage_v2,F1023_v90_D0117_P7,G32,5,149,32.0872362658847,2,2,1,1019785.81259144,-6075.20981931913,5,-2.3688382608422,2.97563018741585,0.868318930432506,1,confirmed_multipath,stage4-strict-confirmed-v1,scenes/F1023_v90_D0117_P7/sage_results/nav_sage_v2/G32/stage4_joint_summary.csv,060059c1077935fcb337d8f428dffaa22df15dbd66e257857f5d669875726b20,7,windows_unattended_F1023_v90_D0117_P7__G32_20260819T004818Z_057,pass,eligible_pending_modeling_qa,sage-event-path-db-v1
F1023_v90_D0117_P7__G32__ch5__nav_sage_v2__ingestion_20260825_event_path_v1__event_1542,F1023_v90_D0117_P7__G32__ch5__nav_sage_v2__ingestion_20260825_event_path_v1,F1023_v90_D0117_P7__G32__ch5__nav_sage_v2,F1023_v90_D0117_P7,G32,5,1542,59.9473713587488,2,1,0,1020857.1555088,-4101.27564228848,5,NaN,0,0,1,rejected_candidate,stage4-strict-confirmed-v1,scenes/F1023_v90_D0117_P7/sage_results/nav_sage_v2/G32/stage4_joint_summary.csv,060059c1077935fcb337d8f428dffaa22df15dbd66e257857f5d669875726b20,8,windows_unattended_F1023_v90_D0117_P7__G32_20260819T004818Z_057,pass,eligible_pending_modeling_qa,sage-event-path-db-v1
F1023_v90_D0117_P7__G32__ch5__nav_sage_v2__ingestion_20260825_event_path_v1__event_1543,F1023_v90_D0117_P7__G32__ch5__nav_sage_v2__ingestion_20260825_event_path_v1,F1023_v90_D0117_P7__G32__ch5__nav_sage_v2,F1023_v90_D0117_P7,G32,5,1543,59.9673714565005,2,2,1,1020931.80827413,-3777.28541342348,5,1.37990260508056,1.59998155961966,0.859984855358722,1,confirmed_multipath,stage4-strict-confirmed-v1,scenes/F1023_v90_D0117_P7/sage_results/nav_sage_v2/G32/stage4_joint_summary.csv,060059c1077935fcb337d8f428dffaa22df15dbd66e257857f5d669875726b20,9,windows_unattended_F1023_v90_D0117_P7__G32_20260819T004818Z_057,pass,eligible_pending_modeling_qa,sage-event-path-db-v1
F1023_V70_D0117_P2__G06__ch4__G06_nav_sage_v1__ingestion_20260825_event_path_v1__event_203,F1023_V70_D0117_P2__G06__ch4__G06_nav_sage_v1__ingestion_20260825_event_path_v1,F1023_V70_D0117_P2__G06__ch4__G06_nav_sage_v1,F1023_V70_D0117_P2,G06,4,203,41.8614130009775,2,4,3,1020773.58931968,-3745.63539733689,5,6.90251779249983,199.664302095285,0.332663568587033,1,confirmed_multipath,stage4-strict-confirmed-v1,scenes/F1023_V70_D0117_P2/sage_results/G06_nav_sage_v1/stage4_joint_summary.csv,f926df98547ffa4659b0503cf8edb13903d19cdc28f9128b60365993cce6eaf5,2,,pass,excluded_legacy_context_missing,sage-event-path-db-v1
F1023_V70_D0117_P2__G06__ch4__G06_nav_sage_v1__ingestion_20260825_event_path_v1__event_264,F1023_V70_D0117_P2__G06__ch4__G06_nav_sage_v1__ingestion_20260825_event_path_v1,F1023_V70_D0117_P2__G06__ch4__G06_nav_sage_v1,F1023_V70_D0117_P2,G06,4,264,43.0814179863148,2,2,1,1018162.52823919,-9334.6059684334,5,22.0595478928251,159.664302095285,0.0345984052988583,1,confirmed_multipath,stage4-strict-confirmed-v1,scenes/F1023_V70_D0117_P2/sage_results/G06_nav_sage_v1/stage4_joint_summary.csv,f926df98547ffa4659b0503cf8edb13903d19cdc28f9128b60365993cce6eaf5,3,,pass,excluded_legacy_context_missing,sage-event-path-db-v1
F1023_V70_D0117_P2__G11__ch5__nav_sage_v2__ingestion_20260825_event_path_v1__event_641,F1023_V70_D0117_P2__G11__ch5__nav_sage_v2__ingestion_20260825_event_path_v1,F1023_V70_D0117_P2__G11__ch5__nav_sage_v2,F1023_V70_D0117_P2,G11,5,641,50.6187615835777,3,1,0,1016594.59996441,-12662.1668087411,5,NaN,0,0,1,rejected_candidate,stage4-strict-confirmed-v1,scenes/F1023_V70_D0117_P2/sage_results/nav_sage_v2/G11/stage4_joint_summary.csv,1c33150b7b4bc08e92fe2995fb64c1c72c4346c1935afcbc63cc357564f4f9b7,2,,pass,eligible_pending_modeling_qa,sage-event-path-db-v1
F1023_V70_D0117_P2__G11__ch5__nav_sage_v2__ingestion_20260825_event_path_v1__event_642,F1023_V70_D0117_P2__G11__ch5__nav_sage_v2__ingestion_20260825_event_path_v1,F1023_V70_D0117_P2__G11__ch5__nav_sage_v2,F1023_V70_D0117_P2,G11,5,642,50.6387615835777,3,1,0,1016521.0860424,-12810.1264015283,5,NaN,0,0,1,rejected_candidate,stage4-strict-confirmed-v1,scenes/F1023_V70_D0117_P2/sage_results/nav_sage_v2/G11/stage4_joint_summary.csv,1c33150b7b4bc08e92fe2995fb64c1c72c4346c1935afcbc63cc357564f4f9b7,3,,pass,eligible_pending_modeling_qa,sage-event-path-db-v1
F1023_V70_D0117_P2__G11__ch5__nav_sage_v2__ingestion_20260825_event_path_v1__event_317,F1023_V70_D0117_P2__G11__ch5__nav_sage_v2__ingestion_20260825_event_path_v1,F1023_V70_D0117_P2__G11__ch5__nav_sage_v2,F1023_V70_D0117_P2,G11,5,317,44.1387458455523,3,1,0,1015946.44237709,-13967.0658892298,5,NaN,0,0,1,rejected_candidate,stage4-strict-confirmed-v1,scenes/F1023_V70_D0117_P2/sage_results/nav_sage_v2/G11/stage4_joint_summary.csv,1c33150b7b4bc08e92fe2995fb64c1c72c4346c1935afcbc63cc357564f4f9b7,4,,pass,eligible_pending_modeling_qa,sage-event-path-db-v1
F1023_V70_D0117_P2__G11__ch5__nav_sage_v2__ingestion_20260825_event_path_v1__event_640,F1023_V70_D0117_P2__G11__ch5__nav_sage_v2__ingestion_20260825_event_path_v1,F1023_V70_D0117_P2__G11__ch5__nav_sage_v2,F1023_V70_D0117_P2,G11,5,640,50.598761485826,3,2,1,1016473.18978412,-12732.1549672159,5,-7.40707303905307,10.0131071441147,0.828953909618323,1,confirmed_multipath,stage4-strict-confirmed-v1,scenes/F1023_V70_D0117_P2/sage_results/nav_sage_v2/G11/stage4_joint_summary.csv,1c33150b7b4bc08e92fe2995fb64c1c72c4346c1935afcbc63cc357564f4f9b7,5,,pass,eligible_pending_modeling_qa,sage-event-path-db-v1
F1023_V70_D0117_P2__G11__ch5__nav_sage_v2__ingestion_20260825_event_path_v1__event_643,F1023_V70_D0117_P2__G11__ch5__nav_sage_v2__ingestion_20260825_event_path_v1,F1023_V70_D0117_P2__G11__ch5__nav_sage_v2,F1023_V70_D0117_P2,G11,5,643,50.6587616813294,3,1,0,1016765.06878386,-12319.1097384403,5,NaN,0,0,1,rejected_candidate,stage4-strict-confirmed-v1,scenes/F1023_V70_D0117_P2/sage_results/nav_sage_v2/G11/stage4_joint_summary.csv,1c33150b7b4bc08e92fe2995fb64c1c72c4346c1935afcbc63cc357564f4f9b7,6,,pass,eligible_pending_modeling_qa,sage-event-path-db-v1
F1023_V70_D0117_P2__G11__ch5__nav_sage_v2__ingestion_20260825_event_path_v1__event_730,F1023_V70_D0117_P2__G11__ch5__nav_sage_v2__ingestion_20260825_event_path_v1,F1023_V70_D0117_P2__G11__ch5__nav_sage_v2,F1023_V70_D0117_P2,G11,5,730,52.398765884653,3,1,0,1017323.25836132,-11196.1930106731,5,NaN,0,0,1,rejected_candidate,stage4-strict-confirmed-v1,scenes/F1023_V70_D0117_P2/sage_results/nav_sage_v2/G11/stage4_joint_summary.csv,1c33150b7b4bc08e92fe2995fb64c1c72c4346c1935afcbc63cc357564f4f9b7,7,,pass,eligible_pending_modeling_qa,sage-event-path-db-v1
F1023_V70_D0117_P2__G11__ch5__nav_sage_v2__ingestion_20260825_event_path_v1__event_769,F1023_V70_D0117_P2__G11__ch5__nav_sage_v2__ingestion_20260825_event_path_v1,F1023_V70_D0117_P2__G11__ch5__nav_sage_v2,F1023_V70_D0117_P2,G11,5,769,53.1787677419355,2,1,0,1016569.44922729,-12712.7858506969,5,NaN,0,0,1,rejected_candidate,stage4-strict-confirmed-v1,scenes/F1023_V70_D0117_P2/sage_results/nav_sage_v2/G11/stage4_joint_summary.csv,1c33150b7b4bc08e92fe2995fb64c1c72c4346c1935afcbc63cc357564f4f9b7,8,,pass,eligible_pending_modeling_qa,sage-event-path-db-v1
F1023_V70_D0117_P2__G12__ch6__nav_sage_v2__ingestion_20260825_event_path_v1__event_972,F1023_V70_D0117_P2__G12__ch6__nav_sage_v2__ingestion_20260825_event_path_v1,F1023_V70_D0117_P2__G12__ch6__nav_sage_v2,F1023_V70_D0117_P2,G12,6,972,57.2317813294233,4,1,0,1010054.35076346,-25867.6075568831,5,NaN,0,0,1,rejected_candidate,stage4-strict-confirmed-v1,scenes/F1023_V70_D0117_P2/sage_results/nav_sage_v2/G12/stage4_joint_summary.csv,17b752cc57996a922d1aae96252d6d7d07ffb7c1f95d071a51f5485e8a79dc21,2,,pass,eligible_pending_modeling_qa,sage-event-path-db-v1
F1023_V70_D0117_P2__G12__ch6__nav_sage_v2__ingestion_20260825_event_path_v1__event_970,F1023_V70_D0117_P2__G12__ch6__nav_sage_v2__ingestion_20260825_event_path_v1,F1023_V70_D0117_P2__G12__ch6__nav_sage_v2,F1023_V70_D0117_P2,G12,6,970,57.1917811339198,4,2,1,1009530.8538551,-26753.9185948234,5,-15.9205381372127,24.4273194846846,0.57707296631149,1,confirmed_multipath,stage4-strict-confirmed-v1,scenes/F1023_V70_D0117_P2/sage_results/nav_sage_v2/G12/stage4_joint_summary.csv,17b752cc57996a922d1aae96252d6d7d07ffb7c1f95d071a51f5485e8a79dc21,3,,pass,eligible_pending_modeling_qa,sage-event-path-db-v1
F1023_V70_D0117_P2__G12__ch6__nav_sage_v2__ingestion_20260825_event_path_v1__event_971,F1023_V70_D0117_P2__G12__ch6__nav_sage_v2__ingestion_20260825_event_path_v1,F1023_V70_D0117_P2__G12__ch6__nav_sage_v2,F1023_V70_D0117_P2,G12,6,971,57.2117812316716,4,2,1,1009667.40460121,-26477.1921012301,5,-5.11357332637876,0.599714753362605,0.886065263763938,1,confirmed_multipath,stage4-strict-confirmed-v1,scenes/F1023_V70_D0117_P2/sage_results/nav_sage_v2/G12/stage4_joint_summary.csv,17b752cc57996a922d1aae96252d6d7d07ffb7c1f95d071a51f5485e8a79dc21,4,,pass,eligible_pending_modeling_qa,sage-event-path-db-v1
F1023_V70_D0117_P2__G12__ch6__nav_sage_v2__ingestion_20260825_event_path_v1__event_651,F1023_V70_D0117_P2__G12__ch6__nav_sage_v2__ingestion_20260825_event_path_v1,F1023_V70_D0117_P2__G12__ch6__nav_sage_v2,F1023_V70_D0117_P2,G12,6,651,50.811752688172,3,1,0,1009989.02321429,-25999.9415130457,5,NaN,0,0,1,rejected_candidate,stage4-strict-confirmed-v1,scenes/F1023_V70_D0117_P2/sage_results/nav_sage_v2/G12/stage4_joint_summary.csv,17b752cc57996a922d1aae96252d6d7d07ffb7c1f95d071a51f5485e8a79dc21,5,,pass,eligible_pending_modeling_qa,sage-event-path-db-v1
F1023_V70_D0117_P2__G28__ch1__nav_sage_v2__ingestion_20260825_event_path_v1__event_693,F1023_V70_D0117_P2__G28__ch1__nav_sage_v2__ingestion_20260825_event_path_v1,F1023_V70_D0117_P2__G28__ch1__nav_sage_v2,F1023_V70_D0117_P2,G28,1,693,51.6590780058651,3,1,0,1017035.49844792,-11775.0061475226,5,NaN,0,0,1,rejected_candidate,stage4-strict-confirmed-v1,scenes/F1023_V70_D0117_P2/sage_results/nav_sage_v2/G28/stage4_joint_summary.csv,b7528ce96649915c41c7b03e9e050a05338b1edffadfc518c6765e2ebb606706,2,,pass,eligible_pending_modeling_qa,sage-event-path-db-v1
F1023_V70_D0117_P2__G28__ch1__nav_sage_v2__ingestion_20260825_event_path_v1__event_298,F1023_V70_D0117_P2__G28__ch1__nav_sage_v2__ingestion_20260825_event_path_v1,F1023_V70_D0117_P2__G28__ch1__nav_sage_v2,F1023_V70_D0117_P2,G28,1,298,43.7590673509286,2,1,0,1020937.33305768,-3940.59025890231,5,NaN,0,0,1,rejected_candidate,stage4-strict-confirmed-v1,scenes/F1023_V70_D0117_P2/sage_results/nav_sage_v2/G28/stage4_joint_summary.csv,b7528ce96649915c41c7b03e9e050a05338b1edffadfc518c6765e2ebb606706,3,,pass,eligible_pending_modeling_qa,sage-event-path-db-v1
F1023_V70_D0117_P2__G29__ch7__nav_sage_v2__ingestion_20260825_event_path_v1__event_80,F1023_V70_D0117_P2__G29__ch7__nav_sage_v2__ingestion_20260825_event_path_v1,F1023_V70_D0117_P2__G29__ch7__nav_sage_v2,F1023_V70_D0117_P2,G29,7,80,39.3959774193548,2,2,1,1013154.25485923,-19423.5770081879,5,-3.15175805378153,5.33569790471529,0.869766075861875,1,confirmed_multipath,stage4-strict-confirmed-v1,scenes/F1023_V70_D0117_P2/sage_results/nav_sage_v2/G29/stage4_joint_summary.csv,9ea22ccc83715b03b3266c024adb25cc0b3f01ef6a1afe76c3e4986905d16929,2,,pass,eligible_pending_modeling_qa,sage-event-path-db-v1
F1023_V70_D0117_P2__G32__ch11__nav_sage_v2__ingestion_20260825_event_path_v1__event_83,F1023_V70_D0117_P2__G32__ch11__nav_sage_v2__ingestion_20260825_event_path_v1,F1023_V70_D0117_P2__G32__ch11__nav_sage_v2,F1023_V70_D0117_P2,G32,11,83,39.456988856305,4,1,0,1009242.90763737,-27511.9545874432,5,NaN,0,0,1,rejected_candidate,stage4-strict-confirmed-v1,scenes/F1023_V70_D0117_P2/sage_results/nav_sage_v2/G32/stage4_joint_summary.csv,15c4044b4739cf7967329a4ecdfe7a817974199051f01bf203cec49439887c98,2,,pass,eligible_pending_modeling_qa,sage-event-path-db-v1
F1023_V70_D0117_P2__G32__ch11__nav_sage_v2__ingestion_20260825_event_path_v1__event_82,F1023_V70_D0117_P2__G32__ch11__nav_sage_v2__ingestion_20260825_event_path_v1,F1023_V70_D0117_P2__G32__ch11__nav_sage_v2,F1023_V70_D0117_P2,G32,11,82,39.4369887585533,4,3,2,1008931.27520162,-27795.0592692713,5,-19.5141130728681,65.3356979047148,0.677379903430233,1,confirmed_multipath,stage4-strict-confirmed-v1,scenes/F1023_V70_D0117_P2/sage_results/nav_sage_v2/G32/stage4_joint_summary.csv,15c4044b4739cf7967329a4ecdfe7a817974199051f01bf203cec49439887c98,3,,pass,eligible_pending_modeling_qa,sage-event-path-db-v1
F1023_V70_D0117_P2__G32__ch11__nav_sage_v2__ingestion_20260825_event_path_v1__event_84,F1023_V70_D0117_P2__G32__ch11__nav_sage_v2__ingestion_20260825_event_path_v1,F1023_V70_D0117_P2__G32__ch11__nav_sage_v2,F1023_V70_D0117_P2,G32,11,84,39.4769889540567,4,2,1,1008689.88069961,-28459.0157095744,5,-8.83634983938613,14.6643020952852,0.766090552367406,1,confirmed_multipath,stage4-strict-confirmed-v1,scenes/F1023_V70_D0117_P2/sage_results/nav_sage_v2/G32/stage4_joint_summary.csv,15c4044b4739cf7967329a4ecdfe7a817974199051f01bf203cec49439887c98,4,,pass,eligible_pending_modeling_qa,sage-event-path-db-v1
F1023_V70_D0117_P2__G32__ch11__nav_sage_v2__ingestion_20260825_event_path_v1__event_143,F1023_V70_D0117_P2__G32__ch11__nav_sage_v2__ingestion_20260825_event_path_v1,F1023_V70_D0117_P2__G32__ch11__nav_sage_v2,F1023_V70_D0117_P2,G32,11,143,40.6569936461388,4,1,0,1010316.53330578,-25336.5907135441,5,NaN,0,0,1,rejected_candidate,stage4-strict-confirmed-v1,scenes/F1023_V70_D0117_P2/sage_results/nav_sage_v2/G32/stage4_joint_summary.csv,15c4044b4739cf7967329a4ecdfe7a817974199051f01bf203cec49439887c98,5,,pass,eligible_pending_modeling_qa,sage-event-path-db-v1
F1023_V70_D0117_P2__G32__ch11__nav_sage_v2__ingestion_20260825_event_path_v1__event_144,F1023_V70_D0117_P2__G32__ch11__nav_sage_v2__ingestion_20260825_event_path_v1,F1023_V70_D0117_P2__G32__ch11__nav_sage_v2,F1023_V70_D0117_P2,G32,11,144,40.6769937438905,4,1,0,1010660.03717908,-24641.0765331223,5,NaN,0,0,1,rejected_candidate,stage4-strict-confirmed-v1,scenes/F1023_V70_D0117_P2/sage_results/nav_sage_v2/G32/stage4_joint_summary.csv,15c4044b4739cf7967329a4ecdfe7a817974199051f01bf203cec49439887c98,6,,pass,eligible_pending_modeling_qa,sage-event-path-db-v1
F1023_V70_D0117_P2__G32__ch11__nav_sage_v2__ingestion_20260825_event_path_v1__event_145,F1023_V70_D0117_P2__G32__ch11__nav_sage_v2__ingestion_20260825_event_path_v1,F1023_V70_D0117_P2__G32__ch11__nav_sage_v2,F1023_V70_D0117_P2,G32,11,145,40.6969937438905,4,1,0,1010462.92460575,-25040.1540102916,5,NaN,0,0,1,rejected_candidate,stage4-strict-confirmed-v1,scenes/F1023_V70_D0117_P2/sage_results/nav_sage_v2/G32/stage4_joint_summary.csv,15c4044b4739cf7967329a4ecdfe7a817974199051f01bf203cec49439887c98,7,,pass,eligible_pending_modeling_qa,sage-event-path-db-v1
F1023_V70_D0117_P2__G32__ch11__nav_sage_v2__ingestion_20260825_event_path_v1__event_759,F1023_V70_D0117_P2__G32__ch11__nav_sage_v2__ingestion_20260825_event_path_v1,F1023_V70_D0117_P2__G32__ch11__nav_sage_v2,F1023_V70_D0117_P2,G32,11,759,52.977042228739,4,1,0,1010020.644448,-25935.8853402246,5,NaN,0,0,1,rejected_candidate,stage4-strict-confirmed-v1,scenes/F1023_V70_D0117_P2/sage_results/nav_sage_v2/G32/stage4_joint_summary.csv,15c4044b4739cf7967329a4ecdfe7a817974199051f01bf203cec49439887c98,8,,pass,eligible_pending_modeling_qa,sage-event-path-db-v1
F1023_V70_D0117_P2__G32__ch11__nav_sage_v2__ingestion_20260825_event_path_v1__event_760,F1023_V70_D0117_P2__G32__ch11__nav_sage_v2__ingestion_20260825_event_path_v1,F1023_V70_D0117_P2__G32__ch11__nav_sage_v2,F1023_V70_D0117_P2,G32,11,760,52.9970423264907,4,1,0,1010347.0728901,-25274.74569459,5,NaN,0,0,1,rejected_candidate,stage4-strict-confirmed-v1,scenes/F1023_V70_D0117_P2/sage_results/nav_sage_v2/G32/stage4_joint_summary.csv,15c4044b4739cf7967329a4ecdfe7a817974199051f01bf203cec49439887c98,9,,pass,eligible_pending_modeling_qa,sage-event-path-db-v1
