event_path_id,event_id,run_id,scene_id,prn,tracking_channel,center_window_id,path_id,estimate_stage,path_role,is_multipath,delay_samples,excess_delay_samples,excess_delay_chips,excess_delay_s,derived_excess_path_length_m,doppler_hz,doppler_offset_hz,relative_power_db,source_power_field,amplitude,phase_rad,coherence,label_value,label_rule_version,source_file,source_file_sha256,source_row_number,modeling_eligibility,missing_reason,schema_version
F1023_v50_D0127_P1__G31__ch5__nav_sage_v2__ingestion_20260825_event_path_v1__event_964__path_1,F1023_v50_D0127_P1__G31__ch5__nav_sage_v2__ingestion_20260825_event_path_v1__event_964,F1023_v50_D0127_P1__G31__ch5__nav_sage_v2__ingestion_20260825_event_path_v1,F1023_v50_D0127_P1,G31,5,964,1,stage4_joint,los,0,0.4,0,0,,,-3025.5888671875,0,0,mean_relative_power_db,,,,rejected_candidate,stage4-strict-confirmed-v1,scenes/F1023_v50_D0127_P1/sage_results/nav_sage_v2/G31/stage4_joint_paths.csv,cc9f3534cd4552a6e60e2449769de8840bef96bcd0468987a241a547038559e6,2,eligible_pending_modeling_qa,stage4_source_has_no_path_amplitude_phase_coherence,sage-event-path-db-v1
F1023_v50_D0127_P1__G31__ch5__nav_sage_v2__ingestion_20260825_event_path_v1__event_327__path_1,F1023_v50_D0127_P1__G31__ch5__nav_sage_v2__ingestion_20260825_event_path_v1__event_327,F1023_v50_D0127_P1__G31__ch5__nav_sage_v2__ingestion_20260825_event_path_v1,F1023_v50_D0127_P1,G31,5,327,1,stage4_joint,los,0,0.4,0,0,,,-3024.01635742188,0,0,mean_relative_power_db,,,,rejected_candidate,stage4-strict-confirmed-v1,scenes/F1023_v50_D0127_P1/sage_results/nav_sage_v2/G31/stage4_joint_paths.csv,cc9f3534cd4552a6e60e2449769de8840bef96bcd0468987a241a547038559e6,3,eligible_pending_modeling_qa,stage4_source_has_no_path_amplitude_phase_coherence,sage-event-path-db-v1
F1023_v50_D0127_P1__G31__ch5__nav_sage_v2__ingestion_20260825_event_path_v1__event_329__path_1,F1023_v50_D0127_P1__G31__ch5__nav_sage_v2__ingestion_20260825_event_path_v1__event_329,F1023_v50_D0127_P1__G31__ch5__nav_sage_v2__ingestion_20260825_event_path_v1,F1023_v50_D0127_P1,G31,5,329,1,stage4_joint,los,0,0.2,0,0,,,-3025.85620117188,0,0,mean_relative_power_db,,,,rejected_candidate,stage4-strict-confirmed-v1,scenes/F1023_v50_D0127_P1/sage_results/nav_sage_v2/G31/stage4_joint_paths.csv,cc9f3534cd4552a6e60e2449769de8840bef96bcd0468987a241a547038559e6,4,eligible_pending_modeling_qa,stage4_source_has_no_path_amplitude_phase_coherence,sage-event-path-db-v1
F1023_v50_D0127_P1__G31__ch5__nav_sage_v2__ingestion_20260825_event_path_v1__event_994__path_1,F1023_v50_D0127_P1__G31__ch5__nav_sage_v2__ingestion_20260825_event_path_v1__event_994,F1023_v50_D0127_P1__G31__ch5__nav_sage_v2__ingestion_20260825_event_path_v1,F1023_v50_D0127_P1,G31,5,994,1,stage4_joint,los,0,0,0,0,,,-3027.19287109375,0,0,mean_relative_power_db,,,,rejected_candidate,stage4-strict-confirmed-v1,scenes/F1023_v50_D0127_P1/sage_results/nav_sage_v2/G31/stage4_joint_paths.csv,cc9f3534cd4552a6e60e2449769de8840bef96bcd0468987a241a547038559e6,5,eligible_pending_modeling_qa,stage4_source_has_no_path_amplitude_phase_coherence,sage-event-path-db-v1
F1023_v50_D0127_P1__G31__ch5__nav_sage_v2__ingestion_20260825_event_path_v1__event_1077__path_1,F1023_v50_D0127_P1__G31__ch5__nav_sage_v2__ingestion_20260825_event_path_v1__event_1077,F1023_v50_D0127_P1__G31__ch5__nav_sage_v2__ingestion_20260825_event_path_v1,F1023_v50_D0127_P1,G31,5,1077,1,stage4_joint,los,0,1.11022302462516e-16,0,0,,,-3025.54272460938,0,0,mean_relative_power_db,,,,rejected_candidate,stage4-strict-confirmed-v1,scenes/F1023_v50_D0127_P1/sage_results/nav_sage_v2/G31/stage4_joint_paths.csv,cc9f3534cd4552a6e60e2449769de8840bef96bcd0468987a241a547038559e6,6,eligible_pending_modeling_qa,stage4_source_has_no_path_amplitude_phase_coherence,sage-event-path-db-v1
F1023_v50_D0127_P1__G31__ch5__nav_sage_v2__ingestion_20260825_event_path_v1__event_1078__path_1,F1023_v50_D0127_P1__G31__ch5__nav_sage_v2__ingestion_20260825_event_path_v1__event_1078,F1023_v50_D0127_P1__G31__ch5__nav_sage_v2__ingestion_20260825_event_path_v1,F1023_v50_D0127_P1,G31,5,1078,1,stage4_joint,los,0,0.100000000000001,0,0,,,-3024.30151367188,0,0,mean_relative_power_db,,,,rejected_candidate,stage4-strict-confirmed-v1,scenes/F1023_v50_D0127_P1/sage_results/nav_sage_v2/G31/stage4_joint_paths.csv,cc9f3534cd4552a6e60e2449769de8840bef96bcd0468987a241a547038559e6,7,eligible_pending_modeling_qa,stage4_source_has_no_path_amplitude_phase_coherence,sage-event-path-db-v1
F1023_v50_D0127_P1__G31__ch5__nav_sage_v2__ingestion_20260825_event_path_v1__event_1186__path_1,F1023_v50_D0127_P1__G31__ch5__nav_sage_v2__ingestion_20260825_event_path_v1__event_1186,F1023_v50_D0127_P1__G31__ch5__nav_sage_v2__ingestion_20260825_event_path_v1,F1023_v50_D0127_P1,G31,5,1186,1,stage4_joint,los,0,0.7,0,0,,,-3030.39721679688,0,0,mean_relative_power_db,,,,rejected_candidate,stage4-strict-confirmed-v1,scenes/F1023_v50_D0127_P1/sage_results/nav_sage_v2/G31/stage4_joint_paths.csv,cc9f3534cd4552a6e60e2449769de8840bef96bcd0468987a241a547038559e6,8,eligible_pending_modeling_qa,stage4_source_has_no_path_amplitude_phase_coherence,sage-event-path-db-v1
F1023_v50_D0127_P1__G31__ch5__nav_sage_v2__ingestion_20260825_event_path_v1__event_1187__path_1,F1023_v50_D0127_P1__G31__ch5__nav_sage_v2__ingestion_20260825_event_path_v1__event_1187,F1023_v50_D0127_P1__G31__ch5__nav_sage_v2__ingestion_20260825_event_path_v1,F1023_v50_D0127_P1,G31,5,1187,1,stage4_joint,los,0,0.7,0,0,,,-3031.07202148438,0,0,mean_relative_power_db,,,,rejected_candidate,stage4-strict-confirmed-v1,scenes/F1023_v50_D0127_P1/sage_results/nav_sage_v2/G31/stage4_joint_paths.csv,cc9f3534cd4552a6e60e2449769de8840bef96bcd0468987a241a547038559e6,9,eligible_pending_modeling_qa,stage4_source_has_no_path_amplitude_phase_coherence,sage-event-path-db-v1
F1023_V70_D0117_P4__G25__ch7__nav_sage_v2__ingestion_20260825_event_path_v1__event_348__path_1,F1023_V70_D0117_P4__G25__ch7__nav_sage_v2__ingestion_20260825_event_path_v1__event_348,F1023_V70_D0117_P4__G25__ch7__nav_sage_v2__ingestion_20260825_event_path_v1,F1023_V70_D0117_P4,G25,7,348,1,stage4_joint,los,0,0.3,0,0,,,-5206.8583984375,0,0,mean_relative_power_db,,,,rejected_candidate,stage4-strict-confirmed-v1,scenes/F1023_V70_D0117_P4/sage_results/nav_sage_v2/G25/stage4_joint_paths.csv,32da94c676a5edd60b503d517c002ddd46316396d9f0221a6848f0c68070458d,2,eligible_pending_modeling_qa,stage4_source_has_no_path_amplitude_phase_coherence,sage-event-path-db-v1
F1023_V70_D0117_P4__G25__ch7__nav_sage_v2__ingestion_20260825_event_path_v1__event_349__path_1,F1023_V70_D0117_P4__G25__ch7__nav_sage_v2__ingestion_20260825_event_path_v1__event_349,F1023_V70_D0117_P4__G25__ch7__nav_sage_v2__ingestion_20260825_event_path_v1,F1023_V70_D0117_P4,G25,7,349,1,stage4_joint,los,0,0.3,0,0,,,-5204.638671875,0,0,mean_relative_power_db,,,,rejected_candidate,stage4-strict-confirmed-v1,scenes/F1023_V70_D0117_P4/sage_results/nav_sage_v2/G25/stage4_joint_paths.csv,32da94c676a5edd60b503d517c002ddd46316396d9f0221a6848f0c68070458d,3,eligible_pending_modeling_qa,stage4_source_has_no_path_amplitude_phase_coherence,sage-event-path-db-v1
F1023_V70_D0117_P4__G25__ch7__nav_sage_v2__ingestion_20260825_event_path_v1__event_347__path_1,F1023_V70_D0117_P4__G25__ch7__nav_sage_v2__ingestion_20260825_event_path_v1__event_347,F1023_V70_D0117_P4__G25__ch7__nav_sage_v2__ingestion_20260825_event_path_v1,F1023_V70_D0117_P4,G25,7,347,1,stage4_joint,los,0,2.22044604925031e-16,0,0,,,-5204.91064453125,0,0,mean_relative_power_db,,,,confirmed_multipath,stage4-strict-confirmed-v1,scenes/F1023_V70_D0117_P4/sage_results/nav_sage_v2/G25/stage4_joint_paths.csv,32da94c676a5edd60b503d517c002ddd46316396d9f0221a6848f0c68070458d,4,eligible_pending_modeling_qa,stage4_source_has_no_path_amplitude_phase_coherence,sage-event-path-db-v1
F1023_V70_D0117_P4__G25__ch7__nav_sage_v2__ingestion_20260825_event_path_v1__event_347__path_2,F1023_V70_D0117_P4__G25__ch7__nav_sage_v2__ingestion_20260825_event_path_v1__event_347,F1023_V70_D0117_P4__G25__ch7__nav_sage_v2__ingestion_20260825_event_path_v1,F1023_V70_D0117_P4,G25,7,347,2,stage4_joint,multipath,1,1.2,1.2,0.12,,,-5209.41456805439,-4.50392352314157,-8.64239900343813,mean_relative_power_db,,,,confirmed_multipath,stage4-strict-confirmed-v1,scenes/F1023_V70_D0117_P4/sage_results/nav_sage_v2/G25/stage4_joint_paths.csv,32da94c676a5edd60b503d517c002ddd46316396d9f0221a6848f0c68070458d,5,eligible_pending_modeling_qa,,sage-event-path-db-v1
F1023_V70_D0117_P4__G25__ch7__nav_sage_v2__ingestion_20260825_event_path_v1__event_350__path_1,F1023_V70_D0117_P4__G25__ch7__nav_sage_v2__ingestion_20260825_event_path_v1__event_350,F1023_V70_D0117_P4__G25__ch7__nav_sage_v2__ingestion_20260825_event_path_v1,F1023_V70_D0117_P4,G25,7,350,1,stage4_joint,los,0,-0.0999999999999999,0,0,,,-5205.2158203125,0,0,mean_relative_power_db,,,,confirmed_multipath,stage4-strict-confirmed-v1,scenes/F1023_V70_D0117_P4/sage_results/nav_sage_v2/G25/stage4_joint_paths.csv,32da94c676a5edd60b503d517c002ddd46316396d9f0221a6848f0c68070458d,6,eligible_pending_modeling_qa,stage4_source_has_no_path_amplitude_phase_coherence,sage-event-path-db-v1
F1023_V70_D0117_P4__G25__ch7__nav_sage_v2__ingestion_20260825_event_path_v1__event_350__path_2,F1023_V70_D0117_P4__G25__ch7__nav_sage_v2__ingestion_20260825_event_path_v1__event_350,F1023_V70_D0117_P4__G25__ch7__nav_sage_v2__ingestion_20260825_event_path_v1,F1023_V70_D0117_P4,G25,7,350,2,stage4_joint,multipath,1,0.9,1,0.1,,,-5205.09930453708,0.116515775416701,-4.2174922764624,mean_relative_power_db,,,,confirmed_multipath,stage4-strict-confirmed-v1,scenes/F1023_V70_D0117_P4/sage_results/nav_sage_v2/G25/stage4_joint_paths.csv,32da94c676a5edd60b503d517c002ddd46316396d9f0221a6848f0c68070458d,7,eligible_pending_modeling_qa,,sage-event-path-db-v1
F1023_V70_D0117_P4__G28__ch6__nav_sage_v2__ingestion_20260825_event_path_v1__event_557__path_1,F1023_V70_D0117_P4__G28__ch6__nav_sage_v2__ingestion_20260825_event_path_v1__event_557,F1023_V70_D0117_P4__G28__ch6__nav_sage_v2__ingestion_20260825_event_path_v1,F1023_V70_D0117_P4,G28,6,557,1,stage4_joint,los,0,0.2,0,0,,,-2705.10986328125,0,0,mean_relative_power_db,,,,rejected_candidate,stage4-strict-confirmed-v1,scenes/F1023_V70_D0117_P4/sage_results/nav_sage_v2/G28/stage4_joint_paths.csv,a2cc830b27cae42ae9dcde1db5d411b2261412c4fcb2512fb28aeff18172de00,2,eligible_pending_modeling_qa,stage4_source_has_no_path_amplitude_phase_coherence,sage-event-path-db-v1
F1023_V70_D0117_P4__G28__ch6__nav_sage_v2__ingestion_20260825_event_path_v1__event_558__path_1,F1023_V70_D0117_P4__G28__ch6__nav_sage_v2__ingestion_20260825_event_path_v1__event_558,F1023_V70_D0117_P4__G28__ch6__nav_sage_v2__ingestion_20260825_event_path_v1,F1023_V70_D0117_P4,G28,6,558,1,stage4_joint,los,0,0.1,0,0,,,-2701.06201171875,0,0,mean_relative_power_db,,,,rejected_candidate,stage4-strict-confirmed-v1,scenes/F1023_V70_D0117_P4/sage_results/nav_sage_v2/G28/stage4_joint_paths.csv,a2cc830b27cae42ae9dcde1db5d411b2261412c4fcb2512fb28aeff18172de00,3,eligible_pending_modeling_qa,stage4_source_has_no_path_amplitude_phase_coherence,sage-event-path-db-v1
F1023_V70_D0117_P4__G28__ch6__nav_sage_v2__ingestion_20260825_event_path_v1__event_18__path_1,F1023_V70_D0117_P4__G28__ch6__nav_sage_v2__ingestion_20260825_event_path_v1__event_18,F1023_V70_D0117_P4__G28__ch6__nav_sage_v2__ingestion_20260825_event_path_v1,F1023_V70_D0117_P4,G28,6,18,1,stage4_joint,los,0,0.1,0,0,,,-2702.86010742188,0,0,mean_relative_power_db,,,,rejected_candidate,stage4-strict-confirmed-v1,scenes/F1023_V70_D0117_P4/sage_results/nav_sage_v2/G28/stage4_joint_paths.csv,a2cc830b27cae42ae9dcde1db5d411b2261412c4fcb2512fb28aeff18172de00,4,eligible_pending_modeling_qa,stage4_source_has_no_path_amplitude_phase_coherence,sage-event-path-db-v1
F1023_V70_D0117_P4__G28__ch6__nav_sage_v2__ingestion_20260825_event_path_v1__event_58__path_1,F1023_V70_D0117_P4__G28__ch6__nav_sage_v2__ingestion_20260825_event_path_v1__event_58,F1023_V70_D0117_P4__G28__ch6__nav_sage_v2__ingestion_20260825_event_path_v1,F1023_V70_D0117_P4,G28,6,58,1,stage4_joint,los,0,1.11022302462516e-16,0,0,,,-2699.90869140625,0,0,mean_relative_power_db,,,,rejected_candidate,stage4-strict-confirmed-v1,scenes/F1023_V70_D0117_P4/sage_results/nav_sage_v2/G28/stage4_joint_paths.csv,a2cc830b27cae42ae9dcde1db5d411b2261412c4fcb2512fb28aeff18172de00,5,eligible_pending_modeling_qa,stage4_source_has_no_path_amplitude_phase_coherence,sage-event-path-db-v1
F1023_V70_D0117_P4__G28__ch6__nav_sage_v2__ingestion_20260825_event_path_v1__event_409__path_1,F1023_V70_D0117_P4__G28__ch6__nav_sage_v2__ingestion_20260825_event_path_v1__event_409,F1023_V70_D0117_P4__G28__ch6__nav_sage_v2__ingestion_20260825_event_path_v1,F1023_V70_D0117_P4,G28,6,409,1,stage4_joint,los,0,1.11022302462516e-16,0,0,,,-2698.76098632812,0,0,mean_relative_power_db,,,,rejected_candidate,stage4-strict-confirmed-v1,scenes/F1023_V70_D0117_P4/sage_results/nav_sage_v2/G28/stage4_joint_paths.csv,a2cc830b27cae42ae9dcde1db5d411b2261412c4fcb2512fb28aeff18172de00,6,eligible_pending_modeling_qa,stage4_source_has_no_path_amplitude_phase_coherence,sage-event-path-db-v1
F1023_V70_D0117_P4__G28__ch6__nav_sage_v2__ingestion_20260825_event_path_v1__event_556__path_1,F1023_V70_D0117_P4__G28__ch6__nav_sage_v2__ingestion_20260825_event_path_v1__event_556,F1023_V70_D0117_P4__G28__ch6__nav_sage_v2__ingestion_20260825_event_path_v1,F1023_V70_D0117_P4,G28,6,556,1,stage4_joint,los,0,0.1,0,0,,,-2702.68334960938,0,0,mean_relative_power_db,,,,rejected_candidate,stage4-strict-confirmed-v1,scenes/F1023_V70_D0117_P4/sage_results/nav_sage_v2/G28/stage4_joint_paths.csv,a2cc830b27cae42ae9dcde1db5d411b2261412c4fcb2512fb28aeff18172de00,7,eligible_pending_modeling_qa,stage4_source_has_no_path_amplitude_phase_coherence,sage-event-path-db-v1
F1023_V70_D0117_P4__G28__ch6__nav_sage_v2__ingestion_20260825_event_path_v1__event_559__path_1,F1023_V70_D0117_P4__G28__ch6__nav_sage_v2__ingestion_20260825_event_path_v1__event_559,F1023_V70_D0117_P4__G28__ch6__nav_sage_v2__ingestion_20260825_event_path_v1,F1023_V70_D0117_P4,G28,6,559,1,stage4_joint,los,0,2.22044604925031e-16,0,0,,,-2703.88354492188,0,0,mean_relative_power_db,,,,rejected_candidate,stage4-strict-confirmed-v1,scenes/F1023_V70_D0117_P4/sage_results/nav_sage_v2/G28/stage4_joint_paths.csv,a2cc830b27cae42ae9dcde1db5d411b2261412c4fcb2512fb28aeff18172de00,8,eligible_pending_modeling_qa,stage4_source_has_no_path_amplitude_phase_coherence,sage-event-path-db-v1
F1023_V70_D0117_P4__G29__ch9__nav_sage_v2__ingestion_20260825_event_path_v1__event_307__path_1,F1023_V70_D0117_P4__G29__ch9__nav_sage_v2__ingestion_20260825_event_path_v1__event_307,F1023_V70_D0117_P4__G29__ch9__nav_sage_v2__ingestion_20260825_event_path_v1,F1023_V70_D0117_P4,G29,9,307,1,stage4_joint,los,0,0,0,0,,,-2980.49462890625,0,0,mean_relative_power_db,,,,rejected_candidate,stage4-strict-confirmed-v1,scenes/F1023_V70_D0117_P4/sage_results/nav_sage_v2/G29/stage4_joint_paths.csv,c368bf9b8eb768f46651a3057e954be651706bd9b07781075af5e222838fb52b,2,eligible_pending_modeling_qa,stage4_source_has_no_path_amplitude_phase_coherence,sage-event-path-db-v1
F1023_V70_D0117_P4__G29__ch9__nav_sage_v2__ingestion_20260825_event_path_v1__event_308__path_1,F1023_V70_D0117_P4__G29__ch9__nav_sage_v2__ingestion_20260825_event_path_v1__event_308,F1023_V70_D0117_P4__G29__ch9__nav_sage_v2__ingestion_20260825_event_path_v1,F1023_V70_D0117_P4,G29,9,308,1,stage4_joint,los,0,0,0,0,,,-2980.63720703125,0,0,mean_relative_power_db,,,,rejected_candidate,stage4-strict-confirmed-v1,scenes/F1023_V70_D0117_P4/sage_results/nav_sage_v2/G29/stage4_joint_paths.csv,c368bf9b8eb768f46651a3057e954be651706bd9b07781075af5e222838fb52b,3,eligible_pending_modeling_qa,stage4_source_has_no_path_amplitude_phase_coherence,sage-event-path-db-v1
F1023_V70_D0117_P4__G29__ch9__nav_sage_v2__ingestion_20260825_event_path_v1__event_309__path_1,F1023_V70_D0117_P4__G29__ch9__nav_sage_v2__ingestion_20260825_event_path_v1__event_309,F1023_V70_D0117_P4__G29__ch9__nav_sage_v2__ingestion_20260825_event_path_v1,F1023_V70_D0117_P4,G29,9,309,1,stage4_joint,los,0,0,0,0,,,-2983.24780273438,0,0,mean_relative_power_db,,,,rejected_candidate,stage4-strict-confirmed-v1,scenes/F1023_V70_D0117_P4/sage_results/nav_sage_v2/G29/stage4_joint_paths.csv,c368bf9b8eb768f46651a3057e954be651706bd9b07781075af5e222838fb52b,4,eligible_pending_modeling_qa,stage4_source_has_no_path_amplitude_phase_coherence,sage-event-path-db-v1
F1023_V70_D0117_P4__G29__ch9__nav_sage_v2__ingestion_20260825_event_path_v1__event_347__path_1,F1023_V70_D0117_P4__G29__ch9__nav_sage_v2__ingestion_20260825_event_path_v1__event_347,F1023_V70_D0117_P4__G29__ch9__nav_sage_v2__ingestion_20260825_event_path_v1,F1023_V70_D0117_P4,G29,9,347,1,stage4_joint,los,0,0.2,0,0,,,-2978.90795898438,0,0,mean_relative_power_db,,,,rejected_candidate,stage4-strict-confirmed-v1,scenes/F1023_V70_D0117_P4/sage_results/nav_sage_v2/G29/stage4_joint_paths.csv,c368bf9b8eb768f46651a3057e954be651706bd9b07781075af5e222838fb52b,5,eligible_pending_modeling_qa,stage4_source_has_no_path_amplitude_phase_coherence,sage-event-path-db-v1
F1023_V70_D0117_P4__G29__ch9__nav_sage_v2__ingestion_20260825_event_path_v1__event_348__path_1,F1023_V70_D0117_P4__G29__ch9__nav_sage_v2__ingestion_20260825_event_path_v1__event_348,F1023_V70_D0117_P4__G29__ch9__nav_sage_v2__ingestion_20260825_event_path_v1,F1023_V70_D0117_P4,G29,9,348,1,stage4_joint,los,0,1.11022302462516e-16,0,0,,,-2981.17602539062,0,0,mean_relative_power_db,,,,confirmed_multipath,stage4-strict-confirmed-v1,scenes/F1023_V70_D0117_P4/sage_results/nav_sage_v2/G29/stage4_joint_paths.csv,c368bf9b8eb768f46651a3057e954be651706bd9b07781075af5e222838fb52b,6,eligible_pending_modeling_qa,stage4_source_has_no_path_amplitude_phase_coherence,sage-event-path-db-v1
F1023_V70_D0117_P4__G29__ch9__nav_sage_v2__ingestion_20260825_event_path_v1__event_348__path_2,F1023_V70_D0117_P4__G29__ch9__nav_sage_v2__ingestion_20260825_event_path_v1__event_348,F1023_V70_D0117_P4__G29__ch9__nav_sage_v2__ingestion_20260825_event_path_v1,F1023_V70_D0117_P4,G29,9,348,2,stage4_joint,multipath,1,1.1,1.1,0.11,,,-2975.80646914709,5.3695562435355,-7.8940584298249,mean_relative_power_db,,,,confirmed_multipath,stage4-strict-confirmed-v1,scenes/F1023_V70_D0117_P4/sage_results/nav_sage_v2/G29/stage4_joint_paths.csv,c368bf9b8eb768f46651a3057e954be651706bd9b07781075af5e222838fb52b,7,eligible_pending_modeling_qa,,sage-event-path-db-v1
F1023_V70_D0117_P4__G29__ch9__nav_sage_v2__ingestion_20260825_event_path_v1__event_349__path_1,F1023_V70_D0117_P4__G29__ch9__nav_sage_v2__ingestion_20260825_event_path_v1__event_349,F1023_V70_D0117_P4__G29__ch9__nav_sage_v2__ingestion_20260825_event_path_v1,F1023_V70_D0117_P4,G29,9,349,1,stage4_joint,los,0,0.2,0,0,,,-2978.35327148438,0,0,mean_relative_power_db,,,,rejected_candidate,stage4-strict-confirmed-v1,scenes/F1023_V70_D0117_P4/sage_results/nav_sage_v2/G29/stage4_joint_paths.csv,c368bf9b8eb768f46651a3057e954be651706bd9b07781075af5e222838fb52b,8,eligible_pending_modeling_qa,stage4_source_has_no_path_amplitude_phase_coherence,sage-event-path-db-v1
F1023_V70_D0117_P4__G29__ch9__nav_sage_v2__ingestion_20260825_event_path_v1__event_464__path_1,F1023_V70_D0117_P4__G29__ch9__nav_sage_v2__ingestion_20260825_event_path_v1__event_464,F1023_V70_D0117_P4__G29__ch9__nav_sage_v2__ingestion_20260825_event_path_v1,F1023_V70_D0117_P4,G29,9,464,1,stage4_joint,los,0,0.1,0,0,,,-2977.16845703125,0,0,mean_relative_power_db,,,,rejected_candidate,stage4-strict-confirmed-v1,scenes/F1023_V70_D0117_P4/sage_results/nav_sage_v2/G29/stage4_joint_paths.csv,c368bf9b8eb768f46651a3057e954be651706bd9b07781075af5e222838fb52b,9,eligible_pending_modeling_qa,stage4_source_has_no_path_amplitude_phase_coherence,sage-event-path-db-v1
F1023_V70_D0117_P4__G29__ch9__nav_sage_v2__ingestion_20260825_event_path_v1__event_465__path_1,F1023_V70_D0117_P4__G29__ch9__nav_sage_v2__ingestion_20260825_event_path_v1__event_465,F1023_V70_D0117_P4__G29__ch9__nav_sage_v2__ingestion_20260825_event_path_v1,F1023_V70_D0117_P4,G29,9,465,1,stage4_joint,los,0,0,0,0,,,-2977.41479492188,0,0,mean_relative_power_db,,,,rejected_candidate,stage4-strict-confirmed-v1,scenes/F1023_V70_D0117_P4/sage_results/nav_sage_v2/G29/stage4_joint_paths.csv,c368bf9b8eb768f46651a3057e954be651706bd9b07781075af5e222838fb52b,10,eligible_pending_modeling_qa,stage4_source_has_no_path_amplitude_phase_coherence,sage-event-path-db-v1
F1023_V70_D0117_P4__G31__ch1__nav_sage_v2__ingestion_20260825_event_path_v1__event_436__path_1,F1023_V70_D0117_P4__G31__ch1__nav_sage_v2__ingestion_20260825_event_path_v1__event_436,F1023_V70_D0117_P4__G31__ch1__nav_sage_v2__ingestion_20260825_event_path_v1,F1023_V70_D0117_P4,G31,1,436,1,stage4_joint,los,0,0.1,0,0,,,-1542.078125,0,0,mean_relative_power_db,,,,rejected_candidate,stage4-strict-confirmed-v1,scenes/F1023_V70_D0117_P4/sage_results/nav_sage_v2/G31/stage4_joint_paths.csv,e027ff88bd3b9be5556ada3b18a97a392c14c02d9bbee1a04234e59bdeb8762b,2,eligible_pending_modeling_qa,stage4_source_has_no_path_amplitude_phase_coherence,sage-event-path-db-v1
F1023_V70_D0117_P4__G32__ch3__nav_sage_v2__ingestion_20260825_event_path_v1__event_57__path_1,F1023_V70_D0117_P4__G32__ch3__nav_sage_v2__ingestion_20260825_event_path_v1__event_57,F1023_V70_D0117_P4__G32__ch3__nav_sage_v2__ingestion_20260825_event_path_v1,F1023_V70_D0117_P4,G32,3,57,1,stage4_joint,los,0,0.3,0,0,,,-7217.98583984375,0,0,mean_relative_power_db,,,,rejected_candidate,stage4-strict-confirmed-v1,scenes/F1023_V70_D0117_P4/sage_results/nav_sage_v2/G32/stage4_joint_paths.csv,0883cc40f7054f1949c639e0a37524f003693a14a2e7f09e8514d597ec513c0e,2,eligible_pending_modeling_qa,stage4_source_has_no_path_amplitude_phase_coherence,sage-event-path-db-v1
F1023_V70_D0117_P4__G32__ch3__nav_sage_v2__ingestion_20260825_event_path_v1__event_58__path_1,F1023_V70_D0117_P4__G32__ch3__nav_sage_v2__ingestion_20260825_event_path_v1__event_58,F1023_V70_D0117_P4__G32__ch3__nav_sage_v2__ingestion_20260825_event_path_v1,F1023_V70_D0117_P4,G32,3,58,1,stage4_joint,los,0,0.2,0,0,,,-7218.55224609375,0,0,mean_relative_power_db,,,,rejected_candidate,stage4-strict-confirmed-v1,scenes/F1023_V70_D0117_P4/sage_results/nav_sage_v2/G32/stage4_joint_paths.csv,0883cc40f7054f1949c639e0a37524f003693a14a2e7f09e8514d597ec513c0e,3,eligible_pending_modeling_qa,stage4_source_has_no_path_amplitude_phase_coherence,sage-event-path-db-v1
F1023_V70_D0117_P4__G32__ch3__nav_sage_v2__ingestion_20260825_event_path_v1__event_275__path_1,F1023_V70_D0117_P4__G32__ch3__nav_sage_v2__ingestion_20260825_event_path_v1__event_275,F1023_V70_D0117_P4__G32__ch3__nav_sage_v2__ingestion_20260825_event_path_v1,F1023_V70_D0117_P4,G32,3,275,1,stage4_joint,los,0,0.5,0,0,,,-7212.25048828125,0,0,mean_relative_power_db,,,,rejected_candidate,stage4-strict-confirmed-v1,scenes/F1023_V70_D0117_P4/sage_results/nav_sage_v2/G32/stage4_joint_paths.csv,0883cc40f7054f1949c639e0a37524f003693a14a2e7f09e8514d597ec513c0e,4,eligible_pending_modeling_qa,stage4_source_has_no_path_amplitude_phase_coherence,sage-event-path-db-v1
F1023_V70_D0117_P4__G32__ch3__nav_sage_v2__ingestion_20260825_event_path_v1__event_357__path_1,F1023_V70_D0117_P4__G32__ch3__nav_sage_v2__ingestion_20260825_event_path_v1__event_357,F1023_V70_D0117_P4__G32__ch3__nav_sage_v2__ingestion_20260825_event_path_v1,F1023_V70_D0117_P4,G32,3,357,1,stage4_joint,los,0,0.2,0,0,,,-7203.89453125,0,0,mean_relative_power_db,,,,confirmed_multipath,stage4-strict-confirmed-v1,scenes/F1023_V70_D0117_P4/sage_results/nav_sage_v2/G32/stage4_joint_paths.csv,0883cc40f7054f1949c639e0a37524f003693a14a2e7f09e8514d597ec513c0e,5,eligible_pending_modeling_qa,stage4_source_has_no_path_amplitude_phase_coherence,sage-event-path-db-v1
F1023_V70_D0117_P4__G32__ch3__nav_sage_v2__ingestion_20260825_event_path_v1__event_357__path_2,F1023_V70_D0117_P4__G32__ch3__nav_sage_v2__ingestion_20260825_event_path_v1__event_357,F1023_V70_D0117_P4__G32__ch3__nav_sage_v2__ingestion_20260825_event_path_v1,F1023_V70_D0117_P4,G32,3,357,2,stage4_joint,multipath,1,1.3,1.1,0.11,,,-7207.95293053035,-4.05839928034675,-3.49096986532041,mean_relative_power_db,,,,confirmed_multipath,stage4-strict-confirmed-v1,scenes/F1023_V70_D0117_P4/sage_results/nav_sage_v2/G32/stage4_joint_paths.csv,0883cc40f7054f1949c639e0a37524f003693a14a2e7f09e8514d597ec513c0e,6,eligible_pending_modeling_qa,,sage-event-path-db-v1
F1023_V70_D0120_P1__G26__ch3__nav_sage_v2__ingestion_20260825_event_path_v1__event_76__path_1,F1023_V70_D0120_P1__G26__ch3__nav_sage_v2__ingestion_20260825_event_path_v1__event_76,F1023_V70_D0120_P1__G26__ch3__nav_sage_v2__ingestion_20260825_event_path_v1,F1023_V70_D0120_P1,G26,3,76,1,stage4_joint,los,0,2.22044604925031e-16,0,0,,,-5151.947265625,0,0,mean_relative_power_db,,,,confirmed_multipath,stage4-strict-confirmed-v1,scenes/F1023_V70_D0120_P1/sage_results/nav_sage_v2/G26/stage4_joint_paths.csv,d4748cee84f0aafa28bb783b30987ab0aaa47df178f52bb4535f42ad2c52f941,2,eligible_pending_modeling_qa,stage4_source_has_no_path_amplitude_phase_coherence,sage-event-path-db-v1
F1023_V70_D0120_P1__G26__ch3__nav_sage_v2__ingestion_20260825_event_path_v1__event_76__path_2,F1023_V70_D0120_P1__G26__ch3__nav_sage_v2__ingestion_20260825_event_path_v1__event_76,F1023_V70_D0120_P1__G26__ch3__nav_sage_v2__ingestion_20260825_event_path_v1,F1023_V70_D0120_P1,G26,3,76,2,stage4_joint,multipath,1,1.1,1.1,0.11,,,-5142.28296352971,9.66430209528517,-8.15201281759688,mean_relative_power_db,,,,confirmed_multipath,stage4-strict-confirmed-v1,scenes/F1023_V70_D0120_P1/sage_results/nav_sage_v2/G26/stage4_joint_paths.csv,d4748cee84f0aafa28bb783b30987ab0aaa47df178f52bb4535f42ad2c52f941,3,eligible_pending_modeling_qa,,sage-event-path-db-v1
F1023_V70_D0120_P1__G26__ch3__nav_sage_v2__ingestion_20260825_event_path_v1__event_77__path_1,F1023_V70_D0120_P1__G26__ch3__nav_sage_v2__ingestion_20260825_event_path_v1__event_77,F1023_V70_D0120_P1__G26__ch3__nav_sage_v2__ingestion_20260825_event_path_v1,F1023_V70_D0120_P1,G26,3,77,1,stage4_joint,los,0,0.2,0,0,,,-5148.34375,0,0,mean_relative_power_db,,,,rejected_candidate,stage4-strict-confirmed-v1,scenes/F1023_V70_D0120_P1/sage_results/nav_sage_v2/G26/stage4_joint_paths.csv,d4748cee84f0aafa28bb783b30987ab0aaa47df178f52bb4535f42ad2c52f941,4,eligible_pending_modeling_qa,stage4_source_has_no_path_amplitude_phase_coherence,sage-event-path-db-v1
F1023_V70_D0120_P1__G26__ch3__nav_sage_v2__ingestion_20260825_event_path_v1__event_78__path_1,F1023_V70_D0120_P1__G26__ch3__nav_sage_v2__ingestion_20260825_event_path_v1__event_78,F1023_V70_D0120_P1__G26__ch3__nav_sage_v2__ingestion_20260825_event_path_v1,F1023_V70_D0120_P1,G26,3,78,1,stage4_joint,los,0,-0.1,0,0,,,-5152.18505859375,0,0,mean_relative_power_db,,,,confirmed_multipath,stage4-strict-confirmed-v1,scenes/F1023_V70_D0120_P1/sage_results/nav_sage_v2/G26/stage4_joint_paths.csv,d4748cee84f0aafa28bb783b30987ab0aaa47df178f52bb4535f42ad2c52f941,5,eligible_pending_modeling_qa,stage4_source_has_no_path_amplitude_phase_coherence,sage-event-path-db-v1
F1023_V70_D0120_P1__G26__ch3__nav_sage_v2__ingestion_20260825_event_path_v1__event_78__path_2,F1023_V70_D0120_P1__G26__ch3__nav_sage_v2__ingestion_20260825_event_path_v1__event_78,F1023_V70_D0120_P1__G26__ch3__nav_sage_v2__ingestion_20260825_event_path_v1,F1023_V70_D0120_P1,G26,3,78,2,stage4_joint,multipath,1,1,1.1,0.11,,,-5142.52075649846,9.66430209528517,-7.65772309879221,mean_relative_power_db,,,,confirmed_multipath,stage4-strict-confirmed-v1,scenes/F1023_V70_D0120_P1/sage_results/nav_sage_v2/G26/stage4_joint_paths.csv,d4748cee84f0aafa28bb783b30987ab0aaa47df178f52bb4535f42ad2c52f941,6,eligible_pending_modeling_qa,,sage-event-path-db-v1
F1023_V70_D0120_P1__G26__ch3__nav_sage_v2__ingestion_20260825_event_path_v1__event_2581__path_1,F1023_V70_D0120_P1__G26__ch3__nav_sage_v2__ingestion_20260825_event_path_v1__event_2581,F1023_V70_D0120_P1__G26__ch3__nav_sage_v2__ingestion_20260825_event_path_v1,F1023_V70_D0120_P1,G26,3,2581,1,stage4_joint,los,0,0.3,0,0,,,-5183.4755859375,0,0,mean_relative_power_db,,,,rejected_candidate,stage4-strict-confirmed-v1,scenes/F1023_V70_D0120_P1/sage_results/nav_sage_v2/G26/stage4_joint_paths.csv,d4748cee84f0aafa28bb783b30987ab0aaa47df178f52bb4535f42ad2c52f941,7,eligible_pending_modeling_qa,stage4_source_has_no_path_amplitude_phase_coherence,sage-event-path-db-v1
F1023_V70_D0120_P1__G26__ch3__nav_sage_v2__ingestion_20260825_event_path_v1__event_2582__path_1,F1023_V70_D0120_P1__G26__ch3__nav_sage_v2__ingestion_20260825_event_path_v1__event_2582,F1023_V70_D0120_P1__G26__ch3__nav_sage_v2__ingestion_20260825_event_path_v1,F1023_V70_D0120_P1,G26,3,2582,1,stage4_joint,los,0,0.4,0,0,,,-5178.8076171875,0,0,mean_relative_power_db,,,,rejected_candidate,stage4-strict-confirmed-v1,scenes/F1023_V70_D0120_P1/sage_results/nav_sage_v2/G26/stage4_joint_paths.csv,d4748cee84f0aafa28bb783b30987ab0aaa47df178f52bb4535f42ad2c52f941,8,eligible_pending_modeling_qa,stage4_source_has_no_path_amplitude_phase_coherence,sage-event-path-db-v1
F1023_V70_D0120_P1__G26__ch3__nav_sage_v2__ingestion_20260825_event_path_v1__event_2583__path_1,F1023_V70_D0120_P1__G26__ch3__nav_sage_v2__ingestion_20260825_event_path_v1__event_2583,F1023_V70_D0120_P1__G26__ch3__nav_sage_v2__ingestion_20260825_event_path_v1,F1023_V70_D0120_P1,G26,3,2583,1,stage4_joint,los,0,0.4,0,0,,,-5180.451171875,0,0,mean_relative_power_db,,,,rejected_candidate,stage4-strict-confirmed-v1,scenes/F1023_V70_D0120_P1/sage_results/nav_sage_v2/G26/stage4_joint_paths.csv,d4748cee84f0aafa28bb783b30987ab0aaa47df178f52bb4535f42ad2c52f941,9,eligible_pending_modeling_qa,stage4_source_has_no_path_amplitude_phase_coherence,sage-event-path-db-v1
F1023_V70_D0120_P1__G26__ch3__nav_sage_v2__ingestion_20260825_event_path_v1__event_597__path_1,F1023_V70_D0120_P1__G26__ch3__nav_sage_v2__ingestion_20260825_event_path_v1__event_597,F1023_V70_D0120_P1__G26__ch3__nav_sage_v2__ingestion_20260825_event_path_v1,F1023_V70_D0120_P1,G26,3,597,1,stage4_joint,los,0,0.3,0,0,,,-5155.52197265625,0,0,mean_relative_power_db,,,,rejected_candidate,stage4-strict-confirmed-v1,scenes/F1023_V70_D0120_P1/sage_results/nav_sage_v2/G26/stage4_joint_paths.csv,d4748cee84f0aafa28bb783b30987ab0aaa47df178f52bb4535f42ad2c52f941,10,eligible_pending_modeling_qa,stage4_source_has_no_path_amplitude_phase_coherence,sage-event-path-db-v1
F1023_V70_D0120_P1__G26__ch3__nav_sage_v2__ingestion_20260825_event_path_v1__event_598__path_1,F1023_V70_D0120_P1__G26__ch3__nav_sage_v2__ingestion_20260825_event_path_v1__event_598,F1023_V70_D0120_P1__G26__ch3__nav_sage_v2__ingestion_20260825_event_path_v1,F1023_V70_D0120_P1,G26,3,598,1,stage4_joint,los,0,0.3,0,0,,,-5158.1845703125,0,0,mean_relative_power_db,,,,rejected_candidate,stage4-strict-confirmed-v1,scenes/F1023_V70_D0120_P1/sage_results/nav_sage_v2/G26/stage4_joint_paths.csv,d4748cee84f0aafa28bb783b30987ab0aaa47df178f52bb4535f42ad2c52f941,11,eligible_pending_modeling_qa,stage4_source_has_no_path_amplitude_phase_coherence,sage-event-path-db-v1
F1023_V70_D0120_P1__G27__ch8__nav_sage_v2__ingestion_20260825_event_path_v1__event_429__path_1,F1023_V70_D0120_P1__G27__ch8__nav_sage_v2__ingestion_20260825_event_path_v1__event_429,F1023_V70_D0120_P1__G27__ch8__nav_sage_v2__ingestion_20260825_event_path_v1,F1023_V70_D0120_P1,G27,8,429,1,stage4_joint,los,0,0.8,0,0,,,-1734.94921875,0,0,mean_relative_power_db,,,,rejected_candidate,stage4-strict-confirmed-v1,scenes/F1023_V70_D0120_P1/sage_results/nav_sage_v2/G27/stage4_joint_paths.csv,a493dba96e8c14acd5e58aa228707f4f25e905627254e0ce4acd91c5b0f5d2ae,2,eligible_pending_modeling_qa,stage4_source_has_no_path_amplitude_phase_coherence,sage-event-path-db-v1
F1023_V70_D0120_P1__G27__ch8__nav_sage_v2__ingestion_20260825_event_path_v1__event_430__path_1,F1023_V70_D0120_P1__G27__ch8__nav_sage_v2__ingestion_20260825_event_path_v1__event_430,F1023_V70_D0120_P1__G27__ch8__nav_sage_v2__ingestion_20260825_event_path_v1,F1023_V70_D0120_P1,G27,8,430,1,stage4_joint,los,0,-0.1,0,0,,,-1738.361328125,0,0,mean_relative_power_db,,,,rejected_candidate,stage4-strict-confirmed-v1,scenes/F1023_V70_D0120_P1/sage_results/nav_sage_v2/G27/stage4_joint_paths.csv,a493dba96e8c14acd5e58aa228707f4f25e905627254e0ce4acd91c5b0f5d2ae,3,eligible_pending_modeling_qa,stage4_source_has_no_path_amplitude_phase_coherence,sage-event-path-db-v1
F1023_V70_D0120_P1__G27__ch8__nav_sage_v2__ingestion_20260825_event_path_v1__event_431__path_1,F1023_V70_D0120_P1__G27__ch8__nav_sage_v2__ingestion_20260825_event_path_v1__event_431,F1023_V70_D0120_P1__G27__ch8__nav_sage_v2__ingestion_20260825_event_path_v1,F1023_V70_D0120_P1,G27,8,431,1,stage4_joint,los,0,1,0,0,,,-1734.75988769531,0,0,mean_relative_power_db,,,,rejected_candidate,stage4-strict-confirmed-v1,scenes/F1023_V70_D0120_P1/sage_results/nav_sage_v2/G27/stage4_joint_paths.csv,a493dba96e8c14acd5e58aa228707f4f25e905627254e0ce4acd91c5b0f5d2ae,4,eligible_pending_modeling_qa,stage4_source_has_no_path_amplitude_phase_coherence,sage-event-path-db-v1
F1023_V70_D0120_P1__G29__ch5__nav_sage_v2__ingestion_20260825_event_path_v1__event_1216__path_1,F1023_V70_D0120_P1__G29__ch5__nav_sage_v2__ingestion_20260825_event_path_v1__event_1216,F1023_V70_D0120_P1__G29__ch5__nav_sage_v2__ingestion_20260825_event_path_v1,F1023_V70_D0120_P1,G29,5,1216,1,stage4_joint,los,0,0.9,0,0,,,-7887.15087890625,0,0,mean_relative_power_db,,,,rejected_candidate,stage4-strict-confirmed-v1,scenes/F1023_V70_D0120_P1/sage_results/nav_sage_v2/G29/stage4_joint_paths.csv,d31578bcfa801d7f7e1877c6fae6985f0faa29d5c11c4ea86810f0461138d503,2,eligible_pending_modeling_qa,stage4_source_has_no_path_amplitude_phase_coherence,sage-event-path-db-v1
F1023_V70_D0120_P1__G29__ch5__nav_sage_v2__ingestion_20260825_event_path_v1__event_1217__path_1,F1023_V70_D0120_P1__G29__ch5__nav_sage_v2__ingestion_20260825_event_path_v1__event_1217,F1023_V70_D0120_P1__G29__ch5__nav_sage_v2__ingestion_20260825_event_path_v1,F1023_V70_D0120_P1,G29,5,1217,1,stage4_joint,los,0,0.5,0,0,,,-7885.0712890625,0,0,mean_relative_power_db,,,,rejected_candidate,stage4-strict-confirmed-v1,scenes/F1023_V70_D0120_P1/sage_results/nav_sage_v2/G29/stage4_joint_paths.csv,d31578bcfa801d7f7e1877c6fae6985f0faa29d5c11c4ea86810f0461138d503,3,eligible_pending_modeling_qa,stage4_source_has_no_path_amplitude_phase_coherence,sage-event-path-db-v1
F1023_V70_D0120_P1__G29__ch5__nav_sage_v2__ingestion_20260825_event_path_v1__event_1218__path_1,F1023_V70_D0120_P1__G29__ch5__nav_sage_v2__ingestion_20260825_event_path_v1__event_1218,F1023_V70_D0120_P1__G29__ch5__nav_sage_v2__ingestion_20260825_event_path_v1,F1023_V70_D0120_P1,G29,5,1218,1,stage4_joint,los,0,-0.3,0,0,,,-7883.7001953125,0,0,mean_relative_power_db,,,,confirmed_multipath,stage4-strict-confirmed-v1,scenes/F1023_V70_D0120_P1/sage_results/nav_sage_v2/G29/stage4_joint_paths.csv,d31578bcfa801d7f7e1877c6fae6985f0faa29d5c11c4ea86810f0461138d503,4,eligible_pending_modeling_qa,stage4_source_has_no_path_amplitude_phase_coherence,sage-event-path-db-v1
F1023_V70_D0120_P1__G29__ch5__nav_sage_v2__ingestion_20260825_event_path_v1__event_1218__path_2,F1023_V70_D0120_P1__G29__ch5__nav_sage_v2__ingestion_20260825_event_path_v1__event_1218,F1023_V70_D0120_P1__G29__ch5__nav_sage_v2__ingestion_20260825_event_path_v1,F1023_V70_D0120_P1,G29,5,1218,2,stage4_joint,multipath,1,0.8,1.1,0.11,,,-7884.88589075692,-1.18569544442107,1.99172158788203,mean_relative_power_db,,,,confirmed_multipath,stage4-strict-confirmed-v1,scenes/F1023_V70_D0120_P1/sage_results/nav_sage_v2/G29/stage4_joint_paths.csv,d31578bcfa801d7f7e1877c6fae6985f0faa29d5c11c4ea86810f0461138d503,5,eligible_pending_modeling_qa,,sage-event-path-db-v1
F1023_V70_D0120_P1__G29__ch5__nav_sage_v2__ingestion_20260825_event_path_v1__event_1646__path_1,F1023_V70_D0120_P1__G29__ch5__nav_sage_v2__ingestion_20260825_event_path_v1__event_1646,F1023_V70_D0120_P1__G29__ch5__nav_sage_v2__ingestion_20260825_event_path_v1,F1023_V70_D0120_P1,G29,5,1646,1,stage4_joint,los,0,-0.3,0,0,,,-7889.1748046875,0,0,mean_relative_power_db,,,,rejected_candidate,stage4-strict-confirmed-v1,scenes/F1023_V70_D0120_P1/sage_results/nav_sage_v2/G29/stage4_joint_paths.csv,d31578bcfa801d7f7e1877c6fae6985f0faa29d5c11c4ea86810f0461138d503,6,eligible_pending_modeling_qa,stage4_source_has_no_path_amplitude_phase_coherence,sage-event-path-db-v1
F1023_V70_D0120_P1__G29__ch5__nav_sage_v2__ingestion_20260825_event_path_v1__event_2098__path_1,F1023_V70_D0120_P1__G29__ch5__nav_sage_v2__ingestion_20260825_event_path_v1__event_2098,F1023_V70_D0120_P1__G29__ch5__nav_sage_v2__ingestion_20260825_event_path_v1,F1023_V70_D0120_P1,G29,5,2098,1,stage4_joint,los,0,0.4,0,0,,,-7906.77294921875,0,0,mean_relative_power_db,,,,rejected_candidate,stage4-strict-confirmed-v1,scenes/F1023_V70_D0120_P1/sage_results/nav_sage_v2/G29/stage4_joint_paths.csv,d31578bcfa801d7f7e1877c6fae6985f0faa29d5c11c4ea86810f0461138d503,7,eligible_pending_modeling_qa,stage4_source_has_no_path_amplitude_phase_coherence,sage-event-path-db-v1
F1023_V70_D0120_P1__G29__ch5__nav_sage_v2__ingestion_20260825_event_path_v1__event_2100__path_1,F1023_V70_D0120_P1__G29__ch5__nav_sage_v2__ingestion_20260825_event_path_v1__event_2100,F1023_V70_D0120_P1__G29__ch5__nav_sage_v2__ingestion_20260825_event_path_v1,F1023_V70_D0120_P1,G29,5,2100,1,stage4_joint,los,0,0.4,0,0,,,-7906.25341796875,0,0,mean_relative_power_db,,,,rejected_candidate,stage4-strict-confirmed-v1,scenes/F1023_V70_D0120_P1/sage_results/nav_sage_v2/G29/stage4_joint_paths.csv,d31578bcfa801d7f7e1877c6fae6985f0faa29d5c11c4ea86810f0461138d503,8,eligible_pending_modeling_qa,stage4_source_has_no_path_amplitude_phase_coherence,sage-event-path-db-v1
F1023_V70_D0120_P1__G29__ch5__nav_sage_v2__ingestion_20260825_event_path_v1__event_2593__path_1,F1023_V70_D0120_P1__G29__ch5__nav_sage_v2__ingestion_20260825_event_path_v1__event_2593,F1023_V70_D0120_P1__G29__ch5__nav_sage_v2__ingestion_20260825_event_path_v1,F1023_V70_D0120_P1,G29,5,2593,1,stage4_joint,los,0,0.2,0,0,,,-7915.14013671875,0,0,mean_relative_power_db,,,,confirmed_multipath,stage4-strict-confirmed-v1,scenes/F1023_V70_D0120_P1/sage_results/nav_sage_v2/G29/stage4_joint_paths.csv,d31578bcfa801d7f7e1877c6fae6985f0faa29d5c11c4ea86810f0461138d503,9,eligible_pending_modeling_qa,stage4_source_has_no_path_amplitude_phase_coherence,sage-event-path-db-v1
F1023_V70_D0120_P1__G29__ch5__nav_sage_v2__ingestion_20260825_event_path_v1__event_2593__path_2,F1023_V70_D0120_P1__G29__ch5__nav_sage_v2__ingestion_20260825_event_path_v1__event_2593,F1023_V70_D0120_P1__G29__ch5__nav_sage_v2__ingestion_20260825_event_path_v1,F1023_V70_D0120_P1,G29,5,2593,2,stage4_joint,multipath,1,1.3,1.1,0.11,,,-7895.47583462346,19.6643020952852,-8.37792084097364,mean_relative_power_db,,,,confirmed_multipath,stage4-strict-confirmed-v1,scenes/F1023_V70_D0120_P1/sage_results/nav_sage_v2/G29/stage4_joint_paths.csv,d31578bcfa801d7f7e1877c6fae6985f0faa29d5c11c4ea86810f0461138d503,10,eligible_pending_modeling_qa,,sage-event-path-db-v1
F1023_V70_D0120_P1__G29__ch5__nav_sage_v2__ingestion_20260825_event_path_v1__event_2594__path_1,F1023_V70_D0120_P1__G29__ch5__nav_sage_v2__ingestion_20260825_event_path_v1__event_2594,F1023_V70_D0120_P1__G29__ch5__nav_sage_v2__ingestion_20260825_event_path_v1,F1023_V70_D0120_P1,G29,5,2594,1,stage4_joint,los,0,-0.1,0,0,,,-7911.9833984375,0,0,mean_relative_power_db,,,,confirmed_multipath,stage4-strict-confirmed-v1,scenes/F1023_V70_D0120_P1/sage_results/nav_sage_v2/G29/stage4_joint_paths.csv,d31578bcfa801d7f7e1877c6fae6985f0faa29d5c11c4ea86810f0461138d503,11,eligible_pending_modeling_qa,stage4_source_has_no_path_amplitude_phase_coherence,sage-event-path-db-v1
F1023_V70_D0120_P1__G29__ch5__nav_sage_v2__ingestion_20260825_event_path_v1__event_2594__path_2,F1023_V70_D0120_P1__G29__ch5__nav_sage_v2__ingestion_20260825_event_path_v1__event_2594,F1023_V70_D0120_P1__G29__ch5__nav_sage_v2__ingestion_20260825_event_path_v1,F1023_V70_D0120_P1,G29,5,2594,2,stage4_joint,multipath,1,1.1,1.2,0.12,,,-7907.31909634221,4.66430209528517,-2.10703189943137,mean_relative_power_db,,,,confirmed_multipath,stage4-strict-confirmed-v1,scenes/F1023_V70_D0120_P1/sage_results/nav_sage_v2/G29/stage4_joint_paths.csv,d31578bcfa801d7f7e1877c6fae6985f0faa29d5c11c4ea86810f0461138d503,12,eligible_pending_modeling_qa,,sage-event-path-db-v1
F1023_V70_D0120_P1__G31__ch9__nav_sage_v2__ingestion_20260825_event_path_v1__event_540__path_1,F1023_V70_D0120_P1__G31__ch9__nav_sage_v2__ingestion_20260825_event_path_v1__event_540,F1023_V70_D0120_P1__G31__ch9__nav_sage_v2__ingestion_20260825_event_path_v1,F1023_V70_D0120_P1,G31,9,540,1,stage4_joint,los,0,0.1,0,0,,,-7899.5810546875,0,0,mean_relative_power_db,,,,rejected_candidate,stage4-strict-confirmed-v1,scenes/F1023_V70_D0120_P1/sage_results/nav_sage_v2/G31/stage4_joint_paths.csv,57b0b3f41bd22841b1ec64efd86131f463021a2ca6970b72c2e01132f154d055,2,eligible_pending_modeling_qa,stage4_source_has_no_path_amplitude_phase_coherence,sage-event-path-db-v1
F1023_V70_D0120_P1__G31__ch9__nav_sage_v2__ingestion_20260825_event_path_v1__event_783__path_1,F1023_V70_D0120_P1__G31__ch9__nav_sage_v2__ingestion_20260825_event_path_v1__event_783,F1023_V70_D0120_P1__G31__ch9__nav_sage_v2__ingestion_20260825_event_path_v1,F1023_V70_D0120_P1,G31,9,783,1,stage4_joint,los,0,0.7,0,0,,,-7913.59228515625,0,0,mean_relative_power_db,,,,rejected_candidate,stage4-strict-confirmed-v1,scenes/F1023_V70_D0120_P1/sage_results/nav_sage_v2/G31/stage4_joint_paths.csv,57b0b3f41bd22841b1ec64efd86131f463021a2ca6970b72c2e01132f154d055,3,eligible_pending_modeling_qa,stage4_source_has_no_path_amplitude_phase_coherence,sage-event-path-db-v1
F1023_V70_D0120_P1__G31__ch9__nav_sage_v2__ingestion_20260825_event_path_v1__event_784__path_1,F1023_V70_D0120_P1__G31__ch9__nav_sage_v2__ingestion_20260825_event_path_v1__event_784,F1023_V70_D0120_P1__G31__ch9__nav_sage_v2__ingestion_20260825_event_path_v1,F1023_V70_D0120_P1,G31,9,784,1,stage4_joint,los,0,0.7,0,0,,,-7915.3525390625,0,0,mean_relative_power_db,,,,confirmed_multipath,stage4-strict-confirmed-v1,scenes/F1023_V70_D0120_P1/sage_results/nav_sage_v2/G31/stage4_joint_paths.csv,57b0b3f41bd22841b1ec64efd86131f463021a2ca6970b72c2e01132f154d055,4,eligible_pending_modeling_qa,stage4_source_has_no_path_amplitude_phase_coherence,sage-event-path-db-v1
F1023_V70_D0120_P1__G31__ch9__nav_sage_v2__ingestion_20260825_event_path_v1__event_784__path_2,F1023_V70_D0120_P1__G31__ch9__nav_sage_v2__ingestion_20260825_event_path_v1__event_784,F1023_V70_D0120_P1__G31__ch9__nav_sage_v2__ingestion_20260825_event_path_v1,F1023_V70_D0120_P1,G31,9,784,2,stage4_joint,multipath,1,1.7,1,0.1,,,-7902.46655488487,12.8859841776266,-10.2137455218284,mean_relative_power_db,,,,confirmed_multipath,stage4-strict-confirmed-v1,scenes/F1023_V70_D0120_P1/sage_results/nav_sage_v2/G31/stage4_joint_paths.csv,57b0b3f41bd22841b1ec64efd86131f463021a2ca6970b72c2e01132f154d055,5,eligible_pending_modeling_qa,,sage-event-path-db-v1
F1023_V70_D0120_P1__G31__ch9__nav_sage_v2__ingestion_20260825_event_path_v1__event_785__path_1,F1023_V70_D0120_P1__G31__ch9__nav_sage_v2__ingestion_20260825_event_path_v1__event_785,F1023_V70_D0120_P1__G31__ch9__nav_sage_v2__ingestion_20260825_event_path_v1,F1023_V70_D0120_P1,G31,9,785,1,stage4_joint,los,0,0.7,0,0,,,-7913.22607421875,0,0,mean_relative_power_db,,,,rejected_candidate,stage4-strict-confirmed-v1,scenes/F1023_V70_D0120_P1/sage_results/nav_sage_v2/G31/stage4_joint_paths.csv,57b0b3f41bd22841b1ec64efd86131f463021a2ca6970b72c2e01132f154d055,6,eligible_pending_modeling_qa,stage4_source_has_no_path_amplitude_phase_coherence,sage-event-path-db-v1
F1023_V70_D0120_P1__G31__ch9__nav_sage_v2__ingestion_20260825_event_path_v1__event_157__path_1,F1023_V70_D0120_P1__G31__ch9__nav_sage_v2__ingestion_20260825_event_path_v1__event_157,F1023_V70_D0120_P1__G31__ch9__nav_sage_v2__ingestion_20260825_event_path_v1,F1023_V70_D0120_P1,G31,9,157,1,stage4_joint,los,0,0.1,0,0,,,-7908.18701171875,0,0,mean_relative_power_db,,,,rejected_candidate,stage4-strict-confirmed-v1,scenes/F1023_V70_D0120_P1/sage_results/nav_sage_v2/G31/stage4_joint_paths.csv,57b0b3f41bd22841b1ec64efd86131f463021a2ca6970b72c2e01132f154d055,7,eligible_pending_modeling_qa,stage4_source_has_no_path_amplitude_phase_coherence,sage-event-path-db-v1
F1023_V70_D0120_P1__G31__ch9__nav_sage_v2__ingestion_20260825_event_path_v1__event_469__path_1,F1023_V70_D0120_P1__G31__ch9__nav_sage_v2__ingestion_20260825_event_path_v1__event_469,F1023_V70_D0120_P1__G31__ch9__nav_sage_v2__ingestion_20260825_event_path_v1,F1023_V70_D0120_P1,G31,9,469,1,stage4_joint,los,0,0.2,0,0,,,-7902.69580078125,0,0,mean_relative_power_db,,,,confirmed_multipath,stage4-strict-confirmed-v1,scenes/F1023_V70_D0120_P1/sage_results/nav_sage_v2/G31/stage4_joint_paths.csv,57b0b3f41bd22841b1ec64efd86131f463021a2ca6970b72c2e01132f154d055,8,eligible_pending_modeling_qa,stage4_source_has_no_path_amplitude_phase_coherence,sage-event-path-db-v1
F1023_V70_D0120_P1__G31__ch9__nav_sage_v2__ingestion_20260825_event_path_v1__event_469__path_2,F1023_V70_D0120_P1__G31__ch9__nav_sage_v2__ingestion_20260825_event_path_v1__event_469,F1023_V70_D0120_P1__G31__ch9__nav_sage_v2__ingestion_20260825_event_path_v1,F1023_V70_D0120_P1,G31,9,469,2,stage4_joint,multipath,1,1.9,1.7,0.17,,,-7924.00686437825,-21.3110635970042,-6.12322208384473,mean_relative_power_db,,,,confirmed_multipath,stage4-strict-confirmed-v1,scenes/F1023_V70_D0120_P1/sage_results/nav_sage_v2/G31/stage4_joint_paths.csv,57b0b3f41bd22841b1ec64efd86131f463021a2ca6970b72c2e01132f154d055,9,eligible_pending_modeling_qa,,sage-event-path-db-v1
F1023_V70_D0120_P1__G31__ch9__nav_sage_v2__ingestion_20260825_event_path_v1__event_471__path_1,F1023_V70_D0120_P1__G31__ch9__nav_sage_v2__ingestion_20260825_event_path_v1__event_471,F1023_V70_D0120_P1__G31__ch9__nav_sage_v2__ingestion_20260825_event_path_v1,F1023_V70_D0120_P1,G31,9,471,1,stage4_joint,los,0,0.3,0,0,,,-7898.7734375,0,0,mean_relative_power_db,,,,confirmed_multipath,stage4-strict-confirmed-v1,scenes/F1023_V70_D0120_P1/sage_results/nav_sage_v2/G31/stage4_joint_paths.csv,57b0b3f41bd22841b1ec64efd86131f463021a2ca6970b72c2e01132f154d055,10,eligible_pending_modeling_qa,stage4_source_has_no_path_amplitude_phase_coherence,sage-event-path-db-v1
F1023_V70_D0120_P1__G31__ch9__nav_sage_v2__ingestion_20260825_event_path_v1__event_471__path_2,F1023_V70_D0120_P1__G31__ch9__nav_sage_v2__ingestion_20260825_event_path_v1__event_471,F1023_V70_D0120_P1__G31__ch9__nav_sage_v2__ingestion_20260825_event_path_v1,F1023_V70_D0120_P1,G31,9,471,2,stage4_joint,multipath,1,2,1.7,0.17,,,-7915.91066741111,-17.1372299111135,-4.88615542102219,mean_relative_power_db,,,,confirmed_multipath,stage4-strict-confirmed-v1,scenes/F1023_V70_D0120_P1/sage_results/nav_sage_v2/G31/stage4_joint_paths.csv,57b0b3f41bd22841b1ec64efd86131f463021a2ca6970b72c2e01132f154d055,11,eligible_pending_modeling_qa,,sage-event-path-db-v1
F1023_V70_D0120_P1__G31__ch9__nav_sage_v2__ingestion_20260825_event_path_v1__event_594__path_1,F1023_V70_D0120_P1__G31__ch9__nav_sage_v2__ingestion_20260825_event_path_v1__event_594,F1023_V70_D0120_P1__G31__ch9__nav_sage_v2__ingestion_20260825_event_path_v1,F1023_V70_D0120_P1,G31,9,594,1,stage4_joint,los,0,-0.2,0,0,,,-7895.6591796875,0,0,mean_relative_power_db,,,,confirmed_multipath,stage4-strict-confirmed-v1,scenes/F1023_V70_D0120_P1/sage_results/nav_sage_v2/G31/stage4_joint_paths.csv,57b0b3f41bd22841b1ec64efd86131f463021a2ca6970b72c2e01132f154d055,12,eligible_pending_modeling_qa,stage4_source_has_no_path_amplitude_phase_coherence,sage-event-path-db-v1
F1023_V70_D0120_P1__G31__ch9__nav_sage_v2__ingestion_20260825_event_path_v1__event_594__path_2,F1023_V70_D0120_P1__G31__ch9__nav_sage_v2__ingestion_20260825_event_path_v1__event_594,F1023_V70_D0120_P1__G31__ch9__nav_sage_v2__ingestion_20260825_event_path_v1,F1023_V70_D0120_P1,G31,9,594,2,stage4_joint,multipath,1,1,1.2,0.12,,,-7926.68252828071,-31.0233485932058,-6.06877775185129,mean_relative_power_db,,,,confirmed_multipath,stage4-strict-confirmed-v1,scenes/F1023_V70_D0120_P1/sage_results/nav_sage_v2/G31/stage4_joint_paths.csv,57b0b3f41bd22841b1ec64efd86131f463021a2ca6970b72c2e01132f154d055,13,eligible_pending_modeling_qa,,sage-event-path-db-v1
F1023_V70_D0120_P5__G18__ch2__nav_sage_v2__ingestion_20260825_event_path_v1__event_1086__path_1,F1023_V70_D0120_P5__G18__ch2__nav_sage_v2__ingestion_20260825_event_path_v1__event_1086,F1023_V70_D0120_P5__G18__ch2__nav_sage_v2__ingestion_20260825_event_path_v1,F1023_V70_D0120_P5,G18,2,1086,1,stage4_joint,los,0,0.3,0,0,,,-4618.80859375,0,0,mean_relative_power_db,,,,rejected_candidate,stage4-strict-confirmed-v1,scenes/F1023_V70_D0120_P5/sage_results/nav_sage_v2/G18/stage4_joint_paths.csv,d85483af3f5285ef6778decb83bcde4e823fba401f872e7ba8a49edef43b0e1f,2,eligible_pending_modeling_qa,stage4_source_has_no_path_amplitude_phase_coherence,sage-event-path-db-v1
F1023_V70_D0120_P5__G18__ch2__nav_sage_v2__ingestion_20260825_event_path_v1__event_1087__path_1,F1023_V70_D0120_P5__G18__ch2__nav_sage_v2__ingestion_20260825_event_path_v1__event_1087,F1023_V70_D0120_P5__G18__ch2__nav_sage_v2__ingestion_20260825_event_path_v1,F1023_V70_D0120_P5,G18,2,1087,1,stage4_joint,los,0,0.2,0,0,,,-4619.59130859375,0,0,mean_relative_power_db,,,,rejected_candidate,stage4-strict-confirmed-v1,scenes/F1023_V70_D0120_P5/sage_results/nav_sage_v2/G18/stage4_joint_paths.csv,d85483af3f5285ef6778decb83bcde4e823fba401f872e7ba8a49edef43b0e1f,3,eligible_pending_modeling_qa,stage4_source_has_no_path_amplitude_phase_coherence,sage-event-path-db-v1
F1023_V70_D0120_P5__G18__ch2__nav_sage_v2__ingestion_20260825_event_path_v1__event_1088__path_1,F1023_V70_D0120_P5__G18__ch2__nav_sage_v2__ingestion_20260825_event_path_v1__event_1088,F1023_V70_D0120_P5__G18__ch2__nav_sage_v2__ingestion_20260825_event_path_v1,F1023_V70_D0120_P5,G18,2,1088,1,stage4_joint,los,0,0.5,0,0,,,-4618.94677734375,0,0,mean_relative_power_db,,,,rejected_candidate,stage4-strict-confirmed-v1,scenes/F1023_V70_D0120_P5/sage_results/nav_sage_v2/G18/stage4_joint_paths.csv,d85483af3f5285ef6778decb83bcde4e823fba401f872e7ba8a49edef43b0e1f,4,eligible_pending_modeling_qa,stage4_source_has_no_path_amplitude_phase_coherence,sage-event-path-db-v1
F1023_V70_D0120_P5__G18__ch2__nav_sage_v2__ingestion_20260825_event_path_v1__event_874__path_1,F1023_V70_D0120_P5__G18__ch2__nav_sage_v2__ingestion_20260825_event_path_v1__event_874,F1023_V70_D0120_P5__G18__ch2__nav_sage_v2__ingestion_20260825_event_path_v1,F1023_V70_D0120_P5,G18,2,874,1,stage4_joint,los,0,0.1,0,0,,,-4618.396484375,0,0,mean_relative_power_db,,,,confirmed_multipath,stage4-strict-confirmed-v1,scenes/F1023_V70_D0120_P5/sage_results/nav_sage_v2/G18/stage4_joint_paths.csv,d85483af3f5285ef6778decb83bcde4e823fba401f872e7ba8a49edef43b0e1f,5,eligible_pending_modeling_qa,stage4_source_has_no_path_amplitude_phase_coherence,sage-event-path-db-v1
F1023_V70_D0120_P5__G18__ch2__nav_sage_v2__ingestion_20260825_event_path_v1__event_874__path_2,F1023_V70_D0120_P5__G18__ch2__nav_sage_v2__ingestion_20260825_event_path_v1__event_874,F1023_V70_D0120_P5__G18__ch2__nav_sage_v2__ingestion_20260825_event_path_v1,F1023_V70_D0120_P5,G18,2,874,2,stage4_joint,multipath,1,1.1,1,0.1,,,-4608.73218227971,9.66430209528517,-7.85419886106737,mean_relative_power_db,,,,confirmed_multipath,stage4-strict-confirmed-v1,scenes/F1023_V70_D0120_P5/sage_results/nav_sage_v2/G18/stage4_joint_paths.csv,d85483af3f5285ef6778decb83bcde4e823fba401f872e7ba8a49edef43b0e1f,6,eligible_pending_modeling_qa,,sage-event-path-db-v1
F1023_V70_D0120_P5__G23__ch0__nav_sage_v2__ingestion_20260825_event_path_v1__event_178__path_1,F1023_V70_D0120_P5__G23__ch0__nav_sage_v2__ingestion_20260825_event_path_v1__event_178,F1023_V70_D0120_P5__G23__ch0__nav_sage_v2__ingestion_20260825_event_path_v1,F1023_V70_D0120_P5,G23,0,178,1,stage4_joint,los,0,0.3,0,0,,,-1708.21557617188,0,0,mean_relative_power_db,,,,rejected_candidate,stage4-strict-confirmed-v1,scenes/F1023_V70_D0120_P5/sage_results/nav_sage_v2/G23/stage4_joint_paths.csv,2caa51da3c90e922feeb8db8253272eb0d10dcc9090f7801f519aca819afd3fa,2,eligible_pending_modeling_qa,stage4_source_has_no_path_amplitude_phase_coherence,sage-event-path-db-v1
F1023_V70_D0120_P5__G23__ch0__nav_sage_v2__ingestion_20260825_event_path_v1__event_16__path_1,F1023_V70_D0120_P5__G23__ch0__nav_sage_v2__ingestion_20260825_event_path_v1__event_16,F1023_V70_D0120_P5__G23__ch0__nav_sage_v2__ingestion_20260825_event_path_v1,F1023_V70_D0120_P5,G23,0,16,1,stage4_joint,los,0,0.2,0,0,,,-1707.99035644531,0,0,mean_relative_power_db,,,,rejected_candidate,stage4-strict-confirmed-v1,scenes/F1023_V70_D0120_P5/sage_results/nav_sage_v2/G23/stage4_joint_paths.csv,2caa51da3c90e922feeb8db8253272eb0d10dcc9090f7801f519aca819afd3fa,3,eligible_pending_modeling_qa,stage4_source_has_no_path_amplitude_phase_coherence,sage-event-path-db-v1
F1023_V70_D0120_P5__G23__ch0__nav_sage_v2__ingestion_20260825_event_path_v1__event_17__path_1,F1023_V70_D0120_P5__G23__ch0__nav_sage_v2__ingestion_20260825_event_path_v1__event_17,F1023_V70_D0120_P5__G23__ch0__nav_sage_v2__ingestion_20260825_event_path_v1,F1023_V70_D0120_P5,G23,0,17,1,stage4_joint,los,0,0.2,0,0,,,-1708.77026367188,0,0,mean_relative_power_db,,,,rejected_candidate,stage4-strict-confirmed-v1,scenes/F1023_V70_D0120_P5/sage_results/nav_sage_v2/G23/stage4_joint_paths.csv,2caa51da3c90e922feeb8db8253272eb0d10dcc9090f7801f519aca819afd3fa,4,eligible_pending_modeling_qa,stage4_source_has_no_path_amplitude_phase_coherence,sage-event-path-db-v1
F1023_V70_D0120_P5__G23__ch0__nav_sage_v2__ingestion_20260825_event_path_v1__event_18__path_1,F1023_V70_D0120_P5__G23__ch0__nav_sage_v2__ingestion_20260825_event_path_v1__event_18,F1023_V70_D0120_P5__G23__ch0__nav_sage_v2__ingestion_20260825_event_path_v1,F1023_V70_D0120_P5,G23,0,18,1,stage4_joint,los,0,1.2,0,0,,,-1707.78491210938,0,0,mean_relative_power_db,,,,rejected_candidate,stage4-strict-confirmed-v1,scenes/F1023_V70_D0120_P5/sage_results/nav_sage_v2/G23/stage4_joint_paths.csv,2caa51da3c90e922feeb8db8253272eb0d10dcc9090f7801f519aca819afd3fa,5,eligible_pending_modeling_qa,stage4_source_has_no_path_amplitude_phase_coherence,sage-event-path-db-v1
F1023_V70_D0120_P5__G23__ch0__nav_sage_v2__ingestion_20260825_event_path_v1__event_65__path_1,F1023_V70_D0120_P5__G23__ch0__nav_sage_v2__ingestion_20260825_event_path_v1__event_65,F1023_V70_D0120_P5__G23__ch0__nav_sage_v2__ingestion_20260825_event_path_v1,F1023_V70_D0120_P5,G23,0,65,1,stage4_joint,los,0,1.1,0,0,,,-1704.62561035156,0,0,mean_relative_power_db,,,,rejected_candidate,stage4-strict-confirmed-v1,scenes/F1023_V70_D0120_P5/sage_results/nav_sage_v2/G23/stage4_joint_paths.csv,2caa51da3c90e922feeb8db8253272eb0d10dcc9090f7801f519aca819afd3fa,6,eligible_pending_modeling_qa,stage4_source_has_no_path_amplitude_phase_coherence,sage-event-path-db-v1
F1023_V70_D0120_P5__G23__ch0__nav_sage_v2__ingestion_20260825_event_path_v1__event_66__path_1,F1023_V70_D0120_P5__G23__ch0__nav_sage_v2__ingestion_20260825_event_path_v1__event_66,F1023_V70_D0120_P5__G23__ch0__nav_sage_v2__ingestion_20260825_event_path_v1,F1023_V70_D0120_P5,G23,0,66,1,stage4_joint,los,0,0.4,0,0,,,-1704.83825683594,0,0,mean_relative_power_db,,,,rejected_candidate,stage4-strict-confirmed-v1,scenes/F1023_V70_D0120_P5/sage_results/nav_sage_v2/G23/stage4_joint_paths.csv,2caa51da3c90e922feeb8db8253272eb0d10dcc9090f7801f519aca819afd3fa,7,eligible_pending_modeling_qa,stage4_source_has_no_path_amplitude_phase_coherence,sage-event-path-db-v1
F1023_V70_D0120_P5__G23__ch0__nav_sage_v2__ingestion_20260825_event_path_v1__event_67__path_1,F1023_V70_D0120_P5__G23__ch0__nav_sage_v2__ingestion_20260825_event_path_v1__event_67,F1023_V70_D0120_P5__G23__ch0__nav_sage_v2__ingestion_20260825_event_path_v1,F1023_V70_D0120_P5,G23,0,67,1,stage4_joint,los,0,0.3,0,0,,,-1706.40441894531,0,0,mean_relative_power_db,,,,rejected_candidate,stage4-strict-confirmed-v1,scenes/F1023_V70_D0120_P5/sage_results/nav_sage_v2/G23/stage4_joint_paths.csv,2caa51da3c90e922feeb8db8253272eb0d10dcc9090f7801f519aca819afd3fa,8,eligible_pending_modeling_qa,stage4_source_has_no_path_amplitude_phase_coherence,sage-event-path-db-v1
F1023_V70_D0120_P5__G23__ch0__nav_sage_v2__ingestion_20260825_event_path_v1__event_84__path_1,F1023_V70_D0120_P5__G23__ch0__nav_sage_v2__ingestion_20260825_event_path_v1__event_84,F1023_V70_D0120_P5__G23__ch0__nav_sage_v2__ingestion_20260825_event_path_v1,F1023_V70_D0120_P5,G23,0,84,1,stage4_joint,los,0,0.2,0,0,,,-1706.84008789062,0,0,mean_relative_power_db,,,,rejected_candidate,stage4-strict-confirmed-v1,scenes/F1023_V70_D0120_P5/sage_results/nav_sage_v2/G23/stage4_joint_paths.csv,2caa51da3c90e922feeb8db8253272eb0d10dcc9090f7801f519aca819afd3fa,9,eligible_pending_modeling_qa,stage4_source_has_no_path_amplitude_phase_coherence,sage-event-path-db-v1
F1023_V70_D0120_P5__G26__ch7__nav_sage_v2__ingestion_20260825_event_path_v1__event_122__path_1,F1023_V70_D0120_P5__G26__ch7__nav_sage_v2__ingestion_20260825_event_path_v1__event_122,F1023_V70_D0120_P5__G26__ch7__nav_sage_v2__ingestion_20260825_event_path_v1,F1023_V70_D0120_P5,G26,7,122,1,stage4_joint,los,0,0.3,0,0,,,-5411.2353515625,0,0,mean_relative_power_db,,,,rejected_candidate,stage4-strict-confirmed-v1,scenes/F1023_V70_D0120_P5/sage_results/nav_sage_v2/G26/stage4_joint_paths.csv,855c49eedcfd007ecd064215674789f2bfb41bb556e292d5c608d621bca23bc8,2,eligible_pending_modeling_qa,stage4_source_has_no_path_amplitude_phase_coherence,sage-event-path-db-v1
F1023_V70_D0120_P5__G26__ch7__nav_sage_v2__ingestion_20260825_event_path_v1__event_123__path_1,F1023_V70_D0120_P5__G26__ch7__nav_sage_v2__ingestion_20260825_event_path_v1__event_123,F1023_V70_D0120_P5__G26__ch7__nav_sage_v2__ingestion_20260825_event_path_v1,F1023_V70_D0120_P5,G26,7,123,1,stage4_joint,los,0,0.4,0,0,,,-5412.564453125,0,0,mean_relative_power_db,,,,rejected_candidate,stage4-strict-confirmed-v1,scenes/F1023_V70_D0120_P5/sage_results/nav_sage_v2/G26/stage4_joint_paths.csv,855c49eedcfd007ecd064215674789f2bfb41bb556e292d5c608d621bca23bc8,3,eligible_pending_modeling_qa,stage4_source_has_no_path_amplitude_phase_coherence,sage-event-path-db-v1
F1023_V70_D0120_P5__G26__ch7__nav_sage_v2__ingestion_20260825_event_path_v1__event_121__path_1,F1023_V70_D0120_P5__G26__ch7__nav_sage_v2__ingestion_20260825_event_path_v1__event_121,F1023_V70_D0120_P5__G26__ch7__nav_sage_v2__ingestion_20260825_event_path_v1,F1023_V70_D0120_P5,G26,7,121,1,stage4_joint,los,0,0.4,0,0,,,-5410.90283203125,0,0,mean_relative_power_db,,,,rejected_candidate,stage4-strict-confirmed-v1,scenes/F1023_V70_D0120_P5/sage_results/nav_sage_v2/G26/stage4_joint_paths.csv,855c49eedcfd007ecd064215674789f2bfb41bb556e292d5c608d621bca23bc8,4,eligible_pending_modeling_qa,stage4_source_has_no_path_amplitude_phase_coherence,sage-event-path-db-v1
F1023_V70_D0120_P5__G26__ch7__nav_sage_v2__ingestion_20260825_event_path_v1__event_124__path_1,F1023_V70_D0120_P5__G26__ch7__nav_sage_v2__ingestion_20260825_event_path_v1__event_124,F1023_V70_D0120_P5__G26__ch7__nav_sage_v2__ingestion_20260825_event_path_v1,F1023_V70_D0120_P5,G26,7,124,1,stage4_joint,los,0,0.4,0,0,,,-5413.5341796875,0,0,mean_relative_power_db,,,,confirmed_multipath,stage4-strict-confirmed-v1,scenes/F1023_V70_D0120_P5/sage_results/nav_sage_v2/G26/stage4_joint_paths.csv,855c49eedcfd007ecd064215674789f2bfb41bb556e292d5c608d621bca23bc8,5,eligible_pending_modeling_qa,stage4_source_has_no_path_amplitude_phase_coherence,sage-event-path-db-v1
F1023_V70_D0120_P5__G26__ch7__nav_sage_v2__ingestion_20260825_event_path_v1__event_124__path_2,F1023_V70_D0120_P5__G26__ch7__nav_sage_v2__ingestion_20260825_event_path_v1__event_124,F1023_V70_D0120_P5__G26__ch7__nav_sage_v2__ingestion_20260825_event_path_v1,F1023_V70_D0120_P5,G26,7,124,2,stage4_joint,multipath,1,1.5,1.1,0.11,,,-5403.86987759221,9.66430209528517,-12.5674704012421,mean_relative_power_db,,,,confirmed_multipath,stage4-strict-confirmed-v1,scenes/F1023_V70_D0120_P5/sage_results/nav_sage_v2/G26/stage4_joint_paths.csv,855c49eedcfd007ecd064215674789f2bfb41bb556e292d5c608d621bca23bc8,6,eligible_pending_modeling_qa,,sage-event-path-db-v1
F1023_V70_D0120_P5__G26__ch7__nav_sage_v2__ingestion_20260825_event_path_v1__event_136__path_1,F1023_V70_D0120_P5__G26__ch7__nav_sage_v2__ingestion_20260825_event_path_v1__event_136,F1023_V70_D0120_P5__G26__ch7__nav_sage_v2__ingestion_20260825_event_path_v1,F1023_V70_D0120_P5,G26,7,136,1,stage4_joint,los,0,0.1,0,0,,,-5411.07568359375,0,0,mean_relative_power_db,,,,rejected_candidate,stage4-strict-confirmed-v1,scenes/F1023_V70_D0120_P5/sage_results/nav_sage_v2/G26/stage4_joint_paths.csv,855c49eedcfd007ecd064215674789f2bfb41bb556e292d5c608d621bca23bc8,7,eligible_pending_modeling_qa,stage4_source_has_no_path_amplitude_phase_coherence,sage-event-path-db-v1
F1023_V70_D0120_P5__G26__ch7__nav_sage_v2__ingestion_20260825_event_path_v1__event_137__path_1,F1023_V70_D0120_P5__G26__ch7__nav_sage_v2__ingestion_20260825_event_path_v1__event_137,F1023_V70_D0120_P5__G26__ch7__nav_sage_v2__ingestion_20260825_event_path_v1,F1023_V70_D0120_P5,G26,7,137,1,stage4_joint,los,0,0.2,0,0,,,-5413.2578125,0,0,mean_relative_power_db,,,,rejected_candidate,stage4-strict-confirmed-v1,scenes/F1023_V70_D0120_P5/sage_results/nav_sage_v2/G26/stage4_joint_paths.csv,855c49eedcfd007ecd064215674789f2bfb41bb556e292d5c608d621bca23bc8,8,eligible_pending_modeling_qa,stage4_source_has_no_path_amplitude_phase_coherence,sage-event-path-db-v1
F1023_V70_D0120_P5__G26__ch7__nav_sage_v2__ingestion_20260825_event_path_v1__event_138__path_1,F1023_V70_D0120_P5__G26__ch7__nav_sage_v2__ingestion_20260825_event_path_v1__event_138,F1023_V70_D0120_P5__G26__ch7__nav_sage_v2__ingestion_20260825_event_path_v1,F1023_V70_D0120_P5,G26,7,138,1,stage4_joint,los,0,0.3,0,0,,,-5413.71630859375,0,0,mean_relative_power_db,,,,rejected_candidate,stage4-strict-confirmed-v1,scenes/F1023_V70_D0120_P5/sage_results/nav_sage_v2/G26/stage4_joint_paths.csv,855c49eedcfd007ecd064215674789f2bfb41bb556e292d5c608d621bca23bc8,9,eligible_pending_modeling_qa,stage4_source_has_no_path_amplitude_phase_coherence,sage-event-path-db-v1
F1023_V70_D0120_P5__G26__ch7__nav_sage_v2__ingestion_20260825_event_path_v1__event_286__path_1,F1023_V70_D0120_P5__G26__ch7__nav_sage_v2__ingestion_20260825_event_path_v1__event_286,F1023_V70_D0120_P5__G26__ch7__nav_sage_v2__ingestion_20260825_event_path_v1,F1023_V70_D0120_P5,G26,7,286,1,stage4_joint,los,0,1.11022302462516e-16,0,0,,,-5412.93603515625,0,0,mean_relative_power_db,,,,confirmed_multipath,stage4-strict-confirmed-v1,scenes/F1023_V70_D0120_P5/sage_results/nav_sage_v2/G26/stage4_joint_paths.csv,855c49eedcfd007ecd064215674789f2bfb41bb556e292d5c608d621bca23bc8,10,eligible_pending_modeling_qa,stage4_source_has_no_path_amplitude_phase_coherence,sage-event-path-db-v1
F1023_V70_D0120_P5__G26__ch7__nav_sage_v2__ingestion_20260825_event_path_v1__event_286__path_2,F1023_V70_D0120_P5__G26__ch7__nav_sage_v2__ingestion_20260825_event_path_v1__event_286,F1023_V70_D0120_P5__G26__ch7__nav_sage_v2__ingestion_20260825_event_path_v1,F1023_V70_D0120_P5,G26,7,286,2,stage4_joint,multipath,1,1.1,1.1,0.11,,,-5418.27173306096,-5.33569790471483,-6.03250890183562,mean_relative_power_db,,,,confirmed_multipath,stage4-strict-confirmed-v1,scenes/F1023_V70_D0120_P5/sage_results/nav_sage_v2/G26/stage4_joint_paths.csv,855c49eedcfd007ecd064215674789f2bfb41bb556e292d5c608d621bca23bc8,11,eligible_pending_modeling_qa,,sage-event-path-db-v1
F1023_V70_D0120_P7__G18__ch4__nav_sage_v2__ingestion_20260825_event_path_v1__event_145__path_1,F1023_V70_D0120_P7__G18__ch4__nav_sage_v2__ingestion_20260825_event_path_v1__event_145,F1023_V70_D0120_P7__G18__ch4__nav_sage_v2__ingestion_20260825_event_path_v1,F1023_V70_D0120_P7,G18,4,145,1,stage4_joint,los,0,0.4,0,0,,,-4817.0107421875,0,0,mean_relative_power_db,,,,rejected_candidate,stage4-strict-confirmed-v1,scenes/F1023_V70_D0120_P7/sage_results/nav_sage_v2/G18/stage4_joint_paths.csv,b0091149a459357d0b10f82191dfaeac1b495b843a88aaa9104c525bf82d28e4,2,eligible_pending_modeling_qa,stage4_source_has_no_path_amplitude_phase_coherence,sage-event-path-db-v1
F1023_V70_D0120_P7__G18__ch4__nav_sage_v2__ingestion_20260825_event_path_v1__event_352__path_1,F1023_V70_D0120_P7__G18__ch4__nav_sage_v2__ingestion_20260825_event_path_v1__event_352,F1023_V70_D0120_P7__G18__ch4__nav_sage_v2__ingestion_20260825_event_path_v1,F1023_V70_D0120_P7,G18,4,352,1,stage4_joint,los,0,0.4,0,0,,,-4818.5166015625,0,0,mean_relative_power_db,,,,rejected_candidate,stage4-strict-confirmed-v1,scenes/F1023_V70_D0120_P7/sage_results/nav_sage_v2/G18/stage4_joint_paths.csv,b0091149a459357d0b10f82191dfaeac1b495b843a88aaa9104c525bf82d28e4,3,eligible_pending_modeling_qa,stage4_source_has_no_path_amplitude_phase_coherence,sage-event-path-db-v1
F1023_V70_D0120_P7__G18__ch4__nav_sage_v2__ingestion_20260825_event_path_v1__event_982__path_1,F1023_V70_D0120_P7__G18__ch4__nav_sage_v2__ingestion_20260825_event_path_v1__event_982,F1023_V70_D0120_P7__G18__ch4__nav_sage_v2__ingestion_20260825_event_path_v1,F1023_V70_D0120_P7,G18,4,982,1,stage4_joint,los,0,0.2,0,0,,,-4829.28515625,0,0,mean_relative_power_db,,,,rejected_candidate,stage4-strict-confirmed-v1,scenes/F1023_V70_D0120_P7/sage_results/nav_sage_v2/G18/stage4_joint_paths.csv,b0091149a459357d0b10f82191dfaeac1b495b843a88aaa9104c525bf82d28e4,4,eligible_pending_modeling_qa,stage4_source_has_no_path_amplitude_phase_coherence,sage-event-path-db-v1
F1023_V70_D0120_P7__G18__ch4__nav_sage_v2__ingestion_20260825_event_path_v1__event_84__path_1,F1023_V70_D0120_P7__G18__ch4__nav_sage_v2__ingestion_20260825_event_path_v1__event_84,F1023_V70_D0120_P7__G18__ch4__nav_sage_v2__ingestion_20260825_event_path_v1,F1023_V70_D0120_P7,G18,4,84,1,stage4_joint,los,0,0.1,0,0,,,-4814.7392578125,0,0,mean_relative_power_db,,,,confirmed_multipath,stage4-strict-confirmed-v1,scenes/F1023_V70_D0120_P7/sage_results/nav_sage_v2/G18/stage4_joint_paths.csv,b0091149a459357d0b10f82191dfaeac1b495b843a88aaa9104c525bf82d28e4,5,eligible_pending_modeling_qa,stage4_source_has_no_path_amplitude_phase_coherence,sage-event-path-db-v1
F1023_V70_D0120_P7__G18__ch4__nav_sage_v2__ingestion_20260825_event_path_v1__event_84__path_2,F1023_V70_D0120_P7__G18__ch4__nav_sage_v2__ingestion_20260825_event_path_v1__event_84,F1023_V70_D0120_P7__G18__ch4__nav_sage_v2__ingestion_20260825_event_path_v1,F1023_V70_D0120_P7,G18,4,84,2,stage4_joint,multipath,1,1.1,1,0.1,,,-4820.07495571721,-5.33569790471483,-6.6344569939449,mean_relative_power_db,,,,confirmed_multipath,stage4-strict-confirmed-v1,scenes/F1023_V70_D0120_P7/sage_results/nav_sage_v2/G18/stage4_joint_paths.csv,b0091149a459357d0b10f82191dfaeac1b495b843a88aaa9104c525bf82d28e4,6,eligible_pending_modeling_qa,,sage-event-path-db-v1
F1023_V70_D0120_P7__G18__ch4__nav_sage_v2__ingestion_20260825_event_path_v1__event_350__path_1,F1023_V70_D0120_P7__G18__ch4__nav_sage_v2__ingestion_20260825_event_path_v1__event_350,F1023_V70_D0120_P7__G18__ch4__nav_sage_v2__ingestion_20260825_event_path_v1,F1023_V70_D0120_P7,G18,4,350,1,stage4_joint,los,0,0.4,0,0,,,-4818.67919921875,0,0,mean_relative_power_db,,,,rejected_candidate,stage4-strict-confirmed-v1,scenes/F1023_V70_D0120_P7/sage_results/nav_sage_v2/G18/stage4_joint_paths.csv,b0091149a459357d0b10f82191dfaeac1b495b843a88aaa9104c525bf82d28e4,7,eligible_pending_modeling_qa,stage4_source_has_no_path_amplitude_phase_coherence,sage-event-path-db-v1
F1023_V70_D0120_P7__G18__ch4__nav_sage_v2__ingestion_20260825_event_path_v1__event_417__path_1,F1023_V70_D0120_P7__G18__ch4__nav_sage_v2__ingestion_20260825_event_path_v1__event_417,F1023_V70_D0120_P7__G18__ch4__nav_sage_v2__ingestion_20260825_event_path_v1,F1023_V70_D0120_P7,G18,4,417,1,stage4_joint,los,0,1.11022302462516e-16,0,0,,,-4817.6953125,0,0,mean_relative_power_db,,,,confirmed_multipath,stage4-strict-confirmed-v1,scenes/F1023_V70_D0120_P7/sage_results/nav_sage_v2/G18/stage4_joint_paths.csv,b0091149a459357d0b10f82191dfaeac1b495b843a88aaa9104c525bf82d28e4,8,eligible_pending_modeling_qa,stage4_source_has_no_path_amplitude_phase_coherence,sage-event-path-db-v1
F1023_V70_D0120_P7__G18__ch4__nav_sage_v2__ingestion_20260825_event_path_v1__event_417__path_2,F1023_V70_D0120_P7__G18__ch4__nav_sage_v2__ingestion_20260825_event_path_v1__event_417,F1023_V70_D0120_P7__G18__ch4__nav_sage_v2__ingestion_20260825_event_path_v1,F1023_V70_D0120_P7,G18,4,417,2,stage4_joint,multipath,1,1,1,0.1,,,-4823.08011239099,-5.38479989099415,-4.73078763183884,mean_relative_power_db,,,,confirmed_multipath,stage4-strict-confirmed-v1,scenes/F1023_V70_D0120_P7/sage_results/nav_sage_v2/G18/stage4_joint_paths.csv,b0091149a459357d0b10f82191dfaeac1b495b843a88aaa9104c525bf82d28e4,9,eligible_pending_modeling_qa,,sage-event-path-db-v1
F1023_V70_D0120_P7__G18__ch4__nav_sage_v2__ingestion_20260825_event_path_v1__event_2197__path_1,F1023_V70_D0120_P7__G18__ch4__nav_sage_v2__ingestion_20260825_event_path_v1__event_2197,F1023_V70_D0120_P7__G18__ch4__nav_sage_v2__ingestion_20260825_event_path_v1,F1023_V70_D0120_P7,G18,4,2197,1,stage4_joint,los,0,0.1,0,0,,,-4846.87255859375,0,0,mean_relative_power_db,,,,rejected_candidate,stage4-strict-confirmed-v1,scenes/F1023_V70_D0120_P7/sage_results/nav_sage_v2/G18/stage4_joint_paths.csv,b0091149a459357d0b10f82191dfaeac1b495b843a88aaa9104c525bf82d28e4,10,eligible_pending_modeling_qa,stage4_source_has_no_path_amplitude_phase_coherence,sage-event-path-db-v1
F1023_V70_D0120_P7__G26__ch6__nav_sage_v2__ingestion_20260825_event_path_v1__event_421__path_1,F1023_V70_D0120_P7__G26__ch6__nav_sage_v2__ingestion_20260825_event_path_v1__event_421,F1023_V70_D0120_P7__G26__ch6__nav_sage_v2__ingestion_20260825_event_path_v1,F1023_V70_D0120_P7,G26,6,421,1,stage4_joint,los,0,0.3,0,0,,,-5613.2373046875,0,0,mean_relative_power_db,,,,rejected_candidate,stage4-strict-confirmed-v1,scenes/F1023_V70_D0120_P7/sage_results/nav_sage_v2/G26/stage4_joint_paths.csv,73fefe7d9a593ca449cb04f5942ff50c2cb0b53a69f2238bf5a9881a00c19f7a,2,eligible_pending_modeling_qa,stage4_source_has_no_path_amplitude_phase_coherence,sage-event-path-db-v1
F1023_V70_D0120_P7__G26__ch6__nav_sage_v2__ingestion_20260825_event_path_v1__event_957__path_1,F1023_V70_D0120_P7__G26__ch6__nav_sage_v2__ingestion_20260825_event_path_v1__event_957,F1023_V70_D0120_P7__G26__ch6__nav_sage_v2__ingestion_20260825_event_path_v1,F1023_V70_D0120_P7,G26,6,957,1,stage4_joint,los,0,0.5,0,0,,,-5623.388671875,0,0,mean_relative_power_db,,,,rejected_candidate,stage4-strict-confirmed-v1,scenes/F1023_V70_D0120_P7/sage_results/nav_sage_v2/G26/stage4_joint_paths.csv,73fefe7d9a593ca449cb04f5942ff50c2cb0b53a69f2238bf5a9881a00c19f7a,3,eligible_pending_modeling_qa,stage4_source_has_no_path_amplitude_phase_coherence,sage-event-path-db-v1
F1023_V70_D0120_P7__G26__ch6__nav_sage_v2__ingestion_20260825_event_path_v1__event_958__path_1,F1023_V70_D0120_P7__G26__ch6__nav_sage_v2__ingestion_20260825_event_path_v1__event_958,F1023_V70_D0120_P7__G26__ch6__nav_sage_v2__ingestion_20260825_event_path_v1,F1023_V70_D0120_P7,G26,6,958,1,stage4_joint,los,0,0.4,0,0,,,-5620.35888671875,0,0,mean_relative_power_db,,,,rejected_candidate,stage4-strict-confirmed-v1,scenes/F1023_V70_D0120_P7/sage_results/nav_sage_v2/G26/stage4_joint_paths.csv,73fefe7d9a593ca449cb04f5942ff50c2cb0b53a69f2238bf5a9881a00c19f7a,4,eligible_pending_modeling_qa,stage4_source_has_no_path_amplitude_phase_coherence,sage-event-path-db-v1
F1023_V70_D0120_P7__G26__ch6__nav_sage_v2__ingestion_20260825_event_path_v1__event_959__path_1,F1023_V70_D0120_P7__G26__ch6__nav_sage_v2__ingestion_20260825_event_path_v1__event_959,F1023_V70_D0120_P7__G26__ch6__nav_sage_v2__ingestion_20260825_event_path_v1,F1023_V70_D0120_P7,G26,6,959,1,stage4_joint,los,0,0.3,0,0,,,-5624.33251953125,0,0,mean_relative_power_db,,,,rejected_candidate,stage4-strict-confirmed-v1,scenes/F1023_V70_D0120_P7/sage_results/nav_sage_v2/G26/stage4_joint_paths.csv,73fefe7d9a593ca449cb04f5942ff50c2cb0b53a69f2238bf5a9881a00c19f7a,5,eligible_pending_modeling_qa,stage4_source_has_no_path_amplitude_phase_coherence,sage-event-path-db-v1
F1023_V70_D0120_P7__G26__ch6__nav_sage_v2__ingestion_20260825_event_path_v1__event_939__path_1,F1023_V70_D0120_P7__G26__ch6__nav_sage_v2__ingestion_20260825_event_path_v1__event_939,F1023_V70_D0120_P7__G26__ch6__nav_sage_v2__ingestion_20260825_event_path_v1,F1023_V70_D0120_P7,G26,6,939,1,stage4_joint,los,0,0.4,0,0,,,-5620.61279296875,0,0,mean_relative_power_db,,,,rejected_candidate,stage4-strict-confirmed-v1,scenes/F1023_V70_D0120_P7/sage_results/nav_sage_v2/G26/stage4_joint_paths.csv,73fefe7d9a593ca449cb04f5942ff50c2cb0b53a69f2238bf5a9881a00c19f7a,6,eligible_pending_modeling_qa,stage4_source_has_no_path_amplitude_phase_coherence,sage-event-path-db-v1
F1023_V70_D0120_P7__G26__ch6__nav_sage_v2__ingestion_20260825_event_path_v1__event_956__path_1,F1023_V70_D0120_P7__G26__ch6__nav_sage_v2__ingestion_20260825_event_path_v1__event_956,F1023_V70_D0120_P7__G26__ch6__nav_sage_v2__ingestion_20260825_event_path_v1,F1023_V70_D0120_P7,G26,6,956,1,stage4_joint,los,0,0.6,0,0,,,-5624.38623046875,0,0,mean_relative_power_db,,,,rejected_candidate,stage4-strict-confirmed-v1,scenes/F1023_V70_D0120_P7/sage_results/nav_sage_v2/G26/stage4_joint_paths.csv,73fefe7d9a593ca449cb04f5942ff50c2cb0b53a69f2238bf5a9881a00c19f7a,7,eligible_pending_modeling_qa,stage4_source_has_no_path_amplitude_phase_coherence,sage-event-path-db-v1
F1023_V70_D0120_P7__G31__ch8__nav_sage_v2__ingestion_20260825_event_path_v1__event_74__path_1,F1023_V70_D0120_P7__G31__ch8__nav_sage_v2__ingestion_20260825_event_path_v1__event_74,F1023_V70_D0120_P7__G31__ch8__nav_sage_v2__ingestion_20260825_event_path_v1,F1023_V70_D0120_P7,G31,8,74,1,stage4_joint,los,0,0.2,0,0,,,-8204.5302734375,0,0,mean_relative_power_db,,,,confirmed_multipath,stage4-strict-confirmed-v1,scenes/F1023_V70_D0120_P7/sage_results/nav_sage_v2/G31/stage4_joint_paths.csv,6919625976b9d1027b5c91563fddee29c80a891508960a5b09efe8a11ee9cbfb,2,eligible_pending_modeling_qa,stage4_source_has_no_path_amplitude_phase_coherence,sage-event-path-db-v1
F1023_V70_D0120_P7__G31__ch8__nav_sage_v2__ingestion_20260825_event_path_v1__event_74__path_2,F1023_V70_D0120_P7__G31__ch8__nav_sage_v2__ingestion_20260825_event_path_v1__event_74,F1023_V70_D0120_P7__G31__ch8__nav_sage_v2__ingestion_20260825_event_path_v1,F1023_V70_D0120_P7,G31,8,74,2,stage4_joint,multipath,1,1.7,1.5,0.15,,,-8219.86597134221,-15.3356979047148,-10.6563797918359,mean_relative_power_db,,,,confirmed_multipath,stage4-strict-confirmed-v1,scenes/F1023_V70_D0120_P7/sage_results/nav_sage_v2/G31/stage4_joint_paths.csv,6919625976b9d1027b5c91563fddee29c80a891508960a5b09efe8a11ee9cbfb,3,eligible_pending_modeling_qa,,sage-event-path-db-v1
F1023_V70_D0120_P7__G31__ch8__nav_sage_v2__ingestion_20260825_event_path_v1__event_75__path_1,F1023_V70_D0120_P7__G31__ch8__nav_sage_v2__ingestion_20260825_event_path_v1__event_75,F1023_V70_D0120_P7__G31__ch8__nav_sage_v2__ingestion_20260825_event_path_v1,F1023_V70_D0120_P7,G31,8,75,1,stage4_joint,los,0,0.2,0,0,,,-8206.412109375,0,0,mean_relative_power_db,,,,confirmed_multipath,stage4-strict-confirmed-v1,scenes/F1023_V70_D0120_P7/sage_results/nav_sage_v2/G31/stage4_joint_paths.csv,6919625976b9d1027b5c91563fddee29c80a891508960a5b09efe8a11ee9cbfb,4,eligible_pending_modeling_qa,stage4_source_has_no_path_amplitude_phase_coherence,sage-event-path-db-v1
F1023_V70_D0120_P7__G31__ch8__nav_sage_v2__ingestion_20260825_event_path_v1__event_75__path_2,F1023_V70_D0120_P7__G31__ch8__nav_sage_v2__ingestion_20260825_event_path_v1__event_75,F1023_V70_D0120_P7__G31__ch8__nav_sage_v2__ingestion_20260825_event_path_v1,F1023_V70_D0120_P7,G31,8,75,2,stage4_joint,multipath,1,3.7,3.5,0.35,,,-8216.74780727971,-10.3356979047148,-13.7590184841216,mean_relative_power_db,,,,confirmed_multipath,stage4-strict-confirmed-v1,scenes/F1023_V70_D0120_P7/sage_results/nav_sage_v2/G31/stage4_joint_paths.csv,6919625976b9d1027b5c91563fddee29c80a891508960a5b09efe8a11ee9cbfb,5,eligible_pending_modeling_qa,,sage-event-path-db-v1
F1023_V70_D0120_P7__G31__ch8__nav_sage_v2__ingestion_20260825_event_path_v1__event_73__path_1,F1023_V70_D0120_P7__G31__ch8__nav_sage_v2__ingestion_20260825_event_path_v1__event_73,F1023_V70_D0120_P7__G31__ch8__nav_sage_v2__ingestion_20260825_event_path_v1,F1023_V70_D0120_P7,G31,8,73,1,stage4_joint,los,0,0.4,0,0,,,-8210.021484375,0,0,mean_relative_power_db,,,,rejected_candidate,stage4-strict-confirmed-v1,scenes/F1023_V70_D0120_P7/sage_results/nav_sage_v2/G31/stage4_joint_paths.csv,6919625976b9d1027b5c91563fddee29c80a891508960a5b09efe8a11ee9cbfb,6,eligible_pending_modeling_qa,stage4_source_has_no_path_amplitude_phase_coherence,sage-event-path-db-v1
F1023_V70_D0120_P7__G31__ch8__nav_sage_v2__ingestion_20260825_event_path_v1__event_76__path_1,F1023_V70_D0120_P7__G31__ch8__nav_sage_v2__ingestion_20260825_event_path_v1__event_76,F1023_V70_D0120_P7__G31__ch8__nav_sage_v2__ingestion_20260825_event_path_v1,F1023_V70_D0120_P7,G31,8,76,1,stage4_joint,los,0,2.22044604925031e-16,0,0,,,-8202.2587890625,0,0,mean_relative_power_db,,,,confirmed_multipath,stage4-strict-confirmed-v1,scenes/F1023_V70_D0120_P7/sage_results/nav_sage_v2/G31/stage4_joint_paths.csv,6919625976b9d1027b5c91563fddee29c80a891508960a5b09efe8a11ee9cbfb,7,eligible_pending_modeling_qa,stage4_source_has_no_path_amplitude_phase_coherence,sage-event-path-db-v1
F1023_V70_D0120_P7__G31__ch8__nav_sage_v2__ingestion_20260825_event_path_v1__event_76__path_2,F1023_V70_D0120_P7__G31__ch8__nav_sage_v2__ingestion_20260825_event_path_v1__event_76,F1023_V70_D0120_P7__G31__ch8__nav_sage_v2__ingestion_20260825_event_path_v1,F1023_V70_D0120_P7,G31,8,76,2,stage4_joint,multipath,1,1.1,1.1,0.11,,,-8217.59448696721,-15.3356979047148,-5.42357074079251,mean_relative_power_db,,,,confirmed_multipath,stage4-strict-confirmed-v1,scenes/F1023_V70_D0120_P7/sage_results/nav_sage_v2/G31/stage4_joint_paths.csv,6919625976b9d1027b5c91563fddee29c80a891508960a5b09efe8a11ee9cbfb,8,eligible_pending_modeling_qa,,sage-event-path-db-v1
F1023_V70_D0120_P7__G31__ch8__nav_sage_v2__ingestion_20260825_event_path_v1__event_2093__path_1,F1023_V70_D0120_P7__G31__ch8__nav_sage_v2__ingestion_20260825_event_path_v1__event_2093,F1023_V70_D0120_P7__G31__ch8__nav_sage_v2__ingestion_20260825_event_path_v1,F1023_V70_D0120_P7,G31,8,2093,1,stage4_joint,los,0,-0.8,0,0,,,-8227.248046875,0,0,mean_relative_power_db,,,,confirmed_multipath,stage4-strict-confirmed-v1,scenes/F1023_V70_D0120_P7/sage_results/nav_sage_v2/G31/stage4_joint_paths.csv,6919625976b9d1027b5c91563fddee29c80a891508960a5b09efe8a11ee9cbfb,9,eligible_pending_modeling_qa,stage4_source_has_no_path_amplitude_phase_coherence,sage-event-path-db-v1
F1023_V70_D0120_P7__G31__ch8__nav_sage_v2__ingestion_20260825_event_path_v1__event_2093__path_2,F1023_V70_D0120_P7__G31__ch8__nav_sage_v2__ingestion_20260825_event_path_v1__event_2093,F1023_V70_D0120_P7__G31__ch8__nav_sage_v2__ingestion_20260825_event_path_v1,F1023_V70_D0120_P7,G31,8,2093,2,stage4_joint,multipath,1,1.1,1.9,0.19,,,-8229.30824688575,-2.06020001075194,-0.97102321436624,mean_relative_power_db,,,,confirmed_multipath,stage4-strict-confirmed-v1,scenes/F1023_V70_D0120_P7/sage_results/nav_sage_v2/G31/stage4_joint_paths.csv,6919625976b9d1027b5c91563fddee29c80a891508960a5b09efe8a11ee9cbfb,10,eligible_pending_modeling_qa,,sage-event-path-db-v1
F1023_V70_D0120_P7__G31__ch8__nav_sage_v2__ingestion_20260825_event_path_v1__event_432__path_1,F1023_V70_D0120_P7__G31__ch8__nav_sage_v2__ingestion_20260825_event_path_v1__event_432,F1023_V70_D0120_P7__G31__ch8__nav_sage_v2__ingestion_20260825_event_path_v1,F1023_V70_D0120_P7,G31,8,432,1,stage4_joint,los,0,0.5,0,0,,,-8199.4462890625,0,0,mean_relative_power_db,,,,confirmed_multipath,stage4-strict-confirmed-v1,scenes/F1023_V70_D0120_P7/sage_results/nav_sage_v2/G31/stage4_joint_paths.csv,6919625976b9d1027b5c91563fddee29c80a891508960a5b09efe8a11ee9cbfb,11,eligible_pending_modeling_qa,stage4_source_has_no_path_amplitude_phase_coherence,sage-event-path-db-v1
F1023_V70_D0120_P7__G31__ch8__nav_sage_v2__ingestion_20260825_event_path_v1__event_432__path_2,F1023_V70_D0120_P7__G31__ch8__nav_sage_v2__ingestion_20260825_event_path_v1__event_432,F1023_V70_D0120_P7__G31__ch8__nav_sage_v2__ingestion_20260825_event_path_v1,F1023_V70_D0120_P7,G31,8,432,2,stage4_joint,multipath,1,1.6,1.1,0.11,,,-8216.79784744758,-17.351558385084,-7.75194332454867,mean_relative_power_db,,,,confirmed_multipath,stage4-strict-confirmed-v1,scenes/F1023_V70_D0120_P7/sage_results/nav_sage_v2/G31/stage4_joint_paths.csv,6919625976b9d1027b5c91563fddee29c80a891508960a5b09efe8a11ee9cbfb,12,eligible_pending_modeling_qa,,sage-event-path-db-v1
F1023_V70_D0120_P7__G31__ch8__nav_sage_v2__ingestion_20260825_event_path_v1__event_957__path_1,F1023_V70_D0120_P7__G31__ch8__nav_sage_v2__ingestion_20260825_event_path_v1__event_957,F1023_V70_D0120_P7__G31__ch8__nav_sage_v2__ingestion_20260825_event_path_v1,F1023_V70_D0120_P7,G31,8,957,1,stage4_joint,los,0,0.8,0,0,,,-8217.6005859375,0,0,mean_relative_power_db,,,,rejected_candidate,stage4-strict-confirmed-v1,scenes/F1023_V70_D0120_P7/sage_results/nav_sage_v2/G31/stage4_joint_paths.csv,6919625976b9d1027b5c91563fddee29c80a891508960a5b09efe8a11ee9cbfb,13,eligible_pending_modeling_qa,stage4_source_has_no_path_amplitude_phase_coherence,sage-event-path-db-v1
F1023_V70_D0120_P7__G31__ch8__nav_sage_v2__ingestion_20260825_event_path_v1__event_958__path_1,F1023_V70_D0120_P7__G31__ch8__nav_sage_v2__ingestion_20260825_event_path_v1__event_958,F1023_V70_D0120_P7__G31__ch8__nav_sage_v2__ingestion_20260825_event_path_v1,F1023_V70_D0120_P7,G31,8,958,1,stage4_joint,los,0,0.5,0,0,,,-8219.75,0,0,mean_relative_power_db,,,,rejected_candidate,stage4-strict-confirmed-v1,scenes/F1023_V70_D0120_P7/sage_results/nav_sage_v2/G31/stage4_joint_paths.csv,6919625976b9d1027b5c91563fddee29c80a891508960a5b09efe8a11ee9cbfb,14,eligible_pending_modeling_qa,stage4_source_has_no_path_amplitude_phase_coherence,sage-event-path-db-v1
F1023_V70_D0120_P8__G16__ch4__nav_sage_v2__ingestion_20260825_event_path_v1__event_97__path_1,F1023_V70_D0120_P8__G16__ch4__nav_sage_v2__ingestion_20260825_event_path_v1__event_97,F1023_V70_D0120_P8__G16__ch4__nav_sage_v2__ingestion_20260825_event_path_v1,F1023_V70_D0120_P8,G16,4,97,1,stage4_joint,los,0,1.11022302462516e-16,0,0,,,-3114.78271484375,0,0,mean_relative_power_db,,,,rejected_candidate,stage4-strict-confirmed-v1,scenes/F1023_V70_D0120_P8/sage_results/nav_sage_v2/G16/stage4_joint_paths.csv,a9659b6bde2c0c9b38ff6f8d0e0057e8b195641bfb4ad4d45c2f5539582bbf05,2,eligible_pending_modeling_qa,stage4_source_has_no_path_amplitude_phase_coherence,sage-event-path-db-v1
F1023_V70_D0120_P8__G16__ch4__nav_sage_v2__ingestion_20260825_event_path_v1__event_98__path_1,F1023_V70_D0120_P8__G16__ch4__nav_sage_v2__ingestion_20260825_event_path_v1__event_98,F1023_V70_D0120_P8__G16__ch4__nav_sage_v2__ingestion_20260825_event_path_v1,F1023_V70_D0120_P8,G16,4,98,1,stage4_joint,los,0,0,0,0,,,-3115.7861328125,0,0,mean_relative_power_db,,,,rejected_candidate,stage4-strict-confirmed-v1,scenes/F1023_V70_D0120_P8/sage_results/nav_sage_v2/G16/stage4_joint_paths.csv,a9659b6bde2c0c9b38ff6f8d0e0057e8b195641bfb4ad4d45c2f5539582bbf05,3,eligible_pending_modeling_qa,stage4_source_has_no_path_amplitude_phase_coherence,sage-event-path-db-v1
F1023_V70_D0120_P8__G16__ch4__nav_sage_v2__ingestion_20260825_event_path_v1__event_221__path_1,F1023_V70_D0120_P8__G16__ch4__nav_sage_v2__ingestion_20260825_event_path_v1__event_221,F1023_V70_D0120_P8__G16__ch4__nav_sage_v2__ingestion_20260825_event_path_v1,F1023_V70_D0120_P8,G16,4,221,1,stage4_joint,los,0,-0.1,0,0,,,-3114.77587890625,0,0,mean_relative_power_db,,,,rejected_candidate,stage4-strict-confirmed-v1,scenes/F1023_V70_D0120_P8/sage_results/nav_sage_v2/G16/stage4_joint_paths.csv,a9659b6bde2c0c9b38ff6f8d0e0057e8b195641bfb4ad4d45c2f5539582bbf05,4,eligible_pending_modeling_qa,stage4_source_has_no_path_amplitude_phase_coherence,sage-event-path-db-v1
F1023_V70_D0120_P8__G16__ch4__nav_sage_v2__ingestion_20260825_event_path_v1__event_222__path_1,F1023_V70_D0120_P8__G16__ch4__nav_sage_v2__ingestion_20260825_event_path_v1__event_222,F1023_V70_D0120_P8__G16__ch4__nav_sage_v2__ingestion_20260825_event_path_v1,F1023_V70_D0120_P8,G16,4,222,1,stage4_joint,los,0,0,0,0,,,-3113.04248046875,0,0,mean_relative_power_db,,,,rejected_candidate,stage4-strict-confirmed-v1,scenes/F1023_V70_D0120_P8/sage_results/nav_sage_v2/G16/stage4_joint_paths.csv,a9659b6bde2c0c9b38ff6f8d0e0057e8b195641bfb4ad4d45c2f5539582bbf05,5,eligible_pending_modeling_qa,stage4_source_has_no_path_amplitude_phase_coherence,sage-event-path-db-v1
F1023_V70_D0120_P8__G16__ch4__nav_sage_v2__ingestion_20260825_event_path_v1__event_419__path_1,F1023_V70_D0120_P8__G16__ch4__nav_sage_v2__ingestion_20260825_event_path_v1__event_419,F1023_V70_D0120_P8__G16__ch4__nav_sage_v2__ingestion_20260825_event_path_v1,F1023_V70_D0120_P8,G16,4,419,1,stage4_joint,los,0,0.5,0,0,,,-3120.04345703125,0,0,mean_relative_power_db,,,,rejected_candidate,stage4-strict-confirmed-v1,scenes/F1023_V70_D0120_P8/sage_results/nav_sage_v2/G16/stage4_joint_paths.csv,a9659b6bde2c0c9b38ff6f8d0e0057e8b195641bfb4ad4d45c2f5539582bbf05,6,eligible_pending_modeling_qa,stage4_source_has_no_path_amplitude_phase_coherence,sage-event-path-db-v1
F1023_V70_D0120_P8__G16__ch4__nav_sage_v2__ingestion_20260825_event_path_v1__event_420__path_1,F1023_V70_D0120_P8__G16__ch4__nav_sage_v2__ingestion_20260825_event_path_v1__event_420,F1023_V70_D0120_P8__G16__ch4__nav_sage_v2__ingestion_20260825_event_path_v1,F1023_V70_D0120_P8,G16,4,420,1,stage4_joint,los,0,0.5,0,0,,,-3115.306640625,0,0,mean_relative_power_db,,,,rejected_candidate,stage4-strict-confirmed-v1,scenes/F1023_V70_D0120_P8/sage_results/nav_sage_v2/G16/stage4_joint_paths.csv,a9659b6bde2c0c9b38ff6f8d0e0057e8b195641bfb4ad4d45c2f5539582bbf05,7,eligible_pending_modeling_qa,stage4_source_has_no_path_amplitude_phase_coherence,sage-event-path-db-v1
F1023_V70_D0120_P8__G16__ch4__nav_sage_v2__ingestion_20260825_event_path_v1__event_91__path_1,F1023_V70_D0120_P8__G16__ch4__nav_sage_v2__ingestion_20260825_event_path_v1__event_91,F1023_V70_D0120_P8__G16__ch4__nav_sage_v2__ingestion_20260825_event_path_v1,F1023_V70_D0120_P8,G16,4,91,1,stage4_joint,los,0,0.2,0,0,,,-3115.51708984375,0,0,mean_relative_power_db,,,,rejected_candidate,stage4-strict-confirmed-v1,scenes/F1023_V70_D0120_P8/sage_results/nav_sage_v2/G16/stage4_joint_paths.csv,a9659b6bde2c0c9b38ff6f8d0e0057e8b195641bfb4ad4d45c2f5539582bbf05,8,eligible_pending_modeling_qa,stage4_source_has_no_path_amplitude_phase_coherence,sage-event-path-db-v1
F1023_V70_D0120_P8__G16__ch4__nav_sage_v2__ingestion_20260825_event_path_v1__event_92__path_1,F1023_V70_D0120_P8__G16__ch4__nav_sage_v2__ingestion_20260825_event_path_v1__event_92,F1023_V70_D0120_P8__G16__ch4__nav_sage_v2__ingestion_20260825_event_path_v1,F1023_V70_D0120_P8,G16,4,92,1,stage4_joint,los,0,0.2,0,0,,,-3113.46728515625,0,0,mean_relative_power_db,,,,rejected_candidate,stage4-strict-confirmed-v1,scenes/F1023_V70_D0120_P8/sage_results/nav_sage_v2/G16/stage4_joint_paths.csv,a9659b6bde2c0c9b38ff6f8d0e0057e8b195641bfb4ad4d45c2f5539582bbf05,9,eligible_pending_modeling_qa,stage4_source_has_no_path_amplitude_phase_coherence,sage-event-path-db-v1
F1023_V70_D0120_P8__G18__ch9__nav_sage_v2__ingestion_20260825_event_path_v1__event_259__path_1,F1023_V70_D0120_P8__G18__ch9__nav_sage_v2__ingestion_20260825_event_path_v1__event_259,F1023_V70_D0120_P8__G18__ch9__nav_sage_v2__ingestion_20260825_event_path_v1,F1023_V70_D0120_P8,G18,9,259,1,stage4_joint,los,0,0.4,0,0,,,-4909.0869140625,0,0,mean_relative_power_db,,,,rejected_candidate,stage4-strict-confirmed-v1,scenes/F1023_V70_D0120_P8/sage_results/nav_sage_v2/G18/stage4_joint_paths.csv,4bed5efd8efd9bc64e8daab002503be65dc8eadc3ca515e86aa786735b79f63f,2,eligible_pending_modeling_qa,stage4_source_has_no_path_amplitude_phase_coherence,sage-event-path-db-v1
F1023_V70_D0120_P8__G18__ch9__nav_sage_v2__ingestion_20260825_event_path_v1__event_261__path_1,F1023_V70_D0120_P8__G18__ch9__nav_sage_v2__ingestion_20260825_event_path_v1__event_261,F1023_V70_D0120_P8__G18__ch9__nav_sage_v2__ingestion_20260825_event_path_v1,F1023_V70_D0120_P8,G18,9,261,1,stage4_joint,los,0,0.4,0,0,,,-4907.23828125,0,0,mean_relative_power_db,,,,rejected_candidate,stage4-strict-confirmed-v1,scenes/F1023_V70_D0120_P8/sage_results/nav_sage_v2/G18/stage4_joint_paths.csv,4bed5efd8efd9bc64e8daab002503be65dc8eadc3ca515e86aa786735b79f63f,3,eligible_pending_modeling_qa,stage4_source_has_no_path_amplitude_phase_coherence,sage-event-path-db-v1
F1023_V70_D0120_P8__G18__ch9__nav_sage_v2__ingestion_20260825_event_path_v1__event_768__path_1,F1023_V70_D0120_P8__G18__ch9__nav_sage_v2__ingestion_20260825_event_path_v1__event_768,F1023_V70_D0120_P8__G18__ch9__nav_sage_v2__ingestion_20260825_event_path_v1,F1023_V70_D0120_P8,G18,9,768,1,stage4_joint,los,0,0.3,0,0,,,-4914.6123046875,0,0,mean_relative_power_db,,,,rejected_candidate,stage4-strict-confirmed-v1,scenes/F1023_V70_D0120_P8/sage_results/nav_sage_v2/G18/stage4_joint_paths.csv,4bed5efd8efd9bc64e8daab002503be65dc8eadc3ca515e86aa786735b79f63f,4,eligible_pending_modeling_qa,stage4_source_has_no_path_amplitude_phase_coherence,sage-event-path-db-v1
F1023_V70_D0120_P8__G18__ch9__nav_sage_v2__ingestion_20260825_event_path_v1__event_850__path_1,F1023_V70_D0120_P8__G18__ch9__nav_sage_v2__ingestion_20260825_event_path_v1__event_850,F1023_V70_D0120_P8__G18__ch9__nav_sage_v2__ingestion_20260825_event_path_v1,F1023_V70_D0120_P8,G18,9,850,1,stage4_joint,los,0,0.3,0,0,,,-4916.70849609375,0,0,mean_relative_power_db,,,,rejected_candidate,stage4-strict-confirmed-v1,scenes/F1023_V70_D0120_P8/sage_results/nav_sage_v2/G18/stage4_joint_paths.csv,4bed5efd8efd9bc64e8daab002503be65dc8eadc3ca515e86aa786735b79f63f,5,eligible_pending_modeling_qa,stage4_source_has_no_path_amplitude_phase_coherence,sage-event-path-db-v1
F1023_V70_D0120_P8__G18__ch9__nav_sage_v2__ingestion_20260825_event_path_v1__event_516__path_1,F1023_V70_D0120_P8__G18__ch9__nav_sage_v2__ingestion_20260825_event_path_v1__event_516,F1023_V70_D0120_P8__G18__ch9__nav_sage_v2__ingestion_20260825_event_path_v1,F1023_V70_D0120_P8,G18,9,516,1,stage4_joint,los,0,0.4,0,0,,,-4910.39794921875,0,0,mean_relative_power_db,,,,rejected_candidate,stage4-strict-confirmed-v1,scenes/F1023_V70_D0120_P8/sage_results/nav_sage_v2/G18/stage4_joint_paths.csv,4bed5efd8efd9bc64e8daab002503be65dc8eadc3ca515e86aa786735b79f63f,6,eligible_pending_modeling_qa,stage4_source_has_no_path_amplitude_phase_coherence,sage-event-path-db-v1
F1023_V70_D0120_P8__G18__ch9__nav_sage_v2__ingestion_20260825_event_path_v1__event_517__path_1,F1023_V70_D0120_P8__G18__ch9__nav_sage_v2__ingestion_20260825_event_path_v1__event_517,F1023_V70_D0120_P8__G18__ch9__nav_sage_v2__ingestion_20260825_event_path_v1,F1023_V70_D0120_P8,G18,9,517,1,stage4_joint,los,0,0.2,0,0,,,-4910.97607421875,0,0,mean_relative_power_db,,,,rejected_candidate,stage4-strict-confirmed-v1,scenes/F1023_V70_D0120_P8/sage_results/nav_sage_v2/G18/stage4_joint_paths.csv,4bed5efd8efd9bc64e8daab002503be65dc8eadc3ca515e86aa786735b79f63f,7,eligible_pending_modeling_qa,stage4_source_has_no_path_amplitude_phase_coherence,sage-event-path-db-v1
F1023_V70_D0120_P8__G18__ch9__nav_sage_v2__ingestion_20260825_event_path_v1__event_848__path_1,F1023_V70_D0120_P8__G18__ch9__nav_sage_v2__ingestion_20260825_event_path_v1__event_848,F1023_V70_D0120_P8__G18__ch9__nav_sage_v2__ingestion_20260825_event_path_v1,F1023_V70_D0120_P8,G18,9,848,1,stage4_joint,los,0,0,0,0,,,-4920.263671875,0,0,mean_relative_power_db,,,,confirmed_multipath,stage4-strict-confirmed-v1,scenes/F1023_V70_D0120_P8/sage_results/nav_sage_v2/G18/stage4_joint_paths.csv,4bed5efd8efd9bc64e8daab002503be65dc8eadc3ca515e86aa786735b79f63f,8,eligible_pending_modeling_qa,stage4_source_has_no_path_amplitude_phase_coherence,sage-event-path-db-v1
F1023_V70_D0120_P8__G18__ch9__nav_sage_v2__ingestion_20260825_event_path_v1__event_848__path_2,F1023_V70_D0120_P8__G18__ch9__nav_sage_v2__ingestion_20260825_event_path_v1__event_848,F1023_V70_D0120_P8__G18__ch9__nav_sage_v2__ingestion_20260825_event_path_v1,F1023_V70_D0120_P8,G18,9,848,2,stage4_joint,multipath,1,1.1,1.1,0.11,,,-4913.56074130888,6.7029305661199,-6.56397575034913,mean_relative_power_db,,,,confirmed_multipath,stage4-strict-confirmed-v1,scenes/F1023_V70_D0120_P8/sage_results/nav_sage_v2/G18/stage4_joint_paths.csv,4bed5efd8efd9bc64e8daab002503be65dc8eadc3ca515e86aa786735b79f63f,9,eligible_pending_modeling_qa,,sage-event-path-db-v1
F1023_V70_D0120_P8__G18__ch9__nav_sage_v2__ingestion_20260825_event_path_v1__event_851__path_1,F1023_V70_D0120_P8__G18__ch9__nav_sage_v2__ingestion_20260825_event_path_v1__event_851,F1023_V70_D0120_P8__G18__ch9__nav_sage_v2__ingestion_20260825_event_path_v1,F1023_V70_D0120_P8,G18,9,851,1,stage4_joint,los,0,0.1,0,0,,,-4916.69775390625,0,0,mean_relative_power_db,,,,rejected_candidate,stage4-strict-confirmed-v1,scenes/F1023_V70_D0120_P8/sage_results/nav_sage_v2/G18/stage4_joint_paths.csv,4bed5efd8efd9bc64e8daab002503be65dc8eadc3ca515e86aa786735b79f63f,10,eligible_pending_modeling_qa,stage4_source_has_no_path_amplitude_phase_coherence,sage-event-path-db-v1
F1023_V70_D0120_P8__G23__ch11__nav_sage_v2__ingestion_20260825_event_path_v1__event_51__path_1,F1023_V70_D0120_P8__G23__ch11__nav_sage_v2__ingestion_20260825_event_path_v1__event_51,F1023_V70_D0120_P8__G23__ch11__nav_sage_v2__ingestion_20260825_event_path_v1,F1023_V70_D0120_P8,G23,11,51,1,stage4_joint,los,0,0.2,0,0,,,-1851.45776367188,0,0,mean_relative_power_db,,,,rejected_candidate,stage4-strict-confirmed-v1,scenes/F1023_V70_D0120_P8/sage_results/nav_sage_v2/G23/stage4_joint_paths.csv,656def9b890bcfd8d616c67e88a76ae27d64a9e38fe0fd4d0bc1a0d3eea4a315,2,eligible_pending_modeling_qa,stage4_source_has_no_path_amplitude_phase_coherence,sage-event-path-db-v1
F1023_V70_D0120_P8__G23__ch11__nav_sage_v2__ingestion_20260825_event_path_v1__event_52__path_1,F1023_V70_D0120_P8__G23__ch11__nav_sage_v2__ingestion_20260825_event_path_v1__event_52,F1023_V70_D0120_P8__G23__ch11__nav_sage_v2__ingestion_20260825_event_path_v1,F1023_V70_D0120_P8,G23,11,52,1,stage4_joint,los,0,0.3,0,0,,,-1852.11608886719,0,0,mean_relative_power_db,,,,rejected_candidate,stage4-strict-confirmed-v1,scenes/F1023_V70_D0120_P8/sage_results/nav_sage_v2/G23/stage4_joint_paths.csv,656def9b890bcfd8d616c67e88a76ae27d64a9e38fe0fd4d0bc1a0d3eea4a315,3,eligible_pending_modeling_qa,stage4_source_has_no_path_amplitude_phase_coherence,sage-event-path-db-v1
F1023_V70_D0120_P8__G23__ch11__nav_sage_v2__ingestion_20260825_event_path_v1__event_53__path_1,F1023_V70_D0120_P8__G23__ch11__nav_sage_v2__ingestion_20260825_event_path_v1__event_53,F1023_V70_D0120_P8__G23__ch11__nav_sage_v2__ingestion_20260825_event_path_v1,F1023_V70_D0120_P8,G23,11,53,1,stage4_joint,los,0,0.3,0,0,,,-1854.64794921875,0,0,mean_relative_power_db,,,,rejected_candidate,stage4-strict-confirmed-v1,scenes/F1023_V70_D0120_P8/sage_results/nav_sage_v2/G23/stage4_joint_paths.csv,656def9b890bcfd8d616c67e88a76ae27d64a9e38fe0fd4d0bc1a0d3eea4a315,4,eligible_pending_modeling_qa,stage4_source_has_no_path_amplitude_phase_coherence,sage-event-path-db-v1
F1023_V70_D0120_P8__G23__ch11__nav_sage_v2__ingestion_20260825_event_path_v1__event_263__path_1,F1023_V70_D0120_P8__G23__ch11__nav_sage_v2__ingestion_20260825_event_path_v1__event_263,F1023_V70_D0120_P8__G23__ch11__nav_sage_v2__ingestion_20260825_event_path_v1,F1023_V70_D0120_P8,G23,11,263,1,stage4_joint,los,0,0.6,0,0,,,-1852.96606445312,0,0,mean_relative_power_db,,,,rejected_candidate,stage4-strict-confirmed-v1,scenes/F1023_V70_D0120_P8/sage_results/nav_sage_v2/G23/stage4_joint_paths.csv,656def9b890bcfd8d616c67e88a76ae27d64a9e38fe0fd4d0bc1a0d3eea4a315,5,eligible_pending_modeling_qa,stage4_source_has_no_path_amplitude_phase_coherence,sage-event-path-db-v1
F1023_V70_D0120_P8__G23__ch11__nav_sage_v2__ingestion_20260825_event_path_v1__event_265__path_1,F1023_V70_D0120_P8__G23__ch11__nav_sage_v2__ingestion_20260825_event_path_v1__event_265,F1023_V70_D0120_P8__G23__ch11__nav_sage_v2__ingestion_20260825_event_path_v1,F1023_V70_D0120_P8,G23,11,265,1,stage4_joint,los,0,1.7,0,0,,,-1857.02978515625,0,0,mean_relative_power_db,,,,rejected_candidate,stage4-strict-confirmed-v1,scenes/F1023_V70_D0120_P8/sage_results/nav_sage_v2/G23/stage4_joint_paths.csv,656def9b890bcfd8d616c67e88a76ae27d64a9e38fe0fd4d0bc1a0d3eea4a315,6,eligible_pending_modeling_qa,stage4_source_has_no_path_amplitude_phase_coherence,sage-event-path-db-v1
F1023_V70_D0120_P8__G26__ch3__nav_sage_v2__ingestion_20260825_event_path_v1__event_298__path_1,F1023_V70_D0120_P8__G26__ch3__nav_sage_v2__ingestion_20260825_event_path_v1__event_298,F1023_V70_D0120_P8__G26__ch3__nav_sage_v2__ingestion_20260825_event_path_v1,F1023_V70_D0120_P8,G26,3,298,1,stage4_joint,los,0,0.2,0,0,,,-5698.8154296875,0,0,mean_relative_power_db,,,,rejected_candidate,stage4-strict-confirmed-v1,scenes/F1023_V70_D0120_P8/sage_results/nav_sage_v2/G26/stage4_joint_paths.csv,8e1090a0d2201a463f4a481c05f7086fb9c32a6774b8eafd77788247be5f76f1,2,eligible_pending_modeling_qa,stage4_source_has_no_path_amplitude_phase_coherence,sage-event-path-db-v1
F1023_V70_D0120_P8__G26__ch3__nav_sage_v2__ingestion_20260825_event_path_v1__event_299__path_1,F1023_V70_D0120_P8__G26__ch3__nav_sage_v2__ingestion_20260825_event_path_v1__event_299,F1023_V70_D0120_P8__G26__ch3__nav_sage_v2__ingestion_20260825_event_path_v1,F1023_V70_D0120_P8,G26,3,299,1,stage4_joint,los,0,-0.0999999999999999,0,0,,,-5705.19140625,0,0,mean_relative_power_db,,,,confirmed_multipath,stage4-strict-confirmed-v1,scenes/F1023_V70_D0120_P8/sage_results/nav_sage_v2/G26/stage4_joint_paths.csv,8e1090a0d2201a463f4a481c05f7086fb9c32a6774b8eafd77788247be5f76f1,3,eligible_pending_modeling_qa,stage4_source_has_no_path_amplitude_phase_coherence,sage-event-path-db-v1
F1023_V70_D0120_P8__G26__ch3__nav_sage_v2__ingestion_20260825_event_path_v1__event_299__path_2,F1023_V70_D0120_P8__G26__ch3__nav_sage_v2__ingestion_20260825_event_path_v1__event_299,F1023_V70_D0120_P8__G26__ch3__nav_sage_v2__ingestion_20260825_event_path_v1,F1023_V70_D0120_P8,G26,3,299,2,stage4_joint,multipath,1,1,1.1,0.11,,,-5690.52710415471,14.6643020952852,-6.9900018193734,mean_relative_power_db,,,,confirmed_multipath,stage4-strict-confirmed-v1,scenes/F1023_V70_D0120_P8/sage_results/nav_sage_v2/G26/stage4_joint_paths.csv,8e1090a0d2201a463f4a481c05f7086fb9c32a6774b8eafd77788247be5f76f1,4,eligible_pending_modeling_qa,,sage-event-path-db-v1
F1023_V70_D0120_P8__G26__ch3__nav_sage_v2__ingestion_20260825_event_path_v1__event_300__path_1,F1023_V70_D0120_P8__G26__ch3__nav_sage_v2__ingestion_20260825_event_path_v1__event_300,F1023_V70_D0120_P8__G26__ch3__nav_sage_v2__ingestion_20260825_event_path_v1,F1023_V70_D0120_P8,G26,3,300,1,stage4_joint,los,0,0,0,0,,,-5701.3125,0,0,mean_relative_power_db,,,,rejected_candidate,stage4-strict-confirmed-v1,scenes/F1023_V70_D0120_P8/sage_results/nav_sage_v2/G26/stage4_joint_paths.csv,8e1090a0d2201a463f4a481c05f7086fb9c32a6774b8eafd77788247be5f76f1,5,eligible_pending_modeling_qa,stage4_source_has_no_path_amplitude_phase_coherence,sage-event-path-db-v1
F1023_V70_D0120_P8__G26__ch3__nav_sage_v2__ingestion_20260825_event_path_v1__event_218__path_1,F1023_V70_D0120_P8__G26__ch3__nav_sage_v2__ingestion_20260825_event_path_v1__event_218,F1023_V70_D0120_P8__G26__ch3__nav_sage_v2__ingestion_20260825_event_path_v1,F1023_V70_D0120_P8,G26,3,218,1,stage4_joint,los,0,0.3,0,0,,,-5697.416015625,0,0,mean_relative_power_db,,,,rejected_candidate,stage4-strict-confirmed-v1,scenes/F1023_V70_D0120_P8/sage_results/nav_sage_v2/G26/stage4_joint_paths.csv,8e1090a0d2201a463f4a481c05f7086fb9c32a6774b8eafd77788247be5f76f1,6,eligible_pending_modeling_qa,stage4_source_has_no_path_amplitude_phase_coherence,sage-event-path-db-v1
F1023_V70_D0120_P8__G26__ch3__nav_sage_v2__ingestion_20260825_event_path_v1__event_849__path_1,F1023_V70_D0120_P8__G26__ch3__nav_sage_v2__ingestion_20260825_event_path_v1__event_849,F1023_V70_D0120_P8__G26__ch3__nav_sage_v2__ingestion_20260825_event_path_v1,F1023_V70_D0120_P8,G26,3,849,1,stage4_joint,los,0,0.4,0,0,,,-5708.29833984375,0,0,mean_relative_power_db,,,,rejected_candidate,stage4-strict-confirmed-v1,scenes/F1023_V70_D0120_P8/sage_results/nav_sage_v2/G26/stage4_joint_paths.csv,8e1090a0d2201a463f4a481c05f7086fb9c32a6774b8eafd77788247be5f76f1,7,eligible_pending_modeling_qa,stage4_source_has_no_path_amplitude_phase_coherence,sage-event-path-db-v1
F1023_V70_D0120_P8__G26__ch3__nav_sage_v2__ingestion_20260825_event_path_v1__event_850__path_1,F1023_V70_D0120_P8__G26__ch3__nav_sage_v2__ingestion_20260825_event_path_v1__event_850,F1023_V70_D0120_P8__G26__ch3__nav_sage_v2__ingestion_20260825_event_path_v1,F1023_V70_D0120_P8,G26,3,850,1,stage4_joint,los,0,0.3,0,0,,,-5710.22802734375,0,0,mean_relative_power_db,,,,rejected_candidate,stage4-strict-confirmed-v1,scenes/F1023_V70_D0120_P8/sage_results/nav_sage_v2/G26/stage4_joint_paths.csv,8e1090a0d2201a463f4a481c05f7086fb9c32a6774b8eafd77788247be5f76f1,8,eligible_pending_modeling_qa,stage4_source_has_no_path_amplitude_phase_coherence,sage-event-path-db-v1
F1023_V70_D0120_P8__G26__ch3__nav_sage_v2__ingestion_20260825_event_path_v1__event_465__path_1,F1023_V70_D0120_P8__G26__ch3__nav_sage_v2__ingestion_20260825_event_path_v1__event_465,F1023_V70_D0120_P8__G26__ch3__nav_sage_v2__ingestion_20260825_event_path_v1,F1023_V70_D0120_P8,G26,3,465,1,stage4_joint,los,0,0.4,0,0,,,-5700.68408203125,0,0,mean_relative_power_db,,,,rejected_candidate,stage4-strict-confirmed-v1,scenes/F1023_V70_D0120_P8/sage_results/nav_sage_v2/G26/stage4_joint_paths.csv,8e1090a0d2201a463f4a481c05f7086fb9c32a6774b8eafd77788247be5f76f1,9,eligible_pending_modeling_qa,stage4_source_has_no_path_amplitude_phase_coherence,sage-event-path-db-v1
F1023_V70_D0120_P8__G26__ch3__nav_sage_v2__ingestion_20260825_event_path_v1__event_194__path_1,F1023_V70_D0120_P8__G26__ch3__nav_sage_v2__ingestion_20260825_event_path_v1__event_194,F1023_V70_D0120_P8__G26__ch3__nav_sage_v2__ingestion_20260825_event_path_v1,F1023_V70_D0120_P8,G26,3,194,1,stage4_joint,los,0,0.4,0,0,,,-5697.6015625,0,0,mean_relative_power_db,,,,rejected_candidate,stage4-strict-confirmed-v1,scenes/F1023_V70_D0120_P8/sage_results/nav_sage_v2/G26/stage4_joint_paths.csv,8e1090a0d2201a463f4a481c05f7086fb9c32a6774b8eafd77788247be5f76f1,10,eligible_pending_modeling_qa,stage4_source_has_no_path_amplitude_phase_coherence,sage-event-path-db-v1
F1023_V70_D0120_P9__G16__ch9__nav_sage_v2__ingestion_20260825_event_path_v1__event_92__path_1,F1023_V70_D0120_P9__G16__ch9__nav_sage_v2__ingestion_20260825_event_path_v1__event_92,F1023_V70_D0120_P9__G16__ch9__nav_sage_v2__ingestion_20260825_event_path_v1,F1023_V70_D0120_P9,G16,9,92,1,stage4_joint,los,0,0.1,0,0,,,-3186.8671875,0,0,mean_relative_power_db,,,,rejected_candidate,stage4-strict-confirmed-v1,scenes/F1023_V70_D0120_P9/sage_results/nav_sage_v2/G16/stage4_joint_paths.csv,36671032256780cc40ce54373e77b7a348bf6fb4dd4efea4b9ad9f37064f172e,2,eligible_pending_modeling_qa,stage4_source_has_no_path_amplitude_phase_coherence,sage-event-path-db-v1
F1023_V70_D0120_P9__G16__ch9__nav_sage_v2__ingestion_20260825_event_path_v1__event_2565__path_1,F1023_V70_D0120_P9__G16__ch9__nav_sage_v2__ingestion_20260825_event_path_v1__event_2565,F1023_V70_D0120_P9__G16__ch9__nav_sage_v2__ingestion_20260825_event_path_v1,F1023_V70_D0120_P9,G16,9,2565,1,stage4_joint,los,0,0.2,0,0,,,-3217.001953125,0,0,mean_relative_power_db,,,,confirmed_multipath,stage4-strict-confirmed-v1,scenes/F1023_V70_D0120_P9/sage_results/nav_sage_v2/G16/stage4_joint_paths.csv,36671032256780cc40ce54373e77b7a348bf6fb4dd4efea4b9ad9f37064f172e,3,eligible_pending_modeling_qa,stage4_source_has_no_path_amplitude_phase_coherence,sage-event-path-db-v1
F1023_V70_D0120_P9__G16__ch9__nav_sage_v2__ingestion_20260825_event_path_v1__event_2565__path_2,F1023_V70_D0120_P9__G16__ch9__nav_sage_v2__ingestion_20260825_event_path_v1__event_2565,F1023_V70_D0120_P9__G16__ch9__nav_sage_v2__ingestion_20260825_event_path_v1,F1023_V70_D0120_P9,G16,9,2565,2,stage4_joint,multipath,1,1.2,1,0.1,,,-3217.33765102972,-0.335697904715289,-6.99350764373868,mean_relative_power_db,,,,confirmed_multipath,stage4-strict-confirmed-v1,scenes/F1023_V70_D0120_P9/sage_results/nav_sage_v2/G16/stage4_joint_paths.csv,36671032256780cc40ce54373e77b7a348bf6fb4dd4efea4b9ad9f37064f172e,4,eligible_pending_modeling_qa,,sage-event-path-db-v1
F1023_V70_D0120_P9__G16__ch9__nav_sage_v2__ingestion_20260825_event_path_v1__event_2566__path_1,F1023_V70_D0120_P9__G16__ch9__nav_sage_v2__ingestion_20260825_event_path_v1__event_2566,F1023_V70_D0120_P9__G16__ch9__nav_sage_v2__ingestion_20260825_event_path_v1,F1023_V70_D0120_P9,G16,9,2566,1,stage4_joint,los,0,0.4,0,0,,,-3218.89599609375,0,0,mean_relative_power_db,,,,rejected_candidate,stage4-strict-confirmed-v1,scenes/F1023_V70_D0120_P9/sage_results/nav_sage_v2/G16/stage4_joint_paths.csv,36671032256780cc40ce54373e77b7a348bf6fb4dd4efea4b9ad9f37064f172e,5,eligible_pending_modeling_qa,stage4_source_has_no_path_amplitude_phase_coherence,sage-event-path-db-v1
F1023_V70_D0120_P9__G16__ch9__nav_sage_v2__ingestion_20260825_event_path_v1__event_1899__path_1,F1023_V70_D0120_P9__G16__ch9__nav_sage_v2__ingestion_20260825_event_path_v1__event_1899,F1023_V70_D0120_P9__G16__ch9__nav_sage_v2__ingestion_20260825_event_path_v1,F1023_V70_D0120_P9,G16,9,1899,1,stage4_joint,los,0,0.1,0,0,,,-3197.99633789062,0,0,mean_relative_power_db,,,,rejected_candidate,stage4-strict-confirmed-v1,scenes/F1023_V70_D0120_P9/sage_results/nav_sage_v2/G16/stage4_joint_paths.csv,36671032256780cc40ce54373e77b7a348bf6fb4dd4efea4b9ad9f37064f172e,6,eligible_pending_modeling_qa,stage4_source_has_no_path_amplitude_phase_coherence,sage-event-path-db-v1
F1023_V70_D0120_P9__G18__ch1__nav_sage_v2__ingestion_20260825_event_path_v1__event_2319__path_1,F1023_V70_D0120_P9__G18__ch1__nav_sage_v2__ingestion_20260825_event_path_v1__event_2319,F1023_V70_D0120_P9__G18__ch1__nav_sage_v2__ingestion_20260825_event_path_v1,F1023_V70_D0120_P9,G18,1,2319,1,stage4_joint,los,0,0.5,0,0,,,-4991.1494140625,0,0,mean_relative_power_db,,,,rejected_candidate,stage4-strict-confirmed-v1,scenes/F1023_V70_D0120_P9/sage_results/nav_sage_v2/G18/stage4_joint_paths.csv,a562c019a78fa3130a4bad7753758f72e023fa86aa282b790e5c9a241fc47763,2,eligible_pending_modeling_qa,stage4_source_has_no_path_amplitude_phase_coherence,sage-event-path-db-v1
F1023_V70_D0120_P9__G18__ch1__nav_sage_v2__ingestion_20260825_event_path_v1__event_2320__path_1,F1023_V70_D0120_P9__G18__ch1__nav_sage_v2__ingestion_20260825_event_path_v1__event_2320,F1023_V70_D0120_P9__G18__ch1__nav_sage_v2__ingestion_20260825_event_path_v1,F1023_V70_D0120_P9,G18,1,2320,1,stage4_joint,los,0,0.5,0,0,,,-4988.2744140625,0,0,mean_relative_power_db,,,,rejected_candidate,stage4-strict-confirmed-v1,scenes/F1023_V70_D0120_P9/sage_results/nav_sage_v2/G18/stage4_joint_paths.csv,a562c019a78fa3130a4bad7753758f72e023fa86aa282b790e5c9a241fc47763,3,eligible_pending_modeling_qa,stage4_source_has_no_path_amplitude_phase_coherence,sage-event-path-db-v1
F1023_V70_D0120_P9__G18__ch1__nav_sage_v2__ingestion_20260825_event_path_v1__event_1947__path_1,F1023_V70_D0120_P9__G18__ch1__nav_sage_v2__ingestion_20260825_event_path_v1__event_1947,F1023_V70_D0120_P9__G18__ch1__nav_sage_v2__ingestion_20260825_event_path_v1,F1023_V70_D0120_P9,G18,1,1947,1,stage4_joint,los,0,0.3,0,0,,,-4990.00048828125,0,0,mean_relative_power_db,,,,rejected_candidate,stage4-strict-confirmed-v1,scenes/F1023_V70_D0120_P9/sage_results/nav_sage_v2/G18/stage4_joint_paths.csv,a562c019a78fa3130a4bad7753758f72e023fa86aa282b790e5c9a241fc47763,4,eligible_pending_modeling_qa,stage4_source_has_no_path_amplitude_phase_coherence,sage-event-path-db-v1
F1023_V70_D0120_P9__G18__ch1__nav_sage_v2__ingestion_20260825_event_path_v1__event_1948__path_1,F1023_V70_D0120_P9__G18__ch1__nav_sage_v2__ingestion_20260825_event_path_v1__event_1948,F1023_V70_D0120_P9__G18__ch1__nav_sage_v2__ingestion_20260825_event_path_v1,F1023_V70_D0120_P9,G18,1,1948,1,stage4_joint,los,0,0.4,0,0,,,-4987.73681640625,0,0,mean_relative_power_db,,,,rejected_candidate,stage4-strict-confirmed-v1,scenes/F1023_V70_D0120_P9/sage_results/nav_sage_v2/G18/stage4_joint_paths.csv,a562c019a78fa3130a4bad7753758f72e023fa86aa282b790e5c9a241fc47763,5,eligible_pending_modeling_qa,stage4_source_has_no_path_amplitude_phase_coherence,sage-event-path-db-v1
F1023_V70_D0120_P9__G18__ch1__nav_sage_v2__ingestion_20260825_event_path_v1__event_1949__path_1,F1023_V70_D0120_P9__G18__ch1__nav_sage_v2__ingestion_20260825_event_path_v1__event_1949,F1023_V70_D0120_P9__G18__ch1__nav_sage_v2__ingestion_20260825_event_path_v1,F1023_V70_D0120_P9,G18,1,1949,1,stage4_joint,los,0,0.4,0,0,,,-4987.6630859375,0,0,mean_relative_power_db,,,,rejected_candidate,stage4-strict-confirmed-v1,scenes/F1023_V70_D0120_P9/sage_results/nav_sage_v2/G18/stage4_joint_paths.csv,a562c019a78fa3130a4bad7753758f72e023fa86aa282b790e5c9a241fc47763,6,eligible_pending_modeling_qa,stage4_source_has_no_path_amplitude_phase_coherence,sage-event-path-db-v1
F1023_V70_D0120_P9__G18__ch1__nav_sage_v2__ingestion_20260825_event_path_v1__event_2318__path_1,F1023_V70_D0120_P9__G18__ch1__nav_sage_v2__ingestion_20260825_event_path_v1__event_2318,F1023_V70_D0120_P9__G18__ch1__nav_sage_v2__ingestion_20260825_event_path_v1,F1023_V70_D0120_P9,G18,1,2318,1,stage4_joint,los,0,0.4,0,0,,,-4990.1533203125,0,0,mean_relative_power_db,,,,rejected_candidate,stage4-strict-confirmed-v1,scenes/F1023_V70_D0120_P9/sage_results/nav_sage_v2/G18/stage4_joint_paths.csv,a562c019a78fa3130a4bad7753758f72e023fa86aa282b790e5c9a241fc47763,7,eligible_pending_modeling_qa,stage4_source_has_no_path_amplitude_phase_coherence,sage-event-path-db-v1
F1023_V70_D0120_P9__G18__ch1__nav_sage_v2__ingestion_20260825_event_path_v1__event_2321__path_1,F1023_V70_D0120_P9__G18__ch1__nav_sage_v2__ingestion_20260825_event_path_v1__event_2321,F1023_V70_D0120_P9__G18__ch1__nav_sage_v2__ingestion_20260825_event_path_v1,F1023_V70_D0120_P9,G18,1,2321,1,stage4_joint,los,0,0.4,0,0,,,-4988.93310546875,0,0,mean_relative_power_db,,,,rejected_candidate,stage4-strict-confirmed-v1,scenes/F1023_V70_D0120_P9/sage_results/nav_sage_v2/G18/stage4_joint_paths.csv,a562c019a78fa3130a4bad7753758f72e023fa86aa282b790e5c9a241fc47763,8,eligible_pending_modeling_qa,stage4_source_has_no_path_amplitude_phase_coherence,sage-event-path-db-v1
F1023_V70_D0120_P9__G18__ch1__nav_sage_v2__ingestion_20260825_event_path_v1__event_1278__path_1,F1023_V70_D0120_P9__G18__ch1__nav_sage_v2__ingestion_20260825_event_path_v1__event_1278,F1023_V70_D0120_P9__G18__ch1__nav_sage_v2__ingestion_20260825_event_path_v1,F1023_V70_D0120_P9,G18,1,1278,1,stage4_joint,los,0,0.1,0,0,,,-4987.14306640625,0,0,mean_relative_power_db,,,,rejected_candidate,stage4-strict-confirmed-v1,scenes/F1023_V70_D0120_P9/sage_results/nav_sage_v2/G18/stage4_joint_paths.csv,a562c019a78fa3130a4bad7753758f72e023fa86aa282b790e5c9a241fc47763,9,eligible_pending_modeling_qa,stage4_source_has_no_path_amplitude_phase_coherence,sage-event-path-db-v1
F1023_V70_D0120_P9__G26__ch6__nav_sage_v2__ingestion_20260825_event_path_v1__event_1946__path_1,F1023_V70_D0120_P9__G26__ch6__nav_sage_v2__ingestion_20260825_event_path_v1__event_1946,F1023_V70_D0120_P9__G26__ch6__nav_sage_v2__ingestion_20260825_event_path_v1,F1023_V70_D0120_P9,G26,6,1946,1,stage4_joint,los,0,0.4,0,0,,,-5786.37744140625,0,0,mean_relative_power_db,,,,rejected_candidate,stage4-strict-confirmed-v1,scenes/F1023_V70_D0120_P9/sage_results/nav_sage_v2/G26/stage4_joint_paths.csv,543c95e93a88fedaf273fe7d9725396816e5cbbf7212346528bdc9412714698e,2,eligible_pending_modeling_qa,stage4_source_has_no_path_amplitude_phase_coherence,sage-event-path-db-v1
F1023_V70_D0120_P9__G26__ch6__nav_sage_v2__ingestion_20260825_event_path_v1__event_1947__path_1,F1023_V70_D0120_P9__G26__ch6__nav_sage_v2__ingestion_20260825_event_path_v1__event_1947,F1023_V70_D0120_P9__G26__ch6__nav_sage_v2__ingestion_20260825_event_path_v1,F1023_V70_D0120_P9,G26,6,1947,1,stage4_joint,los,0,0.3,0,0,,,-5787.16552734375,0,0,mean_relative_power_db,,,,rejected_candidate,stage4-strict-confirmed-v1,scenes/F1023_V70_D0120_P9/sage_results/nav_sage_v2/G26/stage4_joint_paths.csv,543c95e93a88fedaf273fe7d9725396816e5cbbf7212346528bdc9412714698e,3,eligible_pending_modeling_qa,stage4_source_has_no_path_amplitude_phase_coherence,sage-event-path-db-v1
F1023_V70_D0120_P9__G26__ch6__nav_sage_v2__ingestion_20260825_event_path_v1__event_1948__path_1,F1023_V70_D0120_P9__G26__ch6__nav_sage_v2__ingestion_20260825_event_path_v1__event_1948,F1023_V70_D0120_P9__G26__ch6__nav_sage_v2__ingestion_20260825_event_path_v1,F1023_V70_D0120_P9,G26,6,1948,1,stage4_joint,los,0,0.5,0,0,,,-5786.29541015625,0,0,mean_relative_power_db,,,,rejected_candidate,stage4-strict-confirmed-v1,scenes/F1023_V70_D0120_P9/sage_results/nav_sage_v2/G26/stage4_joint_paths.csv,543c95e93a88fedaf273fe7d9725396816e5cbbf7212346528bdc9412714698e,4,eligible_pending_modeling_qa,stage4_source_has_no_path_amplitude_phase_coherence,sage-event-path-db-v1
F1023_V70_D0120_P9__G26__ch6__nav_sage_v2__ingestion_20260825_event_path_v1__event_2283__path_1,F1023_V70_D0120_P9__G26__ch6__nav_sage_v2__ingestion_20260825_event_path_v1__event_2283,F1023_V70_D0120_P9__G26__ch6__nav_sage_v2__ingestion_20260825_event_path_v1,F1023_V70_D0120_P9,G26,6,2283,1,stage4_joint,los,0,0.3,0,0,,,-5795.03564453125,0,0,mean_relative_power_db,,,,rejected_candidate,stage4-strict-confirmed-v1,scenes/F1023_V70_D0120_P9/sage_results/nav_sage_v2/G26/stage4_joint_paths.csv,543c95e93a88fedaf273fe7d9725396816e5cbbf7212346528bdc9412714698e,5,eligible_pending_modeling_qa,stage4_source_has_no_path_amplitude_phase_coherence,sage-event-path-db-v1
F1023_V70_D0120_P9__G26__ch6__nav_sage_v2__ingestion_20260825_event_path_v1__event_2284__path_1,F1023_V70_D0120_P9__G26__ch6__nav_sage_v2__ingestion_20260825_event_path_v1__event_2284,F1023_V70_D0120_P9__G26__ch6__nav_sage_v2__ingestion_20260825_event_path_v1,F1023_V70_D0120_P9,G26,6,2284,1,stage4_joint,los,0,0.3,0,0,,,-5794.56689453125,0,0,mean_relative_power_db,,,,rejected_candidate,stage4-strict-confirmed-v1,scenes/F1023_V70_D0120_P9/sage_results/nav_sage_v2/G26/stage4_joint_paths.csv,543c95e93a88fedaf273fe7d9725396816e5cbbf7212346528bdc9412714698e,6,eligible_pending_modeling_qa,stage4_source_has_no_path_amplitude_phase_coherence,sage-event-path-db-v1
F1023_V70_D0120_P9__G26__ch6__nav_sage_v2__ingestion_20260825_event_path_v1__event_2285__path_1,F1023_V70_D0120_P9__G26__ch6__nav_sage_v2__ingestion_20260825_event_path_v1__event_2285,F1023_V70_D0120_P9__G26__ch6__nav_sage_v2__ingestion_20260825_event_path_v1,F1023_V70_D0120_P9,G26,6,2285,1,stage4_joint,los,0,0.2,0,0,,,-5790.185546875,0,0,mean_relative_power_db,,,,confirmed_multipath,stage4-strict-confirmed-v1,scenes/F1023_V70_D0120_P9/sage_results/nav_sage_v2/G26/stage4_joint_paths.csv,543c95e93a88fedaf273fe7d9725396816e5cbbf7212346528bdc9412714698e,7,eligible_pending_modeling_qa,stage4_source_has_no_path_amplitude_phase_coherence,sage-event-path-db-v1
F1023_V70_D0120_P9__G26__ch6__nav_sage_v2__ingestion_20260825_event_path_v1__event_2285__path_2,F1023_V70_D0120_P9__G26__ch6__nav_sage_v2__ingestion_20260825_event_path_v1__event_2285,F1023_V70_D0120_P9__G26__ch6__nav_sage_v2__ingestion_20260825_event_path_v1,F1023_V70_D0120_P9,G26,6,2285,2,stage4_joint,multipath,1,2,1.8,0.18,,,-5819.64019219901,-29.4546453240118,-19.5143035546653,mean_relative_power_db,,,,confirmed_multipath,stage4-strict-confirmed-v1,scenes/F1023_V70_D0120_P9/sage_results/nav_sage_v2/G26/stage4_joint_paths.csv,543c95e93a88fedaf273fe7d9725396816e5cbbf7212346528bdc9412714698e,8,eligible_pending_modeling_qa,,sage-event-path-db-v1
F1023_V70_D0120_P9__G26__ch6__nav_sage_v2__ingestion_20260825_event_path_v1__event_2303__path_1,F1023_V70_D0120_P9__G26__ch6__nav_sage_v2__ingestion_20260825_event_path_v1__event_2303,F1023_V70_D0120_P9__G26__ch6__nav_sage_v2__ingestion_20260825_event_path_v1,F1023_V70_D0120_P9,G26,6,2303,1,stage4_joint,los,0,0.5,0,0,,,-5793.20458984375,0,0,mean_relative_power_db,,,,rejected_candidate,stage4-strict-confirmed-v1,scenes/F1023_V70_D0120_P9/sage_results/nav_sage_v2/G26/stage4_joint_paths.csv,543c95e93a88fedaf273fe7d9725396816e5cbbf7212346528bdc9412714698e,9,eligible_pending_modeling_qa,stage4_source_has_no_path_amplitude_phase_coherence,sage-event-path-db-v1
F1023_V70_D0120_P9__G26__ch6__nav_sage_v2__ingestion_20260825_event_path_v1__event_2304__path_1,F1023_V70_D0120_P9__G26__ch6__nav_sage_v2__ingestion_20260825_event_path_v1__event_2304,F1023_V70_D0120_P9__G26__ch6__nav_sage_v2__ingestion_20260825_event_path_v1,F1023_V70_D0120_P9,G26,6,2304,1,stage4_joint,los,0,0.4,0,0,,,-5791.18115234375,0,0,mean_relative_power_db,,,,rejected_candidate,stage4-strict-confirmed-v1,scenes/F1023_V70_D0120_P9/sage_results/nav_sage_v2/G26/stage4_joint_paths.csv,543c95e93a88fedaf273fe7d9725396816e5cbbf7212346528bdc9412714698e,10,eligible_pending_modeling_qa,stage4_source_has_no_path_amplitude_phase_coherence,sage-event-path-db-v1
F1023_V70_D0120_P9__G27__ch5__nav_sage_v2__ingestion_20260825_event_path_v1__event_823__path_1,F1023_V70_D0120_P9__G27__ch5__nav_sage_v2__ingestion_20260825_event_path_v1__event_823,F1023_V70_D0120_P9__G27__ch5__nav_sage_v2__ingestion_20260825_event_path_v1,F1023_V70_D0120_P9,G27,5,823,1,stage4_joint,los,0,-0.4,0,0,,,-2010.31713867188,0,0,mean_relative_power_db,,,,confirmed_multipath,stage4-strict-confirmed-v1,scenes/F1023_V70_D0120_P9/sage_results/nav_sage_v2/G27/stage4_joint_paths.csv,02d2f4ab9ac1ba89a19e5163bbc7448e4d793fc9db8d953721a0ef50322bfbaa,2,eligible_pending_modeling_qa,stage4_source_has_no_path_amplitude_phase_coherence,sage-event-path-db-v1
F1023_V70_D0120_P9__G27__ch5__nav_sage_v2__ingestion_20260825_event_path_v1__event_823__path_2,F1023_V70_D0120_P9__G27__ch5__nav_sage_v2__ingestion_20260825_event_path_v1__event_823,F1023_V70_D0120_P9__G27__ch5__nav_sage_v2__ingestion_20260825_event_path_v1,F1023_V70_D0120_P9,G27,5,823,2,stage4_joint,multipath,1,2.3,2.7,0.27,,,-1949.18593438021,61.1312042916647,-5.90480848254359,mean_relative_power_db,,,,confirmed_multipath,stage4-strict-confirmed-v1,scenes/F1023_V70_D0120_P9/sage_results/nav_sage_v2/G27/stage4_joint_paths.csv,02d2f4ab9ac1ba89a19e5163bbc7448e4d793fc9db8d953721a0ef50322bfbaa,3,eligible_pending_modeling_qa,,sage-event-path-db-v1
F1023_V70_D0120_P9__G27__ch5__nav_sage_v2__ingestion_20260825_event_path_v1__event_822__path_1,F1023_V70_D0120_P9__G27__ch5__nav_sage_v2__ingestion_20260825_event_path_v1__event_822,F1023_V70_D0120_P9__G27__ch5__nav_sage_v2__ingestion_20260825_event_path_v1,F1023_V70_D0120_P9,G27,5,822,1,stage4_joint,los,0,0.5,0,0,,,-2008.97082519531,0,0,mean_relative_power_db,,,,confirmed_multipath,stage4-strict-confirmed-v1,scenes/F1023_V70_D0120_P9/sage_results/nav_sage_v2/G27/stage4_joint_paths.csv,02d2f4ab9ac1ba89a19e5163bbc7448e4d793fc9db8d953721a0ef50322bfbaa,4,eligible_pending_modeling_qa,stage4_source_has_no_path_amplitude_phase_coherence,sage-event-path-db-v1
F1023_V70_D0120_P9__G27__ch5__nav_sage_v2__ingestion_20260825_event_path_v1__event_822__path_2,F1023_V70_D0120_P9__G27__ch5__nav_sage_v2__ingestion_20260825_event_path_v1__event_822,F1023_V70_D0120_P9__G27__ch5__nav_sage_v2__ingestion_20260825_event_path_v1,F1023_V70_D0120_P9,G27,5,822,2,stage4_joint,multipath,1,3.1,2.6,0.26,,,-1947.98344304985,60.9873821454651,-6.55295075543916,mean_relative_power_db,,,,confirmed_multipath,stage4-strict-confirmed-v1,scenes/F1023_V70_D0120_P9/sage_results/nav_sage_v2/G27/stage4_joint_paths.csv,02d2f4ab9ac1ba89a19e5163bbc7448e4d793fc9db8d953721a0ef50322bfbaa,5,eligible_pending_modeling_qa,,sage-event-path-db-v1
F1023_V70_D0120_P9__G27__ch5__nav_sage_v2__ingestion_20260825_event_path_v1__event_845__path_1,F1023_V70_D0120_P9__G27__ch5__nav_sage_v2__ingestion_20260825_event_path_v1__event_845,F1023_V70_D0120_P9__G27__ch5__nav_sage_v2__ingestion_20260825_event_path_v1,F1023_V70_D0120_P9,G27,5,845,1,stage4_joint,los,0,-0.9,0,0,,,-2008.74829101562,0,0,mean_relative_power_db,,,,confirmed_multipath,stage4-strict-confirmed-v1,scenes/F1023_V70_D0120_P9/sage_results/nav_sage_v2/G27/stage4_joint_paths.csv,02d2f4ab9ac1ba89a19e5163bbc7448e4d793fc9db8d953721a0ef50322bfbaa,6,eligible_pending_modeling_qa,stage4_source_has_no_path_amplitude_phase_coherence,sage-event-path-db-v1
F1023_V70_D0120_P9__G27__ch5__nav_sage_v2__ingestion_20260825_event_path_v1__event_845__path_2,F1023_V70_D0120_P9__G27__ch5__nav_sage_v2__ingestion_20260825_event_path_v1__event_845,F1023_V70_D0120_P9__G27__ch5__nav_sage_v2__ingestion_20260825_event_path_v1,F1023_V70_D0120_P9,G27,5,845,2,stage4_joint,multipath,1,1.7,2.6,0.26,,,-1954.45299950589,54.2952915097351,-2.29558115602777,mean_relative_power_db,,,,confirmed_multipath,stage4-strict-confirmed-v1,scenes/F1023_V70_D0120_P9/sage_results/nav_sage_v2/G27/stage4_joint_paths.csv,02d2f4ab9ac1ba89a19e5163bbc7448e4d793fc9db8d953721a0ef50322bfbaa,7,eligible_pending_modeling_qa,,sage-event-path-db-v1
F1023_V70_D0120_P9__G27__ch5__nav_sage_v2__ingestion_20260825_event_path_v1__event_846__path_1,F1023_V70_D0120_P9__G27__ch5__nav_sage_v2__ingestion_20260825_event_path_v1__event_846,F1023_V70_D0120_P9__G27__ch5__nav_sage_v2__ingestion_20260825_event_path_v1,F1023_V70_D0120_P9,G27,5,846,1,stage4_joint,los,0,-0.8,0,0,,,-2010.98974609375,0,0,mean_relative_power_db,,,,confirmed_multipath,stage4-strict-confirmed-v1,scenes/F1023_V70_D0120_P9/sage_results/nav_sage_v2/G27/stage4_joint_paths.csv,02d2f4ab9ac1ba89a19e5163bbc7448e4d793fc9db8d953721a0ef50322bfbaa,8,eligible_pending_modeling_qa,stage4_source_has_no_path_amplitude_phase_coherence,sage-event-path-db-v1
F1023_V70_D0120_P9__G27__ch5__nav_sage_v2__ingestion_20260825_event_path_v1__event_846__path_2,F1023_V70_D0120_P9__G27__ch5__nav_sage_v2__ingestion_20260825_event_path_v1__event_846,F1023_V70_D0120_P9__G27__ch5__nav_sage_v2__ingestion_20260825_event_path_v1,F1023_V70_D0120_P9,G27,5,846,2,stage4_joint,multipath,1,1.8,2.6,0.26,,,-1951.55063243782,59.439113655935,-2.79065278138611,mean_relative_power_db,,,,confirmed_multipath,stage4-strict-confirmed-v1,scenes/F1023_V70_D0120_P9/sage_results/nav_sage_v2/G27/stage4_joint_paths.csv,02d2f4ab9ac1ba89a19e5163bbc7448e4d793fc9db8d953721a0ef50322bfbaa,9,eligible_pending_modeling_qa,,sage-event-path-db-v1
F1023_V70_D0120_P9__G27__ch5__nav_sage_v2__ingestion_20260825_event_path_v1__event_847__path_1,F1023_V70_D0120_P9__G27__ch5__nav_sage_v2__ingestion_20260825_event_path_v1__event_847,F1023_V70_D0120_P9__G27__ch5__nav_sage_v2__ingestion_20260825_event_path_v1,F1023_V70_D0120_P9,G27,5,847,1,stage4_joint,los,0,-0.8,0,0,,,-2010.84875488281,0,0,mean_relative_power_db,,,,confirmed_multipath,stage4-strict-confirmed-v1,scenes/F1023_V70_D0120_P9/sage_results/nav_sage_v2/G27/stage4_joint_paths.csv,02d2f4ab9ac1ba89a19e5163bbc7448e4d793fc9db8d953721a0ef50322bfbaa,10,eligible_pending_modeling_qa,stage4_source_has_no_path_amplitude_phase_coherence,sage-event-path-db-v1
F1023_V70_D0120_P9__G27__ch5__nav_sage_v2__ingestion_20260825_event_path_v1__event_847__path_2,F1023_V70_D0120_P9__G27__ch5__nav_sage_v2__ingestion_20260825_event_path_v1__event_847,F1023_V70_D0120_P9__G27__ch5__nav_sage_v2__ingestion_20260825_event_path_v1,F1023_V70_D0120_P9,G27,5,847,2,stage4_joint,multipath,1,1.9,2.7,0.27,,,-1951.26581908047,59.5829358023441,-3.18327858084326,mean_relative_power_db,,,,confirmed_multipath,stage4-strict-confirmed-v1,scenes/F1023_V70_D0120_P9/sage_results/nav_sage_v2/G27/stage4_joint_paths.csv,02d2f4ab9ac1ba89a19e5163bbc7448e4d793fc9db8d953721a0ef50322bfbaa,11,eligible_pending_modeling_qa,,sage-event-path-db-v1
F1023_V70_D0120_P9__G27__ch5__nav_sage_v2__ingestion_20260825_event_path_v1__event_755__path_1,F1023_V70_D0120_P9__G27__ch5__nav_sage_v2__ingestion_20260825_event_path_v1__event_755,F1023_V70_D0120_P9__G27__ch5__nav_sage_v2__ingestion_20260825_event_path_v1,F1023_V70_D0120_P9,G27,5,755,1,stage4_joint,los,0,0.7,0,0,,,-2007.07104492188,0,0,mean_relative_power_db,,,,confirmed_multipath,stage4-strict-confirmed-v1,scenes/F1023_V70_D0120_P9/sage_results/nav_sage_v2/G27/stage4_joint_paths.csv,02d2f4ab9ac1ba89a19e5163bbc7448e4d793fc9db8d953721a0ef50322bfbaa,12,eligible_pending_modeling_qa,stage4_source_has_no_path_amplitude_phase_coherence,sage-event-path-db-v1
F1023_V70_D0120_P9__G27__ch5__nav_sage_v2__ingestion_20260825_event_path_v1__event_755__path_2,F1023_V70_D0120_P9__G27__ch5__nav_sage_v2__ingestion_20260825_event_path_v1__event_755,F1023_V70_D0120_P9__G27__ch5__nav_sage_v2__ingestion_20260825_event_path_v1,F1023_V70_D0120_P9,G27,5,755,2,stage4_joint,multipath,1,4,3.3,0.33,,,-1952.31649474157,54.7545501803038,-3.66764242118774,mean_relative_power_db,,,,confirmed_multipath,stage4-strict-confirmed-v1,scenes/F1023_V70_D0120_P9/sage_results/nav_sage_v2/G27/stage4_joint_paths.csv,02d2f4ab9ac1ba89a19e5163bbc7448e4d793fc9db8d953721a0ef50322bfbaa,13,eligible_pending_modeling_qa,,sage-event-path-db-v1
F1023_V70_D0120_P9__G27__ch5__nav_sage_v2__ingestion_20260825_event_path_v1__event_757__path_1,F1023_V70_D0120_P9__G27__ch5__nav_sage_v2__ingestion_20260825_event_path_v1__event_757,F1023_V70_D0120_P9__G27__ch5__nav_sage_v2__ingestion_20260825_event_path_v1,F1023_V70_D0120_P9,G27,5,757,1,stage4_joint,los,0,-0.5,0,0,,,-2010.33081054688,0,0,mean_relative_power_db,,,,confirmed_multipath,stage4-strict-confirmed-v1,scenes/F1023_V70_D0120_P9/sage_results/nav_sage_v2/G27/stage4_joint_paths.csv,02d2f4ab9ac1ba89a19e5163bbc7448e4d793fc9db8d953721a0ef50322bfbaa,14,eligible_pending_modeling_qa,stage4_source_has_no_path_amplitude_phase_coherence,sage-event-path-db-v1
F1023_V70_D0120_P9__G27__ch5__nav_sage_v2__ingestion_20260825_event_path_v1__event_757__path_2,F1023_V70_D0120_P9__G27__ch5__nav_sage_v2__ingestion_20260825_event_path_v1__event_757,F1023_V70_D0120_P9__G27__ch5__nav_sage_v2__ingestion_20260825_event_path_v1,F1023_V70_D0120_P9,G27,5,757,2,stage4_joint,multipath,1,2.7,3.2,0.32,,,-1951.52354006704,58.8072704798321,-5.19406710915628,mean_relative_power_db,,,,confirmed_multipath,stage4-strict-confirmed-v1,scenes/F1023_V70_D0120_P9/sage_results/nav_sage_v2/G27/stage4_joint_paths.csv,02d2f4ab9ac1ba89a19e5163bbc7448e4d793fc9db8d953721a0ef50322bfbaa,15,eligible_pending_modeling_qa,,sage-event-path-db-v1
F1023_V70_D0120_P9__G27__ch5__nav_sage_v2__ingestion_20260825_event_path_v1__event_796__path_1,F1023_V70_D0120_P9__G27__ch5__nav_sage_v2__ingestion_20260825_event_path_v1__event_796,F1023_V70_D0120_P9__G27__ch5__nav_sage_v2__ingestion_20260825_event_path_v1,F1023_V70_D0120_P9,G27,5,796,1,stage4_joint,los,0,-0.6,0,0,,,-2013.66528320312,0,0,mean_relative_power_db,,,,confirmed_multipath,stage4-strict-confirmed-v1,scenes/F1023_V70_D0120_P9/sage_results/nav_sage_v2/G27/stage4_joint_paths.csv,02d2f4ab9ac1ba89a19e5163bbc7448e4d793fc9db8d953721a0ef50322bfbaa,16,eligible_pending_modeling_qa,stage4_source_has_no_path_amplitude_phase_coherence,sage-event-path-db-v1
F1023_V70_D0120_P9__G27__ch5__nav_sage_v2__ingestion_20260825_event_path_v1__event_796__path_2,F1023_V70_D0120_P9__G27__ch5__nav_sage_v2__ingestion_20260825_event_path_v1__event_796,F1023_V70_D0120_P9__G27__ch5__nav_sage_v2__ingestion_20260825_event_path_v1,F1023_V70_D0120_P9,G27,5,796,2,stage4_joint,multipath,1,2.2,2.8,0.28,,,-1953.3299668787,60.3353163244287,-4.71354633880288,mean_relative_power_db,,,,confirmed_multipath,stage4-strict-confirmed-v1,scenes/F1023_V70_D0120_P9/sage_results/nav_sage_v2/G27/stage4_joint_paths.csv,02d2f4ab9ac1ba89a19e5163bbc7448e4d793fc9db8d953721a0ef50322bfbaa,17,eligible_pending_modeling_qa,,sage-event-path-db-v1
F1023_V70_D0120_P9__G28__ch11__nav_sage_v2__ingestion_20260825_event_path_v1__event_592__path_1,F1023_V70_D0120_P9__G28__ch11__nav_sage_v2__ingestion_20260825_event_path_v1__event_592,F1023_V70_D0120_P9__G28__ch11__nav_sage_v2__ingestion_20260825_event_path_v1,F1023_V70_D0120_P9,G28,11,592,1,stage4_joint,los,0,0.5,0,0,,,-8888.615234375,0,0,mean_relative_power_db,,,,rejected_candidate,stage4-strict-confirmed-v1,scenes/F1023_V70_D0120_P9/sage_results/nav_sage_v2/G28/stage4_joint_paths.csv,9c6e173bb25d79ba1fdab6d72b8c51c1a41a1671ff3f9cc064d670eefc17531b,2,eligible_pending_modeling_qa,stage4_source_has_no_path_amplitude_phase_coherence,sage-event-path-db-v1
F1023_V70_D0120_P9__G29__ch4__nav_sage_v2__ingestion_20260825_event_path_v1__event_1305__path_1,F1023_V70_D0120_P9__G29__ch4__nav_sage_v2__ingestion_20260825_event_path_v1__event_1305,F1023_V70_D0120_P9__G29__ch4__nav_sage_v2__ingestion_20260825_event_path_v1,F1023_V70_D0120_P9,G29,4,1305,1,stage4_joint,los,0,0.2,0,0,,,-8139.73046875,0,0,mean_relative_power_db,,,,rejected_candidate,stage4-strict-confirmed-v1,scenes/F1023_V70_D0120_P9/sage_results/nav_sage_v2/G29/stage4_joint_paths.csv,d22af2b6a71728bcd2ed5ad8911a0c584ac63df9e5f17ee7c8ab442d6b9c8843,2,eligible_pending_modeling_qa,stage4_source_has_no_path_amplitude_phase_coherence,sage-event-path-db-v1
F1023_V70_D0120_P9__G29__ch4__nav_sage_v2__ingestion_20260825_event_path_v1__event_1306__path_1,F1023_V70_D0120_P9__G29__ch4__nav_sage_v2__ingestion_20260825_event_path_v1__event_1306,F1023_V70_D0120_P9__G29__ch4__nav_sage_v2__ingestion_20260825_event_path_v1,F1023_V70_D0120_P9,G29,4,1306,1,stage4_joint,los,0,0.3,0,0,,,-8139.8291015625,0,0,mean_relative_power_db,,,,rejected_candidate,stage4-strict-confirmed-v1,scenes/F1023_V70_D0120_P9/sage_results/nav_sage_v2/G29/stage4_joint_paths.csv,d22af2b6a71728bcd2ed5ad8911a0c584ac63df9e5f17ee7c8ab442d6b9c8843,3,eligible_pending_modeling_qa,stage4_source_has_no_path_amplitude_phase_coherence,sage-event-path-db-v1
F1023_V70_D0120_P9__G29__ch4__nav_sage_v2__ingestion_20260825_event_path_v1__event_2559__path_1,F1023_V70_D0120_P9__G29__ch4__nav_sage_v2__ingestion_20260825_event_path_v1__event_2559,F1023_V70_D0120_P9__G29__ch4__nav_sage_v2__ingestion_20260825_event_path_v1,F1023_V70_D0120_P9,G29,4,2559,1,stage4_joint,los,0,0.5,0,0,,,-8125.14453125,0,0,mean_relative_power_db,,,,rejected_candidate,stage4-strict-confirmed-v1,scenes/F1023_V70_D0120_P9/sage_results/nav_sage_v2/G29/stage4_joint_paths.csv,d22af2b6a71728bcd2ed5ad8911a0c584ac63df9e5f17ee7c8ab442d6b9c8843,4,eligible_pending_modeling_qa,stage4_source_has_no_path_amplitude_phase_coherence,sage-event-path-db-v1
F1023_V70_D0120_P9__G29__ch4__nav_sage_v2__ingestion_20260825_event_path_v1__event_494__path_1,F1023_V70_D0120_P9__G29__ch4__nav_sage_v2__ingestion_20260825_event_path_v1__event_494,F1023_V70_D0120_P9__G29__ch4__nav_sage_v2__ingestion_20260825_event_path_v1,F1023_V70_D0120_P9,G29,4,494,1,stage4_joint,los,0,0.1,0,0,,,-8136.77685546875,0,0,mean_relative_power_db,,,,rejected_candidate,stage4-strict-confirmed-v1,scenes/F1023_V70_D0120_P9/sage_results/nav_sage_v2/G29/stage4_joint_paths.csv,d22af2b6a71728bcd2ed5ad8911a0c584ac63df9e5f17ee7c8ab442d6b9c8843,5,eligible_pending_modeling_qa,stage4_source_has_no_path_amplitude_phase_coherence,sage-event-path-db-v1
F1023_V70_D0120_P9__G29__ch4__nav_sage_v2__ingestion_20260825_event_path_v1__event_495__path_1,F1023_V70_D0120_P9__G29__ch4__nav_sage_v2__ingestion_20260825_event_path_v1__event_495,F1023_V70_D0120_P9__G29__ch4__nav_sage_v2__ingestion_20260825_event_path_v1,F1023_V70_D0120_P9,G29,4,495,1,stage4_joint,los,0,0.2,0,0,,,-8136.46875,0,0,mean_relative_power_db,,,,rejected_candidate,stage4-strict-confirmed-v1,scenes/F1023_V70_D0120_P9/sage_results/nav_sage_v2/G29/stage4_joint_paths.csv,d22af2b6a71728bcd2ed5ad8911a0c584ac63df9e5f17ee7c8ab442d6b9c8843,6,eligible_pending_modeling_qa,stage4_source_has_no_path_amplitude_phase_coherence,sage-event-path-db-v1
F1023_V70_D0120_P9__G29__ch4__nav_sage_v2__ingestion_20260825_event_path_v1__event_559__path_1,F1023_V70_D0120_P9__G29__ch4__nav_sage_v2__ingestion_20260825_event_path_v1__event_559,F1023_V70_D0120_P9__G29__ch4__nav_sage_v2__ingestion_20260825_event_path_v1,F1023_V70_D0120_P9,G29,4,559,1,stage4_joint,los,0,0.6,0,0,,,-8134.9736328125,0,0,mean_relative_power_db,,,,rejected_candidate,stage4-strict-confirmed-v1,scenes/F1023_V70_D0120_P9/sage_results/nav_sage_v2/G29/stage4_joint_paths.csv,d22af2b6a71728bcd2ed5ad8911a0c584ac63df9e5f17ee7c8ab442d6b9c8843,7,eligible_pending_modeling_qa,stage4_source_has_no_path_amplitude_phase_coherence,sage-event-path-db-v1
F1023_V70_D0120_P9__G29__ch4__nav_sage_v2__ingestion_20260825_event_path_v1__event_560__path_1,F1023_V70_D0120_P9__G29__ch4__nav_sage_v2__ingestion_20260825_event_path_v1__event_560,F1023_V70_D0120_P9__G29__ch4__nav_sage_v2__ingestion_20260825_event_path_v1,F1023_V70_D0120_P9,G29,4,560,1,stage4_joint,los,0,0.3,0,0,,,-8138.69873046875,0,0,mean_relative_power_db,,,,confirmed_multipath,stage4-strict-confirmed-v1,scenes/F1023_V70_D0120_P9/sage_results/nav_sage_v2/G29/stage4_joint_paths.csv,d22af2b6a71728bcd2ed5ad8911a0c584ac63df9e5f17ee7c8ab442d6b9c8843,8,eligible_pending_modeling_qa,stage4_source_has_no_path_amplitude_phase_coherence,sage-event-path-db-v1
F1023_V70_D0120_P9__G29__ch4__nav_sage_v2__ingestion_20260825_event_path_v1__event_560__path_2,F1023_V70_D0120_P9__G29__ch4__nav_sage_v2__ingestion_20260825_event_path_v1__event_560,F1023_V70_D0120_P9__G29__ch4__nav_sage_v2__ingestion_20260825_event_path_v1,F1023_V70_D0120_P9,G29,4,560,2,stage4_joint,multipath,1,1.4,1.1,0.11,,,-8127.89820276785,10.8005277008997,-7.17440666457061,mean_relative_power_db,,,,confirmed_multipath,stage4-strict-confirmed-v1,scenes/F1023_V70_D0120_P9/sage_results/nav_sage_v2/G29/stage4_joint_paths.csv,d22af2b6a71728bcd2ed5ad8911a0c584ac63df9e5f17ee7c8ab442d6b9c8843,9,eligible_pending_modeling_qa,,sage-event-path-db-v1
F1023_V70_D0120_P9__G29__ch4__nav_sage_v2__ingestion_20260825_event_path_v1__event_2539__path_1,F1023_V70_D0120_P9__G29__ch4__nav_sage_v2__ingestion_20260825_event_path_v1__event_2539,F1023_V70_D0120_P9__G29__ch4__nav_sage_v2__ingestion_20260825_event_path_v1,F1023_V70_D0120_P9,G29,4,2539,1,stage4_joint,los,0,0.2,0,0,,,-8126.13037109375,0,0,mean_relative_power_db,,,,rejected_candidate,stage4-strict-confirmed-v1,scenes/F1023_V70_D0120_P9/sage_results/nav_sage_v2/G29/stage4_joint_paths.csv,d22af2b6a71728bcd2ed5ad8911a0c584ac63df9e5f17ee7c8ab442d6b9c8843,10,eligible_pending_modeling_qa,stage4_source_has_no_path_amplitude_phase_coherence,sage-event-path-db-v1
F1023_V70_D0120_P9__G31__ch7__nav_sage_v2__ingestion_20260825_event_path_v1__event_1476__path_1,F1023_V70_D0120_P9__G31__ch7__nav_sage_v2__ingestion_20260825_event_path_v1__event_1476,F1023_V70_D0120_P9__G31__ch7__nav_sage_v2__ingestion_20260825_event_path_v1,F1023_V70_D0120_P9,G31,7,1476,1,stage4_joint,los,0,-0.0999999999999999,0,0,,,-8323.1357421875,0,0,mean_relative_power_db,,,,confirmed_multipath,stage4-strict-confirmed-v1,scenes/F1023_V70_D0120_P9/sage_results/nav_sage_v2/G31/stage4_joint_paths.csv,c4be4e9686be1afa01a3d56735ca6a5dc27c4c93048a4eec0e4a9827dcbd3f37,2,eligible_pending_modeling_qa,stage4_source_has_no_path_amplitude_phase_coherence,sage-event-path-db-v1
F1023_V70_D0120_P9__G31__ch7__nav_sage_v2__ingestion_20260825_event_path_v1__event_1476__path_2,F1023_V70_D0120_P9__G31__ch7__nav_sage_v2__ingestion_20260825_event_path_v1__event_1476,F1023_V70_D0120_P9__G31__ch7__nav_sage_v2__ingestion_20260825_event_path_v1,F1023_V70_D0120_P9,G31,7,1476,2,stage4_joint,multipath,1,1.1,1.2,0.12,,,-8310.73634411236,12.3993980751402,-3.04538863839837,mean_relative_power_db,,,,confirmed_multipath,stage4-strict-confirmed-v1,scenes/F1023_V70_D0120_P9/sage_results/nav_sage_v2/G31/stage4_joint_paths.csv,c4be4e9686be1afa01a3d56735ca6a5dc27c4c93048a4eec0e4a9827dcbd3f37,3,eligible_pending_modeling_qa,,sage-event-path-db-v1
F1023_V70_D0120_P9__G31__ch7__nav_sage_v2__ingestion_20260825_event_path_v1__event_1477__path_1,F1023_V70_D0120_P9__G31__ch7__nav_sage_v2__ingestion_20260825_event_path_v1__event_1477,F1023_V70_D0120_P9__G31__ch7__nav_sage_v2__ingestion_20260825_event_path_v1,F1023_V70_D0120_P9,G31,7,1477,1,stage4_joint,los,0,0.1,0,0,,,-8319.7421875,0,0,mean_relative_power_db,,,,rejected_candidate,stage4-strict-confirmed-v1,scenes/F1023_V70_D0120_P9/sage_results/nav_sage_v2/G31/stage4_joint_paths.csv,c4be4e9686be1afa01a3d56735ca6a5dc27c4c93048a4eec0e4a9827dcbd3f37,4,eligible_pending_modeling_qa,stage4_source_has_no_path_amplitude_phase_coherence,sage-event-path-db-v1
F1023_V70_D0120_P9__G31__ch7__nav_sage_v2__ingestion_20260825_event_path_v1__event_1478__path_1,F1023_V70_D0120_P9__G31__ch7__nav_sage_v2__ingestion_20260825_event_path_v1__event_1478,F1023_V70_D0120_P9__G31__ch7__nav_sage_v2__ingestion_20260825_event_path_v1,F1023_V70_D0120_P9,G31,7,1478,1,stage4_joint,los,0,0.2,0,0,,,-8317.5234375,0,0,mean_relative_power_db,,,,rejected_candidate,stage4-strict-confirmed-v1,scenes/F1023_V70_D0120_P9/sage_results/nav_sage_v2/G31/stage4_joint_paths.csv,c4be4e9686be1afa01a3d56735ca6a5dc27c4c93048a4eec0e4a9827dcbd3f37,5,eligible_pending_modeling_qa,stage4_source_has_no_path_amplitude_phase_coherence,sage-event-path-db-v1
F1023_V70_D0120_P9__G31__ch7__nav_sage_v2__ingestion_20260825_event_path_v1__event_449__path_1,F1023_V70_D0120_P9__G31__ch7__nav_sage_v2__ingestion_20260825_event_path_v1__event_449,F1023_V70_D0120_P9__G31__ch7__nav_sage_v2__ingestion_20260825_event_path_v1,F1023_V70_D0120_P9,G31,7,449,1,stage4_joint,los,0,0.2,0,0,,,-8317.4677734375,0,0,mean_relative_power_db,,,,confirmed_multipath,stage4-strict-confirmed-v1,scenes/F1023_V70_D0120_P9/sage_results/nav_sage_v2/G31/stage4_joint_paths.csv,c4be4e9686be1afa01a3d56735ca6a5dc27c4c93048a4eec0e4a9827dcbd3f37,6,eligible_pending_modeling_qa,stage4_source_has_no_path_amplitude_phase_coherence,sage-event-path-db-v1
F1023_V70_D0120_P9__G31__ch7__nav_sage_v2__ingestion_20260825_event_path_v1__event_449__path_2,F1023_V70_D0120_P9__G31__ch7__nav_sage_v2__ingestion_20260825_event_path_v1__event_449,F1023_V70_D0120_P9__G31__ch7__nav_sage_v2__ingestion_20260825_event_path_v1,F1023_V70_D0120_P9,G31,7,449,2,stage4_joint,multipath,1,1.2,1,0.1,,,-8317.62533913206,-0.157565694562436,0.339070822741958,mean_relative_power_db,,,,confirmed_multipath,stage4-strict-confirmed-v1,scenes/F1023_V70_D0120_P9/sage_results/nav_sage_v2/G31/stage4_joint_paths.csv,c4be4e9686be1afa01a3d56735ca6a5dc27c4c93048a4eec0e4a9827dcbd3f37,7,eligible_pending_modeling_qa,,sage-event-path-db-v1
F1023_V70_D0120_P9__G31__ch7__nav_sage_v2__ingestion_20260825_event_path_v1__event_450__path_1,F1023_V70_D0120_P9__G31__ch7__nav_sage_v2__ingestion_20260825_event_path_v1__event_450,F1023_V70_D0120_P9__G31__ch7__nav_sage_v2__ingestion_20260825_event_path_v1,F1023_V70_D0120_P9,G31,7,450,1,stage4_joint,los,0,0.4,0,0,,,-8316.9931640625,0,0,mean_relative_power_db,,,,rejected_candidate,stage4-strict-confirmed-v1,scenes/F1023_V70_D0120_P9/sage_results/nav_sage_v2/G31/stage4_joint_paths.csv,c4be4e9686be1afa01a3d56735ca6a5dc27c4c93048a4eec0e4a9827dcbd3f37,8,eligible_pending_modeling_qa,stage4_source_has_no_path_amplitude_phase_coherence,sage-event-path-db-v1
F1023_V70_D0120_P9__G31__ch7__nav_sage_v2__ingestion_20260825_event_path_v1__event_451__path_1,F1023_V70_D0120_P9__G31__ch7__nav_sage_v2__ingestion_20260825_event_path_v1__event_451,F1023_V70_D0120_P9__G31__ch7__nav_sage_v2__ingestion_20260825_event_path_v1,F1023_V70_D0120_P9,G31,7,451,1,stage4_joint,los,0,1.11022302462516e-16,0,0,,,-8320.962890625,0,0,mean_relative_power_db,,,,confirmed_multipath,stage4-strict-confirmed-v1,scenes/F1023_V70_D0120_P9/sage_results/nav_sage_v2/G31/stage4_joint_paths.csv,c4be4e9686be1afa01a3d56735ca6a5dc27c4c93048a4eec0e4a9827dcbd3f37,9,eligible_pending_modeling_qa,stage4_source_has_no_path_amplitude_phase_coherence,sage-event-path-db-v1
F1023_V70_D0120_P9__G31__ch7__nav_sage_v2__ingestion_20260825_event_path_v1__event_451__path_2,F1023_V70_D0120_P9__G31__ch7__nav_sage_v2__ingestion_20260825_event_path_v1__event_451,F1023_V70_D0120_P9__G31__ch7__nav_sage_v2__ingestion_20260825_event_path_v1,F1023_V70_D0120_P9,G31,7,451,2,stage4_joint,multipath,1,1.2,1.2,0.12,,,-8311.29563818198,9.66725244302143,-3.07705977175952,mean_relative_power_db,,,,confirmed_multipath,stage4-strict-confirmed-v1,scenes/F1023_V70_D0120_P9/sage_results/nav_sage_v2/G31/stage4_joint_paths.csv,c4be4e9686be1afa01a3d56735ca6a5dc27c4c93048a4eec0e4a9827dcbd3f37,10,eligible_pending_modeling_qa,,sage-event-path-db-v1
F1023_V70_D0120_P9__G31__ch7__nav_sage_v2__ingestion_20260825_event_path_v1__event_1062__path_1,F1023_V70_D0120_P9__G31__ch7__nav_sage_v2__ingestion_20260825_event_path_v1__event_1062,F1023_V70_D0120_P9__G31__ch7__nav_sage_v2__ingestion_20260825_event_path_v1,F1023_V70_D0120_P9,G31,7,1062,1,stage4_joint,los,0,0.9,0,0,,,-8315.5732421875,0,0,mean_relative_power_db,,,,rejected_candidate,stage4-strict-confirmed-v1,scenes/F1023_V70_D0120_P9/sage_results/nav_sage_v2/G31/stage4_joint_paths.csv,c4be4e9686be1afa01a3d56735ca6a5dc27c4c93048a4eec0e4a9827dcbd3f37,11,eligible_pending_modeling_qa,stage4_source_has_no_path_amplitude_phase_coherence,sage-event-path-db-v1
F1023_V70_D0120_P9__G31__ch7__nav_sage_v2__ingestion_20260825_event_path_v1__event_1063__path_1,F1023_V70_D0120_P9__G31__ch7__nav_sage_v2__ingestion_20260825_event_path_v1__event_1063,F1023_V70_D0120_P9__G31__ch7__nav_sage_v2__ingestion_20260825_event_path_v1,F1023_V70_D0120_P9,G31,7,1063,1,stage4_joint,los,0,0.9,0,0,,,-8316.2314453125,0,0,mean_relative_power_db,,,,rejected_candidate,stage4-strict-confirmed-v1,scenes/F1023_V70_D0120_P9/sage_results/nav_sage_v2/G31/stage4_joint_paths.csv,c4be4e9686be1afa01a3d56735ca6a5dc27c4c93048a4eec0e4a9827dcbd3f37,12,eligible_pending_modeling_qa,stage4_source_has_no_path_amplitude_phase_coherence,sage-event-path-db-v1
F1023_V70_D0122_P1__G13__ch5__nav_sage_v2__ingestion_20260825_event_path_v1__event_67__path_1,F1023_V70_D0122_P1__G13__ch5__nav_sage_v2__ingestion_20260825_event_path_v1__event_67,F1023_V70_D0122_P1__G13__ch5__nav_sage_v2__ingestion_20260825_event_path_v1,F1023_V70_D0122_P1,G13,5,67,1,stage4_joint,los,0,0.6,0,0,,,-8604.51953125,0,0,mean_relative_power_db,,,,rejected_candidate,stage4-strict-confirmed-v1,scenes/F1023_V70_D0122_P1/sage_results/nav_sage_v2/G13/stage4_joint_paths.csv,7f2b486dc327422a91b7992f1fe5c984443706661c13323f9fca670b362b9440,2,eligible_pending_modeling_qa,stage4_source_has_no_path_amplitude_phase_coherence,sage-event-path-db-v1
F1023_V70_D0122_P1__G13__ch5__nav_sage_v2__ingestion_20260825_event_path_v1__event_68__path_1,F1023_V70_D0122_P1__G13__ch5__nav_sage_v2__ingestion_20260825_event_path_v1__event_68,F1023_V70_D0122_P1__G13__ch5__nav_sage_v2__ingestion_20260825_event_path_v1,F1023_V70_D0122_P1,G13,5,68,1,stage4_joint,los,0,0.3,0,0,,,-8604.7490234375,0,0,mean_relative_power_db,,,,rejected_candidate,stage4-strict-confirmed-v1,scenes/F1023_V70_D0122_P1/sage_results/nav_sage_v2/G13/stage4_joint_paths.csv,7f2b486dc327422a91b7992f1fe5c984443706661c13323f9fca670b362b9440,3,eligible_pending_modeling_qa,stage4_source_has_no_path_amplitude_phase_coherence,sage-event-path-db-v1
F1023_V70_D0122_P1__G13__ch5__nav_sage_v2__ingestion_20260825_event_path_v1__event_69__path_1,F1023_V70_D0122_P1__G13__ch5__nav_sage_v2__ingestion_20260825_event_path_v1__event_69,F1023_V70_D0122_P1__G13__ch5__nav_sage_v2__ingestion_20260825_event_path_v1,F1023_V70_D0122_P1,G13,5,69,1,stage4_joint,los,0,0.1,0,0,,,-8602.1298828125,0,0,mean_relative_power_db,,,,confirmed_multipath,stage4-strict-confirmed-v1,scenes/F1023_V70_D0122_P1/sage_results/nav_sage_v2/G13/stage4_joint_paths.csv,7f2b486dc327422a91b7992f1fe5c984443706661c13323f9fca670b362b9440,4,eligible_pending_modeling_qa,stage4_source_has_no_path_amplitude_phase_coherence,sage-event-path-db-v1
F1023_V70_D0122_P1__G13__ch5__nav_sage_v2__ingestion_20260825_event_path_v1__event_69__path_2,F1023_V70_D0122_P1__G13__ch5__nav_sage_v2__ingestion_20260825_event_path_v1__event_69,F1023_V70_D0122_P1__G13__ch5__nav_sage_v2__ingestion_20260825_event_path_v1,F1023_V70_D0122_P1,G13,5,69,2,stage4_joint,multipath,1,1.2,1.1,0.11,,,-8612.46558071721,-10.3356979047148,-5.73621193729134,mean_relative_power_db,,,,confirmed_multipath,stage4-strict-confirmed-v1,scenes/F1023_V70_D0122_P1/sage_results/nav_sage_v2/G13/stage4_joint_paths.csv,7f2b486dc327422a91b7992f1fe5c984443706661c13323f9fca670b362b9440,5,eligible_pending_modeling_qa,,sage-event-path-db-v1
F1023_V70_D0122_P1__G13__ch5__nav_sage_v2__ingestion_20260825_event_path_v1__event_208__path_1,F1023_V70_D0122_P1__G13__ch5__nav_sage_v2__ingestion_20260825_event_path_v1__event_208,F1023_V70_D0122_P1__G13__ch5__nav_sage_v2__ingestion_20260825_event_path_v1,F1023_V70_D0122_P1,G13,5,208,1,stage4_joint,los,0,0.8,0,0,,,-8607.5478515625,0,0,mean_relative_power_db,,,,rejected_candidate,stage4-strict-confirmed-v1,scenes/F1023_V70_D0122_P1/sage_results/nav_sage_v2/G13/stage4_joint_paths.csv,7f2b486dc327422a91b7992f1fe5c984443706661c13323f9fca670b362b9440,6,eligible_pending_modeling_qa,stage4_source_has_no_path_amplitude_phase_coherence,sage-event-path-db-v1
F1023_V70_D0122_P1__G13__ch5__nav_sage_v2__ingestion_20260825_event_path_v1__event_1291__path_1,F1023_V70_D0122_P1__G13__ch5__nav_sage_v2__ingestion_20260825_event_path_v1__event_1291,F1023_V70_D0122_P1__G13__ch5__nav_sage_v2__ingestion_20260825_event_path_v1,F1023_V70_D0122_P1,G13,5,1291,1,stage4_joint,los,0,0.2,0,0,,,-8611.873046875,0,0,mean_relative_power_db,,,,confirmed_multipath,stage4-strict-confirmed-v1,scenes/F1023_V70_D0122_P1/sage_results/nav_sage_v2/G13/stage4_joint_paths.csv,7f2b486dc327422a91b7992f1fe5c984443706661c13323f9fca670b362b9440,7,eligible_pending_modeling_qa,stage4_source_has_no_path_amplitude_phase_coherence,sage-event-path-db-v1
F1023_V70_D0122_P1__G13__ch5__nav_sage_v2__ingestion_20260825_event_path_v1__event_1291__path_2,F1023_V70_D0122_P1__G13__ch5__nav_sage_v2__ingestion_20260825_event_path_v1__event_1291,F1023_V70_D0122_P1__G13__ch5__nav_sage_v2__ingestion_20260825_event_path_v1,F1023_V70_D0122_P1,G13,5,1291,2,stage4_joint,multipath,1,1.4,1.2,0.12,,,-8640.63341761102,-28.7603707360231,-12.8563382800761,mean_relative_power_db,,,,confirmed_multipath,stage4-strict-confirmed-v1,scenes/F1023_V70_D0122_P1/sage_results/nav_sage_v2/G13/stage4_joint_paths.csv,7f2b486dc327422a91b7992f1fe5c984443706661c13323f9fca670b362b9440,8,eligible_pending_modeling_qa,,sage-event-path-db-v1
F1023_V70_D0122_P1__G15__ch8__nav_sage_v2__ingestion_20260825_event_path_v1__event_431__path_1,F1023_V70_D0122_P1__G15__ch8__nav_sage_v2__ingestion_20260825_event_path_v1__event_431,F1023_V70_D0122_P1__G15__ch8__nav_sage_v2__ingestion_20260825_event_path_v1,F1023_V70_D0122_P1,G15,8,431,1,stage4_joint,los,0,0.5,0,0,,,-7960.3203125,0,0,mean_relative_power_db,,,,confirmed_multipath,stage4-strict-confirmed-v1,scenes/F1023_V70_D0122_P1/sage_results/nav_sage_v2/G15/stage4_joint_paths.csv,c6587dd2e08f379601dc0c0be72c8f358aac6b8b17dcd92cba2725cef284176e,2,eligible_pending_modeling_qa,stage4_source_has_no_path_amplitude_phase_coherence,sage-event-path-db-v1
F1023_V70_D0122_P1__G15__ch8__nav_sage_v2__ingestion_20260825_event_path_v1__event_431__path_2,F1023_V70_D0122_P1__G15__ch8__nav_sage_v2__ingestion_20260825_event_path_v1__event_431,F1023_V70_D0122_P1__G15__ch8__nav_sage_v2__ingestion_20260825_event_path_v1,F1023_V70_D0122_P1,G15,8,431,2,stage4_joint,multipath,1,2,1.5,0.15,,,-7937.76707193244,22.5532405675585,-19.1617004204488,mean_relative_power_db,,,,confirmed_multipath,stage4-strict-confirmed-v1,scenes/F1023_V70_D0122_P1/sage_results/nav_sage_v2/G15/stage4_joint_paths.csv,c6587dd2e08f379601dc0c0be72c8f358aac6b8b17dcd92cba2725cef284176e,3,eligible_pending_modeling_qa,,sage-event-path-db-v1
F1023_V70_D0122_P1__G15__ch8__nav_sage_v2__ingestion_20260825_event_path_v1__event_432__path_1,F1023_V70_D0122_P1__G15__ch8__nav_sage_v2__ingestion_20260825_event_path_v1__event_432,F1023_V70_D0122_P1__G15__ch8__nav_sage_v2__ingestion_20260825_event_path_v1,F1023_V70_D0122_P1,G15,8,432,1,stage4_joint,los,0,0.5,0,0,,,-7958.9033203125,0,0,mean_relative_power_db,,,,rejected_candidate,stage4-strict-confirmed-v1,scenes/F1023_V70_D0122_P1/sage_results/nav_sage_v2/G15/stage4_joint_paths.csv,c6587dd2e08f379601dc0c0be72c8f358aac6b8b17dcd92cba2725cef284176e,4,eligible_pending_modeling_qa,stage4_source_has_no_path_amplitude_phase_coherence,sage-event-path-db-v1
F1023_V70_D0122_P1__G15__ch8__nav_sage_v2__ingestion_20260825_event_path_v1__event_433__path_1,F1023_V70_D0122_P1__G15__ch8__nav_sage_v2__ingestion_20260825_event_path_v1__event_433,F1023_V70_D0122_P1__G15__ch8__nav_sage_v2__ingestion_20260825_event_path_v1,F1023_V70_D0122_P1,G15,8,433,1,stage4_joint,los,0,0.5,0,0,,,-7962.05419921875,0,0,mean_relative_power_db,,,,confirmed_multipath,stage4-strict-confirmed-v1,scenes/F1023_V70_D0122_P1/sage_results/nav_sage_v2/G15/stage4_joint_paths.csv,c6587dd2e08f379601dc0c0be72c8f358aac6b8b17dcd92cba2725cef284176e,5,eligible_pending_modeling_qa,stage4_source_has_no_path_amplitude_phase_coherence,sage-event-path-db-v1
F1023_V70_D0122_P1__G15__ch8__nav_sage_v2__ingestion_20260825_event_path_v1__event_433__path_2,F1023_V70_D0122_P1__G15__ch8__nav_sage_v2__ingestion_20260825_event_path_v1__event_433,F1023_V70_D0122_P1__G15__ch8__nav_sage_v2__ingestion_20260825_event_path_v1,F1023_V70_D0122_P1,G15,8,433,2,stage4_joint,multipath,1,1.6,1.1,0.11,,,-7939.78860294401,22.2655962747403,-14.5129577264719,mean_relative_power_db,,,,confirmed_multipath,stage4-strict-confirmed-v1,scenes/F1023_V70_D0122_P1/sage_results/nav_sage_v2/G15/stage4_joint_paths.csv,c6587dd2e08f379601dc0c0be72c8f358aac6b8b17dcd92cba2725cef284176e,6,eligible_pending_modeling_qa,,sage-event-path-db-v1
F1023_V70_D0122_P1__G15__ch8__nav_sage_v2__ingestion_20260825_event_path_v1__event_1585__path_1,F1023_V70_D0122_P1__G15__ch8__nav_sage_v2__ingestion_20260825_event_path_v1__event_1585,F1023_V70_D0122_P1__G15__ch8__nav_sage_v2__ingestion_20260825_event_path_v1,F1023_V70_D0122_P1,G15,8,1585,1,stage4_joint,los,0,0.7,0,0,,,-7975.5458984375,0,0,mean_relative_power_db,,,,confirmed_multipath,stage4-strict-confirmed-v1,scenes/F1023_V70_D0122_P1/sage_results/nav_sage_v2/G15/stage4_joint_paths.csv,c6587dd2e08f379601dc0c0be72c8f358aac6b8b17dcd92cba2725cef284176e,7,eligible_pending_modeling_qa,stage4_source_has_no_path_amplitude_phase_coherence,sage-event-path-db-v1
F1023_V70_D0122_P1__G15__ch8__nav_sage_v2__ingestion_20260825_event_path_v1__event_1585__path_2,F1023_V70_D0122_P1__G15__ch8__nav_sage_v2__ingestion_20260825_event_path_v1__event_1585,F1023_V70_D0122_P1__G15__ch8__nav_sage_v2__ingestion_20260825_event_path_v1,F1023_V70_D0122_P1,G15,8,1585,2,stage4_joint,multipath,1,1.9,1.2,0.12,,,-7959.07269335697,16.4732050805305,-17.4266250027851,mean_relative_power_db,,,,confirmed_multipath,stage4-strict-confirmed-v1,scenes/F1023_V70_D0122_P1/sage_results/nav_sage_v2/G15/stage4_joint_paths.csv,c6587dd2e08f379601dc0c0be72c8f358aac6b8b17dcd92cba2725cef284176e,8,eligible_pending_modeling_qa,,sage-event-path-db-v1
F1023_V70_D0122_P1__G15__ch8__nav_sage_v2__ingestion_20260825_event_path_v1__event_1586__path_1,F1023_V70_D0122_P1__G15__ch8__nav_sage_v2__ingestion_20260825_event_path_v1__event_1586,F1023_V70_D0122_P1__G15__ch8__nav_sage_v2__ingestion_20260825_event_path_v1,F1023_V70_D0122_P1,G15,8,1586,1,stage4_joint,los,0,0.9,0,0,,,-7973.23095703125,0,0,mean_relative_power_db,,,,rejected_candidate,stage4-strict-confirmed-v1,scenes/F1023_V70_D0122_P1/sage_results/nav_sage_v2/G15/stage4_joint_paths.csv,c6587dd2e08f379601dc0c0be72c8f358aac6b8b17dcd92cba2725cef284176e,9,eligible_pending_modeling_qa,stage4_source_has_no_path_amplitude_phase_coherence,sage-event-path-db-v1
F1023_V70_D0122_P1__G15__ch8__nav_sage_v2__ingestion_20260825_event_path_v1__event_1587__path_1,F1023_V70_D0122_P1__G15__ch8__nav_sage_v2__ingestion_20260825_event_path_v1__event_1587,F1023_V70_D0122_P1__G15__ch8__nav_sage_v2__ingestion_20260825_event_path_v1,F1023_V70_D0122_P1,G15,8,1587,1,stage4_joint,los,0,0.4,0,0,,,-7975.09765625,0,0,mean_relative_power_db,,,,confirmed_multipath,stage4-strict-confirmed-v1,scenes/F1023_V70_D0122_P1/sage_results/nav_sage_v2/G15/stage4_joint_paths.csv,c6587dd2e08f379601dc0c0be72c8f358aac6b8b17dcd92cba2725cef284176e,10,eligible_pending_modeling_qa,stage4_source_has_no_path_amplitude_phase_coherence,sage-event-path-db-v1
F1023_V70_D0122_P1__G15__ch8__nav_sage_v2__ingestion_20260825_event_path_v1__event_1587__path_2,F1023_V70_D0122_P1__G15__ch8__nav_sage_v2__ingestion_20260825_event_path_v1__event_1587,F1023_V70_D0122_P1__G15__ch8__nav_sage_v2__ingestion_20260825_event_path_v1,F1023_V70_D0122_P1,G15,8,1587,2,stage4_joint,multipath,1,1.6,1.2,0.12,,,-7973.68284512357,1.41481112643487,-6.59429080239482,mean_relative_power_db,,,,confirmed_multipath,stage4-strict-confirmed-v1,scenes/F1023_V70_D0122_P1/sage_results/nav_sage_v2/G15/stage4_joint_paths.csv,c6587dd2e08f379601dc0c0be72c8f358aac6b8b17dcd92cba2725cef284176e,11,eligible_pending_modeling_qa,,sage-event-path-db-v1
F1023_V70_D0122_P1__G17__ch2__nav_sage_v2__ingestion_20260825_event_path_v1__event_1428__path_1,F1023_V70_D0122_P1__G17__ch2__nav_sage_v2__ingestion_20260825_event_path_v1__event_1428,F1023_V70_D0122_P1__G17__ch2__nav_sage_v2__ingestion_20260825_event_path_v1,F1023_V70_D0122_P1,G17,2,1428,1,stage4_joint,los,0,0.2,0,0,,,-5181.251953125,0,0,mean_relative_power_db,,,,confirmed_multipath,stage4-strict-confirmed-v1,scenes/F1023_V70_D0122_P1/sage_results/nav_sage_v2/G17/stage4_joint_paths.csv,0ecb50ed1c72d10a9aba1fc79383d4bd1c6babad2ee8f89331bdef8b774aafc7,2,eligible_pending_modeling_qa,stage4_source_has_no_path_amplitude_phase_coherence,sage-event-path-db-v1
F1023_V70_D0122_P1__G17__ch2__nav_sage_v2__ingestion_20260825_event_path_v1__event_1428__path_2,F1023_V70_D0122_P1__G17__ch2__nav_sage_v2__ingestion_20260825_event_path_v1__event_1428,F1023_V70_D0122_P1__G17__ch2__nav_sage_v2__ingestion_20260825_event_path_v1,F1023_V70_D0122_P1,G17,2,1428,2,stage4_joint,multipath,1,1.4,1.2,0.12,,,-5166.08828653434,15.1636665906608,-9.96077344323427,mean_relative_power_db,,,,confirmed_multipath,stage4-strict-confirmed-v1,scenes/F1023_V70_D0122_P1/sage_results/nav_sage_v2/G17/stage4_joint_paths.csv,0ecb50ed1c72d10a9aba1fc79383d4bd1c6babad2ee8f89331bdef8b774aafc7,3,eligible_pending_modeling_qa,,sage-event-path-db-v1
F1023_V70_D0122_P1__G17__ch2__nav_sage_v2__ingestion_20260825_event_path_v1__event_1592__path_1,F1023_V70_D0122_P1__G17__ch2__nav_sage_v2__ingestion_20260825_event_path_v1__event_1592,F1023_V70_D0122_P1__G17__ch2__nav_sage_v2__ingestion_20260825_event_path_v1,F1023_V70_D0122_P1,G17,2,1592,1,stage4_joint,los,0,0.2,0,0,,,-5180.81396484375,0,0,mean_relative_power_db,,,,rejected_candidate,stage4-strict-confirmed-v1,scenes/F1023_V70_D0122_P1/sage_results/nav_sage_v2/G17/stage4_joint_paths.csv,0ecb50ed1c72d10a9aba1fc79383d4bd1c6babad2ee8f89331bdef8b774aafc7,4,eligible_pending_modeling_qa,stage4_source_has_no_path_amplitude_phase_coherence,sage-event-path-db-v1
F1023_V70_D0122_P1__G17__ch2__nav_sage_v2__ingestion_20260825_event_path_v1__event_1318__path_1,F1023_V70_D0122_P1__G17__ch2__nav_sage_v2__ingestion_20260825_event_path_v1__event_1318,F1023_V70_D0122_P1__G17__ch2__nav_sage_v2__ingestion_20260825_event_path_v1,F1023_V70_D0122_P1,G17,2,1318,1,stage4_joint,los,0,0.2,0,0,,,-5178.759765625,0,0,mean_relative_power_db,,,,confirmed_multipath,stage4-strict-confirmed-v1,scenes/F1023_V70_D0122_P1/sage_results/nav_sage_v2/G17/stage4_joint_paths.csv,0ecb50ed1c72d10a9aba1fc79383d4bd1c6babad2ee8f89331bdef8b774aafc7,5,eligible_pending_modeling_qa,stage4_source_has_no_path_amplitude_phase_coherence,sage-event-path-db-v1
F1023_V70_D0122_P1__G17__ch2__nav_sage_v2__ingestion_20260825_event_path_v1__event_1318__path_2,F1023_V70_D0122_P1__G17__ch2__nav_sage_v2__ingestion_20260825_event_path_v1__event_1318,F1023_V70_D0122_P1__G17__ch2__nav_sage_v2__ingestion_20260825_event_path_v1,F1023_V70_D0122_P1,G17,2,1318,2,stage4_joint,multipath,1,3.8,3.6,0.36,,,-5101.86590780101,76.8938578239913,-14.565165401336,mean_relative_power_db,,,,confirmed_multipath,stage4-strict-confirmed-v1,scenes/F1023_V70_D0122_P1/sage_results/nav_sage_v2/G17/stage4_joint_paths.csv,0ecb50ed1c72d10a9aba1fc79383d4bd1c6babad2ee8f89331bdef8b774aafc7,6,eligible_pending_modeling_qa,,sage-event-path-db-v1
F1023_V70_D0122_P1__G17__ch2__nav_sage_v2__ingestion_20260825_event_path_v1__event_1329__path_1,F1023_V70_D0122_P1__G17__ch2__nav_sage_v2__ingestion_20260825_event_path_v1__event_1329,F1023_V70_D0122_P1__G17__ch2__nav_sage_v2__ingestion_20260825_event_path_v1,F1023_V70_D0122_P1,G17,2,1329,1,stage4_joint,los,0,0.4,0,0,,,-5176.59765625,0,0,mean_relative_power_db,,,,confirmed_multipath,stage4-strict-confirmed-v1,scenes/F1023_V70_D0122_P1/sage_results/nav_sage_v2/G17/stage4_joint_paths.csv,0ecb50ed1c72d10a9aba1fc79383d4bd1c6babad2ee8f89331bdef8b774aafc7,7,eligible_pending_modeling_qa,stage4_source_has_no_path_amplitude_phase_coherence,sage-event-path-db-v1
F1023_V70_D0122_P1__G17__ch2__nav_sage_v2__ingestion_20260825_event_path_v1__event_1329__path_2,F1023_V70_D0122_P1__G17__ch2__nav_sage_v2__ingestion_20260825_event_path_v1__event_1329,F1023_V70_D0122_P1__G17__ch2__nav_sage_v2__ingestion_20260825_event_path_v1,F1023_V70_D0122_P1,G17,2,1329,2,stage4_joint,multipath,1,3.9,3.5,0.35,,,-5096.02415061082,80.5735056391813,-11.5782588614723,mean_relative_power_db,,,,confirmed_multipath,stage4-strict-confirmed-v1,scenes/F1023_V70_D0122_P1/sage_results/nav_sage_v2/G17/stage4_joint_paths.csv,0ecb50ed1c72d10a9aba1fc79383d4bd1c6babad2ee8f89331bdef8b774aafc7,8,eligible_pending_modeling_qa,,sage-event-path-db-v1
F1023_V70_D0122_P1__G17__ch2__nav_sage_v2__ingestion_20260825_event_path_v1__event_1560__path_1,F1023_V70_D0122_P1__G17__ch2__nav_sage_v2__ingestion_20260825_event_path_v1__event_1560,F1023_V70_D0122_P1__G17__ch2__nav_sage_v2__ingestion_20260825_event_path_v1,F1023_V70_D0122_P1,G17,2,1560,1,stage4_joint,los,0,0.3,0,0,,,-5177.8212890625,0,0,mean_relative_power_db,,,,confirmed_multipath,stage4-strict-confirmed-v1,scenes/F1023_V70_D0122_P1/sage_results/nav_sage_v2/G17/stage4_joint_paths.csv,0ecb50ed1c72d10a9aba1fc79383d4bd1c6babad2ee8f89331bdef8b774aafc7,9,eligible_pending_modeling_qa,stage4_source_has_no_path_amplitude_phase_coherence,sage-event-path-db-v1
F1023_V70_D0122_P1__G17__ch2__nav_sage_v2__ingestion_20260825_event_path_v1__event_1560__path_2,F1023_V70_D0122_P1__G17__ch2__nav_sage_v2__ingestion_20260825_event_path_v1__event_1560,F1023_V70_D0122_P1__G17__ch2__nav_sage_v2__ingestion_20260825_event_path_v1,F1023_V70_D0122_P1,G17,2,1560,2,stage4_joint,multipath,1,2,1.7,0.17,,,-5115.61815955538,62.2031295071156,-12.65306139331,mean_relative_power_db,,,,confirmed_multipath,stage4-strict-confirmed-v1,scenes/F1023_V70_D0122_P1/sage_results/nav_sage_v2/G17/stage4_joint_paths.csv,0ecb50ed1c72d10a9aba1fc79383d4bd1c6babad2ee8f89331bdef8b774aafc7,10,eligible_pending_modeling_qa,,sage-event-path-db-v1
F1023_V70_D0122_P1__G17__ch2__nav_sage_v2__ingestion_20260825_event_path_v1__event_1562__path_1,F1023_V70_D0122_P1__G17__ch2__nav_sage_v2__ingestion_20260825_event_path_v1__event_1562,F1023_V70_D0122_P1__G17__ch2__nav_sage_v2__ingestion_20260825_event_path_v1,F1023_V70_D0122_P1,G17,2,1562,1,stage4_joint,los,0,0.4,0,0,,,-5174.314453125,0,0,mean_relative_power_db,,,,confirmed_multipath,stage4-strict-confirmed-v1,scenes/F1023_V70_D0122_P1/sage_results/nav_sage_v2/G17/stage4_joint_paths.csv,0ecb50ed1c72d10a9aba1fc79383d4bd1c6babad2ee8f89331bdef8b774aafc7,11,eligible_pending_modeling_qa,stage4_source_has_no_path_amplitude_phase_coherence,sage-event-path-db-v1
F1023_V70_D0122_P1__G17__ch2__nav_sage_v2__ingestion_20260825_event_path_v1__event_1562__path_2,F1023_V70_D0122_P1__G17__ch2__nav_sage_v2__ingestion_20260825_event_path_v1__event_1562,F1023_V70_D0122_P1__G17__ch2__nav_sage_v2__ingestion_20260825_event_path_v1,F1023_V70_D0122_P1,G17,2,1562,2,stage4_joint,multipath,1,2,1.6,0.16,,,-5117.16971757198,57.144735553019,-12.4124202910959,mean_relative_power_db,,,,confirmed_multipath,stage4-strict-confirmed-v1,scenes/F1023_V70_D0122_P1/sage_results/nav_sage_v2/G17/stage4_joint_paths.csv,0ecb50ed1c72d10a9aba1fc79383d4bd1c6babad2ee8f89331bdef8b774aafc7,12,eligible_pending_modeling_qa,,sage-event-path-db-v1
F1023_V70_D0122_P1__G17__ch2__nav_sage_v2__ingestion_20260825_event_path_v1__event_1332__path_1,F1023_V70_D0122_P1__G17__ch2__nav_sage_v2__ingestion_20260825_event_path_v1__event_1332,F1023_V70_D0122_P1__G17__ch2__nav_sage_v2__ingestion_20260825_event_path_v1,F1023_V70_D0122_P1,G17,2,1332,1,stage4_joint,los,0,0.6,0,0,,,-5179.3603515625,0,0,mean_relative_power_db,,,,confirmed_multipath,stage4-strict-confirmed-v1,scenes/F1023_V70_D0122_P1/sage_results/nav_sage_v2/G17/stage4_joint_paths.csv,0ecb50ed1c72d10a9aba1fc79383d4bd1c6babad2ee8f89331bdef8b774aafc7,13,eligible_pending_modeling_qa,stage4_source_has_no_path_amplitude_phase_coherence,sage-event-path-db-v1
F1023_V70_D0122_P1__G17__ch2__nav_sage_v2__ingestion_20260825_event_path_v1__event_1332__path_2,F1023_V70_D0122_P1__G17__ch2__nav_sage_v2__ingestion_20260825_event_path_v1__event_1332,F1023_V70_D0122_P1__G17__ch2__nav_sage_v2__ingestion_20260825_event_path_v1,F1023_V70_D0122_P1,G17,2,1332,2,stage4_joint,multipath,1,4.1,3.5,0.35,,,-5094.14694197375,85.2134095887468,-13.2040150539852,mean_relative_power_db,,,,confirmed_multipath,stage4-strict-confirmed-v1,scenes/F1023_V70_D0122_P1/sage_results/nav_sage_v2/G17/stage4_joint_paths.csv,0ecb50ed1c72d10a9aba1fc79383d4bd1c6babad2ee8f89331bdef8b774aafc7,14,eligible_pending_modeling_qa,,sage-event-path-db-v1
F1023_V70_D0122_P1__G17__ch2__nav_sage_v2__ingestion_20260825_event_path_v1__event_1429__path_1,F1023_V70_D0122_P1__G17__ch2__nav_sage_v2__ingestion_20260825_event_path_v1__event_1429,F1023_V70_D0122_P1__G17__ch2__nav_sage_v2__ingestion_20260825_event_path_v1,F1023_V70_D0122_P1,G17,2,1429,1,stage4_joint,los,0,0.5,0,0,,,-5177.1630859375,0,0,mean_relative_power_db,,,,confirmed_multipath,stage4-strict-confirmed-v1,scenes/F1023_V70_D0122_P1/sage_results/nav_sage_v2/G17/stage4_joint_paths.csv,0ecb50ed1c72d10a9aba1fc79383d4bd1c6babad2ee8f89331bdef8b774aafc7,15,eligible_pending_modeling_qa,stage4_source_has_no_path_amplitude_phase_coherence,sage-event-path-db-v1
F1023_V70_D0122_P1__G17__ch2__nav_sage_v2__ingestion_20260825_event_path_v1__event_1429__path_2,F1023_V70_D0122_P1__G17__ch2__nav_sage_v2__ingestion_20260825_event_path_v1__event_1429,F1023_V70_D0122_P1__G17__ch2__nav_sage_v2__ingestion_20260825_event_path_v1,F1023_V70_D0122_P1,G17,2,1429,2,stage4_joint,multipath,1,3.3,2.8,0.28,,,-5101.92047937174,75.2426065657573,-13.8878213302037,mean_relative_power_db,,,,confirmed_multipath,stage4-strict-confirmed-v1,scenes/F1023_V70_D0122_P1/sage_results/nav_sage_v2/G17/stage4_joint_paths.csv,0ecb50ed1c72d10a9aba1fc79383d4bd1c6babad2ee8f89331bdef8b774aafc7,16,eligible_pending_modeling_qa,,sage-event-path-db-v1
F1023_V70_D0122_P1__G17__ch2__nav_sage_v2__ingestion_20260825_event_path_v1__event_1429__path_3,F1023_V70_D0122_P1__G17__ch2__nav_sage_v2__ingestion_20260825_event_path_v1__event_1429,F1023_V70_D0122_P1__G17__ch2__nav_sage_v2__ingestion_20260825_event_path_v1,F1023_V70_D0122_P1,G17,2,1429,3,stage4_joint,multipath,1,8.4,7.9,0.79,,,-5041.92047937174,135.242606565757,-21.6291224977883,mean_relative_power_db,,,,confirmed_multipath,stage4-strict-confirmed-v1,scenes/F1023_V70_D0122_P1/sage_results/nav_sage_v2/G17/stage4_joint_paths.csv,0ecb50ed1c72d10a9aba1fc79383d4bd1c6babad2ee8f89331bdef8b774aafc7,17,eligible_pending_modeling_qa,,sage-event-path-db-v1
F1023_V70_D0122_P1__G17__ch2__nav_sage_v2__ingestion_20260825_event_path_v1__event_1429__path_4,F1023_V70_D0122_P1__G17__ch2__nav_sage_v2__ingestion_20260825_event_path_v1__event_1429,F1023_V70_D0122_P1__G17__ch2__nav_sage_v2__ingestion_20260825_event_path_v1,F1023_V70_D0122_P1,G17,2,1429,4,stage4_joint,multipath,1,37.9,37.4,3.74,,,-5036.92047937174,140.242606565757,-21.7625884166334,mean_relative_power_db,,,,confirmed_multipath,stage4-strict-confirmed-v1,scenes/F1023_V70_D0122_P1/sage_results/nav_sage_v2/G17/stage4_joint_paths.csv,0ecb50ed1c72d10a9aba1fc79383d4bd1c6babad2ee8f89331bdef8b774aafc7,18,eligible_pending_modeling_qa,,sage-event-path-db-v1
F1023_V70_D0122_P1__G19__ch11__nav_sage_v2__ingestion_20260825_event_path_v1__event_1434__path_1,F1023_V70_D0122_P1__G19__ch11__nav_sage_v2__ingestion_20260825_event_path_v1__event_1434,F1023_V70_D0122_P1__G19__ch11__nav_sage_v2__ingestion_20260825_event_path_v1,F1023_V70_D0122_P1,G19,11,1434,1,stage4_joint,los,0,0.2,0,0,,,-3059.65478515625,0,0,mean_relative_power_db,,,,confirmed_multipath,stage4-strict-confirmed-v1,scenes/F1023_V70_D0122_P1/sage_results/nav_sage_v2/G19/stage4_joint_paths.csv,c7c9ffa31e4012a9bb70bf0ec5cf6794204e74fe0827bde14b63def1f42090cb,2,eligible_pending_modeling_qa,stage4_source_has_no_path_amplitude_phase_coherence,sage-event-path-db-v1
F1023_V70_D0122_P1__G19__ch11__nav_sage_v2__ingestion_20260825_event_path_v1__event_1434__path_2,F1023_V70_D0122_P1__G19__ch11__nav_sage_v2__ingestion_20260825_event_path_v1__event_1434,F1023_V70_D0122_P1__G19__ch11__nav_sage_v2__ingestion_20260825_event_path_v1,F1023_V70_D0122_P1,G19,11,1434,2,stage4_joint,multipath,1,2.9,2.7,0.27,,,-3009.01747871547,50.6373064407817,-14.005879242939,mean_relative_power_db,,,,confirmed_multipath,stage4-strict-confirmed-v1,scenes/F1023_V70_D0122_P1/sage_results/nav_sage_v2/G19/stage4_joint_paths.csv,c7c9ffa31e4012a9bb70bf0ec5cf6794204e74fe0827bde14b63def1f42090cb,3,eligible_pending_modeling_qa,,sage-event-path-db-v1
F1023_V70_D0122_P1__G22__ch4__nav_sage_v2__ingestion_20260825_event_path_v1__event_56__path_1,F1023_V70_D0122_P1__G22__ch4__nav_sage_v2__ingestion_20260825_event_path_v1__event_56,F1023_V70_D0122_P1__G22__ch4__nav_sage_v2__ingestion_20260825_event_path_v1,F1023_V70_D0122_P1,G22,4,56,1,stage4_joint,los,0,0,0,0,,,-7775.09765625,0,0,mean_relative_power_db,,,,rejected_candidate,stage4-strict-confirmed-v1,scenes/F1023_V70_D0122_P1/sage_results/nav_sage_v2/G22/stage4_joint_paths.csv,92ce0ff030919afe94a2bc560c60975d35229587a4b7e85fda2343a9056e7185,2,eligible_pending_modeling_qa,stage4_source_has_no_path_amplitude_phase_coherence,sage-event-path-db-v1
F1023_V70_D0122_P1__G22__ch4__nav_sage_v2__ingestion_20260825_event_path_v1__event_57__path_1,F1023_V70_D0122_P1__G22__ch4__nav_sage_v2__ingestion_20260825_event_path_v1__event_57,F1023_V70_D0122_P1__G22__ch4__nav_sage_v2__ingestion_20260825_event_path_v1,F1023_V70_D0122_P1,G22,4,57,1,stage4_joint,los,0,-0.2,0,0,,,-7776.88330078125,0,0,mean_relative_power_db,,,,rejected_candidate,stage4-strict-confirmed-v1,scenes/F1023_V70_D0122_P1/sage_results/nav_sage_v2/G22/stage4_joint_paths.csv,92ce0ff030919afe94a2bc560c60975d35229587a4b7e85fda2343a9056e7185,3,eligible_pending_modeling_qa,stage4_source_has_no_path_amplitude_phase_coherence,sage-event-path-db-v1
F1023_V70_D0122_P1__G22__ch4__nav_sage_v2__ingestion_20260825_event_path_v1__event_55__path_1,F1023_V70_D0122_P1__G22__ch4__nav_sage_v2__ingestion_20260825_event_path_v1__event_55,F1023_V70_D0122_P1__G22__ch4__nav_sage_v2__ingestion_20260825_event_path_v1,F1023_V70_D0122_P1,G22,4,55,1,stage4_joint,los,0,-0.2,0,0,,,-7775.158203125,0,0,mean_relative_power_db,,,,rejected_candidate,stage4-strict-confirmed-v1,scenes/F1023_V70_D0122_P1/sage_results/nav_sage_v2/G22/stage4_joint_paths.csv,92ce0ff030919afe94a2bc560c60975d35229587a4b7e85fda2343a9056e7185,4,eligible_pending_modeling_qa,stage4_source_has_no_path_amplitude_phase_coherence,sage-event-path-db-v1
F1023_V70_D0122_P1__G22__ch4__nav_sage_v2__ingestion_20260825_event_path_v1__event_58__path_1,F1023_V70_D0122_P1__G22__ch4__nav_sage_v2__ingestion_20260825_event_path_v1__event_58,F1023_V70_D0122_P1__G22__ch4__nav_sage_v2__ingestion_20260825_event_path_v1,F1023_V70_D0122_P1,G22,4,58,1,stage4_joint,los,0,0,0,0,,,-7773.23388671875,0,0,mean_relative_power_db,,,,rejected_candidate,stage4-strict-confirmed-v1,scenes/F1023_V70_D0122_P1/sage_results/nav_sage_v2/G22/stage4_joint_paths.csv,92ce0ff030919afe94a2bc560c60975d35229587a4b7e85fda2343a9056e7185,5,eligible_pending_modeling_qa,stage4_source_has_no_path_amplitude_phase_coherence,sage-event-path-db-v1
F1023_V70_D0122_P1__G22__ch4__nav_sage_v2__ingestion_20260825_event_path_v1__event_1606__path_1,F1023_V70_D0122_P1__G22__ch4__nav_sage_v2__ingestion_20260825_event_path_v1__event_1606,F1023_V70_D0122_P1__G22__ch4__nav_sage_v2__ingestion_20260825_event_path_v1,F1023_V70_D0122_P1,G22,4,1606,1,stage4_joint,los,0,0.6,0,0,,,-7838.31884765625,0,0,mean_relative_power_db,,,,rejected_candidate,stage4-strict-confirmed-v1,scenes/F1023_V70_D0122_P1/sage_results/nav_sage_v2/G22/stage4_joint_paths.csv,92ce0ff030919afe94a2bc560c60975d35229587a4b7e85fda2343a9056e7185,6,eligible_pending_modeling_qa,stage4_source_has_no_path_amplitude_phase_coherence,sage-event-path-db-v1
F1023_V70_D0122_P1__G22__ch4__nav_sage_v2__ingestion_20260825_event_path_v1__event_1604__path_1,F1023_V70_D0122_P1__G22__ch4__nav_sage_v2__ingestion_20260825_event_path_v1__event_1604,F1023_V70_D0122_P1__G22__ch4__nav_sage_v2__ingestion_20260825_event_path_v1,F1023_V70_D0122_P1,G22,4,1604,1,stage4_joint,los,0,0.4,0,0,,,-7838.74267578125,0,0,mean_relative_power_db,,,,rejected_candidate,stage4-strict-confirmed-v1,scenes/F1023_V70_D0122_P1/sage_results/nav_sage_v2/G22/stage4_joint_paths.csv,92ce0ff030919afe94a2bc560c60975d35229587a4b7e85fda2343a9056e7185,7,eligible_pending_modeling_qa,stage4_source_has_no_path_amplitude_phase_coherence,sage-event-path-db-v1
F1023_V70_D0122_P1__G22__ch4__nav_sage_v2__ingestion_20260825_event_path_v1__event_446__path_1,F1023_V70_D0122_P1__G22__ch4__nav_sage_v2__ingestion_20260825_event_path_v1__event_446,F1023_V70_D0122_P1__G22__ch4__nav_sage_v2__ingestion_20260825_event_path_v1,F1023_V70_D0122_P1,G22,4,446,1,stage4_joint,los,0,0.7,0,0,,,-7825.23291015625,0,0,mean_relative_power_db,,,,confirmed_multipath,stage4-strict-confirmed-v1,scenes/F1023_V70_D0122_P1/sage_results/nav_sage_v2/G22/stage4_joint_paths.csv,92ce0ff030919afe94a2bc560c60975d35229587a4b7e85fda2343a9056e7185,8,eligible_pending_modeling_qa,stage4_source_has_no_path_amplitude_phase_coherence,sage-event-path-db-v1
F1023_V70_D0122_P1__G22__ch4__nav_sage_v2__ingestion_20260825_event_path_v1__event_446__path_2,F1023_V70_D0122_P1__G22__ch4__nav_sage_v2__ingestion_20260825_event_path_v1__event_446,F1023_V70_D0122_P1__G22__ch4__nav_sage_v2__ingestion_20260825_event_path_v1,F1023_V70_D0122_P1,G22,4,446,2,stage4_joint,multipath,1,2.1,1.4,0.14,,,-7749.83700178315,75.3959083730961,-18.5408561785385,mean_relative_power_db,,,,confirmed_multipath,stage4-strict-confirmed-v1,scenes/F1023_V70_D0122_P1/sage_results/nav_sage_v2/G22/stage4_joint_paths.csv,92ce0ff030919afe94a2bc560c60975d35229587a4b7e85fda2343a9056e7185,9,eligible_pending_modeling_qa,,sage-event-path-db-v1
F1023_V70_D0122_P1__G22__ch4__nav_sage_v2__ingestion_20260825_event_path_v1__event_434__path_1,F1023_V70_D0122_P1__G22__ch4__nav_sage_v2__ingestion_20260825_event_path_v1__event_434,F1023_V70_D0122_P1__G22__ch4__nav_sage_v2__ingestion_20260825_event_path_v1,F1023_V70_D0122_P1,G22,4,434,1,stage4_joint,los,0,0.4,0,0,,,-7825.82666015625,0,0,mean_relative_power_db,,,,confirmed_multipath,stage4-strict-confirmed-v1,scenes/F1023_V70_D0122_P1/sage_results/nav_sage_v2/G22/stage4_joint_paths.csv,92ce0ff030919afe94a2bc560c60975d35229587a4b7e85fda2343a9056e7185,10,eligible_pending_modeling_qa,stage4_source_has_no_path_amplitude_phase_coherence,sage-event-path-db-v1
F1023_V70_D0122_P1__G22__ch4__nav_sage_v2__ingestion_20260825_event_path_v1__event_434__path_2,F1023_V70_D0122_P1__G22__ch4__nav_sage_v2__ingestion_20260825_event_path_v1__event_434,F1023_V70_D0122_P1__G22__ch4__nav_sage_v2__ingestion_20260825_event_path_v1,F1023_V70_D0122_P1,G22,4,434,2,stage4_joint,multipath,1,1.6,1.2,0.12,,,-7748.7048860275,77.1217741287501,-15.8635228887381,mean_relative_power_db,,,,confirmed_multipath,stage4-strict-confirmed-v1,scenes/F1023_V70_D0122_P1/sage_results/nav_sage_v2/G22/stage4_joint_paths.csv,92ce0ff030919afe94a2bc560c60975d35229587a4b7e85fda2343a9056e7185,11,eligible_pending_modeling_qa,,sage-event-path-db-v1
F1023_V70_D0122_P1__G24__ch7__nav_sage_v2__ingestion_20260825_event_path_v1__event_8__path_1,F1023_V70_D0122_P1__G24__ch7__nav_sage_v2__ingestion_20260825_event_path_v1__event_8,F1023_V70_D0122_P1__G24__ch7__nav_sage_v2__ingestion_20260825_event_path_v1,F1023_V70_D0122_P1,G24,7,8,1,stage4_joint,los,0,0,0,0,,,-3881.7138671875,0,0,mean_relative_power_db,,,,rejected_candidate,stage4-strict-confirmed-v1,scenes/F1023_V70_D0122_P1/sage_results/nav_sage_v2/G24/stage4_joint_paths.csv,e05245afcaf23f7235356a9279b7508fa3e52b25656862f8d17e9ec45fcece47,2,eligible_pending_modeling_qa,stage4_source_has_no_path_amplitude_phase_coherence,sage-event-path-db-v1
F1023_V70_D0122_P1__G24__ch7__nav_sage_v2__ingestion_20260825_event_path_v1__event_9__path_1,F1023_V70_D0122_P1__G24__ch7__nav_sage_v2__ingestion_20260825_event_path_v1__event_9,F1023_V70_D0122_P1__G24__ch7__nav_sage_v2__ingestion_20260825_event_path_v1,F1023_V70_D0122_P1,G24,7,9,1,stage4_joint,los,0,0.1,0,0,,,-3881.63354492188,0,0,mean_relative_power_db,,,,rejected_candidate,stage4-strict-confirmed-v1,scenes/F1023_V70_D0122_P1/sage_results/nav_sage_v2/G24/stage4_joint_paths.csv,e05245afcaf23f7235356a9279b7508fa3e52b25656862f8d17e9ec45fcece47,3,eligible_pending_modeling_qa,stage4_source_has_no_path_amplitude_phase_coherence,sage-event-path-db-v1
F1023_V70_D0122_P1__G24__ch7__nav_sage_v2__ingestion_20260825_event_path_v1__event_930__path_1,F1023_V70_D0122_P1__G24__ch7__nav_sage_v2__ingestion_20260825_event_path_v1__event_930,F1023_V70_D0122_P1__G24__ch7__nav_sage_v2__ingestion_20260825_event_path_v1,F1023_V70_D0122_P1,G24,7,930,1,stage4_joint,los,0,0.5,0,0,,,-3886.12646484375,0,0,mean_relative_power_db,,,,rejected_candidate,stage4-strict-confirmed-v1,scenes/F1023_V70_D0122_P1/sage_results/nav_sage_v2/G24/stage4_joint_paths.csv,e05245afcaf23f7235356a9279b7508fa3e52b25656862f8d17e9ec45fcece47,4,eligible_pending_modeling_qa,stage4_source_has_no_path_amplitude_phase_coherence,sage-event-path-db-v1
F1023_V70_D0122_P1__G24__ch7__nav_sage_v2__ingestion_20260825_event_path_v1__event_931__path_1,F1023_V70_D0122_P1__G24__ch7__nav_sage_v2__ingestion_20260825_event_path_v1__event_931,F1023_V70_D0122_P1__G24__ch7__nav_sage_v2__ingestion_20260825_event_path_v1,F1023_V70_D0122_P1,G24,7,931,1,stage4_joint,los,0,0.6,0,0,,,-3886.73608398438,0,0,mean_relative_power_db,,,,rejected_candidate,stage4-strict-confirmed-v1,scenes/F1023_V70_D0122_P1/sage_results/nav_sage_v2/G24/stage4_joint_paths.csv,e05245afcaf23f7235356a9279b7508fa3e52b25656862f8d17e9ec45fcece47,5,eligible_pending_modeling_qa,stage4_source_has_no_path_amplitude_phase_coherence,sage-event-path-db-v1
F1023_V70_D0122_P1__G24__ch7__nav_sage_v2__ingestion_20260825_event_path_v1__event_932__path_1,F1023_V70_D0122_P1__G24__ch7__nav_sage_v2__ingestion_20260825_event_path_v1__event_932,F1023_V70_D0122_P1__G24__ch7__nav_sage_v2__ingestion_20260825_event_path_v1,F1023_V70_D0122_P1,G24,7,932,1,stage4_joint,los,0,0.5,0,0,,,-3885.47534179688,0,0,mean_relative_power_db,,,,confirmed_multipath,stage4-strict-confirmed-v1,scenes/F1023_V70_D0122_P1/sage_results/nav_sage_v2/G24/stage4_joint_paths.csv,e05245afcaf23f7235356a9279b7508fa3e52b25656862f8d17e9ec45fcece47,6,eligible_pending_modeling_qa,stage4_source_has_no_path_amplitude_phase_coherence,sage-event-path-db-v1
F1023_V70_D0122_P1__G24__ch7__nav_sage_v2__ingestion_20260825_event_path_v1__event_932__path_2,F1023_V70_D0122_P1__G24__ch7__nav_sage_v2__ingestion_20260825_event_path_v1__event_932,F1023_V70_D0122_P1__G24__ch7__nav_sage_v2__ingestion_20260825_event_path_v1,F1023_V70_D0122_P1,G24,7,932,2,stage4_joint,multipath,1,2,1.5,0.15,,,-3917.89942782537,-32.4240860284913,-18.2565229313169,mean_relative_power_db,,,,confirmed_multipath,stage4-strict-confirmed-v1,scenes/F1023_V70_D0122_P1/sage_results/nav_sage_v2/G24/stage4_joint_paths.csv,e05245afcaf23f7235356a9279b7508fa3e52b25656862f8d17e9ec45fcece47,7,eligible_pending_modeling_qa,,sage-event-path-db-v1
F1023_V70_D0122_P1__G24__ch7__nav_sage_v2__ingestion_20260825_event_path_v1__event_1361__path_1,F1023_V70_D0122_P1__G24__ch7__nav_sage_v2__ingestion_20260825_event_path_v1__event_1361,F1023_V70_D0122_P1__G24__ch7__nav_sage_v2__ingestion_20260825_event_path_v1,F1023_V70_D0122_P1,G24,7,1361,1,stage4_joint,los,0,0.2,0,0,,,-3898.86767578125,0,0,mean_relative_power_db,,,,confirmed_multipath,stage4-strict-confirmed-v1,scenes/F1023_V70_D0122_P1/sage_results/nav_sage_v2/G24/stage4_joint_paths.csv,e05245afcaf23f7235356a9279b7508fa3e52b25656862f8d17e9ec45fcece47,8,eligible_pending_modeling_qa,stage4_source_has_no_path_amplitude_phase_coherence,sage-event-path-db-v1
F1023_V70_D0122_P1__G24__ch7__nav_sage_v2__ingestion_20260825_event_path_v1__event_1361__path_2,F1023_V70_D0122_P1__G24__ch7__nav_sage_v2__ingestion_20260825_event_path_v1__event_1361,F1023_V70_D0122_P1__G24__ch7__nav_sage_v2__ingestion_20260825_event_path_v1,F1023_V70_D0122_P1,G24,7,1361,2,stage4_joint,multipath,1,1.2,1,0.1,,,-3885.87485850364,12.9928172776113,-9.99501464006769,mean_relative_power_db,,,,confirmed_multipath,stage4-strict-confirmed-v1,scenes/F1023_V70_D0122_P1/sage_results/nav_sage_v2/G24/stage4_joint_paths.csv,e05245afcaf23f7235356a9279b7508fa3e52b25656862f8d17e9ec45fcece47,9,eligible_pending_modeling_qa,,sage-event-path-db-v1
F1023_V70_D0122_P1__G24__ch7__nav_sage_v2__ingestion_20260825_event_path_v1__event_1362__path_1,F1023_V70_D0122_P1__G24__ch7__nav_sage_v2__ingestion_20260825_event_path_v1__event_1362,F1023_V70_D0122_P1__G24__ch7__nav_sage_v2__ingestion_20260825_event_path_v1,F1023_V70_D0122_P1,G24,7,1362,1,stage4_joint,los,0,0.1,0,0,,,-3896.96142578125,0,0,mean_relative_power_db,,,,confirmed_multipath,stage4-strict-confirmed-v1,scenes/F1023_V70_D0122_P1/sage_results/nav_sage_v2/G24/stage4_joint_paths.csv,e05245afcaf23f7235356a9279b7508fa3e52b25656862f8d17e9ec45fcece47,10,eligible_pending_modeling_qa,stage4_source_has_no_path_amplitude_phase_coherence,sage-event-path-db-v1
F1023_V70_D0122_P1__G24__ch7__nav_sage_v2__ingestion_20260825_event_path_v1__event_1362__path_2,F1023_V70_D0122_P1__G24__ch7__nav_sage_v2__ingestion_20260825_event_path_v1__event_1362,F1023_V70_D0122_P1__G24__ch7__nav_sage_v2__ingestion_20260825_event_path_v1,F1023_V70_D0122_P1,G24,7,1362,2,stage4_joint,multipath,1,1.3,1.2,0.12,,,-3888.96860850364,7.99281727761127,-10.8109650342901,mean_relative_power_db,,,,confirmed_multipath,stage4-strict-confirmed-v1,scenes/F1023_V70_D0122_P1/sage_results/nav_sage_v2/G24/stage4_joint_paths.csv,e05245afcaf23f7235356a9279b7508fa3e52b25656862f8d17e9ec45fcece47,11,eligible_pending_modeling_qa,,sage-event-path-db-v1
F1023_V70_D0122_P1__G24__ch7__nav_sage_v2__ingestion_20260825_event_path_v1__event_1363__path_1,F1023_V70_D0122_P1__G24__ch7__nav_sage_v2__ingestion_20260825_event_path_v1__event_1363,F1023_V70_D0122_P1__G24__ch7__nav_sage_v2__ingestion_20260825_event_path_v1,F1023_V70_D0122_P1,G24,7,1363,1,stage4_joint,los,0,0.4,0,0,,,-3895.28979492188,0,0,mean_relative_power_db,,,,rejected_candidate,stage4-strict-confirmed-v1,scenes/F1023_V70_D0122_P1/sage_results/nav_sage_v2/G24/stage4_joint_paths.csv,e05245afcaf23f7235356a9279b7508fa3e52b25656862f8d17e9ec45fcece47,12,eligible_pending_modeling_qa,stage4_source_has_no_path_amplitude_phase_coherence,sage-event-path-db-v1
F1023_V70_D0122_P2__G12__ch2__nav_sage_v2__ingestion_20260825_event_path_v1__event_594__path_1,F1023_V70_D0122_P2__G12__ch2__nav_sage_v2__ingestion_20260825_event_path_v1__event_594,F1023_V70_D0122_P2__G12__ch2__nav_sage_v2__ingestion_20260825_event_path_v1,F1023_V70_D0122_P2,G12,2,594,1,stage4_joint,los,0,0.4,0,0,,,-1866.46618652344,0,0,mean_relative_power_db,,,,confirmed_multipath,stage4-strict-confirmed-v1,scenes/F1023_V70_D0122_P2/sage_results/nav_sage_v2/G12/stage4_joint_paths.csv,e838394d618b15ca59c9d076ba7b66238a8814b60ca32feb1d766e67cb43843d,2,eligible_pending_modeling_qa,stage4_source_has_no_path_amplitude_phase_coherence,sage-event-path-db-v1
F1023_V70_D0122_P2__G12__ch2__nav_sage_v2__ingestion_20260825_event_path_v1__event_594__path_2,F1023_V70_D0122_P2__G12__ch2__nav_sage_v2__ingestion_20260825_event_path_v1__event_594,F1023_V70_D0122_P2__G12__ch2__nav_sage_v2__ingestion_20260825_event_path_v1,F1023_V70_D0122_P2,G12,2,594,2,stage4_joint,multipath,1,2,1.6,0.16,,,-1895.4509767911,-28.9847902676599,-7.47280682106216,mean_relative_power_db,,,,confirmed_multipath,stage4-strict-confirmed-v1,scenes/F1023_V70_D0122_P2/sage_results/nav_sage_v2/G12/stage4_joint_paths.csv,e838394d618b15ca59c9d076ba7b66238a8814b60ca32feb1d766e67cb43843d,3,eligible_pending_modeling_qa,,sage-event-path-db-v1
F1023_V70_D0122_P2__G12__ch2__nav_sage_v2__ingestion_20260825_event_path_v1__event_451__path_1,F1023_V70_D0122_P2__G12__ch2__nav_sage_v2__ingestion_20260825_event_path_v1__event_451,F1023_V70_D0122_P2__G12__ch2__nav_sage_v2__ingestion_20260825_event_path_v1,F1023_V70_D0122_P2,G12,2,451,1,stage4_joint,los,0,0.3,0,0,,,-1865.87927246094,0,0,mean_relative_power_db,,,,rejected_candidate,stage4-strict-confirmed-v1,scenes/F1023_V70_D0122_P2/sage_results/nav_sage_v2/G12/stage4_joint_paths.csv,e838394d618b15ca59c9d076ba7b66238a8814b60ca32feb1d766e67cb43843d,4,eligible_pending_modeling_qa,stage4_source_has_no_path_amplitude_phase_coherence,sage-event-path-db-v1
F1023_V70_D0122_P2__G12__ch2__nav_sage_v2__ingestion_20260825_event_path_v1__event_535__path_1,F1023_V70_D0122_P2__G12__ch2__nav_sage_v2__ingestion_20260825_event_path_v1__event_535,F1023_V70_D0122_P2__G12__ch2__nav_sage_v2__ingestion_20260825_event_path_v1,F1023_V70_D0122_P2,G12,2,535,1,stage4_joint,los,0,0.7,0,0,,,-1872.24523925781,0,0,mean_relative_power_db,,,,confirmed_multipath,stage4-strict-confirmed-v1,scenes/F1023_V70_D0122_P2/sage_results/nav_sage_v2/G12/stage4_joint_paths.csv,e838394d618b15ca59c9d076ba7b66238a8814b60ca32feb1d766e67cb43843d,5,eligible_pending_modeling_qa,stage4_source_has_no_path_amplitude_phase_coherence,sage-event-path-db-v1
F1023_V70_D0122_P2__G12__ch2__nav_sage_v2__ingestion_20260825_event_path_v1__event_535__path_2,F1023_V70_D0122_P2__G12__ch2__nav_sage_v2__ingestion_20260825_event_path_v1__event_535,F1023_V70_D0122_P2__G12__ch2__nav_sage_v2__ingestion_20260825_event_path_v1,F1023_V70_D0122_P2,G12,2,535,2,stage4_joint,multipath,1,1.9,1.2,0.12,,,-1924.13588673646,-51.8906474786522,-4.73108619447883,mean_relative_power_db,,,,confirmed_multipath,stage4-strict-confirmed-v1,scenes/F1023_V70_D0122_P2/sage_results/nav_sage_v2/G12/stage4_joint_paths.csv,e838394d618b15ca59c9d076ba7b66238a8814b60ca32feb1d766e67cb43843d,6,eligible_pending_modeling_qa,,sage-event-path-db-v1
F1023_V70_D0122_P2__G12__ch2__nav_sage_v2__ingestion_20260825_event_path_v1__event_653__path_1,F1023_V70_D0122_P2__G12__ch2__nav_sage_v2__ingestion_20260825_event_path_v1__event_653,F1023_V70_D0122_P2__G12__ch2__nav_sage_v2__ingestion_20260825_event_path_v1,F1023_V70_D0122_P2,G12,2,653,1,stage4_joint,los,0,0.1,0,0,,,-1870.38171386719,0,0,mean_relative_power_db,,,,confirmed_multipath,stage4-strict-confirmed-v1,scenes/F1023_V70_D0122_P2/sage_results/nav_sage_v2/G12/stage4_joint_paths.csv,e838394d618b15ca59c9d076ba7b66238a8814b60ca32feb1d766e67cb43843d,7,eligible_pending_modeling_qa,stage4_source_has_no_path_amplitude_phase_coherence,sage-event-path-db-v1
F1023_V70_D0122_P2__G12__ch2__nav_sage_v2__ingestion_20260825_event_path_v1__event_653__path_2,F1023_V70_D0122_P2__G12__ch2__nav_sage_v2__ingestion_20260825_event_path_v1__event_653,F1023_V70_D0122_P2__G12__ch2__nav_sage_v2__ingestion_20260825_event_path_v1,F1023_V70_D0122_P2,G12,2,653,2,stage4_joint,multipath,1,1.2,1.1,0.11,,,-1919.40705549134,-49.0253416241521,-1.75822717676663,mean_relative_power_db,,,,confirmed_multipath,stage4-strict-confirmed-v1,scenes/F1023_V70_D0122_P2/sage_results/nav_sage_v2/G12/stage4_joint_paths.csv,e838394d618b15ca59c9d076ba7b66238a8814b60ca32feb1d766e67cb43843d,8,eligible_pending_modeling_qa,,sage-event-path-db-v1
F1023_V70_D0122_P2__G12__ch2__nav_sage_v2__ingestion_20260825_event_path_v1__event_653__path_3,F1023_V70_D0122_P2__G12__ch2__nav_sage_v2__ingestion_20260825_event_path_v1__event_653,F1023_V70_D0122_P2__G12__ch2__nav_sage_v2__ingestion_20260825_event_path_v1,F1023_V70_D0122_P2,G12,2,653,3,stage4_joint,multipath,1,2.2,2.1,0.21,,,-1844.40705549134,25.9746583758479,-10.0979841764414,mean_relative_power_db,,,,confirmed_multipath,stage4-strict-confirmed-v1,scenes/F1023_V70_D0122_P2/sage_results/nav_sage_v2/G12/stage4_joint_paths.csv,e838394d618b15ca59c9d076ba7b66238a8814b60ca32feb1d766e67cb43843d,9,eligible_pending_modeling_qa,,sage-event-path-db-v1
F1023_V70_D0122_P2__G12__ch2__nav_sage_v2__ingestion_20260825_event_path_v1__event_694__path_1,F1023_V70_D0122_P2__G12__ch2__nav_sage_v2__ingestion_20260825_event_path_v1__event_694,F1023_V70_D0122_P2__G12__ch2__nav_sage_v2__ingestion_20260825_event_path_v1,F1023_V70_D0122_P2,G12,2,694,1,stage4_joint,los,0,1.2,0,0,,,-1875.2236328125,0,0,mean_relative_power_db,,,,confirmed_multipath,stage4-strict-confirmed-v1,scenes/F1023_V70_D0122_P2/sage_results/nav_sage_v2/G12/stage4_joint_paths.csv,e838394d618b15ca59c9d076ba7b66238a8814b60ca32feb1d766e67cb43843d,10,eligible_pending_modeling_qa,stage4_source_has_no_path_amplitude_phase_coherence,sage-event-path-db-v1
F1023_V70_D0122_P2__G12__ch2__nav_sage_v2__ingestion_20260825_event_path_v1__event_694__path_2,F1023_V70_D0122_P2__G12__ch2__nav_sage_v2__ingestion_20260825_event_path_v1__event_694,F1023_V70_D0122_P2__G12__ch2__nav_sage_v2__ingestion_20260825_event_path_v1,F1023_V70_D0122_P2,G12,2,694,2,stage4_joint,multipath,1,2.2,1,0.1,,,-1848.02753220712,27.1961006053839,-11.5401335502604,mean_relative_power_db,,,,confirmed_multipath,stage4-strict-confirmed-v1,scenes/F1023_V70_D0122_P2/sage_results/nav_sage_v2/G12/stage4_joint_paths.csv,e838394d618b15ca59c9d076ba7b66238a8814b60ca32feb1d766e67cb43843d,11,eligible_pending_modeling_qa,,sage-event-path-db-v1
F1023_V70_D0122_P2__G12__ch2__nav_sage_v2__ingestion_20260825_event_path_v1__event_694__path_3,F1023_V70_D0122_P2__G12__ch2__nav_sage_v2__ingestion_20260825_event_path_v1__event_694,F1023_V70_D0122_P2__G12__ch2__nav_sage_v2__ingestion_20260825_event_path_v1,F1023_V70_D0122_P2,G12,2,694,3,stage4_joint,multipath,1,3.2,2,0.2,,,-1923.02753220712,-47.8038993946161,-9.31424787473182,mean_relative_power_db,,,,confirmed_multipath,stage4-strict-confirmed-v1,scenes/F1023_V70_D0122_P2/sage_results/nav_sage_v2/G12/stage4_joint_paths.csv,e838394d618b15ca59c9d076ba7b66238a8814b60ca32feb1d766e67cb43843d,12,eligible_pending_modeling_qa,,sage-event-path-db-v1
F1023_V70_D0122_P2__G12__ch2__nav_sage_v2__ingestion_20260825_event_path_v1__event_848__path_1,F1023_V70_D0122_P2__G12__ch2__nav_sage_v2__ingestion_20260825_event_path_v1__event_848,F1023_V70_D0122_P2__G12__ch2__nav_sage_v2__ingestion_20260825_event_path_v1,F1023_V70_D0122_P2,G12,2,848,1,stage4_joint,los,0,0.7,0,0,,,-1872.44982910156,0,0,mean_relative_power_db,,,,confirmed_multipath,stage4-strict-confirmed-v1,scenes/F1023_V70_D0122_P2/sage_results/nav_sage_v2/G12/stage4_joint_paths.csv,e838394d618b15ca59c9d076ba7b66238a8814b60ca32feb1d766e67cb43843d,13,eligible_pending_modeling_qa,stage4_source_has_no_path_amplitude_phase_coherence,sage-event-path-db-v1
F1023_V70_D0122_P2__G12__ch2__nav_sage_v2__ingestion_20260825_event_path_v1__event_848__path_2,F1023_V70_D0122_P2__G12__ch2__nav_sage_v2__ingestion_20260825_event_path_v1__event_848,F1023_V70_D0122_P2__G12__ch2__nav_sage_v2__ingestion_20260825_event_path_v1,F1023_V70_D0122_P2,G12,2,848,2,stage4_joint,multipath,1,2.2,1.5,0.15,,,-1903.20673134914,-30.7569022475777,-9.36385753881494,mean_relative_power_db,,,,confirmed_multipath,stage4-strict-confirmed-v1,scenes/F1023_V70_D0122_P2/sage_results/nav_sage_v2/G12/stage4_joint_paths.csv,e838394d618b15ca59c9d076ba7b66238a8814b60ca32feb1d766e67cb43843d,14,eligible_pending_modeling_qa,,sage-event-path-db-v1
F1023_V70_D0122_P2__G12__ch2__nav_sage_v2__ingestion_20260825_event_path_v1__event_471__path_1,F1023_V70_D0122_P2__G12__ch2__nav_sage_v2__ingestion_20260825_event_path_v1__event_471,F1023_V70_D0122_P2__G12__ch2__nav_sage_v2__ingestion_20260825_event_path_v1,F1023_V70_D0122_P2,G12,2,471,1,stage4_joint,los,0,-0.1,0,0,,,-1863.74914550781,0,0,mean_relative_power_db,,,,confirmed_multipath,stage4-strict-confirmed-v1,scenes/F1023_V70_D0122_P2/sage_results/nav_sage_v2/G12/stage4_joint_paths.csv,e838394d618b15ca59c9d076ba7b66238a8814b60ca32feb1d766e67cb43843d,15,eligible_pending_modeling_qa,stage4_source_has_no_path_amplitude_phase_coherence,sage-event-path-db-v1
F1023_V70_D0122_P2__G12__ch2__nav_sage_v2__ingestion_20260825_event_path_v1__event_471__path_2,F1023_V70_D0122_P2__G12__ch2__nav_sage_v2__ingestion_20260825_event_path_v1__event_471,F1023_V70_D0122_P2__G12__ch2__nav_sage_v2__ingestion_20260825_event_path_v1,F1023_V70_D0122_P2,G12,2,471,2,stage4_joint,multipath,1,1.6,1.7,0.17,,,-1917.27320164774,-53.5240561399255,-11.0955211906345,mean_relative_power_db,,,,confirmed_multipath,stage4-strict-confirmed-v1,scenes/F1023_V70_D0122_P2/sage_results/nav_sage_v2/G12/stage4_joint_paths.csv,e838394d618b15ca59c9d076ba7b66238a8814b60ca32feb1d766e67cb43843d,16,eligible_pending_modeling_qa,,sage-event-path-db-v1
F1023_V70_D0122_P2__G12__ch2__nav_sage_v2__ingestion_20260825_event_path_v1__event_595__path_1,F1023_V70_D0122_P2__G12__ch2__nav_sage_v2__ingestion_20260825_event_path_v1__event_595,F1023_V70_D0122_P2__G12__ch2__nav_sage_v2__ingestion_20260825_event_path_v1,F1023_V70_D0122_P2,G12,2,595,1,stage4_joint,los,0,0.4,0,0,,,-1874.69116210938,0,0,mean_relative_power_db,,,,confirmed_multipath,stage4-strict-confirmed-v1,scenes/F1023_V70_D0122_P2/sage_results/nav_sage_v2/G12/stage4_joint_paths.csv,e838394d618b15ca59c9d076ba7b66238a8814b60ca32feb1d766e67cb43843d,17,eligible_pending_modeling_qa,stage4_source_has_no_path_amplitude_phase_coherence,sage-event-path-db-v1
F1023_V70_D0122_P2__G12__ch2__nav_sage_v2__ingestion_20260825_event_path_v1__event_595__path_2,F1023_V70_D0122_P2__G12__ch2__nav_sage_v2__ingestion_20260825_event_path_v1__event_595,F1023_V70_D0122_P2__G12__ch2__nav_sage_v2__ingestion_20260825_event_path_v1,F1023_V70_D0122_P2,G12,2,595,2,stage4_joint,multipath,1,2,1.6,0.16,,,-1918.29206619677,-43.6009040873951,-11.5364958730033,mean_relative_power_db,,,,confirmed_multipath,stage4-strict-confirmed-v1,scenes/F1023_V70_D0122_P2/sage_results/nav_sage_v2/G12/stage4_joint_paths.csv,e838394d618b15ca59c9d076ba7b66238a8814b60ca32feb1d766e67cb43843d,18,eligible_pending_modeling_qa,,sage-event-path-db-v1
F1023_V70_D0122_P2__G19__ch11__nav_sage_v2__ingestion_20260825_event_path_v1__event_4191__path_1,F1023_V70_D0122_P2__G19__ch11__nav_sage_v2__ingestion_20260825_event_path_v1__event_4191,F1023_V70_D0122_P2__G19__ch11__nav_sage_v2__ingestion_20260825_event_path_v1,F1023_V70_D0122_P2,G19,11,4191,1,stage4_joint,los,0,0.1,0,0,,,-3519.23461914062,0,0,mean_relative_power_db,,,,rejected_candidate,stage4-strict-confirmed-v1,scenes/F1023_V70_D0122_P2/sage_results/nav_sage_v2/G19/stage4_joint_paths.csv,23deab6e7a1853b1c7a331209ea2c0c631e01f15868c11651f3342455db9e5dc,2,eligible_pending_modeling_qa,stage4_source_has_no_path_amplitude_phase_coherence,sage-event-path-db-v1
F1023_V70_D0122_P2__G19__ch11__nav_sage_v2__ingestion_20260825_event_path_v1__event_4189__path_1,F1023_V70_D0122_P2__G19__ch11__nav_sage_v2__ingestion_20260825_event_path_v1__event_4189,F1023_V70_D0122_P2__G19__ch11__nav_sage_v2__ingestion_20260825_event_path_v1,F1023_V70_D0122_P2,G19,11,4189,1,stage4_joint,los,0,0,0,0,,,-3517.37646484375,0,0,mean_relative_power_db,,,,rejected_candidate,stage4-strict-confirmed-v1,scenes/F1023_V70_D0122_P2/sage_results/nav_sage_v2/G19/stage4_joint_paths.csv,23deab6e7a1853b1c7a331209ea2c0c631e01f15868c11651f3342455db9e5dc,3,eligible_pending_modeling_qa,stage4_source_has_no_path_amplitude_phase_coherence,sage-event-path-db-v1
F1023_V70_D0122_P2__G19__ch11__nav_sage_v2__ingestion_20260825_event_path_v1__event_4190__path_1,F1023_V70_D0122_P2__G19__ch11__nav_sage_v2__ingestion_20260825_event_path_v1__event_4190,F1023_V70_D0122_P2__G19__ch11__nav_sage_v2__ingestion_20260825_event_path_v1,F1023_V70_D0122_P2,G19,11,4190,1,stage4_joint,los,0,0.1,0,0,,,-3516.8740234375,0,0,mean_relative_power_db,,,,rejected_candidate,stage4-strict-confirmed-v1,scenes/F1023_V70_D0122_P2/sage_results/nav_sage_v2/G19/stage4_joint_paths.csv,23deab6e7a1853b1c7a331209ea2c0c631e01f15868c11651f3342455db9e5dc,4,eligible_pending_modeling_qa,stage4_source_has_no_path_amplitude_phase_coherence,sage-event-path-db-v1
F1023_V70_D0122_P2__G19__ch11__nav_sage_v2__ingestion_20260825_event_path_v1__event_3267__path_1,F1023_V70_D0122_P2__G19__ch11__nav_sage_v2__ingestion_20260825_event_path_v1__event_3267,F1023_V70_D0122_P2__G19__ch11__nav_sage_v2__ingestion_20260825_event_path_v1,F1023_V70_D0122_P2,G19,11,3267,1,stage4_joint,los,0,0.4,0,0,,,-3489.70727539062,0,0,mean_relative_power_db,,,,rejected_candidate,stage4-strict-confirmed-v1,scenes/F1023_V70_D0122_P2/sage_results/nav_sage_v2/G19/stage4_joint_paths.csv,23deab6e7a1853b1c7a331209ea2c0c631e01f15868c11651f3342455db9e5dc,5,eligible_pending_modeling_qa,stage4_source_has_no_path_amplitude_phase_coherence,sage-event-path-db-v1
F1023_V70_D0122_P2__G23__ch10__nav_sage_v2__ingestion_20260825_event_path_v1__event_987__path_1,F1023_V70_D0122_P2__G23__ch10__nav_sage_v2__ingestion_20260825_event_path_v1__event_987,F1023_V70_D0122_P2__G23__ch10__nav_sage_v2__ingestion_20260825_event_path_v1,F1023_V70_D0122_P2,G23,10,987,1,stage4_joint,los,0,0.2,0,0,,,-7329.0888671875,0,0,mean_relative_power_db,,,,rejected_candidate,stage4-strict-confirmed-v1,scenes/F1023_V70_D0122_P2/sage_results/nav_sage_v2/G23/stage4_joint_paths.csv,277266fdec5a0c163c7fbd63e59e89c6ade829b4bad1a154a09fbbb8cdfc57bd,2,eligible_pending_modeling_qa,stage4_source_has_no_path_amplitude_phase_coherence,sage-event-path-db-v1
F1023_V70_D0122_P2__G23__ch10__nav_sage_v2__ingestion_20260825_event_path_v1__event_889__path_1,F1023_V70_D0122_P2__G23__ch10__nav_sage_v2__ingestion_20260825_event_path_v1__event_889,F1023_V70_D0122_P2__G23__ch10__nav_sage_v2__ingestion_20260825_event_path_v1,F1023_V70_D0122_P2,G23,10,889,1,stage4_joint,los,0,0.4,0,0,,,-7331.314453125,0,0,mean_relative_power_db,,,,confirmed_multipath,stage4-strict-confirmed-v1,scenes/F1023_V70_D0122_P2/sage_results/nav_sage_v2/G23/stage4_joint_paths.csv,277266fdec5a0c163c7fbd63e59e89c6ade829b4bad1a154a09fbbb8cdfc57bd,3,eligible_pending_modeling_qa,stage4_source_has_no_path_amplitude_phase_coherence,sage-event-path-db-v1
F1023_V70_D0122_P2__G23__ch10__nav_sage_v2__ingestion_20260825_event_path_v1__event_889__path_2,F1023_V70_D0122_P2__G23__ch10__nav_sage_v2__ingestion_20260825_event_path_v1__event_889,F1023_V70_D0122_P2__G23__ch10__nav_sage_v2__ingestion_20260825_event_path_v1,F1023_V70_D0122_P2,G23,10,889,2,stage4_joint,multipath,1,2.1,1.7,0.17,,,-7367.21867429175,-35.9042211667502,-12.7993145087061,mean_relative_power_db,,,,confirmed_multipath,stage4-strict-confirmed-v1,scenes/F1023_V70_D0122_P2/sage_results/nav_sage_v2/G23/stage4_joint_paths.csv,277266fdec5a0c163c7fbd63e59e89c6ade829b4bad1a154a09fbbb8cdfc57bd,4,eligible_pending_modeling_qa,,sage-event-path-db-v1
F1023_V70_D0122_P2__G23__ch10__nav_sage_v2__ingestion_20260825_event_path_v1__event_1071__path_1,F1023_V70_D0122_P2__G23__ch10__nav_sage_v2__ingestion_20260825_event_path_v1__event_1071,F1023_V70_D0122_P2__G23__ch10__nav_sage_v2__ingestion_20260825_event_path_v1,F1023_V70_D0122_P2,G23,10,1071,1,stage4_joint,los,0,-1.9,0,0,,,-7340.18994140625,0,0,mean_relative_power_db,,,,confirmed_multipath,stage4-strict-confirmed-v1,scenes/F1023_V70_D0122_P2/sage_results/nav_sage_v2/G23/stage4_joint_paths.csv,277266fdec5a0c163c7fbd63e59e89c6ade829b4bad1a154a09fbbb8cdfc57bd,5,eligible_pending_modeling_qa,stage4_source_has_no_path_amplitude_phase_coherence,sage-event-path-db-v1
F1023_V70_D0122_P2__G23__ch10__nav_sage_v2__ingestion_20260825_event_path_v1__event_1071__path_2,F1023_V70_D0122_P2__G23__ch10__nav_sage_v2__ingestion_20260825_event_path_v1__event_1071,F1023_V70_D0122_P2__G23__ch10__nav_sage_v2__ingestion_20260825_event_path_v1,F1023_V70_D0122_P2,G23,10,1071,2,stage4_joint,multipath,1,0.5,2.4,0.24,,,-7402.69044593762,-62.5005045313692,-3.20661635132362,mean_relative_power_db,,,,confirmed_multipath,stage4-strict-confirmed-v1,scenes/F1023_V70_D0122_P2/sage_results/nav_sage_v2/G23/stage4_joint_paths.csv,277266fdec5a0c163c7fbd63e59e89c6ade829b4bad1a154a09fbbb8cdfc57bd,6,eligible_pending_modeling_qa,,sage-event-path-db-v1
F1023_V70_D0122_P2__G23__ch10__nav_sage_v2__ingestion_20260825_event_path_v1__event_2143__path_1,F1023_V70_D0122_P2__G23__ch10__nav_sage_v2__ingestion_20260825_event_path_v1__event_2143,F1023_V70_D0122_P2__G23__ch10__nav_sage_v2__ingestion_20260825_event_path_v1,F1023_V70_D0122_P2,G23,10,2143,1,stage4_joint,los,0,-0.4,0,0,,,-7404.2138671875,0,0,mean_relative_power_db,,,,confirmed_multipath,stage4-strict-confirmed-v1,scenes/F1023_V70_D0122_P2/sage_results/nav_sage_v2/G23/stage4_joint_paths.csv,277266fdec5a0c163c7fbd63e59e89c6ade829b4bad1a154a09fbbb8cdfc57bd,7,eligible_pending_modeling_qa,stage4_source_has_no_path_amplitude_phase_coherence,sage-event-path-db-v1
F1023_V70_D0122_P2__G23__ch10__nav_sage_v2__ingestion_20260825_event_path_v1__event_2143__path_2,F1023_V70_D0122_P2__G23__ch10__nav_sage_v2__ingestion_20260825_event_path_v1__event_2143,F1023_V70_D0122_P2__G23__ch10__nav_sage_v2__ingestion_20260825_event_path_v1,F1023_V70_D0122_P2,G23,10,2143,2,stage4_joint,multipath,1,0.9,1.3,0.13,,,-7403.8009043925,0.41296279499511,-4.01871024037453,mean_relative_power_db,,,,confirmed_multipath,stage4-strict-confirmed-v1,scenes/F1023_V70_D0122_P2/sage_results/nav_sage_v2/G23/stage4_joint_paths.csv,277266fdec5a0c163c7fbd63e59e89c6ade829b4bad1a154a09fbbb8cdfc57bd,8,eligible_pending_modeling_qa,,sage-event-path-db-v1
F1023_V70_D0122_P2__G23__ch10__nav_sage_v2__ingestion_20260825_event_path_v1__event_877__path_1,F1023_V70_D0122_P2__G23__ch10__nav_sage_v2__ingestion_20260825_event_path_v1__event_877,F1023_V70_D0122_P2__G23__ch10__nav_sage_v2__ingestion_20260825_event_path_v1,F1023_V70_D0122_P2,G23,10,877,1,stage4_joint,los,0,0.1,0,0,,,-7325.154296875,0,0,mean_relative_power_db,,,,confirmed_multipath,stage4-strict-confirmed-v1,scenes/F1023_V70_D0122_P2/sage_results/nav_sage_v2/G23/stage4_joint_paths.csv,277266fdec5a0c163c7fbd63e59e89c6ade829b4bad1a154a09fbbb8cdfc57bd,9,eligible_pending_modeling_qa,stage4_source_has_no_path_amplitude_phase_coherence,sage-event-path-db-v1
F1023_V70_D0122_P2__G23__ch10__nav_sage_v2__ingestion_20260825_event_path_v1__event_877__path_2,F1023_V70_D0122_P2__G23__ch10__nav_sage_v2__ingestion_20260825_event_path_v1__event_877,F1023_V70_D0122_P2__G23__ch10__nav_sage_v2__ingestion_20260825_event_path_v1,F1023_V70_D0122_P2,G23,10,877,2,stage4_joint,multipath,1,1.1,1,0.1,,,-7360.66515220046,-35.5108553254604,-8.91496196205138,mean_relative_power_db,,,,confirmed_multipath,stage4-strict-confirmed-v1,scenes/F1023_V70_D0122_P2/sage_results/nav_sage_v2/G23/stage4_joint_paths.csv,277266fdec5a0c163c7fbd63e59e89c6ade829b4bad1a154a09fbbb8cdfc57bd,10,eligible_pending_modeling_qa,,sage-event-path-db-v1
F1023_V70_D0122_P2__G23__ch10__nav_sage_v2__ingestion_20260825_event_path_v1__event_878__path_1,F1023_V70_D0122_P2__G23__ch10__nav_sage_v2__ingestion_20260825_event_path_v1__event_878,F1023_V70_D0122_P2__G23__ch10__nav_sage_v2__ingestion_20260825_event_path_v1,F1023_V70_D0122_P2,G23,10,878,1,stage4_joint,los,0,0.1,0,0,,,-7328.265625,0,0,mean_relative_power_db,,,,confirmed_multipath,stage4-strict-confirmed-v1,scenes/F1023_V70_D0122_P2/sage_results/nav_sage_v2/G23/stage4_joint_paths.csv,277266fdec5a0c163c7fbd63e59e89c6ade829b4bad1a154a09fbbb8cdfc57bd,11,eligible_pending_modeling_qa,stage4_source_has_no_path_amplitude_phase_coherence,sage-event-path-db-v1
F1023_V70_D0122_P2__G23__ch10__nav_sage_v2__ingestion_20260825_event_path_v1__event_878__path_2,F1023_V70_D0122_P2__G23__ch10__nav_sage_v2__ingestion_20260825_event_path_v1__event_878,F1023_V70_D0122_P2__G23__ch10__nav_sage_v2__ingestion_20260825_event_path_v1,F1023_V70_D0122_P2,G23,10,878,2,stage4_joint,multipath,1,1.1,1,0.1,,,-7368.39259414631,-40.1269691463121,-12.0687041174273,mean_relative_power_db,,,,confirmed_multipath,stage4-strict-confirmed-v1,scenes/F1023_V70_D0122_P2/sage_results/nav_sage_v2/G23/stage4_joint_paths.csv,277266fdec5a0c163c7fbd63e59e89c6ade829b4bad1a154a09fbbb8cdfc57bd,12,eligible_pending_modeling_qa,,sage-event-path-db-v1
F1023_V70_D0122_P2__G23__ch10__nav_sage_v2__ingestion_20260825_event_path_v1__event_888__path_1,F1023_V70_D0122_P2__G23__ch10__nav_sage_v2__ingestion_20260825_event_path_v1__event_888,F1023_V70_D0122_P2__G23__ch10__nav_sage_v2__ingestion_20260825_event_path_v1,F1023_V70_D0122_P2,G23,10,888,1,stage4_joint,los,0,0,0,0,,,-7329.70263671875,0,0,mean_relative_power_db,,,,confirmed_multipath,stage4-strict-confirmed-v1,scenes/F1023_V70_D0122_P2/sage_results/nav_sage_v2/G23/stage4_joint_paths.csv,277266fdec5a0c163c7fbd63e59e89c6ade829b4bad1a154a09fbbb8cdfc57bd,13,eligible_pending_modeling_qa,stage4_source_has_no_path_amplitude_phase_coherence,sage-event-path-db-v1
F1023_V70_D0122_P2__G23__ch10__nav_sage_v2__ingestion_20260825_event_path_v1__event_888__path_2,F1023_V70_D0122_P2__G23__ch10__nav_sage_v2__ingestion_20260825_event_path_v1__event_888,F1023_V70_D0122_P2__G23__ch10__nav_sage_v2__ingestion_20260825_event_path_v1,F1023_V70_D0122_P2,G23,10,888,2,stage4_joint,multipath,1,1,1,0.1,,,-7350.99074406577,-21.2881073470153,-8.08846445975634,mean_relative_power_db,,,,confirmed_multipath,stage4-strict-confirmed-v1,scenes/F1023_V70_D0122_P2/sage_results/nav_sage_v2/G23/stage4_joint_paths.csv,277266fdec5a0c163c7fbd63e59e89c6ade829b4bad1a154a09fbbb8cdfc57bd,14,eligible_pending_modeling_qa,,sage-event-path-db-v1
F1023_V70_D0122_P2__G23__ch10__nav_sage_v2__ingestion_20260825_event_path_v1__event_891__path_1,F1023_V70_D0122_P2__G23__ch10__nav_sage_v2__ingestion_20260825_event_path_v1__event_891,F1023_V70_D0122_P2__G23__ch10__nav_sage_v2__ingestion_20260825_event_path_v1,F1023_V70_D0122_P2,G23,10,891,1,stage4_joint,los,0,0.4,0,0,,,-7329.37744140625,0,0,mean_relative_power_db,,,,confirmed_multipath,stage4-strict-confirmed-v1,scenes/F1023_V70_D0122_P2/sage_results/nav_sage_v2/G23/stage4_joint_paths.csv,277266fdec5a0c163c7fbd63e59e89c6ade829b4bad1a154a09fbbb8cdfc57bd,15,eligible_pending_modeling_qa,stage4_source_has_no_path_amplitude_phase_coherence,sage-event-path-db-v1
F1023_V70_D0122_P2__G23__ch10__nav_sage_v2__ingestion_20260825_event_path_v1__event_891__path_2,F1023_V70_D0122_P2__G23__ch10__nav_sage_v2__ingestion_20260825_event_path_v1__event_891,F1023_V70_D0122_P2__G23__ch10__nav_sage_v2__ingestion_20260825_event_path_v1,F1023_V70_D0122_P2,G23,10,891,2,stage4_joint,multipath,1,2,1.6,0.16,,,-7374.51389021359,-45.1364488073377,-14.5561429262998,mean_relative_power_db,,,,confirmed_multipath,stage4-strict-confirmed-v1,scenes/F1023_V70_D0122_P2/sage_results/nav_sage_v2/G23/stage4_joint_paths.csv,277266fdec5a0c163c7fbd63e59e89c6ade829b4bad1a154a09fbbb8cdfc57bd,16,eligible_pending_modeling_qa,,sage-event-path-db-v1
F1023_V70_D0122_P2__G24__ch3__nav_sage_v2__ingestion_20260825_event_path_v1__event_2198__path_1,F1023_V70_D0122_P2__G24__ch3__nav_sage_v2__ingestion_20260825_event_path_v1__event_2198,F1023_V70_D0122_P2__G24__ch3__nav_sage_v2__ingestion_20260825_event_path_v1,F1023_V70_D0122_P2,G24,3,2198,1,stage4_joint,los,0,0.3,0,0,,,-4331.54638671875,0,0,mean_relative_power_db,,,,confirmed_multipath,stage4-strict-confirmed-v1,scenes/F1023_V70_D0122_P2/sage_results/nav_sage_v2/G24/stage4_joint_paths.csv,b1c0eea5491d6a2db758374cbb79d4fda6c58af4f95e99692b14545e0ee9def7,2,eligible_pending_modeling_qa,stage4_source_has_no_path_amplitude_phase_coherence,sage-event-path-db-v1
F1023_V70_D0122_P2__G24__ch3__nav_sage_v2__ingestion_20260825_event_path_v1__event_2198__path_2,F1023_V70_D0122_P2__G24__ch3__nav_sage_v2__ingestion_20260825_event_path_v1__event_2198,F1023_V70_D0122_P2__G24__ch3__nav_sage_v2__ingestion_20260825_event_path_v1,F1023_V70_D0122_P2,G24,3,2198,2,stage4_joint,multipath,1,1.3,1,0.1,,,-4365.33724227258,-33.7908555538288,-18.6489637980792,mean_relative_power_db,,,,confirmed_multipath,stage4-strict-confirmed-v1,scenes/F1023_V70_D0122_P2/sage_results/nav_sage_v2/G24/stage4_joint_paths.csv,b1c0eea5491d6a2db758374cbb79d4fda6c58af4f95e99692b14545e0ee9def7,3,eligible_pending_modeling_qa,,sage-event-path-db-v1
F1023_V70_D0122_P2__G24__ch3__nav_sage_v2__ingestion_20260825_event_path_v1__event_2198__path_3,F1023_V70_D0122_P2__G24__ch3__nav_sage_v2__ingestion_20260825_event_path_v1__event_2198,F1023_V70_D0122_P2__G24__ch3__nav_sage_v2__ingestion_20260825_event_path_v1,F1023_V70_D0122_P2,G24,3,2198,3,stage4_joint,multipath,1,2.7,2.4,0.24,,,-4295.33724227258,36.2091444461712,-17.3685293795894,mean_relative_power_db,,,,confirmed_multipath,stage4-strict-confirmed-v1,scenes/F1023_V70_D0122_P2/sage_results/nav_sage_v2/G24/stage4_joint_paths.csv,b1c0eea5491d6a2db758374cbb79d4fda6c58af4f95e99692b14545e0ee9def7,4,eligible_pending_modeling_qa,,sage-event-path-db-v1
F1023_V70_D0122_P2__G24__ch3__nav_sage_v2__ingestion_20260825_event_path_v1__event_2199__path_1,F1023_V70_D0122_P2__G24__ch3__nav_sage_v2__ingestion_20260825_event_path_v1__event_2199,F1023_V70_D0122_P2__G24__ch3__nav_sage_v2__ingestion_20260825_event_path_v1,F1023_V70_D0122_P2,G24,3,2199,1,stage4_joint,los,0,0.1,0,0,,,-4325.48974609375,0,0,mean_relative_power_db,,,,confirmed_multipath,stage4-strict-confirmed-v1,scenes/F1023_V70_D0122_P2/sage_results/nav_sage_v2/G24/stage4_joint_paths.csv,b1c0eea5491d6a2db758374cbb79d4fda6c58af4f95e99692b14545e0ee9def7,5,eligible_pending_modeling_qa,stage4_source_has_no_path_amplitude_phase_coherence,sage-event-path-db-v1
F1023_V70_D0122_P2__G24__ch3__nav_sage_v2__ingestion_20260825_event_path_v1__event_2199__path_2,F1023_V70_D0122_P2__G24__ch3__nav_sage_v2__ingestion_20260825_event_path_v1__event_2199,F1023_V70_D0122_P2__G24__ch3__nav_sage_v2__ingestion_20260825_event_path_v1,F1023_V70_D0122_P2,G24,3,2199,2,stage4_joint,multipath,1,1.2,1.1,0.11,,,-4334.28104004063,-8.7912939468788,-8.79242917662414,mean_relative_power_db,,,,confirmed_multipath,stage4-strict-confirmed-v1,scenes/F1023_V70_D0122_P2/sage_results/nav_sage_v2/G24/stage4_joint_paths.csv,b1c0eea5491d6a2db758374cbb79d4fda6c58af4f95e99692b14545e0ee9def7,6,eligible_pending_modeling_qa,,sage-event-path-db-v1
F1023_V70_D0122_P2__G24__ch3__nav_sage_v2__ingestion_20260825_event_path_v1__event_2197__path_1,F1023_V70_D0122_P2__G24__ch3__nav_sage_v2__ingestion_20260825_event_path_v1__event_2197,F1023_V70_D0122_P2__G24__ch3__nav_sage_v2__ingestion_20260825_event_path_v1,F1023_V70_D0122_P2,G24,3,2197,1,stage4_joint,los,0,0.4,0,0,,,-4322.7978515625,0,0,mean_relative_power_db,,,,confirmed_multipath,stage4-strict-confirmed-v1,scenes/F1023_V70_D0122_P2/sage_results/nav_sage_v2/G24/stage4_joint_paths.csv,b1c0eea5491d6a2db758374cbb79d4fda6c58af4f95e99692b14545e0ee9def7,7,eligible_pending_modeling_qa,stage4_source_has_no_path_amplitude_phase_coherence,sage-event-path-db-v1
F1023_V70_D0122_P2__G24__ch3__nav_sage_v2__ingestion_20260825_event_path_v1__event_2197__path_2,F1023_V70_D0122_P2__G24__ch3__nav_sage_v2__ingestion_20260825_event_path_v1__event_2197,F1023_V70_D0122_P2__G24__ch3__nav_sage_v2__ingestion_20260825_event_path_v1,F1023_V70_D0122_P2,G24,3,2197,2,stage4_joint,multipath,1,2,1.6,0.16,,,-4361.58826872328,-38.7904171607797,-13.0362397457784,mean_relative_power_db,,,,confirmed_multipath,stage4-strict-confirmed-v1,scenes/F1023_V70_D0122_P2/sage_results/nav_sage_v2/G24/stage4_joint_paths.csv,b1c0eea5491d6a2db758374cbb79d4fda6c58af4f95e99692b14545e0ee9def7,8,eligible_pending_modeling_qa,,sage-event-path-db-v1
F1023_V70_D0122_P2__G24__ch3__nav_sage_v2__ingestion_20260825_event_path_v1__event_3071__path_1,F1023_V70_D0122_P2__G24__ch3__nav_sage_v2__ingestion_20260825_event_path_v1__event_3071,F1023_V70_D0122_P2__G24__ch3__nav_sage_v2__ingestion_20260825_event_path_v1,F1023_V70_D0122_P2,G24,3,3071,1,stage4_joint,los,0,0.1,0,0,,,-4340.60693359375,0,0,mean_relative_power_db,,,,confirmed_multipath,stage4-strict-confirmed-v1,scenes/F1023_V70_D0122_P2/sage_results/nav_sage_v2/G24/stage4_joint_paths.csv,b1c0eea5491d6a2db758374cbb79d4fda6c58af4f95e99692b14545e0ee9def7,9,eligible_pending_modeling_qa,stage4_source_has_no_path_amplitude_phase_coherence,sage-event-path-db-v1
F1023_V70_D0122_P2__G24__ch3__nav_sage_v2__ingestion_20260825_event_path_v1__event_3071__path_2,F1023_V70_D0122_P2__G24__ch3__nav_sage_v2__ingestion_20260825_event_path_v1__event_3071,F1023_V70_D0122_P2__G24__ch3__nav_sage_v2__ingestion_20260825_event_path_v1,F1023_V70_D0122_P2,G24,3,3071,2,stage4_joint,multipath,1,1.2,1.1,0.11,,,-4367.19782440679,-26.5908908130405,-13.6777357721207,mean_relative_power_db,,,,confirmed_multipath,stage4-strict-confirmed-v1,scenes/F1023_V70_D0122_P2/sage_results/nav_sage_v2/G24/stage4_joint_paths.csv,b1c0eea5491d6a2db758374cbb79d4fda6c58af4f95e99692b14545e0ee9def7,10,eligible_pending_modeling_qa,,sage-event-path-db-v1
F1023_V70_D0122_P2__G24__ch3__nav_sage_v2__ingestion_20260825_event_path_v1__event_3330__path_1,F1023_V70_D0122_P2__G24__ch3__nav_sage_v2__ingestion_20260825_event_path_v1__event_3330,F1023_V70_D0122_P2__G24__ch3__nav_sage_v2__ingestion_20260825_event_path_v1,F1023_V70_D0122_P2,G24,3,3330,1,stage4_joint,los,0,0.2,0,0,,,-4358.23486328125,0,0,mean_relative_power_db,,,,rejected_candidate,stage4-strict-confirmed-v1,scenes/F1023_V70_D0122_P2/sage_results/nav_sage_v2/G24/stage4_joint_paths.csv,b1c0eea5491d6a2db758374cbb79d4fda6c58af4f95e99692b14545e0ee9def7,11,eligible_pending_modeling_qa,stage4_source_has_no_path_amplitude_phase_coherence,sage-event-path-db-v1
F1023_V70_D0122_P2__G24__ch3__nav_sage_v2__ingestion_20260825_event_path_v1__event_3332__path_1,F1023_V70_D0122_P2__G24__ch3__nav_sage_v2__ingestion_20260825_event_path_v1__event_3332,F1023_V70_D0122_P2__G24__ch3__nav_sage_v2__ingestion_20260825_event_path_v1,F1023_V70_D0122_P2,G24,3,3332,1,stage4_joint,los,0,0.2,0,0,,,-4356.92236328125,0,0,mean_relative_power_db,,,,rejected_candidate,stage4-strict-confirmed-v1,scenes/F1023_V70_D0122_P2/sage_results/nav_sage_v2/G24/stage4_joint_paths.csv,b1c0eea5491d6a2db758374cbb79d4fda6c58af4f95e99692b14545e0ee9def7,12,eligible_pending_modeling_qa,stage4_source_has_no_path_amplitude_phase_coherence,sage-event-path-db-v1
F1023_V70_D0122_P2__G24__ch3__nav_sage_v2__ingestion_20260825_event_path_v1__event_1493__path_1,F1023_V70_D0122_P2__G24__ch3__nav_sage_v2__ingestion_20260825_event_path_v1__event_1493,F1023_V70_D0122_P2__G24__ch3__nav_sage_v2__ingestion_20260825_event_path_v1,F1023_V70_D0122_P2,G24,3,1493,1,stage4_joint,los,0,0.1,0,0,,,-4318.1328125,0,0,mean_relative_power_db,,,,confirmed_multipath,stage4-strict-confirmed-v1,scenes/F1023_V70_D0122_P2/sage_results/nav_sage_v2/G24/stage4_joint_paths.csv,b1c0eea5491d6a2db758374cbb79d4fda6c58af4f95e99692b14545e0ee9def7,13,eligible_pending_modeling_qa,stage4_source_has_no_path_amplitude_phase_coherence,sage-event-path-db-v1
F1023_V70_D0122_P2__G24__ch3__nav_sage_v2__ingestion_20260825_event_path_v1__event_1493__path_2,F1023_V70_D0122_P2__G24__ch3__nav_sage_v2__ingestion_20260825_event_path_v1__event_1493,F1023_V70_D0122_P2__G24__ch3__nav_sage_v2__ingestion_20260825_event_path_v1,F1023_V70_D0122_P2,G24,3,1493,2,stage4_joint,multipath,1,1.3,1.2,0.12,,,-4356.61460095428,-38.4817884542845,-18.5619220859831,mean_relative_power_db,,,,confirmed_multipath,stage4-strict-confirmed-v1,scenes/F1023_V70_D0122_P2/sage_results/nav_sage_v2/G24/stage4_joint_paths.csv,b1c0eea5491d6a2db758374cbb79d4fda6c58af4f95e99692b14545e0ee9def7,14,eligible_pending_modeling_qa,,sage-event-path-db-v1
F1023_V70_D0122_P2__G24__ch3__nav_sage_v2__ingestion_20260825_event_path_v1__event_3317__path_1,F1023_V70_D0122_P2__G24__ch3__nav_sage_v2__ingestion_20260825_event_path_v1__event_3317,F1023_V70_D0122_P2__G24__ch3__nav_sage_v2__ingestion_20260825_event_path_v1,F1023_V70_D0122_P2,G24,3,3317,1,stage4_joint,los,0,0.3,0,0,,,-4354.64501953125,0,0,mean_relative_power_db,,,,rejected_candidate,stage4-strict-confirmed-v1,scenes/F1023_V70_D0122_P2/sage_results/nav_sage_v2/G24/stage4_joint_paths.csv,b1c0eea5491d6a2db758374cbb79d4fda6c58af4f95e99692b14545e0ee9def7,15,eligible_pending_modeling_qa,stage4_source_has_no_path_amplitude_phase_coherence,sage-event-path-db-v1
F1023_V80_D0117_P8__G12__ch4__nav_sage_v2__ingestion_20260825_event_path_v1__event_395__path_1,F1023_V80_D0117_P8__G12__ch4__nav_sage_v2__ingestion_20260825_event_path_v1__event_395,F1023_V80_D0117_P8__G12__ch4__nav_sage_v2__ingestion_20260825_event_path_v1,F1023_V80_D0117_P8,G12,4,395,1,stage4_joint,los,0,0.2,0,0,,,-7900.51220703125,0,0,mean_relative_power_db,,,,rejected_candidate,stage4-strict-confirmed-v1,scenes/F1023_V80_D0117_P8/sage_results/nav_sage_v2/G12/stage4_joint_paths.csv,90f5651ade17d333dba542db550dd9ce9ab071e4170b211aa946d4009fb5ee01,2,eligible_pending_modeling_qa,stage4_source_has_no_path_amplitude_phase_coherence,sage-event-path-db-v1
F1023_V80_D0117_P8__G12__ch4__nav_sage_v2__ingestion_20260825_event_path_v1__event_475__path_1,F1023_V80_D0117_P8__G12__ch4__nav_sage_v2__ingestion_20260825_event_path_v1__event_475,F1023_V80_D0117_P8__G12__ch4__nav_sage_v2__ingestion_20260825_event_path_v1,F1023_V80_D0117_P8,G12,4,475,1,stage4_joint,los,0,0.3,0,0,,,-7910.76611328125,0,0,mean_relative_power_db,,,,rejected_candidate,stage4-strict-confirmed-v1,scenes/F1023_V80_D0117_P8/sage_results/nav_sage_v2/G12/stage4_joint_paths.csv,90f5651ade17d333dba542db550dd9ce9ab071e4170b211aa946d4009fb5ee01,3,eligible_pending_modeling_qa,stage4_source_has_no_path_amplitude_phase_coherence,sage-event-path-db-v1
F1023_V80_D0117_P8__G28__ch6__nav_sage_v2__ingestion_20260825_event_path_v1__event_431__path_1,F1023_V80_D0117_P8__G28__ch6__nav_sage_v2__ingestion_20260825_event_path_v1__event_431,F1023_V80_D0117_P8__G28__ch6__nav_sage_v2__ingestion_20260825_event_path_v1,F1023_V80_D0117_P8,G28,6,431,1,stage4_joint,los,0,0.2,0,0,,,-3446.59692382812,0,0,mean_relative_power_db,,,,rejected_candidate,stage4-strict-confirmed-v1,scenes/F1023_V80_D0117_P8/sage_results/nav_sage_v2/G28/stage4_joint_paths.csv,196be526c2dcc05ac7d6686f0e2b87efed74834f2e8c11eb0e4770d85b058eca,2,eligible_pending_modeling_qa,stage4_source_has_no_path_amplitude_phase_coherence,sage-event-path-db-v1
F1023_V80_D0117_P8__G28__ch6__nav_sage_v2__ingestion_20260825_event_path_v1__event_432__path_1,F1023_V80_D0117_P8__G28__ch6__nav_sage_v2__ingestion_20260825_event_path_v1__event_432,F1023_V80_D0117_P8__G28__ch6__nav_sage_v2__ingestion_20260825_event_path_v1,F1023_V80_D0117_P8,G28,6,432,1,stage4_joint,los,0,0.2,0,0,,,-3450.48681640625,0,0,mean_relative_power_db,,,,confirmed_multipath,stage4-strict-confirmed-v1,scenes/F1023_V80_D0117_P8/sage_results/nav_sage_v2/G28/stage4_joint_paths.csv,196be526c2dcc05ac7d6686f0e2b87efed74834f2e8c11eb0e4770d85b058eca,3,eligible_pending_modeling_qa,stage4_source_has_no_path_amplitude_phase_coherence,sage-event-path-db-v1
F1023_V80_D0117_P8__G28__ch6__nav_sage_v2__ingestion_20260825_event_path_v1__event_432__path_2,F1023_V80_D0117_P8__G28__ch6__nav_sage_v2__ingestion_20260825_event_path_v1__event_432,F1023_V80_D0117_P8__G28__ch6__nav_sage_v2__ingestion_20260825_event_path_v1,F1023_V80_D0117_P8,G28,6,432,2,stage4_joint,multipath,1,1.3,1.1,0.11,,,-3414.60133566034,35.8854807459065,-15.9704869274224,mean_relative_power_db,,,,confirmed_multipath,stage4-strict-confirmed-v1,scenes/F1023_V80_D0117_P8/sage_results/nav_sage_v2/G28/stage4_joint_paths.csv,196be526c2dcc05ac7d6686f0e2b87efed74834f2e8c11eb0e4770d85b058eca,4,eligible_pending_modeling_qa,,sage-event-path-db-v1
F1023_V80_D0117_P8__G28__ch6__nav_sage_v2__ingestion_20260825_event_path_v1__event_433__path_1,F1023_V80_D0117_P8__G28__ch6__nav_sage_v2__ingestion_20260825_event_path_v1__event_433,F1023_V80_D0117_P8__G28__ch6__nav_sage_v2__ingestion_20260825_event_path_v1,F1023_V80_D0117_P8,G28,6,433,1,stage4_joint,los,0,0.3,0,0,,,-3451.4638671875,0,0,mean_relative_power_db,,,,confirmed_multipath,stage4-strict-confirmed-v1,scenes/F1023_V80_D0117_P8/sage_results/nav_sage_v2/G28/stage4_joint_paths.csv,196be526c2dcc05ac7d6686f0e2b87efed74834f2e8c11eb0e4770d85b058eca,5,eligible_pending_modeling_qa,stage4_source_has_no_path_amplitude_phase_coherence,sage-event-path-db-v1
F1023_V80_D0117_P8__G28__ch6__nav_sage_v2__ingestion_20260825_event_path_v1__event_433__path_2,F1023_V80_D0117_P8__G28__ch6__nav_sage_v2__ingestion_20260825_event_path_v1__event_433,F1023_V80_D0117_P8__G28__ch6__nav_sage_v2__ingestion_20260825_event_path_v1,F1023_V80_D0117_P8,G28,6,433,2,stage4_joint,multipath,1,2,1.7,0.17,,,-3420.41618101331,31.0476861741872,-15.4362729204808,mean_relative_power_db,,,,confirmed_multipath,stage4-strict-confirmed-v1,scenes/F1023_V80_D0117_P8/sage_results/nav_sage_v2/G28/stage4_joint_paths.csv,196be526c2dcc05ac7d6686f0e2b87efed74834f2e8c11eb0e4770d85b058eca,6,eligible_pending_modeling_qa,,sage-event-path-db-v1
F1023_V80_D0117_P8__G28__ch6__nav_sage_v2__ingestion_20260825_event_path_v1__event_1067__path_1,F1023_V80_D0117_P8__G28__ch6__nav_sage_v2__ingestion_20260825_event_path_v1__event_1067,F1023_V80_D0117_P8__G28__ch6__nav_sage_v2__ingestion_20260825_event_path_v1,F1023_V80_D0117_P8,G28,6,1067,1,stage4_joint,los,0,0.4,0,0,,,-3435.0634765625,0,0,mean_relative_power_db,,,,rejected_candidate,stage4-strict-confirmed-v1,scenes/F1023_V80_D0117_P8/sage_results/nav_sage_v2/G28/stage4_joint_paths.csv,196be526c2dcc05ac7d6686f0e2b87efed74834f2e8c11eb0e4770d85b058eca,7,eligible_pending_modeling_qa,stage4_source_has_no_path_amplitude_phase_coherence,sage-event-path-db-v1
F1023_V80_D0117_P8__G28__ch6__nav_sage_v2__ingestion_20260825_event_path_v1__event_434__path_1,F1023_V80_D0117_P8__G28__ch6__nav_sage_v2__ingestion_20260825_event_path_v1__event_434,F1023_V80_D0117_P8__G28__ch6__nav_sage_v2__ingestion_20260825_event_path_v1,F1023_V80_D0117_P8,G28,6,434,1,stage4_joint,los,0,0.3,0,0,,,-3450.02392578125,0,0,mean_relative_power_db,,,,confirmed_multipath,stage4-strict-confirmed-v1,scenes/F1023_V80_D0117_P8/sage_results/nav_sage_v2/G28/stage4_joint_paths.csv,196be526c2dcc05ac7d6686f0e2b87efed74834f2e8c11eb0e4770d85b058eca,8,eligible_pending_modeling_qa,stage4_source_has_no_path_amplitude_phase_coherence,sage-event-path-db-v1
F1023_V80_D0117_P8__G28__ch6__nav_sage_v2__ingestion_20260825_event_path_v1__event_434__path_2,F1023_V80_D0117_P8__G28__ch6__nav_sage_v2__ingestion_20260825_event_path_v1__event_434,F1023_V80_D0117_P8__G28__ch6__nav_sage_v2__ingestion_20260825_event_path_v1,F1023_V80_D0117_P8,G28,6,434,2,stage4_joint,multipath,1,1.4,1.1,0.11,,,-3418.81403417878,31.2098916024684,-16.0883789619973,mean_relative_power_db,,,,confirmed_multipath,stage4-strict-confirmed-v1,scenes/F1023_V80_D0117_P8/sage_results/nav_sage_v2/G28/stage4_joint_paths.csv,196be526c2dcc05ac7d6686f0e2b87efed74834f2e8c11eb0e4770d85b058eca,9,eligible_pending_modeling_qa,,sage-event-path-db-v1
F1023_V80_D0117_P8__G28__ch6__nav_sage_v2__ingestion_20260825_event_path_v1__event_1035__path_1,F1023_V80_D0117_P8__G28__ch6__nav_sage_v2__ingestion_20260825_event_path_v1__event_1035,F1023_V80_D0117_P8__G28__ch6__nav_sage_v2__ingestion_20260825_event_path_v1,F1023_V80_D0117_P8,G28,6,1035,1,stage4_joint,los,0,0.2,0,0,,,-3436.89624023438,0,0,mean_relative_power_db,,,,rejected_candidate,stage4-strict-confirmed-v1,scenes/F1023_V80_D0117_P8/sage_results/nav_sage_v2/G28/stage4_joint_paths.csv,196be526c2dcc05ac7d6686f0e2b87efed74834f2e8c11eb0e4770d85b058eca,10,eligible_pending_modeling_qa,stage4_source_has_no_path_amplitude_phase_coherence,sage-event-path-db-v1
F1023_V80_D0117_P8__G28__ch6__nav_sage_v2__ingestion_20260825_event_path_v1__event_1036__path_1,F1023_V80_D0117_P8__G28__ch6__nav_sage_v2__ingestion_20260825_event_path_v1__event_1036,F1023_V80_D0117_P8__G28__ch6__nav_sage_v2__ingestion_20260825_event_path_v1,F1023_V80_D0117_P8,G28,6,1036,1,stage4_joint,los,0,0.2,0,0,,,-3435.9013671875,0,0,mean_relative_power_db,,,,rejected_candidate,stage4-strict-confirmed-v1,scenes/F1023_V80_D0117_P8/sage_results/nav_sage_v2/G28/stage4_joint_paths.csv,196be526c2dcc05ac7d6686f0e2b87efed74834f2e8c11eb0e4770d85b058eca,11,eligible_pending_modeling_qa,stage4_source_has_no_path_amplitude_phase_coherence,sage-event-path-db-v1
F1023_V80_D0117_P8__G28__ch6__nav_sage_v2__ingestion_20260825_event_path_v1__event_95__path_1,F1023_V80_D0117_P8__G28__ch6__nav_sage_v2__ingestion_20260825_event_path_v1__event_95,F1023_V80_D0117_P8__G28__ch6__nav_sage_v2__ingestion_20260825_event_path_v1,F1023_V80_D0117_P8,G28,6,95,1,stage4_joint,los,0,0.2,0,0,,,-3457.84912109375,0,0,mean_relative_power_db,,,,rejected_candidate,stage4-strict-confirmed-v1,scenes/F1023_V80_D0117_P8/sage_results/nav_sage_v2/G28/stage4_joint_paths.csv,196be526c2dcc05ac7d6686f0e2b87efed74834f2e8c11eb0e4770d85b058eca,12,eligible_pending_modeling_qa,stage4_source_has_no_path_amplitude_phase_coherence,sage-event-path-db-v1
F1023_V80_D0117_P8__G29__ch9__nav_sage_v2__ingestion_20260825_event_path_v1__event_457__path_1,F1023_V80_D0117_P8__G29__ch9__nav_sage_v2__ingestion_20260825_event_path_v1__event_457,F1023_V80_D0117_P8__G29__ch9__nav_sage_v2__ingestion_20260825_event_path_v1,F1023_V80_D0117_P8,G29,9,457,1,stage4_joint,los,0,0.3,0,0,,,-3693.810546875,0,0,mean_relative_power_db,,,,rejected_candidate,stage4-strict-confirmed-v1,scenes/F1023_V80_D0117_P8/sage_results/nav_sage_v2/G29/stage4_joint_paths.csv,a05e6fb9abe3bf5bec1c350b97b93ebbf599a6a6af5a9fbcbb4e94971901e9c9,2,eligible_pending_modeling_qa,stage4_source_has_no_path_amplitude_phase_coherence,sage-event-path-db-v1
F1023_V80_D0117_P8__G29__ch9__nav_sage_v2__ingestion_20260825_event_path_v1__event_458__path_1,F1023_V80_D0117_P8__G29__ch9__nav_sage_v2__ingestion_20260825_event_path_v1__event_458,F1023_V80_D0117_P8__G29__ch9__nav_sage_v2__ingestion_20260825_event_path_v1,F1023_V80_D0117_P8,G29,9,458,1,stage4_joint,los,0,0.4,0,0,,,-3695.99096679688,0,0,mean_relative_power_db,,,,rejected_candidate,stage4-strict-confirmed-v1,scenes/F1023_V80_D0117_P8/sage_results/nav_sage_v2/G29/stage4_joint_paths.csv,a05e6fb9abe3bf5bec1c350b97b93ebbf599a6a6af5a9fbcbb4e94971901e9c9,3,eligible_pending_modeling_qa,stage4_source_has_no_path_amplitude_phase_coherence,sage-event-path-db-v1
F1023_V80_D0117_P8__G29__ch9__nav_sage_v2__ingestion_20260825_event_path_v1__event_459__path_1,F1023_V80_D0117_P8__G29__ch9__nav_sage_v2__ingestion_20260825_event_path_v1__event_459,F1023_V80_D0117_P8__G29__ch9__nav_sage_v2__ingestion_20260825_event_path_v1,F1023_V80_D0117_P8,G29,9,459,1,stage4_joint,los,0,0.3,0,0,,,-3697.6630859375,0,0,mean_relative_power_db,,,,rejected_candidate,stage4-strict-confirmed-v1,scenes/F1023_V80_D0117_P8/sage_results/nav_sage_v2/G29/stage4_joint_paths.csv,a05e6fb9abe3bf5bec1c350b97b93ebbf599a6a6af5a9fbcbb4e94971901e9c9,4,eligible_pending_modeling_qa,stage4_source_has_no_path_amplitude_phase_coherence,sage-event-path-db-v1
F1023_V80_D0117_P8__G29__ch9__nav_sage_v2__ingestion_20260825_event_path_v1__event_1066__path_1,F1023_V80_D0117_P8__G29__ch9__nav_sage_v2__ingestion_20260825_event_path_v1__event_1066,F1023_V80_D0117_P8__G29__ch9__nav_sage_v2__ingestion_20260825_event_path_v1,F1023_V80_D0117_P8,G29,9,1066,1,stage4_joint,los,0,0.5,0,0,,,-3699.34692382812,0,0,mean_relative_power_db,,,,rejected_candidate,stage4-strict-confirmed-v1,scenes/F1023_V80_D0117_P8/sage_results/nav_sage_v2/G29/stage4_joint_paths.csv,a05e6fb9abe3bf5bec1c350b97b93ebbf599a6a6af5a9fbcbb4e94971901e9c9,5,eligible_pending_modeling_qa,stage4_source_has_no_path_amplitude_phase_coherence,sage-event-path-db-v1
F1023_V80_D0117_P8__G29__ch9__nav_sage_v2__ingestion_20260825_event_path_v1__event_1067__path_1,F1023_V80_D0117_P8__G29__ch9__nav_sage_v2__ingestion_20260825_event_path_v1__event_1067,F1023_V80_D0117_P8__G29__ch9__nav_sage_v2__ingestion_20260825_event_path_v1,F1023_V80_D0117_P8,G29,9,1067,1,stage4_joint,los,0,0.4,0,0,,,-3702.890625,0,0,mean_relative_power_db,,,,rejected_candidate,stage4-strict-confirmed-v1,scenes/F1023_V80_D0117_P8/sage_results/nav_sage_v2/G29/stage4_joint_paths.csv,a05e6fb9abe3bf5bec1c350b97b93ebbf599a6a6af5a9fbcbb4e94971901e9c9,6,eligible_pending_modeling_qa,stage4_source_has_no_path_amplitude_phase_coherence,sage-event-path-db-v1
F1023_V80_D0117_P8__G29__ch9__nav_sage_v2__ingestion_20260825_event_path_v1__event_1068__path_1,F1023_V80_D0117_P8__G29__ch9__nav_sage_v2__ingestion_20260825_event_path_v1__event_1068,F1023_V80_D0117_P8__G29__ch9__nav_sage_v2__ingestion_20260825_event_path_v1,F1023_V80_D0117_P8,G29,9,1068,1,stage4_joint,los,0,0.4,0,0,,,-3703.93017578125,0,0,mean_relative_power_db,,,,rejected_candidate,stage4-strict-confirmed-v1,scenes/F1023_V80_D0117_P8/sage_results/nav_sage_v2/G29/stage4_joint_paths.csv,a05e6fb9abe3bf5bec1c350b97b93ebbf599a6a6af5a9fbcbb4e94971901e9c9,7,eligible_pending_modeling_qa,stage4_source_has_no_path_amplitude_phase_coherence,sage-event-path-db-v1
F1023_V80_D0117_P8__G29__ch9__nav_sage_v2__ingestion_20260825_event_path_v1__event_734__path_1,F1023_V80_D0117_P8__G29__ch9__nav_sage_v2__ingestion_20260825_event_path_v1__event_734,F1023_V80_D0117_P8__G29__ch9__nav_sage_v2__ingestion_20260825_event_path_v1,F1023_V80_D0117_P8,G29,9,734,1,stage4_joint,los,0,0.5,0,0,,,-3698.5029296875,0,0,mean_relative_power_db,,,,rejected_candidate,stage4-strict-confirmed-v1,scenes/F1023_V80_D0117_P8/sage_results/nav_sage_v2/G29/stage4_joint_paths.csv,a05e6fb9abe3bf5bec1c350b97b93ebbf599a6a6af5a9fbcbb4e94971901e9c9,8,eligible_pending_modeling_qa,stage4_source_has_no_path_amplitude_phase_coherence,sage-event-path-db-v1
F1023_V80_D0117_P8__G29__ch9__nav_sage_v2__ingestion_20260825_event_path_v1__event_733__path_1,F1023_V80_D0117_P8__G29__ch9__nav_sage_v2__ingestion_20260825_event_path_v1__event_733,F1023_V80_D0117_P8__G29__ch9__nav_sage_v2__ingestion_20260825_event_path_v1,F1023_V80_D0117_P8,G29,9,733,1,stage4_joint,los,0,0.3,0,0,,,-3701.22216796875,0,0,mean_relative_power_db,,,,confirmed_multipath,stage4-strict-confirmed-v1,scenes/F1023_V80_D0117_P8/sage_results/nav_sage_v2/G29/stage4_joint_paths.csv,a05e6fb9abe3bf5bec1c350b97b93ebbf599a6a6af5a9fbcbb4e94971901e9c9,9,eligible_pending_modeling_qa,stage4_source_has_no_path_amplitude_phase_coherence,sage-event-path-db-v1
F1023_V80_D0117_P8__G29__ch9__nav_sage_v2__ingestion_20260825_event_path_v1__event_733__path_2,F1023_V80_D0117_P8__G29__ch9__nav_sage_v2__ingestion_20260825_event_path_v1__event_733,F1023_V80_D0117_P8__G29__ch9__nav_sage_v2__ingestion_20260825_event_path_v1,F1023_V80_D0117_P8,G29,9,733,2,stage4_joint,multipath,1,1.3,1,0.1,,,-3685.56103604256,15.6611319261892,-12.5906314685102,mean_relative_power_db,,,,confirmed_multipath,stage4-strict-confirmed-v1,scenes/F1023_V80_D0117_P8/sage_results/nav_sage_v2/G29/stage4_joint_paths.csv,a05e6fb9abe3bf5bec1c350b97b93ebbf599a6a6af5a9fbcbb4e94971901e9c9,10,eligible_pending_modeling_qa,,sage-event-path-db-v1
F1023_v90_D0117_P7__G12__ch10__nav_sage_v2__ingestion_20260825_event_path_v1__event_56__path_1,F1023_v90_D0117_P7__G12__ch10__nav_sage_v2__ingestion_20260825_event_path_v1__event_56,F1023_v90_D0117_P7__G12__ch10__nav_sage_v2__ingestion_20260825_event_path_v1,F1023_v90_D0117_P7,G12,10,56,1,stage4_joint,los,0,0.8,0,0,,,-7946.6005859375,0,0,mean_relative_power_db,,,,rejected_candidate,stage4-strict-confirmed-v1,scenes/F1023_v90_D0117_P7/sage_results/nav_sage_v2/G12/stage4_joint_paths.csv,5ffb2a2067e4e6ab2530cc076c55659525ec0a96ced09426256b13cd37e78352,2,eligible_pending_modeling_qa,stage4_source_has_no_path_amplitude_phase_coherence,sage-event-path-db-v1
F1023_v90_D0117_P7__G12__ch10__nav_sage_v2__ingestion_20260825_event_path_v1__event_57__path_1,F1023_v90_D0117_P7__G12__ch10__nav_sage_v2__ingestion_20260825_event_path_v1__event_57,F1023_v90_D0117_P7__G12__ch10__nav_sage_v2__ingestion_20260825_event_path_v1,F1023_v90_D0117_P7,G12,10,57,1,stage4_joint,los,0,0.7,0,0,,,-7948.65625,0,0,mean_relative_power_db,,,,rejected_candidate,stage4-strict-confirmed-v1,scenes/F1023_v90_D0117_P7/sage_results/nav_sage_v2/G12/stage4_joint_paths.csv,5ffb2a2067e4e6ab2530cc076c55659525ec0a96ced09426256b13cd37e78352,3,eligible_pending_modeling_qa,stage4_source_has_no_path_amplitude_phase_coherence,sage-event-path-db-v1
F1023_v90_D0117_P7__G12__ch10__nav_sage_v2__ingestion_20260825_event_path_v1__event_58__path_1,F1023_v90_D0117_P7__G12__ch10__nav_sage_v2__ingestion_20260825_event_path_v1__event_58,F1023_v90_D0117_P7__G12__ch10__nav_sage_v2__ingestion_20260825_event_path_v1,F1023_v90_D0117_P7,G12,10,58,1,stage4_joint,los,0,0.9,0,0,,,-7948.92431640625,0,0,mean_relative_power_db,,,,rejected_candidate,stage4-strict-confirmed-v1,scenes/F1023_v90_D0117_P7/sage_results/nav_sage_v2/G12/stage4_joint_paths.csv,5ffb2a2067e4e6ab2530cc076c55659525ec0a96ced09426256b13cd37e78352,4,eligible_pending_modeling_qa,stage4_source_has_no_path_amplitude_phase_coherence,sage-event-path-db-v1
F1023_v90_D0117_P7__G12__ch10__nav_sage_v2__ingestion_20260825_event_path_v1__event_82__path_1,F1023_v90_D0117_P7__G12__ch10__nav_sage_v2__ingestion_20260825_event_path_v1__event_82,F1023_v90_D0117_P7__G12__ch10__nav_sage_v2__ingestion_20260825_event_path_v1,F1023_v90_D0117_P7,G12,10,82,1,stage4_joint,los,0,0.6,0,0,,,-7950.40087890625,0,0,mean_relative_power_db,,,,rejected_candidate,stage4-strict-confirmed-v1,scenes/F1023_v90_D0117_P7/sage_results/nav_sage_v2/G12/stage4_joint_paths.csv,5ffb2a2067e4e6ab2530cc076c55659525ec0a96ced09426256b13cd37e78352,5,eligible_pending_modeling_qa,stage4_source_has_no_path_amplitude_phase_coherence,sage-event-path-db-v1
F1023_v90_D0117_P7__G25__ch0__nav_sage_v2__ingestion_20260825_event_path_v1__event_45__path_1,F1023_v90_D0117_P7__G25__ch0__nav_sage_v2__ingestion_20260825_event_path_v1__event_45,F1023_v90_D0117_P7__G25__ch0__nav_sage_v2__ingestion_20260825_event_path_v1,F1023_v90_D0117_P7,G25,0,45,1,stage4_joint,los,0,0.5,0,0,,,-5784.87744140625,0,0,mean_relative_power_db,,,,rejected_candidate,stage4-strict-confirmed-v1,scenes/F1023_v90_D0117_P7/sage_results/nav_sage_v2/G25/stage4_joint_paths.csv,a231c10582509c5944c54938eba0953f8d1003d74ff41a01431b5e7597bc62ed,2,eligible_pending_modeling_qa,stage4_source_has_no_path_amplitude_phase_coherence,sage-event-path-db-v1
F1023_v90_D0117_P7__G25__ch0__nav_sage_v2__ingestion_20260825_event_path_v1__event_46__path_1,F1023_v90_D0117_P7__G25__ch0__nav_sage_v2__ingestion_20260825_event_path_v1__event_46,F1023_v90_D0117_P7__G25__ch0__nav_sage_v2__ingestion_20260825_event_path_v1,F1023_v90_D0117_P7,G25,0,46,1,stage4_joint,los,0,0.5,0,0,,,-5783.56005859375,0,0,mean_relative_power_db,,,,rejected_candidate,stage4-strict-confirmed-v1,scenes/F1023_v90_D0117_P7/sage_results/nav_sage_v2/G25/stage4_joint_paths.csv,a231c10582509c5944c54938eba0953f8d1003d74ff41a01431b5e7597bc62ed,3,eligible_pending_modeling_qa,stage4_source_has_no_path_amplitude_phase_coherence,sage-event-path-db-v1
F1023_v90_D0117_P7__G25__ch0__nav_sage_v2__ingestion_20260825_event_path_v1__event_47__path_1,F1023_v90_D0117_P7__G25__ch0__nav_sage_v2__ingestion_20260825_event_path_v1__event_47,F1023_v90_D0117_P7__G25__ch0__nav_sage_v2__ingestion_20260825_event_path_v1,F1023_v90_D0117_P7,G25,0,47,1,stage4_joint,los,0,0.3,0,0,,,-5784.62646484375,0,0,mean_relative_power_db,,,,confirmed_multipath,stage4-strict-confirmed-v1,scenes/F1023_v90_D0117_P7/sage_results/nav_sage_v2/G25/stage4_joint_paths.csv,a231c10582509c5944c54938eba0953f8d1003d74ff41a01431b5e7597bc62ed,4,eligible_pending_modeling_qa,stage4_source_has_no_path_amplitude_phase_coherence,sage-event-path-db-v1
F1023_v90_D0117_P7__G25__ch0__nav_sage_v2__ingestion_20260825_event_path_v1__event_47__path_2,F1023_v90_D0117_P7__G25__ch0__nav_sage_v2__ingestion_20260825_event_path_v1__event_47,F1023_v90_D0117_P7__G25__ch0__nav_sage_v2__ingestion_20260825_event_path_v1,F1023_v90_D0117_P7,G25,0,47,2,stage4_joint,multipath,1,1.4,1.1,0.11,,,-5774.96216274846,9.66430209528517,-10.1780500244351,mean_relative_power_db,,,,confirmed_multipath,stage4-strict-confirmed-v1,scenes/F1023_v90_D0117_P7/sage_results/nav_sage_v2/G25/stage4_joint_paths.csv,a231c10582509c5944c54938eba0953f8d1003d74ff41a01431b5e7597bc62ed,5,eligible_pending_modeling_qa,,sage-event-path-db-v1
F1023_v90_D0117_P7__G25__ch0__nav_sage_v2__ingestion_20260825_event_path_v1__event_84__path_1,F1023_v90_D0117_P7__G25__ch0__nav_sage_v2__ingestion_20260825_event_path_v1__event_84,F1023_v90_D0117_P7__G25__ch0__nav_sage_v2__ingestion_20260825_event_path_v1,F1023_v90_D0117_P7,G25,0,84,1,stage4_joint,los,0,0.4,0,0,,,-5786.58154296875,0,0,mean_relative_power_db,,,,confirmed_multipath,stage4-strict-confirmed-v1,scenes/F1023_v90_D0117_P7/sage_results/nav_sage_v2/G25/stage4_joint_paths.csv,a231c10582509c5944c54938eba0953f8d1003d74ff41a01431b5e7597bc62ed,6,eligible_pending_modeling_qa,stage4_source_has_no_path_amplitude_phase_coherence,sage-event-path-db-v1
F1023_v90_D0117_P7__G25__ch0__nav_sage_v2__ingestion_20260825_event_path_v1__event_84__path_2,F1023_v90_D0117_P7__G25__ch0__nav_sage_v2__ingestion_20260825_event_path_v1__event_84,F1023_v90_D0117_P7__G25__ch0__nav_sage_v2__ingestion_20260825_event_path_v1,F1023_v90_D0117_P7,G25,0,84,2,stage4_joint,multipath,1,1.4,1,0.1,,,-5771.91724087346,14.6643020952852,-11.4893364497269,mean_relative_power_db,,,,confirmed_multipath,stage4-strict-confirmed-v1,scenes/F1023_v90_D0117_P7/sage_results/nav_sage_v2/G25/stage4_joint_paths.csv,a231c10582509c5944c54938eba0953f8d1003d74ff41a01431b5e7597bc62ed,7,eligible_pending_modeling_qa,,sage-event-path-db-v1
F1023_v90_D0117_P7__G28__ch4__nav_sage_v2__ingestion_20260825_event_path_v1__event_7__path_1,F1023_v90_D0117_P7__G28__ch4__nav_sage_v2__ingestion_20260825_event_path_v1__event_7,F1023_v90_D0117_P7__G28__ch4__nav_sage_v2__ingestion_20260825_event_path_v1,F1023_v90_D0117_P7,G28,4,7,1,stage4_joint,los,0,0,0,0,,,-3263.79541015625,0,0,mean_relative_power_db,,,,rejected_candidate,stage4-strict-confirmed-v1,scenes/F1023_v90_D0117_P7/sage_results/nav_sage_v2/G28/stage4_joint_paths.csv,69963590a85f730cfd2b7d5b800f3024540938112b88c00cf2c46543f7ef02a2,2,eligible_pending_modeling_qa,stage4_source_has_no_path_amplitude_phase_coherence,sage-event-path-db-v1
F1023_v90_D0117_P7__G28__ch4__nav_sage_v2__ingestion_20260825_event_path_v1__event_8__path_1,F1023_v90_D0117_P7__G28__ch4__nav_sage_v2__ingestion_20260825_event_path_v1__event_8,F1023_v90_D0117_P7__G28__ch4__nav_sage_v2__ingestion_20260825_event_path_v1,F1023_v90_D0117_P7,G28,4,8,1,stage4_joint,los,0,1.11022302462516e-16,0,0,,,-3266.4169921875,0,0,mean_relative_power_db,,,,rejected_candidate,stage4-strict-confirmed-v1,scenes/F1023_v90_D0117_P7/sage_results/nav_sage_v2/G28/stage4_joint_paths.csv,69963590a85f730cfd2b7d5b800f3024540938112b88c00cf2c46543f7ef02a2,3,eligible_pending_modeling_qa,stage4_source_has_no_path_amplitude_phase_coherence,sage-event-path-db-v1
F1023_v90_D0117_P7__G28__ch4__nav_sage_v2__ingestion_20260825_event_path_v1__event_9__path_1,F1023_v90_D0117_P7__G28__ch4__nav_sage_v2__ingestion_20260825_event_path_v1__event_9,F1023_v90_D0117_P7__G28__ch4__nav_sage_v2__ingestion_20260825_event_path_v1,F1023_v90_D0117_P7,G28,4,9,1,stage4_joint,los,0,-0.2,0,0,,,-3263.09448242188,0,0,mean_relative_power_db,,,,confirmed_multipath,stage4-strict-confirmed-v1,scenes/F1023_v90_D0117_P7/sage_results/nav_sage_v2/G28/stage4_joint_paths.csv,69963590a85f730cfd2b7d5b800f3024540938112b88c00cf2c46543f7ef02a2,4,eligible_pending_modeling_qa,stage4_source_has_no_path_amplitude_phase_coherence,sage-event-path-db-v1
F1023_v90_D0117_P7__G28__ch4__nav_sage_v2__ingestion_20260825_event_path_v1__event_9__path_2,F1023_v90_D0117_P7__G28__ch4__nav_sage_v2__ingestion_20260825_event_path_v1__event_9,F1023_v90_D0117_P7__G28__ch4__nav_sage_v2__ingestion_20260825_event_path_v1,F1023_v90_D0117_P7,G28,4,9,2,stage4_joint,multipath,1,0.9,1.1,0.11,,,-3268.29682923266,-5.20234681078637,-6.87295082668952,mean_relative_power_db,,,,confirmed_multipath,stage4-strict-confirmed-v1,scenes/F1023_v90_D0117_P7/sage_results/nav_sage_v2/G28/stage4_joint_paths.csv,69963590a85f730cfd2b7d5b800f3024540938112b88c00cf2c46543f7ef02a2,5,eligible_pending_modeling_qa,,sage-event-path-db-v1
F1023_v90_D0117_P7__G28__ch4__nav_sage_v2__ingestion_20260825_event_path_v1__event_43__path_1,F1023_v90_D0117_P7__G28__ch4__nav_sage_v2__ingestion_20260825_event_path_v1__event_43,F1023_v90_D0117_P7__G28__ch4__nav_sage_v2__ingestion_20260825_event_path_v1,F1023_v90_D0117_P7,G28,4,43,1,stage4_joint,los,0,0.2,0,0,,,-3266.75024414062,0,0,mean_relative_power_db,,,,rejected_candidate,stage4-strict-confirmed-v1,scenes/F1023_v90_D0117_P7/sage_results/nav_sage_v2/G28/stage4_joint_paths.csv,69963590a85f730cfd2b7d5b800f3024540938112b88c00cf2c46543f7ef02a2,6,eligible_pending_modeling_qa,stage4_source_has_no_path_amplitude_phase_coherence,sage-event-path-db-v1
F1023_v90_D0117_P7__G28__ch4__nav_sage_v2__ingestion_20260825_event_path_v1__event_50__path_1,F1023_v90_D0117_P7__G28__ch4__nav_sage_v2__ingestion_20260825_event_path_v1__event_50,F1023_v90_D0117_P7__G28__ch4__nav_sage_v2__ingestion_20260825_event_path_v1,F1023_v90_D0117_P7,G28,4,50,1,stage4_joint,los,0,1.3,0,0,,,-3267.81030273438,0,0,mean_relative_power_db,,,,rejected_candidate,stage4-strict-confirmed-v1,scenes/F1023_v90_D0117_P7/sage_results/nav_sage_v2/G28/stage4_joint_paths.csv,69963590a85f730cfd2b7d5b800f3024540938112b88c00cf2c46543f7ef02a2,7,eligible_pending_modeling_qa,stage4_source_has_no_path_amplitude_phase_coherence,sage-event-path-db-v1
F1023_v90_D0117_P7__G28__ch4__nav_sage_v2__ingestion_20260825_event_path_v1__event_74__path_1,F1023_v90_D0117_P7__G28__ch4__nav_sage_v2__ingestion_20260825_event_path_v1__event_74,F1023_v90_D0117_P7__G28__ch4__nav_sage_v2__ingestion_20260825_event_path_v1,F1023_v90_D0117_P7,G28,4,74,1,stage4_joint,los,0,0.2,0,0,,,-3265.59619140625,0,0,mean_relative_power_db,,,,rejected_candidate,stage4-strict-confirmed-v1,scenes/F1023_v90_D0117_P7/sage_results/nav_sage_v2/G28/stage4_joint_paths.csv,69963590a85f730cfd2b7d5b800f3024540938112b88c00cf2c46543f7ef02a2,8,eligible_pending_modeling_qa,stage4_source_has_no_path_amplitude_phase_coherence,sage-event-path-db-v1
F1023_v90_D0117_P7__G29__ch11__nav_sage_v2__ingestion_20260825_event_path_v1__event_199__path_1,F1023_v90_D0117_P7__G29__ch11__nav_sage_v2__ingestion_20260825_event_path_v1__event_199,F1023_v90_D0117_P7__G29__ch11__nav_sage_v2__ingestion_20260825_event_path_v1,F1023_v90_D0117_P7,G29,11,199,1,stage4_joint,los,0,0.3,0,0,,,-3525.66455078125,0,0,mean_relative_power_db,,,,rejected_candidate,stage4-strict-confirmed-v1,scenes/F1023_v90_D0117_P7/sage_results/nav_sage_v2/G29/stage4_joint_paths.csv,55758f1972c2bb2275aa15fa1a60ae7eb0cd8df00caec97e62ae2f091d6a8b32,2,eligible_pending_modeling_qa,stage4_source_has_no_path_amplitude_phase_coherence,sage-event-path-db-v1
F1023_v90_D0117_P7__G29__ch11__nav_sage_v2__ingestion_20260825_event_path_v1__event_1549__path_1,F1023_v90_D0117_P7__G29__ch11__nav_sage_v2__ingestion_20260825_event_path_v1__event_1549,F1023_v90_D0117_P7__G29__ch11__nav_sage_v2__ingestion_20260825_event_path_v1,F1023_v90_D0117_P7,G29,11,1549,1,stage4_joint,los,0,0.2,0,0,,,-3553.76782226562,0,0,mean_relative_power_db,,,,rejected_candidate,stage4-strict-confirmed-v1,scenes/F1023_v90_D0117_P7/sage_results/nav_sage_v2/G29/stage4_joint_paths.csv,55758f1972c2bb2275aa15fa1a60ae7eb0cd8df00caec97e62ae2f091d6a8b32,3,eligible_pending_modeling_qa,stage4_source_has_no_path_amplitude_phase_coherence,sage-event-path-db-v1
F1023_v90_D0117_P7__G29__ch11__nav_sage_v2__ingestion_20260825_event_path_v1__event_1551__path_1,F1023_v90_D0117_P7__G29__ch11__nav_sage_v2__ingestion_20260825_event_path_v1__event_1551,F1023_v90_D0117_P7__G29__ch11__nav_sage_v2__ingestion_20260825_event_path_v1,F1023_v90_D0117_P7,G29,11,1551,1,stage4_joint,los,0,0.1,0,0,,,-3551.8046875,0,0,mean_relative_power_db,,,,rejected_candidate,stage4-strict-confirmed-v1,scenes/F1023_v90_D0117_P7/sage_results/nav_sage_v2/G29/stage4_joint_paths.csv,55758f1972c2bb2275aa15fa1a60ae7eb0cd8df00caec97e62ae2f091d6a8b32,4,eligible_pending_modeling_qa,stage4_source_has_no_path_amplitude_phase_coherence,sage-event-path-db-v1
F1023_v90_D0117_P7__G29__ch11__nav_sage_v2__ingestion_20260825_event_path_v1__event_1581__path_1,F1023_v90_D0117_P7__G29__ch11__nav_sage_v2__ingestion_20260825_event_path_v1__event_1581,F1023_v90_D0117_P7__G29__ch11__nav_sage_v2__ingestion_20260825_event_path_v1,F1023_v90_D0117_P7,G29,11,1581,1,stage4_joint,los,0,0.2,0,0,,,-3552.9990234375,0,0,mean_relative_power_db,,,,rejected_candidate,stage4-strict-confirmed-v1,scenes/F1023_v90_D0117_P7/sage_results/nav_sage_v2/G29/stage4_joint_paths.csv,55758f1972c2bb2275aa15fa1a60ae7eb0cd8df00caec97e62ae2f091d6a8b32,5,eligible_pending_modeling_qa,stage4_source_has_no_path_amplitude_phase_coherence,sage-event-path-db-v1
F1023_v90_D0117_P7__G29__ch11__nav_sage_v2__ingestion_20260825_event_path_v1__event_1518__path_1,F1023_v90_D0117_P7__G29__ch11__nav_sage_v2__ingestion_20260825_event_path_v1__event_1518,F1023_v90_D0117_P7__G29__ch11__nav_sage_v2__ingestion_20260825_event_path_v1,F1023_v90_D0117_P7,G29,11,1518,1,stage4_joint,los,0,0.4,0,0,,,-3551.89721679688,0,0,mean_relative_power_db,,,,rejected_candidate,stage4-strict-confirmed-v1,scenes/F1023_v90_D0117_P7/sage_results/nav_sage_v2/G29/stage4_joint_paths.csv,55758f1972c2bb2275aa15fa1a60ae7eb0cd8df00caec97e62ae2f091d6a8b32,6,eligible_pending_modeling_qa,stage4_source_has_no_path_amplitude_phase_coherence,sage-event-path-db-v1
F1023_v90_D0117_P7__G29__ch11__nav_sage_v2__ingestion_20260825_event_path_v1__event_1555__path_1,F1023_v90_D0117_P7__G29__ch11__nav_sage_v2__ingestion_20260825_event_path_v1__event_1555,F1023_v90_D0117_P7__G29__ch11__nav_sage_v2__ingestion_20260825_event_path_v1,F1023_v90_D0117_P7,G29,11,1555,1,stage4_joint,los,0,0.2,0,0,,,-3550.77026367188,0,0,mean_relative_power_db,,,,rejected_candidate,stage4-strict-confirmed-v1,scenes/F1023_v90_D0117_P7/sage_results/nav_sage_v2/G29/stage4_joint_paths.csv,55758f1972c2bb2275aa15fa1a60ae7eb0cd8df00caec97e62ae2f091d6a8b32,7,eligible_pending_modeling_qa,stage4_source_has_no_path_amplitude_phase_coherence,sage-event-path-db-v1
F1023_v90_D0117_P7__G32__ch5__nav_sage_v2__ingestion_20260825_event_path_v1__event_664__path_1,F1023_v90_D0117_P7__G32__ch5__nav_sage_v2__ingestion_20260825_event_path_v1__event_664,F1023_v90_D0117_P7__G32__ch5__nav_sage_v2__ingestion_20260825_event_path_v1,F1023_v90_D0117_P7,G32,5,664,1,stage4_joint,los,0,0.8,0,0,,,-7660.7109375,0,0,mean_relative_power_db,,,,rejected_candidate,stage4-strict-confirmed-v1,scenes/F1023_v90_D0117_P7/sage_results/nav_sage_v2/G32/stage4_joint_paths.csv,e037160805c5c5c3b88abc720b43d26b340a06cc85f51d9b12c2ca06dc2ce18f,2,eligible_pending_modeling_qa,stage4_source_has_no_path_amplitude_phase_coherence,sage-event-path-db-v1
F1023_v90_D0117_P7__G32__ch5__nav_sage_v2__ingestion_20260825_event_path_v1__event_665__path_1,F1023_v90_D0117_P7__G32__ch5__nav_sage_v2__ingestion_20260825_event_path_v1__event_665,F1023_v90_D0117_P7__G32__ch5__nav_sage_v2__ingestion_20260825_event_path_v1,F1023_v90_D0117_P7,G32,5,665,1,stage4_joint,los,0,0.8,0,0,,,-7663.79638671875,0,0,mean_relative_power_db,,,,rejected_candidate,stage4-strict-confirmed-v1,scenes/F1023_v90_D0117_P7/sage_results/nav_sage_v2/G32/stage4_joint_paths.csv,e037160805c5c5c3b88abc720b43d26b340a06cc85f51d9b12c2ca06dc2ce18f,3,eligible_pending_modeling_qa,stage4_source_has_no_path_amplitude_phase_coherence,sage-event-path-db-v1
F1023_v90_D0117_P7__G32__ch5__nav_sage_v2__ingestion_20260825_event_path_v1__event_666__path_1,F1023_v90_D0117_P7__G32__ch5__nav_sage_v2__ingestion_20260825_event_path_v1__event_666,F1023_v90_D0117_P7__G32__ch5__nav_sage_v2__ingestion_20260825_event_path_v1,F1023_v90_D0117_P7,G32,5,666,1,stage4_joint,los,0,0.8,0,0,,,-7665.6015625,0,0,mean_relative_power_db,,,,rejected_candidate,stage4-strict-confirmed-v1,scenes/F1023_v90_D0117_P7/sage_results/nav_sage_v2/G32/stage4_joint_paths.csv,e037160805c5c5c3b88abc720b43d26b340a06cc85f51d9b12c2ca06dc2ce18f,4,eligible_pending_modeling_qa,stage4_source_has_no_path_amplitude_phase_coherence,sage-event-path-db-v1
F1023_v90_D0117_P7__G32__ch5__nav_sage_v2__ingestion_20260825_event_path_v1__event_150__path_1,F1023_v90_D0117_P7__G32__ch5__nav_sage_v2__ingestion_20260825_event_path_v1__event_150,F1023_v90_D0117_P7__G32__ch5__nav_sage_v2__ingestion_20260825_event_path_v1,F1023_v90_D0117_P7,G32,5,150,1,stage4_joint,los,0,0.1,0,0,,,-7632.6142578125,0,0,mean_relative_power_db,,,,confirmed_multipath,stage4-strict-confirmed-v1,scenes/F1023_v90_D0117_P7/sage_results/nav_sage_v2/G32/stage4_joint_paths.csv,e037160805c5c5c3b88abc720b43d26b340a06cc85f51d9b12c2ca06dc2ce18f,5,eligible_pending_modeling_qa,stage4_source_has_no_path_amplitude_phase_coherence,sage-event-path-db-v1
F1023_v90_D0117_P7__G32__ch5__nav_sage_v2__ingestion_20260825_event_path_v1__event_150__path_2,F1023_v90_D0117_P7__G32__ch5__nav_sage_v2__ingestion_20260825_event_path_v1__event_150,F1023_v90_D0117_P7__G32__ch5__nav_sage_v2__ingestion_20260825_event_path_v1,F1023_v90_D0117_P7,G32,5,150,2,stage4_joint,multipath,1,1.3,1.2,0.12,,,-7640.79642957859,-8.18217176609323,0.036341332758025,mean_relative_power_db,,,,confirmed_multipath,stage4-strict-confirmed-v1,scenes/F1023_v90_D0117_P7/sage_results/nav_sage_v2/G32/stage4_joint_paths.csv,e037160805c5c5c3b88abc720b43d26b340a06cc85f51d9b12c2ca06dc2ce18f,6,eligible_pending_modeling_qa,,sage-event-path-db-v1
F1023_v90_D0117_P7__G32__ch5__nav_sage_v2__ingestion_20260825_event_path_v1__event_148__path_1,F1023_v90_D0117_P7__G32__ch5__nav_sage_v2__ingestion_20260825_event_path_v1__event_148,F1023_v90_D0117_P7__G32__ch5__nav_sage_v2__ingestion_20260825_event_path_v1,F1023_v90_D0117_P7,G32,5,148,1,stage4_joint,los,0,0.1,0,0,,,-7633.5810546875,0,0,mean_relative_power_db,,,,confirmed_multipath,stage4-strict-confirmed-v1,scenes/F1023_v90_D0117_P7/sage_results/nav_sage_v2/G32/stage4_joint_paths.csv,e037160805c5c5c3b88abc720b43d26b340a06cc85f51d9b12c2ca06dc2ce18f,7,eligible_pending_modeling_qa,stage4_source_has_no_path_amplitude_phase_coherence,sage-event-path-db-v1
F1023_v90_D0117_P7__G32__ch5__nav_sage_v2__ingestion_20260825_event_path_v1__event_148__path_2,F1023_v90_D0117_P7__G32__ch5__nav_sage_v2__ingestion_20260825_event_path_v1__event_148,F1023_v90_D0117_P7__G32__ch5__nav_sage_v2__ingestion_20260825_event_path_v1,F1023_v90_D0117_P7,G32,5,148,2,stage4_joint,multipath,1,1.3,1.2,0.12,,,-7641.35014329624,-7.76908860873755,-3.72939563502487,mean_relative_power_db,,,,confirmed_multipath,stage4-strict-confirmed-v1,scenes/F1023_v90_D0117_P7/sage_results/nav_sage_v2/G32/stage4_joint_paths.csv,e037160805c5c5c3b88abc720b43d26b340a06cc85f51d9b12c2ca06dc2ce18f,8,eligible_pending_modeling_qa,,sage-event-path-db-v1
F1023_v90_D0117_P7__G32__ch5__nav_sage_v2__ingestion_20260825_event_path_v1__event_149__path_1,F1023_v90_D0117_P7__G32__ch5__nav_sage_v2__ingestion_20260825_event_path_v1__event_149,F1023_v90_D0117_P7__G32__ch5__nav_sage_v2__ingestion_20260825_event_path_v1,F1023_v90_D0117_P7,G32,5,149,1,stage4_joint,los,0,0,0,0,,,-7634.6552734375,0,0,mean_relative_power_db,,,,confirmed_multipath,stage4-strict-confirmed-v1,scenes/F1023_v90_D0117_P7/sage_results/nav_sage_v2/G32/stage4_joint_paths.csv,e037160805c5c5c3b88abc720b43d26b340a06cc85f51d9b12c2ca06dc2ce18f,9,eligible_pending_modeling_qa,stage4_source_has_no_path_amplitude_phase_coherence,sage-event-path-db-v1
F1023_v90_D0117_P7__G32__ch5__nav_sage_v2__ingestion_20260825_event_path_v1__event_149__path_2,F1023_v90_D0117_P7__G32__ch5__nav_sage_v2__ingestion_20260825_event_path_v1__event_149,F1023_v90_D0117_P7__G32__ch5__nav_sage_v2__ingestion_20260825_event_path_v1,F1023_v90_D0117_P7,G32,5,149,2,stage4_joint,multipath,1,1.2,1.2,0.12,,,-7637.63090362492,-2.97563018741585,-2.3688382608422,mean_relative_power_db,,,,confirmed_multipath,stage4-strict-confirmed-v1,scenes/F1023_v90_D0117_P7/sage_results/nav_sage_v2/G32/stage4_joint_paths.csv,e037160805c5c5c3b88abc720b43d26b340a06cc85f51d9b12c2ca06dc2ce18f,10,eligible_pending_modeling_qa,,sage-event-path-db-v1
F1023_v90_D0117_P7__G32__ch5__nav_sage_v2__ingestion_20260825_event_path_v1__event_1542__path_1,F1023_v90_D0117_P7__G32__ch5__nav_sage_v2__ingestion_20260825_event_path_v1__event_1542,F1023_v90_D0117_P7__G32__ch5__nav_sage_v2__ingestion_20260825_event_path_v1,F1023_v90_D0117_P7,G32,5,1542,1,stage4_joint,los,0,0.8,0,0,,,-7676.6484375,0,0,mean_relative_power_db,,,,rejected_candidate,stage4-strict-confirmed-v1,scenes/F1023_v90_D0117_P7/sage_results/nav_sage_v2/G32/stage4_joint_paths.csv,e037160805c5c5c3b88abc720b43d26b340a06cc85f51d9b12c2ca06dc2ce18f,11,eligible_pending_modeling_qa,stage4_source_has_no_path_amplitude_phase_coherence,sage-event-path-db-v1
F1023_v90_D0117_P7__G32__ch5__nav_sage_v2__ingestion_20260825_event_path_v1__event_1543__path_1,F1023_v90_D0117_P7__G32__ch5__nav_sage_v2__ingestion_20260825_event_path_v1__event_1543,F1023_v90_D0117_P7__G32__ch5__nav_sage_v2__ingestion_20260825_event_path_v1,F1023_v90_D0117_P7,G32,5,1543,1,stage4_joint,los,0,-0.2,0,0,,,-7677.4423828125,0,0,mean_relative_power_db,,,,confirmed_multipath,stage4-strict-confirmed-v1,scenes/F1023_v90_D0117_P7/sage_results/nav_sage_v2/G32/stage4_joint_paths.csv,e037160805c5c5c3b88abc720b43d26b340a06cc85f51d9b12c2ca06dc2ce18f,12,eligible_pending_modeling_qa,stage4_source_has_no_path_amplitude_phase_coherence,sage-event-path-db-v1
F1023_v90_D0117_P7__G32__ch5__nav_sage_v2__ingestion_20260825_event_path_v1__event_1543__path_2,F1023_v90_D0117_P7__G32__ch5__nav_sage_v2__ingestion_20260825_event_path_v1__event_1543,F1023_v90_D0117_P7__G32__ch5__nav_sage_v2__ingestion_20260825_event_path_v1,F1023_v90_D0117_P7,G32,5,1543,2,stage4_joint,multipath,1,1.1,1.3,0.13,,,-7679.04236437212,-1.59998155961966,1.37990260508056,mean_relative_power_db,,,,confirmed_multipath,stage4-strict-confirmed-v1,scenes/F1023_v90_D0117_P7/sage_results/nav_sage_v2/G32/stage4_joint_paths.csv,e037160805c5c5c3b88abc720b43d26b340a06cc85f51d9b12c2ca06dc2ce18f,13,eligible_pending_modeling_qa,,sage-event-path-db-v1
F1023_V70_D0117_P2__G06__ch4__G06_nav_sage_v1__ingestion_20260825_event_path_v1__event_203__path_1,F1023_V70_D0117_P2__G06__ch4__G06_nav_sage_v1__ingestion_20260825_event_path_v1__event_203,F1023_V70_D0117_P2__G06__ch4__G06_nav_sage_v1__ingestion_20260825_event_path_v1,F1023_V70_D0117_P2,G06,4,203,1,stage4_joint,los,0,1.4,0,0,,,-6670.59716796875,0,0,mean_relative_power_db,,,,confirmed_multipath,stage4-strict-confirmed-v1,scenes/F1023_V70_D0117_P2/sage_results/G06_nav_sage_v1/stage4_joint_paths.csv,e07b434fd408d6928842195886e3dcf27d525f1c32c3bd9168b0a3468ae7d9c0,2,excluded_legacy_context_missing,stage4_source_has_no_path_amplitude_phase_coherence,sage-event-path-db-v1
F1023_V70_D0117_P2__G06__ch4__G06_nav_sage_v1__ingestion_20260825_event_path_v1__event_203__path_2,F1023_V70_D0117_P2__G06__ch4__G06_nav_sage_v1__ingestion_20260825_event_path_v1__event_203,F1023_V70_D0117_P2__G06__ch4__G06_nav_sage_v1__ingestion_20260825_event_path_v1,F1023_V70_D0117_P2,G06,4,203,2,stage4_joint,multipath,1,3,1.6,0.16,,,-6520.93286587346,149.664302095285,18.1925666578273,mean_relative_power_db,,,,confirmed_multipath,stage4-strict-confirmed-v1,scenes/F1023_V70_D0117_P2/sage_results/G06_nav_sage_v1/stage4_joint_paths.csv,e07b434fd408d6928842195886e3dcf27d525f1c32c3bd9168b0a3468ae7d9c0,3,excluded_legacy_context_missing,,sage-event-path-db-v1
F1023_V70_D0117_P2__G06__ch4__G06_nav_sage_v1__ingestion_20260825_event_path_v1__event_203__path_3,F1023_V70_D0117_P2__G06__ch4__G06_nav_sage_v1__ingestion_20260825_event_path_v1__event_203,F1023_V70_D0117_P2__G06__ch4__G06_nav_sage_v1__ingestion_20260825_event_path_v1,F1023_V70_D0117_P2,G06,4,203,3,stage4_joint,multipath,1,4,2.6,0.26,,,-6470.93286587346,199.664302095285,6.90251779249983,mean_relative_power_db,,,,confirmed_multipath,stage4-strict-confirmed-v1,scenes/F1023_V70_D0117_P2/sage_results/G06_nav_sage_v1/stage4_joint_paths.csv,e07b434fd408d6928842195886e3dcf27d525f1c32c3bd9168b0a3468ae7d9c0,4,excluded_legacy_context_missing,,sage-event-path-db-v1
F1023_V70_D0117_P2__G06__ch4__G06_nav_sage_v1__ingestion_20260825_event_path_v1__event_203__path_4,F1023_V70_D0117_P2__G06__ch4__G06_nav_sage_v1__ingestion_20260825_event_path_v1__event_203,F1023_V70_D0117_P2__G06__ch4__G06_nav_sage_v1__ingestion_20260825_event_path_v1,F1023_V70_D0117_P2,G06,4,203,4,stage4_joint,multipath,1,9.7,8.3,0.83,,,-6520.93286587346,149.664302095285,7.10459556932589,mean_relative_power_db,,,,confirmed_multipath,stage4-strict-confirmed-v1,scenes/F1023_V70_D0117_P2/sage_results/G06_nav_sage_v1/stage4_joint_paths.csv,e07b434fd408d6928842195886e3dcf27d525f1c32c3bd9168b0a3468ae7d9c0,5,excluded_legacy_context_missing,,sage-event-path-db-v1
F1023_V70_D0117_P2__G06__ch4__G06_nav_sage_v1__ingestion_20260825_event_path_v1__event_264__path_1,F1023_V70_D0117_P2__G06__ch4__G06_nav_sage_v1__ingestion_20260825_event_path_v1__event_264,F1023_V70_D0117_P2__G06__ch4__G06_nav_sage_v1__ingestion_20260825_event_path_v1,F1023_V70_D0117_P2,G06,4,264,1,stage4_joint,los,0,-3.3,0,0,,,-6668.80419921875,0,0,mean_relative_power_db,,,,confirmed_multipath,stage4-strict-confirmed-v1,scenes/F1023_V70_D0117_P2/sage_results/G06_nav_sage_v1/stage4_joint_paths.csv,e07b434fd408d6928842195886e3dcf27d525f1c32c3bd9168b0a3468ae7d9c0,6,excluded_legacy_context_missing,stage4_source_has_no_path_amplitude_phase_coherence,sage-event-path-db-v1
F1023_V70_D0117_P2__G06__ch4__G06_nav_sage_v1__ingestion_20260825_event_path_v1__event_264__path_2,F1023_V70_D0117_P2__G06__ch4__G06_nav_sage_v1__ingestion_20260825_event_path_v1__event_264,F1023_V70_D0117_P2__G06__ch4__G06_nav_sage_v1__ingestion_20260825_event_path_v1,F1023_V70_D0117_P2,G06,4,264,2,stage4_joint,multipath,1,0.6,3.9,0.39,,,-6509.13989712346,159.664302095285,22.0595478928251,mean_relative_power_db,,,,confirmed_multipath,stage4-strict-confirmed-v1,scenes/F1023_V70_D0117_P2/sage_results/G06_nav_sage_v1/stage4_joint_paths.csv,e07b434fd408d6928842195886e3dcf27d525f1c32c3bd9168b0a3468ae7d9c0,7,excluded_legacy_context_missing,,sage-event-path-db-v1
F1023_V70_D0117_P2__G11__ch5__nav_sage_v2__ingestion_20260825_event_path_v1__event_641__path_1,F1023_V70_D0117_P2__G11__ch5__nav_sage_v2__ingestion_20260825_event_path_v1__event_641,F1023_V70_D0117_P2__G11__ch5__nav_sage_v2__ingestion_20260825_event_path_v1,F1023_V70_D0117_P2,G11,5,641,1,stage4_joint,los,0,0.1,0,0,,,-3856.46850585938,0,0,mean_relative_power_db,,,,rejected_candidate,stage4-strict-confirmed-v1,scenes/F1023_V70_D0117_P2/sage_results/nav_sage_v2/G11/stage4_joint_paths.csv,bb170d7acd85137ccfddb7f8ca27030b3fa24ac42f99402eb88e523c1339d463,2,eligible_pending_modeling_qa,stage4_source_has_no_path_amplitude_phase_coherence,sage-event-path-db-v1
F1023_V70_D0117_P2__G11__ch5__nav_sage_v2__ingestion_20260825_event_path_v1__event_642__path_1,F1023_V70_D0117_P2__G11__ch5__nav_sage_v2__ingestion_20260825_event_path_v1__event_642,F1023_V70_D0117_P2__G11__ch5__nav_sage_v2__ingestion_20260825_event_path_v1,F1023_V70_D0117_P2,G11,5,642,1,stage4_joint,los,0,0,0,0,,,-3852.84790039062,0,0,mean_relative_power_db,,,,rejected_candidate,stage4-strict-confirmed-v1,scenes/F1023_V70_D0117_P2/sage_results/nav_sage_v2/G11/stage4_joint_paths.csv,bb170d7acd85137ccfddb7f8ca27030b3fa24ac42f99402eb88e523c1339d463,3,eligible_pending_modeling_qa,stage4_source_has_no_path_amplitude_phase_coherence,sage-event-path-db-v1
F1023_V70_D0117_P2__G11__ch5__nav_sage_v2__ingestion_20260825_event_path_v1__event_317__path_1,F1023_V70_D0117_P2__G11__ch5__nav_sage_v2__ingestion_20260825_event_path_v1__event_317,F1023_V70_D0117_P2__G11__ch5__nav_sage_v2__ingestion_20260825_event_path_v1,F1023_V70_D0117_P2,G11,5,317,1,stage4_joint,los,0,1.1,0,0,,,-3845.2939453125,0,0,mean_relative_power_db,,,,rejected_candidate,stage4-strict-confirmed-v1,scenes/F1023_V70_D0117_P2/sage_results/nav_sage_v2/G11/stage4_joint_paths.csv,bb170d7acd85137ccfddb7f8ca27030b3fa24ac42f99402eb88e523c1339d463,4,eligible_pending_modeling_qa,stage4_source_has_no_path_amplitude_phase_coherence,sage-event-path-db-v1
F1023_V70_D0117_P2__G11__ch5__nav_sage_v2__ingestion_20260825_event_path_v1__event_640__path_1,F1023_V70_D0117_P2__G11__ch5__nav_sage_v2__ingestion_20260825_event_path_v1__event_640,F1023_V70_D0117_P2__G11__ch5__nav_sage_v2__ingestion_20260825_event_path_v1,F1023_V70_D0117_P2,G11,5,640,1,stage4_joint,los,0,1.11022302462516e-16,0,0,,,-3851.4541015625,0,0,mean_relative_power_db,,,,confirmed_multipath,stage4-strict-confirmed-v1,scenes/F1023_V70_D0117_P2/sage_results/nav_sage_v2/G11/stage4_joint_paths.csv,bb170d7acd85137ccfddb7f8ca27030b3fa24ac42f99402eb88e523c1339d463,5,eligible_pending_modeling_qa,stage4_source_has_no_path_amplitude_phase_coherence,sage-event-path-db-v1
F1023_V70_D0117_P2__G11__ch5__nav_sage_v2__ingestion_20260825_event_path_v1__event_640__path_2,F1023_V70_D0117_P2__G11__ch5__nav_sage_v2__ingestion_20260825_event_path_v1__event_640,F1023_V70_D0117_P2__G11__ch5__nav_sage_v2__ingestion_20260825_event_path_v1,F1023_V70_D0117_P2,G11,5,640,2,stage4_joint,multipath,1,1.1,1.1,0.11,,,-3861.46720870661,-10.0131071441147,-7.40707303905307,mean_relative_power_db,,,,confirmed_multipath,stage4-strict-confirmed-v1,scenes/F1023_V70_D0117_P2/sage_results/nav_sage_v2/G11/stage4_joint_paths.csv,bb170d7acd85137ccfddb7f8ca27030b3fa24ac42f99402eb88e523c1339d463,6,eligible_pending_modeling_qa,,sage-event-path-db-v1
F1023_V70_D0117_P2__G11__ch5__nav_sage_v2__ingestion_20260825_event_path_v1__event_643__path_1,F1023_V70_D0117_P2__G11__ch5__nav_sage_v2__ingestion_20260825_event_path_v1__event_643,F1023_V70_D0117_P2__G11__ch5__nav_sage_v2__ingestion_20260825_event_path_v1,F1023_V70_D0117_P2,G11,5,643,1,stage4_joint,los,0,0.1,0,0,,,-3851.7421875,0,0,mean_relative_power_db,,,,rejected_candidate,stage4-strict-confirmed-v1,scenes/F1023_V70_D0117_P2/sage_results/nav_sage_v2/G11/stage4_joint_paths.csv,bb170d7acd85137ccfddb7f8ca27030b3fa24ac42f99402eb88e523c1339d463,7,eligible_pending_modeling_qa,stage4_source_has_no_path_amplitude_phase_coherence,sage-event-path-db-v1
F1023_V70_D0117_P2__G11__ch5__nav_sage_v2__ingestion_20260825_event_path_v1__event_730__path_1,F1023_V70_D0117_P2__G11__ch5__nav_sage_v2__ingestion_20260825_event_path_v1__event_730,F1023_V70_D0117_P2__G11__ch5__nav_sage_v2__ingestion_20260825_event_path_v1,F1023_V70_D0117_P2,G11,5,730,1,stage4_joint,los,0,0.2,0,0,,,-3856.91162109375,0,0,mean_relative_power_db,,,,rejected_candidate,stage4-strict-confirmed-v1,scenes/F1023_V70_D0117_P2/sage_results/nav_sage_v2/G11/stage4_joint_paths.csv,bb170d7acd85137ccfddb7f8ca27030b3fa24ac42f99402eb88e523c1339d463,8,eligible_pending_modeling_qa,stage4_source_has_no_path_amplitude_phase_coherence,sage-event-path-db-v1
F1023_V70_D0117_P2__G11__ch5__nav_sage_v2__ingestion_20260825_event_path_v1__event_769__path_1,F1023_V70_D0117_P2__G11__ch5__nav_sage_v2__ingestion_20260825_event_path_v1__event_769,F1023_V70_D0117_P2__G11__ch5__nav_sage_v2__ingestion_20260825_event_path_v1,F1023_V70_D0117_P2,G11,5,769,1,stage4_joint,los,0,0.2,0,0,,,-3856.29125976562,0,0,mean_relative_power_db,,,,rejected_candidate,stage4-strict-confirmed-v1,scenes/F1023_V70_D0117_P2/sage_results/nav_sage_v2/G11/stage4_joint_paths.csv,bb170d7acd85137ccfddb7f8ca27030b3fa24ac42f99402eb88e523c1339d463,9,eligible_pending_modeling_qa,stage4_source_has_no_path_amplitude_phase_coherence,sage-event-path-db-v1
F1023_V70_D0117_P2__G12__ch6__nav_sage_v2__ingestion_20260825_event_path_v1__event_972__path_1,F1023_V70_D0117_P2__G12__ch6__nav_sage_v2__ingestion_20260825_event_path_v1__event_972,F1023_V70_D0117_P2__G12__ch6__nav_sage_v2__ingestion_20260825_event_path_v1,F1023_V70_D0117_P2,G12,6,972,1,stage4_joint,los,0,0.4,0,0,,,-7049.7431640625,0,0,mean_relative_power_db,,,,rejected_candidate,stage4-strict-confirmed-v1,scenes/F1023_V70_D0117_P2/sage_results/nav_sage_v2/G12/stage4_joint_paths.csv,3316c643e49ebf7e24920addced7f2e1d997a5e81ebe07076f9d8c484bd28d35,2,eligible_pending_modeling_qa,stage4_source_has_no_path_amplitude_phase_coherence,sage-event-path-db-v1
F1023_V70_D0117_P2__G12__ch6__nav_sage_v2__ingestion_20260825_event_path_v1__event_970__path_1,F1023_V70_D0117_P2__G12__ch6__nav_sage_v2__ingestion_20260825_event_path_v1__event_970,F1023_V70_D0117_P2__G12__ch6__nav_sage_v2__ingestion_20260825_event_path_v1,F1023_V70_D0117_P2,G12,6,970,1,stage4_joint,los,0,0.1,0,0,,,-7054.19873046875,0,0,mean_relative_power_db,,,,confirmed_multipath,stage4-strict-confirmed-v1,scenes/F1023_V70_D0117_P2/sage_results/nav_sage_v2/G12/stage4_joint_paths.csv,3316c643e49ebf7e24920addced7f2e1d997a5e81ebe07076f9d8c484bd28d35,3,eligible_pending_modeling_qa,stage4_source_has_no_path_amplitude_phase_coherence,sage-event-path-db-v1
F1023_V70_D0117_P2__G12__ch6__nav_sage_v2__ingestion_20260825_event_path_v1__event_970__path_2,F1023_V70_D0117_P2__G12__ch6__nav_sage_v2__ingestion_20260825_event_path_v1__event_970,F1023_V70_D0117_P2__G12__ch6__nav_sage_v2__ingestion_20260825_event_path_v1,F1023_V70_D0117_P2,G12,6,970,2,stage4_joint,multipath,1,1.2,1.1,0.11,,,-7029.77141098407,24.4273194846846,-15.9205381372127,mean_relative_power_db,,,,confirmed_multipath,stage4-strict-confirmed-v1,scenes/F1023_V70_D0117_P2/sage_results/nav_sage_v2/G12/stage4_joint_paths.csv,3316c643e49ebf7e24920addced7f2e1d997a5e81ebe07076f9d8c484bd28d35,4,eligible_pending_modeling_qa,,sage-event-path-db-v1
F1023_V70_D0117_P2__G12__ch6__nav_sage_v2__ingestion_20260825_event_path_v1__event_971__path_1,F1023_V70_D0117_P2__G12__ch6__nav_sage_v2__ingestion_20260825_event_path_v1__event_971,F1023_V70_D0117_P2__G12__ch6__nav_sage_v2__ingestion_20260825_event_path_v1,F1023_V70_D0117_P2,G12,6,971,1,stage4_joint,los,0,2.22044604925031e-16,0,0,,,-7052.267578125,0,0,mean_relative_power_db,,,,confirmed_multipath,stage4-strict-confirmed-v1,scenes/F1023_V70_D0117_P2/sage_results/nav_sage_v2/G12/stage4_joint_paths.csv,3316c643e49ebf7e24920addced7f2e1d997a5e81ebe07076f9d8c484bd28d35,5,eligible_pending_modeling_qa,stage4_source_has_no_path_amplitude_phase_coherence,sage-event-path-db-v1
F1023_V70_D0117_P2__G12__ch6__nav_sage_v2__ingestion_20260825_event_path_v1__event_971__path_2,F1023_V70_D0117_P2__G12__ch6__nav_sage_v2__ingestion_20260825_event_path_v1__event_971,F1023_V70_D0117_P2__G12__ch6__nav_sage_v2__ingestion_20260825_event_path_v1,F1023_V70_D0117_P2,G12,6,971,2,stage4_joint,multipath,1,1.1,1.1,0.11,,,-7052.86729287836,-0.599714753362605,-5.11357332637876,mean_relative_power_db,,,,confirmed_multipath,stage4-strict-confirmed-v1,scenes/F1023_V70_D0117_P2/sage_results/nav_sage_v2/G12/stage4_joint_paths.csv,3316c643e49ebf7e24920addced7f2e1d997a5e81ebe07076f9d8c484bd28d35,6,eligible_pending_modeling_qa,,sage-event-path-db-v1
F1023_V70_D0117_P2__G12__ch6__nav_sage_v2__ingestion_20260825_event_path_v1__event_651__path_1,F1023_V70_D0117_P2__G12__ch6__nav_sage_v2__ingestion_20260825_event_path_v1__event_651,F1023_V70_D0117_P2__G12__ch6__nav_sage_v2__ingestion_20260825_event_path_v1,F1023_V70_D0117_P2,G12,6,651,1,stage4_joint,los,0,0.2,0,0,,,-7049.7158203125,0,0,mean_relative_power_db,,,,rejected_candidate,stage4-strict-confirmed-v1,scenes/F1023_V70_D0117_P2/sage_results/nav_sage_v2/G12/stage4_joint_paths.csv,3316c643e49ebf7e24920addced7f2e1d997a5e81ebe07076f9d8c484bd28d35,7,eligible_pending_modeling_qa,stage4_source_has_no_path_amplitude_phase_coherence,sage-event-path-db-v1
F1023_V70_D0117_P2__G28__ch1__nav_sage_v2__ingestion_20260825_event_path_v1__event_693__path_1,F1023_V70_D0117_P2__G28__ch1__nav_sage_v2__ingestion_20260825_event_path_v1__event_693,F1023_V70_D0117_P2__G28__ch1__nav_sage_v2__ingestion_20260825_event_path_v1,F1023_V70_D0117_P2,G28,1,693,1,stage4_joint,los,0,0.4,0,0,,,-2142.83227539062,0,0,mean_relative_power_db,,,,rejected_candidate,stage4-strict-confirmed-v1,scenes/F1023_V70_D0117_P2/sage_results/nav_sage_v2/G28/stage4_joint_paths.csv,b5de54f484be542d7ed963e38f10b2ccc677ac2d43241908c40f18107a26d826,2,eligible_pending_modeling_qa,stage4_source_has_no_path_amplitude_phase_coherence,sage-event-path-db-v1
F1023_V70_D0117_P2__G28__ch1__nav_sage_v2__ingestion_20260825_event_path_v1__event_298__path_1,F1023_V70_D0117_P2__G28__ch1__nav_sage_v2__ingestion_20260825_event_path_v1__event_298,F1023_V70_D0117_P2__G28__ch1__nav_sage_v2__ingestion_20260825_event_path_v1,F1023_V70_D0117_P2,G28,1,298,1,stage4_joint,los,0,0.2,0,0,,,-2149.46020507812,0,0,mean_relative_power_db,,,,rejected_candidate,stage4-strict-confirmed-v1,scenes/F1023_V70_D0117_P2/sage_results/nav_sage_v2/G28/stage4_joint_paths.csv,b5de54f484be542d7ed963e38f10b2ccc677ac2d43241908c40f18107a26d826,3,eligible_pending_modeling_qa,stage4_source_has_no_path_amplitude_phase_coherence,sage-event-path-db-v1
F1023_V70_D0117_P2__G29__ch7__nav_sage_v2__ingestion_20260825_event_path_v1__event_80__path_1,F1023_V70_D0117_P2__G29__ch7__nav_sage_v2__ingestion_20260825_event_path_v1__event_80,F1023_V70_D0117_P2__G29__ch7__nav_sage_v2__ingestion_20260825_event_path_v1,F1023_V70_D0117_P2,G29,7,80,1,stage4_joint,los,0,-0.3,0,0,,,-2241.42114257812,0,0,mean_relative_power_db,,,,confirmed_multipath,stage4-strict-confirmed-v1,scenes/F1023_V70_D0117_P2/sage_results/nav_sage_v2/G29/stage4_joint_paths.csv,6ff31aca5407424de8f08b6277abc113f3e82020f6ccc27ae6580759ac6b8c2d,2,eligible_pending_modeling_qa,stage4_source_has_no_path_amplitude_phase_coherence,sage-event-path-db-v1
F1023_V70_D0117_P2__G29__ch7__nav_sage_v2__ingestion_20260825_event_path_v1__event_80__path_2,F1023_V70_D0117_P2__G29__ch7__nav_sage_v2__ingestion_20260825_event_path_v1__event_80,F1023_V70_D0117_P2__G29__ch7__nav_sage_v2__ingestion_20260825_event_path_v1,F1023_V70_D0117_P2,G29,7,80,2,stage4_joint,multipath,1,0.800000000000001,1.1,0.11,,,-2246.75684048284,-5.33569790471529,-3.15175805378153,mean_relative_power_db,,,,confirmed_multipath,stage4-strict-confirmed-v1,scenes/F1023_V70_D0117_P2/sage_results/nav_sage_v2/G29/stage4_joint_paths.csv,6ff31aca5407424de8f08b6277abc113f3e82020f6ccc27ae6580759ac6b8c2d,3,eligible_pending_modeling_qa,,sage-event-path-db-v1
F1023_V70_D0117_P2__G32__ch11__nav_sage_v2__ingestion_20260825_event_path_v1__event_83__path_1,F1023_V70_D0117_P2__G32__ch11__nav_sage_v2__ingestion_20260825_event_path_v1__event_83,F1023_V70_D0117_P2__G32__ch11__nav_sage_v2__ingestion_20260825_event_path_v1,F1023_V70_D0117_P2,G32,11,83,1,stage4_joint,los,0,0.6,0,0,,,-6242.87744140625,0,0,mean_relative_power_db,,,,rejected_candidate,stage4-strict-confirmed-v1,scenes/F1023_V70_D0117_P2/sage_results/nav_sage_v2/G32/stage4_joint_paths.csv,c777d5fe463c726f9b91dd2fc9765dc6c9ffc6cadf817805b9397172b98b184b,2,eligible_pending_modeling_qa,stage4_source_has_no_path_amplitude_phase_coherence,sage-event-path-db-v1
F1023_V70_D0117_P2__G32__ch11__nav_sage_v2__ingestion_20260825_event_path_v1__event_82__path_1,F1023_V70_D0117_P2__G32__ch11__nav_sage_v2__ingestion_20260825_event_path_v1__event_82,F1023_V70_D0117_P2__G32__ch11__nav_sage_v2__ingestion_20260825_event_path_v1,F1023_V70_D0117_P2,G32,11,82,1,stage4_joint,los,0,0.5,0,0,,,-6245.791015625,0,0,mean_relative_power_db,,,,confirmed_multipath,stage4-strict-confirmed-v1,scenes/F1023_V70_D0117_P2/sage_results/nav_sage_v2/G32/stage4_joint_paths.csv,c777d5fe463c726f9b91dd2fc9765dc6c9ffc6cadf817805b9397172b98b184b,3,eligible_pending_modeling_qa,stage4_source_has_no_path_amplitude_phase_coherence,sage-event-path-db-v1
F1023_V70_D0117_P2__G32__ch11__nav_sage_v2__ingestion_20260825_event_path_v1__event_82__path_2,F1023_V70_D0117_P2__G32__ch11__nav_sage_v2__ingestion_20260825_event_path_v1__event_82,F1023_V70_D0117_P2__G32__ch11__nav_sage_v2__ingestion_20260825_event_path_v1,F1023_V70_D0117_P2,G32,11,82,2,stage4_joint,multipath,1,1.6,1.1,0.11,,,-6226.12671352971,19.6643020952852,-11.3788478128685,mean_relative_power_db,,,,confirmed_multipath,stage4-strict-confirmed-v1,scenes/F1023_V70_D0117_P2/sage_results/nav_sage_v2/G32/stage4_joint_paths.csv,c777d5fe463c726f9b91dd2fc9765dc6c9ffc6cadf817805b9397172b98b184b,4,eligible_pending_modeling_qa,,sage-event-path-db-v1
F1023_V70_D0117_P2__G32__ch11__nav_sage_v2__ingestion_20260825_event_path_v1__event_82__path_3,F1023_V70_D0117_P2__G32__ch11__nav_sage_v2__ingestion_20260825_event_path_v1__event_82,F1023_V70_D0117_P2__G32__ch11__nav_sage_v2__ingestion_20260825_event_path_v1,F1023_V70_D0117_P2,G32,11,82,3,stage4_joint,multipath,1,3,2.5,0.25,,,-6311.12671352971,-65.3356979047148,-19.5141130728681,mean_relative_power_db,,,,confirmed_multipath,stage4-strict-confirmed-v1,scenes/F1023_V70_D0117_P2/sage_results/nav_sage_v2/G32/stage4_joint_paths.csv,c777d5fe463c726f9b91dd2fc9765dc6c9ffc6cadf817805b9397172b98b184b,5,eligible_pending_modeling_qa,,sage-event-path-db-v1
F1023_V70_D0117_P2__G32__ch11__nav_sage_v2__ingestion_20260825_event_path_v1__event_84__path_1,F1023_V70_D0117_P2__G32__ch11__nav_sage_v2__ingestion_20260825_event_path_v1__event_84,F1023_V70_D0117_P2__G32__ch11__nav_sage_v2__ingestion_20260825_event_path_v1,F1023_V70_D0117_P2,G32,11,84,1,stage4_joint,los,0,0.5,0,0,,,-6245.81689453125,0,0,mean_relative_power_db,,,,confirmed_multipath,stage4-strict-confirmed-v1,scenes/F1023_V70_D0117_P2/sage_results/nav_sage_v2/G32/stage4_joint_paths.csv,c777d5fe463c726f9b91dd2fc9765dc6c9ffc6cadf817805b9397172b98b184b,6,eligible_pending_modeling_qa,stage4_source_has_no_path_amplitude_phase_coherence,sage-event-path-db-v1
F1023_V70_D0117_P2__G32__ch11__nav_sage_v2__ingestion_20260825_event_path_v1__event_84__path_2,F1023_V70_D0117_P2__G32__ch11__nav_sage_v2__ingestion_20260825_event_path_v1__event_84,F1023_V70_D0117_P2__G32__ch11__nav_sage_v2__ingestion_20260825_event_path_v1,F1023_V70_D0117_P2,G32,11,84,2,stage4_joint,multipath,1,1.6,1.1,0.11,,,-6231.15259243596,14.6643020952852,-8.83634983938613,mean_relative_power_db,,,,confirmed_multipath,stage4-strict-confirmed-v1,scenes/F1023_V70_D0117_P2/sage_results/nav_sage_v2/G32/stage4_joint_paths.csv,c777d5fe463c726f9b91dd2fc9765dc6c9ffc6cadf817805b9397172b98b184b,7,eligible_pending_modeling_qa,,sage-event-path-db-v1
F1023_V70_D0117_P2__G32__ch11__nav_sage_v2__ingestion_20260825_event_path_v1__event_143__path_1,F1023_V70_D0117_P2__G32__ch11__nav_sage_v2__ingestion_20260825_event_path_v1__event_143,F1023_V70_D0117_P2__G32__ch11__nav_sage_v2__ingestion_20260825_event_path_v1,F1023_V70_D0117_P2,G32,11,143,1,stage4_joint,los,0,0.3,0,0,,,-6245.77685546875,0,0,mean_relative_power_db,,,,rejected_candidate,stage4-strict-confirmed-v1,scenes/F1023_V70_D0117_P2/sage_results/nav_sage_v2/G32/stage4_joint_paths.csv,c777d5fe463c726f9b91dd2fc9765dc6c9ffc6cadf817805b9397172b98b184b,8,eligible_pending_modeling_qa,stage4_source_has_no_path_amplitude_phase_coherence,sage-event-path-db-v1
F1023_V70_D0117_P2__G32__ch11__nav_sage_v2__ingestion_20260825_event_path_v1__event_144__path_1,F1023_V70_D0117_P2__G32__ch11__nav_sage_v2__ingestion_20260825_event_path_v1__event_144,F1023_V70_D0117_P2__G32__ch11__nav_sage_v2__ingestion_20260825_event_path_v1,F1023_V70_D0117_P2,G32,11,144,1,stage4_joint,los,0,0.3,0,0,,,-6245.9609375,0,0,mean_relative_power_db,,,,rejected_candidate,stage4-strict-confirmed-v1,scenes/F1023_V70_D0117_P2/sage_results/nav_sage_v2/G32/stage4_joint_paths.csv,c777d5fe463c726f9b91dd2fc9765dc6c9ffc6cadf817805b9397172b98b184b,9,eligible_pending_modeling_qa,stage4_source_has_no_path_amplitude_phase_coherence,sage-event-path-db-v1
F1023_V70_D0117_P2__G32__ch11__nav_sage_v2__ingestion_20260825_event_path_v1__event_145__path_1,F1023_V70_D0117_P2__G32__ch11__nav_sage_v2__ingestion_20260825_event_path_v1__event_145,F1023_V70_D0117_P2__G32__ch11__nav_sage_v2__ingestion_20260825_event_path_v1,F1023_V70_D0117_P2,G32,11,145,1,stage4_joint,los,0,0.3,0,0,,,-6246.18115234375,0,0,mean_relative_power_db,,,,rejected_candidate,stage4-strict-confirmed-v1,scenes/F1023_V70_D0117_P2/sage_results/nav_sage_v2/G32/stage4_joint_paths.csv,c777d5fe463c726f9b91dd2fc9765dc6c9ffc6cadf817805b9397172b98b184b,10,eligible_pending_modeling_qa,stage4_source_has_no_path_amplitude_phase_coherence,sage-event-path-db-v1
F1023_V70_D0117_P2__G32__ch11__nav_sage_v2__ingestion_20260825_event_path_v1__event_759__path_1,F1023_V70_D0117_P2__G32__ch11__nav_sage_v2__ingestion_20260825_event_path_v1__event_759,F1023_V70_D0117_P2__G32__ch11__nav_sage_v2__ingestion_20260825_event_path_v1,F1023_V70_D0117_P2,G32,11,759,1,stage4_joint,los,0,0.5,0,0,,,-6249.81494140625,0,0,mean_relative_power_db,,,,rejected_candidate,stage4-strict-confirmed-v1,scenes/F1023_V70_D0117_P2/sage_results/nav_sage_v2/G32/stage4_joint_paths.csv,c777d5fe463c726f9b91dd2fc9765dc6c9ffc6cadf817805b9397172b98b184b,11,eligible_pending_modeling_qa,stage4_source_has_no_path_amplitude_phase_coherence,sage-event-path-db-v1
F1023_V70_D0117_P2__G32__ch11__nav_sage_v2__ingestion_20260825_event_path_v1__event_760__path_1,F1023_V70_D0117_P2__G32__ch11__nav_sage_v2__ingestion_20260825_event_path_v1__event_760,F1023_V70_D0117_P2__G32__ch11__nav_sage_v2__ingestion_20260825_event_path_v1,F1023_V70_D0117_P2,G32,11,760,1,stage4_joint,los,0,0.5,0,0,,,-6246.15673828125,0,0,mean_relative_power_db,,,,rejected_candidate,stage4-strict-confirmed-v1,scenes/F1023_V70_D0117_P2/sage_results/nav_sage_v2/G32/stage4_joint_paths.csv,c777d5fe463c726f9b91dd2fc9765dc6c9ffc6cadf817805b9397172b98b184b,12,eligible_pending_modeling_qa,stage4_source_has_no_path_amplitude_phase_coherence,sage-event-path-db-v1
