run_id,logical_run_key,scene_id,scene_role,prn,constellation,prn_number,tracking_channel,signal_type,sampling_rate_hz,raw_storage_mode,raw_file_relpath,tracking_file_relpath,telemetry_file_relpath,rinex_nav_relpath,trajectory_relpath,satellite_geometry_relpaths,pipeline_family,pipeline_version,experiment_namespace,context_version,parameter_set_id,code_commit,code_sha256,run_created_at_utc,source_result_relpath,source_fingerprint,ingestion_version,run_status,stage0_status,stage1_status,stage2_status,stage3_status,stage4_status,stage0_nav_symbol_count,stage0_window_count,stage1_scanned_count,stage1_candidate_count,stage2_L1_count,stage2_L2_count,stage2_L3_count,stage2_L4_count,stage2_L_ge_2_count,stage2_L_ge_3_count,stage3_reliable_event_count,stage4_joint_result_count,confirmed_event_count,confirmed_path_count,qa_status,qa_issue_count,request_id,request_sha256,qa_report_path,execution_log_path,manifest_sha256,inventory_sha256,acceptance_class,batch,context_missing_legacy,modeling_eligibility,schema_version
F1023_V120_D0121_P2__G25__ch5__nav_sage_v2__ingestion_20260825_event_path_v1,F1023_V120_D0121_P2__G25__ch5__nav_sage_v2,F1023_V120_D0121_P2,standard_scene,G25,G,25,5,GPS_L1_CA,10230000,external_storage_or_scene_local,E:\AAGNSSSDR_input\raw_data\F1023_V120_D0121_P2.bin,E:\GNSS_Multipath_Project\scenes\F1023_V120_D0121_P2\gnss_sdr\tracking\F1023_V120_D0121_P2_track_ch_5.mat,E:\GNSS_Multipath_Project\scenes\F1023_V120_D0121_P2\gnss_sdr\telemetry\F1023_V120_D0121_P2_telemetry_ch_5.dat,E:\GNSS_Multipath_Project\scenes\F1023_V120_D0121_P2\navigation\rinex_nav\RINEXFILE.26N,E:\GNSS_Multipath_Project\scenes\F1023_V120_D0121_P2\trajectory\F1023_V120_D0121_P2_trajectory.nmea,"[""E:\\GNSS_Multipath_Project\\scenes\\F1023_V120_D0121_P2\\satellite\\F1023_V120_D0121_P2_satellite_elevation_summary.csv"", ""E:\\GNSS_Multipath_Project\\scenes\\F1023_V120_D0121_P2\\satellite\\F1023_V120_D0121_P2_satellite_elevation_timeseries.csv""]",nav_sage_pipeline,,nav_sage_v2,1,not_recorded,,bffc123c97af77f0a797f417d3866e9a34feab7729c5c1575352f53bc3571b9c,2026-08-19T00:53:02Z,scenes/F1023_V120_D0121_P2/sage_results/nav_sage_v2/G25,41faa3ed4f1a74b00293fa59e94fe004c694865cc6a5480a2705d0dd112f76df,sage-event-path-db-v1/ingest-v1,complete,complete,complete,complete,empty_valid,empty_valid,26222,26214,26214,70,66,3,0,1,4,1,0,0,0,0,pass,0,windows_unattended_F1023_V120_D0121_P2__G25_20260819T004818Z_001,b2c77cca1c6720cf29558588fa57bcd90ad553835628abdedf6bc9e135b6b78b,E:\GNSS_Multipath_Project\docs\10MHz_FULL_SAGE_UNATTENDED_BATCH_20260819_QA_REPORT.md,E:\GNSS_Multipath_Project\dataset_generation_logs\batch_sage_execution\batch_sage_execution_20260819T005244Z\batch_execution_log.csv,77c20c0ed6c84fa0348db429948a8bd4900b2e8d86a6d8843b159b9a7a35cf00,af368feba90797584d7690d4927ed32de604651a5a62662f4adce348a89e4bb4,formal_accepted_production,C_long_running_batch,0,eligible_pending_modeling_qa,sage-event-path-db-v1
F1023_V120_D0121_P2__G28__ch6__nav_sage_v2__ingestion_20260825_event_path_v1,F1023_V120_D0121_P2__G28__ch6__nav_sage_v2,F1023_V120_D0121_P2,standard_scene,G28,G,28,6,GPS_L1_CA,10230000,external_storage_or_scene_local,E:\AAGNSSSDR_input\raw_data\F1023_V120_D0121_P2.bin,E:\GNSS_Multipath_Project\scenes\F1023_V120_D0121_P2\gnss_sdr\tracking\F1023_V120_D0121_P2_track_ch_6.mat,E:\GNSS_Multipath_Project\scenes\F1023_V120_D0121_P2\gnss_sdr\telemetry\F1023_V120_D0121_P2_telemetry_ch_6.dat,E:\GNSS_Multipath_Project\scenes\F1023_V120_D0121_P2\navigation\rinex_nav\RINEXFILE.26N,E:\GNSS_Multipath_Project\scenes\F1023_V120_D0121_P2\trajectory\F1023_V120_D0121_P2_trajectory.nmea,"[""E:\\GNSS_Multipath_Project\\scenes\\F1023_V120_D0121_P2\\satellite\\F1023_V120_D0121_P2_satellite_elevation_summary.csv"", ""E:\\GNSS_Multipath_Project\\scenes\\F1023_V120_D0121_P2\\satellite\\F1023_V120_D0121_P2_satellite_elevation_timeseries.csv""]",nav_sage_pipeline,,nav_sage_v2,1,not_recorded,,bffc123c97af77f0a797f417d3866e9a34feab7729c5c1575352f53bc3571b9c,2026-08-19T14:44:25Z,scenes/F1023_V120_D0121_P2/sage_results/nav_sage_v2/G28,294b3874a986c08861bb77b28110349c6a6c5567451339b32e37e99dc9a4a0d6,sage-event-path-db-v1/ingest-v1,complete,complete,complete,complete,empty_valid,empty_valid,26207,26198,26198,76,74,1,1,0,2,1,0,0,0,0,pass,0,windows_unattended_F1023_V120_D0121_P2__G28_20260819T004818Z_002,854cca959b5212694ff927c6706a1737f780a1265f6d10b770109a1f67d4568d,E:\GNSS_Multipath_Project\docs\10MHz_FULL_SAGE_UNATTENDED_BATCH_20260819_QA_REPORT.md,E:\GNSS_Multipath_Project\dataset_generation_logs\batch_sage_execution\batch_sage_execution_20260819T144409Z\batch_execution_log.csv,77c20c0ed6c84fa0348db429948a8bd4900b2e8d86a6d8843b159b9a7a35cf00,af368feba90797584d7690d4927ed32de604651a5a62662f4adce348a89e4bb4,formal_accepted_production,C_long_running_batch,0,eligible_pending_modeling_qa,sage-event-path-db-v1
F1023_V120_D0121_P2__G32__ch7__nav_sage_v2__ingestion_20260825_event_path_v1,F1023_V120_D0121_P2__G32__ch7__nav_sage_v2,F1023_V120_D0121_P2,standard_scene,G32,G,32,7,GPS_L1_CA,10230000,external_storage_or_scene_local,E:\AAGNSSSDR_input\raw_data\F1023_V120_D0121_P2.bin,E:\GNSS_Multipath_Project\scenes\F1023_V120_D0121_P2\gnss_sdr\tracking\F1023_V120_D0121_P2_track_ch_7.mat,E:\GNSS_Multipath_Project\scenes\F1023_V120_D0121_P2\gnss_sdr\telemetry\F1023_V120_D0121_P2_telemetry_ch_7.dat,E:\GNSS_Multipath_Project\scenes\F1023_V120_D0121_P2\navigation\rinex_nav\RINEXFILE.26N,E:\GNSS_Multipath_Project\scenes\F1023_V120_D0121_P2\trajectory\F1023_V120_D0121_P2_trajectory.nmea,"[""E:\\GNSS_Multipath_Project\\scenes\\F1023_V120_D0121_P2\\satellite\\F1023_V120_D0121_P2_satellite_elevation_summary.csv"", ""E:\\GNSS_Multipath_Project\\scenes\\F1023_V120_D0121_P2\\satellite\\F1023_V120_D0121_P2_satellite_elevation_timeseries.csv""]",nav_sage_pipeline,,nav_sage_v2,1,not_recorded,,bffc123c97af77f0a797f417d3866e9a34feab7729c5c1575352f53bc3571b9c,2026-08-20T04:50:46Z,scenes/F1023_V120_D0121_P2/sage_results/nav_sage_v2/G32,4b622658b65cf5e3e73f4fce083dd8d5a2b3e2033b1c5a91703480d82e396e88,sage-event-path-db-v1/ingest-v1,complete,complete,complete,complete,empty_valid,empty_valid,26204,26198,26198,65,63,1,0,1,2,1,0,0,0,0,pass,0,windows_unattended_F1023_V120_D0121_P2__G32_20260819T004818Z_003,74efd9db2d4d5459814d282fe62abce2ee63a816b718bdcabed7191675bb91f7,E:\GNSS_Multipath_Project\docs\10MHz_FULL_SAGE_UNATTENDED_BATCH_20260819_QA_REPORT.md,E:\GNSS_Multipath_Project\dataset_generation_logs\batch_sage_execution\batch_sage_execution_20260820T045032Z\batch_execution_log.csv,77c20c0ed6c84fa0348db429948a8bd4900b2e8d86a6d8843b159b9a7a35cf00,af368feba90797584d7690d4927ed32de604651a5a62662f4adce348a89e4bb4,formal_accepted_production,C_long_running_batch,0,eligible_pending_modeling_qa,sage-event-path-db-v1
F1023_v50_D0127_P1__G11__ch10__nav_sage_v2__ingestion_20260825_event_path_v1,F1023_v50_D0127_P1__G11__ch10__nav_sage_v2,F1023_v50_D0127_P1,standard_scene,G11,G,11,10,GPS_L1_CA,10230000,external_storage_or_scene_local,E:\AAGNSSSDR_input\raw_data\F1023_v50_D0127_P1.bin,E:\GNSS_Multipath_Project\scenes\F1023_v50_D0127_P1\gnss_sdr\tracking\F1023_v50_D0127_P1_track_ch_10.mat,E:\GNSS_Multipath_Project\scenes\F1023_v50_D0127_P1\gnss_sdr\telemetry\F1023_v50_D0127_P1_telemetry_ch_10.dat,E:\GNSS_Multipath_Project\scenes\F1023_v50_D0127_P1\navigation\rinex_nav\RINEXFILE.26N,E:\GNSS_Multipath_Project\scenes\F1023_v50_D0127_P1\trajectory\F1023_v50_D0127_P1_trajectory.nmea,"[""E:\\GNSS_Multipath_Project\\scenes\\F1023_v50_D0127_P1\\satellite\\F1023_v50_D0127_P1_satellite_elevation_summary.csv"", ""E:\\GNSS_Multipath_Project\\scenes\\F1023_v50_D0127_P1\\satellite\\F1023_v50_D0127_P1_satellite_elevation_timeseries.csv""]",nav_sage_pipeline,,nav_sage_v2,1,not_recorded,,bffc123c97af77f0a797f417d3866e9a34feab7729c5c1575352f53bc3571b9c,2026-08-20T19:19:45Z,scenes/F1023_v50_D0127_P1/sage_results/nav_sage_v2/G11,1de6c5e121e0cf11cbdc34f943ef1bbd9ceb2be112125e5d6dcba4e78a80ba80,sage-event-path-db-v1/ingest-v1,complete,complete,complete,complete,empty_valid,empty_valid,972,958,958,66,55,8,1,2,11,3,0,0,0,0,pass,0,windows_unattended_F1023_v50_D0127_P1__G11_20260819T004818Z_004,f9143aa29ae313d51d8e99f0e440f7ea027b87d2530a53c15ddd7825a54a90cb,E:\GNSS_Multipath_Project\docs\10MHz_FULL_SAGE_UNATTENDED_BATCH_20260819_QA_REPORT.md,E:\GNSS_Multipath_Project\dataset_generation_logs\batch_sage_execution\batch_sage_execution_20260820T191931Z\batch_execution_log.csv,77c20c0ed6c84fa0348db429948a8bd4900b2e8d86a6d8843b159b9a7a35cf00,af368feba90797584d7690d4927ed32de604651a5a62662f4adce348a89e4bb4,formal_accepted_production,B_main_production_batch,0,eligible_pending_modeling_qa,sage-event-path-db-v1
F1023_v50_D0127_P1__G28__ch4__nav_sage_v2__ingestion_20260825_event_path_v1,F1023_v50_D0127_P1__G28__ch4__nav_sage_v2,F1023_v50_D0127_P1,standard_scene,G28,G,28,4,GPS_L1_CA,10230000,external_storage_or_scene_local,E:\AAGNSSSDR_input\raw_data\F1023_v50_D0127_P1.bin,E:\GNSS_Multipath_Project\scenes\F1023_v50_D0127_P1\gnss_sdr\tracking\F1023_v50_D0127_P1_track_ch_4.mat,E:\GNSS_Multipath_Project\scenes\F1023_v50_D0127_P1\gnss_sdr\telemetry\F1023_v50_D0127_P1_telemetry_ch_4.dat,E:\GNSS_Multipath_Project\scenes\F1023_v50_D0127_P1\navigation\rinex_nav\RINEXFILE.26N,E:\GNSS_Multipath_Project\scenes\F1023_v50_D0127_P1\trajectory\F1023_v50_D0127_P1_trajectory.nmea,"[""E:\\GNSS_Multipath_Project\\scenes\\F1023_v50_D0127_P1\\satellite\\F1023_v50_D0127_P1_satellite_elevation_summary.csv"", ""E:\\GNSS_Multipath_Project\\scenes\\F1023_v50_D0127_P1\\satellite\\F1023_v50_D0127_P1_satellite_elevation_timeseries.csv""]",nav_sage_pipeline,,nav_sage_v2,1,not_recorded,,bffc123c97af77f0a797f417d3866e9a34feab7729c5c1575352f53bc3571b9c,2026-08-20T20:31:34Z,scenes/F1023_v50_D0127_P1/sage_results/nav_sage_v2/G28,915dd50a386a895234a1c55986d894209c7bb9f7632be3651e2d85b4aa5d8e1e,sage-event-path-db-v1/ingest-v1,complete,complete,complete,complete,empty_valid,empty_valid,2158,2151,2151,54,54,0,0,0,0,0,0,0,0,0,pass,0,windows_unattended_F1023_v50_D0127_P1__G28_20260819T004818Z_005,413627435a5c69bdb82edef812ef77a64e92fc599e115fdf4e519182a0fad067,E:\GNSS_Multipath_Project\docs\10MHz_FULL_SAGE_UNATTENDED_BATCH_20260819_QA_REPORT.md,E:\GNSS_Multipath_Project\dataset_generation_logs\batch_sage_execution\batch_sage_execution_20260820T203118Z\batch_execution_log.csv,77c20c0ed6c84fa0348db429948a8bd4900b2e8d86a6d8843b159b9a7a35cf00,af368feba90797584d7690d4927ed32de604651a5a62662f4adce348a89e4bb4,formal_accepted_production,B_main_production_batch,0,eligible_pending_modeling_qa,sage-event-path-db-v1
F1023_v50_D0127_P1__G29__ch9__nav_sage_v2__ingestion_20260825_event_path_v1,F1023_v50_D0127_P1__G29__ch9__nav_sage_v2,F1023_v50_D0127_P1,standard_scene,G29,G,29,9,GPS_L1_CA,10230000,external_storage_or_scene_local,E:\AAGNSSSDR_input\raw_data\F1023_v50_D0127_P1.bin,E:\GNSS_Multipath_Project\scenes\F1023_v50_D0127_P1\gnss_sdr\tracking\F1023_v50_D0127_P1_track_ch_9.mat,E:\GNSS_Multipath_Project\scenes\F1023_v50_D0127_P1\gnss_sdr\telemetry\F1023_v50_D0127_P1_telemetry_ch_9.dat,E:\GNSS_Multipath_Project\scenes\F1023_v50_D0127_P1\navigation\rinex_nav\RINEXFILE.26N,E:\GNSS_Multipath_Project\scenes\F1023_v50_D0127_P1\trajectory\F1023_v50_D0127_P1_trajectory.nmea,"[""E:\\GNSS_Multipath_Project\\scenes\\F1023_v50_D0127_P1\\satellite\\F1023_v50_D0127_P1_satellite_elevation_summary.csv"", ""E:\\GNSS_Multipath_Project\\scenes\\F1023_v50_D0127_P1\\satellite\\F1023_v50_D0127_P1_satellite_elevation_timeseries.csv""]",nav_sage_pipeline,,nav_sage_v2,1,not_recorded,,bffc123c97af77f0a797f417d3866e9a34feab7729c5c1575352f53bc3571b9c,2026-08-20T22:01:26Z,scenes/F1023_v50_D0127_P1/sage_results/nav_sage_v2/G29,a29f8fca061d0e186494fcf94988f176761f9780236e8e181938179796582021,sage-event-path-db-v1/ingest-v1,complete,complete,complete,complete,empty_valid,empty_valid,2453,2444,2444,49,49,0,0,0,0,0,0,0,0,0,pass,0,windows_unattended_F1023_v50_D0127_P1__G29_20260819T004818Z_006,5a76d530a9969d4b94b76fcac9c7e28167b6999b1217f0c105c834b65b2071f9,E:\GNSS_Multipath_Project\docs\10MHz_FULL_SAGE_UNATTENDED_BATCH_20260819_QA_REPORT.md,E:\GNSS_Multipath_Project\dataset_generation_logs\batch_sage_execution\batch_sage_execution_20260820T220115Z\batch_execution_log.csv,77c20c0ed6c84fa0348db429948a8bd4900b2e8d86a6d8843b159b9a7a35cf00,af368feba90797584d7690d4927ed32de604651a5a62662f4adce348a89e4bb4,formal_accepted_production,B_main_production_batch,0,eligible_pending_modeling_qa,sage-event-path-db-v1
F1023_v50_D0127_P1__G31__ch5__nav_sage_v2__ingestion_20260825_event_path_v1,F1023_v50_D0127_P1__G31__ch5__nav_sage_v2,F1023_v50_D0127_P1,standard_scene,G31,G,31,5,GPS_L1_CA,10230000,external_storage_or_scene_local,E:\AAGNSSSDR_input\raw_data\F1023_v50_D0127_P1.bin,E:\GNSS_Multipath_Project\scenes\F1023_v50_D0127_P1\gnss_sdr\tracking\F1023_v50_D0127_P1_track_ch_5.mat,E:\GNSS_Multipath_Project\scenes\F1023_v50_D0127_P1\gnss_sdr\telemetry\F1023_v50_D0127_P1_telemetry_ch_5.dat,E:\GNSS_Multipath_Project\scenes\F1023_v50_D0127_P1\navigation\rinex_nav\RINEXFILE.26N,E:\GNSS_Multipath_Project\scenes\F1023_v50_D0127_P1\trajectory\F1023_v50_D0127_P1_trajectory.nmea,"[""E:\\GNSS_Multipath_Project\\scenes\\F1023_v50_D0127_P1\\satellite\\F1023_v50_D0127_P1_satellite_elevation_summary.csv"", ""E:\\GNSS_Multipath_Project\\scenes\\F1023_v50_D0127_P1\\satellite\\F1023_v50_D0127_P1_satellite_elevation_timeseries.csv""]",nav_sage_pipeline,,nav_sage_v2,1,not_recorded,,bffc123c97af77f0a797f417d3866e9a34feab7729c5c1575352f53bc3571b9c,2026-08-20T23:34:58Z,scenes/F1023_v50_D0127_P1/sage_results/nav_sage_v2/G31,89df40c167a2761a42f0fd02b088c014f103bdf86377cb360b71d9282dba1ede,sage-event-path-db-v1/ingest-v1,complete,complete,complete,complete,complete,complete,1200,1198,1198,111,48,34,22,7,63,29,18,8,0,0,pass,0,windows_unattended_F1023_v50_D0127_P1__G31_20260819T004818Z_007,49d991a97052b166212c64103b1da4aafa4fd57a40b6eebecaf5ff39d3352d17,E:\GNSS_Multipath_Project\docs\10MHz_FULL_SAGE_UNATTENDED_BATCH_20260819_QA_REPORT.md,E:\GNSS_Multipath_Project\dataset_generation_logs\batch_sage_execution\batch_sage_execution_20260820T233447Z\batch_execution_log.csv,77c20c0ed6c84fa0348db429948a8bd4900b2e8d86a6d8843b159b9a7a35cf00,af368feba90797584d7690d4927ed32de604651a5a62662f4adce348a89e4bb4,formal_accepted_production,B_main_production_batch,0,eligible_pending_modeling_qa,sage-event-path-db-v1
F1023_V70_D0117_P4__G25__ch7__nav_sage_v2__ingestion_20260825_event_path_v1,F1023_V70_D0117_P4__G25__ch7__nav_sage_v2,F1023_V70_D0117_P4,standard_scene,G25,G,25,7,GPS_L1_CA,10230000,external_storage_or_scene_local,E:\AAGNSSSDR_input\raw_data\F1023_V70_D0117_P4.bin,E:\GNSS_Multipath_Project\scenes\F1023_V70_D0117_P4\gnss_sdr\tracking\F1023_V70_D0117_P4_track_ch_7.mat,E:\GNSS_Multipath_Project\scenes\F1023_V70_D0117_P4\gnss_sdr\telemetry\F1023_V70_D0117_P4_telemetry_ch_7.dat,E:\GNSS_Multipath_Project\scenes\F1023_V70_D0117_P4\navigation\rinex_nav\RINEXFILE.26N,E:\GNSS_Multipath_Project\scenes\F1023_V70_D0117_P4\trajectory\F1023_V70_D0117_P4_trajectory.nmea,"[""E:\\GNSS_Multipath_Project\\scenes\\F1023_V70_D0117_P4\\satellite\\F1023_V70_D0117_P4_satellite_elevation_summary.csv"", ""E:\\GNSS_Multipath_Project\\scenes\\F1023_V70_D0117_P4\\satellite\\F1023_V70_D0117_P4_satellite_elevation_timeseries.csv""]",nav_sage_pipeline,,nav_sage_v2,1,not_recorded,,bffc123c97af77f0a797f417d3866e9a34feab7729c5c1575352f53bc3571b9c,2026-08-21T01:18:17Z,scenes/F1023_V70_D0117_P4/sage_results/nav_sage_v2/G25,3038eaab6b5c572658ac8a3e76c9c4a7b89e051b19cee3e7afa6837ea2ef28e2,sage-event-path-db-v1/ingest-v1,complete,complete,complete,complete,complete,complete,895,893,893,112,36,16,2,58,76,60,4,4,2,2,pass,0,windows_unattended_F1023_V70_D0117_P4__G25_20260819T004818Z_008,093012793dcb92b40aaa1d7bcd4b131ea3850683fcceca1d4c6d77acd392614c,E:\GNSS_Multipath_Project\docs\10MHz_FULL_SAGE_UNATTENDED_BATCH_20260819_QA_REPORT.md,E:\GNSS_Multipath_Project\dataset_generation_logs\batch_sage_execution\batch_sage_execution_20260821T011807Z\batch_execution_log.csv,77c20c0ed6c84fa0348db429948a8bd4900b2e8d86a6d8843b159b9a7a35cf00,af368feba90797584d7690d4927ed32de604651a5a62662f4adce348a89e4bb4,validated_only,A_pipeline_validation_batch,0,eligible_pending_modeling_qa,sage-event-path-db-v1
F1023_V70_D0117_P4__G28__ch6__nav_sage_v2__ingestion_20260825_event_path_v1,F1023_V70_D0117_P4__G28__ch6__nav_sage_v2,F1023_V70_D0117_P4,standard_scene,G28,G,28,6,GPS_L1_CA,10230000,external_storage_or_scene_local,E:\AAGNSSSDR_input\raw_data\F1023_V70_D0117_P4.bin,E:\GNSS_Multipath_Project\scenes\F1023_V70_D0117_P4\gnss_sdr\tracking\F1023_V70_D0117_P4_track_ch_6.mat,E:\GNSS_Multipath_Project\scenes\F1023_V70_D0117_P4\gnss_sdr\telemetry\F1023_V70_D0117_P4_telemetry_ch_6.dat,E:\GNSS_Multipath_Project\scenes\F1023_V70_D0117_P4\navigation\rinex_nav\RINEXFILE.26N,E:\GNSS_Multipath_Project\scenes\F1023_V70_D0117_P4\trajectory\F1023_V70_D0117_P4_trajectory.nmea,"[""E:\\GNSS_Multipath_Project\\scenes\\F1023_V70_D0117_P4\\satellite\\F1023_V70_D0117_P4_satellite_elevation_summary.csv"", ""E:\\GNSS_Multipath_Project\\scenes\\F1023_V70_D0117_P4\\satellite\\F1023_V70_D0117_P4_satellite_elevation_timeseries.csv""]",nav_sage_pipeline,,nav_sage_v2,1,not_recorded,,bffc123c97af77f0a797f417d3866e9a34feab7729c5c1575352f53bc3571b9c,2026-08-21T02:53:57Z,scenes/F1023_V70_D0117_P4/sage_results/nav_sage_v2/G28,d95df0cbf665bf4e8918497b0c94bc0f2ae0626e00d758b90ce56e65f3ce3d3e,sage-event-path-db-v1/ingest-v1,complete,complete,complete,complete,complete,complete,895,893,893,117,43,3,34,37,74,71,7,7,0,0,pass,0,windows_unattended_F1023_V70_D0117_P4__G28_20260819T004818Z_009,1c8437e0b021b48eb1ec1c3ca068bb7c284452b2b89d89e342be0ca17934cde4,E:\GNSS_Multipath_Project\docs\10MHz_FULL_SAGE_UNATTENDED_BATCH_20260819_QA_REPORT.md,E:\GNSS_Multipath_Project\dataset_generation_logs\batch_sage_execution\batch_sage_execution_20260821T025347Z\batch_execution_log.csv,77c20c0ed6c84fa0348db429948a8bd4900b2e8d86a6d8843b159b9a7a35cf00,af368feba90797584d7690d4927ed32de604651a5a62662f4adce348a89e4bb4,validated_only,A_pipeline_validation_batch,0,eligible_pending_modeling_qa,sage-event-path-db-v1
F1023_V70_D0117_P4__G29__ch9__nav_sage_v2__ingestion_20260825_event_path_v1,F1023_V70_D0117_P4__G29__ch9__nav_sage_v2,F1023_V70_D0117_P4,standard_scene,G29,G,29,9,GPS_L1_CA,10230000,external_storage_or_scene_local,E:\AAGNSSSDR_input\raw_data\F1023_V70_D0117_P4.bin,E:\GNSS_Multipath_Project\scenes\F1023_V70_D0117_P4\gnss_sdr\tracking\F1023_V70_D0117_P4_track_ch_9.mat,E:\GNSS_Multipath_Project\scenes\F1023_V70_D0117_P4\gnss_sdr\telemetry\F1023_V70_D0117_P4_telemetry_ch_9.dat,E:\GNSS_Multipath_Project\scenes\F1023_V70_D0117_P4\navigation\rinex_nav\RINEXFILE.26N,E:\GNSS_Multipath_Project\scenes\F1023_V70_D0117_P4\trajectory\F1023_V70_D0117_P4_trajectory.nmea,"[""E:\\GNSS_Multipath_Project\\scenes\\F1023_V70_D0117_P4\\satellite\\F1023_V70_D0117_P4_satellite_elevation_summary.csv"", ""E:\\GNSS_Multipath_Project\\scenes\\F1023_V70_D0117_P4\\satellite\\F1023_V70_D0117_P4_satellite_elevation_timeseries.csv""]",nav_sage_pipeline,,nav_sage_v2,1,not_recorded,,bffc123c97af77f0a797f417d3866e9a34feab7729c5c1575352f53bc3571b9c,2026-08-21T04:32:26Z,scenes/F1023_V70_D0117_P4/sage_results/nav_sage_v2/G29,8e271bc6a641fe8fd20a0aae6975f4cab1600397a592060130eae9999c8fea62,sage-event-path-db-v1/ingest-v1,complete,complete,complete,complete,complete,complete,895,893,893,105,42,6,22,35,63,57,12,8,1,1,pass,0,windows_unattended_F1023_V70_D0117_P4__G29_20260819T004818Z_010,81e065e5d7bfbaf14b732078623f2e0407c3f08b9814948bc6e6d5226bfe6619,E:\GNSS_Multipath_Project\docs\10MHz_FULL_SAGE_UNATTENDED_BATCH_20260819_QA_REPORT.md,E:\GNSS_Multipath_Project\dataset_generation_logs\batch_sage_execution\batch_sage_execution_20260821T043215Z\batch_execution_log.csv,77c20c0ed6c84fa0348db429948a8bd4900b2e8d86a6d8843b159b9a7a35cf00,af368feba90797584d7690d4927ed32de604651a5a62662f4adce348a89e4bb4,validated_only,A_pipeline_validation_batch,0,eligible_pending_modeling_qa,sage-event-path-db-v1
F1023_V70_D0117_P4__G31__ch1__nav_sage_v2__ingestion_20260825_event_path_v1,F1023_V70_D0117_P4__G31__ch1__nav_sage_v2,F1023_V70_D0117_P4,standard_scene,G31,G,31,1,GPS_L1_CA,10230000,external_storage_or_scene_local,E:\AAGNSSSDR_input\raw_data\F1023_V70_D0117_P4.bin,E:\GNSS_Multipath_Project\scenes\F1023_V70_D0117_P4\gnss_sdr\tracking\F1023_V70_D0117_P4_track_ch_1.mat,E:\GNSS_Multipath_Project\scenes\F1023_V70_D0117_P4\gnss_sdr\telemetry\F1023_V70_D0117_P4_telemetry_ch_1.dat,E:\GNSS_Multipath_Project\scenes\F1023_V70_D0117_P4\navigation\rinex_nav\RINEXFILE.26N,E:\GNSS_Multipath_Project\scenes\F1023_V70_D0117_P4\trajectory\F1023_V70_D0117_P4_trajectory.nmea,"[""E:\\GNSS_Multipath_Project\\scenes\\F1023_V70_D0117_P4\\satellite\\F1023_V70_D0117_P4_satellite_elevation_summary.csv"", ""E:\\GNSS_Multipath_Project\\scenes\\F1023_V70_D0117_P4\\satellite\\F1023_V70_D0117_P4_satellite_elevation_timeseries.csv""]",nav_sage_pipeline,,nav_sage_v2,1,not_recorded,,bffc123c97af77f0a797f417d3866e9a34feab7729c5c1575352f53bc3571b9c,2026-08-21T06:02:33Z,scenes/F1023_V70_D0117_P4/sage_results/nav_sage_v2/G31,f5e4964bfdac23d06e16c1a40b7237595a6cca56a3cd5252c42f8e2a778099ac,sage-event-path-db-v1/ingest-v1,complete,complete,complete,complete,complete,complete,894,892,892,116,71,25,14,6,45,20,1,1,0,0,pass,0,windows_unattended_F1023_V70_D0117_P4__G31_20260819T004818Z_011,c7ca8dad1e2e6292ab29f0e304150438b70838ad4ba354c92d226d8ecbf81371,E:\GNSS_Multipath_Project\docs\10MHz_FULL_SAGE_UNATTENDED_BATCH_20260819_QA_REPORT.md,E:\GNSS_Multipath_Project\dataset_generation_logs\batch_sage_execution\batch_sage_execution_20260821T060222Z\batch_execution_log.csv,77c20c0ed6c84fa0348db429948a8bd4900b2e8d86a6d8843b159b9a7a35cf00,af368feba90797584d7690d4927ed32de604651a5a62662f4adce348a89e4bb4,validated_only,A_pipeline_validation_batch,0,eligible_pending_modeling_qa,sage-event-path-db-v1
F1023_V70_D0117_P4__G32__ch3__nav_sage_v2__ingestion_20260825_event_path_v1,F1023_V70_D0117_P4__G32__ch3__nav_sage_v2,F1023_V70_D0117_P4,standard_scene,G32,G,32,3,GPS_L1_CA,10230000,external_storage_or_scene_local,E:\AAGNSSSDR_input\raw_data\F1023_V70_D0117_P4.bin,E:\GNSS_Multipath_Project\scenes\F1023_V70_D0117_P4\gnss_sdr\tracking\F1023_V70_D0117_P4_track_ch_3.mat,E:\GNSS_Multipath_Project\scenes\F1023_V70_D0117_P4\gnss_sdr\telemetry\F1023_V70_D0117_P4_telemetry_ch_3.dat,E:\GNSS_Multipath_Project\scenes\F1023_V70_D0117_P4\navigation\rinex_nav\RINEXFILE.26N,E:\GNSS_Multipath_Project\scenes\F1023_V70_D0117_P4\trajectory\F1023_V70_D0117_P4_trajectory.nmea,"[""E:\\GNSS_Multipath_Project\\scenes\\F1023_V70_D0117_P4\\satellite\\F1023_V70_D0117_P4_satellite_elevation_summary.csv"", ""E:\\GNSS_Multipath_Project\\scenes\\F1023_V70_D0117_P4\\satellite\\F1023_V70_D0117_P4_satellite_elevation_timeseries.csv""]",nav_sage_pipeline,,nav_sage_v2,1,not_recorded,,bffc123c97af77f0a797f417d3866e9a34feab7729c5c1575352f53bc3571b9c,2026-08-21T07:37:52Z,scenes/F1023_V70_D0117_P4/sage_results/nav_sage_v2/G32,1e9b9735101e3630577edc1edf79eb4f5db01b6538e347c9703526b21c0b6bf0,sage-event-path-db-v1/ingest-v1,complete,complete,complete,complete,complete,complete,895,893,893,102,42,16,16,28,60,44,4,4,1,1,pass,0,windows_unattended_F1023_V70_D0117_P4__G32_20260819T004818Z_012,55ce07e127776b5620f5e18ea0e8fcadf0a4bc978a795c3b6d9736cd56ce15af,E:\GNSS_Multipath_Project\docs\10MHz_FULL_SAGE_UNATTENDED_BATCH_20260819_QA_REPORT.md,E:\GNSS_Multipath_Project\dataset_generation_logs\batch_sage_execution\batch_sage_execution_20260821T073739Z\batch_execution_log.csv,77c20c0ed6c84fa0348db429948a8bd4900b2e8d86a6d8843b159b9a7a35cf00,af368feba90797584d7690d4927ed32de604651a5a62662f4adce348a89e4bb4,validated_only,A_pipeline_validation_batch,0,eligible_pending_modeling_qa,sage-event-path-db-v1
F1023_V70_D0120_P1__G26__ch3__nav_sage_v2__ingestion_20260825_event_path_v1,F1023_V70_D0120_P1__G26__ch3__nav_sage_v2,F1023_V70_D0120_P1,standard_scene,G26,G,26,3,GPS_L1_CA,10230000,external_storage_or_scene_local,E:\AAGNSSSDR_input\raw_data\F1023_V70_D0120_P1.bin,E:\GNSS_Multipath_Project\scenes\F1023_V70_D0120_P1\gnss_sdr\tracking\F1023_V70_D0120_P1_track_ch_3.mat,E:\GNSS_Multipath_Project\scenes\F1023_V70_D0120_P1\gnss_sdr\telemetry\F1023_V70_D0120_P1_telemetry_ch_3.dat,E:\GNSS_Multipath_Project\scenes\F1023_V70_D0120_P1\navigation\rinex_nav\RINEXFILE.26N,E:\GNSS_Multipath_Project\scenes\F1023_V70_D0120_P1\trajectory\F1023_V70_D0120_P1_trajectory.nmea,"[""E:\\GNSS_Multipath_Project\\scenes\\F1023_V70_D0120_P1\\satellite\\F1023_V70_D0120_P1_satellite_elevation_summary.csv"", ""E:\\GNSS_Multipath_Project\\scenes\\F1023_V70_D0120_P1\\satellite\\F1023_V70_D0120_P1_satellite_elevation_timeseries.csv""]",nav_sage_pipeline,,nav_sage_v2,1,not_recorded,,bffc123c97af77f0a797f417d3866e9a34feab7729c5c1575352f53bc3571b9c,2026-08-21T09:22:31Z,scenes/F1023_V70_D0120_P1/sage_results/nav_sage_v2/G26,f3e115c1d3cb3dc9245850beca21afcb25c98ce5c16571bb3645b31ad4a99e30,sage-event-path-db-v1/ingest-v1,complete,complete,complete,complete,complete,complete,2611,2609,2609,111,41,11,28,31,70,59,14,8,2,2,pass,0,windows_unattended_F1023_V70_D0120_P1__G26_20260819T004818Z_013,1d97ca7e6825b256c5488625a70bca3b01e6b0b54afd2490eb7bf1b26f59b0eb,E:\GNSS_Multipath_Project\docs\10MHz_FULL_SAGE_UNATTENDED_BATCH_20260819_QA_REPORT.md,E:\GNSS_Multipath_Project\dataset_generation_logs\batch_sage_execution\batch_sage_execution_20260821T092212Z\batch_execution_log.csv,77c20c0ed6c84fa0348db429948a8bd4900b2e8d86a6d8843b159b9a7a35cf00,af368feba90797584d7690d4927ed32de604651a5a62662f4adce348a89e4bb4,validated_only,A_pipeline_validation_batch,0,eligible_pending_modeling_qa,sage-event-path-db-v1
F1023_V70_D0120_P1__G27__ch8__nav_sage_v2__ingestion_20260825_event_path_v1,F1023_V70_D0120_P1__G27__ch8__nav_sage_v2,F1023_V70_D0120_P1,standard_scene,G27,G,27,8,GPS_L1_CA,10230000,external_storage_or_scene_local,E:\AAGNSSSDR_input\raw_data\F1023_V70_D0120_P1.bin,E:\GNSS_Multipath_Project\scenes\F1023_V70_D0120_P1\gnss_sdr\tracking\F1023_V70_D0120_P1_track_ch_8.mat,E:\GNSS_Multipath_Project\scenes\F1023_V70_D0120_P1\gnss_sdr\telemetry\F1023_V70_D0120_P1_telemetry_ch_8.dat,E:\GNSS_Multipath_Project\scenes\F1023_V70_D0120_P1\navigation\rinex_nav\RINEXFILE.26N,E:\GNSS_Multipath_Project\scenes\F1023_V70_D0120_P1\trajectory\F1023_V70_D0120_P1_trajectory.nmea,"[""E:\\GNSS_Multipath_Project\\scenes\\F1023_V70_D0120_P1\\satellite\\F1023_V70_D0120_P1_satellite_elevation_summary.csv"", ""E:\\GNSS_Multipath_Project\\scenes\\F1023_V70_D0120_P1\\satellite\\F1023_V70_D0120_P1_satellite_elevation_timeseries.csv""]",nav_sage_pipeline,,nav_sage_v2,1,not_recorded,,bffc123c97af77f0a797f417d3866e9a34feab7729c5c1575352f53bc3571b9c,2026-08-21T11:41:36Z,scenes/F1023_V70_D0120_P1/sage_results/nav_sage_v2/G27,f9f0d8f06ae517dd00523c7d8f85ac393a5c1845f5e218fa9973bbf3359d36ed,sage-event-path-db-v1/ingest-v1,complete,complete,complete,complete,complete,complete,2611,2609,2609,110,66,43,1,0,44,1,3,3,0,0,pass,0,windows_unattended_F1023_V70_D0120_P1__G27_20260819T004818Z_014,5be7ecdfe2b0316e789ccf72d59030ee8b10089e7d6e1ffbf833b016b0d5ad4f,E:\GNSS_Multipath_Project\docs\10MHz_FULL_SAGE_UNATTENDED_BATCH_20260819_QA_REPORT.md,E:\GNSS_Multipath_Project\dataset_generation_logs\batch_sage_execution\batch_sage_execution_20260821T114126Z\batch_execution_log.csv,77c20c0ed6c84fa0348db429948a8bd4900b2e8d86a6d8843b159b9a7a35cf00,af368feba90797584d7690d4927ed32de604651a5a62662f4adce348a89e4bb4,validated_only,A_pipeline_validation_batch,0,eligible_pending_modeling_qa,sage-event-path-db-v1
F1023_V70_D0120_P1__G29__ch5__nav_sage_v2__ingestion_20260825_event_path_v1,F1023_V70_D0120_P1__G29__ch5__nav_sage_v2,F1023_V70_D0120_P1,standard_scene,G29,G,29,5,GPS_L1_CA,10230000,external_storage_or_scene_local,E:\AAGNSSSDR_input\raw_data\F1023_V70_D0120_P1.bin,E:\GNSS_Multipath_Project\scenes\F1023_V70_D0120_P1\gnss_sdr\tracking\F1023_V70_D0120_P1_track_ch_5.mat,E:\GNSS_Multipath_Project\scenes\F1023_V70_D0120_P1\gnss_sdr\telemetry\F1023_V70_D0120_P1_telemetry_ch_5.dat,E:\GNSS_Multipath_Project\scenes\F1023_V70_D0120_P1\navigation\rinex_nav\RINEXFILE.26N,E:\GNSS_Multipath_Project\scenes\F1023_V70_D0120_P1\trajectory\F1023_V70_D0120_P1_trajectory.nmea,"[""E:\\GNSS_Multipath_Project\\scenes\\F1023_V70_D0120_P1\\satellite\\F1023_V70_D0120_P1_satellite_elevation_summary.csv"", ""E:\\GNSS_Multipath_Project\\scenes\\F1023_V70_D0120_P1\\satellite\\F1023_V70_D0120_P1_satellite_elevation_timeseries.csv""]",nav_sage_pipeline,,nav_sage_v2,1,not_recorded,,bffc123c97af77f0a797f417d3866e9a34feab7729c5c1575352f53bc3571b9c,2026-08-21T13:50:44Z,scenes/F1023_V70_D0120_P1/sage_results/nav_sage_v2/G29,3edf6625b4666fd36758c3cba74afaec2cc20e67cfdeb3e545d726874c972328,sage-event-path-db-v1/ingest-v1,complete,complete,complete,complete,complete,complete,2611,2609,2609,104,44,47,12,1,60,13,8,8,3,3,pass,0,windows_unattended_F1023_V70_D0120_P1__G29_20260819T004818Z_015,adcd42fb8e6340552f662b46f40f1704ad858516abe11383a5381d2f4f4a1c72,E:\GNSS_Multipath_Project\docs\10MHz_FULL_SAGE_UNATTENDED_BATCH_20260819_QA_REPORT.md,E:\GNSS_Multipath_Project\dataset_generation_logs\batch_sage_execution\batch_sage_execution_20260821T135032Z\batch_execution_log.csv,77c20c0ed6c84fa0348db429948a8bd4900b2e8d86a6d8843b159b9a7a35cf00,af368feba90797584d7690d4927ed32de604651a5a62662f4adce348a89e4bb4,validated_only,A_pipeline_validation_batch,0,eligible_pending_modeling_qa,sage-event-path-db-v1
F1023_V70_D0120_P1__G31__ch9__nav_sage_v2__ingestion_20260825_event_path_v1,F1023_V70_D0120_P1__G31__ch9__nav_sage_v2,F1023_V70_D0120_P1,standard_scene,G31,G,31,9,GPS_L1_CA,10230000,external_storage_or_scene_local,E:\AAGNSSSDR_input\raw_data\F1023_V70_D0120_P1.bin,E:\GNSS_Multipath_Project\scenes\F1023_V70_D0120_P1\gnss_sdr\tracking\F1023_V70_D0120_P1_track_ch_9.mat,E:\GNSS_Multipath_Project\scenes\F1023_V70_D0120_P1\gnss_sdr\telemetry\F1023_V70_D0120_P1_telemetry_ch_9.dat,E:\GNSS_Multipath_Project\scenes\F1023_V70_D0120_P1\navigation\rinex_nav\RINEXFILE.26N,E:\GNSS_Multipath_Project\scenes\F1023_V70_D0120_P1\trajectory\F1023_V70_D0120_P1_trajectory.nmea,"[""E:\\GNSS_Multipath_Project\\scenes\\F1023_V70_D0120_P1\\satellite\\F1023_V70_D0120_P1_satellite_elevation_summary.csv"", ""E:\\GNSS_Multipath_Project\\scenes\\F1023_V70_D0120_P1\\satellite\\F1023_V70_D0120_P1_satellite_elevation_timeseries.csv""]",nav_sage_pipeline,,nav_sage_v2,1,not_recorded,,bffc123c97af77f0a797f417d3866e9a34feab7729c5c1575352f53bc3571b9c,2026-08-21T16:05:00Z,scenes/F1023_V70_D0120_P1/sage_results/nav_sage_v2/G31,e7e12b0b9d077936c97ecd5029d0bbee8fb331639ca34609ba55d1be919f07ce,sage-event-path-db-v1/ingest-v1,complete,complete,complete,complete,complete,complete,1111,1109,1109,111,37,42,18,14,74,32,16,8,4,4,pass,0,windows_unattended_F1023_V70_D0120_P1__G31_20260819T004818Z_016,34c8378ffb60226d3ac5789bb8eb8635a6b3797d14882a0381bcdbce7490dfb9,E:\GNSS_Multipath_Project\docs\10MHz_FULL_SAGE_UNATTENDED_BATCH_20260819_QA_REPORT.md,E:\GNSS_Multipath_Project\dataset_generation_logs\batch_sage_execution\batch_sage_execution_20260821T160449Z\batch_execution_log.csv,77c20c0ed6c84fa0348db429948a8bd4900b2e8d86a6d8843b159b9a7a35cf00,af368feba90797584d7690d4927ed32de604651a5a62662f4adce348a89e4bb4,validated_only,A_pipeline_validation_batch,0,eligible_pending_modeling_qa,sage-event-path-db-v1
F1023_V70_D0120_P5__G18__ch2__nav_sage_v2__ingestion_20260825_event_path_v1,F1023_V70_D0120_P5__G18__ch2__nav_sage_v2,F1023_V70_D0120_P5,standard_scene,G18,G,18,2,GPS_L1_CA,10230000,external_storage_or_scene_local,E:\AAGNSSSDR_input\raw_data\F1023_V70_D0120_P5.bin,E:\GNSS_Multipath_Project\scenes\F1023_V70_D0120_P5\gnss_sdr\tracking\F1023_V70_D0120_P5_track_ch_2.mat,E:\GNSS_Multipath_Project\scenes\F1023_V70_D0120_P5\gnss_sdr\telemetry\F1023_V70_D0120_P5_telemetry_ch_2.dat,E:\GNSS_Multipath_Project\scenes\F1023_V70_D0120_P5\navigation\rinex_nav\RINEXFILE.26N,E:\GNSS_Multipath_Project\scenes\F1023_V70_D0120_P5\trajectory\F1023_V70_D0120_P5_trajectory.nmea,"[""E:\\GNSS_Multipath_Project\\scenes\\F1023_V70_D0120_P5\\satellite\\F1023_V70_D0120_P5_satellite_elevation_summary.csv"", ""E:\\GNSS_Multipath_Project\\scenes\\F1023_V70_D0120_P5\\satellite\\F1023_V70_D0120_P5_satellite_elevation_timeseries.csv""]",nav_sage_pipeline,,nav_sage_v2,1,not_recorded,,bffc123c97af77f0a797f417d3866e9a34feab7729c5c1575352f53bc3571b9c,2026-08-21T17:41:25Z,scenes/F1023_V70_D0120_P5/sage_results/nav_sage_v2/G18,c4fce7f23678f158eea138b565e611ea47d1957ff34ba196ca071ce47344113b,sage-event-path-db-v1/ingest-v1,complete,complete,complete,complete,complete,complete,1211,1209,1209,115,34,7,6,68,81,74,4,4,1,1,pass,0,windows_unattended_F1023_V70_D0120_P5__G18_20260819T004818Z_017,78a4a72174a960e7425384313d250c59e64a4560cec7c07f9f0ab74ba1a840d1,E:\GNSS_Multipath_Project\docs\10MHz_FULL_SAGE_UNATTENDED_BATCH_20260819_QA_REPORT.md,E:\GNSS_Multipath_Project\dataset_generation_logs\batch_sage_execution\batch_sage_execution_20260821T174112Z\batch_execution_log.csv,77c20c0ed6c84fa0348db429948a8bd4900b2e8d86a6d8843b159b9a7a35cf00,af368feba90797584d7690d4927ed32de604651a5a62662f4adce348a89e4bb4,validated_only,A_pipeline_validation_batch,0,eligible_pending_modeling_qa,sage-event-path-db-v1
F1023_V70_D0120_P5__G23__ch0__nav_sage_v2__ingestion_20260825_event_path_v1,F1023_V70_D0120_P5__G23__ch0__nav_sage_v2,F1023_V70_D0120_P5,standard_scene,G23,G,23,0,GPS_L1_CA,10230000,external_storage_or_scene_local,E:\AAGNSSSDR_input\raw_data\F1023_V70_D0120_P5.bin,E:\GNSS_Multipath_Project\scenes\F1023_V70_D0120_P5\gnss_sdr\tracking\F1023_V70_D0120_P5_track_ch_0.mat,E:\GNSS_Multipath_Project\scenes\F1023_V70_D0120_P5\gnss_sdr\telemetry\F1023_V70_D0120_P5_telemetry_ch_0.dat,E:\GNSS_Multipath_Project\scenes\F1023_V70_D0120_P5\navigation\rinex_nav\RINEXFILE.26N,E:\GNSS_Multipath_Project\scenes\F1023_V70_D0120_P5\trajectory\F1023_V70_D0120_P5_trajectory.nmea,"[""E:\\GNSS_Multipath_Project\\scenes\\F1023_V70_D0120_P5\\satellite\\F1023_V70_D0120_P5_satellite_elevation_summary.csv"", ""E:\\GNSS_Multipath_Project\\scenes\\F1023_V70_D0120_P5\\satellite\\F1023_V70_D0120_P5_satellite_elevation_timeseries.csv""]",nav_sage_pipeline,,nav_sage_v2,1,not_recorded,,bffc123c97af77f0a797f417d3866e9a34feab7729c5c1575352f53bc3571b9c,2026-08-21T19:27:07Z,scenes/F1023_V70_D0120_P5/sage_results/nav_sage_v2/G23,cf1c8a324c8690becdd85a62a4d75ab7f9ee7713bc610fe32638abaf71d55665,sage-event-path-db-v1/ingest-v1,complete,complete,complete,complete,complete,complete,345,339,339,89,63,18,8,0,26,8,10,8,0,0,pass,0,windows_unattended_F1023_V70_D0120_P5__G23_20260819T004818Z_018,0c0e88abf7e3ceefe72f0624aee146148d90e4c511d825d46693a90985c04ed3,E:\GNSS_Multipath_Project\docs\10MHz_FULL_SAGE_UNATTENDED_BATCH_20260819_QA_REPORT.md,E:\GNSS_Multipath_Project\dataset_generation_logs\batch_sage_execution\batch_sage_execution_20260821T192656Z\batch_execution_log.csv,77c20c0ed6c84fa0348db429948a8bd4900b2e8d86a6d8843b159b9a7a35cf00,af368feba90797584d7690d4927ed32de604651a5a62662f4adce348a89e4bb4,validated_only,A_pipeline_validation_batch,0,eligible_pending_modeling_qa,sage-event-path-db-v1
F1023_V70_D0120_P5__G26__ch7__nav_sage_v2__ingestion_20260825_event_path_v1,F1023_V70_D0120_P5__G26__ch7__nav_sage_v2,F1023_V70_D0120_P5,standard_scene,G26,G,26,7,GPS_L1_CA,10230000,external_storage_or_scene_local,E:\AAGNSSSDR_input\raw_data\F1023_V70_D0120_P5.bin,E:\GNSS_Multipath_Project\scenes\F1023_V70_D0120_P5\gnss_sdr\tracking\F1023_V70_D0120_P5_track_ch_7.mat,E:\GNSS_Multipath_Project\scenes\F1023_V70_D0120_P5\gnss_sdr\telemetry\F1023_V70_D0120_P5_telemetry_ch_7.dat,E:\GNSS_Multipath_Project\scenes\F1023_V70_D0120_P5\navigation\rinex_nav\RINEXFILE.26N,E:\GNSS_Multipath_Project\scenes\F1023_V70_D0120_P5\trajectory\F1023_V70_D0120_P5_trajectory.nmea,"[""E:\\GNSS_Multipath_Project\\scenes\\F1023_V70_D0120_P5\\satellite\\F1023_V70_D0120_P5_satellite_elevation_summary.csv"", ""E:\\GNSS_Multipath_Project\\scenes\\F1023_V70_D0120_P5\\satellite\\F1023_V70_D0120_P5_satellite_elevation_timeseries.csv""]",nav_sage_pipeline,,nav_sage_v2,1,not_recorded,,bffc123c97af77f0a797f417d3866e9a34feab7729c5c1575352f53bc3571b9c,2026-08-21T20:39:57Z,scenes/F1023_V70_D0120_P5/sage_results/nav_sage_v2/G26,7d8b022cd4d8001d604b063289673fe5181f6368f7d200ec5d91e58663f190f6,sage-event-path-db-v1/ingest-v1,complete,complete,complete,complete,complete,complete,1211,1209,1209,109,39,6,0,64,70,64,13,8,2,2,pass,0,windows_unattended_F1023_V70_D0120_P5__G26_20260819T004818Z_019,44d5f26101418973ada790fca0cab93fdecd5be23b5a2ad554d242a226ad8d38,E:\GNSS_Multipath_Project\docs\10MHz_FULL_SAGE_UNATTENDED_BATCH_20260819_QA_REPORT.md,E:\GNSS_Multipath_Project\dataset_generation_logs\batch_sage_execution\batch_sage_execution_20260821T203941Z\batch_execution_log.csv,77c20c0ed6c84fa0348db429948a8bd4900b2e8d86a6d8843b159b9a7a35cf00,af368feba90797584d7690d4927ed32de604651a5a62662f4adce348a89e4bb4,validated_only,A_pipeline_validation_batch,0,eligible_pending_modeling_qa,sage-event-path-db-v1
F1023_V70_D0120_P5__G27__ch10__nav_sage_v2__ingestion_20260825_event_path_v1,F1023_V70_D0120_P5__G27__ch10__nav_sage_v2,F1023_V70_D0120_P5,standard_scene,G27,G,27,10,GPS_L1_CA,10230000,external_storage_or_scene_local,E:\AAGNSSSDR_input\raw_data\F1023_V70_D0120_P5.bin,E:\GNSS_Multipath_Project\scenes\F1023_V70_D0120_P5\gnss_sdr\tracking\F1023_V70_D0120_P5_track_ch_10.mat,E:\GNSS_Multipath_Project\scenes\F1023_V70_D0120_P5\gnss_sdr\telemetry\F1023_V70_D0120_P5_telemetry_ch_10.dat,E:\GNSS_Multipath_Project\scenes\F1023_V70_D0120_P5\navigation\rinex_nav\RINEXFILE.26N,E:\GNSS_Multipath_Project\scenes\F1023_V70_D0120_P5\trajectory\F1023_V70_D0120_P5_trajectory.nmea,"[""E:\\GNSS_Multipath_Project\\scenes\\F1023_V70_D0120_P5\\satellite\\F1023_V70_D0120_P5_satellite_elevation_summary.csv"", ""E:\\GNSS_Multipath_Project\\scenes\\F1023_V70_D0120_P5\\satellite\\F1023_V70_D0120_P5_satellite_elevation_timeseries.csv""]",nav_sage_pipeline,,nav_sage_v2,1,not_recorded,,bffc123c97af77f0a797f417d3866e9a34feab7729c5c1575352f53bc3571b9c,2026-08-21T22:21:42Z,scenes/F1023_V70_D0120_P5/sage_results/nav_sage_v2/G27,a8bc04fbb23ab823cb8af250c4b19dc9bcad42ff77f5e702ed3a335541ab9d23,sage-event-path-db-v1/ingest-v1,complete,complete,complete,complete,empty_valid,empty_valid,281,276,276,52,22,15,9,6,30,15,0,0,0,0,pass,0,windows_unattended_F1023_V70_D0120_P5__G27_20260819T004818Z_020,f77afb9b9c0fdb2fd61072f18744d72fedec7d54db3ee04e1df311c36abc10b0,E:\GNSS_Multipath_Project\docs\10MHz_FULL_SAGE_UNATTENDED_BATCH_20260819_QA_REPORT.md,E:\GNSS_Multipath_Project\dataset_generation_logs\batch_sage_execution\batch_sage_execution_20260821T222131Z\batch_execution_log.csv,77c20c0ed6c84fa0348db429948a8bd4900b2e8d86a6d8843b159b9a7a35cf00,af368feba90797584d7690d4927ed32de604651a5a62662f4adce348a89e4bb4,validated_only,A_pipeline_validation_batch,0,eligible_pending_modeling_qa,sage-event-path-db-v1
F1023_V70_D0120_P7__G18__ch4__nav_sage_v2__ingestion_20260825_event_path_v1,F1023_V70_D0120_P7__G18__ch4__nav_sage_v2,F1023_V70_D0120_P7,standard_scene,G18,G,18,4,GPS_L1_CA,10230000,external_storage_or_scene_local,E:\AAGNSSSDR_input\raw_data\F1023_V70_D0120_P7.bin,E:\GNSS_Multipath_Project\scenes\F1023_V70_D0120_P7\gnss_sdr\tracking\F1023_V70_D0120_P7_track_ch_4.mat,E:\GNSS_Multipath_Project\scenes\F1023_V70_D0120_P7\gnss_sdr\telemetry\F1023_V70_D0120_P7_telemetry_ch_4.dat,E:\GNSS_Multipath_Project\scenes\F1023_V70_D0120_P7\navigation\rinex_nav\RINEXFILE.26N,E:\GNSS_Multipath_Project\scenes\F1023_V70_D0120_P7\trajectory\F1023_V70_D0120_P7_trajectory.nmea,"[""E:\\GNSS_Multipath_Project\\scenes\\F1023_V70_D0120_P7\\satellite\\F1023_V70_D0120_P7_satellite_elevation_summary.csv"", ""E:\\GNSS_Multipath_Project\\scenes\\F1023_V70_D0120_P7\\satellite\\F1023_V70_D0120_P7_satellite_elevation_timeseries.csv""]",nav_sage_pipeline,,nav_sage_v2,1,not_recorded,,bffc123c97af77f0a797f417d3866e9a34feab7729c5c1575352f53bc3571b9c,2026-08-21T22:54:23Z,scenes/F1023_V70_D0120_P7/sage_results/nav_sage_v2/G18,ddaa33f360d8d448036517e29090e340555206a42caa5422daf1d6f962b0d27e,sage-event-path-db-v1/ingest-v1,complete,complete,complete,complete,complete,complete,2231,2229,2229,119,32,21,34,32,87,66,7,7,2,2,pass,0,windows_unattended_F1023_V70_D0120_P7__G18_20260819T004818Z_021,7880cfb91ff5ca0d08a64d78fbf3e3232523247422d9be3e8f8be987be822323,E:\GNSS_Multipath_Project\docs\10MHz_FULL_SAGE_UNATTENDED_BATCH_20260819_QA_REPORT.md,E:\GNSS_Multipath_Project\dataset_generation_logs\batch_sage_execution\batch_sage_execution_20260821T225411Z\batch_execution_log.csv,77c20c0ed6c84fa0348db429948a8bd4900b2e8d86a6d8843b159b9a7a35cf00,af368feba90797584d7690d4927ed32de604651a5a62662f4adce348a89e4bb4,formal_accepted_production,B_main_production_batch,0,eligible_pending_modeling_qa,sage-event-path-db-v1
F1023_V70_D0120_P7__G26__ch6__nav_sage_v2__ingestion_20260825_event_path_v1,F1023_V70_D0120_P7__G26__ch6__nav_sage_v2,F1023_V70_D0120_P7,standard_scene,G26,G,26,6,GPS_L1_CA,10230000,external_storage_or_scene_local,E:\AAGNSSSDR_input\raw_data\F1023_V70_D0120_P7.bin,E:\GNSS_Multipath_Project\scenes\F1023_V70_D0120_P7\gnss_sdr\tracking\F1023_V70_D0120_P7_track_ch_6.mat,E:\GNSS_Multipath_Project\scenes\F1023_V70_D0120_P7\gnss_sdr\telemetry\F1023_V70_D0120_P7_telemetry_ch_6.dat,E:\GNSS_Multipath_Project\scenes\F1023_V70_D0120_P7\navigation\rinex_nav\RINEXFILE.26N,E:\GNSS_Multipath_Project\scenes\F1023_V70_D0120_P7\trajectory\F1023_V70_D0120_P7_trajectory.nmea,"[""E:\\GNSS_Multipath_Project\\scenes\\F1023_V70_D0120_P7\\satellite\\F1023_V70_D0120_P7_satellite_elevation_summary.csv"", ""E:\\GNSS_Multipath_Project\\scenes\\F1023_V70_D0120_P7\\satellite\\F1023_V70_D0120_P7_satellite_elevation_timeseries.csv""]",nav_sage_pipeline,,nav_sage_v2,1,not_recorded,,bffc123c97af77f0a797f417d3866e9a34feab7729c5c1575352f53bc3571b9c,2026-08-22T00:59:32Z,scenes/F1023_V70_D0120_P7/sage_results/nav_sage_v2/G26,e1554d501c1707eda155dea515bd5bb2f9c42e47ca3833fc636414de4e8cbfe3,sage-event-path-db-v1/ingest-v1,complete,complete,complete,complete,complete,complete,2231,2229,2229,113,29,18,19,47,84,66,6,6,0,0,pass,0,windows_unattended_F1023_V70_D0120_P7__G26_20260819T004818Z_022,0618ce582e39cd5676ac0e453d1159001b3320196e0a59cde2b03963214b55d0,E:\GNSS_Multipath_Project\docs\10MHz_FULL_SAGE_UNATTENDED_BATCH_20260819_QA_REPORT.md,E:\GNSS_Multipath_Project\dataset_generation_logs\batch_sage_execution\batch_sage_execution_20260822T005920Z\batch_execution_log.csv,77c20c0ed6c84fa0348db429948a8bd4900b2e8d86a6d8843b159b9a7a35cf00,af368feba90797584d7690d4927ed32de604651a5a62662f4adce348a89e4bb4,formal_accepted_production,B_main_production_batch,0,eligible_pending_modeling_qa,sage-event-path-db-v1
F1023_V70_D0120_P7__G31__ch8__nav_sage_v2__ingestion_20260825_event_path_v1,F1023_V70_D0120_P7__G31__ch8__nav_sage_v2,F1023_V70_D0120_P7,standard_scene,G31,G,31,8,GPS_L1_CA,10230000,external_storage_or_scene_local,E:\AAGNSSSDR_input\raw_data\F1023_V70_D0120_P7.bin,E:\GNSS_Multipath_Project\scenes\F1023_V70_D0120_P7\gnss_sdr\tracking\F1023_V70_D0120_P7_track_ch_8.mat,E:\GNSS_Multipath_Project\scenes\F1023_V70_D0120_P7\gnss_sdr\telemetry\F1023_V70_D0120_P7_telemetry_ch_8.dat,E:\GNSS_Multipath_Project\scenes\F1023_V70_D0120_P7\navigation\rinex_nav\RINEXFILE.26N,E:\GNSS_Multipath_Project\scenes\F1023_V70_D0120_P7\trajectory\F1023_V70_D0120_P7_trajectory.nmea,"[""E:\\GNSS_Multipath_Project\\scenes\\F1023_V70_D0120_P7\\satellite\\F1023_V70_D0120_P7_satellite_elevation_summary.csv"", ""E:\\GNSS_Multipath_Project\\scenes\\F1023_V70_D0120_P7\\satellite\\F1023_V70_D0120_P7_satellite_elevation_timeseries.csv""]",nav_sage_pipeline,,nav_sage_v2,1,not_recorded,,bffc123c97af77f0a797f417d3866e9a34feab7729c5c1575352f53bc3571b9c,2026-08-22T03:02:31Z,scenes/F1023_V70_D0120_P7/sage_results/nav_sage_v2/G31,5158c4d35befeaf512f35f888e6fa457dc0de343a3f9e6705ae89f4d95750f81,sage-event-path-db-v1/ingest-v1,complete,complete,complete,complete,complete,complete,2231,2229,2229,103,22,28,29,24,81,53,14,8,5,5,pass,0,windows_unattended_F1023_V70_D0120_P7__G31_20260819T004818Z_023,997653df9e456064307a4faca6b97b2a4af1e389867c24de715b487f122ba9c4,E:\GNSS_Multipath_Project\docs\10MHz_FULL_SAGE_UNATTENDED_BATCH_20260819_QA_REPORT.md,E:\GNSS_Multipath_Project\dataset_generation_logs\batch_sage_execution\batch_sage_execution_20260822T030219Z\batch_execution_log.csv,77c20c0ed6c84fa0348db429948a8bd4900b2e8d86a6d8843b159b9a7a35cf00,af368feba90797584d7690d4927ed32de604651a5a62662f4adce348a89e4bb4,formal_accepted_production,B_main_production_batch,0,eligible_pending_modeling_qa,sage-event-path-db-v1
F1023_V70_D0120_P8__G16__ch4__nav_sage_v2__ingestion_20260825_event_path_v1,F1023_V70_D0120_P8__G16__ch4__nav_sage_v2,F1023_V70_D0120_P8,standard_scene,G16,G,16,4,GPS_L1_CA,10230000,external_storage_or_scene_local,E:\AAGNSSSDR_input\raw_data\F1023_V70_D0120_P8.bin,E:\GNSS_Multipath_Project\scenes\F1023_V70_D0120_P8\gnss_sdr\tracking\F1023_V70_D0120_P8_track_ch_4.mat,E:\GNSS_Multipath_Project\scenes\F1023_V70_D0120_P8\gnss_sdr\telemetry\F1023_V70_D0120_P8_telemetry_ch_4.dat,E:\GNSS_Multipath_Project\scenes\F1023_V70_D0120_P8\navigation\rinex_nav\RINEXFILE.26N,E:\GNSS_Multipath_Project\scenes\F1023_V70_D0120_P8\trajectory\F1023_V70_D0120_P8_trajectory.nmea,"[""E:\\GNSS_Multipath_Project\\scenes\\F1023_V70_D0120_P8\\satellite\\F1023_V70_D0120_P8_satellite_elevation_summary.csv"", ""E:\\GNSS_Multipath_Project\\scenes\\F1023_V70_D0120_P8\\satellite\\F1023_V70_D0120_P8_satellite_elevation_timeseries.csv""]",nav_sage_pipeline,,nav_sage_v2,1,not_recorded,,bffc123c97af77f0a797f417d3866e9a34feab7729c5c1575352f53bc3571b9c,2026-08-22T05:09:31Z,scenes/F1023_V70_D0120_P8/sage_results/nav_sage_v2/G16,b52f74b000b70104e7707c17e84d374930320e1d437bb3d4241e9f1a1ab431a6,sage-event-path-db-v1/ingest-v1,complete,complete,complete,complete,complete,complete,737,735,735,110,50,56,4,0,60,4,29,8,0,0,pass,0,windows_unattended_F1023_V70_D0120_P8__G16_20260819T004818Z_024,d4f3d6813937880e974443ac0c93cc414a1d62531a5fde415acfaf8399cbdcab,E:\GNSS_Multipath_Project\docs\10MHz_FULL_SAGE_UNATTENDED_BATCH_20260819_QA_REPORT.md,E:\GNSS_Multipath_Project\dataset_generation_logs\batch_sage_execution\batch_sage_execution_20260822T050920Z\batch_execution_log.csv,77c20c0ed6c84fa0348db429948a8bd4900b2e8d86a6d8843b159b9a7a35cf00,af368feba90797584d7690d4927ed32de604651a5a62662f4adce348a89e4bb4,validated_only,A_pipeline_validation_batch,0,eligible_pending_modeling_qa,sage-event-path-db-v1
F1023_V70_D0120_P8__G18__ch9__nav_sage_v2__ingestion_20260825_event_path_v1,F1023_V70_D0120_P8__G18__ch9__nav_sage_v2,F1023_V70_D0120_P8,standard_scene,G18,G,18,9,GPS_L1_CA,10230000,external_storage_or_scene_local,E:\AAGNSSSDR_input\raw_data\F1023_V70_D0120_P8.bin,E:\GNSS_Multipath_Project\scenes\F1023_V70_D0120_P8\gnss_sdr\tracking\F1023_V70_D0120_P8_track_ch_9.mat,E:\GNSS_Multipath_Project\scenes\F1023_V70_D0120_P8\gnss_sdr\telemetry\F1023_V70_D0120_P8_telemetry_ch_9.dat,E:\GNSS_Multipath_Project\scenes\F1023_V70_D0120_P8\navigation\rinex_nav\RINEXFILE.26N,E:\GNSS_Multipath_Project\scenes\F1023_V70_D0120_P8\trajectory\F1023_V70_D0120_P8_trajectory.nmea,"[""E:\\GNSS_Multipath_Project\\scenes\\F1023_V70_D0120_P8\\satellite\\F1023_V70_D0120_P8_satellite_elevation_summary.csv"", ""E:\\GNSS_Multipath_Project\\scenes\\F1023_V70_D0120_P8\\satellite\\F1023_V70_D0120_P8_satellite_elevation_timeseries.csv""]",nav_sage_pipeline,,nav_sage_v2,1,not_recorded,,bffc123c97af77f0a797f417d3866e9a34feab7729c5c1575352f53bc3571b9c,2026-08-22T06:39:12Z,scenes/F1023_V70_D0120_P8/sage_results/nav_sage_v2/G18,1988092b41566ec9d4369a6fba967aee00b2a8a243fcfe769ea5f8c652348997,sage-event-path-db-v1/ingest-v1,complete,complete,complete,complete,complete,complete,1037,1035,1035,115,43,16,38,18,72,56,8,8,1,1,pass,0,windows_unattended_F1023_V70_D0120_P8__G18_20260819T004818Z_025,217de81b53c4ca653ecc2c548f8e5b67621741e1d8b7df04365b05e43859fcd9,E:\GNSS_Multipath_Project\docs\10MHz_FULL_SAGE_UNATTENDED_BATCH_20260819_QA_REPORT.md,E:\GNSS_Multipath_Project\dataset_generation_logs\batch_sage_execution\batch_sage_execution_20260822T063900Z\batch_execution_log.csv,77c20c0ed6c84fa0348db429948a8bd4900b2e8d86a6d8843b159b9a7a35cf00,af368feba90797584d7690d4927ed32de604651a5a62662f4adce348a89e4bb4,validated_only,A_pipeline_validation_batch,0,eligible_pending_modeling_qa,sage-event-path-db-v1
F1023_V70_D0120_P8__G23__ch11__nav_sage_v2__ingestion_20260825_event_path_v1,F1023_V70_D0120_P8__G23__ch11__nav_sage_v2,F1023_V70_D0120_P8,standard_scene,G23,G,23,11,GPS_L1_CA,10230000,external_storage_or_scene_local,E:\AAGNSSSDR_input\raw_data\F1023_V70_D0120_P8.bin,E:\GNSS_Multipath_Project\scenes\F1023_V70_D0120_P8\gnss_sdr\tracking\F1023_V70_D0120_P8_track_ch_11.mat,E:\GNSS_Multipath_Project\scenes\F1023_V70_D0120_P8\gnss_sdr\telemetry\F1023_V70_D0120_P8_telemetry_ch_11.dat,E:\GNSS_Multipath_Project\scenes\F1023_V70_D0120_P8\navigation\rinex_nav\RINEXFILE.26N,E:\GNSS_Multipath_Project\scenes\F1023_V70_D0120_P8\trajectory\F1023_V70_D0120_P8_trajectory.nmea,"[""E:\\GNSS_Multipath_Project\\scenes\\F1023_V70_D0120_P8\\satellite\\F1023_V70_D0120_P8_satellite_elevation_summary.csv"", ""E:\\GNSS_Multipath_Project\\scenes\\F1023_V70_D0120_P8\\satellite\\F1023_V70_D0120_P8_satellite_elevation_timeseries.csv""]",nav_sage_pipeline,,nav_sage_v2,1,not_recorded,,bffc123c97af77f0a797f417d3866e9a34feab7729c5c1575352f53bc3571b9c,2026-08-22T08:22:03Z,scenes/F1023_V70_D0120_P8/sage_results/nav_sage_v2/G23,4e17e782a47bce42a82252291bc42b95c8cf5d623c411c1f60e3ae9aff14bc1b,sage-event-path-db-v1/ingest-v1,complete,complete,complete,complete,complete,complete,737,735,735,113,64,46,3,0,49,3,5,5,0,0,pass,0,windows_unattended_F1023_V70_D0120_P8__G23_20260819T004818Z_026,9c1f2892b33c2f96bb8ead904cbca64ae51deb8aeed780470ef2dfde0630f0a0,E:\GNSS_Multipath_Project\docs\10MHz_FULL_SAGE_UNATTENDED_BATCH_20260819_QA_REPORT.md,E:\GNSS_Multipath_Project\dataset_generation_logs\batch_sage_execution\batch_sage_execution_20260822T082150Z\batch_execution_log.csv,77c20c0ed6c84fa0348db429948a8bd4900b2e8d86a6d8843b159b9a7a35cf00,af368feba90797584d7690d4927ed32de604651a5a62662f4adce348a89e4bb4,validated_only,A_pipeline_validation_batch,0,eligible_pending_modeling_qa,sage-event-path-db-v1
F1023_V70_D0120_P8__G26__ch3__nav_sage_v2__ingestion_20260825_event_path_v1,F1023_V70_D0120_P8__G26__ch3__nav_sage_v2,F1023_V70_D0120_P8,standard_scene,G26,G,26,3,GPS_L1_CA,10230000,external_storage_or_scene_local,E:\AAGNSSSDR_input\raw_data\F1023_V70_D0120_P8.bin,E:\GNSS_Multipath_Project\scenes\F1023_V70_D0120_P8\gnss_sdr\tracking\F1023_V70_D0120_P8_track_ch_3.mat,E:\GNSS_Multipath_Project\scenes\F1023_V70_D0120_P8\gnss_sdr\telemetry\F1023_V70_D0120_P8_telemetry_ch_3.dat,E:\GNSS_Multipath_Project\scenes\F1023_V70_D0120_P8\navigation\rinex_nav\RINEXFILE.26N,E:\GNSS_Multipath_Project\scenes\F1023_V70_D0120_P8\trajectory\F1023_V70_D0120_P8_trajectory.nmea,"[""E:\\GNSS_Multipath_Project\\scenes\\F1023_V70_D0120_P8\\satellite\\F1023_V70_D0120_P8_satellite_elevation_summary.csv"", ""E:\\GNSS_Multipath_Project\\scenes\\F1023_V70_D0120_P8\\satellite\\F1023_V70_D0120_P8_satellite_elevation_timeseries.csv""]",nav_sage_pipeline,,nav_sage_v2,1,not_recorded,,bffc123c97af77f0a797f417d3866e9a34feab7729c5c1575352f53bc3571b9c,2026-08-22T09:46:34Z,scenes/F1023_V70_D0120_P8/sage_results/nav_sage_v2/G26,0126115db19f80e50c9f6348664909582f1eb91f880f5b3cd4d61543aa89d2e6,sage-event-path-db-v1/ingest-v1,complete,complete,complete,complete,complete,complete,1037,1035,1035,109,37,10,16,46,72,62,9,8,1,1,pass,0,windows_unattended_F1023_V70_D0120_P8__G26_20260819T004818Z_027,32d2618bbb44f814f9e1b821c82dee10c4543fba6a72c9f7dbb0291f7efd33c0,E:\GNSS_Multipath_Project\docs\10MHz_FULL_SAGE_UNATTENDED_BATCH_20260819_QA_REPORT.md,E:\GNSS_Multipath_Project\dataset_generation_logs\batch_sage_execution\batch_sage_execution_20260822T094622Z\batch_execution_log.csv,77c20c0ed6c84fa0348db429948a8bd4900b2e8d86a6d8843b159b9a7a35cf00,af368feba90797584d7690d4927ed32de604651a5a62662f4adce348a89e4bb4,validated_only,A_pipeline_validation_batch,0,eligible_pending_modeling_qa,sage-event-path-db-v1
F1023_V70_D0120_P9__G16__ch9__nav_sage_v2__ingestion_20260825_event_path_v1,F1023_V70_D0120_P9__G16__ch9__nav_sage_v2,F1023_V70_D0120_P9,standard_scene,G16,G,16,9,GPS_L1_CA,10230000,external_storage_or_scene_local,E:\AAGNSSSDR_input\raw_data\F1023_V70_D0120_P9.bin,E:\GNSS_Multipath_Project\scenes\F1023_V70_D0120_P9\gnss_sdr\tracking\F1023_V70_D0120_P9_track_ch_9.mat,E:\GNSS_Multipath_Project\scenes\F1023_V70_D0120_P9\gnss_sdr\telemetry\F1023_V70_D0120_P9_telemetry_ch_9.dat,E:\GNSS_Multipath_Project\scenes\F1023_V70_D0120_P9\navigation\rinex_nav\RINEXFILE.26N,E:\GNSS_Multipath_Project\scenes\F1023_V70_D0120_P9\trajectory\F1023_V70_D0120_P9_trajectory.nmea,"[""E:\\GNSS_Multipath_Project\\scenes\\F1023_V70_D0120_P9\\satellite\\F1023_V70_D0120_P9_satellite_elevation_summary.csv"", ""E:\\GNSS_Multipath_Project\\scenes\\F1023_V70_D0120_P9\\satellite\\F1023_V70_D0120_P9_satellite_elevation_timeseries.csv""]",nav_sage_pipeline,,nav_sage_v2,1,not_recorded,,bffc123c97af77f0a797f417d3866e9a34feab7729c5c1575352f53bc3571b9c,2026-08-22T11:22:49Z,scenes/F1023_V70_D0120_P9/sage_results/nav_sage_v2/G16,7d14fff30ff33c4d2730b9d7bc19fc19993878d783f80794378907bb65fa85ce,sage-event-path-db-v1/ingest-v1,complete,complete,complete,complete,complete,complete,2633,2631,2631,115,46,13,30,26,69,56,4,4,1,1,pass,0,windows_unattended_F1023_V70_D0120_P9__G16_20260819T004818Z_028,550fbdd70f95cf0833271dbfb12fda29be7084f5b46a1f511e50777f47faa655,E:\GNSS_Multipath_Project\docs\10MHz_FULL_SAGE_UNATTENDED_BATCH_20260819_QA_REPORT.md,E:\GNSS_Multipath_Project\dataset_generation_logs\batch_sage_execution\batch_sage_execution_20260822T112237Z\batch_execution_log.csv,77c20c0ed6c84fa0348db429948a8bd4900b2e8d86a6d8843b159b9a7a35cf00,af368feba90797584d7690d4927ed32de604651a5a62662f4adce348a89e4bb4,validated_only,A_pipeline_validation_batch,0,eligible_pending_modeling_qa,sage-event-path-db-v1
F1023_V70_D0120_P9__G18__ch1__nav_sage_v2__ingestion_20260825_event_path_v1,F1023_V70_D0120_P9__G18__ch1__nav_sage_v2,F1023_V70_D0120_P9,standard_scene,G18,G,18,1,GPS_L1_CA,10230000,external_storage_or_scene_local,E:\AAGNSSSDR_input\raw_data\F1023_V70_D0120_P9.bin,E:\GNSS_Multipath_Project\scenes\F1023_V70_D0120_P9\gnss_sdr\tracking\F1023_V70_D0120_P9_track_ch_1.mat,E:\GNSS_Multipath_Project\scenes\F1023_V70_D0120_P9\gnss_sdr\telemetry\F1023_V70_D0120_P9_telemetry_ch_1.dat,E:\GNSS_Multipath_Project\scenes\F1023_V70_D0120_P9\navigation\rinex_nav\RINEXFILE.26N,E:\GNSS_Multipath_Project\scenes\F1023_V70_D0120_P9\trajectory\F1023_V70_D0120_P9_trajectory.nmea,"[""E:\\GNSS_Multipath_Project\\scenes\\F1023_V70_D0120_P9\\satellite\\F1023_V70_D0120_P9_satellite_elevation_summary.csv"", ""E:\\GNSS_Multipath_Project\\scenes\\F1023_V70_D0120_P9\\satellite\\F1023_V70_D0120_P9_satellite_elevation_timeseries.csv""]",nav_sage_pipeline,,nav_sage_v2,1,not_recorded,,bffc123c97af77f0a797f417d3866e9a34feab7729c5c1575352f53bc3571b9c,2026-08-22T13:44:00Z,scenes/F1023_V70_D0120_P9/sage_results/nav_sage_v2/G18,8ebfd8b1daeb16eb29dfac92f19c3a4ccfe87ca6827cbed424364b0a61da5e7a,sage-event-path-db-v1/ingest-v1,complete,complete,complete,complete,complete,complete,2633,2631,2631,116,25,16,28,47,91,75,14,8,0,0,pass,0,windows_unattended_F1023_V70_D0120_P9__G18_20260819T004818Z_029,601c26a1ead2e15c7547d05eb10ee9f3166fecf19b11ef4cd1122a1ef1007e91,E:\GNSS_Multipath_Project\docs\10MHz_FULL_SAGE_UNATTENDED_BATCH_20260819_QA_REPORT.md,E:\GNSS_Multipath_Project\dataset_generation_logs\batch_sage_execution\batch_sage_execution_20260822T134348Z\batch_execution_log.csv,77c20c0ed6c84fa0348db429948a8bd4900b2e8d86a6d8843b159b9a7a35cf00,af368feba90797584d7690d4927ed32de604651a5a62662f4adce348a89e4bb4,validated_only,A_pipeline_validation_batch,0,eligible_pending_modeling_qa,sage-event-path-db-v1
F1023_V70_D0120_P9__G26__ch6__nav_sage_v2__ingestion_20260825_event_path_v1,F1023_V70_D0120_P9__G26__ch6__nav_sage_v2,F1023_V70_D0120_P9,standard_scene,G26,G,26,6,GPS_L1_CA,10230000,external_storage_or_scene_local,E:\AAGNSSSDR_input\raw_data\F1023_V70_D0120_P9.bin,E:\GNSS_Multipath_Project\scenes\F1023_V70_D0120_P9\gnss_sdr\tracking\F1023_V70_D0120_P9_track_ch_6.mat,E:\GNSS_Multipath_Project\scenes\F1023_V70_D0120_P9\gnss_sdr\telemetry\F1023_V70_D0120_P9_telemetry_ch_6.dat,E:\GNSS_Multipath_Project\scenes\F1023_V70_D0120_P9\navigation\rinex_nav\RINEXFILE.26N,E:\GNSS_Multipath_Project\scenes\F1023_V70_D0120_P9\trajectory\F1023_V70_D0120_P9_trajectory.nmea,"[""E:\\GNSS_Multipath_Project\\scenes\\F1023_V70_D0120_P9\\satellite\\F1023_V70_D0120_P9_satellite_elevation_summary.csv"", ""E:\\GNSS_Multipath_Project\\scenes\\F1023_V70_D0120_P9\\satellite\\F1023_V70_D0120_P9_satellite_elevation_timeseries.csv""]",nav_sage_pipeline,,nav_sage_v2,1,not_recorded,,bffc123c97af77f0a797f417d3866e9a34feab7729c5c1575352f53bc3571b9c,2026-08-22T16:10:49Z,scenes/F1023_V70_D0120_P9/sage_results/nav_sage_v2/G26,4c1001ceecaffaf32a95a2ffc0031e96b043172ce76ea2ad7c9c9880e3a45439,sage-event-path-db-v1/ingest-v1,complete,complete,complete,complete,complete,complete,2633,2631,2631,113,33,18,15,47,80,62,12,8,1,1,pass,0,windows_unattended_F1023_V70_D0120_P9__G26_20260819T004818Z_030,1d56f05e63433c4a95eeda2d62ac0383250720a12fe386b82b6d72969a732749,E:\GNSS_Multipath_Project\docs\10MHz_FULL_SAGE_UNATTENDED_BATCH_20260819_QA_REPORT.md,E:\GNSS_Multipath_Project\dataset_generation_logs\batch_sage_execution\batch_sage_execution_20260822T161037Z\batch_execution_log.csv,77c20c0ed6c84fa0348db429948a8bd4900b2e8d86a6d8843b159b9a7a35cf00,af368feba90797584d7690d4927ed32de604651a5a62662f4adce348a89e4bb4,validated_only,A_pipeline_validation_batch,0,eligible_pending_modeling_qa,sage-event-path-db-v1
F1023_V70_D0120_P9__G27__ch5__nav_sage_v2__ingestion_20260825_event_path_v1,F1023_V70_D0120_P9__G27__ch5__nav_sage_v2,F1023_V70_D0120_P9,standard_scene,G27,G,27,5,GPS_L1_CA,10230000,external_storage_or_scene_local,E:\AAGNSSSDR_input\raw_data\F1023_V70_D0120_P9.bin,E:\GNSS_Multipath_Project\scenes\F1023_V70_D0120_P9\gnss_sdr\tracking\F1023_V70_D0120_P9_track_ch_5.mat,E:\GNSS_Multipath_Project\scenes\F1023_V70_D0120_P9\gnss_sdr\telemetry\F1023_V70_D0120_P9_telemetry_ch_5.dat,E:\GNSS_Multipath_Project\scenes\F1023_V70_D0120_P9\navigation\rinex_nav\RINEXFILE.26N,E:\GNSS_Multipath_Project\scenes\F1023_V70_D0120_P9\trajectory\F1023_V70_D0120_P9_trajectory.nmea,"[""E:\\GNSS_Multipath_Project\\scenes\\F1023_V70_D0120_P9\\satellite\\F1023_V70_D0120_P9_satellite_elevation_summary.csv"", ""E:\\GNSS_Multipath_Project\\scenes\\F1023_V70_D0120_P9\\satellite\\F1023_V70_D0120_P9_satellite_elevation_timeseries.csv""]",nav_sage_pipeline,,nav_sage_v2,1,not_recorded,,bffc123c97af77f0a797f417d3866e9a34feab7729c5c1575352f53bc3571b9c,2026-08-22T18:35:03Z,scenes/F1023_V70_D0120_P9/sage_results/nav_sage_v2/G27,4cb4114299f6c6c2dda3dd158f7e0a6f8079367526ab34dccc99507a9a360e91,sage-event-path-db-v1/ingest-v1,complete,complete,complete,complete,complete,complete,900,898,898,95,19,50,12,14,76,26,24,8,8,8,pass,0,windows_unattended_F1023_V70_D0120_P9__G27_20260819T004818Z_031,df716a1d23bdbee4c9357e0736b1c0b5833cf1708d01c33a352ab14d2995834f,E:\GNSS_Multipath_Project\docs\10MHz_FULL_SAGE_UNATTENDED_BATCH_20260819_QA_REPORT.md,E:\GNSS_Multipath_Project\dataset_generation_logs\batch_sage_execution\batch_sage_execution_20260822T183451Z\batch_execution_log.csv,77c20c0ed6c84fa0348db429948a8bd4900b2e8d86a6d8843b159b9a7a35cf00,af368feba90797584d7690d4927ed32de604651a5a62662f4adce348a89e4bb4,validated_only,A_pipeline_validation_batch,0,eligible_pending_modeling_qa,sage-event-path-db-v1
F1023_V70_D0120_P9__G28__ch11__nav_sage_v2__ingestion_20260825_event_path_v1,F1023_V70_D0120_P9__G28__ch11__nav_sage_v2,F1023_V70_D0120_P9,standard_scene,G28,G,28,11,GPS_L1_CA,10230000,external_storage_or_scene_local,E:\AAGNSSSDR_input\raw_data\F1023_V70_D0120_P9.bin,E:\GNSS_Multipath_Project\scenes\F1023_V70_D0120_P9\gnss_sdr\tracking\F1023_V70_D0120_P9_track_ch_11.mat,E:\GNSS_Multipath_Project\scenes\F1023_V70_D0120_P9\gnss_sdr\telemetry\F1023_V70_D0120_P9_telemetry_ch_11.dat,E:\GNSS_Multipath_Project\scenes\F1023_V70_D0120_P9\navigation\rinex_nav\RINEXFILE.26N,E:\GNSS_Multipath_Project\scenes\F1023_V70_D0120_P9\trajectory\F1023_V70_D0120_P9_trajectory.nmea,"[""E:\\GNSS_Multipath_Project\\scenes\\F1023_V70_D0120_P9\\satellite\\F1023_V70_D0120_P9_satellite_elevation_summary.csv"", ""E:\\GNSS_Multipath_Project\\scenes\\F1023_V70_D0120_P9\\satellite\\F1023_V70_D0120_P9_satellite_elevation_timeseries.csv""]",nav_sage_pipeline,,nav_sage_v2,1,not_recorded,,bffc123c97af77f0a797f417d3866e9a34feab7729c5c1575352f53bc3571b9c,2026-08-22T20:01:18Z,scenes/F1023_V70_D0120_P9/sage_results/nav_sage_v2/G28,09ad5769e89ffb2aeff2bc07b3aa81f950ba9c5c0b9078bfb6601722b0c63eda,sage-event-path-db-v1/ingest-v1,complete,complete,complete,complete,complete,complete,1500,1498,1498,105,61,35,9,0,44,9,1,1,0,0,pass,0,windows_unattended_F1023_V70_D0120_P9__G28_20260819T004818Z_032,43abd28657da3f9bf7eefb2d6739fa73c0b8960f053132b52c783f03f67e1536,E:\GNSS_Multipath_Project\docs\10MHz_FULL_SAGE_UNATTENDED_BATCH_20260819_QA_REPORT.md,E:\GNSS_Multipath_Project\dataset_generation_logs\batch_sage_execution\batch_sage_execution_20260822T200107Z\batch_execution_log.csv,77c20c0ed6c84fa0348db429948a8bd4900b2e8d86a6d8843b159b9a7a35cf00,af368feba90797584d7690d4927ed32de604651a5a62662f4adce348a89e4bb4,validated_only,A_pipeline_validation_batch,0,eligible_pending_modeling_qa,sage-event-path-db-v1
F1023_V70_D0120_P9__G29__ch4__nav_sage_v2__ingestion_20260825_event_path_v1,F1023_V70_D0120_P9__G29__ch4__nav_sage_v2,F1023_V70_D0120_P9,standard_scene,G29,G,29,4,GPS_L1_CA,10230000,external_storage_or_scene_local,E:\AAGNSSSDR_input\raw_data\F1023_V70_D0120_P9.bin,E:\GNSS_Multipath_Project\scenes\F1023_V70_D0120_P9\gnss_sdr\tracking\F1023_V70_D0120_P9_track_ch_4.mat,E:\GNSS_Multipath_Project\scenes\F1023_V70_D0120_P9\gnss_sdr\telemetry\F1023_V70_D0120_P9_telemetry_ch_4.dat,E:\GNSS_Multipath_Project\scenes\F1023_V70_D0120_P9\navigation\rinex_nav\RINEXFILE.26N,E:\GNSS_Multipath_Project\scenes\F1023_V70_D0120_P9\trajectory\F1023_V70_D0120_P9_trajectory.nmea,"[""E:\\GNSS_Multipath_Project\\scenes\\F1023_V70_D0120_P9\\satellite\\F1023_V70_D0120_P9_satellite_elevation_summary.csv"", ""E:\\GNSS_Multipath_Project\\scenes\\F1023_V70_D0120_P9\\satellite\\F1023_V70_D0120_P9_satellite_elevation_timeseries.csv""]",nav_sage_pipeline,,nav_sage_v2,1,not_recorded,,bffc123c97af77f0a797f417d3866e9a34feab7729c5c1575352f53bc3571b9c,2026-08-22T21:55:25Z,scenes/F1023_V70_D0120_P9/sage_results/nav_sage_v2/G29,6b773dd43a3dacb667338283a20055c0d2bc329d14eba398d6dfc349d2dde141,sage-event-path-db-v1/ingest-v1,complete,complete,complete,complete,complete,complete,2632,2630,2630,114,42,37,22,13,72,35,9,8,1,1,pass,0,windows_unattended_F1023_V70_D0120_P9__G29_20260819T004818Z_033,52b0f64c39e08324b3d9f74dc0277d7aa8d283f07862f400f7680a5bd1ce641b,E:\GNSS_Multipath_Project\docs\10MHz_FULL_SAGE_UNATTENDED_BATCH_20260819_QA_REPORT.md,E:\GNSS_Multipath_Project\dataset_generation_logs\batch_sage_execution\batch_sage_execution_20260822T215508Z\batch_execution_log.csv,77c20c0ed6c84fa0348db429948a8bd4900b2e8d86a6d8843b159b9a7a35cf00,af368feba90797584d7690d4927ed32de604651a5a62662f4adce348a89e4bb4,validated_only,A_pipeline_validation_batch,0,eligible_pending_modeling_qa,sage-event-path-db-v1
F1023_V70_D0120_P9__G31__ch7__nav_sage_v2__ingestion_20260825_event_path_v1,F1023_V70_D0120_P9__G31__ch7__nav_sage_v2,F1023_V70_D0120_P9,standard_scene,G31,G,31,7,GPS_L1_CA,10230000,external_storage_or_scene_local,E:\AAGNSSSDR_input\raw_data\F1023_V70_D0120_P9.bin,E:\GNSS_Multipath_Project\scenes\F1023_V70_D0120_P9\gnss_sdr\tracking\F1023_V70_D0120_P9_track_ch_7.mat,E:\GNSS_Multipath_Project\scenes\F1023_V70_D0120_P9\gnss_sdr\telemetry\F1023_V70_D0120_P9_telemetry_ch_7.dat,E:\GNSS_Multipath_Project\scenes\F1023_V70_D0120_P9\navigation\rinex_nav\RINEXFILE.26N,E:\GNSS_Multipath_Project\scenes\F1023_V70_D0120_P9\trajectory\F1023_V70_D0120_P9_trajectory.nmea,"[""E:\\GNSS_Multipath_Project\\scenes\\F1023_V70_D0120_P9\\satellite\\F1023_V70_D0120_P9_satellite_elevation_summary.csv"", ""E:\\GNSS_Multipath_Project\\scenes\\F1023_V70_D0120_P9\\satellite\\F1023_V70_D0120_P9_satellite_elevation_timeseries.csv""]",nav_sage_pipeline,,nav_sage_v2,1,not_recorded,,bffc123c97af77f0a797f417d3866e9a34feab7729c5c1575352f53bc3571b9c,2026-08-23T00:21:04Z,scenes/F1023_V70_D0120_P9/sage_results/nav_sage_v2/G31,1f3f2e8a6e4e3f093267c65c9bcd0d65dc36d8de4d93b2f20261bd27749e1a81,sage-event-path-db-v1/ingest-v1,complete,complete,complete,complete,complete,complete,1732,1730,1730,97,36,20,28,13,61,41,18,8,3,3,pass,0,windows_unattended_F1023_V70_D0120_P9__G31_20260819T004818Z_034,90705c3485980966462f80139a945879f6ad957f2082c34ba0d1e3228324a6eb,E:\GNSS_Multipath_Project\docs\10MHz_FULL_SAGE_UNATTENDED_BATCH_20260819_QA_REPORT.md,E:\GNSS_Multipath_Project\dataset_generation_logs\batch_sage_execution\batch_sage_execution_20260823T002053Z\batch_execution_log.csv,77c20c0ed6c84fa0348db429948a8bd4900b2e8d86a6d8843b159b9a7a35cf00,af368feba90797584d7690d4927ed32de604651a5a62662f4adce348a89e4bb4,validated_only,A_pipeline_validation_batch,0,eligible_pending_modeling_qa,sage-event-path-db-v1
F1023_V70_D0122_P1__G13__ch5__nav_sage_v2__ingestion_20260825_event_path_v1,F1023_V70_D0122_P1__G13__ch5__nav_sage_v2,F1023_V70_D0122_P1,standard_scene,G13,G,13,5,GPS_L1_CA,10230000,external_storage_or_scene_local,E:\AAGNSSSDR_input\raw_data\F1023_V70_D0122_P1.bin,E:\GNSS_Multipath_Project\scenes\F1023_V70_D0122_P1\gnss_sdr\tracking\F1023_V70_D0122_P1_track_ch_5.mat,E:\GNSS_Multipath_Project\scenes\F1023_V70_D0122_P1\gnss_sdr\telemetry\F1023_V70_D0122_P1_telemetry_ch_5.dat,E:\GNSS_Multipath_Project\scenes\F1023_V70_D0122_P1\navigation\rinex_nav\RINEXFILE.26N,E:\GNSS_Multipath_Project\scenes\F1023_V70_D0122_P1\trajectory\F1023_V70_D0122_P1_trajectory.nmea,"[""E:\\GNSS_Multipath_Project\\scenes\\F1023_V70_D0122_P1\\satellite\\F1023_V70_D0122_P1_satellite_elevation_summary.csv"", ""E:\\GNSS_Multipath_Project\\scenes\\F1023_V70_D0122_P1\\satellite\\F1023_V70_D0122_P1_satellite_elevation_timeseries.csv""]",nav_sage_pipeline,,nav_sage_v2,1,not_recorded,,bffc123c97af77f0a797f417d3866e9a34feab7729c5c1575352f53bc3571b9c,2026-08-23T02:21:16Z,scenes/F1023_V70_D0122_P1/sage_results/nav_sage_v2/G13,071311126f8c973e0669b54eb9b7b76088f1323e0d86b68c64c7d7ed65b58192,sage-event-path-db-v1/ingest-v1,complete,complete,complete,complete,complete,complete,1331,1327,1327,114,25,25,16,48,89,64,5,5,2,2,pass,0,windows_unattended_F1023_V70_D0122_P1__G13_20260819T004818Z_035,ac70cf4b9e51db794abeb8c9394ad13b57135a1f3e9ac4ab80a8dc8c60b6500b,E:\GNSS_Multipath_Project\docs\10MHz_FULL_SAGE_UNATTENDED_BATCH_20260819_QA_REPORT.md,E:\GNSS_Multipath_Project\dataset_generation_logs\batch_sage_execution\batch_sage_execution_20260823T022105Z\batch_execution_log.csv,77c20c0ed6c84fa0348db429948a8bd4900b2e8d86a6d8843b159b9a7a35cf00,af368feba90797584d7690d4927ed32de604651a5a62662f4adce348a89e4bb4,formal_accepted_production,B_main_production_batch,0,eligible_pending_modeling_qa,sage-event-path-db-v1
F1023_V70_D0122_P1__G14__ch9__nav_sage_v2__ingestion_20260825_event_path_v1,F1023_V70_D0122_P1__G14__ch9__nav_sage_v2,F1023_V70_D0122_P1,standard_scene,G14,G,14,9,GPS_L1_CA,10230000,external_storage_or_scene_local,E:\AAGNSSSDR_input\raw_data\F1023_V70_D0122_P1.bin,E:\GNSS_Multipath_Project\scenes\F1023_V70_D0122_P1\gnss_sdr\tracking\F1023_V70_D0122_P1_track_ch_9.mat,E:\GNSS_Multipath_Project\scenes\F1023_V70_D0122_P1\gnss_sdr\telemetry\F1023_V70_D0122_P1_telemetry_ch_9.dat,E:\GNSS_Multipath_Project\scenes\F1023_V70_D0122_P1\navigation\rinex_nav\RINEXFILE.26N,E:\GNSS_Multipath_Project\scenes\F1023_V70_D0122_P1\trajectory\F1023_V70_D0122_P1_trajectory.nmea,"[""E:\\GNSS_Multipath_Project\\scenes\\F1023_V70_D0122_P1\\satellite\\F1023_V70_D0122_P1_satellite_elevation_summary.csv"", ""E:\\GNSS_Multipath_Project\\scenes\\F1023_V70_D0122_P1\\satellite\\F1023_V70_D0122_P1_satellite_elevation_timeseries.csv""]",nav_sage_pipeline,,nav_sage_v2,1,not_recorded,,bffc123c97af77f0a797f417d3866e9a34feab7729c5c1575352f53bc3571b9c,2026-08-23T04:15:54Z,scenes/F1023_V70_D0122_P1/sage_results/nav_sage_v2/G14,d4306206382e6660e47f10a3ce659acc123e3a4ef7caa5c5463bd5e4b873f708,sage-event-path-db-v1/ingest-v1,complete,complete,complete,complete,empty_valid,empty_valid,1183,1179,1179,71,65,6,0,0,6,0,0,0,0,0,pass,0,windows_unattended_F1023_V70_D0122_P1__G14_20260819T004818Z_036,2e2e3469bb2299249b172e602c4074ca3f22738edc57a72ef4cb451986026799,E:\GNSS_Multipath_Project\docs\10MHz_FULL_SAGE_UNATTENDED_BATCH_20260819_QA_REPORT.md,E:\GNSS_Multipath_Project\dataset_generation_logs\batch_sage_execution\batch_sage_execution_20260823T041543Z\batch_execution_log.csv,77c20c0ed6c84fa0348db429948a8bd4900b2e8d86a6d8843b159b9a7a35cf00,af368feba90797584d7690d4927ed32de604651a5a62662f4adce348a89e4bb4,formal_accepted_production,B_main_production_batch,0,eligible_pending_modeling_qa,sage-event-path-db-v1
F1023_V70_D0122_P1__G15__ch8__nav_sage_v2__ingestion_20260825_event_path_v1,F1023_V70_D0122_P1__G15__ch8__nav_sage_v2,F1023_V70_D0122_P1,standard_scene,G15,G,15,8,GPS_L1_CA,10230000,external_storage_or_scene_local,E:\AAGNSSSDR_input\raw_data\F1023_V70_D0122_P1.bin,E:\GNSS_Multipath_Project\scenes\F1023_V70_D0122_P1\gnss_sdr\tracking\F1023_V70_D0122_P1_track_ch_8.mat,E:\GNSS_Multipath_Project\scenes\F1023_V70_D0122_P1\gnss_sdr\telemetry\F1023_V70_D0122_P1_telemetry_ch_8.dat,E:\GNSS_Multipath_Project\scenes\F1023_V70_D0122_P1\navigation\rinex_nav\RINEXFILE.26N,E:\GNSS_Multipath_Project\scenes\F1023_V70_D0122_P1\trajectory\F1023_V70_D0122_P1_trajectory.nmea,"[""E:\\GNSS_Multipath_Project\\scenes\\F1023_V70_D0122_P1\\satellite\\F1023_V70_D0122_P1_satellite_elevation_summary.csv"", ""E:\\GNSS_Multipath_Project\\scenes\\F1023_V70_D0122_P1\\satellite\\F1023_V70_D0122_P1_satellite_elevation_timeseries.csv""]",nav_sage_pipeline,,nav_sage_v2,1,not_recorded,,bffc123c97af77f0a797f417d3866e9a34feab7729c5c1575352f53bc3571b9c,2026-08-23T05:21:54Z,scenes/F1023_V70_D0122_P1/sage_results/nav_sage_v2/G15,cba55570539f75f694d81741c8547bc411144e52ef05d239b539e0142b7c6144,sage-event-path-db-v1/ingest-v1,complete,complete,complete,complete,complete,complete,1631,1629,1629,109,25,17,5,62,84,67,6,6,4,4,pass,0,windows_unattended_F1023_V70_D0122_P1__G15_20260819T004818Z_037,e2cdf6e07657b59b1cc35d041fad91fa59f349080cdf3afa780b0e12d8b9eb14,E:\GNSS_Multipath_Project\docs\10MHz_FULL_SAGE_UNATTENDED_BATCH_20260819_QA_REPORT.md,E:\GNSS_Multipath_Project\dataset_generation_logs\batch_sage_execution\batch_sage_execution_20260823T052143Z\batch_execution_log.csv,77c20c0ed6c84fa0348db429948a8bd4900b2e8d86a6d8843b159b9a7a35cf00,af368feba90797584d7690d4927ed32de604651a5a62662f4adce348a89e4bb4,formal_accepted_production,B_main_production_batch,0,eligible_pending_modeling_qa,sage-event-path-db-v1
F1023_V70_D0122_P1__G17__ch2__nav_sage_v2__ingestion_20260825_event_path_v1,F1023_V70_D0122_P1__G17__ch2__nav_sage_v2,F1023_V70_D0122_P1,standard_scene,G17,G,17,2,GPS_L1_CA,10230000,external_storage_or_scene_local,E:\AAGNSSSDR_input\raw_data\F1023_V70_D0122_P1.bin,E:\GNSS_Multipath_Project\scenes\F1023_V70_D0122_P1\gnss_sdr\tracking\F1023_V70_D0122_P1_track_ch_2.mat,E:\GNSS_Multipath_Project\scenes\F1023_V70_D0122_P1\gnss_sdr\telemetry\F1023_V70_D0122_P1_telemetry_ch_2.dat,E:\GNSS_Multipath_Project\scenes\F1023_V70_D0122_P1\navigation\rinex_nav\RINEXFILE.26N,E:\GNSS_Multipath_Project\scenes\F1023_V70_D0122_P1\trajectory\F1023_V70_D0122_P1_trajectory.nmea,"[""E:\\GNSS_Multipath_Project\\scenes\\F1023_V70_D0122_P1\\satellite\\F1023_V70_D0122_P1_satellite_elevation_summary.csv"", ""E:\\GNSS_Multipath_Project\\scenes\\F1023_V70_D0122_P1\\satellite\\F1023_V70_D0122_P1_satellite_elevation_timeseries.csv""]",nav_sage_pipeline,,nav_sage_v2,1,not_recorded,,bffc123c97af77f0a797f417d3866e9a34feab7729c5c1575352f53bc3571b9c,2026-08-23T07:16:39Z,scenes/F1023_V70_D0122_P1/sage_results/nav_sage_v2/G17,f9efc4b5540df82b9301759b7109efda4bc39f18f59bc60eb139388020b5a900,sage-event-path-db-v1/ingest-v1,complete,complete,complete,complete,complete,complete,1631,1629,1629,109,27,18,7,57,82,64,9,8,7,9,pass,0,windows_unattended_F1023_V70_D0122_P1__G17_20260819T004818Z_038,c30d9df73eb5677ec55ee0cf41f9745dd3e5b5344719bf6cd16081c4afde8f14,E:\GNSS_Multipath_Project\docs\10MHz_FULL_SAGE_UNATTENDED_BATCH_20260819_QA_REPORT.md,E:\GNSS_Multipath_Project\dataset_generation_logs\batch_sage_execution\batch_sage_execution_20260823T071628Z\batch_execution_log.csv,77c20c0ed6c84fa0348db429948a8bd4900b2e8d86a6d8843b159b9a7a35cf00,af368feba90797584d7690d4927ed32de604651a5a62662f4adce348a89e4bb4,formal_accepted_production,B_main_production_batch,0,eligible_pending_modeling_qa,sage-event-path-db-v1
F1023_V70_D0122_P1__G19__ch11__nav_sage_v2__ingestion_20260825_event_path_v1,F1023_V70_D0122_P1__G19__ch11__nav_sage_v2,F1023_V70_D0122_P1,standard_scene,G19,G,19,11,GPS_L1_CA,10230000,external_storage_or_scene_local,E:\AAGNSSSDR_input\raw_data\F1023_V70_D0122_P1.bin,E:\GNSS_Multipath_Project\scenes\F1023_V70_D0122_P1\gnss_sdr\tracking\F1023_V70_D0122_P1_track_ch_11.mat,E:\GNSS_Multipath_Project\scenes\F1023_V70_D0122_P1\gnss_sdr\telemetry\F1023_V70_D0122_P1_telemetry_ch_11.dat,E:\GNSS_Multipath_Project\scenes\F1023_V70_D0122_P1\navigation\rinex_nav\RINEXFILE.26N,E:\GNSS_Multipath_Project\scenes\F1023_V70_D0122_P1\trajectory\F1023_V70_D0122_P1_trajectory.nmea,"[""E:\\GNSS_Multipath_Project\\scenes\\F1023_V70_D0122_P1\\satellite\\F1023_V70_D0122_P1_satellite_elevation_summary.csv"", ""E:\\GNSS_Multipath_Project\\scenes\\F1023_V70_D0122_P1\\satellite\\F1023_V70_D0122_P1_satellite_elevation_timeseries.csv""]",nav_sage_pipeline,,nav_sage_v2,1,not_recorded,,bffc123c97af77f0a797f417d3866e9a34feab7729c5c1575352f53bc3571b9c,2026-08-23T09:13:21Z,scenes/F1023_V70_D0122_P1/sage_results/nav_sage_v2/G19,a9b0312ebdb9d79002b35c52d07812c40fbb066f34a40bffd1c817e2999bcce9,sage-event-path-db-v1/ingest-v1,complete,complete,complete,complete,complete,complete,1631,1629,1629,117,22,23,22,50,95,72,1,1,1,1,pass,0,windows_unattended_F1023_V70_D0122_P1__G19_20260819T004818Z_039,afd211ed7bde55cc8f85402079bf3bbf9030faa95c0db490e00a71a66a654b54,E:\GNSS_Multipath_Project\docs\10MHz_FULL_SAGE_UNATTENDED_BATCH_20260819_QA_REPORT.md,E:\GNSS_Multipath_Project\dataset_generation_logs\batch_sage_execution\batch_sage_execution_20260823T091305Z\batch_execution_log.csv,77c20c0ed6c84fa0348db429948a8bd4900b2e8d86a6d8843b159b9a7a35cf00,af368feba90797584d7690d4927ed32de604651a5a62662f4adce348a89e4bb4,formal_accepted_production,B_main_production_batch,0,eligible_pending_modeling_qa,sage-event-path-db-v1
F1023_V70_D0122_P1__G22__ch4__nav_sage_v2__ingestion_20260825_event_path_v1,F1023_V70_D0122_P1__G22__ch4__nav_sage_v2,F1023_V70_D0122_P1,standard_scene,G22,G,22,4,GPS_L1_CA,10230000,external_storage_or_scene_local,E:\AAGNSSSDR_input\raw_data\F1023_V70_D0122_P1.bin,E:\GNSS_Multipath_Project\scenes\F1023_V70_D0122_P1\gnss_sdr\tracking\F1023_V70_D0122_P1_track_ch_4.mat,E:\GNSS_Multipath_Project\scenes\F1023_V70_D0122_P1\gnss_sdr\telemetry\F1023_V70_D0122_P1_telemetry_ch_4.dat,E:\GNSS_Multipath_Project\scenes\F1023_V70_D0122_P1\navigation\rinex_nav\RINEXFILE.26N,E:\GNSS_Multipath_Project\scenes\F1023_V70_D0122_P1\trajectory\F1023_V70_D0122_P1_trajectory.nmea,"[""E:\\GNSS_Multipath_Project\\scenes\\F1023_V70_D0122_P1\\satellite\\F1023_V70_D0122_P1_satellite_elevation_summary.csv"", ""E:\\GNSS_Multipath_Project\\scenes\\F1023_V70_D0122_P1\\satellite\\F1023_V70_D0122_P1_satellite_elevation_timeseries.csv""]",nav_sage_pipeline,,nav_sage_v2,1,not_recorded,,bffc123c97af77f0a797f417d3866e9a34feab7729c5c1575352f53bc3571b9c,2026-08-23T11:01:33Z,scenes/F1023_V70_D0122_P1/sage_results/nav_sage_v2/G22,f22a6fab553450141ae8f3fcdbfc5acc980b9624c16db7be1aac844f829d4ec7,sage-event-path-db-v1/ingest-v1,complete,complete,complete,complete,complete,complete,1631,1629,1629,107,27,24,13,43,80,56,11,8,2,2,pass,0,windows_unattended_F1023_V70_D0122_P1__G22_20260819T004818Z_040,deb5b7b42527ff4e4dd943af124de2fabdb2c8af9e2722b963e7c71d79c096da,E:\GNSS_Multipath_Project\docs\10MHz_FULL_SAGE_UNATTENDED_BATCH_20260819_QA_REPORT.md,E:\GNSS_Multipath_Project\dataset_generation_logs\batch_sage_execution\batch_sage_execution_20260823T110122Z\batch_execution_log.csv,77c20c0ed6c84fa0348db429948a8bd4900b2e8d86a6d8843b159b9a7a35cf00,af368feba90797584d7690d4927ed32de604651a5a62662f4adce348a89e4bb4,formal_accepted_production,B_main_production_batch,0,eligible_pending_modeling_qa,sage-event-path-db-v1
F1023_V70_D0122_P1__G24__ch7__nav_sage_v2__ingestion_20260825_event_path_v1,F1023_V70_D0122_P1__G24__ch7__nav_sage_v2,F1023_V70_D0122_P1,standard_scene,G24,G,24,7,GPS_L1_CA,10230000,external_storage_or_scene_local,E:\AAGNSSSDR_input\raw_data\F1023_V70_D0122_P1.bin,E:\GNSS_Multipath_Project\scenes\F1023_V70_D0122_P1\gnss_sdr\tracking\F1023_V70_D0122_P1_track_ch_7.mat,E:\GNSS_Multipath_Project\scenes\F1023_V70_D0122_P1\gnss_sdr\telemetry\F1023_V70_D0122_P1_telemetry_ch_7.dat,E:\GNSS_Multipath_Project\scenes\F1023_V70_D0122_P1\navigation\rinex_nav\RINEXFILE.26N,E:\GNSS_Multipath_Project\scenes\F1023_V70_D0122_P1\trajectory\F1023_V70_D0122_P1_trajectory.nmea,"[""E:\\GNSS_Multipath_Project\\scenes\\F1023_V70_D0122_P1\\satellite\\F1023_V70_D0122_P1_satellite_elevation_summary.csv"", ""E:\\GNSS_Multipath_Project\\scenes\\F1023_V70_D0122_P1\\satellite\\F1023_V70_D0122_P1_satellite_elevation_timeseries.csv""]",nav_sage_pipeline,,nav_sage_v2,1,not_recorded,,bffc123c97af77f0a797f417d3866e9a34feab7729c5c1575352f53bc3571b9c,2026-08-23T13:03:19Z,scenes/F1023_V70_D0122_P1/sage_results/nav_sage_v2/G24,a908a221afd2135d65ef144ccc60ffbda62bae9c44e6614ee6c84755b453e9d3,sage-event-path-db-v1/ingest-v1,complete,complete,complete,complete,complete,complete,1632,1630,1630,108,31,14,5,58,77,63,12,8,3,3,pass,0,windows_unattended_F1023_V70_D0122_P1__G24_20260819T004818Z_041,09bac603e3139d328d024a79a34b85591dcf232bb1364d6111dba8d3b5526452,E:\GNSS_Multipath_Project\docs\10MHz_FULL_SAGE_UNATTENDED_BATCH_20260819_QA_REPORT.md,E:\GNSS_Multipath_Project\dataset_generation_logs\batch_sage_execution\batch_sage_execution_20260823T130307Z\batch_execution_log.csv,77c20c0ed6c84fa0348db429948a8bd4900b2e8d86a6d8843b159b9a7a35cf00,af368feba90797584d7690d4927ed32de604651a5a62662f4adce348a89e4bb4,formal_accepted_production,B_main_production_batch,0,eligible_pending_modeling_qa,sage-event-path-db-v1
F1023_V70_D0122_P2__G10__ch6__nav_sage_v2__ingestion_20260825_event_path_v1,F1023_V70_D0122_P2__G10__ch6__nav_sage_v2,F1023_V70_D0122_P2,standard_scene,G10,G,10,6,GPS_L1_CA,10230000,external_storage_or_scene_local,E:\AAGNSSSDR_input\raw_data\F1023_V70_D0122_P2.bin,E:\GNSS_Multipath_Project\scenes\F1023_V70_D0122_P2\gnss_sdr\tracking\F1023_V70_D0122_P2_track_ch_6.mat,E:\GNSS_Multipath_Project\scenes\F1023_V70_D0122_P2\gnss_sdr\telemetry\F1023_V70_D0122_P2_telemetry_ch_6.dat,E:\GNSS_Multipath_Project\scenes\F1023_V70_D0122_P2\navigation\rinex_nav\RINEXFILE.26N,E:\GNSS_Multipath_Project\scenes\F1023_V70_D0122_P2\trajectory\F1023_V70_D0122_P2_trajectory.nmea,"[""E:\\GNSS_Multipath_Project\\scenes\\F1023_V70_D0122_P2\\satellite\\F1023_V70_D0122_P2_satellite_elevation_summary.csv"", ""E:\\GNSS_Multipath_Project\\scenes\\F1023_V70_D0122_P2\\satellite\\F1023_V70_D0122_P2_satellite_elevation_timeseries.csv""]",nav_sage_pipeline,,nav_sage_v2,1,not_recorded,,bffc123c97af77f0a797f417d3866e9a34feab7729c5c1575352f53bc3571b9c,2026-08-23T14:54:30Z,scenes/F1023_V70_D0122_P2/sage_results/nav_sage_v2/G10,7bc229ab74ccb78809708de80d748b89210815f813c031b8f2eb8442dc277076,sage-event-path-db-v1/ingest-v1,complete,complete,complete,complete,empty_valid,empty_valid,69,67,67,50,50,0,0,0,0,0,0,0,0,0,pass,0,windows_unattended_F1023_V70_D0122_P2__G10_20260819T004818Z_042,462f91c38ffc2fc4b91381a50947808cb6d6dfd29923c058a03015ade02cea57,E:\GNSS_Multipath_Project\docs\10MHz_FULL_SAGE_UNATTENDED_BATCH_20260819_QA_REPORT.md,E:\GNSS_Multipath_Project\dataset_generation_logs\batch_sage_execution\batch_sage_execution_20260823T145416Z\batch_execution_log.csv,77c20c0ed6c84fa0348db429948a8bd4900b2e8d86a6d8843b159b9a7a35cf00,af368feba90797584d7690d4927ed32de604651a5a62662f4adce348a89e4bb4,validated_only,A_pipeline_validation_batch,0,eligible_pending_modeling_qa,sage-event-path-db-v1
F1023_V70_D0122_P2__G12__ch2__nav_sage_v2__ingestion_20260825_event_path_v1,F1023_V70_D0122_P2__G12__ch2__nav_sage_v2,F1023_V70_D0122_P2,standard_scene,G12,G,12,2,GPS_L1_CA,10230000,external_storage_or_scene_local,E:\AAGNSSSDR_input\raw_data\F1023_V70_D0122_P2.bin,E:\GNSS_Multipath_Project\scenes\F1023_V70_D0122_P2\gnss_sdr\tracking\F1023_V70_D0122_P2_track_ch_2.mat,E:\GNSS_Multipath_Project\scenes\F1023_V70_D0122_P2\gnss_sdr\telemetry\F1023_V70_D0122_P2_telemetry_ch_2.dat,E:\GNSS_Multipath_Project\scenes\F1023_V70_D0122_P2\navigation\rinex_nav\RINEXFILE.26N,E:\GNSS_Multipath_Project\scenes\F1023_V70_D0122_P2\trajectory\F1023_V70_D0122_P2_trajectory.nmea,"[""E:\\GNSS_Multipath_Project\\scenes\\F1023_V70_D0122_P2\\satellite\\F1023_V70_D0122_P2_satellite_elevation_summary.csv"", ""E:\\GNSS_Multipath_Project\\scenes\\F1023_V70_D0122_P2\\satellite\\F1023_V70_D0122_P2_satellite_elevation_timeseries.csv""]",nav_sage_pipeline,,nav_sage_v2,1,not_recorded,,bffc123c97af77f0a797f417d3866e9a34feab7729c5c1575352f53bc3571b9c,2026-08-23T15:20:48Z,scenes/F1023_V70_D0122_P2/sage_results/nav_sage_v2/G12,63682c6e39428a3b22ba1c7cb5143e2e376642f08e13b3aa1f828629fb0e9987,sage-event-path-db-v1/ingest-v1,complete,complete,complete,complete,complete,complete,900,898,898,116,6,42,42,26,110,68,18,8,7,9,pass,0,windows_unattended_F1023_V70_D0122_P2__G12_20260819T004818Z_043,4dbee544c58ee6733fe2e34298dcf873e65a5d1f329744dbb962de3e1a6186d9,E:\GNSS_Multipath_Project\docs\10MHz_FULL_SAGE_UNATTENDED_BATCH_20260819_QA_REPORT.md,E:\GNSS_Multipath_Project\dataset_generation_logs\batch_sage_execution\batch_sage_execution_20260823T152034Z\batch_execution_log.csv,77c20c0ed6c84fa0348db429948a8bd4900b2e8d86a6d8843b159b9a7a35cf00,af368feba90797584d7690d4927ed32de604651a5a62662f4adce348a89e4bb4,validated_only,A_pipeline_validation_batch,0,eligible_pending_modeling_qa,sage-event-path-db-v1
F1023_V70_D0122_P2__G13__ch5__nav_sage_v2__ingestion_20260825_event_path_v1,F1023_V70_D0122_P2__G13__ch5__nav_sage_v2,F1023_V70_D0122_P2,standard_scene,G13,G,13,5,GPS_L1_CA,10230000,external_storage_or_scene_local,E:\AAGNSSSDR_input\raw_data\F1023_V70_D0122_P2.bin,E:\GNSS_Multipath_Project\scenes\F1023_V70_D0122_P2\gnss_sdr\tracking\F1023_V70_D0122_P2_track_ch_5.mat,E:\GNSS_Multipath_Project\scenes\F1023_V70_D0122_P2\gnss_sdr\telemetry\F1023_V70_D0122_P2_telemetry_ch_5.dat,E:\GNSS_Multipath_Project\scenes\F1023_V70_D0122_P2\navigation\rinex_nav\RINEXFILE.26N,E:\GNSS_Multipath_Project\scenes\F1023_V70_D0122_P2\trajectory\F1023_V70_D0122_P2_trajectory.nmea,"[""E:\\GNSS_Multipath_Project\\scenes\\F1023_V70_D0122_P2\\satellite\\F1023_V70_D0122_P2_satellite_elevation_summary.csv"", ""E:\\GNSS_Multipath_Project\\scenes\\F1023_V70_D0122_P2\\satellite\\F1023_V70_D0122_P2_satellite_elevation_timeseries.csv""]",nav_sage_pipeline,,nav_sage_v2,1,not_recorded,,bffc123c97af77f0a797f417d3866e9a34feab7729c5c1575352f53bc3571b9c,2026-08-23T16:49:32Z,scenes/F1023_V70_D0122_P2/sage_results/nav_sage_v2/G13,da1bfec59b9c0e82573d3fbd206bd3b5afe77b9c36eb3e3581ed378f29561519,sage-event-path-db-v1/ingest-v1,complete,complete,complete,complete,empty_valid,empty_valid,641,639,639,63,56,7,0,0,7,0,0,0,0,0,pass,0,windows_unattended_F1023_V70_D0122_P2__G13_20260819T004818Z_044,62de432d9fea83bb2ff900f1e4df10565d4c7232222d2737487f3e4a1a9c4270,E:\GNSS_Multipath_Project\docs\10MHz_FULL_SAGE_UNATTENDED_BATCH_20260819_QA_REPORT.md,E:\GNSS_Multipath_Project\dataset_generation_logs\batch_sage_execution\batch_sage_execution_20260823T164921Z\batch_execution_log.csv,77c20c0ed6c84fa0348db429948a8bd4900b2e8d86a6d8843b159b9a7a35cf00,af368feba90797584d7690d4927ed32de604651a5a62662f4adce348a89e4bb4,validated_only,A_pipeline_validation_batch,0,eligible_pending_modeling_qa,sage-event-path-db-v1
F1023_V70_D0122_P2__G19__ch11__nav_sage_v2__ingestion_20260825_event_path_v1,F1023_V70_D0122_P2__G19__ch11__nav_sage_v2,F1023_V70_D0122_P2,standard_scene,G19,G,19,11,GPS_L1_CA,10230000,external_storage_or_scene_local,E:\AAGNSSSDR_input\raw_data\F1023_V70_D0122_P2.bin,E:\GNSS_Multipath_Project\scenes\F1023_V70_D0122_P2\gnss_sdr\tracking\F1023_V70_D0122_P2_track_ch_11.mat,E:\GNSS_Multipath_Project\scenes\F1023_V70_D0122_P2\gnss_sdr\telemetry\F1023_V70_D0122_P2_telemetry_ch_11.dat,E:\GNSS_Multipath_Project\scenes\F1023_V70_D0122_P2\navigation\rinex_nav\RINEXFILE.26N,E:\GNSS_Multipath_Project\scenes\F1023_V70_D0122_P2\trajectory\F1023_V70_D0122_P2_trajectory.nmea,"[""E:\\GNSS_Multipath_Project\\scenes\\F1023_V70_D0122_P2\\satellite\\F1023_V70_D0122_P2_satellite_elevation_summary.csv"", ""E:\\GNSS_Multipath_Project\\scenes\\F1023_V70_D0122_P2\\satellite\\F1023_V70_D0122_P2_satellite_elevation_timeseries.csv""]",nav_sage_pipeline,,nav_sage_v2,1,not_recorded,,bffc123c97af77f0a797f417d3866e9a34feab7729c5c1575352f53bc3571b9c,2026-08-23T17:15:58Z,scenes/F1023_V70_D0122_P2/sage_results/nav_sage_v2/G19,05b2738de21deb08566256fa3bc4ed39dbf888335e13ccb94ad432a611e28557,sage-event-path-db-v1/ingest-v1,complete,complete,complete,complete,complete,complete,4595,4591,4591,110,33,20,33,24,77,57,4,4,0,0,pass,0,windows_unattended_F1023_V70_D0122_P2__G19_20260819T004818Z_045,2e90b121901aa347f0108e1f0b9414a81e02845047a90273726ae504bb57681d,E:\GNSS_Multipath_Project\docs\10MHz_FULL_SAGE_UNATTENDED_BATCH_20260819_QA_REPORT.md,E:\GNSS_Multipath_Project\dataset_generation_logs\batch_sage_execution\batch_sage_execution_20260823T171547Z\batch_execution_log.csv,77c20c0ed6c84fa0348db429948a8bd4900b2e8d86a6d8843b159b9a7a35cf00,af368feba90797584d7690d4927ed32de604651a5a62662f4adce348a89e4bb4,validated_only,A_pipeline_validation_batch,0,eligible_pending_modeling_qa,sage-event-path-db-v1
F1023_V70_D0122_P2__G23__ch10__nav_sage_v2__ingestion_20260825_event_path_v1,F1023_V70_D0122_P2__G23__ch10__nav_sage_v2,F1023_V70_D0122_P2,standard_scene,G23,G,23,10,GPS_L1_CA,10230000,external_storage_or_scene_local,E:\AAGNSSSDR_input\raw_data\F1023_V70_D0122_P2.bin,E:\GNSS_Multipath_Project\scenes\F1023_V70_D0122_P2\gnss_sdr\tracking\F1023_V70_D0122_P2_track_ch_10.mat,E:\GNSS_Multipath_Project\scenes\F1023_V70_D0122_P2\gnss_sdr\telemetry\F1023_V70_D0122_P2_telemetry_ch_10.dat,E:\GNSS_Multipath_Project\scenes\F1023_V70_D0122_P2\navigation\rinex_nav\RINEXFILE.26N,E:\GNSS_Multipath_Project\scenes\F1023_V70_D0122_P2\trajectory\F1023_V70_D0122_P2_trajectory.nmea,"[""E:\\GNSS_Multipath_Project\\scenes\\F1023_V70_D0122_P2\\satellite\\F1023_V70_D0122_P2_satellite_elevation_summary.csv"", ""E:\\GNSS_Multipath_Project\\scenes\\F1023_V70_D0122_P2\\satellite\\F1023_V70_D0122_P2_satellite_elevation_timeseries.csv""]",nav_sage_pipeline,,nav_sage_v2,1,not_recorded,,bffc123c97af77f0a797f417d3866e9a34feab7729c5c1575352f53bc3571b9c,2026-08-23T20:22:44Z,scenes/F1023_V70_D0122_P2/sage_results/nav_sage_v2/G23,1c8590bd4fbd08fb91a015511711b77785220384ee1acaa42f10cef26f09c81a,sage-event-path-db-v1/ingest-v1,complete,complete,complete,complete,complete,complete,3395,3391,3391,107,35,38,21,13,72,34,12,8,7,7,pass,0,windows_unattended_F1023_V70_D0122_P2__G23_20260819T004818Z_046,1795786d1b0bb4169f1168869a028a55c70431064c7f82cc2f2fc05edb2ca100,E:\GNSS_Multipath_Project\docs\10MHz_FULL_SAGE_UNATTENDED_BATCH_20260819_QA_REPORT.md,E:\GNSS_Multipath_Project\dataset_generation_logs\batch_sage_execution\batch_sage_execution_20260823T202228Z\batch_execution_log.csv,77c20c0ed6c84fa0348db429948a8bd4900b2e8d86a6d8843b159b9a7a35cf00,af368feba90797584d7690d4927ed32de604651a5a62662f4adce348a89e4bb4,validated_only,A_pipeline_validation_batch,0,eligible_pending_modeling_qa,sage-event-path-db-v1
F1023_V70_D0122_P2__G24__ch3__nav_sage_v2__ingestion_20260825_event_path_v1,F1023_V70_D0122_P2__G24__ch3__nav_sage_v2,F1023_V70_D0122_P2,standard_scene,G24,G,24,3,GPS_L1_CA,10230000,external_storage_or_scene_local,E:\AAGNSSSDR_input\raw_data\F1023_V70_D0122_P2.bin,E:\GNSS_Multipath_Project\scenes\F1023_V70_D0122_P2\gnss_sdr\tracking\F1023_V70_D0122_P2_track_ch_3.mat,E:\GNSS_Multipath_Project\scenes\F1023_V70_D0122_P2\gnss_sdr\telemetry\F1023_V70_D0122_P2_telemetry_ch_3.dat,E:\GNSS_Multipath_Project\scenes\F1023_V70_D0122_P2\navigation\rinex_nav\RINEXFILE.26N,E:\GNSS_Multipath_Project\scenes\F1023_V70_D0122_P2\trajectory\F1023_V70_D0122_P2_trajectory.nmea,"[""E:\\GNSS_Multipath_Project\\scenes\\F1023_V70_D0122_P2\\satellite\\F1023_V70_D0122_P2_satellite_elevation_summary.csv"", ""E:\\GNSS_Multipath_Project\\scenes\\F1023_V70_D0122_P2\\satellite\\F1023_V70_D0122_P2_satellite_elevation_timeseries.csv""]",nav_sage_pipeline,,nav_sage_v2,1,not_recorded,,bffc123c97af77f0a797f417d3866e9a34feab7729c5c1575352f53bc3571b9c,2026-08-23T22:56:17Z,scenes/F1023_V70_D0122_P2/sage_results/nav_sage_v2/G24,78a20929dc88cf2b94db51722712bcb1aec921afa23832a9f42a10d63f61707f,sage-event-path-db-v1/ingest-v1,complete,complete,complete,complete,complete,complete,4896,4894,4894,115,20,25,13,57,95,70,10,8,5,6,pass,0,windows_unattended_F1023_V70_D0122_P2__G24_20260819T004818Z_047,3b8f8933ed9d4dc48a5b2f85556348e682e987350770250a75a591575728c876,E:\GNSS_Multipath_Project\docs\10MHz_FULL_SAGE_UNATTENDED_BATCH_20260819_QA_REPORT.md,E:\GNSS_Multipath_Project\dataset_generation_logs\batch_sage_execution\batch_sage_execution_20260823T225606Z\batch_execution_log.csv,77c20c0ed6c84fa0348db429948a8bd4900b2e8d86a6d8843b159b9a7a35cf00,af368feba90797584d7690d4927ed32de604651a5a62662f4adce348a89e4bb4,validated_only,A_pipeline_validation_batch,0,eligible_pending_modeling_qa,sage-event-path-db-v1
F1023_V80_D0117_P8__G12__ch4__nav_sage_v2__ingestion_20260825_event_path_v1,F1023_V80_D0117_P8__G12__ch4__nav_sage_v2,F1023_V80_D0117_P8,standard_scene,G12,G,12,4,GPS_L1_CA,10230000,external_storage_or_scene_local,E:\AAGNSSSDR_input\raw_data\F1023_V80_D0117_P8.bin,E:\GNSS_Multipath_Project\scenes\F1023_V80_D0117_P8\gnss_sdr\tracking\F1023_V80_D0117_P8_track_ch_4.mat,E:\GNSS_Multipath_Project\scenes\F1023_V80_D0117_P8\gnss_sdr\telemetry\F1023_V80_D0117_P8_telemetry_ch_4.dat,E:\GNSS_Multipath_Project\scenes\F1023_V80_D0117_P8\navigation\rinex_nav\RINEXFILE.26N,E:\GNSS_Multipath_Project\scenes\F1023_V80_D0117_P8\trajectory\F1023_V80_D0117_P8_trajectory.nmea,"[""E:\\GNSS_Multipath_Project\\scenes\\F1023_V80_D0117_P8\\satellite\\F1023_V80_D0117_P8_satellite_elevation_summary.csv"", ""E:\\GNSS_Multipath_Project\\scenes\\F1023_V80_D0117_P8\\satellite\\F1023_V80_D0117_P8_satellite_elevation_timeseries.csv""]",nav_sage_pipeline,,nav_sage_v2,1,not_recorded,,bffc123c97af77f0a797f417d3866e9a34feab7729c5c1575352f53bc3571b9c,2026-08-24T02:10:56Z,scenes/F1023_V80_D0117_P8/sage_results/nav_sage_v2/G12,a2ef6fa993de7c1ebbdcbccaf09d166fc3d8a5e74285fc185de5fbf8d5bcb027,sage-event-path-db-v1/ingest-v1,complete,complete,complete,complete,complete,complete,900,898,898,104,38,30,17,19,66,36,2,2,0,0,pass,0,windows_unattended_F1023_V80_D0117_P8__G12_20260819T004818Z_048,2d8534e2bc622ee891c5013bc80f2abbc8759a9c71b0647f3cfce7d1cb7a12dd,E:\GNSS_Multipath_Project\docs\10MHz_FULL_SAGE_UNATTENDED_BATCH_20260819_QA_REPORT.md,E:\GNSS_Multipath_Project\dataset_generation_logs\batch_sage_execution\batch_sage_execution_20260824T021045Z\batch_execution_log.csv,77c20c0ed6c84fa0348db429948a8bd4900b2e8d86a6d8843b159b9a7a35cf00,af368feba90797584d7690d4927ed32de604651a5a62662f4adce348a89e4bb4,validated_only,A_pipeline_validation_batch,0,eligible_pending_modeling_qa,sage-event-path-db-v1
F1023_V80_D0117_P8__G28__ch6__nav_sage_v2__ingestion_20260825_event_path_v1,F1023_V80_D0117_P8__G28__ch6__nav_sage_v2,F1023_V80_D0117_P8,standard_scene,G28,G,28,6,GPS_L1_CA,10230000,external_storage_or_scene_local,E:\AAGNSSSDR_input\raw_data\F1023_V80_D0117_P8.bin,E:\GNSS_Multipath_Project\scenes\F1023_V80_D0117_P8\gnss_sdr\tracking\F1023_V80_D0117_P8_track_ch_6.mat,E:\GNSS_Multipath_Project\scenes\F1023_V80_D0117_P8\gnss_sdr\telemetry\F1023_V80_D0117_P8_telemetry_ch_6.dat,E:\GNSS_Multipath_Project\scenes\F1023_V80_D0117_P8\navigation\rinex_nav\RINEXFILE.26N,E:\GNSS_Multipath_Project\scenes\F1023_V80_D0117_P8\trajectory\F1023_V80_D0117_P8_trajectory.nmea,"[""E:\\GNSS_Multipath_Project\\scenes\\F1023_V80_D0117_P8\\satellite\\F1023_V80_D0117_P8_satellite_elevation_summary.csv"", ""E:\\GNSS_Multipath_Project\\scenes\\F1023_V80_D0117_P8\\satellite\\F1023_V80_D0117_P8_satellite_elevation_timeseries.csv""]",nav_sage_pipeline,,nav_sage_v2,1,not_recorded,,bffc123c97af77f0a797f417d3866e9a34feab7729c5c1575352f53bc3571b9c,2026-08-24T03:44:02Z,scenes/F1023_V80_D0117_P8/sage_results/nav_sage_v2/G28,1814ebd685b296e288e5c1f55dd9c559282e54c11bdf0415cc7608c4dde04b28,sage-event-path-db-v1/ingest-v1,complete,complete,complete,complete,complete,complete,1144,1142,1142,111,35,19,36,21,76,57,17,8,3,3,pass,0,windows_unattended_F1023_V80_D0117_P8__G28_20260819T004818Z_049,3d1a2daee7128584eda46635b171997bc1fb9b407e422444735446d7117d9861,E:\GNSS_Multipath_Project\docs\10MHz_FULL_SAGE_UNATTENDED_BATCH_20260819_QA_REPORT.md,E:\GNSS_Multipath_Project\dataset_generation_logs\batch_sage_execution\batch_sage_execution_20260824T034350Z\batch_execution_log.csv,77c20c0ed6c84fa0348db429948a8bd4900b2e8d86a6d8843b159b9a7a35cf00,af368feba90797584d7690d4927ed32de604651a5a62662f4adce348a89e4bb4,validated_only,A_pipeline_validation_batch,0,eligible_pending_modeling_qa,sage-event-path-db-v1
F1023_V80_D0117_P8__G29__ch9__nav_sage_v2__ingestion_20260825_event_path_v1,F1023_V80_D0117_P8__G29__ch9__nav_sage_v2,F1023_V80_D0117_P8,standard_scene,G29,G,29,9,GPS_L1_CA,10230000,external_storage_or_scene_local,E:\AAGNSSSDR_input\raw_data\F1023_V80_D0117_P8.bin,E:\GNSS_Multipath_Project\scenes\F1023_V80_D0117_P8\gnss_sdr\tracking\F1023_V80_D0117_P8_track_ch_9.mat,E:\GNSS_Multipath_Project\scenes\F1023_V80_D0117_P8\gnss_sdr\telemetry\F1023_V80_D0117_P8_telemetry_ch_9.dat,E:\GNSS_Multipath_Project\scenes\F1023_V80_D0117_P8\navigation\rinex_nav\RINEXFILE.26N,E:\GNSS_Multipath_Project\scenes\F1023_V80_D0117_P8\trajectory\F1023_V80_D0117_P8_trajectory.nmea,"[""E:\\GNSS_Multipath_Project\\scenes\\F1023_V80_D0117_P8\\satellite\\F1023_V80_D0117_P8_satellite_elevation_summary.csv"", ""E:\\GNSS_Multipath_Project\\scenes\\F1023_V80_D0117_P8\\satellite\\F1023_V80_D0117_P8_satellite_elevation_timeseries.csv""]",nav_sage_pipeline,,nav_sage_v2,1,not_recorded,,bffc123c97af77f0a797f417d3866e9a34feab7729c5c1575352f53bc3571b9c,2026-08-24T05:28:31Z,scenes/F1023_V80_D0117_P8/sage_results/nav_sage_v2/G29,d5d1d8d4cbfd501d71fd559d3dde7feae087574c3873c95877488ec5e7beff3f,sage-event-path-db-v1/ingest-v1,complete,complete,complete,complete,complete,complete,1144,1142,1142,116,52,10,33,21,64,54,10,8,1,1,pass,0,windows_unattended_F1023_V80_D0117_P8__G29_20260819T004818Z_050,f6dd25b3b2fec13ec5c57e8a522d73b9e403f389662af411a8d68c1ae18dbdd5,E:\GNSS_Multipath_Project\docs\10MHz_FULL_SAGE_UNATTENDED_BATCH_20260819_QA_REPORT.md,E:\GNSS_Multipath_Project\dataset_generation_logs\batch_sage_execution\batch_sage_execution_20260824T052821Z\batch_execution_log.csv,77c20c0ed6c84fa0348db429948a8bd4900b2e8d86a6d8843b159b9a7a35cf00,af368feba90797584d7690d4927ed32de604651a5a62662f4adce348a89e4bb4,validated_only,A_pipeline_validation_batch,0,eligible_pending_modeling_qa,sage-event-path-db-v1
F1023_V80_D0117_P8__G31__ch1__nav_sage_v2__ingestion_20260825_event_path_v1,F1023_V80_D0117_P8__G31__ch1__nav_sage_v2,F1023_V80_D0117_P8,standard_scene,G31,G,31,1,GPS_L1_CA,10230000,external_storage_or_scene_local,E:\AAGNSSSDR_input\raw_data\F1023_V80_D0117_P8.bin,E:\GNSS_Multipath_Project\scenes\F1023_V80_D0117_P8\gnss_sdr\tracking\F1023_V80_D0117_P8_track_ch_1.mat,E:\GNSS_Multipath_Project\scenes\F1023_V80_D0117_P8\gnss_sdr\telemetry\F1023_V80_D0117_P8_telemetry_ch_1.dat,E:\GNSS_Multipath_Project\scenes\F1023_V80_D0117_P8\navigation\rinex_nav\RINEXFILE.26N,E:\GNSS_Multipath_Project\scenes\F1023_V80_D0117_P8\trajectory\F1023_V80_D0117_P8_trajectory.nmea,"[""E:\\GNSS_Multipath_Project\\scenes\\F1023_V80_D0117_P8\\satellite\\F1023_V80_D0117_P8_satellite_elevation_summary.csv"", ""E:\\GNSS_Multipath_Project\\scenes\\F1023_V80_D0117_P8\\satellite\\F1023_V80_D0117_P8_satellite_elevation_timeseries.csv""]",nav_sage_pipeline,,nav_sage_v2,1,not_recorded,,bffc123c97af77f0a797f417d3866e9a34feab7729c5c1575352f53bc3571b9c,2026-08-24T06:53:21Z,scenes/F1023_V80_D0117_P8/sage_results/nav_sage_v2/G31,6027a1e4e53eb7d09575380a04a29d9ecb1d8991b2b031a9bd1298a988244536,sage-event-path-db-v1/ingest-v1,complete,complete,complete,complete,empty_valid,empty_valid,900,898,898,68,57,10,1,0,11,1,0,0,0,0,pass,0,windows_unattended_F1023_V80_D0117_P8__G31_20260819T004818Z_051,a2a8b567fae623a00fb0d349fd943d64131f66cbc5d5c5b7beface122e67c108,E:\GNSS_Multipath_Project\docs\10MHz_FULL_SAGE_UNATTENDED_BATCH_20260819_QA_REPORT.md,E:\GNSS_Multipath_Project\dataset_generation_logs\batch_sage_execution\batch_sage_execution_20260824T065312Z\batch_execution_log.csv,77c20c0ed6c84fa0348db429948a8bd4900b2e8d86a6d8843b159b9a7a35cf00,af368feba90797584d7690d4927ed32de604651a5a62662f4adce348a89e4bb4,validated_only,A_pipeline_validation_batch,0,eligible_pending_modeling_qa,sage-event-path-db-v1
F1023_V80_D0117_P8__G32__ch11__nav_sage_v2__ingestion_20260825_event_path_v1,F1023_V80_D0117_P8__G32__ch11__nav_sage_v2,F1023_V80_D0117_P8,standard_scene,G32,G,32,11,GPS_L1_CA,10230000,external_storage_or_scene_local,E:\AAGNSSSDR_input\raw_data\F1023_V80_D0117_P8.bin,E:\GNSS_Multipath_Project\scenes\F1023_V80_D0117_P8\gnss_sdr\tracking\F1023_V80_D0117_P8_track_ch_11.mat,E:\GNSS_Multipath_Project\scenes\F1023_V80_D0117_P8\gnss_sdr\telemetry\F1023_V80_D0117_P8_telemetry_ch_11.dat,E:\GNSS_Multipath_Project\scenes\F1023_V80_D0117_P8\navigation\rinex_nav\RINEXFILE.26N,E:\GNSS_Multipath_Project\scenes\F1023_V80_D0117_P8\trajectory\F1023_V80_D0117_P8_trajectory.nmea,"[""E:\\GNSS_Multipath_Project\\scenes\\F1023_V80_D0117_P8\\satellite\\F1023_V80_D0117_P8_satellite_elevation_summary.csv"", ""E:\\GNSS_Multipath_Project\\scenes\\F1023_V80_D0117_P8\\satellite\\F1023_V80_D0117_P8_satellite_elevation_timeseries.csv""]",nav_sage_pipeline,,nav_sage_v2,1,not_recorded,,bffc123c97af77f0a797f417d3866e9a34feab7729c5c1575352f53bc3571b9c,2026-08-24T07:42:44Z,scenes/F1023_V80_D0117_P8/sage_results/nav_sage_v2/G32,b5f7b473c7ae5c0ee7a23fc121c01ac13338a8e211f317c617296fbeaf2dacf7,sage-event-path-db-v1/ingest-v1,complete,complete,complete,complete,empty_valid,empty_valid,1140,1134,1134,54,54,0,0,0,0,0,0,0,0,0,pass,0,windows_unattended_F1023_V80_D0117_P8__G32_20260819T004818Z_052,4fe94224c59bd71ed45886129bc0051cf85d7c7f3812544a0827877947f9bf0e,E:\GNSS_Multipath_Project\docs\10MHz_FULL_SAGE_UNATTENDED_BATCH_20260819_QA_REPORT.md,E:\GNSS_Multipath_Project\dataset_generation_logs\batch_sage_execution\batch_sage_execution_20260824T074234Z\batch_execution_log.csv,77c20c0ed6c84fa0348db429948a8bd4900b2e8d86a6d8843b159b9a7a35cf00,af368feba90797584d7690d4927ed32de604651a5a62662f4adce348a89e4bb4,validated_only,A_pipeline_validation_batch,0,eligible_pending_modeling_qa,sage-event-path-db-v1
F1023_v90_D0117_P7__G12__ch10__nav_sage_v2__ingestion_20260825_event_path_v1,F1023_v90_D0117_P7__G12__ch10__nav_sage_v2,F1023_v90_D0117_P7,standard_scene,G12,G,12,10,GPS_L1_CA,10230000,external_storage_or_scene_local,E:\AAGNSSSDR_input\raw_data\F1023_v90_D0117_P7.bin,E:\GNSS_Multipath_Project\scenes\F1023_v90_D0117_P7\gnss_sdr\tracking\F1023_v90_D0117_P7_track_ch_10.mat,E:\GNSS_Multipath_Project\scenes\F1023_v90_D0117_P7\gnss_sdr\telemetry\F1023_v90_D0117_P7_telemetry_ch_10.dat,E:\GNSS_Multipath_Project\scenes\F1023_v90_D0117_P7\navigation\rinex_nav\RINEXFILE.26N,E:\GNSS_Multipath_Project\scenes\F1023_v90_D0117_P7\trajectory\F1023_v90_D0117_P7_trajectory.nmea,"[""E:\\GNSS_Multipath_Project\\scenes\\F1023_v90_D0117_P7\\satellite\\F1023_v90_D0117_P7_satellite_elevation_summary.csv"", ""E:\\GNSS_Multipath_Project\\scenes\\F1023_v90_D0117_P7\\satellite\\F1023_v90_D0117_P7_satellite_elevation_timeseries.csv""]",nav_sage_pipeline,,nav_sage_v2,1,not_recorded,,bffc123c97af77f0a797f417d3866e9a34feab7729c5c1575352f53bc3571b9c,2026-08-24T08:27:08Z,scenes/F1023_v90_D0117_P7/sage_results/nav_sage_v2/G12,21769fc9b02535e62e1c66493241571ff51ab7654f97f70cc31f79da872d87ca,sage-event-path-db-v1/ingest-v1,complete,complete,complete,complete,complete,complete,992,988,988,107,43,11,34,19,64,53,4,4,0,0,pass,0,windows_unattended_F1023_v90_D0117_P7__G12_20260819T004818Z_053,2cb2b499d5f4d9af5b7ae9b79f3898d154395b4289e8310e1bca3c1f1afe5240,E:\GNSS_Multipath_Project\docs\10MHz_FULL_SAGE_UNATTENDED_BATCH_20260819_QA_REPORT.md,E:\GNSS_Multipath_Project\dataset_generation_logs\batch_sage_execution\batch_sage_execution_20260824T082658Z\batch_execution_log.csv,77c20c0ed6c84fa0348db429948a8bd4900b2e8d86a6d8843b159b9a7a35cf00,af368feba90797584d7690d4927ed32de604651a5a62662f4adce348a89e4bb4,validated_only,A_pipeline_validation_batch,0,eligible_pending_modeling_qa,sage-event-path-db-v1
F1023_v90_D0117_P7__G25__ch0__nav_sage_v2__ingestion_20260825_event_path_v1,F1023_v90_D0117_P7__G25__ch0__nav_sage_v2,F1023_v90_D0117_P7,standard_scene,G25,G,25,0,GPS_L1_CA,10230000,external_storage_or_scene_local,E:\AAGNSSSDR_input\raw_data\F1023_v90_D0117_P7.bin,E:\GNSS_Multipath_Project\scenes\F1023_v90_D0117_P7\gnss_sdr\tracking\F1023_v90_D0117_P7_track_ch_0.mat,E:\GNSS_Multipath_Project\scenes\F1023_v90_D0117_P7\gnss_sdr\telemetry\F1023_v90_D0117_P7_telemetry_ch_0.dat,E:\GNSS_Multipath_Project\scenes\F1023_v90_D0117_P7\navigation\rinex_nav\RINEXFILE.26N,E:\GNSS_Multipath_Project\scenes\F1023_v90_D0117_P7\trajectory\F1023_v90_D0117_P7_trajectory.nmea,"[""E:\\GNSS_Multipath_Project\\scenes\\F1023_v90_D0117_P7\\satellite\\F1023_v90_D0117_P7_satellite_elevation_summary.csv"", ""E:\\GNSS_Multipath_Project\\scenes\\F1023_v90_D0117_P7\\satellite\\F1023_v90_D0117_P7_satellite_elevation_timeseries.csv""]",nav_sage_pipeline,,nav_sage_v2,1,not_recorded,,bffc123c97af77f0a797f417d3866e9a34feab7729c5c1575352f53bc3571b9c,2026-08-24T09:42:46Z,scenes/F1023_v90_D0117_P7/sage_results/nav_sage_v2/G25,5304821fd96605f29bb05bd91c9fc352023de5996697ecb74a1d913dac1cd010,sage-event-path-db-v1/ingest-v1,complete,complete,complete,complete,complete,complete,1592,1590,1590,109,43,10,13,43,66,56,4,4,2,2,pass,0,windows_unattended_F1023_v90_D0117_P7__G25_20260819T004818Z_054,7b49530dc8c06711b3a5d3e5ab8ed95a016556636715066774612cf05fb8ddda,E:\GNSS_Multipath_Project\docs\10MHz_FULL_SAGE_UNATTENDED_BATCH_20260819_QA_REPORT.md,E:\GNSS_Multipath_Project\dataset_generation_logs\batch_sage_execution\batch_sage_execution_20260824T094236Z\batch_execution_log.csv,77c20c0ed6c84fa0348db429948a8bd4900b2e8d86a6d8843b159b9a7a35cf00,af368feba90797584d7690d4927ed32de604651a5a62662f4adce348a89e4bb4,validated_only,A_pipeline_validation_batch,0,eligible_pending_modeling_qa,sage-event-path-db-v1
F1023_v90_D0117_P7__G28__ch4__nav_sage_v2__ingestion_20260825_event_path_v1,F1023_v90_D0117_P7__G28__ch4__nav_sage_v2,F1023_v90_D0117_P7,standard_scene,G28,G,28,4,GPS_L1_CA,10230000,external_storage_or_scene_local,E:\AAGNSSSDR_input\raw_data\F1023_v90_D0117_P7.bin,E:\GNSS_Multipath_Project\scenes\F1023_v90_D0117_P7\gnss_sdr\tracking\F1023_v90_D0117_P7_track_ch_4.mat,E:\GNSS_Multipath_Project\scenes\F1023_v90_D0117_P7\gnss_sdr\telemetry\F1023_v90_D0117_P7_telemetry_ch_4.dat,E:\GNSS_Multipath_Project\scenes\F1023_v90_D0117_P7\navigation\rinex_nav\RINEXFILE.26N,E:\GNSS_Multipath_Project\scenes\F1023_v90_D0117_P7\trajectory\F1023_v90_D0117_P7_trajectory.nmea,"[""E:\\GNSS_Multipath_Project\\scenes\\F1023_v90_D0117_P7\\satellite\\F1023_v90_D0117_P7_satellite_elevation_summary.csv"", ""E:\\GNSS_Multipath_Project\\scenes\\F1023_v90_D0117_P7\\satellite\\F1023_v90_D0117_P7_satellite_elevation_timeseries.csv""]",nav_sage_pipeline,,nav_sage_v2,1,not_recorded,,bffc123c97af77f0a797f417d3866e9a34feab7729c5c1575352f53bc3571b9c,2026-08-24T11:16:55Z,scenes/F1023_v90_D0117_P7/sage_results/nav_sage_v2/G28,32f840ac646be6310742a351738ff6b25d9a789ff35f814368f388aee3cc2fab,sage-event-path-db-v1/ingest-v1,complete,complete,complete,complete,complete,complete,92,90,90,73,30,8,28,7,43,35,6,6,1,1,pass,0,windows_unattended_F1023_v90_D0117_P7__G28_20260819T004818Z_055,eb258990a2e659ac1467c000f16b0bc60f70517cd00a91458f31471378945fdf,E:\GNSS_Multipath_Project\docs\10MHz_FULL_SAGE_UNATTENDED_BATCH_20260819_QA_REPORT.md,E:\GNSS_Multipath_Project\dataset_generation_logs\batch_sage_execution\batch_sage_execution_20260824T111644Z\batch_execution_log.csv,77c20c0ed6c84fa0348db429948a8bd4900b2e8d86a6d8843b159b9a7a35cf00,af368feba90797584d7690d4927ed32de604651a5a62662f4adce348a89e4bb4,validated_only,A_pipeline_validation_batch,0,eligible_pending_modeling_qa,sage-event-path-db-v1
F1023_v90_D0117_P7__G29__ch11__nav_sage_v2__ingestion_20260825_event_path_v1,F1023_v90_D0117_P7__G29__ch11__nav_sage_v2,F1023_v90_D0117_P7,standard_scene,G29,G,29,11,GPS_L1_CA,10230000,external_storage_or_scene_local,E:\AAGNSSSDR_input\raw_data\F1023_v90_D0117_P7.bin,E:\GNSS_Multipath_Project\scenes\F1023_v90_D0117_P7\gnss_sdr\tracking\F1023_v90_D0117_P7_track_ch_11.mat,E:\GNSS_Multipath_Project\scenes\F1023_v90_D0117_P7\gnss_sdr\telemetry\F1023_v90_D0117_P7_telemetry_ch_11.dat,E:\GNSS_Multipath_Project\scenes\F1023_v90_D0117_P7\navigation\rinex_nav\RINEXFILE.26N,E:\GNSS_Multipath_Project\scenes\F1023_v90_D0117_P7\trajectory\F1023_v90_D0117_P7_trajectory.nmea,"[""E:\\GNSS_Multipath_Project\\scenes\\F1023_v90_D0117_P7\\satellite\\F1023_v90_D0117_P7_satellite_elevation_summary.csv"", ""E:\\GNSS_Multipath_Project\\scenes\\F1023_v90_D0117_P7\\satellite\\F1023_v90_D0117_P7_satellite_elevation_timeseries.csv""]",nav_sage_pipeline,,nav_sage_v2,1,not_recorded,,bffc123c97af77f0a797f417d3866e9a34feab7729c5c1575352f53bc3571b9c,2026-08-24T12:01:01Z,scenes/F1023_v90_D0117_P7/sage_results/nav_sage_v2/G29,9b93d8d9510071bf978f283603a0b73197b021430c3932f9067d6d3e860030f6,sage-event-path-db-v1/ingest-v1,complete,complete,complete,complete,complete,complete,1592,1590,1590,110,47,14,38,11,63,49,6,6,0,0,pass,0,windows_unattended_F1023_v90_D0117_P7__G29_20260819T004818Z_056,53d1476df31803a453d1cf1c3412f468d2a4334664b1b64f2708928d2bf77e90,E:\GNSS_Multipath_Project\docs\10MHz_FULL_SAGE_UNATTENDED_BATCH_20260819_QA_REPORT.md,E:\GNSS_Multipath_Project\dataset_generation_logs\batch_sage_execution\batch_sage_execution_20260824T120051Z\batch_execution_log.csv,77c20c0ed6c84fa0348db429948a8bd4900b2e8d86a6d8843b159b9a7a35cf00,af368feba90797584d7690d4927ed32de604651a5a62662f4adce348a89e4bb4,validated_only,A_pipeline_validation_batch,0,eligible_pending_modeling_qa,sage-event-path-db-v1
F1023_v90_D0117_P7__G32__ch5__nav_sage_v2__ingestion_20260825_event_path_v1,F1023_v90_D0117_P7__G32__ch5__nav_sage_v2,F1023_v90_D0117_P7,standard_scene,G32,G,32,5,GPS_L1_CA,10230000,external_storage_or_scene_local,E:\AAGNSSSDR_input\raw_data\F1023_v90_D0117_P7.bin,E:\GNSS_Multipath_Project\scenes\F1023_v90_D0117_P7\gnss_sdr\tracking\F1023_v90_D0117_P7_track_ch_5.mat,E:\GNSS_Multipath_Project\scenes\F1023_v90_D0117_P7\gnss_sdr\telemetry\F1023_v90_D0117_P7_telemetry_ch_5.dat,E:\GNSS_Multipath_Project\scenes\F1023_v90_D0117_P7\navigation\rinex_nav\RINEXFILE.26N,E:\GNSS_Multipath_Project\scenes\F1023_v90_D0117_P7\trajectory\F1023_v90_D0117_P7_trajectory.nmea,"[""E:\\GNSS_Multipath_Project\\scenes\\F1023_v90_D0117_P7\\satellite\\F1023_v90_D0117_P7_satellite_elevation_summary.csv"", ""E:\\GNSS_Multipath_Project\\scenes\\F1023_v90_D0117_P7\\satellite\\F1023_v90_D0117_P7_satellite_elevation_timeseries.csv""]",nav_sage_pipeline,,nav_sage_v2,1,not_recorded,,bffc123c97af77f0a797f417d3866e9a34feab7729c5c1575352f53bc3571b9c,2026-08-24T13:38:40Z,scenes/F1023_v90_D0117_P7/sage_results/nav_sage_v2/G32,e52b8787d24e43a0f14f6d88badfbf0031c28dbccfb2f7bed242dbe9db3a2ee5,sage-event-path-db-v1/ingest-v1,complete,complete,complete,complete,complete,complete,1592,1590,1590,110,64,28,16,2,46,18,9,8,4,4,pass,0,windows_unattended_F1023_v90_D0117_P7__G32_20260819T004818Z_057,b8b1140d6b70d0148c58dbb311a70256054d9d2ec492b37988780d011fead6dc,E:\GNSS_Multipath_Project\docs\10MHz_FULL_SAGE_UNATTENDED_BATCH_20260819_QA_REPORT.md,E:\GNSS_Multipath_Project\dataset_generation_logs\batch_sage_execution\batch_sage_execution_20260824T133829Z\batch_execution_log.csv,77c20c0ed6c84fa0348db429948a8bd4900b2e8d86a6d8843b159b9a7a35cf00,af368feba90797584d7690d4927ed32de604651a5a62662f4adce348a89e4bb4,validated_only,A_pipeline_validation_batch,0,eligible_pending_modeling_qa,sage-event-path-db-v1
F1023_V70_D0117_P2__G06__ch4__G06_nav_sage_v1__ingestion_20260825_event_path_v1,F1023_V70_D0117_P2__G06__ch4__G06_nav_sage_v1,F1023_V70_D0117_P2,reference_scene,G06,G,06,4,GPS_L1_CA,10230000,external_storage_or_scene_local,,,,,,"[""E:\\GNSS_Multipath_Project\\scenes\\F1023_V70_D0117_P2\\satellite\\F1023_V70_D0117_P2_satellite_elevation_summary.csv""]",nav_sage_pipeline,,G06_nav_sage_v1,,not_recorded,,,,scenes/F1023_V70_D0117_P2/sage_results/G06_nav_sage_v1,d749d27a24e06569099f3e4b6c96498677d577939a856c1b85c03f365c30a324,sage-event-path-db-v1/ingest-v1,complete,complete,complete,complete,complete,complete,321,319,319,95,8,29,17,41,87,58,2,2,2,4,pass,0,,,E:\GNSS_Multipath_Project\scenes\F1023_V70_D0117_P2\sage_results\reference_scene_final_validation_report.md,,,,reference_validation,reference_fixture,1,excluded_legacy_context_missing,sage-event-path-db-v1
F1023_V70_D0117_P2__G11__ch5__nav_sage_v2__ingestion_20260825_event_path_v1,F1023_V70_D0117_P2__G11__ch5__nav_sage_v2,F1023_V70_D0117_P2,reference_scene,G11,G,11,5,GPS_L1_CA,10230000,external_storage_or_scene_local,E:\GNSS_Multipath_Project\scenes\F1023_V70_D0117_P2\raw\F1023_V70_D0117_P2.bin,E:\GNSS_Multipath_Project\scenes\F1023_V70_D0117_P2\gnss_sdr\tracking\F1023_V70_D0117_P2_track_ch_5.mat,E:\GNSS_Multipath_Project\scenes\F1023_V70_D0117_P2\gnss_sdr\telemetry\F1023_V70_D0117_P2_telemetry_ch_5.dat,E:\GNSS_Multipath_Project\scenes\F1023_V70_D0117_P2\navigation\rinex_nav\RINEXFILE.26N,E:\GNSS_Multipath_Project\scenes\F1023_V70_D0117_P2\trajectory\F1023_V70_D0117_P2_trajectory.nmea,"[""E:\\GNSS_Multipath_Project\\scenes\\F1023_V70_D0117_P2\\satellite\\F1023_V70_D0117_P2_satellite_elevation_summary.csv"", ""E:\\GNSS_Multipath_Project\\scenes\\F1023_V70_D0117_P2\\satellite\\F1023_V70_D0117_P2_satellite_elevation_timeseries.csv""]",nav_sage_pipeline,,nav_sage_v2,1,not_recorded,,,2026-08-06T08:33:47Z,scenes/F1023_V70_D0117_P2/sage_results/nav_sage_v2/G11,2cdffd7218a30ccf9bd73f913df94db417f2069e13e346cf238dec3977fe7021,sage-event-path-db-v1/ingest-v1,complete,complete,complete,complete,complete,complete,1177,1175,1175,101,45,4,22,30,56,52,7,7,1,1,pass,0,,,E:\GNSS_Multipath_Project\scenes\F1023_V70_D0117_P2\sage_results\reference_scene_final_validation_report.md,,,,reference_validation,reference_fixture,0,eligible_pending_modeling_qa,sage-event-path-db-v1
F1023_V70_D0117_P2__G12__ch6__nav_sage_v2__ingestion_20260825_event_path_v1,F1023_V70_D0117_P2__G12__ch6__nav_sage_v2,F1023_V70_D0117_P2,reference_scene,G12,G,12,6,GPS_L1_CA,10230000,external_storage_or_scene_local,E:\GNSS_Multipath_Project\scenes\F1023_V70_D0117_P2\raw\F1023_V70_D0117_P2.bin,E:\GNSS_Multipath_Project\scenes\F1023_V70_D0117_P2\gnss_sdr\tracking\F1023_V70_D0117_P2_track_ch_6.mat,E:\GNSS_Multipath_Project\scenes\F1023_V70_D0117_P2\gnss_sdr\telemetry\F1023_V70_D0117_P2_telemetry_ch_6.dat,E:\GNSS_Multipath_Project\scenes\F1023_V70_D0117_P2\navigation\rinex_nav\RINEXFILE.26N,E:\GNSS_Multipath_Project\scenes\F1023_V70_D0117_P2\trajectory\F1023_V70_D0117_P2_trajectory.nmea,"[""E:\\GNSS_Multipath_Project\\scenes\\F1023_V70_D0117_P2\\satellite\\F1023_V70_D0117_P2_satellite_elevation_summary.csv"", ""E:\\GNSS_Multipath_Project\\scenes\\F1023_V70_D0117_P2\\satellite\\F1023_V70_D0117_P2_satellite_elevation_timeseries.csv""]",nav_sage_pipeline,,nav_sage_v2,1,not_recorded,,,2026-08-07T07:15:28Z,scenes/F1023_V70_D0117_P2/sage_results/nav_sage_v2/G12,0bdff018eea20e09eaf68c1ad4a0e25dbdc9b1556307434a16083f23c40fbd98,sage-event-path-db-v1/ingest-v1,complete,complete,complete,complete,complete,complete,1177,1175,1175,96,38,12,1,45,58,46,4,4,2,2,pass,0,,,E:\GNSS_Multipath_Project\scenes\F1023_V70_D0117_P2\sage_results\reference_scene_final_validation_report.md,,,,reference_validation,reference_fixture,0,eligible_pending_modeling_qa,sage-event-path-db-v1
F1023_V70_D0117_P2__G25__ch0__nav_sage_v2__ingestion_20260825_event_path_v1,F1023_V70_D0117_P2__G25__ch0__nav_sage_v2,F1023_V70_D0117_P2,reference_scene,G25,G,25,0,GPS_L1_CA,10230000,external_storage_or_scene_local,E:\GNSS_Multipath_Project\scenes\F1023_V70_D0117_P2\raw\F1023_V70_D0117_P2.bin,E:\GNSS_Multipath_Project\scenes\F1023_V70_D0117_P2\gnss_sdr\tracking\F1023_V70_D0117_P2_track_ch_0.mat,E:\GNSS_Multipath_Project\scenes\F1023_V70_D0117_P2\gnss_sdr\telemetry\F1023_V70_D0117_P2_telemetry_ch_0.dat,E:\GNSS_Multipath_Project\scenes\F1023_V70_D0117_P2\navigation\rinex_nav\RINEXFILE.26N,E:\GNSS_Multipath_Project\scenes\F1023_V70_D0117_P2\trajectory\F1023_V70_D0117_P2_trajectory.nmea,"[""E:\\GNSS_Multipath_Project\\scenes\\F1023_V70_D0117_P2\\satellite\\F1023_V70_D0117_P2_satellite_elevation_summary.csv"", ""E:\\GNSS_Multipath_Project\\scenes\\F1023_V70_D0117_P2\\satellite\\F1023_V70_D0117_P2_satellite_elevation_timeseries.csv""]",nav_sage_pipeline,,nav_sage_v2,1,not_recorded,,,2026-08-06T06:56:53Z,scenes/F1023_V70_D0117_P2/sage_results/nav_sage_v2/G25,636ec4370600ba5aaccd76e8eb039aee9ef4363747546085f53eb4c11180014d,sage-event-path-db-v1/ingest-v1,complete,complete,complete,complete,empty_valid,empty_valid,1177,1175,1175,52,40,2,0,10,12,10,0,0,0,0,pass,0,,,E:\GNSS_Multipath_Project\scenes\F1023_V70_D0117_P2\sage_results\reference_scene_final_validation_report.md,,,,reference_validation,reference_fixture,0,eligible_pending_modeling_qa,sage-event-path-db-v1
F1023_V70_D0117_P2__G28__ch1__nav_sage_v2__ingestion_20260825_event_path_v1,F1023_V70_D0117_P2__G28__ch1__nav_sage_v2,F1023_V70_D0117_P2,reference_scene,G28,G,28,1,GPS_L1_CA,10230000,external_storage_or_scene_local,E:\GNSS_Multipath_Project\scenes\F1023_V70_D0117_P2\raw\F1023_V70_D0117_P2.bin,E:\GNSS_Multipath_Project\scenes\F1023_V70_D0117_P2\gnss_sdr\tracking\F1023_V70_D0117_P2_track_ch_1.mat,E:\GNSS_Multipath_Project\scenes\F1023_V70_D0117_P2\gnss_sdr\telemetry\F1023_V70_D0117_P2_telemetry_ch_1.dat,E:\GNSS_Multipath_Project\scenes\F1023_V70_D0117_P2\navigation\rinex_nav\RINEXFILE.26N,E:\GNSS_Multipath_Project\scenes\F1023_V70_D0117_P2\trajectory\F1023_V70_D0117_P2_trajectory.nmea,"[""E:\\GNSS_Multipath_Project\\scenes\\F1023_V70_D0117_P2\\satellite\\F1023_V70_D0117_P2_satellite_elevation_summary.csv"", ""E:\\GNSS_Multipath_Project\\scenes\\F1023_V70_D0117_P2\\satellite\\F1023_V70_D0117_P2_satellite_elevation_timeseries.csv""]",nav_sage_pipeline,,nav_sage_v2,1,not_recorded,,,2026-08-06T07:46:32Z,scenes/F1023_V70_D0117_P2/sage_results/nav_sage_v2/G28,1b070c0ddf2aed92107a46ccfa7dbc47278732d49f002b349f7ccbd599304dc6,sage-event-path-db-v1/ingest-v1,complete,complete,complete,complete,complete,complete,900,898,898,54,42,4,5,3,12,8,2,2,0,0,pass,0,,,E:\GNSS_Multipath_Project\scenes\F1023_V70_D0117_P2\sage_results\reference_scene_final_validation_report.md,,,,reference_validation,reference_fixture,0,eligible_pending_modeling_qa,sage-event-path-db-v1
F1023_V70_D0117_P2__G29__ch7__nav_sage_v2__ingestion_20260825_event_path_v1,F1023_V70_D0117_P2__G29__ch7__nav_sage_v2,F1023_V70_D0117_P2,reference_scene,G29,G,29,7,GPS_L1_CA,10230000,external_storage_or_scene_local,E:\GNSS_Multipath_Project\scenes\F1023_V70_D0117_P2\raw\F1023_V70_D0117_P2.bin,E:\GNSS_Multipath_Project\scenes\F1023_V70_D0117_P2\gnss_sdr\tracking\F1023_V70_D0117_P2_track_ch_7.mat,E:\GNSS_Multipath_Project\scenes\F1023_V70_D0117_P2\gnss_sdr\telemetry\F1023_V70_D0117_P2_telemetry_ch_7.dat,E:\GNSS_Multipath_Project\scenes\F1023_V70_D0117_P2\navigation\rinex_nav\RINEXFILE.26N,E:\GNSS_Multipath_Project\scenes\F1023_V70_D0117_P2\trajectory\F1023_V70_D0117_P2_trajectory.nmea,"[""E:\\GNSS_Multipath_Project\\scenes\\F1023_V70_D0117_P2\\satellite\\F1023_V70_D0117_P2_satellite_elevation_summary.csv"", ""E:\\GNSS_Multipath_Project\\scenes\\F1023_V70_D0117_P2\\satellite\\F1023_V70_D0117_P2_satellite_elevation_timeseries.csv""]",nav_sage_pipeline,,nav_sage_v2,1,not_recorded,,,2026-08-07T08:55:37Z,scenes/F1023_V70_D0117_P2/sage_results/nav_sage_v2/G29,f2447d364de44856a9963411e03c4405047bfe3712a630c83ce7fe57a2f6b5cc,sage-event-path-db-v1/ingest-v1,complete,complete,complete,complete,complete,complete,1177,1175,1175,77,45,6,2,24,32,26,1,1,1,1,pass,0,,,E:\GNSS_Multipath_Project\scenes\F1023_V70_D0117_P2\sage_results\reference_scene_final_validation_report.md,,,,reference_validation,reference_fixture,0,eligible_pending_modeling_qa,sage-event-path-db-v1
F1023_V70_D0117_P2__G32__ch11__nav_sage_v2__ingestion_20260825_event_path_v1,F1023_V70_D0117_P2__G32__ch11__nav_sage_v2,F1023_V70_D0117_P2,reference_scene,G32,G,32,11,GPS_L1_CA,10230000,external_storage_or_scene_local,E:\GNSS_Multipath_Project\scenes\F1023_V70_D0117_P2\raw\F1023_V70_D0117_P2.bin,E:\GNSS_Multipath_Project\scenes\F1023_V70_D0117_P2\gnss_sdr\tracking\F1023_V70_D0117_P2_track_ch_11.mat,E:\GNSS_Multipath_Project\scenes\F1023_V70_D0117_P2\gnss_sdr\telemetry\F1023_V70_D0117_P2_telemetry_ch_11.dat,E:\GNSS_Multipath_Project\scenes\F1023_V70_D0117_P2\navigation\rinex_nav\RINEXFILE.26N,E:\GNSS_Multipath_Project\scenes\F1023_V70_D0117_P2\trajectory\F1023_V70_D0117_P2_trajectory.nmea,"[""E:\\GNSS_Multipath_Project\\scenes\\F1023_V70_D0117_P2\\satellite\\F1023_V70_D0117_P2_satellite_elevation_summary.csv"", ""E:\\GNSS_Multipath_Project\\scenes\\F1023_V70_D0117_P2\\satellite\\F1023_V70_D0117_P2_satellite_elevation_timeseries.csv""]",nav_sage_pipeline,,nav_sage_v2,1,not_recorded,,,2026-08-08T09:37:13Z,scenes/F1023_V70_D0117_P2/sage_results/nav_sage_v2/G32,6af9a3968767d95f16bc51500abca5edc18b5ad8e347e3a458923578c04039df,sage-event-path-db-v1/ingest-v1,complete,complete,complete,complete,complete,complete,1177,1175,1175,117,31,15,1,70,86,71,11,8,2,3,pass,0,,,E:\GNSS_Multipath_Project\scenes\F1023_V70_D0117_P2\sage_results\reference_scene_final_validation_report.md,,,,reference_validation,reference_fixture,0,eligible_pending_modeling_qa,sage-event-path-db-v1
