"asset_id","original_path","file_or_directory","size_bytes","modified_time","extension","suspected_direction","asset_category","authoritative_status","referenced_by_handoff","referenced_by_manifest","sha256_available","existing_sha256","notes"
"PA-00097","E:\0913DarkroomRx\highway_open_good_1023.bin","FILE","5650776576","2026-09-14 16:35:54",".bin","DARKROOM","RAW_IQ","CURRENT","Engineering handoff;Darkroom asset index","darkroom_rx_0913_gnss_sdr_v1_20260914","YES_EXISTING","7c7784d45334ff0f0f739b723b5c7fc6fb0ea50b503f8cbc903e745a63ff6ed3","Existing manifest SHA/format only; QA 6/8 PASS, 2/8 inconclusive; no IQ content opened."
"PA-00098","E:\0913DarkroomRx\highway_open_pool_1023.bin","FILE","5474812416","2026-09-14 16:37:32",".bin","DARKROOM","RAW_IQ","CURRENT","Engineering handoff;Darkroom asset index","darkroom_rx_0913_gnss_sdr_v1_20260914","YES_EXISTING","73cf21550bd90bf77b62470b91f91416d5e751f4e04bd44057ed0c28f0549eff","Existing manifest SHA/format only; QA 6/8 PASS, 2/8 inconclusive; no IQ content opened."
"PA-00099","E:\0913DarkroomRx\highway_rain_1023.bin","FILE","5523898880","2026-09-14 16:39:10",".bin","DARKROOM","RAW_IQ","CURRENT","Engineering handoff;Darkroom asset index","darkroom_rx_0913_gnss_sdr_v1_20260914","YES_EXISTING","3ba48646a8664e161c50cf0f136b8c8c0bd933fe021d33f336fd25e642b9a873","Existing manifest SHA/format only; QA 6/8 PASS, 2/8 inconclusive; no IQ content opened."
"PA-00100","E:\0913DarkroomRx\mountain_open_good_1023.bin","FILE","5093392896","2026-09-14 16:40:44",".bin","DARKROOM","RAW_IQ","CURRENT","Engineering handoff;Darkroom asset index","darkroom_rx_0913_gnss_sdr_v1_20260914","YES_EXISTING","197fbdb6cacb053374c57ee76c2f49aef855917fc8c3ec8676bf3192ae6cad4a","Existing manifest SHA/format only; QA 6/8 PASS, 2/8 inconclusive; no IQ content opened."
"PA-00101","E:\0913DarkroomRx\mountain_open_pool_1023.bin","FILE","5420220928","2026-09-14 16:42:22",".bin","DARKROOM","RAW_IQ","CURRENT","Engineering handoff;Darkroom asset index","darkroom_rx_0913_gnss_sdr_v1_20260914","YES_EXISTING","a272dd9a3813c77689b7d613da90179a6e87c243cff061ff9ecd19244121e832","Existing manifest SHA/format only; QA 6/8 PASS, 2/8 inconclusive; no IQ content opened."
"PA-00102","E:\0913DarkroomRx\mountain_rain_1023.bin","FILE","5634916864","2026-09-14 16:44:04",".bin","DARKROOM","RAW_IQ","CURRENT","Engineering handoff;Darkroom asset index","darkroom_rx_0913_gnss_sdr_v1_20260914","YES_EXISTING","09d9b69e576191d2c3d6b4ab778985e0ae2df5e223a5b6a85decdd97741e5f00","Existing manifest SHA/format only; QA 6/8 PASS, 2/8 inconclusive; no IQ content opened."
"PA-00103","E:\0913DarkroomRx\urban_open_good_1023.bin","FILE","5477696000","2026-09-14 16:45:44",".bin","DARKROOM","RAW_IQ","CURRENT","Engineering handoff;Darkroom asset index","darkroom_rx_0913_gnss_sdr_v1_20260914","YES_EXISTING","70ca53231a8bdfa7f68e003cd0eb44a279d2c745d39ec7e0f372403fc89e2f05","Existing manifest SHA/format only; QA 6/8 PASS, 2/8 inconclusive; no IQ content opened."
"PA-00104","E:\0913DarkroomRx\urban_open_pool_1023.bin","FILE","5471601152","2026-09-14 16:47:24",".bin","DARKROOM","RAW_IQ","CURRENT","Engineering handoff;Darkroom asset index","darkroom_rx_0913_gnss_sdr_v1_20260914","YES_EXISTING","66c032f9e77650a1187490cf92eab345b658594c3e76b1ff9a8a54a632d4ad7d","Existing manifest SHA/format only; QA 6/8 PASS, 2/8 inconclusive; no IQ content opened."
"PA-00185","E:\AAGNSSSDR_input\raw_data\F1023_V120_D0121_P2.bin","FILE","24612241920","2026-02-10 00:08:28",".bin","MAINLINE","MAINLINE_RAW_IQ","CURRENT","Engineering handoff","dataset/dataset_inventory.csv","NOT_RECOMPUTED_PHASE_A","","Raw contents not read; 10230000 Hz."
"PA-00189","E:\AAGNSSSDR_input\raw_data\F1023_v50_D0127_P1.bin","FILE","3882222080","2026-05-24 20:51:32",".bin","MAINLINE","MAINLINE_RAW_IQ","CURRENT","Engineering handoff","dataset/dataset_inventory.csv","NOT_RECOMPUTED_PHASE_A","","Raw contents not read; 10230000 Hz."
"PA-00261","E:\AAGNSSSDR_input\raw_data\F1023_V70_D0117_P2.bin","FILE","2512257536","2026-01-17 21:10:42",".bin","MAINLINE","UNVERIFIED_DUPLICATE_CANDIDATE","UNKNOWN","dataset_inventory references scene-local copy","","NOT_RECOMPUTED_PHASE_A","","Same basename/size/mtime as local; no content-hash comparison."
"PA-00197","E:\AAGNSSSDR_input\raw_data\F1023_V70_D0117_P4.bin","FILE","2648048128","2026-01-17 21:10:56",".bin","MAINLINE","MAINLINE_RAW_IQ","CURRENT","Engineering handoff","dataset/dataset_inventory.csv","NOT_RECOMPUTED_PHASE_A","","Raw contents not read; 10230000 Hz."
"PA-00201","E:\AAGNSSSDR_input\raw_data\F1023_V70_D0120_P1.bin","FILE","3657957888","2026-01-20 23:40:02",".bin","MAINLINE","MAINLINE_RAW_IQ","CURRENT","Engineering handoff","dataset/dataset_inventory.csv","NOT_RECOMPUTED_PHASE_A","","Raw contents not read; 10230000 Hz."
"PA-00205","E:\AAGNSSSDR_input\raw_data\F1023_V70_D0120_P5.bin","FILE","2541355520","2026-01-20 23:40:56",".bin","MAINLINE","MAINLINE_RAW_IQ","CURRENT","Engineering handoff","dataset/dataset_inventory.csv","NOT_RECOMPUTED_PHASE_A","","Raw contents not read; 10230000 Hz."
"PA-00209","E:\AAGNSSSDR_input\raw_data\F1023_V70_D0120_P7.bin","FILE","3537240576","2026-01-20 23:41:46",".bin","MAINLINE","MAINLINE_RAW_IQ","CURRENT","Engineering handoff","dataset/dataset_inventory.csv","NOT_RECOMPUTED_PHASE_A","","Raw contents not read; 10230000 Hz."
"PA-00213","E:\AAGNSSSDR_input\raw_data\F1023_V70_D0120_P8.bin","FILE","2493841920","2026-01-20 23:42:02",".bin","MAINLINE","MAINLINE_RAW_IQ","CURRENT","Engineering handoff","dataset/dataset_inventory.csv","NOT_RECOMPUTED_PHASE_A","","Raw contents not read; 10230000 Hz."
"PA-00217","E:\AAGNSSSDR_input\raw_data\F1023_V70_D0120_P9.bin","FILE","3405578752","2026-01-20 23:42:28",".bin","MAINLINE","MAINLINE_RAW_IQ","CURRENT","Engineering handoff","dataset/dataset_inventory.csv","NOT_RECOMPUTED_PHASE_A","","Raw contents not read; 10230000 Hz."
"PA-00221","E:\AAGNSSSDR_input\raw_data\F1023_V70_D0122_P1.bin","FILE","2491810304","2026-02-09 23:39:18",".bin","MAINLINE","MAINLINE_RAW_IQ","CURRENT","Engineering handoff","dataset/dataset_inventory.csv","NOT_RECOMPUTED_PHASE_A","","Raw contents not read; 10230000 Hz."
"PA-00225","E:\AAGNSSSDR_input\raw_data\F1023_V70_D0122_P2.bin","FILE","5097652736","2026-02-09 23:57:32",".bin","MAINLINE","MAINLINE_RAW_IQ","CURRENT","Engineering handoff","dataset/dataset_inventory.csv","NOT_RECOMPUTED_PHASE_A","","Raw contents not read; 10230000 Hz."
"PA-00229","E:\AAGNSSSDR_input\raw_data\F1023_V80_D0117_P8.bin","FILE","2609840640","2026-01-17 21:11:10",".bin","MAINLINE","MAINLINE_RAW_IQ","CURRENT","Engineering handoff","dataset/dataset_inventory.csv","NOT_RECOMPUTED_PHASE_A","","Raw contents not read; 10230000 Hz."
"PA-00233","E:\AAGNSSSDR_input\raw_data\F1023_v90_D0117_P7.bin","FILE","2496070144","2026-01-17 21:12:24",".bin","MAINLINE","MAINLINE_RAW_IQ","CURRENT","Engineering handoff","dataset/dataset_inventory.csv","NOT_RECOMPUTED_PHASE_A","","Raw contents not read; 10230000 Hz."
"PA-00237","E:\AAGNSSSDR_input\raw_data\F2046_V30_D0131_P2.bin","FILE","5165941248","2026-02-10 00:19:34",".bin","MAINLINE","MAINLINE_RAW_IQ","CURRENT","Engineering handoff","dataset/dataset_inventory.csv","NOT_RECOMPUTED_PHASE_A","","Raw contents not read; 20460000 Hz."
"PA-00240","E:\AAGNSSSDR_input\raw_data\F2046_V30_D0131_P4.bin","FILE","5020779008","2026-02-10 00:23:10",".bin","MAINLINE","MAINLINE_RAW_IQ","CURRENT","Engineering handoff","dataset/dataset_inventory.csv","NOT_RECOMPUTED_PHASE_A","","Raw contents not read; 20460000 Hz."
"PA-00243","E:\AAGNSSSDR_input\raw_data\F2046_V30_D0203_P2.bin","FILE","6795624960","2026-02-10 00:27:08",".bin","MAINLINE","MAINLINE_RAW_IQ","CURRENT","Engineering handoff","dataset/dataset_inventory.csv","NOT_RECOMPUTED_PHASE_A","","Raw contents not read; 20460000 Hz."
"PA-00246","E:\AAGNSSSDR_input\raw_data\F2046_V60_D0129_P1.bin","FILE","3543007744","2026-02-10 00:28:26",".bin","MAINLINE","MAINLINE_RAW_IQ","CURRENT","Engineering handoff","dataset/dataset_inventory.csv","NOT_RECOMPUTED_PHASE_A","","Raw contents not read; 20460000 Hz."
"PA-00249","E:\AAGNSSSDR_input\raw_data\F2046_V60_D0129_P3.bin","FILE","5748425216","2026-02-10 00:31:52",".bin","MAINLINE","MAINLINE_RAW_IQ","CURRENT","Engineering handoff","dataset/dataset_inventory.csv","NOT_RECOMPUTED_PHASE_A","","Raw contents not read; 20460000 Hz."
"PA-00252","E:\AAGNSSSDR_input\raw_data\F2046_V60_D0202_P1.bin","FILE","4076929536","2026-02-10 00:35:40",".bin","MAINLINE","MAINLINE_RAW_IQ","CURRENT","Engineering handoff","dataset/dataset_inventory.csv","NOT_RECOMPUTED_PHASE_A","","Raw contents not read; 20460000 Hz."
"PA-00262","E:\GNSS_Multipath_Project\.codex\skills\gnss-project-handoff-consolidator","DIRECTORY","","2026-10-02 21:18:55","","UNKNOWN","WORKTREE_UNTRACKED","UNKNOWN","","","NOT_RECOMPUTED_PHASE_A","","Existing status ??; presumed user-owned; not modified in Phase A."
"PA-00255","E:\GNSS_Multipath_Project\.codex\skills\gnss-project-handoff-consolidator\SKILL.md","FILE","9438","2026-10-02 21:18:56",".md","SHARED","SKILL","CURRENT","Phase A sources","","NOT_RECOMPUTED_PHASE_A","","Read in full."
"PA-00256","E:\GNSS_Multipath_Project\.codex\skills\gnss-sage-project-commander\SKILL.md","FILE","10743","2026-08-14 16:44:52",".md","SHARED","SKILL","CURRENT","Phase A sources","","NOT_RECOMPUTED_PHASE_A","","Read in full."
"PA-00257","E:\GNSS_Multipath_Project\.codex\skills\vtc2027-paper-authoring\SKILL.md","FILE","10965","2026-08-14 16:54:38",".md","PAPER","SKILL","CURRENT","Phase A sources","","NOT_RECOMPUTED_PHASE_A","","Read in full."
"PA-00263","E:\GNSS_Multipath_Project\0919caiji","DIRECTORY","","2026-09-19 14:25:56","","UNKNOWN","WORKTREE_UNTRACKED","UNKNOWN","","","NOT_RECOMPUTED_PHASE_A","","Existing status ??; presumed user-owned; not modified in Phase A."
"PA-00001","E:\GNSS_Multipath_Project\0919caiji\highway_open_good_01.bin","FILE","5221253632","2026-09-19 22:42:18",".bin","DARKROOM","RAW_IQ","FROZEN","Engineering handoff;Darkroom asset index","darkroom_rx_0919caiji_input_freeze_v1_20260926","YES_EXISTING","433fdf6883201c56e98deecd2aff8ae1bd9c5a892580c8945d95e8ae2ffb545c","Existing manifest SHA/size only; no IQ contents opened; filename labels are not QA."
"PA-00002","E:\GNSS_Multipath_Project\0919caiji\highway_open_good_01.rfcatcher","FILE","5221343744","2026-09-19 14:29:20",".rfcatcher","DARKROOM","RAW_CAPTURE_COMPANION","FROZEN","Engineering handoff;Darkroom asset index","darkroom_rx_0919caiji_input_freeze_v1_20260926","NOT_RECOMPUTED_PHASE_A","","Manifest records size only; not hashed or used as GNSS-SDR input."
"PA-00003","E:\GNSS_Multipath_Project\0919caiji\highway_open_good_02.bin","FILE","4993319424","2026-09-19 22:43:54",".bin","DARKROOM","RAW_IQ","FROZEN","Engineering handoff;Darkroom asset index","darkroom_rx_0919caiji_input_freeze_v1_20260926","YES_EXISTING","b7c9cc4df38705cf694c890e9303728136d7367657cc782bcd168ca28f99ca77","Existing manifest SHA/size only; no IQ contents opened; filename labels are not QA."
"PA-00004","E:\GNSS_Multipath_Project\0919caiji\highway_open_good_02.rfcatcher","FILE","4993348608","2026-09-19 14:32:16",".rfcatcher","DARKROOM","RAW_CAPTURE_COMPANION","FROZEN","Engineering handoff;Darkroom asset index","darkroom_rx_0919caiji_input_freeze_v1_20260926","NOT_RECOMPUTED_PHASE_A","","Manifest records size only; not hashed or used as GNSS-SDR input."
"PA-00005","E:\GNSS_Multipath_Project\0919caiji\highway_open_good_03.bin","FILE","5038146048","2026-09-19 22:45:32",".bin","DARKROOM","RAW_IQ","FROZEN","Engineering handoff;Darkroom asset index","darkroom_rx_0919caiji_input_freeze_v1_20260926","YES_EXISTING","0635031ce1f7ee48402a311a90ba6b7fff9ee7c582a5b8e15394dc657a5fe3d7","Existing manifest SHA/size only; no IQ contents opened; filename labels are not QA."
"PA-00006","E:\GNSS_Multipath_Project\0919caiji\highway_open_good_03.rfcatcher","FILE","5038175744","2026-09-19 14:35:12",".rfcatcher","DARKROOM","RAW_CAPTURE_COMPANION","FROZEN","Engineering handoff;Darkroom asset index","darkroom_rx_0919caiji_input_freeze_v1_20260926","NOT_RECOMPUTED_PHASE_A","","Manifest records size only; not hashed or used as GNSS-SDR input."
"PA-00007","E:\GNSS_Multipath_Project\0919caiji\highway_open_good_04.bin","FILE","5076091392","2026-09-19 22:47:12",".bin","DARKROOM","RAW_IQ","FROZEN","Engineering handoff;Darkroom asset index","darkroom_rx_0919caiji_input_freeze_v1_20260926","YES_EXISTING","36c954b38c1da80b0112f040b0ea2f8a50e94c3e9a2c8166a5121edf65710868","Existing manifest SHA/size only; no IQ contents opened; filename labels are not QA."
"PA-00008","E:\GNSS_Multipath_Project\0919caiji\highway_open_good_04.rfcatcher","FILE","5076121088","2026-09-19 14:38:06",".rfcatcher","DARKROOM","RAW_CAPTURE_COMPANION","FROZEN","Engineering handoff;Darkroom asset index","darkroom_rx_0919caiji_input_freeze_v1_20260926","NOT_RECOMPUTED_PHASE_A","","Manifest records size only; not hashed or used as GNSS-SDR input."
"PA-00009","E:\GNSS_Multipath_Project\0919caiji\highway_open_poor_01.bin","FILE","5042405888","2026-09-19 22:48:46",".bin","DARKROOM","RAW_IQ","FROZEN","Engineering handoff;Darkroom asset index","darkroom_rx_0919caiji_input_freeze_v1_20260926","YES_EXISTING","1735ffa5e39a73d0f3f1958a8bd8835655de142d4d160e3bb6189c9ddec9aa17","Existing manifest SHA/size only; no IQ contents opened; filename labels are not QA."
"PA-00010","E:\GNSS_Multipath_Project\0919caiji\highway_open_poor_01.rfcatcher","FILE","5042435584","2026-09-19 14:41:06",".rfcatcher","DARKROOM","RAW_CAPTURE_COMPANION","FROZEN","Engineering handoff;Darkroom asset index","darkroom_rx_0919caiji_input_freeze_v1_20260926","NOT_RECOMPUTED_PHASE_A","","Manifest records size only; not hashed or used as GNSS-SDR input."
"PA-00011","E:\GNSS_Multipath_Project\0919caiji\highway_open_poor_02.bin","FILE","5068358144","2026-09-19 22:50:22",".bin","DARKROOM","RAW_IQ","FROZEN","Engineering handoff;Darkroom asset index","darkroom_rx_0919caiji_input_freeze_v1_20260926","YES_EXISTING","5b2e2d335efc0b87e8dd527ae15d01399f7c3357d541694520f29e8f9f15736a","Existing manifest SHA/size only; no IQ contents opened; filename labels are not QA."
"PA-00012","E:\GNSS_Multipath_Project\0919caiji\highway_open_poor_02.rfcatcher","FILE","5068387840","2026-09-19 14:44:00",".rfcatcher","DARKROOM","RAW_CAPTURE_COMPANION","FROZEN","Engineering handoff;Darkroom asset index","darkroom_rx_0919caiji_input_freeze_v1_20260926","NOT_RECOMPUTED_PHASE_A","","Manifest records size only; not hashed or used as GNSS-SDR input."
"PA-00013","E:\GNSS_Multipath_Project\0919caiji\highway_open_poor_03.bin","FILE","5025694208","2026-09-19 22:51:56",".bin","DARKROOM","RAW_IQ","FROZEN","Engineering handoff;Darkroom asset index","darkroom_rx_0919caiji_input_freeze_v1_20260926","YES_EXISTING","79a72fdd88f8d3745ad199772e47007d32681f0971f0386fb4984686c96788e7","Existing manifest SHA/size only; no IQ contents opened; filename labels are not QA."
"PA-00014","E:\GNSS_Multipath_Project\0919caiji\highway_open_poor_03.rfcatcher","FILE","5025723392","2026-09-19 14:47:42",".rfcatcher","DARKROOM","RAW_CAPTURE_COMPANION","FROZEN","Engineering handoff;Darkroom asset index","darkroom_rx_0919caiji_input_freeze_v1_20260926","NOT_RECOMPUTED_PHASE_A","","Manifest records size only; not hashed or used as GNSS-SDR input."
"PA-00015","E:\GNSS_Multipath_Project\0919caiji\highway_open_poor_04.bin","FILE","5338694144","2026-09-19 22:53:38",".bin","DARKROOM","RAW_IQ","FROZEN","Engineering handoff;Darkroom asset index","darkroom_rx_0919caiji_input_freeze_v1_20260926","YES_EXISTING","2204d496d6bdc10ec6b6317e927bdeaab64c9ec24bffd552f26e67fb91ead5b5","Existing manifest SHA/size only; no IQ contents opened; filename labels are not QA."
"PA-00016","E:\GNSS_Multipath_Project\0919caiji\highway_open_poor_04.rfcatcher","FILE","5338725376","2026-09-19 14:50:44",".rfcatcher","DARKROOM","RAW_CAPTURE_COMPANION","FROZEN","Engineering handoff;Darkroom asset index","darkroom_rx_0919caiji_input_freeze_v1_20260926","NOT_RECOMPUTED_PHASE_A","","Manifest records size only; not hashed or used as GNSS-SDR input."
"PA-00017","E:\GNSS_Multipath_Project\0919caiji\highway_open_rain_01.bin","FILE","5984944640","2026-09-19 22:55:30",".bin","DARKROOM","RAW_IQ","FROZEN","Engineering handoff;Darkroom asset index","darkroom_rx_0919caiji_input_freeze_v1_20260926","YES_EXISTING","103160ed00db4723352b4f41ba79367ee7623d322a72144de8a5725e9d562e77","Existing manifest SHA/size only; no IQ contents opened; filename labels are not QA."
"PA-00018","E:\GNSS_Multipath_Project\0919caiji\highway_open_rain_01.rfcatcher","FILE","5984978944","2026-09-19 14:53:52",".rfcatcher","DARKROOM","RAW_CAPTURE_COMPANION","FROZEN","Engineering handoff;Darkroom asset index","darkroom_rx_0919caiji_input_freeze_v1_20260926","NOT_RECOMPUTED_PHASE_A","","Manifest records size only; not hashed or used as GNSS-SDR input."
"PA-00019","E:\GNSS_Multipath_Project\0919caiji\highway_open_rain_02.bin","FILE","4965859840","2026-09-19 22:57:02",".bin","DARKROOM","RAW_IQ","FROZEN","Engineering handoff;Darkroom asset index","darkroom_rx_0919caiji_input_freeze_v1_20260926","YES_EXISTING","43765f17f36ff3a904f00a47bbf2c93099ac7952dbad0c219af5ddcaca6b32d5","Existing manifest SHA/size only; no IQ contents opened; filename labels are not QA."
"PA-00020","E:\GNSS_Multipath_Project\0919caiji\highway_open_rain_02.rfcatcher","FILE","4965889024","2026-09-19 14:56:42",".rfcatcher","DARKROOM","RAW_CAPTURE_COMPANION","FROZEN","Engineering handoff;Darkroom asset index","darkroom_rx_0919caiji_input_freeze_v1_20260926","NOT_RECOMPUTED_PHASE_A","","Manifest records size only; not hashed or used as GNSS-SDR input."
"PA-00021","E:\GNSS_Multipath_Project\0919caiji\highway_open_rain_03.bin","FILE","5027725824","2026-09-19 22:58:38",".bin","DARKROOM","RAW_IQ","FROZEN","Engineering handoff;Darkroom asset index","darkroom_rx_0919caiji_input_freeze_v1_20260926","YES_EXISTING","45fa5da454f06f8158d29c2fc7dc4f9f5949e7453fc721a3766064d48f1d48df","Existing manifest SHA/size only; no IQ contents opened; filename labels are not QA."
"PA-00022","E:\GNSS_Multipath_Project\0919caiji\highway_open_rain_03.rfcatcher","FILE","5027755008","2026-09-19 14:59:40",".rfcatcher","DARKROOM","RAW_CAPTURE_COMPANION","FROZEN","Engineering handoff;Darkroom asset index","darkroom_rx_0919caiji_input_freeze_v1_20260926","NOT_RECOMPUTED_PHASE_A","","Manifest records size only; not hashed or used as GNSS-SDR input."
"PA-00023","E:\GNSS_Multipath_Project\0919caiji\highway_open_rain_04.bin","FILE","4980605440","2026-09-19 23:00:14",".bin","DARKROOM","RAW_IQ","FROZEN","Engineering handoff;Darkroom asset index","darkroom_rx_0919caiji_input_freeze_v1_20260926","YES_EXISTING","fa0f956a4740144a1c5c5580b99d1621a55a1aab6027d06cee7899adc6bf5cfb","Existing manifest SHA/size only; no IQ contents opened; filename labels are not QA."
"PA-00024","E:\GNSS_Multipath_Project\0919caiji\highway_open_rain_04.rfcatcher","FILE","4980634624","2026-09-19 15:02:28",".rfcatcher","DARKROOM","RAW_CAPTURE_COMPANION","FROZEN","Engineering handoff;Darkroom asset index","darkroom_rx_0919caiji_input_freeze_v1_20260926","NOT_RECOMPUTED_PHASE_A","","Manifest records size only; not hashed or used as GNSS-SDR input."
"PA-00025","E:\GNSS_Multipath_Project\0919caiji\mountain_vally_good_01.bin","FILE","5698421248","2026-09-19 23:02:02",".bin","DARKROOM","RAW_IQ","FROZEN","Engineering handoff;Darkroom asset index","darkroom_rx_0919caiji_input_freeze_v1_20260926","YES_EXISTING","02d59adb46eb449434abaebc7507ba235dd6b8193403fb83ad766d499e087d72","Existing manifest SHA/size only; no IQ contents opened; filename labels are not QA."
"PA-00026","E:\GNSS_Multipath_Project\0919caiji\mountain_vally_good_01.rfcatcher","FILE","5698454016","2026-09-19 15:05:34",".rfcatcher","DARKROOM","RAW_CAPTURE_COMPANION","FROZEN","Engineering handoff;Darkroom asset index","darkroom_rx_0919caiji_input_freeze_v1_20260926","NOT_RECOMPUTED_PHASE_A","","Manifest records size only; not hashed or used as GNSS-SDR input."
"PA-00027","E:\GNSS_Multipath_Project\0919caiji\mountain_vally_good_02.bin","FILE","7351435776","2026-09-19 23:04:18",".bin","DARKROOM","RAW_IQ","FROZEN","Engineering handoff;Darkroom asset index","darkroom_rx_0919caiji_input_freeze_v1_20260926","YES_EXISTING","35d6bc51acb15e2d6f5c20535b081a51fa799b9a8a8fb6b0545bf21beaad7a5e","Existing manifest SHA/size only; no IQ contents opened; filename labels are not QA."
"PA-00028","E:\GNSS_Multipath_Project\0919caiji\mountain_vally_good_02.rfcatcher","FILE","7351477248","2026-09-19 15:09:24",".rfcatcher","DARKROOM","RAW_CAPTURE_COMPANION","FROZEN","Engineering handoff;Darkroom asset index","darkroom_rx_0919caiji_input_freeze_v1_20260926","NOT_RECOMPUTED_PHASE_A","","Manifest records size only; not hashed or used as GNSS-SDR input."
"PA-00029","E:\GNSS_Multipath_Project\0919caiji\mountain_vally_good_03.bin","FILE","5607784960","2026-09-19 23:06:04",".bin","DARKROOM","RAW_IQ","FROZEN","Engineering handoff;Darkroom asset index","darkroom_rx_0919caiji_input_freeze_v1_20260926","YES_EXISTING","9991582a997377f3082eba61397e60cda8f4d157727f0074839ee5ffdf64d410","Existing manifest SHA/size only; no IQ contents opened; filename labels are not QA."
"PA-00030","E:\GNSS_Multipath_Project\0919caiji\mountain_vally_good_03.rfcatcher","FILE","5607817728","2026-09-19 15:12:40",".rfcatcher","DARKROOM","RAW_CAPTURE_COMPANION","FROZEN","Engineering handoff;Darkroom asset index","darkroom_rx_0919caiji_input_freeze_v1_20260926","NOT_RECOMPUTED_PHASE_A","","Manifest records size only; not hashed or used as GNSS-SDR input."
"PA-00031","E:\GNSS_Multipath_Project\0919caiji\mountain_vally_good_04.bin","FILE","5193335296","2026-09-19 23:07:42",".bin","DARKROOM","RAW_IQ","FROZEN","Engineering handoff;Darkroom asset index","darkroom_rx_0919caiji_input_freeze_v1_20260926","YES_EXISTING","17d741f9f1e40b984fb2129c8aa96977e787b1a7a4e3e336bb4f34d07163dd47","Existing manifest SHA/size only; no IQ contents opened; filename labels are not QA."
"PA-00032","E:\GNSS_Multipath_Project\0919caiji\mountain_vally_good_04.rfcatcher","FILE","5193365504","2026-09-19 15:15:42",".rfcatcher","DARKROOM","RAW_CAPTURE_COMPANION","FROZEN","Engineering handoff;Darkroom asset index","darkroom_rx_0919caiji_input_freeze_v1_20260926","NOT_RECOMPUTED_PHASE_A","","Manifest records size only; not hashed or used as GNSS-SDR input."
"PA-00033","E:\GNSS_Multipath_Project\0919caiji\mountain_vally_poor_01.bin","FILE","4951376384","2026-09-19 23:09:12",".bin","DARKROOM","RAW_IQ","FROZEN","Engineering handoff;Darkroom asset index","darkroom_rx_0919caiji_input_freeze_v1_20260926","YES_EXISTING","83475ad79c3ea56cd1923adfd7e5367166f716a90da55e85440e7bb70b55c7f3","Existing manifest SHA/size only; no IQ contents opened; filename labels are not QA."
"PA-00034","E:\GNSS_Multipath_Project\0919caiji\mountain_vally_poor_01.rfcatcher","FILE","4951405568","2026-09-19 15:19:32",".rfcatcher","DARKROOM","RAW_CAPTURE_COMPANION","FROZEN","Engineering handoff;Darkroom asset index","darkroom_rx_0919caiji_input_freeze_v1_20260926","NOT_RECOMPUTED_PHASE_A","","Manifest records size only; not hashed or used as GNSS-SDR input."
"PA-00035","E:\GNSS_Multipath_Project\0919caiji\mountain_vally_poor_02.bin","FILE","4958913024","2026-09-19 23:10:44",".bin","DARKROOM","RAW_IQ","FROZEN","Engineering handoff;Darkroom asset index","darkroom_rx_0919caiji_input_freeze_v1_20260926","YES_EXISTING","dd3b72fd20400c59f939e3c69697e42c7c2a2b927418f1ab7b5a877122578ab3","Existing manifest SHA/size only; no IQ contents opened; filename labels are not QA."
"PA-00036","E:\GNSS_Multipath_Project\0919caiji\mountain_vally_poor_02.rfcatcher","FILE","4958942208","2026-09-19 15:22:50",".rfcatcher","DARKROOM","RAW_CAPTURE_COMPANION","FROZEN","Engineering handoff;Darkroom asset index","darkroom_rx_0919caiji_input_freeze_v1_20260926","NOT_RECOMPUTED_PHASE_A","","Manifest records size only; not hashed or used as GNSS-SDR input."
"PA-00037","E:\GNSS_Multipath_Project\0919caiji\mountain_vally_poor_03.bin","FILE","4954849792","2026-09-19 23:12:16",".bin","DARKROOM","RAW_IQ","FROZEN","Engineering handoff;Darkroom asset index","darkroom_rx_0919caiji_input_freeze_v1_20260926","YES_EXISTING","b77979e36a278ebe034d513f5bb7848bc819ad826834be09d391d22fb45846d2","Existing manifest SHA/size only; no IQ contents opened; filename labels are not QA."
"PA-00038","E:\GNSS_Multipath_Project\0919caiji\mountain_vally_poor_03.rfcatcher","FILE","4954878976","2026-09-19 15:25:42",".rfcatcher","DARKROOM","RAW_CAPTURE_COMPANION","FROZEN","Engineering handoff;Darkroom asset index","darkroom_rx_0919caiji_input_freeze_v1_20260926","NOT_RECOMPUTED_PHASE_A","","Manifest records size only; not hashed or used as GNSS-SDR input."
"PA-00039","E:\GNSS_Multipath_Project\0919caiji\mountain_vally_poor_04.bin","FILE","5059314176","2026-09-19 23:13:50",".bin","DARKROOM","RAW_IQ","FROZEN","Engineering handoff;Darkroom asset index","darkroom_rx_0919caiji_input_freeze_v1_20260926","YES_EXISTING","94ce53ee678d46be889c5babb961657ae2b131f73ba1ad2407a17cad65f51d35","Existing manifest SHA/size only; no IQ contents opened; filename labels are not QA."
"PA-00040","E:\GNSS_Multipath_Project\0919caiji\mountain_vally_poor_04.rfcatcher","FILE","5059343872","2026-09-19 15:28:34",".rfcatcher","DARKROOM","RAW_CAPTURE_COMPANION","FROZEN","Engineering handoff;Darkroom asset index","darkroom_rx_0919caiji_input_freeze_v1_20260926","NOT_RECOMPUTED_PHASE_A","","Manifest records size only; not hashed or used as GNSS-SDR input."
"PA-00041","E:\GNSS_Multipath_Project\0919caiji\mountain_vally_rain_01.bin","FILE","5642584576","2026-09-19 23:16:02",".bin","DARKROOM","RAW_IQ","FROZEN","Engineering handoff;Darkroom asset index","darkroom_rx_0919caiji_input_freeze_v1_20260926","YES_EXISTING","adc83c937c30338b6e6c007f123f4583bc546e38c60416d7e895d58a653bce40","Existing manifest SHA/size only; no IQ contents opened; filename labels are not QA."
"PA-00042","E:\GNSS_Multipath_Project\0919caiji\mountain_vally_rain_01.rfcatcher","FILE","5642617344","2026-09-19 15:31:58",".rfcatcher","DARKROOM","RAW_CAPTURE_COMPANION","FROZEN","Engineering handoff;Darkroom asset index","darkroom_rx_0919caiji_input_freeze_v1_20260926","NOT_RECOMPUTED_PHASE_A","","Manifest records size only; not hashed or used as GNSS-SDR input."
"PA-00043","E:\GNSS_Multipath_Project\0919caiji\mountain_vally_rain_02.bin","FILE","4977984000","2026-09-19 23:17:34",".bin","DARKROOM","RAW_IQ","FROZEN","Engineering handoff;Darkroom asset index","darkroom_rx_0919caiji_input_freeze_v1_20260926","YES_EXISTING","10356de09d682ee9d56b6f58311fb82bdc67d5d90fcb9b09ab2c1dc36628f169","Existing manifest SHA/size only; no IQ contents opened; filename labels are not QA."
"PA-00044","E:\GNSS_Multipath_Project\0919caiji\mountain_vally_rain_02.rfcatcher","FILE","4978013184","2026-09-19 15:34:46",".rfcatcher","DARKROOM","RAW_CAPTURE_COMPANION","FROZEN","Engineering handoff;Darkroom asset index","darkroom_rx_0919caiji_input_freeze_v1_20260926","NOT_RECOMPUTED_PHASE_A","","Manifest records size only; not hashed or used as GNSS-SDR input."
"PA-00045","E:\GNSS_Multipath_Project\0919caiji\mountain_vally_rain_03.bin","FILE","4968874496","2026-09-19 23:19:06",".bin","DARKROOM","RAW_IQ","FROZEN","Engineering handoff;Darkroom asset index","darkroom_rx_0919caiji_input_freeze_v1_20260926","YES_EXISTING","5c0d72ecab253d9e584ec0fcc244ff47ab1d4b0f7594e3bb18777d8cca27bc63","Existing manifest SHA/size only; no IQ contents opened; filename labels are not QA."
"PA-00046","E:\GNSS_Multipath_Project\0919caiji\mountain_vally_rain_03.rfcatcher","FILE","4968903680","2026-09-19 15:38:26",".rfcatcher","DARKROOM","RAW_CAPTURE_COMPANION","FROZEN","Engineering handoff;Darkroom asset index","darkroom_rx_0919caiji_input_freeze_v1_20260926","NOT_RECOMPUTED_PHASE_A","","Manifest records size only; not hashed or used as GNSS-SDR input."
"PA-00047","E:\GNSS_Multipath_Project\0919caiji\mountain_vally_rain_04.bin","FILE","5505942016","2026-09-19 23:20:48",".bin","DARKROOM","RAW_IQ","FROZEN","Engineering handoff;Darkroom asset index","darkroom_rx_0919caiji_input_freeze_v1_20260926","YES_EXISTING","3beebed6a24046bb1a89943c29cf2769891eda21266ae2bb6e3577390ae8a541","Existing manifest SHA/size only; no IQ contents opened; filename labels are not QA."
"PA-00048","E:\GNSS_Multipath_Project\0919caiji\mountain_vally_rain_04.rfcatcher","FILE","5505973760","2026-09-19 15:41:24",".rfcatcher","DARKROOM","RAW_CAPTURE_COMPANION","FROZEN","Engineering handoff;Darkroom asset index","darkroom_rx_0919caiji_input_freeze_v1_20260926","NOT_RECOMPUTED_PHASE_A","","Manifest records size only; not hashed or used as GNSS-SDR input."
"PA-00049","E:\GNSS_Multipath_Project\0919caiji\special_good_01.bin","FILE","5520359936","2026-09-19 23:23:00",".bin","DARKROOM","RAW_IQ","FROZEN","Engineering handoff;Darkroom asset index","darkroom_rx_0919caiji_input_freeze_v1_20260926","YES_EXISTING","39b449e9208f8d97204512befc417bba59a8d99dda9c7f242325b5eade943775","Existing manifest SHA/size only; no IQ contents opened; filename labels are not QA."
"PA-00050","E:\GNSS_Multipath_Project\0919caiji\special_good_01.rfcatcher","FILE","5520391680","2026-09-19 15:44:28",".rfcatcher","DARKROOM","RAW_CAPTURE_COMPANION","FROZEN","Engineering handoff;Darkroom asset index","darkroom_rx_0919caiji_input_freeze_v1_20260926","NOT_RECOMPUTED_PHASE_A","","Manifest records size only; not hashed or used as GNSS-SDR input."
"PA-00051","E:\GNSS_Multipath_Project\0919caiji\special_good_02.bin","FILE","5163647488","2026-09-19 23:25:00",".bin","DARKROOM","RAW_IQ","FROZEN","Engineering handoff;Darkroom asset index","darkroom_rx_0919caiji_input_freeze_v1_20260926","YES_EXISTING","5e99d73a61c6156db232a56853904fc03091c0b6cc57fc4bf340c4567425074f","Existing manifest SHA/size only; no IQ contents opened; filename labels are not QA."
"PA-00052","E:\GNSS_Multipath_Project\0919caiji\special_good_02.rfcatcher","FILE","5163677696","2026-09-19 15:47:22",".rfcatcher","DARKROOM","RAW_CAPTURE_COMPANION","FROZEN","Engineering handoff;Darkroom asset index","darkroom_rx_0919caiji_input_freeze_v1_20260926","NOT_RECOMPUTED_PHASE_A","","Manifest records size only; not hashed or used as GNSS-SDR input."
"PA-00053","E:\GNSS_Multipath_Project\0919caiji\special_good_03.bin","FILE","5158797824","2026-09-19 23:26:56",".bin","DARKROOM","RAW_IQ","FROZEN","Engineering handoff;Darkroom asset index","darkroom_rx_0919caiji_input_freeze_v1_20260926","YES_EXISTING","7ae992459a5336a6792aa5132145c5aa2bfed1d96c4430563cf79c9968addace","Existing manifest SHA/size only; no IQ contents opened; filename labels are not QA."
"PA-00054","E:\GNSS_Multipath_Project\0919caiji\special_good_03.rfcatcher","FILE","5158828032","2026-09-19 15:50:30",".rfcatcher","DARKROOM","RAW_CAPTURE_COMPANION","FROZEN","Engineering handoff;Darkroom asset index","darkroom_rx_0919caiji_input_freeze_v1_20260926","NOT_RECOMPUTED_PHASE_A","","Manifest records size only; not hashed or used as GNSS-SDR input."
"PA-00055","E:\GNSS_Multipath_Project\0919caiji\special_good_04.bin","FILE","6144328192","2026-09-19 23:29:10",".bin","DARKROOM","RAW_IQ","FROZEN","Engineering handoff;Darkroom asset index","darkroom_rx_0919caiji_input_freeze_v1_20260926","YES_EXISTING","9fa28d333eb29417818401c4c27ebd3ddb204b5b8a22e21cb2cda05f610157cb","Existing manifest SHA/size only; no IQ contents opened; filename labels are not QA."
"PA-00056","E:\GNSS_Multipath_Project\0919caiji\special_good_04.rfcatcher","FILE","6144363520","2026-09-19 15:53:48",".rfcatcher","DARKROOM","RAW_CAPTURE_COMPANION","FROZEN","Engineering handoff;Darkroom asset index","darkroom_rx_0919caiji_input_freeze_v1_20260926","NOT_RECOMPUTED_PHASE_A","","Manifest records size only; not hashed or used as GNSS-SDR input."
"PA-00057","E:\GNSS_Multipath_Project\0919caiji\special_poor_01.bin","FILE","5005050368","2026-09-19 23:31:28",".bin","DARKROOM","RAW_IQ","FROZEN","Engineering handoff;Darkroom asset index","darkroom_rx_0919caiji_input_freeze_v1_20260926","YES_EXISTING","8d4e552011af3f3dd809cf2fa94f177b31e5a531f71ded8d3c71d0528fd9fccb","Existing manifest SHA/size only; no IQ contents opened; filename labels are not QA."
"PA-00058","E:\GNSS_Multipath_Project\0919caiji\special_poor_01.rfcatcher","FILE","5005079552","2026-09-19 15:56:38",".rfcatcher","DARKROOM","RAW_CAPTURE_COMPANION","FROZEN","Engineering handoff;Darkroom asset index","darkroom_rx_0919caiji_input_freeze_v1_20260926","NOT_RECOMPUTED_PHASE_A","","Manifest records size only; not hashed or used as GNSS-SDR input."
"PA-00059","E:\GNSS_Multipath_Project\0919caiji\special_poor_02.bin","FILE","5112463872","2026-09-19 23:32:48",".bin","DARKROOM","RAW_IQ","FROZEN","Engineering handoff;Darkroom asset index","darkroom_rx_0919caiji_input_freeze_v1_20260926","YES_EXISTING","1f41956dfa7b8c4d11a8c10a9a8d0d33ad7967c9acd65fae543e17645d82b2c4","Existing manifest SHA/size only; no IQ contents opened; filename labels are not QA."
"PA-00060","E:\GNSS_Multipath_Project\0919caiji\special_poor_02.rfcatcher","FILE","5112493568","2026-09-19 15:59:30",".rfcatcher","DARKROOM","RAW_CAPTURE_COMPANION","FROZEN","Engineering handoff;Darkroom asset index","darkroom_rx_0919caiji_input_freeze_v1_20260926","NOT_RECOMPUTED_PHASE_A","","Manifest records size only; not hashed or used as GNSS-SDR input."
"PA-00061","E:\GNSS_Multipath_Project\0919caiji\special_poor_03.bin","FILE","4977590784","2026-09-19 23:34:40",".bin","DARKROOM","RAW_IQ","FROZEN","Engineering handoff;Darkroom asset index","darkroom_rx_0919caiji_input_freeze_v1_20260926","YES_EXISTING","6c4448863dddbc05c65ec2c46cdcbe123a89411d0cc1bf180458e26ce2fae6a6","Existing manifest SHA/size only; no IQ contents opened; filename labels are not QA."
"PA-00062","E:\GNSS_Multipath_Project\0919caiji\special_poor_03.rfcatcher","FILE","4977619968","2026-09-19 16:02:22",".rfcatcher","DARKROOM","RAW_CAPTURE_COMPANION","FROZEN","Engineering handoff;Darkroom asset index","darkroom_rx_0919caiji_input_freeze_v1_20260926","NOT_RECOMPUTED_PHASE_A","","Manifest records size only; not hashed or used as GNSS-SDR input."
"PA-00063","E:\GNSS_Multipath_Project\0919caiji\special_poor_04.bin","FILE","5271847424","2026-09-19 23:36:36",".bin","DARKROOM","RAW_IQ","FROZEN","Engineering handoff;Darkroom asset index","darkroom_rx_0919caiji_input_freeze_v1_20260926","YES_EXISTING","3105517139d7b1116e97468c9859131031d032a893e8899fb28a18807df200ab","Existing manifest SHA/size only; no IQ contents opened; filename labels are not QA."
"PA-00064","E:\GNSS_Multipath_Project\0919caiji\special_poor_04.rfcatcher","FILE","5271878144","2026-09-19 16:05:20",".rfcatcher","DARKROOM","RAW_CAPTURE_COMPANION","FROZEN","Engineering handoff;Darkroom asset index","darkroom_rx_0919caiji_input_freeze_v1_20260926","NOT_RECOMPUTED_PHASE_A","","Manifest records size only; not hashed or used as GNSS-SDR input."
"PA-00065","E:\GNSS_Multipath_Project\0919caiji\special_rain_01.bin","FILE","5083103744","2026-09-19 23:38:30",".bin","DARKROOM","RAW_IQ","FROZEN","Engineering handoff;Darkroom asset index","darkroom_rx_0919caiji_input_freeze_v1_20260926","YES_EXISTING","d5743b51a1911c7e6e3e1d6c08fa26055820d88538cc970f22e1b952c93f7df1","Existing manifest SHA/size only; no IQ contents opened; filename labels are not QA."
"PA-00066","E:\GNSS_Multipath_Project\0919caiji\special_rain_01.rfcatcher","FILE","5083133440","2026-09-19 16:09:08",".rfcatcher","DARKROOM","RAW_CAPTURE_COMPANION","FROZEN","Engineering handoff;Darkroom asset index","darkroom_rx_0919caiji_input_freeze_v1_20260926","NOT_RECOMPUTED_PHASE_A","","Manifest records size only; not hashed or used as GNSS-SDR input."
"PA-00067","E:\GNSS_Multipath_Project\0919caiji\special_rain_02.bin","FILE","4969988608","2026-09-19 23:39:48",".bin","DARKROOM","RAW_IQ","FROZEN","Engineering handoff;Darkroom asset index","darkroom_rx_0919caiji_input_freeze_v1_20260926","YES_EXISTING","b9f38b795fe87eabf2143ecc4281b8dca4782d72a0eab634a791d00783b61d20","Existing manifest SHA/size only; no IQ contents opened; filename labels are not QA."
"PA-00068","E:\GNSS_Multipath_Project\0919caiji\special_rain_02.rfcatcher","FILE","4970017792","2026-09-19 16:12:12",".rfcatcher","DARKROOM","RAW_CAPTURE_COMPANION","FROZEN","Engineering handoff;Darkroom asset index","darkroom_rx_0919caiji_input_freeze_v1_20260926","NOT_RECOMPUTED_PHASE_A","","Manifest records size only; not hashed or used as GNSS-SDR input."
"PA-00069","E:\GNSS_Multipath_Project\0919caiji\special_rain_03.bin","FILE","4952818176","2026-09-19 23:41:44",".bin","DARKROOM","RAW_IQ","FROZEN","Engineering handoff;Darkroom asset index","darkroom_rx_0919caiji_input_freeze_v1_20260926","YES_EXISTING","0dca9eba40b2adee51ec0e3de25771a37e4e66a1a853f74ea7b803cd9b619523","Existing manifest SHA/size only; no IQ contents opened; filename labels are not QA."
"PA-00070","E:\GNSS_Multipath_Project\0919caiji\special_rain_03.rfcatcher","FILE","4952847360","2026-09-19 16:15:08",".rfcatcher","DARKROOM","RAW_CAPTURE_COMPANION","FROZEN","Engineering handoff;Darkroom asset index","darkroom_rx_0919caiji_input_freeze_v1_20260926","NOT_RECOMPUTED_PHASE_A","","Manifest records size only; not hashed or used as GNSS-SDR input."
"PA-00071","E:\GNSS_Multipath_Project\0919caiji\special_rain_04.bin","FILE","4961010176","2026-09-19 23:43:32",".bin","DARKROOM","RAW_IQ","FROZEN","Engineering handoff;Darkroom asset index","darkroom_rx_0919caiji_input_freeze_v1_20260926","YES_EXISTING","57489a6f783c722badd27593c81b301e0d1302b2292ea9f563f71ead244da6d5","Existing manifest SHA/size only; no IQ contents opened; filename labels are not QA."
"PA-00072","E:\GNSS_Multipath_Project\0919caiji\special_rain_04.rfcatcher","FILE","4961039360","2026-09-19 16:17:48",".rfcatcher","DARKROOM","RAW_CAPTURE_COMPANION","FROZEN","Engineering handoff;Darkroom asset index","darkroom_rx_0919caiji_input_freeze_v1_20260926","NOT_RECOMPUTED_PHASE_A","","Manifest records size only; not hashed or used as GNSS-SDR input."
"PA-00073","E:\GNSS_Multipath_Project\0919caiji\urban_good_01.bin","FILE","5013373440","2026-09-19 23:45:26",".bin","DARKROOM","RAW_IQ","FROZEN","Engineering handoff;Darkroom asset index","darkroom_rx_0919caiji_input_freeze_v1_20260926","YES_EXISTING","cbee65c4c9afe445582d966a9aaa453a9cdb0a5cdcfdafcdfa4d9bd6b4621ea3","Existing manifest SHA/size only; no IQ contents opened; filename labels are not QA."
"PA-00074","E:\GNSS_Multipath_Project\0919caiji\urban_good_01.rfcatcher","FILE","5013402624","2026-09-19 16:20:38",".rfcatcher","DARKROOM","RAW_CAPTURE_COMPANION","FROZEN","Engineering handoff;Darkroom asset index","darkroom_rx_0919caiji_input_freeze_v1_20260926","NOT_RECOMPUTED_PHASE_A","","Manifest records size only; not hashed or used as GNSS-SDR input."
"PA-00075","E:\GNSS_Multipath_Project\0919caiji\urban_good_02.bin","FILE","4951966208","2026-09-19 23:47:16",".bin","DARKROOM","RAW_IQ","FROZEN","Engineering handoff;Darkroom asset index","darkroom_rx_0919caiji_input_freeze_v1_20260926","YES_EXISTING","6c54a9dc4fd19a904f8da3aeedd4e58d92819045cd7c0ed5bcb12d914f56b229","Existing manifest SHA/size only; no IQ contents opened; filename labels are not QA."
"PA-00076","E:\GNSS_Multipath_Project\0919caiji\urban_good_02.rfcatcher","FILE","4951995392","2026-09-19 16:24:02",".rfcatcher","DARKROOM","RAW_CAPTURE_COMPANION","FROZEN","Engineering handoff;Darkroom asset index","darkroom_rx_0919caiji_input_freeze_v1_20260926","NOT_RECOMPUTED_PHASE_A","","Manifest records size only; not hashed or used as GNSS-SDR input."
"PA-00077","E:\GNSS_Multipath_Project\0919caiji\urban_good_03.bin","FILE","5215289856","2026-09-19 23:49:12",".bin","DARKROOM","RAW_IQ","FROZEN","Engineering handoff;Darkroom asset index","darkroom_rx_0919caiji_input_freeze_v1_20260926","YES_EXISTING","80ed0237f7158ab49b4d6ebd0120578ca9ed2c0c68f02150e0656d064b5d407a","Existing manifest SHA/size only; no IQ contents opened; filename labels are not QA."
"PA-00078","E:\GNSS_Multipath_Project\0919caiji\urban_good_03.rfcatcher","FILE","5215320064","2026-09-19 16:26:48",".rfcatcher","DARKROOM","RAW_CAPTURE_COMPANION","FROZEN","Engineering handoff;Darkroom asset index","darkroom_rx_0919caiji_input_freeze_v1_20260926","NOT_RECOMPUTED_PHASE_A","","Manifest records size only; not hashed or used as GNSS-SDR input."
"PA-00079","E:\GNSS_Multipath_Project\0919caiji\urban_good_04.bin","FILE","5007081984","2026-09-19 23:50:36",".bin","DARKROOM","RAW_IQ","FROZEN","Engineering handoff;Darkroom asset index","darkroom_rx_0919caiji_input_freeze_v1_20260926","YES_EXISTING","f1890ee2b7dda807c694387d7989b4f48102e80314beb6cc95d260fdcf198b68","Existing manifest SHA/size only; no IQ contents opened; filename labels are not QA."
"PA-00080","E:\GNSS_Multipath_Project\0919caiji\urban_good_04.rfcatcher","FILE","5007111168","2026-09-19 16:29:52",".rfcatcher","DARKROOM","RAW_CAPTURE_COMPANION","FROZEN","Engineering handoff;Darkroom asset index","darkroom_rx_0919caiji_input_freeze_v1_20260926","NOT_RECOMPUTED_PHASE_A","","Manifest records size only; not hashed or used as GNSS-SDR input."
"PA-00081","E:\GNSS_Multipath_Project\0919caiji\urban_poor_01.bin","FILE","5845615104","2026-09-19 23:53:10",".bin","DARKROOM","RAW_IQ","FROZEN","Engineering handoff;Darkroom asset index","darkroom_rx_0919caiji_input_freeze_v1_20260926","YES_EXISTING","3d97fb42ff9fdf5247edf8d4d1ce89c3dbc4c130c68a3449761b4ef533ab21a6","Existing manifest SHA/size only; no IQ contents opened; filename labels are not QA."
"PA-00082","E:\GNSS_Multipath_Project\0919caiji\urban_poor_01.rfcatcher","FILE","5845648896","2026-09-19 16:32:58",".rfcatcher","DARKROOM","RAW_CAPTURE_COMPANION","FROZEN","Engineering handoff;Darkroom asset index","darkroom_rx_0919caiji_input_freeze_v1_20260926","NOT_RECOMPUTED_PHASE_A","","Manifest records size only; not hashed or used as GNSS-SDR input."
"PA-00083","E:\GNSS_Multipath_Project\0919caiji\urban_poor_02.bin","FILE","4962124288","2026-09-19 23:54:54",".bin","DARKROOM","RAW_IQ","FROZEN","Engineering handoff;Darkroom asset index","darkroom_rx_0919caiji_input_freeze_v1_20260926","YES_EXISTING","cfc05feb2e0f49ea816916ba16f7a4bec4c2723fed4957272e24592e75f527e7","Existing manifest SHA/size only; no IQ contents opened; filename labels are not QA."
"PA-00084","E:\GNSS_Multipath_Project\0919caiji\urban_poor_02.rfcatcher","FILE","4962153472","2026-09-19 16:35:50",".rfcatcher","DARKROOM","RAW_CAPTURE_COMPANION","FROZEN","Engineering handoff;Darkroom asset index","darkroom_rx_0919caiji_input_freeze_v1_20260926","NOT_RECOMPUTED_PHASE_A","","Manifest records size only; not hashed or used as GNSS-SDR input."
"PA-00085","E:\GNSS_Multipath_Project\0919caiji\urban_poor_03.bin","FILE","5024055808","2026-09-19 23:56:18",".bin","DARKROOM","RAW_IQ","FROZEN","Engineering handoff;Darkroom asset index","darkroom_rx_0919caiji_input_freeze_v1_20260926","YES_EXISTING","432849ebf7b79f286493f21a3a720153619edf1fb0bfb6b2fa5c4a9d93600eba","Existing manifest SHA/size only; no IQ contents opened; filename labels are not QA."
"PA-00086","E:\GNSS_Multipath_Project\0919caiji\urban_poor_03.rfcatcher","FILE","5024084992","2026-09-19 16:38:32",".rfcatcher","DARKROOM","RAW_CAPTURE_COMPANION","FROZEN","Engineering handoff;Darkroom asset index","darkroom_rx_0919caiji_input_freeze_v1_20260926","NOT_RECOMPUTED_PHASE_A","","Manifest records size only; not hashed or used as GNSS-SDR input."
"PA-00087","E:\GNSS_Multipath_Project\0919caiji\urban_poor_04.bin","FILE","4968350208","2026-09-19 23:58:20",".bin","DARKROOM","RAW_IQ","FROZEN","Engineering handoff;Darkroom asset index","darkroom_rx_0919caiji_input_freeze_v1_20260926","YES_EXISTING","be23c6df8abd17d11e400230be89e36815e7d3cf21d3d7def3e60440c23f098d","Existing manifest SHA/size only; no IQ contents opened; filename labels are not QA."
"PA-00088","E:\GNSS_Multipath_Project\0919caiji\urban_poor_04.rfcatcher","FILE","4968379392","2026-09-19 16:41:12",".rfcatcher","DARKROOM","RAW_CAPTURE_COMPANION","FROZEN","Engineering handoff;Darkroom asset index","darkroom_rx_0919caiji_input_freeze_v1_20260926","NOT_RECOMPUTED_PHASE_A","","Manifest records size only; not hashed or used as GNSS-SDR input."
"PA-00089","E:\GNSS_Multipath_Project\0919caiji\urban_rain_01.bin","FILE","4957209088","2026-09-19 23:59:40",".bin","DARKROOM","RAW_IQ","FROZEN","Engineering handoff;Darkroom asset index","darkroom_rx_0919caiji_input_freeze_v1_20260926","YES_EXISTING","167cbe87370e760f59c9e3a05681c10a8800e3dd2660b304e3119223884bab7b","Existing manifest SHA/size only; no IQ contents opened; filename labels are not QA."
"PA-00090","E:\GNSS_Multipath_Project\0919caiji\urban_rain_01.rfcatcher","FILE","4957238272","2026-09-19 16:43:52",".rfcatcher","DARKROOM","RAW_CAPTURE_COMPANION","FROZEN","Engineering handoff;Darkroom asset index","darkroom_rx_0919caiji_input_freeze_v1_20260926","NOT_RECOMPUTED_PHASE_A","","Manifest records size only; not hashed or used as GNSS-SDR input."
"PA-00091","E:\GNSS_Multipath_Project\0919caiji\urban_rain_02.bin","FILE","5190648320","2026-09-20 21:30:38",".bin","DARKROOM","RAW_IQ","FROZEN","Engineering handoff;Darkroom asset index","darkroom_rx_0919caiji_input_freeze_v1_20260926","YES_EXISTING","a2ab24efec1598298f4a4519d7efa6ee7718fbd6e79d8cdd4dc3a9e7656aa84c","Existing manifest SHA/size only; no IQ contents opened; filename labels are not QA."
"PA-00092","E:\GNSS_Multipath_Project\0919caiji\urban_rain_02.rfcatcher","FILE","5190678528","2026-09-19 16:46:40",".rfcatcher","DARKROOM","RAW_CAPTURE_COMPANION","FROZEN","Engineering handoff;Darkroom asset index","darkroom_rx_0919caiji_input_freeze_v1_20260926","NOT_RECOMPUTED_PHASE_A","","Manifest records size only; not hashed or used as GNSS-SDR input."
"PA-00093","E:\GNSS_Multipath_Project\0919caiji\urban_rain_03.bin","FILE","5283447296","2026-09-20 21:32:08",".bin","DARKROOM","RAW_IQ","FROZEN","Engineering handoff;Darkroom asset index","darkroom_rx_0919caiji_input_freeze_v1_20260926","YES_EXISTING","3d551e5799ee5fcdc656d22a2902d2a977538b07a3f55c51c47f51654ca6fe12","Existing manifest SHA/size only; no IQ contents opened; filename labels are not QA."
"PA-00094","E:\GNSS_Multipath_Project\0919caiji\urban_rain_03.rfcatcher","FILE","5283478016","2026-09-19 16:49:26",".rfcatcher","DARKROOM","RAW_CAPTURE_COMPANION","FROZEN","Engineering handoff;Darkroom asset index","darkroom_rx_0919caiji_input_freeze_v1_20260926","NOT_RECOMPUTED_PHASE_A","","Manifest records size only; not hashed or used as GNSS-SDR input."
"PA-00095","E:\GNSS_Multipath_Project\0919caiji\urban_rain_04.bin","FILE","5698028032","2026-09-20 21:33:46",".bin","DARKROOM","RAW_IQ","FROZEN","Engineering handoff;Darkroom asset index","darkroom_rx_0919caiji_input_freeze_v1_20260926","YES_EXISTING","b64a9256b258a4bd45ca5feccd854121fb1b2cad98b2a25f52f32deb33d0b162","Existing manifest SHA/size only; no IQ contents opened; filename labels are not QA."
"PA-00096","E:\GNSS_Multipath_Project\0919caiji\urban_rain_04.rfcatcher","FILE","5698060800","2026-09-19 16:52:20",".rfcatcher","DARKROOM","RAW_CAPTURE_COMPANION","FROZEN","Engineering handoff;Darkroom asset index","darkroom_rx_0919caiji_input_freeze_v1_20260926","NOT_RECOMPUTED_PHASE_A","","Manifest records size only; not hashed or used as GNSS-SDR input."
"PA-00142","E:\GNSS_Multipath_Project\configs\channel_modeling\darkroom_multi_elevation_four_slot_generator_v2_2.json","FILE","4302","2026-08-27 13:08:34",".json","DARKROOM","MODEL_CONFIG","CURRENT","Engineering handoff;Darkroom asset index","Darkroom asset index","NOT_RECOMPUTED_PHASE_A","","Generator configuration."
"PA-00108","E:\GNSS_Multipath_Project\dataset_generation_logs\channel_modeling\0828darkroomPar","DIRECTORY","2364063260","2026-08-27 14:57:17","","DARKROOM","CANONICAL_V2_2_DIRECTORY_SUMMARY","CURRENT","Engineering handoff;Darkroom asset index","","NOT_RECOMPUTED_PHASE_A","","Eight canonical base tables per Darkroom index."
"PA-00110","E:\GNSS_Multipath_Project\dataset_generation_logs\channel_modeling\darkroom_5min_multiseed_48_20260915","DIRECTORY","14151659699","2026-09-15 14:19:48","","DARKROOM","MULTISEED_48_DIRECTORY_SUMMARY","CURRENT","Engineering handoff;Darkroom asset index","","NOT_RECOMPUTED_PHASE_A","","48 tables; independent QA 48/48."
"PA-00109","E:\GNSS_Multipath_Project\dataset_generation_logs\channel_modeling\rain_effect_layer_stage3_v1_20260830_r5","DIRECTORY","2343848960","2026-08-30 22:38:06","","DARKROOM","RAIN_STAGE3_R5_DIRECTORY_SUMMARY","CURRENT","Engineering handoff;Darkroom asset index","","NOT_RECOMPUTED_PHASE_A","","Eight RainPooled tables per Engineering handoff."
"PA-00122","E:\GNSS_Multipath_Project\dataset_generation_logs\darkroom_channel_emulation\rain_full_sage_qa_20260827","DIRECTORY","34457","2026-08-27 19:28:41","","DARKROOM","HISTORY_RAIN_QA_R2_R3_DIRECTORY_SUMMARY","FAILED_PRESERVED","Engineering handoff;Darkroom asset index","","NOT_RECOMPUTED_PHASE_A","","Prior failed/inconclusive attempts; never mix with final r4."
"PA-00115","E:\GNSS_Multipath_Project\dataset_generation_logs\darkroom_channel_emulation\rain_full_sage_qa_20260830","DIRECTORY","104658","2026-08-30 01:05:05","","DARKROOM","RAIN_QA_R4_DIRECTORY_SUMMARY","CURRENT","Engineering handoff;Darkroom asset index","","NOT_RECOMPUTED_PHASE_A","","Nine r4 outputs independently QA PASS per Engineering section 90."
"PA-00116","E:\GNSS_Multipath_Project\dataset_generation_logs\darkroom_channel_emulation\rain_sage_task_requests_20260829","DIRECTORY","142440","2026-08-29 15:40:42","","DARKROOM","RAIN_REQUESTS_DIRECTORY_SUMMARY","CURRENT","Engineering handoff;Darkroom asset index","","NOT_RECOMPUTED_PHASE_A","","Immutable requests and receipts; preserve versions."
"PA-00114","E:\GNSS_Multipath_Project\dataset_generation_logs\darkroom_rx_gnss_sdr_qa\darkroom_rx_0913_all8_20260915_r1","DIRECTORY","172140","2026-09-15 00:17:19","","DARKROOM","QA_0913_DIRECTORY_SUMMARY","CURRENT","Engineering handoff;Darkroom asset index","","NOT_RECOMPUTED_PHASE_A","","QA 6/8 PASS, 2/8 inconclusive."
"PA-00113","E:\GNSS_Multipath_Project\dataset_generation_logs\darkroom_rx_gnss_sdr\darkroom_rx_0913_gnss_sdr_v1_20260914","DIRECTORY","443013687","2026-09-14 22:20:12","","DARKROOM","GNSS_SDR_0913_DIRECTORY_SUMMARY","CURRENT","Engineering handoff;Darkroom asset index","","NOT_RECOMPUTED_PHASE_A","","Eight task outputs and manifest."
"PA-00111","E:\GNSS_Multipath_Project\dataset_generation_logs\darkroom_rx_gnss_sdr\darkroom_rx_0919caiji_gnss_sdr_v2_20260927","DIRECTORY","3054921074","2026-09-27 14:56:57","","DARKROOM","GNSS_SDR_0919_V2_DIRECTORY_SUMMARY","CURRENT","Engineering handoff;Darkroom asset index","","NOT_RECOMPUTED_PHASE_A","","48 tasks; 31 position observed, 17 without; not SAGE complete."
"PA-00112","E:\GNSS_Multipath_Project\dataset_generation_logs\darkroom_rx_gnss_sdr\darkroom_rx_0919caiji_input_freeze_v1_20260926","DIRECTORY","85228","2026-09-26 19:03:52","","DARKROOM","INPUT_FREEZE_0919_DIRECTORY_SUMMARY","FROZEN","Engineering handoff;Darkroom asset index","","NOT_RECOMPUTED_PHASE_A","","Input inventory freeze only; execution adapter was not ready."
"PA-00260","E:\GNSS_Multipath_Project\dataset\dataset_inventory.csv","FILE","15265","2026-08-06 14:25:04",".csv","MAINLINE","DATASET_INVENTORY","HISTORICAL","Phase A sources","","NOT_RECOMPUTED_PHASE_A","","Snapshot; differs from physical SAGE file presence."
"PA-00124","E:\GNSS_Multipath_Project\docs\DARKROOM_CHANNEL_MODELING_16_SCENARIO_PROGRESS_REPORT_CN.md","FILE","24263","2026-08-30 23:25:56",".md","DARKROOM","MODEL_REPORT","CURRENT","Engineering handoff;Darkroom asset index","Darkroom asset index","NOT_RECOMPUTED_PHASE_A","","16-combination progress report."
"PA-00147","E:\GNSS_Multipath_Project\docs\darkroom_completion_report_materials\01_GB_T_45086_1_2024_PROJECT_RELATION_CN.md","FILE","19939","2026-09-28 21:12:16",".md","SHARED","DARKROOM_COMPLETION_MATERIAL;WORKTREE_TRACKED_ M","CURRENT","Engineering handoff;Darkroom asset index","Darkroom asset index","NOT_RECOMPUTED_PHASE_A","","README calls v3 current; v4/v5 exist locally but are not adjudicated. | Existing status  M; presumed user-owned; not modified in Phase A."
"PA-00148","E:\GNSS_Multipath_Project\docs\darkroom_completion_report_materials\02_AUTOMOTIVE_GNSS_TEST_STANDARDS_AND_LITERATURE_CN.md","FILE","6030","2026-09-20 22:23:54",".md","DARKROOM","DARKROOM_COMPLETION_MATERIAL","CURRENT","Engineering handoff;Darkroom asset index","Darkroom asset index","NOT_RECOMPUTED_PHASE_A","","README calls v3 current; v4/v5 exist locally but are not adjudicated."
"PA-00149","E:\GNSS_Multipath_Project\docs\darkroom_completion_report_materials\03_DARKROOM_SIGNAL_USABILITY_AND_URBAN_POOR_EXCLUSION_CN.md","FILE","4561","2026-09-20 22:23:54",".md","DARKROOM","DARKROOM_COMPLETION_MATERIAL","CURRENT","Engineering handoff;Darkroom asset index","Darkroom asset index","NOT_RECOMPUTED_PHASE_A","","README calls v3 current; v4/v5 exist locally but are not adjudicated."
"PA-00150","E:\GNSS_Multipath_Project\docs\darkroom_completion_report_materials\04_EXISTING_DARKROOM_ASSET_INDEX_CN.md","FILE","6671","2026-09-28 21:00:12",".md","SHARED","DARKROOM_COMPLETION_MATERIAL;DARKROOM_INDEX;WORKTREE_TRACKED_ M","CURRENT","Engineering handoff;Darkroom asset index","Darkroom asset index","NOT_RECOMPUTED_PHASE_A","","README calls v3 current; v4/v5 exist locally but are not adjudicated. | Working-tree modified; points to current roots. | Existing status  M; presumed user-owned; not modified in Phase A."
"PA-00151","E:\GNSS_Multipath_Project\docs\darkroom_completion_report_materials\05_FINAL_SCENARIO_LIBRARY_BRIEFING_PREPARATION_CN.md","FILE","37910","2026-09-28 21:01:40",".md","SHARED","DARKROOM_COMPLETION_MATERIAL;WORKTREE_UNTRACKED","CURRENT","Engineering handoff;Darkroom asset index","Darkroom asset index","NOT_RECOMPUTED_PHASE_A","","README calls v3 current; v4/v5 exist locally but are not adjudicated. | Existing status ??; presumed user-owned; not modified in Phase A."
"PA-00152","E:\GNSS_Multipath_Project\docs\darkroom_completion_report_materials\DARKROOM_FINAL_SCENARIO_LIBRARY_BRIEFING_CN_20260928_v2.pptx","FILE","125247","2026-09-28 20:32:34",".pptx","SHARED","DARKROOM_COMPLETION_MATERIAL;WORKTREE_UNTRACKED","HISTORICAL","Engineering handoff;Darkroom asset index","Darkroom asset index","NOT_RECOMPUTED_PHASE_A","","README calls v3 current; v4/v5 exist locally but are not adjudicated. | Existing status ??; presumed user-owned; not modified in Phase A."
"PA-00153","E:\GNSS_Multipath_Project\docs\darkroom_completion_report_materials\DARKROOM_FINAL_SCENARIO_LIBRARY_BRIEFING_CN_20260928_v3.pptx","FILE","125822","2026-09-28 20:58:00",".pptx","SHARED","DARKROOM_COMPLETION_MATERIAL;WORKTREE_UNTRACKED","UNKNOWN","Engineering handoff;Darkroom asset index","Darkroom asset index","NOT_RECOMPUTED_PHASE_A","","README calls v3 current; v4/v5 exist locally but are not adjudicated. | Existing status ??; presumed user-owned; not modified in Phase A."
"PA-00154","E:\GNSS_Multipath_Project\docs\darkroom_completion_report_materials\DARKROOM_FINAL_SCENARIO_LIBRARY_BRIEFING_CN_20260928_v4.pptx","FILE","141020","2026-09-28 21:33:54",".pptx","SHARED","DARKROOM_COMPLETION_MATERIAL;WORKTREE_UNTRACKED","UNKNOWN","Engineering handoff;Darkroom asset index","Darkroom asset index","NOT_RECOMPUTED_PHASE_A","","README calls v3 current; v4/v5 exist locally but are not adjudicated. | Existing status ??; presumed user-owned; not modified in Phase A."
"PA-00155","E:\GNSS_Multipath_Project\docs\darkroom_completion_report_materials\DARKROOM_FINAL_SCENARIO_LIBRARY_BRIEFING_CN_20260928_v5.pptx","FILE","134220","2026-09-28 22:06:54",".pptx","SHARED","DARKROOM_COMPLETION_MATERIAL;WORKTREE_UNTRACKED","UNKNOWN","Engineering handoff;Darkroom asset index","Darkroom asset index","NOT_RECOMPUTED_PHASE_A","","README calls v3 current; v4/v5 exist locally but are not adjudicated. | Existing status ??; presumed user-owned; not modified in Phase A."
"PA-00156","E:\GNSS_Multipath_Project\docs\darkroom_completion_report_materials\GNSS_HARSH_SCENARIO_LIBRARY_STANDARD_RELATION_REPORT_CN_20260929.docx","FILE","47336","2026-09-29 14:17:28",".docx","SHARED","DARKROOM_COMPLETION_MATERIAL;WORKTREE_UNTRACKED","CURRENT","Engineering handoff;Darkroom asset index","Darkroom asset index","NOT_RECOMPUTED_PHASE_A","","README calls v3 current; v4/v5 exist locally but are not adjudicated. | Existing status ??; presumed user-owned; not modified in Phase A."
"PA-00157","E:\GNSS_Multipath_Project\docs\darkroom_completion_report_materials\README.md","FILE","4094","2026-09-28 21:00:12",".md","SHARED","DARKROOM_COMPLETION_MATERIAL;DARKROOM_INDEX;WORKTREE_TRACKED_ M","CURRENT","Engineering handoff;Darkroom asset index","Darkroom asset index","NOT_RECOMPUTED_PHASE_A","","README calls v3 current; v4/v5 exist locally but are not adjudicated. | Working-tree modified; says v3 current while v4/v5 exist. | Existing status  M; presumed user-owned; not modified in Phase A."
"PA-00123","E:\GNSS_Multipath_Project\docs\DARKROOM_GENERATOR_V2_2_REFERENCE.md","FILE","23075","2026-08-27 16:17:24",".md","DARKROOM","MODEL_REFERENCE","CURRENT","Engineering handoff;Darkroom asset index","Darkroom asset index","NOT_RECOMPUTED_PHASE_A","","v2.2 generator reference."
"PA-00133","E:\GNSS_Multipath_Project\docs\DARKROOM_RX_0913_ALL8_SIGNAL_QUALITY_REPORT_CN.md","FILE","12428","2026-09-15 00:22:10",".md","DARKROOM","GNSS_SDR_REPORT","CURRENT","Engineering handoff;Darkroom asset index","Darkroom asset index","NOT_RECOMPUTED_PHASE_A","","0913 signal-quality report."
"PA-00134","E:\GNSS_Multipath_Project\docs\DARKROOM_RX_0913_CHANNEL_REPORT_CN.md","FILE","15009","2026-09-20 22:23:54",".md","DARKROOM","GNSS_SDR_REPORT","CURRENT","Engineering handoff;Darkroom asset index","Darkroom asset index","NOT_RECOMPUTED_PHASE_A","","0913 channel report."
"PA-00135","E:\GNSS_Multipath_Project\docs\DARKROOM_RX_0913_GNSS_SDR_POSITIONING_DIAGNOSTIC.md","FILE","9311","2026-09-15 00:22:12",".md","DARKROOM","GNSS_SDR_REPORT","CURRENT","Engineering handoff;Darkroom asset index","Darkroom asset index","NOT_RECOMPUTED_PHASE_A","","0913 positioning diagnostic."
"PA-00132","E:\GNSS_Multipath_Project\docs\DARKROOM_VEHICLE_GNSS_COMPARATIVE_TEST_AND_REPORT_PLAN_CN.md","FILE","16146","2026-09-15 00:36:28",".md","DARKROOM","VEHICLE_TEST_PLAN","CURRENT","Engineering handoff;Darkroom asset index","Darkroom asset index","NOT_RECOMPUTED_PHASE_A","","Vehicle/GNSS-SDR test plan."
"PA-00131","E:\GNSS_Multipath_Project\docs\DARKROOM_VEHICLE_GNSS_COMPARATIVE_TEST_REPORT_CN_v2.pptx","FILE","3718395","2026-09-15 15:48:38",".pptx","DARKROOM","VEHICLE_REPORT","HISTORICAL","Engineering handoff;Darkroom asset index","Darkroom asset index","NOT_RECOMPUTED_PHASE_A","","Versioned vehicle report."
"PA-00130","E:\GNSS_Multipath_Project\docs\DARKROOM_VEHICLE_GNSS_COMPARATIVE_TEST_REPORT_CN.pptx","FILE","39611","2026-09-15 09:08:38",".pptx","DARKROOM","VEHICLE_REPORT","CURRENT","Engineering handoff;Darkroom asset index","Darkroom asset index","NOT_RECOMPUTED_PHASE_A","","Vehicle/GNSS-SDR comparative report."
"PA-00125","E:\GNSS_Multipath_Project\docs\ENVIRONMENT_ELEVATION_PATH_DISTRIBUTION_MODEL_V1_REPORT.md","FILE","7650","2026-08-26 12:59:48",".md","DARKROOM","MODEL_REPORT","CURRENT","Engineering handoff;Darkroom asset index","Darkroom asset index","NOT_RECOMPUTED_PHASE_A","","Environment/elevation model report."
"PA-00136","E:\GNSS_Multipath_Project\docs\GB_T_45086_1_GNSS_DARKROOM_CAPABILITY_MAPPING_CN.md","FILE","32490","2026-09-28 01:00:12",".md","SHARED","STANDARDS_MAPPING;WORKTREE_UNTRACKED","CURRENT","Engineering handoff;Darkroom asset index","Darkroom asset index","NOT_RECOMPUTED_PHASE_A","","Bounded capability mapping, not standards-compliance claim. | Existing status ??; presumed user-owned; not modified in Phase A."
"PA-00259","E:\GNSS_Multipath_Project\docs\GNSS_DARKROOM_CHANNEL_EMULATION_HANDOFF_CURRENT.md","FILE","22147","2026-08-18 02:29:46",".md","DARKROOM","DARKROOM_HANDOFF","HISTORICAL","Phase A sources","","NOT_RECOMPUTED_PHASE_A","","Top-level Rain status is stale vs later Engineering handoff."
"PA-00258","E:\GNSS_Multipath_Project\docs\GNSS_SAGE_ENGINEERING_HANDOFF_CURRENT.md","FILE","301628","2026-09-28 01:06:12",".md","SHARED","AUTHORITATIVE_HANDOFF;WORKTREE_TRACKED_ M","AUTHORITATIVE","Phase A sources","","NOT_RECOMPUTED_PHASE_A","","Working-tree modified; sections through 2026-09-28. | Existing status  M; presumed user-owned; not modified in Phase A."
"PA-00176","E:\GNSS_Multipath_Project\docs\GNSS_SAGE_PAPER_HANDOFF_CURRENT.md","FILE","146947","2026-09-15 00:32:42",".md","PAPER","PAPER_HANDOFF;AUTHORITATIVE_HANDOFF","AUTHORITATIVE","Paper/VTC handoff","VTC_PLAN;EVIDENCE_MATRIX;figure manifest","NOT_RECOMPUTED_PHASE_A","","Says not submitted; conflicts with user-attested submission. | Submission state conflicts with user-attested submission."
"PA-00178","E:\GNSS_Multipath_Project\docs\GNSS_SAGE_VTC_WRITING_HANDOFF_CURRENT.md","FILE","49765","2026-09-15 00:32:42",".md","PAPER","VTC_HANDOFF","HISTORICAL","Paper/VTC handoff","VTC_PLAN;EVIDENCE_MATRIX;figure manifest","NOT_RECOMPUTED_PHASE_A","","Says author review/no submission; 2026-08-17. | Says author review/no submission, 2026-08-17."
"PA-00128","E:\GNSS_Multipath_Project\docs\LOCK_AMPLITUDE_PHASE_RECOVERY_MODEL_V1_REPORT.md","FILE","9169","2026-08-26 17:17:08",".md","DARKROOM","MODEL_REPORT","CURRENT","Engineering handoff;Darkroom asset index","Darkroom asset index","NOT_RECOMPUTED_PHASE_A","","Lock/amplitude/phase recovery report."
"PA-00126","E:\GNSS_Multipath_Project\docs\MAIN_PATH_COMMON_GAIN_FADE_MODEL_V1_REPORT.md","FILE","6272","2026-08-26 14:01:12",".md","DARKROOM","MODEL_REPORT","CURRENT","Engineering handoff;Darkroom asset index","Darkroom asset index","NOT_RECOMPUTED_PHASE_A","","Main-path gain/fade report."
"PA-00127","E:\GNSS_Multipath_Project\docs\NLOS_SLOT_ACTIVATION_MODEL_V1_REPORT.md","FILE","14414","2026-08-26 16:23:30",".md","DARKROOM","MODEL_REPORT","CURRENT","Engineering handoff;Darkroom asset index","Darkroom asset index","NOT_RECOMPUTED_PHASE_A","","NLOS activation report."
"PA-00177","E:\GNSS_Multipath_Project\docs\PAPER_WORKSPACE_INDEX.md","FILE","32882","2026-08-31 17:59:44",".md","PAPER","PAPER_INDEX","CURRENT","Paper/VTC handoff","VTC_PLAN;EVIDENCE_MATRIX;figure manifest","NOT_RECOMPUTED_PHASE_A","","Not a status source. | Asset navigation only."
"PA-00129","E:\GNSS_Multipath_Project\docs\RAIN_STAGE3_EFFECT_LAYER_REPORT.md","FILE","5993","2026-08-30 23:03:26",".md","DARKROOM","MODEL_REPORT","CURRENT","Engineering handoff;Darkroom asset index","Darkroom asset index","NOT_RECOMPUTED_PHASE_A","","Rain effect-layer report."
"PA-00172","E:\GNSS_Multipath_Project\docs\vtc2027_spring\EVIDENCE_MATRIX.md","FILE","21768","2026-08-31 17:59:42",".md","PAPER","EVIDENCE_MATRIX;VTC_EVIDENCE","CURRENT","Paper/VTC handoff","VTC_PLAN;EVIDENCE_MATRIX;figure manifest","NOT_RECOMPUTED_PHASE_A","","Current evidence ledger."
"PA-00174","E:\GNSS_Multipath_Project\docs\vtc2027_spring\FIGURE_TABLE_PLAN.md","FILE","4036","2026-08-17 10:35:26",".md","PAPER","FIGURE_TABLE_PLAN","HISTORICAL","Paper/VTC handoff","VTC_PLAN;EVIDENCE_MATRIX;figure manifest","NOT_RECOMPUTED_PHASE_A","","Does not map current figures one-to-one."
"PA-00168","E:\GNSS_Multipath_Project\docs\vtc2027_spring\figures\conditional_empirical_vs_model_pdf_environment_elevation.pdf","FILE","41636","2026-08-31 17:34:52",".pdf","PAPER","FIGURE_CANDIDATE","CURRENT","Paper/VTC handoff","VTC_PLAN;EVIDENCE_MATRIX;figure manifest","NOT_RECOMPUTED_PHASE_A","","Figure provenance not established by current manifest."
"PA-00169","E:\GNSS_Multipath_Project\docs\vtc2027_spring\figures\conditional_joint_delay_power.pdf","FILE","55151","2026-08-31 19:23:30",".pdf","PAPER","FIGURE_CANDIDATE","CURRENT","Paper/VTC handoff","VTC_PLAN;EVIDENCE_MATRIX;figure manifest","NOT_RECOMPUTED_PHASE_A","","Figure provenance not established by current manifest."
"PA-00170","E:\GNSS_Multipath_Project\docs\vtc2027_spring\figures\figure_generation_manifest.json","FILE","23453","2026-08-22 23:38:02",".json","PAPER","FIGURE_MANIFEST","HISTORICAL","Paper/VTC handoff","VTC_PLAN;EVIDENCE_MATRIX;figure manifest","NOT_RECOMPUTED_PHASE_A","","Dated 2026-08-22; does not cover current figures."
"PA-00167","E:\GNSS_Multipath_Project\docs\vtc2027_spring\figures\figure1_multisatellite.pdf","FILE","32711","2026-08-31 09:53:08",".pdf","PAPER","FIGURE_CANDIDATE","CURRENT","Paper/VTC handoff","VTC_PLAN;EVIDENCE_MATRIX;figure manifest","NOT_RECOMPUTED_PHASE_A","","Manifest dated 2026-08-22 does not bind it."
"PA-00173","E:\GNSS_Multipath_Project\docs\vtc2027_spring\MANUSCRIPT_OUTLINE.md","FILE","3709","2026-08-14 11:57:40",".md","PAPER","OUTLINE","CURRENT","Paper/VTC handoff","VTC_PLAN;EVIDENCE_MATRIX;figure manifest","NOT_RECOMPUTED_PHASE_A","","Not submission proof."
"PA-00264","E:\GNSS_Multipath_Project\docs\vtc2027_spring\manuscript\_tmp_package_back_compile_20260824_01","DIRECTORY","","2026-08-24 12:31:42","","UNKNOWN","WORKTREE_UNTRACKED","UNKNOWN","","","NOT_RECOMPUTED_PHASE_A","","Existing status ??; presumed user-owned; not modified in Phase A."
"PA-00265","E:\GNSS_Multipath_Project\docs\vtc2027_spring\manuscript\_tmp_package_back_layout_balanced_20260824_01","DIRECTORY","","2026-08-24 13:08:57","","UNKNOWN","WORKTREE_UNTRACKED","UNKNOWN","","","NOT_RECOMPUTED_PHASE_A","","Existing status ??; presumed user-owned; not modified in Phase A."
"PA-00266","E:\GNSS_Multipath_Project\docs\vtc2027_spring\manuscript\_tmp_package_back_layout_balanced_5pages_20260824_01","DIRECTORY","","2026-08-24 20:50:56","","UNKNOWN","WORKTREE_UNTRACKED","UNKNOWN","","","NOT_RECOMPUTED_PHASE_A","","Existing status ??; presumed user-owned; not modified in Phase A."
"PA-00267","E:\GNSS_Multipath_Project\docs\vtc2027_spring\manuscript\_tmp_package_back_layout_columnbreak_20260824_01","DIRECTORY","","2026-08-24 20:54:16","","UNKNOWN","WORKTREE_UNTRACKED","UNKNOWN","","","NOT_RECOMPUTED_PHASE_A","","Existing status ??; presumed user-owned; not modified in Phase A."
"PA-00268","E:\GNSS_Multipath_Project\docs\vtc2027_spring\manuscript\_tmp_package_back_layout_fig3_wide_20260824_01","DIRECTORY","","2026-08-24 21:14:04","","UNKNOWN","WORKTREE_UNTRACKED","UNKNOWN","","","NOT_RECOMPUTED_PHASE_A","","Existing status ??; presumed user-owned; not modified in Phase A."
"PA-00269","E:\GNSS_Multipath_Project\docs\vtc2027_spring\manuscript\_tmp_package_back_layout_fig3_wide_compact_20260824_01","DIRECTORY","","2026-08-24 21:23:51","","UNKNOWN","WORKTREE_UNTRACKED","UNKNOWN","","","NOT_RECOMPUTED_PHASE_A","","Existing status ??; presumed user-owned; not modified in Phase A."
"PA-00270","E:\GNSS_Multipath_Project\docs\vtc2027_spring\manuscript\_tmp_package_back_layout_fig3_wide_flow_20260824_01","DIRECTORY","","2026-08-24 21:20:50","","UNKNOWN","WORKTREE_UNTRACKED","UNKNOWN","","","NOT_RECOMPUTED_PHASE_A","","Existing status ??; presumed user-owned; not modified in Phase A."
"PA-00271","E:\GNSS_Multipath_Project\docs\vtc2027_spring\manuscript\_tmp_package_back_layout_fig3_wide_nobreak_20260824_01","DIRECTORY","","2026-08-24 21:17:43","","UNKNOWN","WORKTREE_UNTRACKED","UNKNOWN","","","NOT_RECOMPUTED_PHASE_A","","Existing status ??; presumed user-owned; not modified in Phase A."
"PA-00272","E:\GNSS_Multipath_Project\docs\vtc2027_spring\manuscript\_tmp_package_back_layout_ordered_20260824_01","DIRECTORY","","2026-08-24 12:57:20","","UNKNOWN","WORKTREE_UNTRACKED","UNKNOWN","","","NOT_RECOMPUTED_PHASE_A","","Existing status ??; presumed user-owned; not modified in Phase A."
"PA-00273","E:\GNSS_Multipath_Project\docs\vtc2027_spring\manuscript\_tmp_package_back_layout_placeins_20260824_01","DIRECTORY","","2026-08-24 12:59:55","","UNKNOWN","WORKTREE_UNTRACKED","UNKNOWN","","","NOT_RECOMPUTED_PHASE_A","","Existing status ??; presumed user-owned; not modified in Phase A."
"PA-00274","E:\GNSS_Multipath_Project\docs\vtc2027_spring\manuscript\_tmp_package_back_layout_sequential_20260824_01","DIRECTORY","","2026-08-24 12:58:51","","UNKNOWN","WORKTREE_UNTRACKED","UNKNOWN","","","NOT_RECOMPUTED_PHASE_A","","Existing status ??; presumed user-owned; not modified in Phase A."
"PA-00275","E:\GNSS_Multipath_Project\docs\vtc2027_spring\manuscript\_tmp_package_back_layout_stfloats_20260824_01","DIRECTORY","","2026-08-24 12:39:00","","UNKNOWN","WORKTREE_UNTRACKED","UNKNOWN","","","NOT_RECOMPUTED_PHASE_A","","Existing status ??; presumed user-owned; not modified in Phase A."
"PA-00276","E:\GNSS_Multipath_Project\docs\vtc2027_spring\manuscript\latex_cn_review\latex","DIRECTORY","","2026-08-14 11:54:02","","UNKNOWN","WORKTREE_UNTRACKED","UNKNOWN","","","NOT_RECOMPUTED_PHASE_A","","Existing status ??; presumed user-owned; not modified in Phase A."
"PA-00165","E:\GNSS_Multipath_Project\docs\vtc2027_spring\manuscript\latex\main_formal_language_final_20260831.pdf","FILE","305576","2026-08-31 20:40:40",".pdf","PAPER","PDF_CANDIDATE","UNKNOWN","Paper/VTC handoff","VTC_PLAN;EVIDENCE_MATRIX;figure manifest","NOT_RECOMPUTED_PHASE_A","","No receipt establishes it."
"PA-00183","E:\GNSS_Multipath_Project\docs\vtc2027_spring\manuscript\latex\main_layout_clear_before_refs_20260831.tex","FILE","16279","2026-08-31 21:34:20",".tex","SHARED","LAYOUT_VARIANT;WORKTREE_UNTRACKED","HISTORICAL","Paper/VTC handoff","VTC_PLAN;EVIDENCE_MATRIX;figure manifest","NOT_RECOMPUTED_PHASE_A","","No receipt binds this file. | Existing status ??; presumed user-owned; not modified in Phase A."
"PA-00184","E:\GNSS_Multipath_Project\docs\vtc2027_spring\manuscript\latex\main_layout_fig3bottom_barrier_20260831.tex","FILE","16303","2026-08-31 21:38:16",".tex","SHARED","LAYOUT_VARIANT;WORKTREE_UNTRACKED","HISTORICAL","Paper/VTC handoff","VTC_PLAN;EVIDENCE_MATRIX;figure manifest","NOT_RECOMPUTED_PHASE_A","","No receipt binds this file. | Existing status ??; presumed user-owned; not modified in Phase A."
"PA-00166","E:\GNSS_Multipath_Project\docs\vtc2027_spring\manuscript\latex\main_layout_final_20260831.pdf","FILE","305881","2026-08-31 21:32:16",".pdf","PAPER","PDF_CANDIDATE","UNKNOWN","Paper/VTC handoff","VTC_PLAN;EVIDENCE_MATRIX;figure manifest","NOT_RECOMPUTED_PHASE_A","","No receipt establishes it."
"PA-00164","E:\GNSS_Multipath_Project\docs\vtc2027_spring\manuscript\latex\main.pdf","FILE","305881","2026-08-31 21:35:44",".pdf","PAPER","PDF_CANDIDATE","UNKNOWN","Paper/VTC handoff","VTC_PLAN;EVIDENCE_MATRIX;figure manifest","NOT_RECOMPUTED_PHASE_A","","No submission receipt establishes it."
"PA-00162","E:\GNSS_Multipath_Project\docs\vtc2027_spring\manuscript\latex\main.tex","FILE","16279","2026-08-31 21:18:58",".tex","PAPER","MANUSCRIPT_SOURCE","CURRENT","Paper/VTC handoff","VTC_PLAN;EVIDENCE_MATRIX;figure manifest","NOT_RECOMPUTED_PHASE_A","","Current as of 2026-08-31; pairing to submitted PDF unverified."
"PA-00163","E:\GNSS_Multipath_Project\docs\vtc2027_spring\manuscript\latex\references.bib","FILE","3817","2026-08-26 10:52:06",".bib","PAPER","BIBLIOGRAPHY","CURRENT","Paper/VTC handoff","VTC_PLAN;EVIDENCE_MATRIX;figure manifest","NOT_RECOMPUTED_PHASE_A","","Submitted source pairing unverified."
"PA-00277","E:\GNSS_Multipath_Project\docs\vtc2027_spring\manuscript\package_back","DIRECTORY","","2026-08-24 11:35:20","","UNKNOWN","WORKTREE_UNTRACKED","UNKNOWN","","","NOT_RECOMPUTED_PHASE_A","","Existing status ??; presumed user-owned; not modified in Phase A."
"PA-00278","E:\GNSS_Multipath_Project\docs\vtc2027_spring\manuscript\review_academic_pass_20260825","DIRECTORY","","2026-08-25 13:16:12","","UNKNOWN","WORKTREE_UNTRACKED","UNKNOWN","","","NOT_RECOMPUTED_PHASE_A","","Existing status ??; presumed user-owned; not modified in Phase A."
"PA-00279","E:\GNSS_Multipath_Project\docs\vtc2027_spring\manuscript\review_layer1_layer3_chinese_temp_20260824","DIRECTORY","","2026-08-24 21:53:46","","UNKNOWN","WORKTREE_UNTRACKED","UNKNOWN","","","NOT_RECOMPUTED_PHASE_A","","Existing status ??; presumed user-owned; not modified in Phase A."
"PA-00280","E:\GNSS_Multipath_Project\docs\vtc2027_spring\manuscript\review_layer1_layer3_english_temp_20260824","DIRECTORY","","2026-08-24 21:53:46","","UNKNOWN","WORKTREE_UNTRACKED","UNKNOWN","","","NOT_RECOMPUTED_PHASE_A","","Existing status ??; presumed user-owned; not modified in Phase A."
"PA-00161","E:\GNSS_Multipath_Project\docs\vtc2027_spring\submission\PAGE_BUDGET.md","FILE","1139","2026-08-14 11:54:02",".md","PAPER","PAGE_BUDGET","CURRENT","Paper/VTC handoff","VTC_PLAN;EVIDENCE_MATRIX;figure manifest","NOT_RECOMPUTED_PHASE_A","","Planning only."
"PA-00160","E:\GNSS_Multipath_Project\docs\vtc2027_spring\submission\SUBMISSION_REQUIREMENTS.md","FILE","3771","2026-08-14 11:54:00",".md","PAPER","REQUIREMENTS","CURRENT","Paper/VTC handoff","VTC_PLAN;EVIDENCE_MATRIX;figure manifest","NOT_RECOMPUTED_PHASE_A","","Not proof of submission."
"PA-00158","E:\GNSS_Multipath_Project\docs\vtc2027_spring\submission\VTC2027_Spring_submission_candidate.pdf","FILE","232686","2026-08-16 14:17:58",".pdf","PAPER","SUBMISSION_PDF_CANDIDATE","UNKNOWN","Paper/VTC handoff","VTC_PLAN;EVIDENCE_MATRIX;figure manifest","NOT_RECOMPUTED_PHASE_A","","No receipt or exact submitted-file link found."
"PA-00159","E:\GNSS_Multipath_Project\docs\vtc2027_spring\submission\VTC2027_SUBMISSION_REQUIREMENTS_AUDIT.md","FILE","14402","2026-08-16 02:26:46",".md","PAPER","SUBMISSION_AUDIT","HISTORICAL","Paper/VTC handoff","VTC_PLAN;EVIDENCE_MATRIX;figure manifest","NOT_RECOMPUTED_PHASE_A","","Audit says no submission attempt; conflicts with user-attested submission."
"PA-00281","E:\GNSS_Multipath_Project\docs\vtc2027_spring\supplemental_data_outputs\channel_model_manuscript_revision_review_20260905","DIRECTORY","","2026-09-06 00:00:31","","UNKNOWN","WORKTREE_UNTRACKED","UNKNOWN","","","NOT_RECOMPUTED_PHASE_A","","Existing status ??; presumed user-owned; not modified in Phase A."
"PA-00182","E:\GNSS_Multipath_Project\docs\vtc2027_spring\supplemental_data_outputs\channel_model_scientific_risk_text_revision_review_20260913_layout_cleanup_20260915\manuscript\latex\main.tex","FILE","19336","2026-09-17 15:44:22",".tex","SHARED","ISOLATED_REVIEW_COPY;WORKTREE_TRACKED_ M","DIAGNOSTIC_ONLY","Paper/VTC handoff","VTC_PLAN;EVIDENCE_MATRIX;figure manifest","NOT_RECOMPUTED_PHASE_A","","Modified worktree copy says formal manuscript not modified. | Existing status  M; presumed user-owned; not modified in Phase A."
"PA-00283","E:\GNSS_Multipath_Project\docs\vtc2027_spring\supplemental_data_outputs\channel_model_scientific_risk_text_revision_review_20260913\manuscript\latex_cn_review","DIRECTORY","","2026-09-13 22:27:27","","UNKNOWN","WORKTREE_UNTRACKED","UNKNOWN","","","NOT_RECOMPUTED_PHASE_A","","Existing status ??; presumed user-owned; not modified in Phase A."
"PA-00282","E:\GNSS_Multipath_Project\docs\vtc2027_spring\supplemental_data_outputs\channel_model_scientific_risk_text_revision_review_20260913\manuscript\latex\main_extracted.txt","FILE","38341","2026-09-15 09:01:10",".txt","UNKNOWN","WORKTREE_UNTRACKED","UNKNOWN","","","NOT_RECOMPUTED_PHASE_A","","Existing status ??; presumed user-owned; not modified in Phase A."
"PA-00284","E:\GNSS_Multipath_Project\docs\vtc2027_spring\supplemental_data_outputs\channel_model_scientific_risk_text_revision_review_20260913\qa\MANUSCRIPT_RESTORE_RECEIPT.md","FILE","1139","2026-09-13 22:54:22",".md","UNKNOWN","WORKTREE_UNTRACKED","UNKNOWN","","","NOT_RECOMPUTED_PHASE_A","","Existing status ??; presumed user-owned; not modified in Phase A."
"PA-00286","E:\GNSS_Multipath_Project\docs\vtc2027_spring\supplemental_data_outputs\channel_model_scientific_risk_text_revision_review_20260913\qa\MANUSCRIPT_REVISION_COMMENTS_ROUND2.md","FILE","4243","2026-09-13 21:23:02",".md","UNKNOWN","WORKTREE_UNTRACKED","UNKNOWN","","","NOT_RECOMPUTED_PHASE_A","","Existing status ??; presumed user-owned; not modified in Phase A."
"PA-00285","E:\GNSS_Multipath_Project\docs\vtc2027_spring\supplemental_data_outputs\channel_model_scientific_risk_text_revision_review_20260913\qa\MANUSCRIPT_REVISION_COMMENTS.md","FILE","21751","2026-09-06 19:46:34",".md","UNKNOWN","WORKTREE_UNTRACKED","UNKNOWN","","","NOT_RECOMPUTED_PHASE_A","","Existing status ??; presumed user-owned; not modified in Phase A."
"PA-00287","E:\GNSS_Multipath_Project\docs\vtc2027_spring\supplemental_data_outputs\channel_model_scientific_risk_text_revision_review_20260913\qa\REVISION_AND_QA_REPORT.md","FILE","5122","2026-09-13 21:24:32",".md","UNKNOWN","WORKTREE_UNTRACKED","UNKNOWN","","","NOT_RECOMPUTED_PHASE_A","","Existing status ??; presumed user-owned; not modified in Phase A."
"PA-00288","E:\GNSS_Multipath_Project\docs\vtc2027_spring\supplemental_data_outputs\channel_model_scientific_risk_text_revision_review_20260913\qa\SCIENTIFIC_RISK_TEXT_REVISION_REPORT.md","FILE","4755","2026-09-13 22:54:22",".md","UNKNOWN","WORKTREE_UNTRACKED","UNKNOWN","","","NOT_RECOMPUTED_PHASE_A","","Existing status ??; presumed user-owned; not modified in Phase A."
"PA-00291","E:\GNSS_Multipath_Project\docs\vtc2027_spring\supplemental_data_outputs\environment_level_basic_channel_model_review_20260902\model\elevation_sensitivity_models.json","FILE","43277","2026-09-02 11:33:22",".json","UNKNOWN","WORKTREE_UNTRACKED","UNKNOWN","","","NOT_RECOMPUTED_PHASE_A","","Existing status ??; presumed user-owned; not modified in Phase A."
"PA-00292","E:\GNSS_Multipath_Project\docs\vtc2027_spring\supplemental_data_outputs\environment_level_basic_channel_model_review_20260902\model\environment_distribution_candidates.csv","FILE","12103","2026-09-02 11:17:14",".csv","UNKNOWN","WORKTREE_UNTRACKED","UNKNOWN","","","NOT_RECOMPUTED_PHASE_A","","Existing status ??; presumed user-owned; not modified in Phase A."
"PA-00293","E:\GNSS_Multipath_Project\docs\vtc2027_spring\supplemental_data_outputs\environment_level_basic_channel_model_review_20260902\model\environment_power_delay_bootstrap_draws.csv","FILE","263876","2026-09-02 11:22:16",".csv","UNKNOWN","WORKTREE_UNTRACKED","UNKNOWN","","","NOT_RECOMPUTED_PHASE_A","","Existing status ??; presumed user-owned; not modified in Phase A."
"PA-00294","E:\GNSS_Multipath_Project\docs\vtc2027_spring\supplemental_data_outputs\environment_level_basic_channel_model_review_20260902\model\environment_power_delay_interaction_bootstrap_draws.csv","FILE","138316","2026-09-02 11:22:24",".csv","UNKNOWN","WORKTREE_UNTRACKED","UNKNOWN","","","NOT_RECOMPUTED_PHASE_A","","Existing status ??; presumed user-owned; not modified in Phase A."
"PA-00295","E:\GNSS_Multipath_Project\docs\vtc2027_spring\supplemental_data_outputs\environment_level_basic_channel_model_review_20260902\model\environment_power_delay_interaction_loso.csv","FILE","1616","2026-09-02 11:22:24",".csv","UNKNOWN","WORKTREE_UNTRACKED","UNKNOWN","","","NOT_RECOMPUTED_PHASE_A","","Existing status ??; presumed user-owned; not modified in Phase A."
"PA-00296","E:\GNSS_Multipath_Project\docs\vtc2027_spring\supplemental_data_outputs\environment_level_basic_channel_model_review_20260902\model\environment_power_delay_models.json","FILE","13565","2026-09-02 11:22:24",".json","UNKNOWN","WORKTREE_UNTRACKED","UNKNOWN","","","NOT_RECOMPUTED_PHASE_A","","Existing status ??; presumed user-owned; not modified in Phase A."
"PA-00297","E:\GNSS_Multipath_Project\docs\vtc2027_spring\supplemental_data_outputs\environment_level_basic_channel_model_review_20260902\model\excess_delay_alternative_fit_trial_candidates.csv","FILE","3690","2026-09-03 13:47:30",".csv","UNKNOWN","WORKTREE_UNTRACKED","UNKNOWN","","","NOT_RECOMPUTED_PHASE_A","","Existing status ??; presumed user-owned; not modified in Phase A."
"PA-00298","E:\GNSS_Multipath_Project\docs\vtc2027_spring\supplemental_data_outputs\environment_level_basic_channel_model_review_20260902\model\excess_delay_laplace_trial_candidates.csv","FILE","2296","2026-09-03 13:34:12",".csv","UNKNOWN","WORKTREE_UNTRACKED","UNKNOWN","","","NOT_RECOMPUTED_PHASE_A","","Existing status ??; presumed user-owned; not modified in Phase A."
"PA-00299","E:\GNSS_Multipath_Project\docs\vtc2027_spring\supplemental_data_outputs\environment_level_basic_channel_model_review_20260902\model\selected_environment_absolute_doppler_models.json","FILE","3274","2026-09-02 11:17:14",".json","UNKNOWN","WORKTREE_UNTRACKED","UNKNOWN","","","NOT_RECOMPUTED_PHASE_A","","Existing status ??; presumed user-owned; not modified in Phase A."
"PA-00300","E:\GNSS_Multipath_Project\docs\vtc2027_spring\supplemental_data_outputs\environment_level_basic_channel_model_review_20260902\model\selected_environment_delay_models.json","FILE","2463","2026-09-02 11:17:14",".json","UNKNOWN","WORKTREE_UNTRACKED","UNKNOWN","","","NOT_RECOMPUTED_PHASE_A","","Existing status ??; presumed user-owned; not modified in Phase A."
"PA-00301","E:\GNSS_Multipath_Project\docs\vtc2027_spring\supplemental_data_outputs\environment_level_basic_channel_model_review_20260902\model\selected_environment_relative_power_models.json","FILE","3260","2026-09-02 11:17:14",".json","UNKNOWN","WORKTREE_UNTRACKED","UNKNOWN","","","NOT_RECOMPUTED_PHASE_A","","Existing status ??; presumed user-owned; not modified in Phase A."
"PA-00302","E:\GNSS_Multipath_Project\docs\vtc2027_spring\supplemental_data_outputs\environment_level_basic_channel_model_review_20260902\model\selected_excess_delay_alternative_fit_trial.json","FILE","12019","2026-09-03 13:47:30",".json","UNKNOWN","WORKTREE_UNTRACKED","UNKNOWN","","","NOT_RECOMPUTED_PHASE_A","","Existing status ??; presumed user-owned; not modified in Phase A."
"PA-00303","E:\GNSS_Multipath_Project\docs\vtc2027_spring\supplemental_data_outputs\environment_level_basic_channel_model_review_20260902\model\selected_excess_delay_laplace_trial.json","FILE","4885","2026-09-03 13:34:12",".json","UNKNOWN","WORKTREE_UNTRACKED","UNKNOWN","","","NOT_RECOMPUTED_PHASE_A","","Existing status ??; presumed user-owned; not modified in Phase A."
"PA-00289","E:\GNSS_Multipath_Project\docs\vtc2027_spring\supplemental_data_outputs\environment_level_basic_channel_model_review_20260902\PLAN.md","FILE","11783","2026-09-02 11:08:10",".md","UNKNOWN","WORKTREE_UNTRACKED","UNKNOWN","","","NOT_RECOMPUTED_PHASE_A","","Existing status ??; presumed user-owned; not modified in Phase A."
"PA-00304","E:\GNSS_Multipath_Project\docs\vtc2027_spring\supplemental_data_outputs\environment_level_basic_channel_model_review_20260902\qa","DIRECTORY","","2026-09-02 11:07:07","","UNKNOWN","WORKTREE_UNTRACKED","UNKNOWN","","","NOT_RECOMPUTED_PHASE_A","","Existing status ??; presumed user-owned; not modified in Phase A."
"PA-00290","E:\GNSS_Multipath_Project\docs\vtc2027_spring\supplemental_data_outputs\environment_level_basic_channel_model_review_20260902\README.md","FILE","2114","2026-09-02 11:47:44",".md","UNKNOWN","WORKTREE_UNTRACKED","UNKNOWN","","","NOT_RECOMPUTED_PHASE_A","","Existing status ??; presumed user-owned; not modified in Phase A."
"PA-00305","E:\GNSS_Multipath_Project\docs\vtc2027_spring\supplemental_data_outputs\environment_level_basic_channel_model_review_20260902\scripts","DIRECTORY","","2026-09-02 11:07:07","","UNKNOWN","WORKTREE_UNTRACKED","UNKNOWN","","","NOT_RECOMPUTED_PHASE_A","","Existing status ??; presumed user-owned; not modified in Phase A."
"PA-00306","E:\GNSS_Multipath_Project\docs\vtc2027_spring\supplemental_data_outputs\environment_level_basic_channel_model_review_20260902\tables","DIRECTORY","","2026-09-02 11:07:07","","UNKNOWN","WORKTREE_UNTRACKED","UNKNOWN","","","NOT_RECOMPUTED_PHASE_A","","Existing status ??; presumed user-owned; not modified in Phase A."
"PA-00307","E:\GNSS_Multipath_Project\docs\vtc2027_spring\supplemental_data_outputs\environment_level_basic_channel_model_review_20260902\tests","DIRECTORY","","2026-09-02 11:07:07","","UNKNOWN","WORKTREE_UNTRACKED","UNKNOWN","","","NOT_RECOMPUTED_PHASE_A","","Existing status ??; presumed user-owned; not modified in Phase A."
"PA-00308","E:\GNSS_Multipath_Project\docs\vtc2027_spring\supplemental_data_outputs\path_level_basic_statistics_review_20260902","DIRECTORY","","2026-09-02 10:33:39","","UNKNOWN","WORKTREE_UNTRACKED","UNKNOWN","","","NOT_RECOMPUTED_PHASE_A","","Existing status ??; presumed user-owned; not modified in Phase A."
"PA-00309","E:\GNSS_Multipath_Project\docs\vtc2027_spring\supplemental_data_outputs\power_delay_binned_hexbin_review_20260905","DIRECTORY","","2026-09-05 01:02:06","","UNKNOWN","WORKTREE_UNTRACKED","UNKNOWN","","","NOT_RECOMPUTED_PHASE_A","","Existing status ??; presumed user-owned; not modified in Phase A."
"PA-00311","E:\GNSS_Multipath_Project\docs\vtc2027_spring\supplemental_data_outputs\power_delay_continuous_piecewise_review_20260905\qa","DIRECTORY","","2026-09-05 21:04:46","","UNKNOWN","WORKTREE_UNTRACKED","UNKNOWN","","","NOT_RECOMPUTED_PHASE_A","","Existing status ??; presumed user-owned; not modified in Phase A."
"PA-00310","E:\GNSS_Multipath_Project\docs\vtc2027_spring\supplemental_data_outputs\power_delay_continuous_piecewise_review_20260905\README.md","FILE","917","2026-09-05 21:06:22",".md","UNKNOWN","WORKTREE_UNTRACKED","UNKNOWN","","","NOT_RECOMPUTED_PHASE_A","","Existing status ??; presumed user-owned; not modified in Phase A."
"PA-00312","E:\GNSS_Multipath_Project\docs\vtc2027_spring\supplemental_data_outputs\power_delay_continuous_piecewise_review_20260905\scripts","DIRECTORY","","2026-09-05 21:04:46","","UNKNOWN","WORKTREE_UNTRACKED","UNKNOWN","","","NOT_RECOMPUTED_PHASE_A","","Existing status ??; presumed user-owned; not modified in Phase A."
"PA-00313","E:\GNSS_Multipath_Project\docs\vtc2027_spring\supplemental_data_outputs\power_delay_continuous_piecewise_review_20260905\tables\analysis_population_all_primary.csv","FILE","378614","2026-09-05 21:07:36",".csv","UNKNOWN","WORKTREE_UNTRACKED","UNKNOWN","","","NOT_RECOMPUTED_PHASE_A","","Existing status ??; presumed user-owned; not modified in Phase A."
"PA-00314","E:\GNSS_Multipath_Project\docs\vtc2027_spring\supplemental_data_outputs\power_delay_piecewise_delay_review_20260905","DIRECTORY","","2026-09-05 20:29:05","","UNKNOWN","WORKTREE_UNTRACKED","UNKNOWN","","","NOT_RECOMPUTED_PHASE_A","","Existing status ??; presumed user-owned; not modified in Phase A."
"PA-00315","E:\GNSS_Multipath_Project\docs\vtc2027_spring\supplemental_data_outputs\power_delay_piecewise_delay_review_20260905_early_trim","DIRECTORY","","2026-09-05 20:38:37","","UNKNOWN","WORKTREE_UNTRACKED","UNKNOWN","","","NOT_RECOMPUTED_PHASE_A","","Existing status ??; presumed user-owned; not modified in Phase A."
"PA-00316","E:\GNSS_Multipath_Project\docs\vtc2027_spring\supplemental_data_outputs\power_delay_two_branch_review_20260905","DIRECTORY","","2026-09-05 20:22:38","","UNKNOWN","WORKTREE_UNTRACKED","UNKNOWN","","","NOT_RECOMPUTED_PHASE_A","","Existing status ??; presumed user-owned; not modified in Phase A."
"PA-00317","E:\GNSS_Multipath_Project\docs\vtc2027_spring\supplemental_data_outputs\selected_channel_model_figure_collection_review_20260905","DIRECTORY","","2026-09-05 23:33:47","","UNKNOWN","WORKTREE_UNTRACKED","UNKNOWN","","","NOT_RECOMPUTED_PHASE_A","","Existing status ??; presumed user-owned; not modified in Phase A."
"PA-00318","E:\GNSS_Multipath_Project\docs\vtc2027_spring\supplemental_data_outputs\signed_doppler_power_relationship_review_20260903\model\power_delay_regression.json","FILE","1482","2026-09-03 14:32:52",".json","UNKNOWN","WORKTREE_UNTRACKED","UNKNOWN","","","NOT_RECOMPUTED_PHASE_A","","Existing status ??; presumed user-owned; not modified in Phase A."
"PA-00319","E:\GNSS_Multipath_Project\docs\vtc2027_spring\supplemental_data_outputs\signed_doppler_power_relationship_review_20260903\model\signed_doppler_ordinary_two_gaussian_models.json","FILE","2824","2026-09-03 15:27:20",".json","UNKNOWN","WORKTREE_UNTRACKED","UNKNOWN","","","NOT_RECOMPUTED_PHASE_A","","Existing status ??; presumed user-owned; not modified in Phase A."
"PA-00320","E:\GNSS_Multipath_Project\docs\vtc2027_spring\supplemental_data_outputs\signed_doppler_power_relationship_review_20260903\qa","DIRECTORY","","2026-09-03 15:25:10","","UNKNOWN","WORKTREE_UNTRACKED","UNKNOWN","","","NOT_RECOMPUTED_PHASE_A","","Existing status ??; presumed user-owned; not modified in Phase A."
"PA-00321","E:\GNSS_Multipath_Project\docs\vtc2027_spring\supplemental_data_outputs\signed_doppler_power_relationship_review_20260903\scripts","DIRECTORY","","2026-09-03 14:19:06","","UNKNOWN","WORKTREE_UNTRACKED","UNKNOWN","","","NOT_RECOMPUTED_PHASE_A","","Existing status ??; presumed user-owned; not modified in Phase A."
"PA-00322","E:\GNSS_Multipath_Project\docs\vtc2027_spring\supplemental_data_outputs\signed_doppler_power_relationship_review_20260903\tables","DIRECTORY","","2026-09-03 14:22:44","","UNKNOWN","WORKTREE_UNTRACKED","UNKNOWN","","","NOT_RECOMPUTED_PHASE_A","","Existing status ??; presumed user-owned; not modified in Phase A."
"PA-00323","E:\GNSS_Multipath_Project\docs\vtc2027_spring\supplemental_data_outputs\signed_doppler_power_relationship_review_20260903\tests","DIRECTORY","","2026-09-03 14:14:16","","UNKNOWN","WORKTREE_UNTRACKED","UNKNOWN","","","NOT_RECOMPUTED_PHASE_A","","Existing status ??; presumed user-owned; not modified in Phase A."
"PA-00324","E:\GNSS_Multipath_Project\docs\vtc2027_spring\supplemental_data_outputs\signed_doppler_quantization_aware_trial_20260903","DIRECTORY","","2026-09-03 15:08:25","","UNKNOWN","WORKTREE_UNTRACKED","UNKNOWN","","","NOT_RECOMPUTED_PHASE_A","","Existing status ??; presumed user-owned; not modified in Phase A."
"PA-00325","E:\GNSS_Multipath_Project\docs\vtc2027_spring\supplemental_data_outputs\stage4_100path_review_v1","DIRECTORY","","2026-08-25 23:52:11","","UNKNOWN","WORKTREE_UNTRACKED","UNKNOWN","","","NOT_RECOMPUTED_PHASE_A","","Existing status ??; presumed user-owned; not modified in Phase A."
"PA-00326","E:\GNSS_Multipath_Project\docs\vtc2027_spring\supplemental_data_outputs\urban_mountain_stage3_elevation_model_review_v1","DIRECTORY","","2026-08-30 21:01:31","","UNKNOWN","WORKTREE_UNTRACKED","UNKNOWN","","","NOT_RECOMPUTED_PHASE_A","","Existing status ??; presumed user-owned; not modified in Phase A."
"PA-00327","E:\GNSS_Multipath_Project\docs\vtc2027_spring\supplemental_data_outputs\urban_mountain_stage3_elevation_model_review_v2_doppler_audit","DIRECTORY","","2026-08-31 10:59:04","","UNKNOWN","WORKTREE_UNTRACKED","UNKNOWN","","","NOT_RECOMPUTED_PHASE_A","","Existing status ??; presumed user-owned; not modified in Phase A."
"PA-00328","E:\GNSS_Multipath_Project\docs\vtc2027_spring\supplemental_data_outputs\urban_mountain_stage3_elevation_model_review_v3_conditional_gmm\diagnostics","DIRECTORY","","2026-08-31 15:35:39","","UNKNOWN","WORKTREE_UNTRACKED","UNKNOWN","","","NOT_RECOMPUTED_PHASE_A","","Existing status ??; presumed user-owned; not modified in Phase A."
"PA-00329","E:\GNSS_Multipath_Project\docs\vtc2027_spring\supplemental_data_outputs\urban_mountain_stage3_elevation_model_review_v3_conditional_gmm\manuscript","DIRECTORY","","2026-08-31 17:44:24","","UNKNOWN","WORKTREE_UNTRACKED","UNKNOWN","","","NOT_RECOMPUTED_PHASE_A","","Existing status ??; presumed user-owned; not modified in Phase A."
"PA-00180","E:\GNSS_Multipath_Project\docs\vtc2027_spring\supplemental_data_outputs\urban_mountain_stage3_elevation_model_review_v3_conditional_gmm\model\selected_conditional_gmm.json","FILE","5609","2026-08-31 16:56:02",".json","PAPER","RESULT_CANDIDATE","CURRENT","Paper/VTC handoff","VTC_PLAN;EVIDENCE_MATRIX;figure manifest","NOT_RECOMPUTED_PHASE_A","","Figure-to-model binding unresolved."
"PA-00181","E:\GNSS_Multipath_Project\docs\vtc2027_spring\supplemental_data_outputs\urban_mountain_stage3_elevation_model_review_v3_conditional_gmm\qa\independent_qa_report.md","FILE","1219","2026-08-31 17:02:28",".md","PAPER","RESULT_QA","CURRENT","Paper/VTC handoff","VTC_PLAN;EVIDENCE_MATRIX;figure manifest","NOT_RECOMPUTED_PHASE_A","","PASS_WITH_LIMITATIONS per evidence record; submission usage unverified."
"PA-00179","E:\GNSS_Multipath_Project\docs\vtc2027_spring\supplemental_data_outputs\urban_mountain_stage3_elevation_model_review_v3_conditional_gmm\README.md","FILE","2274","2026-08-31 17:59:42",".md","SHARED","RESULT_CONTEXT;WORKTREE_UNTRACKED","CURRENT","Paper/VTC handoff","VTC_PLAN;EVIDENCE_MATRIX;figure manifest","NOT_RECOMPUTED_PHASE_A","","Use in submission unverified. | Existing status ??; presumed user-owned; not modified in Phase A."
"PA-00330","E:\GNSS_Multipath_Project\docs\vtc2027_spring\supplemental_data_outputs\urban_mountain_stage3_elevation_model_review_v3_conditional_gmm\review_previews","DIRECTORY","","2026-08-31 22:28:13","","UNKNOWN","WORKTREE_UNTRACKED","UNKNOWN","","","NOT_RECOMPUTED_PHASE_A","","Existing status ??; presumed user-owned; not modified in Phase A."
"PA-00331","E:\GNSS_Multipath_Project\docs\vtc2027_spring\supplemental_data_outputs\urban_mountain_stage3_elevation_model_review_v3_conditional_gmm\tables","DIRECTORY","","2026-08-31 17:06:28","","UNKNOWN","WORKTREE_UNTRACKED","UNKNOWN","","","NOT_RECOMPUTED_PHASE_A","","Existing status ??; presumed user-owned; not modified in Phase A."
"PA-00171","E:\GNSS_Multipath_Project\docs\vtc2027_spring\VTC_PLAN.md","FILE","12206","2026-08-31 18:41:26",".md","PAPER","VTC_PLAN","HISTORICAL","Paper/VTC handoff","VTC_PLAN;EVIDENCE_MATRIX;figure manifest","NOT_RECOMPUTED_PHASE_A","","Submission remains planned after deadline. | Still marks submission planned after deadline."
"PA-00175","E:\GNSS_Multipath_Project\docs\vtc2027_spring\VTC_PRODUCTION_PRIORITY_QUEUE.md","FILE","26081","2026-08-15 23:21:44",".md","PAPER","VTC_QUEUE","HISTORICAL","Paper/VTC handoff","VTC_PLAN;EVIDENCE_MATRIX;figure manifest","NOT_RECOMPUTED_PHASE_A","","No production authorized."
"PA-00105","E:\GNSS_Multipath_Project\rain\F1023_clear\F1023_clear.bin","FILE","2925003264","2026-08-14 14:39:26",".bin","UNKNOWN","RAIN_SAGE_RAW_DEPENDENCY","CURRENT","Engineering handoff;Darkroom asset index","F1023_clear","YES_EXISTING","0be6adba273a81b21d6e84e93a4fa1450f7a4a76c093ef1ea17163015f616210","Rain SAGE parent raw per metadata; existing SHA reused; original owner not adjudicated."
"PA-00107","E:\GNSS_Multipath_Project\rain\F1023_heavyrain\F1023_heavyrain.bin","FILE","2916090368","2026-08-14 14:39:42",".bin","UNKNOWN","RAIN_SAGE_RAW_DEPENDENCY","CURRENT","Engineering handoff;Darkroom asset index","F1023_heavyrain","YES_EXISTING","6be60750a59c1726c0c2f87dcc32df43c2dd698e40637c3775f8703f24aba6b7","Rain SAGE parent raw per metadata; existing SHA reused; original owner not adjudicated."
"PA-00106","E:\GNSS_Multipath_Project\rain\F1023_midrain\F1023_midrain.bin","FILE","2903638528","2026-08-11 01:55:20",".bin","UNKNOWN","RAIN_SAGE_RAW_DEPENDENCY","CURRENT","Engineering handoff;Darkroom asset index","F1023_midrain","YES_EXISTING","22f8074e6fa0e78790f87dc3c4114d1420963335a541b19dda57e087ac81fa69","Rain SAGE parent raw per metadata; existing SHA reused; original owner not adjudicated."
"PA-00117","E:\GNSS_Multipath_Project\scenes\F1023_clear\sage_results\rain_sage_rerun_v1_20260827_r4","DIRECTORY","10198073","2026-08-27 22:40:59","","DARKROOM","RAIN_SAGE_R4_CLEAR_DIRECTORY_SUMMARY","CURRENT","Engineering handoff;Darkroom asset index","","NOT_RECOMPUTED_PHASE_A","","Four final Rain tasks."
"PA-00120","E:\GNSS_Multipath_Project\scenes\F1023_clear\sage_results\rain_sage_v1","DIRECTORY","2182615","2026-08-18 11:42:54","","DARKROOM","HISTORY_RAIN_V1_CLEAR_DIRECTORY_SUMMARY","HISTORICAL","Engineering handoff;Darkroom asset index","","NOT_RECOMPUTED_PHASE_A","","Historical, not final r4."
"PA-00119","E:\GNSS_Multipath_Project\scenes\F1023_heavyrain\sage_results\rain_sage_rerun_v1_20260827_r4","DIRECTORY","7924066","2026-08-28 23:19:30","","DARKROOM","RAIN_SAGE_R4_HEAVYRAIN_DIRECTORY_SUMMARY","CURRENT","Engineering handoff;Darkroom asset index","","NOT_RECOMPUTED_PHASE_A","","Three final Rain tasks."
"PA-00121","E:\GNSS_Multipath_Project\scenes\F1023_heavyrain\sage_results\rain_sage_v1","DIRECTORY","2739022","2026-08-18 13:49:30","","DARKROOM","HISTORY_RAIN_V1_HEAVY_DIRECTORY_SUMMARY","HISTORICAL","Engineering handoff;Darkroom asset index","","NOT_RECOMPUTED_PHASE_A","","Historical, not final r4."
"PA-00118","E:\GNSS_Multipath_Project\scenes\F1023_midrain\sage_results\rain_sage_rerun_v1_20260827_r4","DIRECTORY","5152752","2026-08-29 15:45:11","","DARKROOM","RAIN_SAGE_R4_MIDRAIN_DIRECTORY_SUMMARY","CURRENT","Engineering handoff;Darkroom asset index","","NOT_RECOMPUTED_PHASE_A","","Two final Rain tasks."
"PA-00187","E:\GNSS_Multipath_Project\scenes\F1023_V120_D0121_P2\gnss_sdr\config\F1023_V120_D0121_P2.conf","FILE","4848","2026-07-29 22:31:32",".conf","MAINLINE","GNSS_SDR_CONFIG","CURRENT","Engineering handoff","dataset/dataset_inventory.csv","NOT_RECOMPUTED_PHASE_A","","F1023_V120_D0121_P2"
"PA-00186","E:\GNSS_Multipath_Project\scenes\F1023_V120_D0121_P2\metadata.json","FILE","3551","2026-08-06 14:14:54",".json","MAINLINE","SCENE_METADATA","CURRENT","Engineering handoff","dataset/dataset_inventory.csv","NOT_RECOMPUTED_PHASE_A","","F1023_V120_D0121_P2"
"PA-00188","E:\GNSS_Multipath_Project\scenes\F1023_V120_D0121_P2\sage_results","DIRECTORY","","2026-08-06 13:28:33","","MAINLINE","SAGE_RESULTS_DIRECTORY","UNKNOWN","Engineering handoff","","NOT_RECOMPUTED_PHASE_A","","File count 126; QA/acceptance not adjudicated."
"PA-00191","E:\GNSS_Multipath_Project\scenes\F1023_v50_D0127_P1\gnss_sdr\config\F1023_v50_D0127_P1.conf","FILE","4834","2026-07-29 22:31:32",".conf","MAINLINE","GNSS_SDR_CONFIG","CURRENT","Engineering handoff","dataset/dataset_inventory.csv","NOT_RECOMPUTED_PHASE_A","","F1023_v50_D0127_P1"
"PA-00190","E:\GNSS_Multipath_Project\scenes\F1023_v50_D0127_P1\metadata.json","FILE","3539","2026-08-06 14:14:54",".json","MAINLINE","SCENE_METADATA","CURRENT","Engineering handoff","dataset/dataset_inventory.csv","NOT_RECOMPUTED_PHASE_A","","F1023_v50_D0127_P1"
"PA-00192","E:\GNSS_Multipath_Project\scenes\F1023_v50_D0127_P1\sage_results","DIRECTORY","","2026-08-06 13:28:33","","MAINLINE","SAGE_RESULTS_DIRECTORY","UNKNOWN","Engineering handoff","","NOT_RECOMPUTED_PHASE_A","","File count 105; QA/acceptance not adjudicated."
"PA-00195","E:\GNSS_Multipath_Project\scenes\F1023_V70_D0117_P2\gnss_sdr\config\F1023_V70_D0117_P2.conf","FILE","4834","2026-07-29 22:31:32",".conf","MAINLINE","GNSS_SDR_CONFIG","CURRENT","Engineering handoff","dataset/dataset_inventory.csv","NOT_RECOMPUTED_PHASE_A","","F1023_V70_D0117_P2"
"PA-00194","E:\GNSS_Multipath_Project\scenes\F1023_V70_D0117_P2\metadata.json","FILE","2256","2026-08-06 13:31:16",".json","MAINLINE","SCENE_METADATA","CURRENT","Engineering handoff","dataset/dataset_inventory.csv","NOT_RECOMPUTED_PHASE_A","","F1023_V70_D0117_P2"
"PA-00193","E:\GNSS_Multipath_Project\scenes\F1023_V70_D0117_P2\raw\F1023_V70_D0117_P2.bin","FILE","2512257536","2026-01-17 21:10:42",".bin","MAINLINE","MAINLINE_RAW_IQ","CURRENT","Engineering handoff","dataset/dataset_inventory.csv","NOT_RECOMPUTED_PHASE_A","","Raw contents not read; 10230000 Hz."
"PA-00196","E:\GNSS_Multipath_Project\scenes\F1023_V70_D0117_P2\sage_results","DIRECTORY","","2026-08-01 18:50:34","","MAINLINE","SAGE_RESULTS_DIRECTORY","UNKNOWN","Engineering handoff","","NOT_RECOMPUTED_PHASE_A","","File count 162; QA/acceptance not adjudicated."
"PA-00199","E:\GNSS_Multipath_Project\scenes\F1023_V70_D0117_P4\gnss_sdr\config\F1023_V70_D0117_P4.conf","FILE","4834","2026-07-29 22:31:32",".conf","MAINLINE","GNSS_SDR_CONFIG","CURRENT","Engineering handoff","dataset/dataset_inventory.csv","NOT_RECOMPUTED_PHASE_A","","F1023_V70_D0117_P4"
"PA-00198","E:\GNSS_Multipath_Project\scenes\F1023_V70_D0117_P4\metadata.json","FILE","3539","2026-08-06 14:14:54",".json","MAINLINE","SCENE_METADATA","CURRENT","Engineering handoff","dataset/dataset_inventory.csv","NOT_RECOMPUTED_PHASE_A","","F1023_V70_D0117_P4"
"PA-00200","E:\GNSS_Multipath_Project\scenes\F1023_V70_D0117_P4\sage_results","DIRECTORY","","2026-08-06 13:28:33","","MAINLINE","SAGE_RESULTS_DIRECTORY","UNKNOWN","Engineering handoff","","NOT_RECOMPUTED_PHASE_A","","File count 147; QA/acceptance not adjudicated."
"PA-00203","E:\GNSS_Multipath_Project\scenes\F1023_V70_D0120_P1\gnss_sdr\config\F1023_V70_D0120_P1.conf","FILE","4834","2026-07-29 22:31:32",".conf","MAINLINE","GNSS_SDR_CONFIG","CURRENT","Engineering handoff","dataset/dataset_inventory.csv","NOT_RECOMPUTED_PHASE_A","","F1023_V70_D0120_P1"
"PA-00202","E:\GNSS_Multipath_Project\scenes\F1023_V70_D0120_P1\metadata.json","FILE","3540","2026-08-06 14:14:54",".json","MAINLINE","SCENE_METADATA","CURRENT","Engineering handoff","dataset/dataset_inventory.csv","NOT_RECOMPUTED_PHASE_A","","F1023_V70_D0120_P1"
"PA-00204","E:\GNSS_Multipath_Project\scenes\F1023_V70_D0120_P1\sage_results","DIRECTORY","","2026-08-06 13:28:33","","MAINLINE","SAGE_RESULTS_DIRECTORY","UNKNOWN","Engineering handoff","","NOT_RECOMPUTED_PHASE_A","","File count 105; QA/acceptance not adjudicated."
"PA-00207","E:\GNSS_Multipath_Project\scenes\F1023_V70_D0120_P5\gnss_sdr\config\F1023_V70_D0120_P5.conf","FILE","4834","2026-07-29 22:31:32",".conf","MAINLINE","GNSS_SDR_CONFIG","CURRENT","Engineering handoff","dataset/dataset_inventory.csv","NOT_RECOMPUTED_PHASE_A","","F1023_V70_D0120_P5"
"PA-00206","E:\GNSS_Multipath_Project\scenes\F1023_V70_D0120_P5\metadata.json","FILE","3539","2026-08-06 14:14:54",".json","MAINLINE","SCENE_METADATA","CURRENT","Engineering handoff","dataset/dataset_inventory.csv","NOT_RECOMPUTED_PHASE_A","","F1023_V70_D0120_P5"
"PA-00208","E:\GNSS_Multipath_Project\scenes\F1023_V70_D0120_P5\sage_results","DIRECTORY","","2026-08-06 13:28:34","","MAINLINE","SAGE_RESULTS_DIRECTORY","UNKNOWN","Engineering handoff","","NOT_RECOMPUTED_PHASE_A","","File count 105; QA/acceptance not adjudicated."
"PA-00211","E:\GNSS_Multipath_Project\scenes\F1023_V70_D0120_P7\gnss_sdr\config\F1023_V70_D0120_P7.conf","FILE","4834","2026-07-29 22:31:32",".conf","MAINLINE","GNSS_SDR_CONFIG","CURRENT","Engineering handoff","dataset/dataset_inventory.csv","NOT_RECOMPUTED_PHASE_A","","F1023_V70_D0120_P7"
"PA-00210","E:\GNSS_Multipath_Project\scenes\F1023_V70_D0120_P7\metadata.json","FILE","3540","2026-08-06 14:14:54",".json","MAINLINE","SCENE_METADATA","CURRENT","Engineering handoff","dataset/dataset_inventory.csv","NOT_RECOMPUTED_PHASE_A","","F1023_V70_D0120_P7"
"PA-00212","E:\GNSS_Multipath_Project\scenes\F1023_V70_D0120_P7\sage_results","DIRECTORY","","2026-08-06 13:28:34","","MAINLINE","SAGE_RESULTS_DIRECTORY","UNKNOWN","Engineering handoff","","NOT_RECOMPUTED_PHASE_A","","File count 84; QA/acceptance not adjudicated."
"PA-00215","E:\GNSS_Multipath_Project\scenes\F1023_V70_D0120_P8\gnss_sdr\config\F1023_V70_D0120_P8.conf","FILE","4834","2026-07-29 22:31:32",".conf","MAINLINE","GNSS_SDR_CONFIG","CURRENT","Engineering handoff","dataset/dataset_inventory.csv","NOT_RECOMPUTED_PHASE_A","","F1023_V70_D0120_P8"
"PA-00214","E:\GNSS_Multipath_Project\scenes\F1023_V70_D0120_P8\metadata.json","FILE","3539","2026-08-06 14:14:54",".json","MAINLINE","SCENE_METADATA","CURRENT","Engineering handoff","dataset/dataset_inventory.csv","NOT_RECOMPUTED_PHASE_A","","F1023_V70_D0120_P8"
"PA-00216","E:\GNSS_Multipath_Project\scenes\F1023_V70_D0120_P8\sage_results","DIRECTORY","","2026-08-06 13:28:34","","MAINLINE","SAGE_RESULTS_DIRECTORY","UNKNOWN","Engineering handoff","","NOT_RECOMPUTED_PHASE_A","","File count 84; QA/acceptance not adjudicated."
"PA-00219","E:\GNSS_Multipath_Project\scenes\F1023_V70_D0120_P9\gnss_sdr\config\F1023_V70_D0120_P9.conf","FILE","4834","2026-07-29 22:31:32",".conf","MAINLINE","GNSS_SDR_CONFIG","CURRENT","Engineering handoff","dataset/dataset_inventory.csv","NOT_RECOMPUTED_PHASE_A","","F1023_V70_D0120_P9"
"PA-00218","E:\GNSS_Multipath_Project\scenes\F1023_V70_D0120_P9\metadata.json","FILE","3540","2026-08-06 14:14:54",".json","MAINLINE","SCENE_METADATA","CURRENT","Engineering handoff","dataset/dataset_inventory.csv","NOT_RECOMPUTED_PHASE_A","","F1023_V70_D0120_P9"
"PA-00220","E:\GNSS_Multipath_Project\scenes\F1023_V70_D0120_P9\sage_results","DIRECTORY","","2026-08-06 13:28:34","","MAINLINE","SAGE_RESULTS_DIRECTORY","UNKNOWN","Engineering handoff","","NOT_RECOMPUTED_PHASE_A","","File count 168; QA/acceptance not adjudicated."
"PA-00223","E:\GNSS_Multipath_Project\scenes\F1023_V70_D0122_P1\gnss_sdr\config\F1023_V70_D0122_P1.conf","FILE","4834","2026-07-29 22:31:32",".conf","MAINLINE","GNSS_SDR_CONFIG","CURRENT","Engineering handoff","dataset/dataset_inventory.csv","NOT_RECOMPUTED_PHASE_A","","F1023_V70_D0122_P1"
"PA-00222","E:\GNSS_Multipath_Project\scenes\F1023_V70_D0122_P1\metadata.json","FILE","3540","2026-08-06 14:14:54",".json","MAINLINE","SCENE_METADATA","CURRENT","Engineering handoff","dataset/dataset_inventory.csv","NOT_RECOMPUTED_PHASE_A","","F1023_V70_D0122_P1"
"PA-00224","E:\GNSS_Multipath_Project\scenes\F1023_V70_D0122_P1\sage_results","DIRECTORY","","2026-08-06 13:28:34","","MAINLINE","SAGE_RESULTS_DIRECTORY","UNKNOWN","Engineering handoff","","NOT_RECOMPUTED_PHASE_A","","File count 168; QA/acceptance not adjudicated."
"PA-00227","E:\GNSS_Multipath_Project\scenes\F1023_V70_D0122_P2\gnss_sdr\config\F1023_V70_D0122_P2.conf","FILE","4834","2026-07-29 22:31:32",".conf","MAINLINE","GNSS_SDR_CONFIG","CURRENT","Engineering handoff","dataset/dataset_inventory.csv","NOT_RECOMPUTED_PHASE_A","","F1023_V70_D0122_P2"
"PA-00226","E:\GNSS_Multipath_Project\scenes\F1023_V70_D0122_P2\metadata.json","FILE","3540","2026-08-06 14:14:54",".json","MAINLINE","SCENE_METADATA","CURRENT","Engineering handoff","dataset/dataset_inventory.csv","NOT_RECOMPUTED_PHASE_A","","F1023_V70_D0122_P2"
"PA-00228","E:\GNSS_Multipath_Project\scenes\F1023_V70_D0122_P2\sage_results","DIRECTORY","","2026-08-06 13:28:34","","MAINLINE","SAGE_RESULTS_DIRECTORY","UNKNOWN","Engineering handoff","","NOT_RECOMPUTED_PHASE_A","","File count 147; QA/acceptance not adjudicated."
"PA-00231","E:\GNSS_Multipath_Project\scenes\F1023_V80_D0117_P8\gnss_sdr\config\F1023_V80_D0117_P8.conf","FILE","4834","2026-07-29 22:31:32",".conf","MAINLINE","GNSS_SDR_CONFIG","CURRENT","Engineering handoff","dataset/dataset_inventory.csv","NOT_RECOMPUTED_PHASE_A","","F1023_V80_D0117_P8"
"PA-00230","E:\GNSS_Multipath_Project\scenes\F1023_V80_D0117_P8\metadata.json","FILE","3540","2026-08-06 14:14:56",".json","MAINLINE","SCENE_METADATA","CURRENT","Engineering handoff","dataset/dataset_inventory.csv","NOT_RECOMPUTED_PHASE_A","","F1023_V80_D0117_P8"
"PA-00232","E:\GNSS_Multipath_Project\scenes\F1023_V80_D0117_P8\sage_results","DIRECTORY","","2026-08-06 13:28:35","","MAINLINE","SAGE_RESULTS_DIRECTORY","UNKNOWN","Engineering handoff","","NOT_RECOMPUTED_PHASE_A","","File count 126; QA/acceptance not adjudicated."
"PA-00235","E:\GNSS_Multipath_Project\scenes\F1023_v90_D0117_P7\gnss_sdr\config\F1023_v90_D0117_P7.conf","FILE","4834","2026-07-29 22:31:32",".conf","MAINLINE","GNSS_SDR_CONFIG","CURRENT","Engineering handoff","dataset/dataset_inventory.csv","NOT_RECOMPUTED_PHASE_A","","F1023_v90_D0117_P7"
"PA-00234","E:\GNSS_Multipath_Project\scenes\F1023_v90_D0117_P7\metadata.json","FILE","3540","2026-08-06 14:14:56",".json","MAINLINE","SCENE_METADATA","CURRENT","Engineering handoff","dataset/dataset_inventory.csv","NOT_RECOMPUTED_PHASE_A","","F1023_v90_D0117_P7"
"PA-00236","E:\GNSS_Multipath_Project\scenes\F1023_v90_D0117_P7\sage_results","DIRECTORY","","2026-08-06 13:28:35","","MAINLINE","SAGE_RESULTS_DIRECTORY","UNKNOWN","Engineering handoff","","NOT_RECOMPUTED_PHASE_A","","File count 126; QA/acceptance not adjudicated."
"PA-00239","E:\GNSS_Multipath_Project\scenes\F2046_V30_D0131_P2\gnss_sdr\config\F2046_V30_D0131_P2.conf","FILE","4834","2026-07-29 22:31:32",".conf","MAINLINE","GNSS_SDR_CONFIG","CURRENT","Engineering handoff","dataset/dataset_inventory.csv","NOT_RECOMPUTED_PHASE_A","","F2046_V30_D0131_P2"
"PA-00238","E:\GNSS_Multipath_Project\scenes\F2046_V30_D0131_P2\metadata.json","FILE","3540","2026-08-06 14:14:56",".json","MAINLINE","SCENE_METADATA","CURRENT","Engineering handoff","dataset/dataset_inventory.csv","NOT_RECOMPUTED_PHASE_A","","F2046_V30_D0131_P2"
"PA-00242","E:\GNSS_Multipath_Project\scenes\F2046_V30_D0131_P4\gnss_sdr\config\F2046_V30_D0131_P4.conf","FILE","4834","2026-07-29 22:31:32",".conf","MAINLINE","GNSS_SDR_CONFIG","CURRENT","Engineering handoff","dataset/dataset_inventory.csv","NOT_RECOMPUTED_PHASE_A","","F2046_V30_D0131_P4"
"PA-00241","E:\GNSS_Multipath_Project\scenes\F2046_V30_D0131_P4\metadata.json","FILE","3540","2026-08-06 14:14:56",".json","MAINLINE","SCENE_METADATA","CURRENT","Engineering handoff","dataset/dataset_inventory.csv","NOT_RECOMPUTED_PHASE_A","","F2046_V30_D0131_P4"
"PA-00245","E:\GNSS_Multipath_Project\scenes\F2046_V30_D0203_P2\gnss_sdr\config\F2046_V30_D0203_P2.conf","FILE","4834","2026-07-29 22:31:32",".conf","MAINLINE","GNSS_SDR_CONFIG","CURRENT","Engineering handoff","dataset/dataset_inventory.csv","NOT_RECOMPUTED_PHASE_A","","F2046_V30_D0203_P2"
"PA-00244","E:\GNSS_Multipath_Project\scenes\F2046_V30_D0203_P2\metadata.json","FILE","3539","2026-08-06 14:14:56",".json","MAINLINE","SCENE_METADATA","CURRENT","Engineering handoff","dataset/dataset_inventory.csv","NOT_RECOMPUTED_PHASE_A","","F2046_V30_D0203_P2"
"PA-00248","E:\GNSS_Multipath_Project\scenes\F2046_V60_D0129_P1\gnss_sdr\config\F2046_V60_D0129_P1.conf","FILE","4834","2026-07-29 22:31:32",".conf","MAINLINE","GNSS_SDR_CONFIG","CURRENT","Engineering handoff","dataset/dataset_inventory.csv","NOT_RECOMPUTED_PHASE_A","","F2046_V60_D0129_P1"
"PA-00247","E:\GNSS_Multipath_Project\scenes\F2046_V60_D0129_P1\metadata.json","FILE","3539","2026-08-06 14:14:56",".json","MAINLINE","SCENE_METADATA","CURRENT","Engineering handoff","dataset/dataset_inventory.csv","NOT_RECOMPUTED_PHASE_A","","F2046_V60_D0129_P1"
"PA-00251","E:\GNSS_Multipath_Project\scenes\F2046_V60_D0129_P3\gnss_sdr\config\F2046_V60_D0129_P3.conf","FILE","4834","2026-07-29 22:31:32",".conf","MAINLINE","GNSS_SDR_CONFIG","CURRENT","Engineering handoff","dataset/dataset_inventory.csv","NOT_RECOMPUTED_PHASE_A","","F2046_V60_D0129_P3"
"PA-00250","E:\GNSS_Multipath_Project\scenes\F2046_V60_D0129_P3\metadata.json","FILE","3539","2026-08-06 14:14:56",".json","MAINLINE","SCENE_METADATA","CURRENT","Engineering handoff","dataset/dataset_inventory.csv","NOT_RECOMPUTED_PHASE_A","","F2046_V60_D0129_P3"
"PA-00254","E:\GNSS_Multipath_Project\scenes\F2046_V60_D0202_P1\gnss_sdr\config\F2046_V60_D0202_P1.conf","FILE","4834","2026-07-29 22:31:32",".conf","MAINLINE","GNSS_SDR_CONFIG","CURRENT","Engineering handoff","dataset/dataset_inventory.csv","NOT_RECOMPUTED_PHASE_A","","F2046_V60_D0202_P1"
"PA-00253","E:\GNSS_Multipath_Project\scenes\F2046_V60_D0202_P1\metadata.json","FILE","3539","2026-08-06 14:14:56",".json","MAINLINE","SCENE_METADATA","CURRENT","Engineering handoff","dataset/dataset_inventory.csv","NOT_RECOMPUTED_PHASE_A","","F2046_V60_D0202_P1"
"PA-00138","E:\GNSS_Multipath_Project\scripts\analysis\channel_modeling\audit_darkroom_generator_v2_2.py","FILE","35966","2026-08-27 13:25:06",".py","DARKROOM","MODEL_CODE","CURRENT","Engineering handoff;Darkroom asset index","Darkroom asset index","NOT_RECOMPUTED_PHASE_A","","Generator audit."
"PA-00140","E:\GNSS_Multipath_Project\scripts\analysis\channel_modeling\audit_rain_stage3_effect_layer_v1.py","FILE","8223","2026-08-30 22:07:20",".py","DARKROOM","MODEL_CODE","CURRENT","Engineering handoff;Darkroom asset index","Darkroom asset index","NOT_RECOMPUTED_PHASE_A","","Rain effect-layer audit."
"PA-00141","E:\GNSS_Multipath_Project\scripts\analysis\channel_modeling\rain_stage3_effect_layer_v1.py","FILE","22299","2026-08-30 22:37:40",".py","DARKROOM","MODEL_CODE","CURRENT","Engineering handoff;Darkroom asset index","Darkroom asset index","NOT_RECOMPUTED_PHASE_A","","Rain effect-layer implementation."
"PA-00137","E:\GNSS_Multipath_Project\scripts\analysis\channel_modeling\run_darkroom_generator_v2_2_batch.py","FILE","26964","2026-08-27 14:54:18",".py","DARKROOM","MODEL_CODE","CURRENT","Engineering handoff;Darkroom asset index","Darkroom asset index","NOT_RECOMPUTED_PHASE_A","","Generator wrapper."
"PA-00139","E:\GNSS_Multipath_Project\scripts\analysis\channel_modeling\run_rain_stage3_effect_layer_v1.py","FILE","6401","2026-08-30 21:50:48",".py","DARKROOM","MODEL_CODE","CURRENT","Engineering handoff;Darkroom asset index","Darkroom asset index","NOT_RECOMPUTED_PHASE_A","","Rain effect-layer runner."
"PA-00145","E:\GNSS_Multipath_Project\scripts\analysis\darkroom_rx\audit_darkroom_rx_signal_quality_v2.py","FILE","26784","2026-09-14 23:42:22",".py","DARKROOM","GNSS_SDR_CODE","CURRENT","Engineering handoff;Darkroom asset index","Darkroom asset index","NOT_RECOMPUTED_PHASE_A","","Read-only quality audit."
"PA-00143","E:\GNSS_Multipath_Project\scripts\analysis\darkroom_rx\prepare_darkroom_rx_gnss_sdr_batch.py","FILE","9651","2026-09-14 22:05:58",".py","DARKROOM","GNSS_SDR_CODE","CURRENT","Engineering handoff;Darkroom asset index","Darkroom asset index","NOT_RECOMPUTED_PHASE_A","","GNSS-SDR request preparer."
"PA-00144","E:\GNSS_Multipath_Project\scripts\analysis\darkroom_rx\run_darkroom_rx_gnss_sdr_batch.py","FILE","19352","2026-09-14 22:11:28",".py","DARKROOM","GNSS_SDR_CODE","CURRENT","Engineering handoff;Darkroom asset index","Darkroom asset index","NOT_RECOMPUTED_PHASE_A","","GNSS-SDR wrapper; not executed."
"PA-00146","E:\GNSS_Multipath_Project\scripts\analysis\darkroom_rx\tests\test_darkroom_rx_pipeline.py","FILE","13651","2026-09-14 22:38:18",".py","DARKROOM","GNSS_SDR_TESTS","CURRENT","Engineering handoff;Darkroom asset index","Darkroom asset index","NOT_RECOMPUTED_PHASE_A","","Tests not run in Phase A."
"PA-00332","E:\GNSS_Multipath_Project\scripts\sage_pipeline\Run-UnattendedMainlineBatch.cmd","FILE","507","2026-08-19 08:48:00",".cmd","UNKNOWN","WORKTREE_UNTRACKED","UNKNOWN","","","NOT_RECOMPUTED_PHASE_A","","Existing status ??; presumed user-owned; not modified in Phase A."
"PA-00333","E:\GNSS_Multipath_Project\scripts\sage_pipeline\Run-UnattendedMainlineBatch.ps1","FILE","19725","2026-08-19 00:15:40",".ps1","UNKNOWN","WORKTREE_UNTRACKED","UNKNOWN","","","NOT_RECOMPUTED_PHASE_A","","Existing status ??; presumed user-owned; not modified in Phase A."
"PA-00334","E:\GNSS_Multipath_Project\scripts\trajectory_generation","DIRECTORY","","2026-09-21 21:59:53","","UNKNOWN","WORKTREE_UNTRACKED","UNKNOWN","","","NOT_RECOMPUTED_PHASE_A","","Existing status ??; presumed user-owned; not modified in Phase A."
"PA-00335","E:\GNSS_Multipath_Project\trajectories","DIRECTORY","","2026-09-21 22:03:10","","UNKNOWN","WORKTREE_UNTRACKED","UNKNOWN","","","NOT_RECOMPUTED_PHASE_A","","Existing status ??; presumed user-owned; not modified in Phase A."
