replicate,larger_component_count,larger_candidate_index,smaller_component_count,smaller_candidate_index,larger_nlpd,smaller_nlpd,nlpd_difference_larger_minus_smaller
0,2,7,1,3,3.56224242259,4.21967995311,-0.657437530522
1,2,7,1,3,3.32072244332,3.85032668454,-0.529604241221
2,2,7,1,3,3.25918310933,3.88278994914,-0.623606839806
3,2,7,1,3,3.44097062246,4.00481314613,-0.563842523662
4,2,7,1,3,3.27618962274,3.77575659291,-0.499566970163
5,2,7,1,3,3.31615079516,3.99101354627,-0.674862751114
6,2,7,1,3,3.56527155867,4.10397619643,-0.538704637764
7,2,7,1,3,3.46941904955,4.00877293234,-0.539353882794
8,2,7,1,3,3.62974352143,4.35214051676,-0.722396995336
9,2,7,1,3,2.74680970547,3.55748231823,-0.810672612756
10,2,7,1,3,2.68286084913,3.54900445693,-0.866143607794
11,2,7,1,3,3.35245991127,3.87538461211,-0.522924700835
12,2,7,1,3,3.3040955752,4.10305275335,-0.79895717815
13,2,7,1,3,3.57777922695,4.3328216495,-0.755042422551
14,2,7,1,3,3.77071378748,4.22689656717,-0.456182779689
15,2,7,1,3,4.17167279624,4.85092591372,-0.679253117481
16,2,7,1,3,3.14000882167,3.95011037852,-0.810101556848
17,2,7,1,3,3.78498861196,4.17279537888,-0.387806766924
18,2,7,1,3,3.32024175739,3.78458944988,-0.464347692491
19,2,7,1,3,3.29878141525,3.85253845508,-0.55375703983
20,2,7,1,3,3.77327775208,4.38795673938,-0.614678987298
21,2,7,1,3,3.5026746925,4.1904676001,-0.687792907605
22,2,7,1,3,3.12766207473,3.80733108182,-0.67966900709
23,2,7,1,3,3.45545738293,4.02945571283,-0.573998329901
24,2,7,1,3,2.92613872398,3.77051495349,-0.84437622951
25,2,7,1,3,3.14070925773,3.93421046271,-0.793501204981
26,2,7,1,3,4.01463687762,4.37559430173,-0.360957424108
27,2,7,1,3,3.70773792244,4.28563351658,-0.577895594135
28,2,7,1,3,3.08607528803,4.01930672185,-0.933231433829
29,2,7,1,3,3.89334945702,4.49064883035,-0.597299373329
30,2,7,1,3,3.52507200549,3.99644949641,-0.47137749092
31,2,7,1,3,3.55294316813,4.28367251051,-0.730729342375
32,2,7,1,3,3.12302535192,3.81962449429,-0.696599142368
33,2,7,1,3,3.53344928334,4.16717285139,-0.633723568054
34,2,7,1,3,3.18022802026,3.86466716714,-0.684439146887
35,2,7,1,3,3.56641091117,4.2640060207,-0.697595109533
36,2,7,1,3,3.86773933804,4.49239312406,-0.624653786021
37,2,7,1,3,3.696138064,4.28291542787,-0.586777363875
38,2,7,1,3,3.44561491013,3.86165593456,-0.416041024435
39,2,7,1,3,3.15834287064,3.76969333395,-0.611350463314
40,2,7,1,3,3.48188031153,4.14954779369,-0.667667482163
41,2,7,1,3,3.99021254793,4.6745456484,-0.684333100468
42,2,7,1,3,3.16787037692,3.88299770856,-0.715127331639
43,2,7,1,3,3.35770624668,4.00380470484,-0.646098458161
44,2,7,1,3,3.58765883213,4.02337391067,-0.435715078533
45,2,7,1,3,3.99870596041,4.55226751759,-0.55356155718
46,2,7,1,3,3.16596484193,3.93127535736,-0.765310515439
47,2,7,1,3,3.05928286111,3.68081278863,-0.621529927525
48,2,7,1,3,3.40043666058,3.94247341203,-0.542036751446
49,2,7,1,3,3.40382304104,4.04981806043,-0.64599501939
50,2,7,1,3,3.70462234494,4.28281750479,-0.578195159855
51,2,7,1,3,4.23699149602,4.57999950089,-0.34300800487
52,2,7,1,3,3.26549791918,4.06981726492,-0.804319345741
53,2,7,1,3,3.74637175632,4.30104014425,-0.554668387928
54,2,7,1,3,3.99842746098,4.65787922666,-0.659451765677
55,2,7,1,3,3.1967920864,3.80508545688,-0.608293370482
56,2,7,1,3,3.7014759359,4.17688917955,-0.475413243649
57,2,7,1,3,2.96039456118,3.64836112788,-0.687966566706
58,2,7,1,3,3.1516325286,3.93460695992,-0.782974431318
59,2,7,1,3,3.52555484341,4.06232841878,-0.536773575371
60,2,7,1,3,3.61991356951,4.33632619692,-0.716412627408
61,2,7,1,3,3.61878516729,4.16824853139,-0.549463364096
62,2,7,1,3,3.80733217837,4.11634088359,-0.309008705219
63,2,7,1,3,3.10641628029,3.78879389417,-0.682377613878
64,2,7,1,3,3.7345396268,4.11230257339,-0.37776294659
65,2,7,1,3,3.05611522195,3.74260282658,-0.686487604636
66,2,7,1,3,3.51827537015,4.38667462809,-0.868399257945
67,2,7,1,3,3.74531998575,4.08721264281,-0.34189265706
68,2,7,1,3,3.29825757812,3.91833346543,-0.620075887307
69,2,7,1,3,3.50477352226,4.07433350538,-0.569559983119
70,2,7,1,3,3.02202516488,3.65028044659,-0.628255281709
71,2,7,1,3,3.59490421177,4.16738331329,-0.572479101522
72,2,7,1,3,4.86432874924,5.2477716209,-0.383442871659
73,2,7,1,3,2.76387443571,3.62242773494,-0.858553299226
74,2,7,1,3,3.37258224239,4.03114307081,-0.658560828419
75,2,7,1,3,2.79653228918,3.63381013955,-0.837277850366
76,2,7,1,3,3.30153511695,4.09039973745,-0.7888646205
77,2,7,1,3,3.55944214912,4.20665912211,-0.64721697299
78,2,7,1,3,4.06796732544,4.62924242962,-0.561275104173
79,2,7,1,3,3.47442894068,4.08814100727,-0.613712066585
80,2,7,1,3,3.11118054202,3.78962816021,-0.678447618189
81,2,7,1,3,3.13301495268,3.93036918714,-0.797354234463
82,2,7,1,3,3.77038605146,4.38551473233,-0.615128680868
83,2,7,1,3,2.83504933161,3.65549062212,-0.82044129051
84,2,7,1,3,3.18790392464,3.79709283202,-0.609188907375
85,2,7,1,3,3.12953314261,3.71098122581,-0.581448083204
86,2,7,1,3,3.46495570471,4.11801175746,-0.653056052755
87,2,7,1,3,3.29557823478,4.12578693055,-0.830208695772
88,2,7,1,3,4.07477267561,4.76862338435,-0.693850708743
89,2,7,1,3,3.6007787925,4.25890745998,-0.658128667485
90,2,7,1,3,3.30583896609,4.06797604369,-0.7621370776
91,2,7,1,3,3.18087611818,3.8589553885,-0.678079270315
92,2,7,1,3,3.01760319527,3.99962312204,-0.982019926764
93,2,7,1,3,3.18243733712,3.95147040001,-0.769033062895
94,2,7,1,3,3.0682889692,3.75030643604,-0.682017466838
95,2,7,1,3,2.7606846548,3.61923411678,-0.858549461975
96,2,7,1,3,3.23163858242,3.99928614486,-0.767647562431
97,2,7,1,3,2.95462153623,3.71112818374,-0.756506647517
98,2,7,1,3,3.58304040317,4.10198340241,-0.518942999245
99,2,7,1,3,3.504528176,4.05354835072,-0.549020174724
100,2,7,1,3,3.8485334572,4.32478520763,-0.476251750427
101,2,7,1,3,3.14316666462,3.7236353193,-0.580468654678
102,2,7,1,3,3.7613062343,4.24312025828,-0.481814023986
103,2,7,1,3,2.91305836935,3.74318389932,-0.830125529971
104,2,7,1,3,3.76710950154,4.37408393043,-0.606974428886
105,2,7,1,3,3.34068451751,3.81611097794,-0.475426460436
106,2,7,1,3,3.90208962015,4.54046091388,-0.638371293732
107,2,7,1,3,3.10916722749,3.82400940983,-0.714842182347
108,2,7,1,3,3.46871679081,4.0315820787,-0.56286528789
109,2,7,1,3,3.77974329372,4.34223112937,-0.562487835648
110,2,7,1,3,3.24897883804,3.98941167001,-0.740432831974
111,2,7,1,3,3.88650007635,4.46754237433,-0.581042297984
112,2,7,1,3,2.99463813044,3.6449477579,-0.650309627463
113,2,7,1,3,3.62810943727,4.30243904993,-0.674329612659
114,2,7,1,3,3.60352777404,4.11191497519,-0.508387201149
115,2,7,1,3,3.01833806301,3.65463659194,-0.636298528926
116,2,7,1,3,3.77864303309,4.38500889198,-0.606365858891
117,2,7,1,3,3.93622343701,4.44439708252,-0.508173645512
118,2,7,1,3,3.33143899538,3.93610156345,-0.604662568074
119,2,7,1,3,3.60930483734,4.29393624391,-0.684631406568
120,2,7,1,3,3.84072443086,4.45425290244,-0.613528471571
121,2,7,1,3,3.43073990529,4.16117089473,-0.730430989441
122,2,7,1,3,2.96187791058,3.68332483222,-0.721446921647
123,2,7,1,3,3.11118054202,3.78962816021,-0.678447618189
124,2,7,1,3,3.12118242227,3.83423532725,-0.713052904976
125,2,7,1,3,3.98448083528,4.51073849568,-0.526257660398
126,2,7,1,3,3.41640442694,4.0429379243,-0.626533497365
127,2,7,1,3,3.57944803374,4.09845823729,-0.519010203551
128,2,7,1,3,3.15284427754,3.87990009769,-0.727055820158
129,2,7,1,3,2.65789952524,3.50677637168,-0.848876846443
130,2,7,1,3,2.67832028531,3.54638668123,-0.868066395921
131,2,7,1,3,3.20744497897,4.01868914424,-0.811244165264
132,2,7,1,3,3.23974988032,3.7579972699,-0.518247389582
133,2,7,1,3,3.65241066318,4.14157064,-0.489159976814
134,2,7,1,3,3.71813485661,4.30764724629,-0.589512389684
135,2,7,1,3,3.12702707096,3.76899033716,-0.641963266193
136,2,7,1,3,3.28864417114,3.84245441722,-0.553810246085
137,2,7,1,3,3.06937600466,3.74208943573,-0.672713431068
138,2,7,1,3,3.48326396238,4.16907549966,-0.685811537279
139,2,7,1,3,3.56527155867,4.10397619643,-0.538704637764
140,2,7,1,3,2.927808725,3.69047697327,-0.762668248273
141,2,7,1,3,3.89701264226,4.46062085734,-0.563608215075
142,2,7,1,3,3.92765078587,4.27412372763,-0.346472941761
143,2,7,1,3,2.97330798613,3.85256058718,-0.879252601046
144,2,7,1,3,3.48502377097,4.02301310874,-0.537989337768
145,2,7,1,3,3.133831159,3.94533405974,-0.811502900737
146,2,7,1,3,4.14416890196,4.71220767985,-0.568038777897
147,2,7,1,3,4.19020523997,4.56495570909,-0.374750469117
148,2,7,1,3,3.87797371608,4.29197669023,-0.414002974147
149,2,7,1,3,3.11392505679,3.777537317,-0.663612260207
150,2,7,1,3,3.13117355017,3.78466647533,-0.65349292516
151,2,7,1,3,4.01657704523,4.70940511813,-0.692828072896
152,2,7,1,3,2.63818987715,3.56513782619,-0.926947949047
153,2,7,1,3,4.12400015299,4.56281181112,-0.438811658137
154,2,7,1,3,2.9067636937,3.77180598318,-0.865042289482
155,2,7,1,3,3.17813075199,3.92722939466,-0.749098642674
156,2,7,1,3,2.91425367068,3.63973443769,-0.725480767017
157,2,7,1,3,3.23163858242,3.99928614486,-0.767647562431
158,2,7,1,3,3.43862801568,4.05371115579,-0.615083140109
159,2,7,1,3,3.58405113583,4.15432672227,-0.570275586437
160,2,7,1,3,3.59240398146,4.04074388737,-0.448339905908
161,2,7,1,3,3.68784385684,4.07391779802,-0.386073941176
162,2,7,1,3,2.82305260647,3.70859809506,-0.885545488586
163,2,7,1,3,3.45271873593,4.2085136973,-0.755794961368
164,2,7,1,3,3.4350265077,4.32018281025,-0.885156302545
165,2,7,1,3,3.26431465268,3.78010894291,-0.51579429023
166,2,7,1,3,3.33327841847,3.95254969363,-0.619271275164
167,2,7,1,3,3.54358039776,4.12657406404,-0.582993666278
168,2,7,1,3,3.46486856948,4.12627127772,-0.661402708237
169,2,7,1,3,3.66934527348,4.08249718258,-0.413151909098
170,2,7,1,3,2.94521393213,3.64107806255,-0.695864130427
171,2,7,1,3,3.6046257269,4.04529004837,-0.440664321477
172,2,7,1,3,3.55125192576,3.96884818315,-0.417596257382
173,2,7,1,3,3.61878516729,4.16824853139,-0.549463364096
174,2,7,1,3,3.54856951516,4.12383289229,-0.575263377132
175,2,7,1,3,3.71735570648,4.23044223536,-0.513086528877
176,2,7,1,3,3.53603071358,4.14695830301,-0.610927589426
177,2,7,1,3,3.49016875805,3.92349113972,-0.433322381669
178,2,7,1,3,3.11633074539,3.8701269464,-0.753796201008
179,2,7,1,3,3.575038362,4.02538638796,-0.450348025955
180,2,7,1,3,4.0271815308,4.64183937317,-0.614657842378
181,2,7,1,3,3.84928101466,4.29190010374,-0.442619089082
182,2,7,1,3,3.96744759638,4.57074963732,-0.603302040945
183,2,7,1,3,3.10061345393,3.78374344994,-0.683129996014
184,2,7,1,3,3.86773933804,4.49239312406,-0.624653786021
185,2,7,1,3,3.43608933256,3.97350032112,-0.537410988559
186,2,7,1,3,3.44138781359,4.27402699282,-0.832639179233
187,2,7,1,3,3.70311573441,4.2353989792,-0.532283244787
188,2,7,1,3,3.8105300937,4.24239171146,-0.431861617768
189,2,7,1,3,2.86918610768,3.71548375694,-0.846297649263
190,2,7,1,3,3.14493003392,3.77844577858,-0.633515744656
191,2,7,1,3,3.36153431424,4.16065849701,-0.799124182775
192,2,7,1,3,3.2827708746,3.92274290122,-0.639972026614
193,2,7,1,3,3.88072737183,4.33283583229,-0.452108460464
194,2,7,1,3,3.55962478006,4.16614394757,-0.606519167511
195,2,7,1,3,3.67796377659,4.41950528355,-0.741541506959
196,2,7,1,3,3.18999592033,4.07498471308,-0.884988792756
197,2,7,1,3,3.27584212262,4.01686345001,-0.741021327394
198,2,7,1,3,3.2194998149,3.74818073465,-0.528680919746
199,2,7,1,3,3.87545276357,4.33948200184,-0.464029238273
200,2,7,1,3,3.43087679691,4.01520731154,-0.584330514631
201,2,7,1,3,3.50597939023,4.0257351345,-0.51975574427
202,2,7,1,3,3.85630907582,4.37341388874,-0.517104812921
203,2,7,1,3,3.81988434856,4.31997159191,-0.500087243343
204,2,7,1,3,3.4699270874,3.9048604585,-0.434933371103
205,2,7,1,3,3.91339031714,4.31456515072,-0.401174833579
206,2,7,1,3,3.08706807538,3.76909568293,-0.682027607555
207,2,7,1,3,3.67472239622,4.20108470806,-0.526362311833
208,2,7,1,3,3.59940545348,4.04815822422,-0.448752770737
209,2,7,1,3,3.81111117884,4.36137727671,-0.55026609787
210,2,7,1,3,3.40009526049,4.12184154271,-0.721746282217
211,2,7,1,3,2.92848583563,3.69562360192,-0.767137766294
212,2,7,1,3,3.23576209064,4.08652242297,-0.85076033233
213,2,7,1,3,3.11811247136,3.84874254559,-0.730630074228
214,2,7,1,3,2.63674345932,3.48892126204,-0.852177802715
215,2,7,1,3,3.07359997796,3.8271653464,-0.753565368442
216,2,7,1,3,3.75092731939,4.15186952982,-0.400942210432
217,2,7,1,3,2.97342258607,3.79206974188,-0.818647155816
218,2,7,1,3,3.02501666437,3.73684710957,-0.7118304452
219,2,7,1,3,3.13780487079,3.84821165178,-0.71040678099
220,2,7,1,3,3.23639970255,3.99373238976,-0.757332687213
221,2,7,1,3,3.5149266424,3.87197121322,-0.357044570824
222,2,7,1,3,3.15783826415,3.84767156501,-0.689833300855
223,2,7,1,3,3.14746106535,3.79841266853,-0.650951603176
224,2,7,1,3,3.68178298976,4.42220944739,-0.740426457631
225,2,7,1,3,3.21890993659,3.97295809839,-0.754048161804
226,2,7,1,3,2.73121017141,3.66157962573,-0.930369454312
227,2,7,1,3,3.18510877012,3.96208078966,-0.776972019534
228,2,7,1,3,4.58463089509,5.21224680076,-0.627615905677
229,2,7,1,3,3.18809466025,3.94200313218,-0.753908471927
230,2,7,1,3,3.63472763171,4.23343789644,-0.598710264726
231,2,7,1,3,4.18398248746,4.66011975111,-0.476137263645
232,2,7,1,3,3.91057217131,4.47007749776,-0.559505326454
233,2,7,1,3,3.51709815039,4.06161672952,-0.544518579126
234,2,7,1,3,4.06887476944,4.47038130464,-0.401506535202
235,2,7,1,3,3.70081201728,4.19891121031,-0.49809919303
236,2,7,1,3,4.04304653339,4.4922468181,-0.449200284708
237,2,7,1,3,3.77143299199,4.39543058235,-0.623997590362
238,2,7,1,3,3.76087034822,4.34414699372,-0.583276645492
239,2,7,1,3,3.28837945671,3.7762331784,-0.487853721694
240,2,7,1,3,3.92497682492,4.37538101376,-0.450404188839
241,2,7,1,3,3.08615855916,3.69790114125,-0.611742582084
242,2,7,1,3,4.14276828663,4.54840298515,-0.405634698519
243,2,7,1,3,3.72414907563,4.29414515802,-0.569996082393
244,2,7,1,3,3.49365561317,4.1509399346,-0.657284321434
245,2,7,1,3,2.83396178416,3.72136372538,-0.887401941216
246,2,7,1,3,2.80452110561,3.55631466358,-0.751793557967
247,2,7,1,3,3.51331990395,4.20778275995,-0.694462855998
248,2,7,1,3,3.34346669797,3.86655703644,-0.523090338479
249,2,7,1,3,3.80426733704,4.19069954713,-0.386432210093
250,2,7,1,3,3.30972066172,3.91743143847,-0.607710776747
251,2,7,1,3,3.1976259931,3.89956053857,-0.701934545472
252,2,7,1,3,3.28320726601,4.16028875127,-0.877081485256
253,2,7,1,3,3.63646262695,4.03618834184,-0.399725714892
254,2,7,1,3,3.46352185433,4.13312503524,-0.669603180913
255,2,7,1,3,3.48934042435,4.14729203514,-0.657951610791
256,2,7,1,3,2.91521166295,3.8470793685,-0.931867705549
257,2,7,1,3,3.07438882149,3.76685280549,-0.692463983998
258,2,7,1,3,3.39557316845,3.94514556147,-0.549572393023
259,2,7,1,3,3.89771123584,4.37709506986,-0.479383834019
260,2,7,1,3,3.23873972122,3.88044057209,-0.641700850868
261,2,7,1,3,4.17586142335,4.84586400139,-0.670002578044
262,2,7,1,3,3.19108143302,3.96680269748,-0.775721264451
263,2,7,1,3,3.35818976278,3.94177254666,-0.583582783879
264,2,7,1,3,3.45583628914,4.14616350802,-0.690327218881
265,2,7,1,3,3.3984375237,4.21269335915,-0.814255835449
266,2,7,1,3,3.21295558928,3.9681769709,-0.75522138162
267,2,7,1,3,4.13440919418,4.64437184461,-0.509962650436
268,2,7,1,3,3.77621740577,4.29130427076,-0.515086864984
269,2,7,1,3,3.95644035741,4.63875468357,-0.682314326157
270,2,7,1,3,3.21437065289,3.87939441115,-0.665023758262
271,2,7,1,3,3.54478535939,4.01631704695,-0.471531687564
272,2,7,1,3,3.60264521275,4.10648853698,-0.503843324233
273,2,7,1,3,3.62118784205,4.06197464504,-0.440786802986
274,2,7,1,3,3.46579448679,4.09144811088,-0.625653624089
275,2,7,1,3,3.01244026483,3.66787807128,-0.655437806446
276,2,7,1,3,3.63110027363,4.27648739296,-0.645387119322
277,2,7,1,3,3.92285882384,4.55621140656,-0.633352582717
278,2,7,1,3,3.63970983937,4.25128821158,-0.611578372205
279,2,7,1,3,3.80715321421,4.36530366696,-0.558150452748
280,2,7,1,3,2.76615331425,3.55277699391,-0.786623679665
281,2,7,1,3,3.26549791918,4.06981726492,-0.804319345741
282,2,7,1,3,2.89349128627,3.85710783086,-0.963616544584
283,2,7,1,3,3.45407963164,4.19363385567,-0.739554224035
284,2,7,1,3,3.99840382722,4.50979604022,-0.511392212999
285,2,7,1,3,3.34486621007,4.07630646319,-0.731440253123
286,2,7,1,3,3.49487113015,4.00667908166,-0.511807951508
287,2,7,1,3,3.74124771946,4.32744320689,-0.586195487434
288,2,7,1,3,3.08939632393,3.93356844081,-0.844172116881
289,2,7,1,3,3.80818358977,4.35865590125,-0.550472311473
290,2,7,1,3,3.83927362799,4.32047462445,-0.481200996466
291,2,7,1,3,3.09867808103,3.71830785544,-0.619629774413
292,2,7,1,3,3.45071746954,4.05406268863,-0.603345219098
293,2,7,1,3,2.79554307586,3.63137402117,-0.835830945307
294,2,7,1,3,3.28897978787,4.04602631754,-0.757046529668
295,2,7,1,3,3.19855260502,3.94688427367,-0.74833166865
296,2,7,1,3,2.96329057602,3.77538261214,-0.812092036122
297,2,7,1,3,3.63513307976,4.18540837418,-0.550275294424
298,2,7,1,3,3.0294105121,3.65703354691,-0.627623034807
299,2,7,1,3,3.11741582938,3.89972239412,-0.782306564747
300,2,7,1,3,2.94830263569,3.75606828633,-0.807765650638
301,2,7,1,3,3.26039542041,3.99864901101,-0.738253590598
302,2,7,1,3,3.39679899045,4.333966894,-0.93716790355
303,2,7,1,3,3.87457347947,4.52566022233,-0.651086742867
304,2,7,1,3,3.27294552546,4.04897461454,-0.776029089087
305,2,7,1,3,4.03944141027,4.4882258403,-0.448784430032
306,2,7,1,3,3.03623610378,3.75322615804,-0.716990054267
307,2,7,1,3,3.23107758906,3.89349458357,-0.662416994511
308,2,7,1,3,3.4166456977,4.0232474336,-0.606601735902
309,2,7,1,3,2.87447476775,3.69220750696,-0.817732739204
310,2,7,1,3,3.8348566847,4.27045644314,-0.435599758439
311,2,7,1,3,3.67172233678,4.21902947795,-0.54730714117
312,2,7,1,3,3.07528252665,3.68017330073,-0.604890774077
313,2,7,1,3,2.92783573512,3.62641136535,-0.698575630222
314,2,7,1,3,3.22449553465,4.08560231605,-0.861106781405
315,2,7,1,3,2.91136918517,3.75896203748,-0.84759285231
316,2,7,1,3,3.28245976736,3.98963171099,-0.70717194363
317,2,7,1,3,3.61523276581,4.17723789713,-0.562005131318
318,2,7,1,3,2.99961721541,3.78636308997,-0.786745874561
319,2,7,1,3,3.14298134465,3.78331487405,-0.640333529392
320,2,7,1,3,3.47721387836,4.02028059923,-0.543066720865
321,2,7,1,3,2.61725103436,3.49345535249,-0.876204318132
322,2,7,1,3,2.74501976379,3.55437766164,-0.809357897856
323,2,7,1,3,3.26214486254,3.93007642244,-0.667931559892
324,2,7,1,3,3.49834001029,4.20510235618,-0.706762345889
325,2,7,1,3,3.48669245874,4.20484027395,-0.718147815211
326,2,7,1,3,3.62599631847,4.34934413748,-0.723347819017
327,2,7,1,3,3.88424342927,4.49173071809,-0.60748728882
328,2,7,1,3,3.55492831669,4.3148249975,-0.759896680815
329,2,7,1,3,3.74363795423,4.08875855637,-0.345120602135
330,2,7,1,3,3.13916763148,3.77324384356,-0.634076212075
331,2,7,1,3,3.28245976736,3.98963171099,-0.70717194363
332,2,7,1,3,3.2734598518,3.89313904818,-0.619679196374
333,2,7,1,3,3.07100615835,3.95968501586,-0.888678857511
334,2,7,1,3,3.40338769236,4.11094249489,-0.707554802534
335,2,7,1,3,2.9222990257,3.68397593918,-0.761676913474
336,2,7,1,3,3.47359621538,4.13365211511,-0.660055899739
337,2,7,1,3,3.74265135642,4.13292490886,-0.390273552435
338,2,7,1,3,3.21966427972,3.84125294497,-0.621588665248
339,2,7,1,3,3.17468984913,3.86189381685,-0.687203967721
340,2,7,1,3,3.6033895644,4.33838516063,-0.734995596227
341,2,7,1,3,3.37597446261,4.17539449205,-0.799420029444
342,2,7,1,3,3.2241503672,3.81306211813,-0.588911750929
343,2,7,1,3,3.50586245021,4.22844239056,-0.722579940343
344,2,7,1,3,3.29353181606,3.91036689773,-0.616835081672
345,2,7,1,3,3.37196013413,3.95621266343,-0.584252529294
346,2,7,1,3,3.1528182664,3.88825820512,-0.735439938721
347,2,7,1,3,2.65209352864,3.56418432179,-0.912090793151
348,2,7,1,3,4.00644524665,4.5471609957,-0.540715749053
349,2,7,1,3,3.39805646271,3.82837464325,-0.430318180538
350,2,7,1,3,3.04756593671,3.83202432411,-0.784458387402
351,2,7,1,3,3.26157153907,3.90463710129,-0.643065562214
352,2,7,1,3,3.02412718596,3.80681707903,-0.782689893073
353,2,7,1,3,3.20428098066,3.74132243891,-0.537041458249
354,2,7,1,3,2.70838181419,3.52379159298,-0.815409778783
355,2,7,1,3,3.56581494939,4.11142731668,-0.545612367286
356,2,7,1,3,3.75125417055,4.19334103175,-0.442086861199
357,2,7,1,3,3.8151155421,4.39954014898,-0.584424606877
358,2,7,1,3,3.45275632333,4.11605640084,-0.663300077504
359,2,7,1,3,3.07832817651,3.80551364056,-0.727185464049
360,2,7,1,3,3.71325358115,4.21661212268,-0.503358541538
361,2,7,1,3,3.34852336432,3.98003845417,-0.631515089849
362,2,7,1,3,2.82232583702,3.56154289271,-0.739217055688
363,2,7,1,3,3.6805996771,4.3711723776,-0.690572700498
364,2,7,1,3,3.4432666395,3.95794201091,-0.514675371411
365,2,7,1,3,3.19227066578,3.82265353717,-0.630382871392
366,2,7,1,3,3.29774513193,3.89490141481,-0.597156282886
367,2,7,1,3,3.27976609939,4.08251937725,-0.802753277862
368,2,7,1,3,3.31520555022,3.94037911268,-0.625173562462
369,2,7,1,3,3.30243387434,3.98040295828,-0.677969083933
370,2,7,1,3,3.06900688079,3.73916537344,-0.670158492658
371,2,7,1,3,3.5418396776,4.20760898423,-0.665769306636
372,2,7,1,3,3.36111436015,4.1868040077,-0.825689647551
373,2,7,1,3,3.66367733335,4.40692879542,-0.743251462068
374,2,7,1,3,2.59486304772,3.46212851007,-0.867265462353
375,2,7,1,3,2.98274423016,3.80871123883,-0.825967008666
376,2,7,1,3,3.4806884352,4.08470185197,-0.604013416777
377,2,7,1,3,2.92550750648,3.79007181848,-0.864564311997
378,2,7,1,3,3.08055489281,3.81655638867,-0.736001495861
379,2,7,1,3,3.67249286689,4.1591328012,-0.486639934315
380,2,7,1,3,3.94080030545,4.44598465048,-0.505184345027
381,2,7,1,3,3.03198509831,3.66872326982,-0.636738171513
382,2,7,1,3,3.03623610378,3.75322615804,-0.716990054267
383,2,7,1,3,3.65793150739,4.3493751773,-0.69144366991
384,2,7,1,3,3.82802068054,4.25320360911,-0.425182928567
385,2,7,1,3,2.78446630899,3.52996183807,-0.745495529078
386,2,7,1,3,3.44065920252,3.98958116541,-0.54892196289
387,2,7,1,3,3.38089573921,3.82892275679,-0.448027017577
388,2,7,1,3,3.56576014358,4.20318782518,-0.637427681596
389,2,7,1,3,2.93941081029,3.8353907631,-0.895979952804
390,2,7,1,3,3.61342508638,4.1832862375,-0.569861151119
391,2,7,1,3,3.22861411773,3.87897699692,-0.650362879193
392,2,7,1,3,3.37711002169,3.93422746963,-0.557117447941
393,2,7,1,3,3.39747640852,4.02139864988,-0.623922241359
394,2,7,1,3,3.18530990338,3.93306456376,-0.747754660384
395,2,7,1,3,3.22480940512,3.97769516019,-0.752885755073
396,2,7,1,3,2.9637014673,3.63914270063,-0.675441233329
397,2,7,1,3,3.55490284352,4.15359434146,-0.598691497939
398,2,7,1,3,3.84927374049,4.47690803197,-0.627634291485
399,2,7,1,3,3.97066529488,4.30103306227,-0.330367767394
400,2,7,1,3,3.49854763039,4.00565633772,-0.507108707333
401,2,7,1,3,3.30092320532,4.15865613115,-0.857732925837
402,2,7,1,3,3.50005140147,4.00383288418,-0.503781482701
403,2,7,1,3,3.41092799003,4.07112596041,-0.660197970378
404,2,7,1,3,3.67711328895,4.29036143562,-0.613248146665
405,2,7,1,3,2.98593256002,3.76658357081,-0.780651010794
406,2,7,1,3,3.66314145236,4.05810323667,-0.394961784314
407,2,7,1,3,3.2741696052,4.04360758288,-0.769437977678
408,2,7,1,3,3.22100206196,3.76371780602,-0.542715744058
409,2,7,1,3,4.0270939354,4.55717076984,-0.530076834436
410,2,7,1,3,3.60875405553,4.3710338051,-0.762279749563
411,2,7,1,3,3.5560397891,4.07203626337,-0.515996474264
412,2,7,1,3,3.81285472573,4.33333224295,-0.520477517214
413,2,7,1,3,3.36781869625,4.24056842406,-0.872749727809
414,2,7,1,3,4.31274947525,4.61950218419,-0.306752708936
415,2,7,1,3,3.20995901352,3.96025623114,-0.750297217621
416,2,7,1,3,3.74338215803,4.29122025425,-0.547838096212
417,2,7,1,3,2.94522222498,3.83286629603,-0.887644071054
418,2,7,1,3,3.17167255734,3.79356935196,-0.621896794613
419,2,7,1,3,2.96111055424,3.70580664261,-0.744696088367
420,2,7,1,3,3.78859543957,4.34187135089,-0.55327591132
421,2,7,1,3,4.21481251396,4.71816933352,-0.503356819556
422,2,7,1,3,3.14259821974,3.94421321119,-0.801614991458
423,2,7,1,3,3.63777968699,4.33639038497,-0.698610697984
424,2,7,1,3,3.53759100263,4.2280735954,-0.69048259277
425,2,7,1,3,3.71089319487,4.25278226804,-0.541889073171
426,2,7,1,3,3.58765883213,4.02337391067,-0.435715078533
427,2,7,1,3,2.96397809091,3.72541620368,-0.761438112768
428,2,7,1,3,2.78728417993,3.62610916211,-0.838824982173
429,2,7,1,3,2.90195257732,3.64746097392,-0.745508396592
430,2,7,1,3,3.3122086082,3.92691407863,-0.614705470432
431,2,7,1,3,3.42097273994,4.04697996052,-0.626007220588
432,2,7,1,3,3.85630907582,4.37341388874,-0.517104812921
433,2,7,1,3,2.81897813459,3.62831683186,-0.80933869727
434,2,7,1,3,3.8964093491,4.50873049268,-0.612321143584
435,2,7,1,3,3.39088336149,3.83729708385,-0.446413722356
436,2,7,1,3,3.64454349899,4.21320136695,-0.568657867964
437,2,7,1,3,3.75125417055,4.19334103175,-0.442086861199
438,2,7,1,3,3.30710516109,4.09463462476,-0.787529463667
439,2,7,1,3,3.56837485033,4.02706170279,-0.458686852459
440,2,7,1,3,3.78939824189,4.3438454522,-0.554447210316
441,2,7,1,3,3.45607472637,4.10955966781,-0.65348494144
442,2,7,1,3,3.17597879378,3.73483311724,-0.558854323455
443,2,7,1,3,4.24341575142,4.61987698422,-0.376461232799
444,2,7,1,3,4.27168194436,4.84615999435,-0.574478049995
445,2,7,1,3,3.45708054282,4.12867730999,-0.671596767167
446,2,7,1,3,3.24609380078,3.76761629762,-0.521522496836
447,2,7,1,3,3.05046872544,3.74902858891,-0.698559863476
448,2,7,1,3,3.10498470918,3.75179407548,-0.646809366299
449,2,7,1,3,3.40975878537,4.21480834555,-0.805049560184
450,2,7,1,3,3.16415383746,3.91520945412,-0.751055616656
451,2,7,1,3,3.38215075447,4.00846423975,-0.626313485273
452,2,7,1,3,3.37487006529,4.0313664019,-0.656496336615
453,2,7,1,3,3.7437762468,4.3214163352,-0.577640088403
454,2,7,1,3,3.0399964335,3.8442541627,-0.804257729196
455,2,7,1,3,3.76081667295,4.44395804324,-0.683141370294
456,2,7,1,3,2.79487233272,3.58171563078,-0.786843298064
457,2,7,1,3,2.96774261196,3.77183549829,-0.804092886327
458,2,7,1,3,2.79228316238,3.7066433256,-0.914360163221
459,2,7,1,3,3.26239971698,3.89473210362,-0.632332386636
460,2,7,1,3,3.86621234505,4.53723258431,-0.671020239252
461,2,7,1,3,3.10384337804,3.77298278937,-0.669139411326
462,2,7,1,3,3.88940706812,4.28952157607,-0.400114507951
463,2,7,1,3,3.08678025316,3.8499723316,-0.763192078436
464,2,7,1,3,3.53435774002,4.26869518616,-0.734337446141
465,2,7,1,3,2.82645947419,3.7468248204,-0.920365346212
466,2,7,1,3,2.93481910789,3.63252020599,-0.697701098094
467,2,7,1,3,3.21265044207,3.97639725369,-0.763746811611
468,2,7,1,3,3.48112060177,3.92117905853,-0.440058456759
469,2,7,1,3,3.88766925889,4.45897495352,-0.571305694631
470,2,7,1,3,3.66073888053,4.35441043793,-0.693671557406
471,2,7,1,3,3.77255107407,4.25990573079,-0.487354656717
472,2,7,1,3,3.43871380489,4.03236728711,-0.593653482221
473,2,7,1,3,3.25335902969,3.90024310154,-0.646884071847
474,2,7,1,3,3.1011571974,3.76193298388,-0.660775786472
475,2,7,1,3,2.93971078361,3.64813429732,-0.708423513709
476,2,7,1,3,2.8384718569,3.62821175917,-0.789739902267
477,2,7,1,3,3.20428098066,3.74132243891,-0.537041458249
478,2,7,1,3,4.19887109961,4.74167461841,-0.542803518794
479,2,7,1,3,4.04125106853,4.49024424451,-0.448993175981
480,2,7,1,3,3.11974509692,3.78267749848,-0.662932401556
481,2,7,1,3,2.9470619636,3.7888357174,-0.841773753797
482,2,7,1,3,3.38706192695,3.86738930519,-0.480327378244
483,2,7,1,3,3.13770463935,3.77857718675,-0.6408725474
484,2,7,1,3,3.24284202349,3.99887100261,-0.756028979122
485,2,7,1,3,3.62884042701,4.11698019925,-0.488139772245
486,2,7,1,3,3.3264837914,3.93229766223,-0.605813870828
487,2,7,1,3,3.82178986182,4.23634996408,-0.41456010226
488,2,7,1,3,3.71810698435,4.00956844453,-0.291461460175
489,2,7,1,3,3.43554669584,3.85404566648,-0.418498970644
490,2,7,1,3,3.8524203887,4.5575787137,-0.705158324996
491,2,7,1,3,3.49016875805,3.92349113972,-0.433322381669
492,2,7,1,3,3.71434261632,4.47317507443,-0.758832458112
493,2,7,1,3,3.74041074847,4.23299084541,-0.492580096944
494,2,7,1,3,3.62832384845,4.19951244956,-0.571188601106
495,2,7,1,3,3.5344406623,4.2279864071,-0.693545744808
496,2,7,1,3,3.02539907475,3.68271478666,-0.657315711911
497,2,7,1,3,3.99211310042,4.41397930616,-0.421866205734
498,2,7,1,3,2.65515842754,3.50780148763,-0.852643060091
499,2,7,1,3,3.53070354948,4.20272228379,-0.672018734307
500,2,7,1,3,3.34127826012,4.12571149606,-0.784433235938
501,2,7,1,3,3.41903348959,3.9889283597,-0.56989487011
502,2,7,1,3,4.0951879963,4.56077709109,-0.465589094786
503,2,7,1,3,3.26776639146,3.77812242419,-0.510356032735
504,2,7,1,3,2.98136879452,3.79836573547,-0.816996940948
505,2,7,1,3,2.87156497805,3.67306535712,-0.801500379069
506,2,7,1,3,3.67774930418,4.1975343194,-0.519785015221
507,2,7,1,3,2.99936179138,3.8813509861,-0.881989194721
508,2,7,1,3,3.97424806389,4.46645200046,-0.492203936568
509,2,7,1,3,3.44573584242,4.03856324196,-0.592827399542
510,2,7,1,3,3.05614961121,3.74590733873,-0.689757727517
511,2,7,1,3,3.54633237859,4.13435798437,-0.588025605779
512,2,7,1,3,3.24440574481,4.01952834445,-0.775122599639
513,2,7,1,3,3.56521285162,4.24623277307,-0.681019921448
514,2,7,1,3,3.36341318273,3.82044781469,-0.457034631952
515,2,7,1,3,3.64039397787,4.1825178779,-0.542123900033
516,2,7,1,3,3.866996567,4.45101121282,-0.584014645823
517,2,7,1,3,3.39358319843,4.04894682651,-0.655363628079
518,2,7,1,3,3.53682818858,4.06272314018,-0.525894951599
519,2,7,1,3,3.0120901451,3.64895615347,-0.636866008367
520,2,7,1,3,3.45652026273,4.05087445883,-0.5943541961
521,2,7,1,3,2.92368879027,3.75160395297,-0.827915162704
522,2,7,1,3,4.61454128883,5.02520180059,-0.410660511755
523,2,7,1,3,3.38065534158,4.14807014532,-0.767414803741
524,2,7,1,3,3.2255628884,3.83101687843,-0.605453990034
525,2,7,1,3,3.1270666544,3.88743660346,-0.760369949059
526,2,7,1,3,3.51241741557,4.14934138891,-0.636923973339
527,2,7,1,3,3.15922537825,3.8571813488,-0.697955970551
528,2,7,1,3,3.19422821965,4.00579523016,-0.811567010515
529,2,7,1,3,3.42872540288,4.15010550858,-0.721380105694
530,2,7,1,3,3.33915400906,3.914798118,-0.57564410893
531,2,7,1,3,3.06704188189,3.81384066261,-0.74679878072
532,2,7,1,3,3.29827656765,3.78299199557,-0.484715427918
533,2,7,1,3,4.02639644357,4.66446325796,-0.638066814392
534,2,7,1,3,2.90760835618,3.77048518411,-0.862876827923
535,2,7,1,3,3.0169752765,3.86698025411,-0.850004977607
536,2,7,1,3,3.55442325683,4.03365684723,-0.479233590404
537,2,7,1,3,3.59419697509,4.33748783546,-0.743290860377
538,2,7,1,3,3.55962478006,4.16614394757,-0.606519167511
539,2,7,1,3,3.71813485661,4.30764724629,-0.589512389684
540,2,7,1,3,2.91136918517,3.75896203748,-0.84759285231
541,2,7,1,3,3.28372871608,3.94200485169,-0.658276135605
542,2,7,1,3,3.40940101473,4.05201870995,-0.642617695218
543,2,7,1,3,3.20027159288,3.93592265387,-0.735651060992
544,2,7,1,3,3.55991884506,4.22261685156,-0.662698006502
545,2,7,1,3,3.950047423,4.39025756914,-0.440210146142
546,2,7,1,3,3.71250931291,4.38988529589,-0.677375982983
547,2,7,1,3,3.19144403536,3.7265220946,-0.535078059247
548,2,7,1,3,3.16966155188,3.81619109175,-0.646529539868
549,2,7,1,3,3.09498522519,3.7563207916,-0.661335566413
550,2,7,1,3,3.46091778823,4.03600384294,-0.575086054703
551,2,7,1,3,3.65116273477,4.24011717438,-0.588954439611
552,2,7,1,3,3.009201803,3.83072380059,-0.821521997596
553,2,7,1,3,3.40242361838,4.10789929256,-0.705475674181
554,2,7,1,3,3.45361214429,4.10847822007,-0.654866075781
555,2,7,1,3,3.40709863995,4.02232666681,-0.615228026855
556,2,7,1,3,3.83797272237,4.1511664613,-0.31319373893
557,2,7,1,3,2.9242140136,3.68414211788,-0.759928104286
558,2,7,1,3,3.2003532925,3.9351973443,-0.734844051798
559,2,7,1,3,3.41362532194,4.16566244063,-0.75203711869
560,2,7,1,3,3.77465503977,4.48618322096,-0.711528181192
561,2,7,1,3,3.12439376938,3.91539014797,-0.790996378591
562,2,7,1,3,4.03267180502,4.52633339682,-0.493661591795
563,2,7,1,3,3.10154772188,3.83476237463,-0.733214652756
564,2,7,1,3,3.11187399227,3.91910290993,-0.807228917664
565,2,7,1,3,3.73059366473,4.13702607934,-0.406432414608
566,2,7,1,3,3.32176744463,3.83270420215,-0.510936757524
567,2,7,1,3,3.4861686185,4.11967778223,-0.633509163729
568,2,7,1,3,3.43674648788,3.91916476508,-0.482418277199
569,2,7,1,3,2.79360438795,3.5561711342,-0.762566746246
570,2,7,1,3,3.75622285631,4.29425389984,-0.538031043529
571,2,7,1,3,3.9407891293,4.48790056529,-0.547111435989
572,2,7,1,3,2.97864028449,3.87422602657,-0.89558574208
573,2,7,1,3,2.93364779805,3.62098153631,-0.687333738253
574,2,7,1,3,3.0789103545,3.89570867975,-0.816798325251
575,2,7,1,3,4.11794341322,4.59408187567,-0.476138462448
576,2,7,1,3,2.78492522188,3.64867676943,-0.863751547551
577,2,7,1,3,3.94256278521,4.39077809908,-0.448215313872
578,2,7,1,3,3.52621691634,4.21009242408,-0.683875507738
579,2,7,1,3,3.85695099323,4.2917703829,-0.434819389671
580,2,7,1,3,3.50540283107,4.13595187475,-0.630549043683
581,2,7,1,3,3.31839058625,4.06866980911,-0.750279222861
582,2,7,1,3,3.46905943051,4.12151528425,-0.652455853741
583,2,7,1,3,3.19785591219,3.89117782259,-0.693321910407
584,2,7,1,3,2.73090755516,3.59498323867,-0.864075683507
585,2,7,1,3,2.99583414702,3.80218810733,-0.80635396031
586,2,7,1,3,2.85088197765,3.67546461285,-0.824582635205
587,2,7,1,3,3.56576014358,4.20318782518,-0.637427681596
588,2,7,1,3,3.26485127641,3.80727578517,-0.542424508754
589,2,7,1,3,3.40435613699,4.04762573866,-0.643269601671
590,2,7,1,3,3.35688334647,4.01060139761,-0.653718051136
591,2,7,1,3,4.37567357523,5.0318046168,-0.656131041571
592,2,7,1,3,3.07893976027,3.81573896305,-0.73679920278
593,2,7,1,3,2.80136791734,3.70333533191,-0.901967414577
594,2,7,1,3,2.7821468441,3.53621019241,-0.754063348311
595,2,7,1,3,3.37258224239,4.03114307081,-0.658560828419
596,2,7,1,3,3.81643406207,4.33030152761,-0.513867465541
597,2,7,1,3,3.49749901354,4.24673034938,-0.749231335847
598,2,7,1,3,3.26178448694,4.04806955675,-0.786285069807
599,2,7,1,3,2.74623873328,3.63500592604,-0.888767192758
600,2,7,1,3,3.37826312816,4.02802182062,-0.649758692459
601,2,7,1,3,3.24711395052,3.90660606208,-0.659492111565
602,2,7,1,3,3.25424210588,3.90987795884,-0.655635852955
603,2,7,1,3,3.05611522195,3.74260282658,-0.686487604636
604,2,7,1,3,3.53344928334,4.16717285139,-0.633723568054
605,2,7,1,3,3.80970763432,4.10979300805,-0.300085373733
606,2,7,1,3,3.90299268433,4.37419328258,-0.471200598244
607,2,7,1,3,3.97863626759,4.42728658337,-0.448650315777
608,2,7,1,3,3.66229741633,4.11208460968,-0.449787193348
609,2,7,1,3,3.55649142502,4.01409413759,-0.457602712573
610,2,7,1,3,4.10242209189,4.5309280319,-0.428505940013
611,2,7,1,3,3.49002117794,4.14751430995,-0.657493132001
612,2,7,1,3,4.487303013,4.82451719505,-0.337214182051
613,2,7,1,3,3.83252383455,4.39273463353,-0.560210798972
614,2,7,1,3,3.66714669191,4.34899142851,-0.681844736603
615,2,7,1,3,3.7403749493,4.21013107255,-0.469756123247
616,2,7,1,3,3.72762981044,4.14668506854,-0.419055258093
617,2,7,1,3,3.37785234471,3.95874312532,-0.580890780611
618,2,7,1,3,4.50508691261,4.8549054786,-0.349818565997
619,2,7,1,3,4.07420657743,4.54338933145,-0.469182754018
620,2,7,1,3,3.27798827049,4.09636168302,-0.818373412534
621,2,7,1,3,4.01611588782,4.4857157088,-0.469599820986
622,2,7,1,3,3.59603398191,4.30225086004,-0.706216878125
623,2,7,1,3,2.97184130397,3.69912168602,-0.727280382056
624,2,7,1,3,3.34237157572,3.7953172247,-0.452945648978
625,2,7,1,3,3.64744577978,4.13326637302,-0.485820593241
626,2,7,1,3,3.80045082214,4.28635453738,-0.48590371524
627,2,7,1,3,3.5191287683,4.09745941945,-0.578330651153
628,2,7,1,3,2.97459035599,3.79964556599,-0.825055210001
629,2,7,1,3,2.97847982449,3.89838845187,-0.919908627382
630,2,7,1,3,3.35240408662,4.00671787168,-0.654313785057
631,2,7,1,3,2.95265788476,3.69922776601,-0.746569881248
632,2,7,1,3,3.73042497275,4.14978005202,-0.419355079264
633,2,7,1,3,2.84436954388,3.71807305145,-0.873703507563
634,2,7,1,3,2.92132193269,3.695566849,-0.774244916309
635,2,7,1,3,4.01754228452,4.38050774915,-0.362965464632
636,2,7,1,3,2.9555471849,3.62676137621,-0.671214191308
637,2,7,1,3,2.78393768112,3.5380226263,-0.754084945179
638,2,7,1,3,3.44310255826,4.05770773534,-0.614605177076
639,2,7,1,3,3.7014759359,4.17688917955,-0.475413243649
640,2,7,1,3,3.34654096756,4.00900385449,-0.662462886929
641,2,7,1,3,3.30266418555,3.91507922095,-0.612415035404
642,2,7,1,3,3.49893397752,4.1154093915,-0.61647541398
643,2,7,1,3,3.22838695024,4.05687551928,-0.828488569037
644,2,7,1,3,3.73802283908,4.32457743113,-0.586554592056
645,2,7,1,3,3.85199235528,4.28629447459,-0.434302119312
646,2,7,1,3,3.61601296738,4.04105916585,-0.425046198464
647,2,7,1,3,3.57725722609,4.02796046256,-0.450703236469
648,2,7,1,3,3.38473713076,4.02388489951,-0.639147768753
649,2,7,1,3,2.85574000027,3.72981124177,-0.874071241503
650,2,7,1,3,3.58485409791,4.23600703821,-0.651152940302
651,2,7,1,3,3.16787037692,3.88299770856,-0.715127331639
652,2,7,1,3,3.99358278967,4.3672739609,-0.373691171226
653,2,7,1,3,3.26720747717,4.0463526519,-0.779145174731
654,2,7,1,3,3.21458070354,3.80386120725,-0.589280503703
655,2,7,1,3,4.01218366768,4.45824585712,-0.446062189432
656,2,7,1,3,2.98119235395,3.71537967935,-0.734187325397
657,2,7,1,3,3.57981349914,4.18045826437,-0.600644765231
658,2,7,1,3,3.15626519133,3.79122459205,-0.634959400721
659,2,7,1,3,3.67077286083,4.30990200372,-0.639129142887
660,2,7,1,3,3.66499449336,4.35769211342,-0.692697620066
661,2,7,1,3,3.64372227489,4.18568990361,-0.54196762872
662,2,7,1,3,3.3296436923,3.91701405374,-0.587370361443
663,2,7,1,3,3.77531197232,4.41125009874,-0.635938126413
664,2,7,1,3,3.26331223426,3.90161398224,-0.638301747981
665,2,7,1,3,2.72264499884,3.58841353179,-0.865768532957
666,2,7,1,3,4.46383787824,4.83648799599,-0.372650117756
667,2,7,1,3,3.61741433151,4.27294737526,-0.65553304375
668,2,7,1,3,3.33244328562,3.96058201811,-0.628138732494
669,2,7,1,3,3.60273002585,4.26046368257,-0.657733656719
670,2,7,1,3,3.88361188682,4.42783702084,-0.544225134019
671,2,7,1,3,4.32155575774,4.74608759187,-0.42453183413
672,2,7,1,3,3.01848139956,3.8448982162,-0.826416816645
673,2,7,1,3,3.37242931149,4.07902021505,-0.706590903562
674,2,7,1,3,3.58385271304,4.01247208491,-0.428619371873
675,2,7,1,3,3.82107242621,4.18680180383,-0.365729377611
676,2,7,1,3,3.28713156522,3.88848890212,-0.601357336903
677,2,7,1,3,3.13780081458,3.85767135179,-0.719870537211
678,2,7,1,3,3.44433807577,4.13445848896,-0.690120413191
679,2,7,1,3,3.42344813198,4.02848378802,-0.605035656041
680,2,7,1,3,3.291448783,3.7795704048,-0.488121621806
681,2,7,1,3,3.47111327937,3.96600091556,-0.49488763619
682,2,7,1,3,3.68529597703,4.28271490302,-0.597418925982
683,2,7,1,3,3.04403984192,3.76070986995,-0.716670028029
684,2,7,1,3,2.68657861177,3.59217874248,-0.905600130707
685,2,7,1,3,3.54088307925,3.94710752727,-0.406224448023
686,2,7,1,3,3.28367226673,4.04183827284,-0.758166006108
687,2,7,1,3,3.21890993659,3.97295809839,-0.754048161804
688,2,7,1,3,3.72236155644,4.46764408874,-0.745282532307
689,2,7,1,3,3.79845876574,4.33225397219,-0.533795206449
690,2,7,1,3,4.46383787824,4.83648799599,-0.372650117756
691,2,7,1,3,3.27837580859,3.97634893385,-0.697973125262
692,2,7,1,3,3.4759516623,4.08044046287,-0.604488800571
693,2,7,1,3,3.36106568859,3.97657666598,-0.615510977388
694,2,7,1,3,3.60933524589,4.35767416893,-0.748338923043
695,2,7,1,3,3.313208234,3.79072221672,-0.477513982721
696,2,7,1,3,3.81988434856,4.31997159191,-0.500087243343
697,2,7,1,3,3.51119939023,4.13337260366,-0.622173213429
698,2,7,1,3,3.4311304336,4.30151162341,-0.870381189807
699,2,7,1,3,3.87420086991,4.37656093673,-0.502360066819
700,2,7,1,3,3.34010093419,3.9083478877,-0.568246953513
701,2,7,1,3,3.10982436171,3.89265698872,-0.782832627017
702,2,7,1,3,2.93995112966,3.8590722111,-0.919121081433
703,2,7,1,3,3.52370804792,4.10168110679,-0.577973058864
704,2,7,1,3,3.55948159501,4.07542627887,-0.515944683852
705,2,7,1,3,3.61318950085,4.09806411716,-0.484874616308
706,2,7,1,3,4.4637082579,4.83588353822,-0.372175280317
707,2,7,1,3,2.66710254478,3.58886196116,-0.921759416374
708,2,7,1,3,3.63890995393,4.21629660672,-0.577386652791
709,2,7,1,3,3.21250496319,3.86762223888,-0.655117275688
710,2,7,1,3,3.65599830702,4.14521186826,-0.489213561239
711,2,7,1,3,3.62053487646,4.03857469245,-0.418039815994
712,2,7,1,3,3.25699559804,3.83365070511,-0.576655107067
713,2,7,1,3,3.64307997572,4.25422786765,-0.611147891927
714,2,7,1,3,3.6063785298,4.30204807153,-0.695669541724
715,2,7,1,3,3.46637857319,4.09644215132,-0.630063578133
716,2,7,1,3,3.44959458882,4.19016919192,-0.740574603102
717,2,7,1,3,3.45271873593,4.2085136973,-0.755794961368
718,2,7,1,3,3.77161920377,4.40824167827,-0.6366224745
719,2,7,1,3,3.13740947241,3.71505361979,-0.577644147379
720,2,7,1,3,2.98996032678,3.63822837866,-0.64826805188
721,2,7,1,3,3.08059088945,3.76344520208,-0.682854312629
722,2,7,1,3,4.09246368745,4.63073067443,-0.538266986983
723,2,7,1,3,3.28255349597,3.96358327966,-0.681029783685
724,2,7,1,3,3.55899843243,4.04110161911,-0.482103186677
725,2,7,1,3,3.70093075548,4.2547360494,-0.55380529392
726,2,7,1,3,3.5106346536,3.99915684668,-0.488522193087
727,2,7,1,3,2.9305993931,3.92240046545,-0.991801072351
728,2,7,1,3,3.24897883804,3.98941167001,-0.740432831974
729,2,7,1,3,3.26902755327,3.7847684527,-0.515740899433
730,2,7,1,3,3.79687689753,4.40042878049,-0.603551882956
731,2,7,1,3,2.74901261331,3.55441042652,-0.805397813207
732,2,7,1,3,3.69032673501,4.14502949125,-0.454702756237
733,2,7,1,3,4.02924323576,4.67683484229,-0.647591606527
734,2,7,1,3,3.24459351389,3.76277766698,-0.518184153088
735,2,7,1,3,3.28293931538,3.84558883724,-0.562649521859
736,2,7,1,3,3.6826755525,4.40600334904,-0.723327796536
737,2,7,1,3,3.2770268602,4.07851897749,-0.801492117288
738,2,7,1,3,3.06704188189,3.81384066261,-0.74679878072
739,2,7,1,3,3.19556257833,3.74009089975,-0.544528321424
740,2,7,1,3,3.5095656006,4.16415589546,-0.654590294856
741,2,7,1,3,3.53287077291,4.13516922406,-0.602298451146
742,2,7,1,3,3.3918330865,4.00944297985,-0.617609893342
743,2,7,1,3,3.73430896914,4.24622229826,-0.511913329114
744,2,7,1,3,3.46977332645,4.06295106117,-0.593177734725
745,2,7,1,3,2.83504933161,3.65549062212,-0.82044129051
746,2,7,1,3,3.2741696052,4.04360758288,-0.769437977678
747,2,7,1,3,2.82545486235,3.79030277324,-0.964847910892
748,2,7,1,3,2.72676351521,3.5264657661,-0.799702250888
749,2,7,1,3,3.85383955756,4.25019839866,-0.3963588411
750,2,7,1,3,3.60110729481,4.1529967086,-0.551889413789
751,2,7,1,3,3.21148650603,3.81056869643,-0.599082190402
752,2,7,1,3,3.73430399371,4.3010927252,-0.566788731496
753,2,7,1,3,3.63473248625,4.08175448007,-0.447021993824
754,2,7,1,3,2.93270574141,3.60718373206,-0.674477990653
755,2,7,1,3,3.17951767449,3.93570142261,-0.756183748114
756,2,7,1,3,3.78859543957,4.34187135089,-0.55327591132
757,2,7,1,3,3.17825449892,3.79542272284,-0.617168223914
758,2,7,1,3,3.64192579999,4.11715863282,-0.475232832826
759,2,7,1,3,3.56527155867,4.10397619643,-0.538704637764
760,2,7,1,3,3.95313988365,4.43069683193,-0.477556948284
761,2,7,1,3,3.5344406623,4.2279864071,-0.693545744808
762,2,7,1,3,3.73802283908,4.32457743113,-0.586554592056
763,2,7,1,3,3.88077556091,4.42519617527,-0.544420614354
764,2,7,1,3,3.98250808225,4.49887066855,-0.516362586295
765,2,7,1,3,3.36097881151,4.08099767333,-0.720018861821
766,2,7,1,3,3.23024099898,3.7710889529,-0.540847953921
767,2,7,1,3,2.9222990257,3.68397593918,-0.761676913474
768,2,7,1,3,3.41640442694,4.0429379243,-0.626533497365
769,2,7,1,3,3.59303469064,4.25251096818,-0.659476277539
770,2,7,1,3,3.30304086685,3.97351485244,-0.67047398559
771,2,7,1,3,3.05904432507,3.90533034698,-0.846286021909
772,2,7,1,3,3.64683966351,3.94755148892,-0.300711825411
773,2,7,1,3,3.39623137359,4.02385212195,-0.627620748365
774,2,7,1,3,3.48836063754,4.06001308123,-0.57165244369
775,2,7,1,3,3.39990483409,4.07058502667,-0.670680192574
776,2,7,1,3,3.46683069498,4.13638009252,-0.66954939754
777,2,7,1,3,3.04089140372,3.74666213054,-0.705770726821
778,2,7,1,3,3.17287924419,3.960723165,-0.787843920803
779,2,7,1,3,3.48946603034,4.16566789625,-0.67620186591
780,2,7,1,3,2.73921760641,3.63222401349,-0.893006407081
781,2,7,1,3,3.35693823638,3.93244541155,-0.575507175176
782,2,7,1,3,3.44159964352,4.03594384041,-0.594344196885
783,2,7,1,3,3.4654287784,4.00569372063,-0.540264942234
784,2,7,1,3,3.78758536104,4.17580667027,-0.388221309231
785,2,7,1,3,3.10540656983,3.8484574587,-0.74305088887
786,2,7,1,3,3.3134469681,3.92746015471,-0.614013186615
787,2,7,1,3,3.34798086949,3.87098806564,-0.523007196146
788,2,7,1,3,3.12322132253,3.82649715226,-0.703275829727
789,2,7,1,3,2.8278613888,3.67465167097,-0.846790282179
790,2,7,1,3,3.72225293722,4.27306107047,-0.550808133253
791,2,7,1,3,3.28665715484,3.92143578584,-0.634778631004
792,2,7,1,3,3.57809519791,4.28711104356,-0.709015845655
793,2,7,1,3,3.27267863054,3.89298935797,-0.620310727423
794,2,7,1,3,3.31981209511,3.79763936758,-0.477827272474
795,2,7,1,3,3.29344936938,3.8299266665,-0.536477297123
796,2,7,1,3,3.1501001643,3.79968184464,-0.64958168034
797,2,7,1,3,3.64192579999,4.11715863282,-0.475232832826
798,2,7,1,3,3.83114762338,4.23615712487,-0.405009501489
799,2,7,1,3,3.36817809234,3.98708252766,-0.618904435321
800,2,7,1,3,3.40294788575,3.97535257385,-0.572404688102
801,2,7,1,3,3.41200841153,3.83298729229,-0.420978880762
802,2,7,1,3,3.5095656006,4.16415589546,-0.654590294856
803,2,7,1,3,3.39063196769,4.17083630694,-0.780204339249
804,2,7,1,3,3.22480940512,3.97769516019,-0.752885755073
805,2,7,1,3,3.80523097858,4.35591126617,-0.550680287585
806,2,7,1,3,3.21865647251,4.02861642359,-0.809959951083
807,2,7,1,3,3.72174121637,4.12104177913,-0.399300562762
808,2,7,1,3,3.51872223863,4.02017795211,-0.501455713482
809,2,7,1,3,3.40726645652,3.9876836963,-0.580417239781
810,2,7,1,3,2.85853429885,3.72273757767,-0.864203278815
811,2,7,1,3,3.46523404767,4.1633490215,-0.698114973824
812,2,7,1,3,3.20842112561,3.74149774002,-0.533076614406
813,2,7,1,3,3.63752766045,4.281357512,-0.643829851549
814,2,7,1,3,3.33711849689,3.81249968527,-0.475381188381
815,2,7,1,3,3.2424919682,3.87432933862,-0.631837370422
816,2,7,1,3,4.22798806096,4.64928328558,-0.421295224619
817,2,7,1,3,3.52448779142,4.16877531507,-0.644287523648
818,2,7,1,3,3.67750444228,4.26702921654,-0.589524774258
819,2,7,1,3,3.14401676797,3.86289157625,-0.71887480828
820,2,7,1,3,4.10578619469,4.65460686735,-0.548820672667
821,2,7,1,3,3.0399964335,3.8442541627,-0.804257729196
822,2,7,1,3,3.53052581168,4.02010578046,-0.489579968789
823,2,7,1,3,3.14636637411,3.93110227215,-0.784735898042
824,2,7,1,3,3.70588368657,4.19717379773,-0.491290111158
825,2,7,1,3,3.2576633371,3.97579402026,-0.718130683163
826,2,7,1,3,4.1145719111,4.6272113403,-0.512639429201
827,2,7,1,3,3.67451398269,4.35616832818,-0.681654345492
828,2,7,1,3,2.77816496781,3.65239105715,-0.874226089343
829,2,7,1,3,2.88965504012,3.78788958625,-0.898234546132
830,2,7,1,3,3.2683695705,3.82687173497,-0.558502164471
831,2,7,1,3,3.72824656755,4.20956716567,-0.481320598112
832,2,7,1,3,2.74406741837,3.63112138365,-0.887053965277
833,2,7,1,3,3.25230763304,3.82332237329,-0.571014740244
834,2,7,1,3,3.6805996771,4.3711723776,-0.690572700498
835,2,7,1,3,2.81953156667,3.66904388971,-0.849512323042
836,2,7,1,3,3.62126860968,4.23277640063,-0.611507790949
837,2,7,1,3,3.50369510375,4.11779546307,-0.614100359326
838,2,7,1,3,3.66419287395,4.2956021654,-0.631409291449
839,2,7,1,3,3.53249006991,3.95211410368,-0.419624033778
840,2,7,1,3,3.84499857796,4.36080560239,-0.515807024421
841,2,7,1,3,3.64563362902,4.08106463668,-0.43543100766
842,2,7,1,3,3.51092290096,4.1891632705,-0.678240369544
843,2,7,1,3,3.95219213857,4.39264289313,-0.440450754561
844,2,7,1,3,3.70215593529,4.12508218392,-0.422926248633
845,2,7,1,3,3.37887657811,3.97253886571,-0.593662287605
846,2,7,1,3,2.92218877716,3.63434603216,-0.712157254998
847,2,7,1,3,3.00413419716,3.71914518905,-0.715010991885
848,2,7,1,3,2.96911805525,3.63462208502,-0.665504029766
849,2,7,1,3,3.22548908204,3.82238646685,-0.596897384812
850,2,7,1,3,3.96628901375,4.4942697669,-0.527980753154
851,2,7,1,3,3.32365931413,3.79873442476,-0.475075110626
852,2,7,1,3,3.46529677639,3.90740449119,-0.442107714797
853,2,7,1,3,4.48831925481,5.00500486188,-0.516685607073
854,2,7,1,3,2.94338080575,3.62410893256,-0.680728126806
855,2,7,1,3,2.97390403656,3.70912087758,-0.735216841021
856,2,7,1,3,3.43176478735,3.98108268353,-0.549317896181
857,2,7,1,3,3.15697673651,3.86445933323,-0.707482596727
858,2,7,1,3,3.32437537973,3.94094954121,-0.616574161473
859,2,7,1,3,4.00640441784,4.39084232923,-0.384437911389
860,2,7,1,3,3.01265717724,3.65775784213,-0.645100664886
861,2,7,1,3,3.15573238097,3.78722401451,-0.631491633547
862,2,7,1,3,3.24129275901,3.97354096217,-0.732248203161
863,2,7,1,3,3.2987734635,3.85214852678,-0.553375063283
864,2,7,1,3,3.25729429735,3.89812049627,-0.64082619892
865,2,7,1,3,3.09750009422,3.76367512217,-0.666175027946
866,2,7,1,3,2.92170521551,3.61548469746,-0.693779481949
867,2,7,1,3,2.88159032,3.8204461187,-0.938855798704
868,2,7,1,3,3.8544812101,4.28904295934,-0.434561749242
869,2,7,1,3,3.13726273622,4.01163442682,-0.874371690602
870,2,7,1,3,3.1310832252,3.84257656738,-0.711493342179
871,2,7,1,3,3.3638185661,3.92181098123,-0.557992415125
872,2,7,1,3,3.37773595663,4.00454156674,-0.626805610111
873,2,7,1,3,3.58639119051,4.02413324923,-0.437742058717
874,2,7,1,3,3.23929712257,3.82584554294,-0.586548420368
875,2,7,1,3,3.11094244379,3.75713213716,-0.646189693371
876,2,7,1,3,3.57809519791,4.28711104356,-0.709015845655
877,2,7,1,3,3.14502949152,3.98366229667,-0.838632805146
878,2,7,1,3,2.83396178416,3.72136372538,-0.887401941216
879,2,7,1,3,3.24174755157,3.96265162938,-0.720904077802
880,2,7,1,3,3.09928869284,3.85181880505,-0.752530112212
881,2,7,1,3,3.84927374049,4.47690803197,-0.627634291485
882,2,7,1,3,3.61655230766,4.16938949797,-0.552837190311
883,2,7,1,3,3.17244194009,3.88839238649,-0.715950446399
884,2,7,1,3,3.72495320781,4.42370174502,-0.698748537215
885,2,7,1,3,2.79360438795,3.5561711342,-0.762566746246
886,2,7,1,3,3.40854421277,4.06997947315,-0.661435260375
887,2,7,1,3,3.13513715185,3.95753262315,-0.822395471303
888,2,7,1,3,3.7467287726,4.10251937115,-0.355790598544
889,2,7,1,3,3.04749396229,3.73258794288,-0.685093980586
890,2,7,1,3,3.34936997557,3.9256814974,-0.576311521824
891,2,7,1,3,2.92613872398,3.77051495349,-0.84437622951
892,2,7,1,3,3.4589774253,4.10553037267,-0.646552947375
893,2,7,1,3,3.40531224895,3.832601053,-0.427288804051
894,2,7,1,3,3.4875374161,4.12812260478,-0.640585188681
895,2,7,1,3,3.30239908961,3.91136119169,-0.608962102076
896,2,7,1,3,3.06565463078,3.67956874348,-0.613914112697
897,2,7,1,3,2.79154294045,3.61383231045,-0.822289370001
898,2,7,1,3,3.65016360996,4.32088257602,-0.670718966059
899,2,7,1,3,2.77637227292,3.62247680129,-0.846104528375
900,2,7,1,3,3.53157247948,3.99343615011,-0.461863670629
901,2,7,1,3,3.20750810776,3.88930827031,-0.681800162552
902,2,7,1,3,3.68929669089,4.26988309466,-0.580586403768
903,2,7,1,3,3.67598063795,4.16268456369,-0.486703925737
904,2,7,1,3,2.96743735106,3.71344753068,-0.746010179624
905,2,7,1,3,3.06214014878,3.87727461944,-0.815134470664
906,2,7,1,3,2.56371013537,3.46802927799,-0.904319142611
907,2,7,1,3,3.74950003502,4.28785890789,-0.538358872871
908,2,7,1,3,3.77564274868,4.26305890006,-0.487416151375
909,2,7,1,3,3.1943951234,3.72564851782,-0.531253394419
910,2,7,1,3,3.67878642117,4.35950890943,-0.680722488268
911,2,7,1,3,2.7137033201,3.4955908489,-0.781887528808
912,2,7,1,3,3.18622629556,3.86360135628,-0.677375060717
913,2,7,1,3,3.31135139668,3.95745615495,-0.646104758271
914,2,7,1,3,3.25195848134,3.97892844028,-0.726969958937
915,2,7,1,3,3.7505399189,4.2422397913,-0.491699872403
916,2,7,1,3,3.01596864616,3.72764627335,-0.711677627192
917,2,7,1,3,3.33876401327,4.11440962404,-0.775645610765
918,2,7,1,3,3.45673291436,4.10224892358,-0.645516009225
919,2,7,1,3,3.22351315033,4.11065334377,-0.887140193444
920,2,7,1,3,3.31991576059,4.10401542547,-0.784099664887
921,2,7,1,3,3.6168973899,4.28126232292,-0.664364933019
922,2,7,1,3,2.60422362821,3.49295472285,-0.888731094632
923,2,7,1,3,3.4806884352,4.08470185197,-0.604013416777
924,2,7,1,3,3.17349151755,3.99830791633,-0.824816398777
925,2,7,1,3,2.9555471849,3.62676137621,-0.671214191308
926,2,7,1,3,4.348885001,4.79438127741,-0.445496276412
927,2,7,1,3,3.71650336423,4.2496998716,-0.533196507368
928,2,7,1,3,3.38089573921,3.82892275679,-0.448027017577
929,2,7,1,3,3.57654540391,4.2019146084,-0.625369204497
930,2,7,1,3,3.12850769955,3.82433077323,-0.695823073679
931,2,7,1,3,3.38578957111,4.05072713885,-0.664937567741
932,2,7,1,3,3.02105894237,3.65992523858,-0.638866296215
933,2,7,1,3,3.52370804792,4.10168110679,-0.577973058864
934,2,7,1,3,3.55321302051,4.05421565289,-0.501002632377
935,2,7,1,3,2.9637014673,3.63914270063,-0.675441233329
936,2,7,1,3,3.5095656006,4.16415589546,-0.654590294856
937,2,7,1,3,3.51047312425,4.03014764751,-0.519674523261
938,2,7,1,3,3.77077607821,4.0884395357,-0.317663457489
939,2,7,1,3,3.36234972687,3.99155603245,-0.629206305582
940,2,7,1,3,3.1934759033,3.81523271021,-0.621756806907
941,2,7,1,3,3.22665214703,4.0233080416,-0.796655894566
942,2,7,1,3,3.14882886865,3.94078990454,-0.791961035889
943,2,7,1,3,3.53927708857,4.16397087922,-0.624693790647
944,2,7,1,3,3.47263348817,4.13319186271,-0.660558374543
945,2,7,1,3,3.11028983582,3.82501267759,-0.714722841764
946,2,7,1,3,3.04037489891,3.66531929207,-0.624944393159
947,2,7,1,3,2.98877658617,3.79656034957,-0.807783763404
948,2,7,1,3,3.40637950272,3.99649430725,-0.590114804525
949,2,7,1,3,3.39001292425,3.97382492021,-0.583811995962
950,2,7,1,3,3.40531224895,3.832601053,-0.427288804051
951,2,7,1,3,3.59303469064,4.25251096818,-0.659476277539
952,2,7,1,3,3.61772141865,4.30264650827,-0.68492508962
953,2,7,1,3,3.51681587113,4.09531963975,-0.578503768618
954,2,7,1,3,2.97551146818,3.71850092953,-0.742989461357
955,2,7,1,3,3.84918675583,4.26939480118,-0.420208045343
956,2,7,1,3,3.69227922486,4.21394141506,-0.521662190201
957,2,7,1,3,3.6744110326,4.09417888263,-0.419767850031
958,2,7,1,3,2.89105638471,3.73346146882,-0.84240508411
959,2,7,1,3,3.5772046894,4.26854135636,-0.69133666695
960,2,7,1,3,3.11811247136,3.84874254559,-0.730630074228
961,2,7,1,3,3.16891589585,3.91762230525,-0.748706409406
962,2,7,1,3,3.66410269242,4.28703010816,-0.622927415741
963,2,7,1,3,3.48370240124,4.18317884241,-0.699476441167
964,2,7,1,3,3.13070120225,3.91031064523,-0.779609442983
965,2,7,1,3,2.95462153623,3.71112818374,-0.756506647517
966,2,7,1,3,3.20246165017,3.94543155967,-0.742969909498
967,2,7,1,3,3.63698688587,4.35073558365,-0.713748697785
968,2,7,1,3,3.43088102189,4.16774055757,-0.736859535683
969,2,7,1,3,3.59560082489,4.33262415759,-0.737023332704
970,2,7,1,3,3.33083159042,3.9096500298,-0.578818439378
971,2,7,1,3,2.67314804882,3.52236830736,-0.849220258541
972,2,7,1,3,3.60383051583,4.05283175518,-0.449001239346
973,2,7,1,3,4.01239633555,4.50854148757,-0.496145152026
974,2,7,1,3,3.12148302271,3.93401445617,-0.812531433459
975,2,7,1,3,3.14886564896,3.92533326051,-0.776467611553
976,2,7,1,3,3.05259207172,3.77681817004,-0.724226098319
977,2,7,1,3,2.83198915217,3.64405729963,-0.812068147463
978,2,7,1,3,2.79764480295,3.56910374588,-0.771458942933
979,2,7,1,3,3.7119234063,4.0829789739,-0.371055567602
980,2,7,1,3,3.61364279719,4.03990896886,-0.426266171669
981,2,7,1,3,2.8288755836,3.6588826657,-0.830007082101
982,2,7,1,3,3.89268844788,4.4971619884,-0.604473540525
983,2,7,1,3,2.76213478678,3.53994080385,-0.777806017064
984,2,7,1,3,3.56411619613,4.1851640392,-0.621047843071
985,2,7,1,3,3.2769971231,3.88702821413,-0.61003109103
986,2,7,1,3,3.00694381142,3.66016561542,-0.653221804004
987,2,7,1,3,3.17287924419,3.960723165,-0.787843920803
988,2,7,1,3,3.78685624044,4.37315110314,-0.586294862701
989,2,7,1,3,3.73802283908,4.32457743113,-0.586554592056
990,2,7,1,3,2.83628353096,3.56475257046,-0.7284690395
991,2,7,1,3,3.26001090499,3.98065421608,-0.720643311093
992,2,7,1,3,4.0050086185,4.53659648755,-0.531587869057
993,2,7,1,3,3.06610284474,3.86592238963,-0.799819544893
994,2,7,1,3,3.1464668694,3.8659452865,-0.719478417102
995,2,7,1,3,3.46966305386,4.08389561424,-0.614232560377
996,2,7,1,3,3.4322561052,4.07144174653,-0.639185641328
997,2,7,1,3,3.27690302384,4.03714761843,-0.760244594584
998,2,7,1,3,3.53759368388,4.17075108169,-0.633157397811
999,2,7,1,3,3.66314145236,4.05810323667,-0.394961784314
0,3,10,2,7,3.36408621827,3.5191287683,-0.155042550027
1,3,10,2,7,3.1527144416,3.28804921157,-0.135334769967
2,3,10,2,7,3.94918596767,4.19356542538,-0.244379457707
3,3,10,2,7,4.04739524653,4.30795539051,-0.260560143981
4,3,10,2,7,2.71729360788,2.92449866126,-0.207205053374
5,3,10,2,7,3.24062643054,3.39085004855,-0.150223618007
6,3,10,2,7,2.98174276902,3.12207821559,-0.140335446573
7,3,10,2,7,3.63546427137,3.84677208186,-0.21130781049
8,3,10,2,7,3.39894927417,3.60159770372,-0.20264842955
9,3,10,2,7,3.20042028202,3.35033369876,-0.149913416738
10,3,10,2,7,3.84986647295,4.03108489308,-0.18121842013
11,3,10,2,7,3.36664286062,3.62073832588,-0.254095465266
12,3,10,2,7,3.51127087749,3.66898372322,-0.157712845733
13,3,10,2,7,3.45801845773,3.69130167137,-0.233283213642
14,3,10,2,7,3.36225132655,3.45587588754,-0.0936245609899
15,3,10,2,7,3.11689620284,3.2001338423,-0.0832376394601
16,3,10,2,7,3.39457901227,3.59956020119,-0.20498118892
17,3,10,2,7,3.46958016441,3.57973459572,-0.110154431302
18,3,10,2,7,3.28534222737,3.45378984285,-0.168447615479
19,3,10,2,7,3.25489310001,3.41347882994,-0.15858572993
20,3,10,2,7,3.0651648691,3.24791094114,-0.182746072041
21,3,10,2,7,3.12943584923,3.26897892052,-0.139543071282
22,3,10,2,7,3.33065600202,3.52677166905,-0.19611566703
23,3,10,2,7,3.41455526535,3.49000544073,-0.0754501753777
24,3,10,2,7,3.09971758125,3.24789816877,-0.148180587522
25,3,10,2,7,2.86315896529,2.97686317095,-0.113704205659
26,3,10,2,7,3.59812451038,3.78554608692,-0.187421576534
27,3,10,2,7,3.3024580174,3.47053522039,-0.168077202984
28,3,10,2,7,3.90434609373,4.09360286515,-0.189256771421
29,3,10,2,7,3.32224285451,3.44753949965,-0.125296645142
30,3,10,2,7,3.2387149685,3.4002403097,-0.161525341203
31,3,10,2,7,3.00590992943,3.17560638936,-0.16969645993
32,3,10,2,7,3.04521321176,3.26260649464,-0.21739328288
33,3,10,2,7,3.44938293512,3.67620290891,-0.226819973795
34,3,10,2,7,3.50011175778,3.67111292062,-0.171001162836
35,3,10,2,7,2.58744808448,2.7289629933,-0.14151490882
36,3,10,2,7,3.51748466602,3.67060935854,-0.153124692521
37,3,10,2,7,3.45935455052,3.62699237411,-0.167637823593
38,3,10,2,7,3.47573327007,3.65554073324,-0.179807463161
39,3,10,2,7,3.45680584091,3.6164345745,-0.159628733595
40,3,10,2,7,4.18612732034,4.40901950586,-0.222892185513
41,3,10,2,7,3.51268521877,3.68909517477,-0.176409956002
42,3,10,2,7,3.25356663566,3.31491880667,-0.0613521710109
43,3,10,2,7,3.44250180521,3.67683562764,-0.23433382243
44,3,10,2,7,3.2083548455,3.43656451569,-0.228209670198
45,3,10,2,7,3.56775322239,3.81370230692,-0.24594908453
46,3,10,2,7,3.31079598874,3.53706451389,-0.226268525159
47,3,10,2,7,3.65288295401,3.81614273497,-0.163259780953
48,3,10,2,7,2.83205308409,2.88809463451,-0.0560415504257
49,3,10,2,7,3.61316927694,3.74486018876,-0.131690911814
50,3,10,2,7,3.06995796765,3.19113344731,-0.121175479662
51,3,10,2,7,3.10690362181,3.29252022786,-0.185616606045
52,3,10,2,7,3.12164840526,3.17277362683,-0.0511252215705
53,3,10,2,7,2.64875034956,2.72370858585,-0.0749582362873
54,3,10,2,7,3.36785643869,3.54285769786,-0.175001259163
55,3,10,2,7,3.85652425017,4.07420657743,-0.217682327258
56,3,10,2,7,3.55424539403,3.66225108564,-0.108005691617
57,3,10,2,7,3.40835516612,3.53012133648,-0.121766170363
58,3,10,2,7,3.50773077651,3.61470683083,-0.106976054326
59,3,10,2,7,3.81554030633,4.04421047188,-0.228670165549
60,3,10,2,7,3.89003654492,4.12909716468,-0.239060619756
61,3,10,2,7,3.2812720248,3.48481336408,-0.203541339276
62,3,10,2,7,2.88356965271,3.02295485791,-0.139385205201
63,3,10,2,7,2.65256272521,2.82190043286,-0.169337707647
64,3,10,2,7,3.06293863391,3.20288372962,-0.139945095703
65,3,10,2,7,2.91007369532,3.05095815042,-0.140884455102
66,3,10,2,7,3.19794325942,3.32969732422,-0.131754064792
67,3,10,2,7,2.85806259077,3.0154153472,-0.157352756424
68,3,10,2,7,3.28157390543,3.4052444011,-0.123670495672
69,3,10,2,7,3.32256394682,3.4589774253,-0.13641347848
70,3,10,2,7,3.24483298813,3.2900908994,-0.0452579112717
71,3,10,2,7,3.70951115098,3.91665798809,-0.207146837111
72,3,10,2,7,3.43828672842,3.56576014358,-0.127473415158
73,3,10,2,7,3.29938649465,3.39895359912,-0.099567104466
74,3,10,2,7,2.94693042539,3.10871303323,-0.161782607833
75,3,10,2,7,2.73868807839,2.83662084825,-0.0979327698627
76,3,10,2,7,3.25714935235,3.41640442694,-0.159255074583
77,3,10,2,7,3.21642517035,3.3793416648,-0.162916494442
78,3,10,2,7,2.56619336318,2.73797709938,-0.1717837362
79,3,10,2,7,3.62225656453,3.82292150654,-0.200664942018
80,3,10,2,7,4.35796453699,4.62293149675,-0.264966959763
81,3,10,2,7,3.79718887966,3.9721214458,-0.174932566138
82,3,10,2,7,2.76856246091,2.80676025538,-0.038197794465
83,3,10,2,7,3.35672025525,3.56777711529,-0.211056860041
84,3,10,2,7,3.63380107946,3.81900159689,-0.185200517429
85,3,10,2,7,3.38021788339,3.55144504045,-0.171227157061
86,3,10,2,7,3.43514844981,3.55263899445,-0.117490544641
87,3,10,2,7,3.63483634462,3.84144498011,-0.20660863549
88,3,10,2,7,3.25045270599,3.42496330421,-0.174510598218
89,3,10,2,7,3.18396497029,3.30275977912,-0.118794808832
90,3,10,2,7,3.26831195826,3.47257680279,-0.20426484453
91,3,10,2,7,3.00703838754,3.1190481971,-0.112009809554
92,3,10,2,7,3.55952617112,3.77974329372,-0.220217122606
93,3,10,2,7,2.87989805001,3.05842507448,-0.178527024476
94,3,10,2,7,3.01625261079,3.10629957622,-0.090046965424
95,3,10,2,7,3.15852425135,3.33625560913,-0.177731357776
96,3,10,2,7,3.29894547753,3.51396360424,-0.215018126713
97,3,10,2,7,3.32077014999,3.48987199775,-0.169101847758
98,3,10,2,7,3.22330270135,3.35369801142,-0.130395310065
99,3,10,2,7,2.76555511484,2.82261875801,-0.0570636431759
100,3,10,2,7,3.62686976075,3.79291252441,-0.166042763668
101,3,10,2,7,3.00583304129,3.11217114942,-0.106338108124
102,3,10,2,7,3.14333301849,3.28774887636,-0.144415857864
103,3,10,2,7,2.64366849336,2.69663944533,-0.0529709519673
104,3,10,2,7,3.06161090851,3.18869263666,-0.127081728154
105,3,10,2,7,3.05110513251,3.14762415732,-0.096519024811
106,3,10,2,7,3.53665311805,3.72865723365,-0.192004115595
107,3,10,2,7,3.50324545183,3.70170027687,-0.19845482505
108,3,10,2,7,2.9954294329,3.12094136178,-0.12551192888
109,3,10,2,7,2.97017825434,3.1149500645,-0.144771810159
110,3,10,2,7,3.57995192459,3.80231824762,-0.222366323037
111,3,10,2,7,3.12187955035,3.24538780626,-0.123508255903
112,3,10,2,7,3.7904870295,3.99925874596,-0.20877171646
113,3,10,2,7,3.20456189508,3.36465526549,-0.160093370415
114,3,10,2,7,3.59551075545,3.73534182982,-0.139831074369
115,3,10,2,7,2.93658541086,3.0423817893,-0.105796378438
116,3,10,2,7,3.51907796216,3.64940814051,-0.130330178356
117,3,10,2,7,3.41004261702,3.53927708857,-0.12923447155
118,3,10,2,7,3.0218728209,3.19670998161,-0.174837160701
119,3,10,2,7,3.590557936,3.82016037286,-0.229602436862
120,3,10,2,7,3.01158099432,3.17681054685,-0.165229552528
121,3,10,2,7,3.29487045117,3.3816115992,-0.0867411480251
122,3,10,2,7,3.03998152759,3.18154164782,-0.141560120234
123,3,10,2,7,2.89083951678,3.09805903527,-0.207219518486
124,3,10,2,7,3.00030030064,3.16824030706,-0.167940006424
125,3,10,2,7,3.24426641193,3.36983035953,-0.125563947595
126,3,10,2,7,3.22804345372,3.37826312816,-0.150219674443
127,3,10,2,7,3.07352441103,3.22416821161,-0.150643800587
128,3,10,2,7,2.90564260261,3.11219948127,-0.206556878663
129,3,10,2,7,3.84133304522,4.05984615291,-0.218513107694
130,3,10,2,7,2.86791067046,3.05166604301,-0.183755372552
131,3,10,2,7,3.47059855496,3.63219956442,-0.16160100946
132,3,10,2,7,3.242841142,3.41179723467,-0.168956092671
133,3,10,2,7,3.71642083518,3.76736373244,-0.050942897258
134,3,10,2,7,3.63299871074,3.81113565991,-0.178136949174
135,3,10,2,7,3.52634798403,3.70848625408,-0.182138270056
136,3,10,2,7,3.25682553504,3.42733979874,-0.170514263695
137,3,10,2,7,3.11278215263,3.24284202349,-0.130059870866
138,3,10,2,7,3.34069901253,3.49365561317,-0.152956600641
139,3,10,2,7,2.88435806351,2.99225405291,-0.107895989402
140,3,10,2,7,2.92917864324,3.13080952189,-0.201630878652
141,3,10,2,7,3.34817406098,3.50266161998,-0.154487559003
142,3,10,2,7,2.93553767422,3.11690279297,-0.181365118756
143,3,10,2,7,2.82700171962,3.00006903448,-0.17306731486
144,3,10,2,7,2.79468291623,2.94923458893,-0.154551672702
145,3,10,2,7,3.29690067863,3.43370353935,-0.136802860716
146,3,10,2,7,2.69425869407,2.87276284941,-0.178504155339
147,3,10,2,7,3.0619255401,3.20095484061,-0.139029300512
148,3,10,2,7,2.7521718252,2.92117406139,-0.169002236192
149,3,10,2,7,2.85598401175,3.04649579587,-0.190511784115
150,3,10,2,7,3.15232707514,3.27763710934,-0.125310034205
151,3,10,2,7,2.9296373644,3.10027801109,-0.170640646694
152,3,10,2,7,3.53659211445,3.66584422144,-0.129252106984
153,3,10,2,7,2.93616398059,2.97434999547,-0.038186014883
154,3,10,2,7,3.4928880015,3.68460193282,-0.191713931313
155,3,10,2,7,4.0386972103,4.23699149602,-0.198294285723
156,3,10,2,7,3.07953768487,3.20738127511,-0.127843590232
157,3,10,2,7,3.09363187037,3.20348846434,-0.109856593968
158,3,10,2,7,3.44096715398,3.57725722609,-0.136290072111
159,3,10,2,7,2.67524738424,2.80607529507,-0.130827910826
160,3,10,2,7,3.18191307577,3.34974961191,-0.167836536136
161,3,10,2,7,2.68503490483,2.78236428499,-0.0973293801647
162,3,10,2,7,3.0823324762,3.28769206539,-0.205359589188
163,3,10,2,7,3.62454714995,3.90189522863,-0.277348078677
164,3,10,2,7,3.29276664902,3.49002117794,-0.197254528927
165,3,10,2,7,3.20629563571,3.44011852089,-0.233822885179
166,3,10,2,7,3.00435874115,3.1033891468,-0.0990304056488
167,3,10,2,7,2.75854134656,2.83504933161,-0.0765079850446
168,3,10,2,7,3.66899421928,3.79747007113,-0.128475851844
169,3,10,2,7,3.50262253527,3.77862041301,-0.275997877732
170,3,10,2,7,3.70379888542,3.89769109576,-0.193892210341
171,3,10,2,7,3.39209066734,3.63325227503,-0.241161607696
172,3,10,2,7,3.68376042958,3.89494653649,-0.211186106912
173,3,10,2,7,3.41925435551,3.51169257665,-0.0924382211462
174,3,10,2,7,2.4182699068,2.55476191255,-0.136492005752
175,3,10,2,7,2.87142223344,3.04478783966,-0.173365606226
176,3,10,2,7,2.9477009027,3.11864580613,-0.170944903437
177,3,10,2,7,3.14512215829,3.24489395803,-0.0997717997367
178,3,10,2,7,3.18260802462,3.37328612071,-0.190678096093
179,3,10,2,7,2.93263220551,3.04943476182,-0.116802556314
180,3,10,2,7,3.00506656206,3.11523861905,-0.110172056988
181,3,10,2,7,3.91758812694,4.10197521235,-0.18438708541
182,3,10,2,7,2.79899418835,2.96341191431,-0.164417725957
183,3,10,2,7,3.29704303505,3.49167966145,-0.194636626402
184,3,10,2,7,3.5095779586,3.7317078208,-0.222129862204
185,3,10,2,7,2.84543212952,3.00066140526,-0.155229275732
186,3,10,2,7,4.17007828603,4.41679271544,-0.246714429404
187,3,10,2,7,2.86728144,2.93906179533,-0.0717803553247
188,3,10,2,7,3.07820153668,3.24852348535,-0.170321948675
189,3,10,2,7,3.5606195445,3.69032673501,-0.129707190508
190,3,10,2,7,3.47603179254,3.62356766777,-0.147535875232
191,3,10,2,7,3.40292691129,3.51267123511,-0.109744323824
192,3,10,2,7,3.16215165156,3.34654096756,-0.184389315997
193,3,10,2,7,3.66346917279,3.84420812001,-0.180738947224
194,3,10,2,7,3.8400993955,4.03855854707,-0.198459151572
195,3,10,2,7,2.53674803434,2.72244586645,-0.185697832115
196,3,10,2,7,3.18682797096,3.35029378892,-0.163465817966
197,3,10,2,7,2.72193541866,2.88656067272,-0.164625254055
198,3,10,2,7,2.99264332358,3.12921920122,-0.136575877632
199,3,10,2,7,3.17578628756,3.36782902566,-0.192042738093
200,3,10,2,7,3.3279050643,3.52065610857,-0.192751044273
201,3,10,2,7,3.3328626136,3.53759679975,-0.204734186146
202,3,10,2,7,3.40205126254,3.55804268729,-0.15599142475
203,3,10,2,7,2.90388432265,3.05707424627,-0.153189923613
204,3,10,2,7,3.33918367994,3.47049128586,-0.131307605912
205,3,10,2,7,2.75231337577,2.9668616532,-0.21454827743
206,3,10,2,7,3.3477556413,3.51151955837,-0.163763917071
207,3,10,2,7,2.93315005181,3.09328587184,-0.160135820024
208,3,10,2,7,3.5069160734,3.67172233678,-0.164806263379
209,3,10,2,7,2.60209917178,2.79453767771,-0.192438505935
210,3,10,2,7,3.06013603838,3.21190780646,-0.151771768073
211,3,10,2,7,3.07886642083,3.22995470834,-0.151088287519
212,3,10,2,7,3.56818869444,3.71650336423,-0.148314669787
213,3,10,2,7,3.34880688968,3.49341390196,-0.144607012285
214,3,10,2,7,3.54976078285,3.71535158318,-0.165590800334
215,3,10,2,7,3.29142515938,3.4808972351,-0.189472075717
216,3,10,2,7,3.18256560123,3.25699463964,-0.0744290384156
217,3,10,2,7,3.05713131059,3.15475910373,-0.0976277931422
218,3,10,2,7,2.80217608377,2.9063560173,-0.104179933534
219,3,10,2,7,3.80015238182,3.93622343701,-0.136071055191
220,3,10,2,7,2.65866315999,2.72593782198,-0.0672746619825
221,3,10,2,7,2.93262493273,3.10735813837,-0.174733205639
222,3,10,2,7,3.0859684223,3.2194998149,-0.1335313926
223,3,10,2,7,3.01448419549,3.20504460435,-0.190560408859
224,3,10,2,7,3.66376695169,3.92388892299,-0.2601219713
225,3,10,2,7,3.46307592598,3.62403941311,-0.160963487126
226,3,10,2,7,2.76471029219,2.91725045306,-0.152540160864
227,3,10,2,7,3.58384457452,3.7666512151,-0.182806640574
228,3,10,2,7,3.36048989419,3.52555484341,-0.16506494922
229,3,10,2,7,3.06348598034,3.17782835109,-0.114342370756
230,3,10,2,7,3.58111990609,3.75753112668,-0.176411220597
231,3,10,2,7,3.7641981414,3.94930385227,-0.185105710864
232,3,10,2,7,2.83435696755,2.95737977517,-0.12302280762
233,3,10,2,7,2.98788938628,3.14316666462,-0.155277278342
234,3,10,2,7,3.49612347181,3.68609590861,-0.189972436797
235,3,10,2,7,3.05934895801,3.1943951234,-0.135046165395
236,3,10,2,7,3.67368280475,3.81684020771,-0.14315740296
237,3,10,2,7,3.28675278771,3.45519771372,-0.168444926008
238,3,10,2,7,3.51047131196,3.71632159104,-0.205850279085
239,3,10,2,7,2.95051694634,3.145393528,-0.194876581658
240,3,10,2,7,2.73026879418,2.80018004875,-0.0699112545717
241,3,10,2,7,3.09461647911,3.24713605065,-0.152519571545
242,3,10,2,7,2.8129239662,3.02261613389,-0.209692167686
243,3,10,2,7,3.40798687194,3.59112056662,-0.183133694676
244,3,10,2,7,3.43119338831,3.53534145594,-0.104148067627
245,3,10,2,7,3.43929759223,3.6842896562,-0.244992063968
246,3,10,2,7,3.3328626136,3.53759679975,-0.204734186146
247,3,10,2,7,3.04073568643,3.17769954542,-0.136963858989
248,3,10,2,7,3.07825174881,3.24276753527,-0.164515786465
249,3,10,2,7,3.13723888555,3.28897978787,-0.151740902321
250,3,10,2,7,2.84061589995,3.01596864616,-0.175352746207
251,3,10,2,7,3.34453230105,3.49994186805,-0.155409566995
252,3,10,2,7,3.11009854874,3.24607446649,-0.135975917757
253,3,10,2,7,2.65665751971,2.75060336495,-0.0939458452383
254,3,10,2,7,3.59014261266,3.75117557027,-0.161032957613
255,3,10,2,7,3.59977565075,3.75699636415,-0.157220713402
256,3,10,2,7,3.51420861961,3.613220746,-0.0990121263883
257,3,10,2,7,2.82291953117,2.87412435802,-0.0512048268571
258,3,10,2,7,2.53883479559,2.69539310648,-0.156558310884
259,3,10,2,7,3.23573508442,3.37345531623,-0.137720231801
260,3,10,2,7,3.13592695731,3.2734598518,-0.137532894492
261,3,10,2,7,2.96754045214,3.11402933123,-0.146488879087
262,3,10,2,7,3.06013603838,3.21190780646,-0.151771768073
263,3,10,2,7,3.64947972912,3.87629755544,-0.226817826316
264,3,10,2,7,3.64292254107,3.77769802922,-0.13477548815
265,3,10,2,7,2.49369175052,2.66088330029,-0.167191549768
266,3,10,2,7,3.29904171124,3.50211466144,-0.203072950197
267,3,10,2,7,3.41755898939,3.59438801622,-0.176829026838
268,3,10,2,7,2.89355411739,3.04435637994,-0.150802262544
269,3,10,2,7,3.21373317807,3.37353388141,-0.159800703348
270,3,10,2,7,2.89204241547,3.02515343338,-0.133111017915
271,3,10,2,7,3.37807814809,3.53574608509,-0.157667936999
272,3,10,2,7,2.59673442971,2.74558202654,-0.148847596831
273,3,10,2,7,2.81574067969,2.9555471849,-0.139806505212
274,3,10,2,7,3.35915085207,3.50146257665,-0.142311724584
275,3,10,2,7,3.0639706814,3.18510877012,-0.121138088721
276,3,10,2,7,3.64983071818,3.76572198523,-0.115891267051
277,3,10,2,7,3.35721599704,3.52926900055,-0.172053003508
278,3,10,2,7,3.45509168145,3.60701246989,-0.151920788449
279,3,10,2,7,2.85806259077,3.0154153472,-0.157352756424
280,3,10,2,7,3.46917369252,3.60544896831,-0.13627527579
281,3,10,2,7,3.64888897484,3.78194163577,-0.133052660922
282,3,10,2,7,3.18386187089,3.36269341258,-0.178831541689
283,3,10,2,7,3.2870431125,3.49520265373,-0.208159541228
284,3,10,2,7,3.44361328807,3.58832185166,-0.144708563587
285,3,10,2,7,2.70531425431,2.82508550095,-0.119771246639
286,3,10,2,7,3.16155688066,3.323794995,-0.162238114342
287,3,10,2,7,3.17624776269,3.27976609939,-0.103518336701
288,3,10,2,7,3.3072767033,3.51429067465,-0.207013971346
289,3,10,2,7,3.46454085592,3.51499181597,-0.0504509600563
290,3,10,2,7,3.0639706814,3.18510877012,-0.121138088721
291,3,10,2,7,3.62049334142,3.77691744506,-0.156424103642
292,3,10,2,7,3.52519605054,3.70884476329,-0.183648712745
293,3,10,2,7,3.36881621677,3.5402770081,-0.171460791331
294,3,10,2,7,3.05787799235,3.21543806684,-0.157560074491
295,3,10,2,7,3.20884343665,3.38312716982,-0.174283733166
296,3,10,2,7,2.8288790522,2.95713456695,-0.128255514751
297,3,10,2,7,2.90920968322,3.05046872544,-0.141259042214
298,3,10,2,7,3.28970303996,3.41455190819,-0.124848868226
299,3,10,2,7,3.14082421864,3.28245976736,-0.141635548726
300,3,10,2,7,3.31682446313,3.45115107189,-0.134326608765
301,3,10,2,7,3.09200108919,3.25366324858,-0.161662159392
302,3,10,2,7,3.43871509344,3.64684255539,-0.208127461946
303,3,10,2,7,3.32662656715,3.48934042435,-0.162713857194
304,3,10,2,7,3.39384443538,3.59478648995,-0.200942054566
305,3,10,2,7,3.43808766032,3.56460860178,-0.126520941462
306,3,10,2,7,3.18789556337,3.34837497672,-0.160479413351
307,3,10,2,7,3.28597890138,3.46905943051,-0.18308052913
308,3,10,2,7,2.73366936483,2.95007804657,-0.216408681734
309,3,10,2,7,3.038350345,3.23397952462,-0.195629179625
310,3,10,2,7,3.11206699734,3.27829404438,-0.166227047042
311,3,10,2,7,3.48945447177,3.65241066318,-0.162956191416
312,3,10,2,7,2.81024885308,2.97002127786,-0.159772424782
313,3,10,2,7,2.98706036393,3.16882202416,-0.18176166023
314,3,10,2,7,3.14743555775,3.38950249995,-0.242066942196
315,3,10,2,7,3.31959129606,3.47603002675,-0.156438730682
316,3,10,2,7,2.94794679015,3.03979366109,-0.0918468709381
317,3,10,2,7,3.76201728095,4.03741149138,-0.275394210433
318,3,10,2,7,2.61138927164,2.67974341864,-0.0683541470059
319,3,10,2,7,3.06682661438,3.2495691514,-0.182742537021
320,3,10,2,7,3.59771541117,3.7258617664,-0.128146355226
321,3,10,2,7,3.24514230469,3.38336177658,-0.138219471886
322,3,10,2,7,3.1739403906,3.29560210297,-0.12166171237
323,3,10,2,7,3.40111233339,3.59056709476,-0.189454761363
324,3,10,2,7,2.58491256801,2.77911398875,-0.194201420739
325,3,10,2,7,3.0080084336,3.12850769955,-0.120499265951
326,3,10,2,7,3.6699258524,3.80334306098,-0.133417208584
327,3,10,2,7,3.00477743829,3.16424707483,-0.159469636538
328,3,10,2,7,2.87870227651,3.02955638458,-0.150854108069
329,3,10,2,7,3.56964972786,3.7445290167,-0.174879288836
330,3,10,2,7,3.23611820538,3.35887705356,-0.122758848182
331,3,10,2,7,2.92081418701,3.06269988467,-0.141885697667
332,3,10,2,7,3.42909881014,3.58009080626,-0.150991996114
333,3,10,2,7,3.96853847412,4.20172474972,-0.233186275604
334,3,10,2,7,3.51878094106,3.62989333825,-0.111112397188
335,3,10,2,7,3.30439681742,3.40294788575,-0.0985510683368
336,3,10,2,7,2.69077165161,2.67923438231,0.0115372693046
337,3,10,2,7,3.15636060288,3.28946183509,-0.133101232209
338,3,10,2,7,3.69635859762,3.8598911388,-0.163532541179
339,3,10,2,7,3.64221138628,3.81368607355,-0.171474687273
340,3,10,2,7,3.05392090343,3.23948002498,-0.185559121557
341,3,10,2,7,2.90395755814,3.06873011768,-0.16477255954
342,3,10,2,7,3.70548895732,3.8485334572,-0.143044499875
343,3,10,2,7,2.97042873971,3.17986703944,-0.209438299736
344,3,10,2,7,3.40934701575,3.51239873862,-0.103051722866
345,3,10,2,7,3.35350420223,3.58612506309,-0.232620860859
346,3,10,2,7,2.50879082681,2.69572608575,-0.18693525894
347,3,10,2,7,2.96838239428,3.14635632717,-0.177973932894
348,3,10,2,7,3.4532873541,3.5808302392,-0.127542885102
349,3,10,2,7,2.98682064075,3.19213185768,-0.205311216931
350,3,10,2,7,3.3755111926,3.54178075567,-0.166269563062
351,3,10,2,7,2.885896607,2.93582548971,-0.0499288827092
352,3,10,2,7,3.54971567753,3.72858284692,-0.178867169386
353,3,10,2,7,3.80903221822,3.99640802381,-0.187375805592
354,3,10,2,7,3.47851520931,3.66691115375,-0.188395944447
355,3,10,2,7,3.47426218059,3.65218662975,-0.17792444916
356,3,10,2,7,3.18135031685,3.33683340258,-0.155483085732
357,3,10,2,7,3.47267106157,3.609988165,-0.137317103434
358,3,10,2,7,3.24247771519,3.44702729446,-0.204549579273
359,3,10,2,7,3.3737507831,3.53725109224,-0.163500309142
360,3,10,2,7,3.14588334087,3.31948071628,-0.173597375408
361,3,10,2,7,2.84514707625,2.95420678772,-0.109059711469
362,3,10,2,7,3.34946054695,3.50785936743,-0.158398820479
363,3,10,2,7,2.50788545971,2.64370936061,-0.135823900898
364,3,10,2,7,3.48377420445,3.63582674034,-0.15205253588
365,3,10,2,7,2.9315010079,3.0500612357,-0.118560227799
366,3,10,2,7,3.21361360348,3.43803526614,-0.224421662652
367,3,10,2,7,3.14588334087,3.31948071628,-0.173597375408
368,3,10,2,7,3.27781136957,3.38539777082,-0.107586401253
369,3,10,2,7,2.67450515796,2.84485736482,-0.170352206863
370,3,10,2,7,4.00951550283,4.29704208676,-0.287526583932
371,3,10,2,7,2.90332524896,3.04786165198,-0.144536403017
372,3,10,2,7,3.23959907418,3.40854421277,-0.168945138593
373,3,10,2,7,2.62478262799,2.74535310084,-0.120570472849
374,3,10,2,7,3.35765797163,3.51642441055,-0.158766438921
375,3,10,2,7,2.83617992568,2.83079094753,0.00538897815173
376,3,10,2,7,4.02313409121,4.24644842988,-0.22331433867
377,3,10,2,7,4.11334999489,4.33148227937,-0.218132284482
378,3,10,2,7,2.51088331878,2.7057614728,-0.194878154024
379,3,10,2,7,3.22447460858,3.36477283923,-0.140298230655
380,3,10,2,7,3.47486157668,3.65906190113,-0.184200324452
381,3,10,2,7,3.07870006714,3.18001189297,-0.101311825828
382,3,10,2,7,3.81934367041,3.96947635213,-0.150132681722
383,3,10,2,7,2.98284170207,3.13673593794,-0.153894235866
384,3,10,2,7,3.29727692903,3.3885038333,-0.0912269042676
385,3,10,2,7,3.21927775176,3.34852336432,-0.129245612563
386,3,10,2,7,3.48626092746,3.7161072517,-0.229846324234
387,3,10,2,7,3.18414776708,3.4034694022,-0.219321635122
388,3,10,2,7,3.29809649751,3.45931329261,-0.161216795096
389,3,10,2,7,3.72850721227,3.96428697172,-0.235779759449
390,3,10,2,7,3.40665860254,3.49962883397,-0.0929702314307
391,3,10,2,7,2.75750929907,2.8528242911,-0.0953149920263
392,3,10,2,7,3.45289952982,3.65384066208,-0.200941132264
393,3,10,2,7,3.50449105681,3.67472239622,-0.170231339414
394,3,10,2,7,2.90215962761,3.05804957143,-0.155889943823
395,3,10,2,7,3.35967098694,3.53965888735,-0.179987900412
396,3,10,2,7,3.21151233151,3.41995264897,-0.208440317452
397,3,10,2,7,2.85140751628,2.96432443658,-0.112916920306
398,3,10,2,7,2.6514625847,2.84942747792,-0.19796489322
399,3,10,2,7,3.13903998615,3.26651435281,-0.127474366663
400,3,10,2,7,3.32962583647,3.45521286854,-0.125587032079
401,3,10,2,7,3.0639706814,3.18510877012,-0.121138088721
402,3,10,2,7,2.93657130583,3.06933754567,-0.13276623984
403,3,10,2,7,3.57161572169,3.71496477811,-0.143349056419
404,3,10,2,7,3.33157674427,3.47431706824,-0.14274032397
405,3,10,2,7,3.28584073127,3.47603079931,-0.190190068038
406,3,10,2,7,3.27133681831,3.42097273994,-0.149635921627
407,3,10,2,7,3.13921463503,3.21920395492,-0.0799893198883
408,3,10,2,7,3.32860142339,3.4433012619,-0.114699838516
409,3,10,2,7,2.81509007058,2.89832399307,-0.083233922489
410,3,10,2,7,3.18847065173,3.36158697393,-0.173116322201
411,3,10,2,7,3.27768021113,3.47325352675,-0.195573315614
412,3,10,2,7,3.4505787411,3.59163845169,-0.141059710593
413,3,10,2,7,3.00484881018,3.19388205193,-0.189033241756
414,3,10,2,7,3.52512646836,3.71181396909,-0.186687500728
415,3,10,2,7,3.13648892871,3.29491490405,-0.158425975335
416,3,10,2,7,3.05293821457,3.13209575841,-0.0791575438442
417,3,10,2,7,3.28445540472,3.44185861387,-0.157403209153
418,3,10,2,7,3.2977090708,3.38404749087,-0.0863384200701
419,3,10,2,7,3.07259403644,3.23929712257,-0.166703086126
420,3,10,2,7,3.58836624541,3.73529730419,-0.146931058783
421,3,10,2,7,3.27024481298,3.41613102678,-0.145886213806
422,3,10,2,7,3.57891701687,3.75050461982,-0.171587602949
423,3,10,2,7,2.96754045214,3.11402933123,-0.146488879087
424,3,10,2,7,3.19547484431,3.36658864638,-0.171113802069
425,3,10,2,7,3.58351696868,3.81567023525,-0.232153266569
426,3,10,2,7,3.64694163488,3.84928101466,-0.202339379773
427,3,10,2,7,3.04526736588,3.17500056113,-0.12973319525
428,3,10,2,7,3.26842355227,3.41707804253,-0.148654490258
429,3,10,2,7,3.78513995936,3.94654090905,-0.16140094969
430,3,10,2,7,3.3737507831,3.53725109224,-0.163500309142
431,3,10,2,7,3.6643150782,3.85546522154,-0.191150143336
432,3,10,2,7,3.65474714206,3.83296529326,-0.178218151197
433,3,10,2,7,3.55197502338,3.75927751215,-0.207302488769
434,3,10,2,7,2.6100714089,2.80430458841,-0.194233179512
435,3,10,2,7,3.25707005745,3.4548817167,-0.197811659248
436,3,10,2,7,2.67524738424,2.80607529507,-0.130827910826
437,3,10,2,7,2.99828915307,3.08218248806,-0.083893334991
438,3,10,2,7,4.06720736268,4.2923445855,-0.225137222823
439,3,10,2,7,3.58991578625,3.82391514593,-0.233999359685
440,3,10,2,7,3.82954096241,3.9963456366,-0.166804674186
441,3,10,2,7,3.00576613671,3.08640911568,-0.0806429789755
442,3,10,2,7,2.92759598423,3.0235553216,-0.0959593373746
443,3,10,2,7,3.17624776269,3.27976609939,-0.103518336701
444,3,10,2,7,3.02858481605,3.20037371037,-0.171788894318
445,3,10,2,7,3.33087190383,3.4759516623,-0.145079758472
446,3,10,2,7,3.03813827926,3.2062317743,-0.16809349504
447,3,10,2,7,3.03849203535,3.11732622754,-0.0788341921947
448,3,10,2,7,3.82737646601,4.03078144066,-0.203404974648
449,3,10,2,7,3.65342175498,3.82325966163,-0.169837906642
450,3,10,2,7,2.87989805001,3.05842507448,-0.178527024476
451,3,10,2,7,3.57510558553,3.81256345534,-0.237457869811
452,3,10,2,7,3.58991578625,3.82391514593,-0.233999359685
453,3,10,2,7,3.553230407,3.74357118939,-0.190340782391
454,3,10,2,7,3.35917254723,3.54788747945,-0.188714932222
455,3,10,2,7,3.2575087651,3.38124247526,-0.123733710155
456,3,10,2,7,2.66420049202,2.75085054088,-0.0866500488571
457,3,10,2,7,3.04593787318,3.15312639219,-0.107188519008
458,3,10,2,7,3.50597038972,3.68800985196,-0.182039462245
459,3,10,2,7,3.47150272011,3.60930483734,-0.137802117237
460,3,10,2,7,3.26364273375,3.44091808547,-0.177275351718
461,3,10,2,7,4.00953803486,4.25392276853,-0.244384733668
462,3,10,2,7,3.10931810689,3.20145802387,-0.0921399169707
463,3,10,2,7,3.40235718307,3.57809519791,-0.175738014835
464,3,10,2,7,3.7256698359,3.96775541431,-0.242085578407
465,3,10,2,7,3.17411723193,3.31742463342,-0.143307401491
466,3,10,2,7,3.50773107361,3.61864891711,-0.110917843498
467,3,10,2,7,3.44012975378,3.66447918598,-0.224349432195
468,3,10,2,7,3.08158603307,3.27778274651,-0.196196713445
469,3,10,2,7,3.81291229189,3.99014590166,-0.177233609764
470,3,10,2,7,3.25910918647,3.43975936688,-0.180650180406
471,3,10,2,7,2.76244224272,2.88709914935,-0.124656906633
472,3,10,2,7,2.90509260943,3.05711739984,-0.152024790403
473,3,10,2,7,3.0019209063,3.13780487079,-0.135883964493
474,3,10,2,7,3.30927850145,3.52652924996,-0.217250748501
475,3,10,2,7,3.56609121472,3.73131653037,-0.165225315644
476,3,10,2,7,2.96236358343,3.06218703798,-0.0998234545447
477,3,10,2,7,2.90027116623,2.99350437929,-0.0932332130595
478,3,10,2,7,3.42141839524,3.62506115682,-0.203642761582
479,3,10,2,7,3.35503709776,3.57909856874,-0.224061470984
480,3,10,2,7,2.93203681845,3.05022116907,-0.118184350627
481,3,10,2,7,2.98044432863,3.14354905141,-0.163104722787
482,3,10,2,7,2.88485437089,2.96329057602,-0.0784362051361
483,3,10,2,7,3.028442963,3.17728870398,-0.148845740975
484,3,10,2,7,3.05909816913,3.18530990338,-0.126211734246
485,3,10,2,7,3.25262718174,3.33405311781,-0.0814259360754
486,3,10,2,7,3.39397340035,3.54235457019,-0.148381169841
487,3,10,2,7,3.76343197733,3.96249950016,-0.199067522826
488,3,10,2,7,3.05656370528,3.16986794555,-0.11330424027
489,3,10,2,7,2.90605850003,3.04048186083,-0.134423360792
490,3,10,2,7,3.2411216215,3.46775738522,-0.226635763723
491,3,10,2,7,3.90342958,4.11171183636,-0.208282256358
492,3,10,2,7,3.08325812898,3.17167255734,-0.0884144283651
493,3,10,2,7,3.17578628756,3.36782902566,-0.192042738093
494,3,10,2,7,3.09537781852,3.28797113919,-0.192593320669
495,3,10,2,7,3.72466489211,3.92959447234,-0.204929580227
496,3,10,2,7,3.5188484672,3.72300347589,-0.204155008688
497,3,10,2,7,2.9615842595,3.12692682511,-0.165342565617
498,3,10,2,7,3.21279133793,3.34613246574,-0.133341127809
499,3,10,2,7,3.54607539522,3.67824516729,-0.132169772074
500,3,10,2,7,2.66723377858,2.82333437983,-0.156100601251
501,3,10,2,7,3.07811302195,3.2184087499,-0.140295727951
502,3,10,2,7,3.42009785635,3.60175157178,-0.181653715432
503,3,10,2,7,3.6479353014,3.87345645651,-0.225521155108
504,3,10,2,7,2.53779323615,2.71333189048,-0.175538654336
505,3,10,2,7,2.47833646023,2.6375475422,-0.159211081977
506,3,10,2,7,3.03413041328,3.16106071993,-0.12693030665
507,3,10,2,7,2.64110870797,2.78931242695,-0.148203718974
508,3,10,2,7,3.11911204562,3.26668527077,-0.147573225143
509,3,10,2,7,4.02636734153,4.24441830948,-0.218050967952
510,3,10,2,7,3.19467678378,3.34133829097,-0.146661507197
511,3,10,2,7,3.22220797957,3.43518872628,-0.212980746709
512,3,10,2,7,3.2151885615,3.30363458803,-0.0884460265302
513,3,10,2,7,3.21175443152,3.33481657826,-0.12306214674
514,3,10,2,7,3.83743456057,4.02365868991,-0.186224129346
515,3,10,2,7,3.32900445253,3.51438635192,-0.18538189939
516,3,10,2,7,3.22330270135,3.35369801142,-0.130395310065
517,3,10,2,7,3.06950072307,3.22370992922,-0.154209206152
518,3,10,2,7,3.27359809866,3.44944687551,-0.175848776844
519,3,10,2,7,4.07357341242,4.34524567521,-0.27167226279
520,3,10,2,7,2.57392373211,2.66835409598,-0.0944303638613
521,3,10,2,7,3.51894375803,3.69138937178,-0.172445613752
522,3,10,2,7,2.96619646126,3.11619353015,-0.149997068892
523,3,10,2,7,3.47515553395,3.63680039999,-0.161644866042
524,3,10,2,7,2.98910662536,3.07125848438,-0.082151859015
525,3,10,2,7,2.9337069369,3.14491340907,-0.211206472174
526,3,10,2,7,3.61930701293,3.8157001745,-0.196393161572
527,3,10,2,7,3.66559016602,3.8124201515,-0.146829985473
528,3,10,2,7,3.04705129778,3.18117898922,-0.134127691443
529,3,10,2,7,4.01683631468,4.19073926675,-0.17390295207
530,3,10,2,7,3.86949056418,4.04879701828,-0.179306454104
531,3,10,2,7,3.0625363232,3.19418430122,-0.13164797802
532,3,10,2,7,2.71747553355,2.8288755836,-0.111400050043
533,3,10,2,7,2.89605823757,3.02143267685,-0.125374439277
534,3,10,2,7,3.1842775513,3.38375852326,-0.199480971957
535,3,10,2,7,3.56818869444,3.71650336423,-0.148314669787
536,3,10,2,7,3.47136327831,3.64961369496,-0.178250416643
537,3,10,2,7,2.95057995743,3.0879017005,-0.137321743078
538,3,10,2,7,2.94604747586,3.07250556133,-0.126458085467
539,3,10,2,7,3.37468328638,3.5560397891,-0.181356502729
540,3,10,2,7,3.16664559356,3.27153726502,-0.104891671459
541,3,10,2,7,3.05392090343,3.23948002498,-0.185559121557
542,3,10,2,7,3.97007420422,4.20049449686,-0.230420292643
543,3,10,2,7,3.39942690621,3.56509803223,-0.165671126024
544,3,10,2,7,3.34733770738,3.49784796784,-0.150510260456
545,3,10,2,7,3.75695242195,3.94908074072,-0.192128318766
546,3,10,2,7,3.60085068411,3.68900835343,-0.0881576693191
547,3,10,2,7,3.39430306696,3.55316892795,-0.158865860993
548,3,10,2,7,3.06871898395,3.16142459379,-0.0927056098431
549,3,10,2,7,3.43828672842,3.56576014358,-0.127473415158
550,3,10,2,7,3.68115460743,3.79132353207,-0.110168924641
551,3,10,2,7,3.26626930712,3.29534967025,-0.0290803631226
552,3,10,2,7,2.82374866398,2.84416352516,-0.0204148611766
553,3,10,2,7,2.84408829119,2.99416477253,-0.150076481339
554,3,10,2,7,3.09259153899,3.22477980738,-0.132188268383
555,3,10,2,7,2.84219808446,2.97353536421,-0.131337279751
556,3,10,2,7,3.37242954027,3.56952776153,-0.197098221262
557,3,10,2,7,3.43115852142,3.58475019379,-0.15359167237
558,3,10,2,7,3.44275992339,3.60226463083,-0.159504707436
559,3,10,2,7,3.13353420003,3.235759086,-0.102224885963
560,3,10,2,7,3.78242262977,3.88634056149,-0.103917931722
561,3,10,2,7,3.48282852077,3.65211425552,-0.169285734746
562,3,10,2,7,3.85253232086,4.08286135466,-0.230329033794
563,3,10,2,7,3.83198422712,4.04397815077,-0.211993923646
564,3,10,2,7,3.06260516388,3.17401606244,-0.111410898563
565,3,10,2,7,3.05219471944,3.24075845247,-0.188563733029
566,3,10,2,7,3.74924198326,3.95876934561,-0.209527362355
567,3,10,2,7,3.46307592598,3.62403941311,-0.160963487126
568,3,10,2,7,3.35525146118,3.51035567306,-0.155104211882
569,3,10,2,7,3.57158024819,3.77279436394,-0.201214115744
570,3,10,2,7,3.40906462029,3.62711592407,-0.218051303781
571,3,10,2,7,3.05851504082,3.21877284008,-0.160257799268
572,3,10,2,7,2.91820577129,3.02119742814,-0.102991656855
573,3,10,2,7,3.55569396712,3.74946772419,-0.193773757073
574,3,10,2,7,3.02646965973,3.19855396327,-0.172084303546
575,3,10,2,7,2.51663710734,2.70557475465,-0.188937647306
576,3,10,2,7,3.07634314488,3.20750810776,-0.131164962877
577,3,10,2,7,2.77316045863,2.89306988028,-0.119909421645
578,3,10,2,7,3.16678344494,3.30262987443,-0.135846429495
579,3,10,2,7,3.74670890937,4.03287170749,-0.28616279812
580,3,10,2,7,3.40119013951,3.48468520871,-0.0834950692075
581,3,10,2,7,3.05420188891,3.26737296417,-0.213171075253
582,3,10,2,7,3.21624956907,3.30930863732,-0.0930590682503
583,3,10,2,7,3.86930730222,4.01470536972,-0.1453980675
584,3,10,2,7,3.48985779754,3.68529597703,-0.195438179499
585,3,10,2,7,3.15652987955,3.22557157011,-0.0690416905552
586,3,10,2,7,3.1767399517,3.35140406309,-0.174664111389
587,3,10,2,7,2.9337069369,3.14491340907,-0.211206472174
588,3,10,2,7,3.94826923835,4.18487376019,-0.236604521837
589,3,10,2,7,3.27121422701,3.45011260121,-0.178898374196
590,3,10,2,7,2.87478634237,3.04841534682,-0.173629004453
591,3,10,2,7,3.28675278771,3.45519771372,-0.168444926008
592,3,10,2,7,3.26443016338,3.43513591126,-0.170705747876
593,3,10,2,7,3.08141626638,3.25855922513,-0.177142958751
594,3,10,2,7,3.32844366511,3.52307587529,-0.194632210186
595,3,10,2,7,2.86749491809,3.04247499535,-0.174980077259
596,3,10,2,7,3.59721251846,3.78005411994,-0.182841601471
597,3,10,2,7,3.58708740229,3.7538783043,-0.166790902013
598,3,10,2,7,2.83318811515,2.99709703905,-0.1639089239
599,3,10,2,7,3.18405380019,3.38708965464,-0.203035854454
600,3,10,2,7,3.55261532434,3.76087034822,-0.20825502388
601,3,10,2,7,3.78266528916,3.96611293523,-0.183447646066
602,3,10,2,7,3.42240821127,3.504528176,-0.0821199647273
603,3,10,2,7,3.48064887753,3.66474029229,-0.184091414767
604,3,10,2,7,3.26572145437,3.40119081824,-0.135469363876
605,3,10,2,7,3.51325025901,3.72131196209,-0.20806170308
606,3,10,2,7,2.86257907418,3.00495888755,-0.142379813368
607,3,10,2,7,3.08194918178,3.26109828393,-0.179149102146
608,3,10,2,7,3.68260773896,3.94153274109,-0.258925002131
609,3,10,2,7,3.3321948383,3.4442237861,-0.112028947807
610,3,10,2,7,3.21651521369,3.43288765264,-0.216372438959
611,3,10,2,7,3.03508027456,3.07696627186,-0.0418859973008
612,3,10,2,7,3.27478123073,3.45853692053,-0.1837556898
613,3,10,2,7,2.81574067969,2.9555471849,-0.139806505212
614,3,10,2,7,2.62750404966,2.81167324067,-0.18416919101
615,3,10,2,7,3.26114050359,3.4410417601,-0.179901256515
616,3,10,2,7,3.38213510617,3.5796753442,-0.197540238032
617,3,10,2,7,2.97132428911,3.19040883147,-0.219084542357
618,3,10,2,7,4.13458601693,4.36022810942,-0.225642092491
619,3,10,2,7,3.06074674326,3.07955749147,-0.0188107482077
620,3,10,2,7,2.66711403851,2.86040347167,-0.193289433166
621,3,10,2,7,2.80923947855,2.88800467129,-0.0787651927344
622,3,10,2,7,3.54320637322,3.65602048656,-0.112814113341
623,3,10,2,7,3.84068346244,4.0153422005,-0.174658738062
624,3,10,2,7,3.25674776039,3.39434926357,-0.137601503182
625,3,10,2,7,3.10655747675,3.27831798329,-0.171760506536
626,3,10,2,7,3.32443492822,3.48753605731,-0.163101129086
627,3,10,2,7,3.32362806326,3.49326281405,-0.169634750782
628,3,10,2,7,3.34468750356,3.41342680474,-0.0687393011851
629,3,10,2,7,4.23820681719,4.46992241728,-0.231715600089
630,3,10,2,7,3.22514459732,3.4242692168,-0.199124619478
631,3,10,2,7,3.48985779754,3.68529597703,-0.195438179499
632,3,10,2,7,3.06862806515,3.23873972122,-0.170111656071
633,3,10,2,7,3.33868174457,3.55341698296,-0.214735238386
634,3,10,2,7,3.04413727388,3.19446414178,-0.150326867895
635,3,10,2,7,3.45146857732,3.57631279764,-0.124844220321
636,3,10,2,7,3.33824308833,3.48195798537,-0.143714897039
637,3,10,2,7,3.25714935235,3.41640442694,-0.159255074583
638,3,10,2,7,3.11025968186,3.21028639154,-0.100026709678
639,3,10,2,7,3.07779122969,3.21890993659,-0.141118706899
640,3,10,2,7,2.73949251464,2.84769722483,-0.10820471019
641,3,10,2,7,3.8415176218,4.02936631356,-0.187848691765
642,3,10,2,7,3.43628456459,3.6351264472,-0.198841882604
643,3,10,2,7,2.84543212952,3.00066140526,-0.155229275732
644,3,10,2,7,3.29525703476,3.42213345581,-0.126876421046
645,3,10,2,7,3.08460492433,3.25144111705,-0.166836192727
646,3,10,2,7,3.36200142884,3.59035128642,-0.228349857581
647,3,10,2,7,2.98126024422,3.16978728085,-0.188527036634
648,3,10,2,7,2.98861756292,3.08962419129,-0.101006628367
649,3,10,2,7,3.1850570475,3.33900001972,-0.153942972224
650,3,10,2,7,3.7153602586,3.90531214707,-0.189951888468
651,3,10,2,7,2.58818274473,2.73621304947,-0.148030304735
652,3,10,2,7,3.31099401719,3.42615796726,-0.115163950069
653,3,10,2,7,3.65121077723,3.88504439494,-0.233833617705
654,3,10,2,7,3.55569396712,3.74946772419,-0.193773757073
655,3,10,2,7,3.24128829444,3.39924031481,-0.157952020378
656,3,10,2,7,3.14469587213,3.32997970708,-0.185283834954
657,3,10,2,7,3.10865462489,3.23565212739,-0.126997502492
658,3,10,2,7,3.05556428114,3.2296003882,-0.174036107054
659,3,10,2,7,2.97171306725,3.00375936823,-0.0320463009852
660,3,10,2,7,3.12605523209,3.28875077615,-0.162695544056
661,3,10,2,7,3.45241131379,3.59591828621,-0.143506972424
662,3,10,2,7,2.8158890532,2.98738807172,-0.171499018522
663,3,10,2,7,2.89929950276,2.98136879452,-0.0820692917567
664,3,10,2,7,3.01253869941,3.16031598698,-0.147777287574
665,3,10,2,7,3.21254545048,3.42498461079,-0.212439160308
666,3,10,2,7,3.04051924557,3.14360766399,-0.103088418421
667,3,10,2,7,3.54113301301,3.7257680579,-0.18463504489
668,3,10,2,7,3.51049488914,3.62303797694,-0.112543087798
669,3,10,2,7,3.19277741678,3.39606770608,-0.203290289294
670,3,10,2,7,3.73480674349,3.94256278521,-0.207756041719
671,3,10,2,7,3.27450562628,3.36710188144,-0.0925962551605
672,3,10,2,7,3.50139561881,3.6956555058,-0.194259886995
673,3,10,2,7,3.14439769966,3.24007633676,-0.0956786370923
674,3,10,2,7,3.68327269824,3.80649125803,-0.123218559785
675,3,10,2,7,3.05319265479,3.17481004937,-0.121617394576
676,3,10,2,7,3.34817406098,3.50266161998,-0.154487559003
677,3,10,2,7,3.40378272204,3.56881763346,-0.165034911423
678,3,10,2,7,3.98380203958,4.22577477779,-0.241972738211
679,3,10,2,7,3.7921197952,3.97830093296,-0.186181137759
680,3,10,2,7,3.6039070614,3.72319341044,-0.11928634904
681,3,10,2,7,3.14458539321,3.21040230685,-0.0658169136457
682,3,10,2,7,3.35748004762,3.4176676946,-0.060187646977
683,3,10,2,7,2.85140751628,2.96432443658,-0.112916920306
684,3,10,2,7,3.2365750102,3.3440793128,-0.107504302597
685,3,10,2,7,3.26871458448,3.3356820707,-0.0669674862225
686,3,10,2,7,3.09399767024,3.23537838313,-0.141380712889
687,3,10,2,7,4.0386972103,4.23699149602,-0.198294285723
688,3,10,2,7,2.95519611576,3.05894137888,-0.103745263121
689,3,10,2,7,3.40262255478,3.621141205,-0.218518650213
690,3,10,2,7,2.64598722117,2.77631130537,-0.1303240842
691,3,10,2,7,2.87989805001,3.05842507448,-0.178527024476
692,3,10,2,7,3.04095064634,3.20427812774,-0.163327481401
693,3,10,2,7,2.75119983211,2.84806077313,-0.0968609410193
694,3,10,2,7,3.07212381386,3.21379893179,-0.141675117932
695,3,10,2,7,4.17674426451,4.43419593645,-0.257451671941
696,3,10,2,7,3.45524835975,3.58379307104,-0.128544711289
697,3,10,2,7,3.39025473556,3.49199691519,-0.101742179633
698,3,10,2,7,2.86220729298,3.00118261143,-0.138975318449
699,3,10,2,7,2.86611639671,2.95912734239,-0.0930109456803
700,3,10,2,7,3.11117143231,3.23378227355,-0.12261084124
701,3,10,2,7,4.00012057358,4.15094907852,-0.150828504941
702,3,10,2,7,3.30553199431,3.50161219028,-0.196080195966
703,3,10,2,7,2.54984199581,2.70353071355,-0.153688717737
704,3,10,2,7,3.00346745471,3.14619129163,-0.142723836913
705,3,10,2,7,3.34698367436,3.51156730597,-0.164583631607
706,3,10,2,7,2.86351780358,3.07870489826,-0.215187094689
707,3,10,2,7,3.31717485364,3.50517611477,-0.188001261132
708,3,10,2,7,3.8969545367,4.14829185584,-0.251337319138
709,3,10,2,7,3.31176602479,3.52035757772,-0.208591552931
710,3,10,2,7,3.49180977447,3.64075452837,-0.148944753908
711,3,10,2,7,2.98632755338,3.13193724261,-0.145609689236
712,3,10,2,7,3.36185080808,3.59328872544,-0.231437917361
713,3,10,2,7,3.72670128451,3.90134504464,-0.174643760125
714,3,10,2,7,3.06854676397,3.25764877805,-0.189102014077
715,3,10,2,7,3.06862806515,3.23873972122,-0.170111656071
716,3,10,2,7,3.0919681414,3.32600958053,-0.234041439129
717,3,10,2,7,2.79015249982,2.84347849826,-0.0533259984438
718,3,10,2,7,3.15275806855,3.32154567369,-0.16878760514
719,3,10,2,7,2.98170432121,3.11028983582,-0.128585514618
720,3,10,2,7,2.87443284532,3.10558538383,-0.231152538513
721,3,10,2,7,3.48894452791,3.61883565301,-0.129891125101
722,3,10,2,7,3.86805777349,4.04018846295,-0.172130689466
723,3,10,2,7,4.12872265089,4.39205324872,-0.263330597827
724,3,10,2,7,3.4935917712,3.74709812774,-0.253506356547
725,3,10,2,7,2.74328922125,2.8931322968,-0.149843075549
726,3,10,2,7,3.37468328638,3.5560397891,-0.181356502729
727,3,10,2,7,3.25536450481,3.40382304104,-0.148458536226
728,3,10,2,7,3.43514844981,3.55263899445,-0.117490544641
729,3,10,2,7,3.03746467898,3.13502039176,-0.097555712781
730,3,10,2,7,3.28889204434,3.35953641913,-0.0706443747935
731,3,10,2,7,2.99619962332,3.14440759068,-0.148207967363
732,3,10,2,7,3.25971771699,3.49353212956,-0.233814412564
733,3,10,2,7,2.78481084484,2.94793566197,-0.163124817122
734,3,10,2,7,3.38735889294,3.55508136503,-0.167722472096
735,3,10,2,7,3.47073992029,3.62822981842,-0.15748989813
736,3,10,2,7,3.19701280064,3.40363174633,-0.206618945691
737,3,10,2,7,3.25267987356,3.40145736261,-0.148777489047
738,3,10,2,7,2.89570626064,3.03623610378,-0.140529843141
739,3,10,2,7,3.99017443269,4.22237413418,-0.232199701488
740,3,10,2,7,3.38735889294,3.55508136503,-0.167722472096
741,3,10,2,7,3.09878147564,3.26524399032,-0.166462514675
742,3,10,2,7,3.42141839524,3.62506115682,-0.203642761582
743,3,10,2,7,2.68140578099,2.86772482589,-0.186319044893
744,3,10,2,7,2.74433560273,2.87511046287,-0.130774860137
745,3,10,2,7,3.69835737707,3.86972112752,-0.171363750452
746,3,10,2,7,3.18904546016,3.32217779029,-0.133132330131
747,3,10,2,7,3.25332380905,3.39278938975,-0.139465580698
748,3,10,2,7,3.22029641839,3.35598707556,-0.135690657167
749,3,10,2,7,3.00577360817,3.16161524612,-0.155841637951
750,3,10,2,7,2.77035846523,2.87156497805,-0.101206512824
751,3,10,2,7,2.54821466621,2.64977236875,-0.101557702536
752,3,10,2,7,2.8609132981,2.9103359819,-0.0494226837954
753,3,10,2,7,3.50689746003,3.73915486125,-0.232257401211
754,3,10,2,7,3.06828131569,3.28354609872,-0.215264783028
755,3,10,2,7,3.61752641183,3.81132917388,-0.193802762048
756,3,10,2,7,3.17360421078,3.31826829303,-0.144664082253
757,3,10,2,7,3.03566504349,3.15472860843,-0.119063564943
758,3,10,2,7,3.33504278994,3.34444161271,-0.00939882276749
759,3,10,2,7,3.68191130341,3.88304383994,-0.201132536529
760,3,10,2,7,2.9875558286,3.14173615928,-0.15418033068
761,3,10,2,7,2.79607150059,2.91136918517,-0.115297684579
762,3,10,2,7,3.48187907237,3.61757430456,-0.13569523219
763,3,10,2,7,3.44979447199,3.62468045615,-0.174885984165
764,3,10,2,7,3.10692317267,3.22611530338,-0.119192130711
765,3,10,2,7,2.94699713301,3.05614961121,-0.109152478203
766,3,10,2,7,3.18209943829,3.36216479497,-0.180065356672
767,3,10,2,7,3.19482310429,3.30871279271,-0.113889688429
768,3,10,2,7,2.98730177062,3.11515829378,-0.127856523163
769,3,10,2,7,3.61400048839,3.81140213124,-0.197401642845
770,3,10,2,7,3.1562536864,3.20807629488,-0.0518226084822
771,3,10,2,7,3.92709364558,4.11794341322,-0.190849767634
772,3,10,2,7,3.34481803957,3.57406517484,-0.229247135272
773,3,10,2,7,3.36222479225,3.51872223863,-0.15649744638
774,3,10,2,7,3.36303385775,3.5233831521,-0.160349294349
775,3,10,2,7,2.74959193715,2.79842363295,-0.0488316957976
776,3,10,2,7,3.19482310429,3.30871279271,-0.113889688429
777,3,10,2,7,3.26908250584,3.41362849626,-0.144545990421
778,3,10,2,7,3.70641789594,3.92370532485,-0.217287428903
779,3,10,2,7,3.22989673569,3.37269275954,-0.142796023853
780,3,10,2,7,3.17578628756,3.36782902566,-0.192042738093
781,3,10,2,7,3.56080824098,3.71843703481,-0.157628793827
782,3,10,2,7,2.98575501655,3.14402854171,-0.158273525164
783,3,10,2,7,3.22804345372,3.37826312816,-0.150219674443
784,3,10,2,7,2.96929744853,3.13059634284,-0.161298894315
785,3,10,2,7,2.99199911144,3.16421266102,-0.172213549581
786,3,10,2,7,2.98364035366,3.12298075727,-0.139340403608
787,3,10,2,7,3.55523073067,3.79143761121,-0.236206880539
788,3,10,2,7,3.52303585301,3.74788546965,-0.224849616638
789,3,10,2,7,2.60192996163,2.74995569259,-0.148025730962
790,3,10,2,7,3.5473105064,3.75986369267,-0.212553186268
791,3,10,2,7,3.8400993955,4.03855854707,-0.198459151572
792,3,10,2,7,3.31873808614,3.50784155595,-0.189103469808
793,3,10,2,7,3.05644557128,3.15064824419,-0.0942026729087
794,3,10,2,7,2.59433048114,2.78502013495,-0.190689653811
795,3,10,2,7,2.8967889158,3.07860085753,-0.181811941726
796,3,10,2,7,3.89206455685,4.10186835309,-0.209803796236
797,3,10,2,7,3.10933337694,3.22624014616,-0.116906769223
798,3,10,2,7,3.09557721142,3.28221232695,-0.186635115524
799,3,10,2,7,3.12582698343,3.27200039969,-0.14617341626
800,3,10,2,7,2.90580840938,3.12068190579,-0.214873496411
801,3,10,2,7,3.14776682754,3.28704141521,-0.139274587666
802,3,10,2,7,3.2097701565,3.3209524021,-0.111182245601
803,3,10,2,7,2.93270274727,3.05933384926,-0.126631101997
804,3,10,2,7,3.01025681314,3.1962618653,-0.186005052164
805,3,10,2,7,2.79652796439,2.91745731441,-0.120929350016
806,3,10,2,7,3.85652425017,4.07420657743,-0.217682327258
807,3,10,2,7,2.94429839841,3.07284467509,-0.128546276676
808,3,10,2,7,3.10847178657,3.29718065014,-0.188708863573
809,3,10,2,7,3.31675722677,3.50294281901,-0.186185592242
810,3,10,2,7,2.60376215914,2.76903321108,-0.16527105194
811,3,10,2,7,2.96369946257,3.06207465729,-0.0983751947206
812,3,10,2,7,2.66665458198,2.79653228918,-0.129877707197
813,3,10,2,7,4.07019575791,4.30703998939,-0.236844231486
814,3,10,2,7,2.93561360075,3.08583210554,-0.150218504793
815,3,10,2,7,3.37785323028,3.56109883508,-0.183245604792
816,3,10,2,7,3.00640636419,3.17287924419,-0.166472880003
817,3,10,2,7,2.9935621522,3.12302535192,-0.129463199719
818,3,10,2,7,3.57867146467,3.77298167837,-0.194310213698
819,3,10,2,7,3.1191155326,3.32241546836,-0.203299935764
820,3,10,2,7,3.75674948541,3.91565172367,-0.158902238257
821,3,10,2,7,3.70818898965,3.91418339436,-0.205994404718
822,3,10,2,7,3.53118929349,3.65272722828,-0.121537934784
823,3,10,2,7,3.42793966334,3.50597939023,-0.0780397268887
824,3,10,2,7,3.32090676293,3.51863502655,-0.19772826362
825,3,10,2,7,2.97461559999,3.10154772188,-0.126932121883
826,3,10,2,7,3.30885714089,3.49952453357,-0.190667392681
827,3,10,2,7,3.27889711937,3.46991214976,-0.191015030387
828,3,10,2,7,3.34989200547,3.51119939023,-0.161307384761
829,3,10,2,7,3.21322304904,3.36781869625,-0.154595647218
830,3,10,2,7,3.51113910908,3.68024603229,-0.169106923205
831,3,10,2,7,3.07625513607,3.26566131822,-0.189406182148
832,3,10,2,7,3.09814175345,3.20856785969,-0.110426106237
833,3,10,2,7,3.42413745674,3.63120972071,-0.20707226397
834,3,10,2,7,3.66114707718,3.8139369975,-0.152789920317
835,3,10,2,7,2.8978035534,2.99137309284,-0.0935695394388
836,3,10,2,7,2.86791067046,3.05166604301,-0.183755372552
837,3,10,2,7,4.11288310515,4.35210104267,-0.239217937521
838,3,10,2,7,3.17389943055,3.26776639146,-0.0938669609095
839,3,10,2,7,3.28771867831,3.43856217471,-0.150843496397
840,3,10,2,7,3.27464231342,3.46238128156,-0.187738968138
841,3,10,2,7,3.60596153649,3.75755768269,-0.151596146203
842,3,10,2,7,3.07702880999,3.30308740335,-0.226058593365
843,3,10,2,7,3.49605877377,3.64744577978,-0.151387006014
844,3,10,2,7,3.17500388815,3.34045157997,-0.16544769182
845,3,10,2,7,3.06709551042,3.19511036746,-0.12801485704
846,3,10,2,7,3.25646754958,3.40137778003,-0.144910230451
847,3,10,2,7,3.85669629666,4.09546592759,-0.238769630931
848,3,10,2,7,3.21077203858,3.33378452238,-0.123012483808
849,3,10,2,7,3.09644637325,3.25703045523,-0.160584081986
850,3,10,2,7,3.68736343599,3.89152930651,-0.204165870526
851,3,10,2,7,2.9606985394,3.0990716242,-0.138373084807
852,3,10,2,7,3.73480674349,3.94256278521,-0.207756041719
853,3,10,2,7,2.94756284196,3.12610943738,-0.17854659542
854,3,10,2,7,3.59031528989,3.8457600585,-0.255444768606
855,3,10,2,7,3.53087162785,3.71089319487,-0.180021567027
856,3,10,2,7,3.51491535879,3.67598063795,-0.161065279155
857,3,10,2,7,3.73877021908,3.93501218142,-0.196241962341
858,3,10,2,7,2.72375707519,2.93800999453,-0.214252919339
859,3,10,2,7,3.30270679439,3.52232410657,-0.219617312187
860,3,10,2,7,3.06862806515,3.23873972122,-0.170111656071
861,3,10,2,7,3.68112132741,3.87844557391,-0.197324246493
862,3,10,2,7,3.05745503526,3.1810687253,-0.123613690032
863,3,10,2,7,3.62288875183,3.85138482609,-0.228496074258
864,3,10,2,7,3.40785061627,3.60326198888,-0.195411372604
865,3,10,2,7,2.58255296687,2.73108945376,-0.148536486893
866,3,10,2,7,3.78920096023,4.04683973735,-0.257638777116
867,3,10,2,7,3.67106053179,3.83696256327,-0.16590203148
868,3,10,2,7,3.3444563831,3.47561146582,-0.131155082728
869,3,10,2,7,3.10954125786,3.24129275901,-0.131751501147
870,3,10,2,7,3.04024687665,3.14178193282,-0.101535056167
871,3,10,2,7,3.64039628452,3.79950484571,-0.159108561191
872,3,10,2,7,3.4946410721,3.66367733335,-0.169036261245
873,3,10,2,7,3.23636270047,3.3870941353,-0.150731434831
874,3,10,2,7,3.3461122791,3.52466686785,-0.178554588749
875,3,10,2,7,3.60539135306,3.8151155421,-0.209724189042
876,3,10,2,7,3.91628115764,4.17586142335,-0.259580265709
877,3,10,2,7,3.16215165156,3.34654096756,-0.184389315997
878,3,10,2,7,2.99079175338,3.11994431857,-0.129152565196
879,3,10,2,7,3.38967615669,3.55442325683,-0.164747100138
880,3,10,2,7,3.3431178341,3.50276520989,-0.159647375795
881,3,10,2,7,3.4425387195,3.5711891198,-0.128650400297
882,3,10,2,7,2.62478262799,2.74535310084,-0.120570472849
883,3,10,2,7,2.98418971741,3.20542741047,-0.221237693052
884,3,10,2,7,3.91126908607,4.10254297933,-0.191273893259
885,3,10,2,7,3.26571372516,3.34301473358,-0.0773010084143
886,3,10,2,7,3.2291264392,3.47071517065,-0.241588731451
887,3,10,2,7,3.17500388815,3.34045157997,-0.16544769182
888,3,10,2,7,2.87799814122,2.91755761202,-0.039559470796
889,3,10,2,7,3.85913889948,4.07135775222,-0.212218852733
890,3,10,2,7,3.78017543094,3.9763868555,-0.196211424559
891,3,10,2,7,2.94496301656,3.00868528901,-0.063722272456
892,3,10,2,7,3.1636856208,3.26003856316,-0.0963529423585
893,3,10,2,7,3.42105063136,3.61772141865,-0.196670787288
894,3,10,2,7,3.42920498819,3.63175823004,-0.202553241852
895,3,10,2,7,3.486487553,3.67144852007,-0.184960967067
896,3,10,2,7,3.23479102005,3.41343339967,-0.178642379619
897,3,10,2,7,2.78253149554,2.89549495903,-0.112963463494
898,3,10,2,7,3.43564281292,3.5781375798,-0.142494766874
899,3,10,2,7,3.3712779056,3.53344928334,-0.162171377734
900,3,10,2,7,3.23359784608,3.39354974112,-0.159951895042
901,3,10,2,7,2.92473424013,3.0565299216,-0.131795681468
902,3,10,2,7,3.88634100551,4.06297369876,-0.176632693246
903,3,10,2,7,3.50271771038,3.65599830702,-0.153280596639
904,3,10,2,7,2.88652399049,2.9470619636,-0.0605379731124
905,3,10,2,7,3.15935917923,3.34052772882,-0.181168549589
906,3,10,2,7,3.96188645239,4.15022555179,-0.188339099405
907,3,10,2,7,2.68400519677,2.82316071017,-0.139155513393
908,3,10,2,7,3.39817075872,3.59093250216,-0.192761743443
909,3,10,2,7,3.42588228101,3.50864348368,-0.0827612026688
910,3,10,2,7,3.44221865002,3.64448347476,-0.202264824737
911,3,10,2,7,3.149972669,3.20932838218,-0.0593557131766
912,3,10,2,7,3.990553393,4.2914856093,-0.300932216295
913,3,10,2,7,2.6910029478,2.82974366559,-0.138740717784
914,3,10,2,7,3.44338468958,3.66162970526,-0.218245015676
915,3,10,2,7,2.97399744549,3.14257763838,-0.168580192888
916,3,10,2,7,3.47570179378,3.64459083745,-0.168889043676
917,3,10,2,7,3.07519903547,3.21549894858,-0.140299913108
918,3,10,2,7,2.92352620665,3.01492163992,-0.091395433274
919,3,10,2,7,3.1416987678,3.27627832917,-0.134579561371
920,3,10,2,7,3.44073944498,3.65027983513,-0.209540390144
921,3,10,2,7,3.4920307059,3.67142490737,-0.179394201476
922,3,10,2,7,3.16029701491,3.32437537973,-0.164078364821
923,3,10,2,7,3.26952511634,3.42888532556,-0.159360209223
924,3,10,2,7,3.36291864602,3.51513522775,-0.15221658173
925,3,10,2,7,3.34045510715,3.52663798746,-0.186182880309
926,3,10,2,7,3.09411283132,3.22480940512,-0.130696573798
927,3,10,2,7,3.28876846529,3.35129698478,-0.0625285194895
928,3,10,2,7,3.03085617178,3.18525496551,-0.154398793726
929,3,10,2,7,3.06911105307,3.16588904708,-0.0967779940112
930,3,10,2,7,3.61551086253,3.82971534639,-0.214204483859
931,3,10,2,7,2.91778741453,3.07832817651,-0.160540761977
932,3,10,2,7,3.91245179306,4.12721944107,-0.214767648012
933,3,10,2,7,3.00899469096,3.16366558705,-0.154670896096
934,3,10,2,7,3.25433301511,3.42495105439,-0.17061803928
935,3,10,2,7,3.09741020131,3.28191740246,-0.184507201146
936,3,10,2,7,3.38586565766,3.51660759349,-0.130741935822
937,3,10,2,7,2.82209315228,2.97068942294,-0.148596270658
938,3,10,2,7,3.72037195144,3.94034201878,-0.219970067335
939,3,10,2,7,2.99622781224,3.17118380617,-0.174955993926
940,3,10,2,7,3.72267936537,3.91514092981,-0.19246156444
941,3,10,2,7,3.47851520931,3.66691115375,-0.188395944447
942,3,10,2,7,3.19529953592,3.39312218639,-0.197822650468
943,3,10,2,7,3.67709508976,3.84285826268,-0.165763172913
944,3,10,2,7,3.46463975962,3.59940545348,-0.134765693858
945,3,10,2,7,3.21813578883,3.31999445214,-0.101858663309
946,3,10,2,7,3.64008437634,3.80174069241,-0.161656316077
947,3,10,2,7,3.4131373471,3.54136489613,-0.128227549035
948,3,10,2,7,2.95064849297,3.09077199673,-0.140123503758
949,3,10,2,7,3.45958845538,3.67321088945,-0.213622434062
950,3,10,2,7,3.86571118955,4.01448102789,-0.148769838339
951,3,10,2,7,2.60125924123,2.6915453017,-0.0902860604708
952,3,10,2,7,3.43592750649,3.62182082883,-0.185893322342
953,3,10,2,7,3.19277741678,3.39606770608,-0.203290289294
954,3,10,2,7,3.49575996635,3.64589928267,-0.150139316314
955,3,10,2,7,3.07807782369,3.22646976147,-0.148391937781
956,3,10,2,7,2.65018660942,2.79969068301,-0.149504073592
957,3,10,2,7,3.25332317297,3.45011929277,-0.196796119802
958,3,10,2,7,3.0767591597,3.20414382176,-0.127384662059
959,3,10,2,7,3.61316927694,3.74486018876,-0.131690911814
960,3,10,2,7,3.6780173771,3.90188601252,-0.223868635419
961,3,10,2,7,3.5483417598,3.74538551016,-0.19704375036
962,3,10,2,7,3.37807814809,3.53574608509,-0.157667936999
963,3,10,2,7,3.34623070193,3.45649103322,-0.11026033129
964,3,10,2,7,3.51973481387,3.70773792244,-0.188003108575
965,3,10,2,7,3.31558947476,3.53541105714,-0.219821582371
966,3,10,2,7,2.93340765545,3.11829630993,-0.184888654489
967,3,10,2,7,3.39526954284,3.54198564782,-0.146716104984
968,3,10,2,7,2.81332883117,2.98182522529,-0.168496394128
969,3,10,2,7,3.37333220321,3.47749591004,-0.104163706837
970,3,10,2,7,4.14358858174,4.37449240053,-0.230903818784
971,3,10,2,7,3.08618425798,3.25556252624,-0.169378268263
972,3,10,2,7,2.83412106596,2.98308858568,-0.148967519716
973,3,10,2,7,3.1474830334,3.33025380262,-0.182770769221
974,3,10,2,7,2.90021244206,3.06302807109,-0.162815629033
975,3,10,2,7,2.72631121584,2.86755704824,-0.141245832399
976,3,10,2,7,2.77261947803,2.84567270128,-0.0730532232504
977,3,10,2,7,4.12182207721,4.31462122719,-0.192799149975
978,3,10,2,7,3.4928880015,3.68460193282,-0.191713931313
979,3,10,2,7,3.41926512348,3.63970983937,-0.22044471589
980,3,10,2,7,3.54446314653,3.74147816024,-0.197015013705
981,3,10,2,7,3.05939291315,3.29247796986,-0.233085056704
982,3,10,2,7,3.5035905851,3.69023122542,-0.186640640326
983,3,10,2,7,3.05427794322,3.14314845599,-0.0888705127783
984,3,10,2,7,3.23002591663,3.37479963861,-0.144773721981
985,3,10,2,7,3.39358228602,3.60172963247,-0.208147346453
986,3,10,2,7,3.26635830308,3.42181212041,-0.155453817329
987,3,10,2,7,3.57879634757,3.72204794097,-0.143251593397
988,3,10,2,7,2.76309905851,2.90616255961,-0.1430635011
989,3,10,2,7,3.09234586974,3.17599150192,-0.0836456321827
990,3,10,2,7,2.94604747586,3.07250556133,-0.126458085467
991,3,10,2,7,3.49383765865,3.6682459827,-0.174408324049
992,3,10,2,7,3.15339286487,3.32225430251,-0.16886143764
993,3,10,2,7,2.70431668865,2.88458724206,-0.180270553412
994,3,10,2,7,3.40895690799,3.57441363044,-0.165456722448
995,3,10,2,7,2.92089893358,3.06325347306,-0.142354539482
996,3,10,2,7,2.5071896162,2.636122572,-0.128932955801
997,3,10,2,7,2.8158890532,2.98738807172,-0.171499018522
998,3,10,2,7,3.11040765323,3.26054807684,-0.150140423611
999,3,10,2,7,3.42031849218,3.6064119611,-0.186093468917
