candidate_index,component_count,pooling_kappa,replicate,weighted_nlpd,energy_score,nlpd_difference_from_best_k1,energy_difference_from_best_k1
0,1,4,0,4.33599670091,3.11948682111,0.000479572100259,-0.0283871589488
1,1,8,0,4.33578665647,3.14627868705,0.000269527652597,-0.00159529300156
2,1,16,0,4.33555980787,3.13957578731,4.26790583985e-05,-0.00829819273991
3,1,32,0,4.33551712881,3.14787398005,0,0
4,2,4,0,3.61597538657,2.99702175586,-0.71954174224,-0.150852224192
5,2,8,0,3.6103809506,2.97616768588,-0.72513617821,-0.171706294178
6,2,16,0,3.60434271257,3.0216348401,-0.731174416249,-0.126239139955
7,2,32,0,3.59951205339,3.02348486612,-0.736005075425,-0.124389113929
8,3,4,0,3.39326970284,2.97473960223,-0.942247425977,-0.173134377823
9,3,8,0,3.39269390939,2.96498852745,-0.942823219421,-0.182885452602
10,3,16,0,3.39687361711,3.02260970928,-0.938643511709,-0.125264270776
11,3,32,0,3.6541349454,3.01412491012,-0.681382183411,-0.133749069935
0,1,4,1,4.12523200949,3.23807790028,0.0105591940681,-0.00394083979143
1,1,8,1,4.1232151478,3.27250424878,0.00854233238091,0.0304855087013
2,1,16,1,4.11980258603,3.24384894999,0.00512977060351,0.00183020991463
3,1,32,1,4.11467281542,3.24201874007,0,0
4,2,4,1,3.46642220923,3.25106467291,-0.648250606191,0.00904593283381
5,2,8,1,3.46064754527,3.24236520046,-0.654025270157,0.0003464603871
6,2,16,1,3.45189861725,3.2479811015,-0.662774198172,0.00596236142437
7,2,32,1,3.4410417601,3.21323696273,-0.673631055318,-0.0287817773465
8,3,4,1,3.28974604031,3.23859602774,-0.824926775114,-0.0034227123397
9,3,8,1,3.26638056206,3.19167501269,-0.848292253365,-0.0503437273886
10,3,16,1,3.26114050359,3.20252807466,-0.853532311833,-0.039490665413
11,3,32,1,3.38063511777,3.1761056667,-0.734037697657,-0.0659130733783
0,1,4,2,4.19788520433,3.56740009344,0.0260317243578,0.010455038232
1,1,8,2,4.19330092559,3.61006463029,0.0214474456134,0.053119575089
2,1,16,2,4.18512321884,3.55155400234,0.0132697388604,-0.00539105286064
3,1,32,2,4.17185347998,3.55694505521,0,0
4,2,4,2,3.98827646937,3.91006867991,-0.18357701061,0.353123624708
5,2,8,2,3.96774335083,3.90835535136,-0.204110129144,0.351410296151
6,2,16,2,3.93871800091,3.82495609818,-0.233135479071,0.268011042974
7,2,32,2,3.90368982766,3.70984240218,-0.26816365232,0.152897346974
8,3,4,2,3.87100503984,3.92589558798,-0.300848440139,0.36895053277
9,3,8,2,3.78647356622,3.77601174979,-0.385379913758,0.219066694585
10,3,16,2,3.75767031367,3.68731296751,-0.414183166312,0.130367912305
11,3,32,2,3.82543054027,3.59403914509,-0.346422939707,0.0370940898825
0,1,4,3,3.6792763996,3.3027656277,-0.00132371269502,-0.0392509405052
1,1,8,3,3.67951245242,3.33419635757,-0.00108765987545,-0.00782021063255
2,1,16,3,3.67992949882,3.34302441254,-0.000670613476665,0.00100784434208
3,1,32,3,3.68060011229,3.3420165682,0,0
4,2,4,3,2.92207887711,3.16217003915,-0.758521235186,-0.179846529048
5,2,8,3,2.93120833399,3.12398154534,-0.749391778299,-0.218035022857
6,2,16,3,2.94144243101,3.19104572342,-0.739157681284,-0.150970844776
7,2,32,3,2.95132970596,3.20702636329,-0.729270406334,-0.134990204914
8,3,4,3,2.84087471058,3.0981895814,-0.839725401711,-0.243826986801
9,3,8,3,2.84927635556,3.13044548982,-0.831323756732,-0.211571078378
10,3,16,3,2.86113340291,3.20416196015,-0.819466709384,-0.137854608048
11,3,32,3,2.8684422579,3.19384247075,-0.812157854395,-0.148174097448
0,1,4,4,3.57285297398,3.19304168965,0.00649496872469,-0.00826407825746
1,1,8,4,3.57140790045,3.22504268149,0.00504989519216,0.0237369135814
2,1,16,4,3.56918448711,3.21883937771,0.00282648185038,0.0175336098032
3,1,32,4,3.56635800526,3.20130576791,0,0
4,2,4,4,2.67530481694,3.09524982371,-0.89105318832,-0.106055944204
5,2,8,4,2.6809994853,3.06648987357,-0.88535851996,-0.134815894345
6,2,16,4,2.6882070461,3.1044497391,-0.878150959157,-0.0968560288081
7,2,32,4,2.69602919725,3.11315637336,-0.870328808008,-0.0881493945482
8,3,4,4,2.51549220411,3.06524904012,-1.05086580115,-0.136056727789
9,3,8,4,2.52044086734,3.0749716623,-1.04591713791,-0.126334105611
10,3,16,4,2.52735641617,3.12512295811,-1.03900158908,-0.0761828097993
11,3,32,4,2.53549425713,3.10628851373,-1.03086374813,-0.0950172541854
0,1,4,5,4.17482285175,3.38518749003,0.0152727080843,0.00174012133008
1,1,8,5,4.17209318008,3.41979891279,0.0125430364079,0.0363515440869
2,1,16,5,4.16727109944,3.37535106254,0.00772095577046,-0.00809630616616
3,1,32,5,4.15955014367,3.3834473687,0,0
4,2,4,5,3.73262866711,3.53090131839,-0.426921476554,0.147453949686
5,2,8,5,3.72025671242,3.52624407623,-0.439293431244,0.142796707527
6,2,16,5,3.70269286331,3.49254948276,-0.456857280356,0.109102114056
7,2,32,5,3.68168549371,3.42785254196,-0.477864649963,0.0444051732609
8,3,4,5,3.61663967253,3.52317794376,-0.542910471135,0.139730575053
9,3,8,5,3.56769768894,3.43159926355,-0.591852454727,0.0481518948512
10,3,16,5,3.5528622493,3.40227487113,-0.606687894372,0.0188275024228
11,3,32,5,3.65638234385,3.35169864641,-0.503167799813,-0.0317487222949
0,1,4,6,4.19727858292,3.49270184238,0.0187706124947,-0.0120920612909
1,1,8,6,4.19400399327,3.53696966078,0.0154960228424,0.0321757571117
2,1,16,6,4.18812672416,3.49897439822,0.00961875373691,-0.00581950544625
3,1,32,6,4.17850797043,3.50479390367,0,0
4,2,4,6,3.8443019815,3.71911094236,-0.334205988924,0.214317038694
5,2,8,6,3.82985428284,3.71044196419,-0.348653687586,0.205648060516
6,2,16,6,3.80869597323,3.6632780306,-0.369811997193,0.158484126935
7,2,32,6,3.78266881262,3.57938378445,-0.395839157807,0.0745898807814
8,3,4,6,3.69079697878,3.71655466187,-0.487710991646,0.211760758197
9,3,8,6,3.6279246174,3.6117847433,-0.55058335303,0.106990839631
10,3,16,6,3.60820294125,3.55782747261,-0.570305029178,0.0530335689385
11,3,32,6,3.68841697536,3.48772021874,-0.490090995069,-0.0170736849331
0,1,4,7,4.22807345756,3.3272410361,0.0152702355772,-0.0052198330586
1,1,8,7,4.22523610535,3.35716406212,0.0124328833621,0.0247031929555
2,1,16,7,4.2203490812,3.3301426766,0.00754585921191,-0.00231819255705
3,1,32,7,4.21280322199,3.33246086916,0,0
4,2,4,7,3.79374195459,3.46788082195,-0.419061267395,0.135419952786
5,2,8,7,3.77709963249,3.44879283791,-0.435703589493,0.116331968754
6,2,16,7,3.75675188151,3.42278653604,-0.456051340478,0.0903256668768
7,2,32,7,3.73551145716,3.36043774378,-0.477291764825,0.0279768746208
8,3,4,7,3.58985178443,3.47951048106,-0.62295143756,0.147049611896
9,3,8,7,3.54400217482,3.38969024009,-0.668801047166,0.0572293709272
10,3,16,7,3.53002846529,3.36915594173,-0.6827747567,0.0366950725676
11,3,32,7,3.72378469733,3.29965682073,-0.489018524653,-0.0328040484345
0,1,4,8,3.93910177788,3.36741140932,0.0157511227504,-0.0119379778939
1,1,8,8,3.93625483789,3.4089279576,0.0129041827638,0.0295785703847
2,1,16,8,3.93126291973,3.3764370217,0.00791226460312,-0.00291236551415
3,1,32,8,3.92335065513,3.37934938722,0,0
4,2,4,8,3.36088084051,3.48043658349,-0.562469814624,0.101087196269
5,2,8,8,3.35486371176,3.48475743972,-0.568486943371,0.105408052503
6,2,16,8,3.34383342479,3.45586129354,-0.579517230337,0.0765119063235
7,2,32,8,3.32844044802,3.40262614644,-0.594910207112,0.0232767592274
8,3,4,8,3.22954859466,3.47861692304,-0.693802060469,0.0992675358185
9,3,8,8,3.18709243743,3.40577644606,-0.736258217706,0.0264270588457
10,3,16,8,3.17522495143,3.38502197831,-0.748125703705,0.00567259109004
11,3,32,8,3.1576895385,3.33063555557,-0.765661116626,-0.0487138316519
0,1,4,9,4.29822809728,3.09269016064,-0.000599456103456,-0.0133651211319
1,1,8,9,4.2982117776,3.10588590831,-0.000615775777097,-0.000169373464377
2,1,16,9,4.2983272823,3.09324172871,-0.00050027108083,-0.0128135530665
3,1,32,9,4.29882755338,3.10605528177,0,0
4,2,4,9,3.62431876542,3.00113877204,-0.674508787956,-0.104916509729
5,2,8,9,3.61569209844,2.9756140137,-0.683135454945,-0.130441268071
6,2,16,9,3.60750593053,3.00697581385,-0.691321622854,-0.0990794679214
7,2,32,9,3.60226463083,3.00357334436,-0.696562922556,-0.102481937414
8,3,4,9,3.44376663048,2.96723658558,-0.855060922903,-0.138818696193
9,3,8,9,3.44036567695,2.94493310601,-0.858461876432,-0.161122175763
10,3,16,9,3.44275992339,2.99002775073,-0.856067629991,-0.11602753104
11,3,32,9,3.71631196887,2.98409966998,-0.582515584513,-0.121955611793
0,1,4,10,4.06948181983,3.23513300374,0.0078110896434,-0.0114984193112
1,1,8,10,4.06800865544,3.25839804482,0.00633792524849,0.0117666217717
2,1,16,10,4.06549604678,3.23437121849,0.00382531658992,-0.0122602045523
3,1,32,10,4.06167073019,3.24663142305,0,0
4,2,4,10,3.47703890497,3.25102020874,-0.584631825218,0.00438878569706
5,2,8,10,3.46878931009,3.24380753556,-0.592881420099,-0.0028238874908
6,2,16,10,3.45835065643,3.23921848023,-0.603320073762,-0.00741294281866
7,2,32,10,3.44753949965,3.21148696414,-0.614131230539,-0.0351444589072
8,3,4,10,3.35254080826,3.24025979752,-0.70912992193,-0.00637162552508
9,3,8,10,3.32743366055,3.18529579659,-0.734237069636,-0.0613356264603
10,3,16,10,3.32224285451,3.20004294502,-0.739427875681,-0.0465884780233
11,3,32,10,3.43655424245,3.16003338765,-0.625116487741,-0.0865980354009
0,1,4,11,4.07484377518,3.24146486676,-0.00338798168619,-0.0120826553074
1,1,8,11,4.07547109581,3.26586572748,-0.00276066106352,0.0123182054103
2,1,16,11,4.07655601262,3.24752817291,-0.00167574424937,-0.00601934915557
3,1,32,11,4.07823175687,3.25354752207,0,0
4,2,4,11,3.34822214075,3.14789106414,-0.730009616121,-0.105656457927
5,2,8,11,3.34913557885,3.10506442328,-0.729096178022,-0.148483098792
6,2,16,11,3.35092403546,3.14901810507,-0.727307721415,-0.104529416997
7,2,32,11,3.35393055069,3.15451030926,-0.724301206177,-0.0990372128056
8,3,4,11,3.24468999181,3.05367378815,-0.833541765059,-0.199873733915
9,3,8,11,3.24793986458,3.06372008712,-0.830291892286,-0.189827434947
10,3,16,11,3.25407084725,3.09918911548,-0.824160909624,-0.154358406586
11,3,32,11,3.42882055159,3.13030317553,-0.64941120528,-0.12324434654
0,1,4,12,3.71610347961,3.25080145471,-0.00146893777194,-0.0188518437905
1,1,8,12,3.71631433742,3.28346676605,-0.00125807996056,0.0138134675491
2,1,16,12,3.71674783475,3.24208231217,-0.000824582627221,-0.027570986325
3,1,32,12,3.71757241738,3.2696532985,0,0
4,2,4,12,2.82012150927,3.12357714728,-0.897450908113,-0.146076151216
5,2,8,12,2.82399841258,3.12399566184,-0.893574004801,-0.145657636659
6,2,16,12,2.82876257161,3.12145022343,-0.888809845774,-0.148203075073
7,2,32,12,2.83469178704,3.17028510946,-0.88288063034,-0.099368189035
8,3,4,12,2.8223641234,3.06378483811,-0.89520829398,-0.205868460392
9,3,8,12,2.82612320852,3.05995883273,-0.891449208864,-0.209694465768
10,3,16,12,2.83162933508,3.09784587493,-0.885943082301,-0.171807423572
11,3,32,12,2.83724374717,3.11329963923,-0.880328670209,-0.156353659269
0,1,4,13,4.02985615939,3.25520044296,0.0075294925818,-0.01773612049
1,1,8,13,4.02843847201,3.28129755369,0.00611180520663,0.00836099024874
2,1,16,13,4.02601782482,3.26701673123,0.00369115801447,-0.0059198322131
3,1,32,13,4.02232666681,3.27293656345,0,0
4,2,4,13,3.43033463302,3.26442522749,-0.591992033789,-0.00851133595204
5,2,8,13,3.42400543804,3.24801881548,-0.598321228766,-0.0249177479683
6,2,16,13,3.415809411,3.25597267256,-0.606517255803,-0.0169638908836
7,2,32,13,3.40709863995,3.22781206144,-0.615228026855,-0.0451245020082
8,3,4,13,3.28312111151,3.24863779108,-0.739205555292,-0.0242987723679
9,3,8,13,3.2608495049,3.20579855875,-0.76147716191,-0.0671380046931
10,3,16,13,3.25742491453,3.22563522368,-0.764901752273,-0.0473013397626
11,3,32,13,3.36534724344,3.18460064131,-0.656979423367,-0.0883359221321
0,1,4,14,3.6392572229,3.12036900966,0.0105818590205,0.0129697431087
1,1,8,14,3.6371286815,3.12396293678,0.00845331762061,0.0165636702277
2,1,16,14,3.63364677154,3.10893617151,0.00497140765435,0.00153690496641
3,1,32,14,3.62867536388,3.10739926655,0,0
4,2,4,14,2.95199371432,3.18519276839,-0.676681649564,0.077793501839
5,2,8,14,2.94491690233,3.17399262583,-0.683758461554,0.0665933592778
6,2,16,14,2.93775326213,3.14990384428,-0.690922101754,0.0425045777302
7,2,32,14,2.93250977574,3.10920295288,-0.69616558814,0.00180368633118
8,3,4,14,2.83234804767,3.17436659538,-0.79632731621,0.0669673288352
9,3,8,14,2.80748594817,3.1132141489,-0.821189415718,0.00581488235603
10,3,16,14,2.80101641129,3.10865737863,-0.82765895259,0.00125811208363
11,3,32,14,2.79534438232,3.05628110846,-0.83333098156,-0.0511181580873
0,1,4,15,3.67302469977,3.34849231822,0.00698015583927,-0.0138566795365
1,1,8,15,3.67177409043,3.37407025984,0.00572954649473,0.0117212620834
2,1,16,15,3.66957230824,3.36435121565,0.00352776430564,0.00200221789882
3,1,32,15,3.66604454393,3.36234899775,0,0
4,2,4,15,3.02717907128,3.43811763661,-0.638865472656,0.0757686388543
5,2,8,15,3.02460097123,3.39968338859,-0.641443572703,0.0373343908382
6,2,16,15,3.02165503305,3.38769422622,-0.644389510878,0.0253452284713
7,2,32,15,3.0191707332,3.35617702499,-0.646873810734,-0.00617197276709
8,3,4,15,2.90759518546,3.37368099785,-0.758449358472,0.0113320000977
9,3,8,15,2.88300678253,3.34138334662,-0.783037761401,-0.0209656511288
10,3,16,15,2.8781788881,3.32045142031,-0.787865655831,-0.0418975774468
11,3,32,15,2.87473122774,3.29250995842,-0.791313316195,-0.0698390393299
0,1,4,16,3.97366254597,3.22334123363,0.00917467656246,0.0209908361017
1,1,8,16,3.97190420775,3.23433797173,0.00741633834446,0.0319875742044
2,1,16,16,3.96893769477,3.20282236559,0.00444982536655,0.000471968065364
3,1,32,16,3.9644878694,3.20235039753,0,0
4,2,4,16,3.41053326348,3.30705335741,-0.55395460592,0.104702959887
5,2,8,16,3.40078856999,3.28014534938,-0.563699299412,0.0777949518537
6,2,16,16,3.38992620366,3.26661306701,-0.574561665743,0.0642626694823
7,2,32,16,3.37993036349,3.21689427225,-0.584557505914,0.0145438747204
8,3,4,16,3.30057555136,3.26721576924,-0.663912318045,0.0648653717146
9,3,8,16,3.27188836377,3.20423376887,-0.692599505637,0.00188337134109
10,3,16,16,3.26397820823,3.19062320228,-0.700509661172,-0.0117271952426
11,3,32,16,3.39026999678,3.16472352081,-0.574217872627,-0.0376268767124
0,1,4,17,3.86584573849,3.25085024594,0.00624295014834,-0.0272313977586
1,1,8,17,3.86471420796,3.27948100443,0.00511141961688,0.0013993607315
2,1,16,17,3.86273533537,3.26996182215,0.00313254702976,-0.0081198215502
3,1,32,17,3.85960278834,3.2780816437,0,0
4,2,4,17,3.17907713834,3.24635232856,-0.680525650004,-0.0317293151403
5,2,8,17,3.17802312193,3.24004770149,-0.681579666414,-0.0380339422113
6,2,16,17,3.17485234461,3.24547148624,-0.684750443726,-0.0326101574555
7,2,32,17,3.17011483819,3.22325684344,-0.689487950149,-0.0548248002528
8,3,4,17,3.05606500792,3.21874926041,-0.803537780425,-0.0593323832898
9,3,8,17,3.03676542173,3.1879917376,-0.822837366607,-0.0900899060979
10,3,16,17,3.03477169013,3.20524725158,-0.82483109821,-0.0728343921198
11,3,32,17,3.02878210274,3.17231143693,-0.830820685601,-0.105770206763
0,1,4,18,4.05019490196,3.58729523194,0.0213644106,-0.0121602223818
1,1,8,18,4.04649862969,3.64749459638,0.0176681383366,0.0480391420647
2,1,16,18,4.03982738519,3.60194886573,0.0109968938302,0.0024934114116
3,1,32,18,4.02883049136,3.59945545432,0,0
4,2,4,18,3.63241339832,3.82046678675,-0.396417093034,0.221011332431
5,2,8,18,3.62470984529,3.81655683398,-0.404120646065,0.217101379665
6,2,16,18,3.60908044896,3.77146385229,-0.419750042393,0.172008397972
7,2,32,18,3.58554125878,3.68666019562,-0.443289232581,0.0872047412966
8,3,4,18,3.50319975185,3.80556942218,-0.525630739504,0.206113967861
9,3,8,18,3.43971960592,3.71223397661,-0.589110885434,0.112778522286
10,3,16,18,3.42031748636,3.65110024474,-0.608513004996,0.0516447904215
11,3,32,18,3.39314204447,3.59227089002,-0.635688446885,-0.00718456430184
0,1,4,19,4.13129604781,3.18524114272,0.0108177298126,-0.00830355910932
1,1,8,19,4.12919369617,3.2156430038,0.00871537816966,0.0220983019693
2,1,16,19,4.12567553054,3.18481113286,0.0051972125423,-0.00873356897438
3,1,32,19,4.120478318,3.19354470183,0,0
4,2,4,19,3.46082752048,3.18900836878,-0.659650797517,-0.0045363330503
5,2,8,19,3.4522823718,3.1964590441,-0.6681959462,0.00291434227047
6,2,16,19,3.44068305748,3.1865682714,-0.67979526052,-0.00697643043055
7,2,32,19,3.42777332628,3.15981072496,-0.692704991719,-0.0337339768769
8,3,4,19,3.29105772057,3.20101780714,-0.829420597433,0.00747310530885
9,3,8,19,3.26573720715,3.14020858669,-0.854741110853,-0.0533361151423
10,3,16,19,3.25924974608,3.15494712217,-0.861228571922,-0.0385975796617
11,3,32,19,3.37438406729,3.1139734204,-0.746094250707,-0.0795712814341
0,1,4,20,4.27261932545,3.24536836844,0.00876995192996,-0.0214151111781
1,1,8,20,4.27099415992,3.28658891347,0.00714478639852,0.019805433851
2,1,16,20,4.26818829393,3.25242035964,0.00433892040339,-0.0143631199755
3,1,32,20,4.26384937352,3.26678347962,0,0
4,2,4,20,3.62331114242,3.19695675396,-0.640538231102,-0.0698267256614
5,2,8,20,3.61844553303,3.21132497304,-0.645403840489,-0.0554585065799
6,2,16,20,3.60914896061,3.22246220231,-0.654700412913,-0.0443212773044
7,2,32,20,3.59613689709,3.20328367026,-0.667712476436,-0.0634998093552
8,3,4,20,3.48360301,3.20291806914,-0.780246363525,-0.0638654104753
9,3,8,20,3.46179155243,3.15574853377,-0.802057821091,-0.111034945849
10,3,16,20,3.45825571425,3.19097339981,-0.805593659278,-0.0758100798045
11,3,32,20,3.57497470089,3.16226315505,-0.688874672637,-0.10452032457
0,1,4,21,4.30524139906,3.46280323862,0.0131326709879,-0.0233563663057
1,1,8,21,4.30293465533,3.50545526871,0.0108259272639,0.0192956637888
2,1,16,21,4.29881257088,3.48098188279,0.00670384281385,-0.00517772213276
3,1,32,21,4.29210872807,3.48615960492,0,0
4,2,4,21,3.92554753213,3.61228062937,-0.366561195939,0.126121024445
5,2,8,21,3.91058397409,3.58034883946,-0.381524753977,0.094189234533
6,2,16,21,3.89140889598,3.56288434702,-0.400699832087,0.0767247420932
7,2,32,21,3.87029600516,3.50548821913,-0.421812722907,0.0193286142044
8,3,4,21,3.72629623337,3.59947461141,-0.565812494696,0.113315006486
9,3,8,21,3.679400543,3.52285022839,-0.612708185066,0.036690623462
10,3,16,21,3.66624190605,3.49793675074,-0.625866822021,0.0117771458186
11,3,32,21,3.87705530216,3.43822555214,-0.415053425914,-0.0479340527809
0,1,4,22,3.83376085248,3.18846997923,0.012978648803,0.000697488426553
1,1,8,22,3.83121429256,3.21810819404,0.0104320888859,0.0303357032377
2,1,16,22,3.8269773454,3.1830922122,0.00619514172604,-0.00468027860238
3,1,32,22,3.82078220368,3.1877724908,0,0
4,2,4,22,3.10213862055,3.16879314659,-0.71864358313,-0.0189793442067
5,2,8,22,3.09912115649,3.18745846065,-0.721661047183,-0.000314030148171
6,2,16,22,3.09323381853,3.17844933053,-0.727548385145,-0.00932316026932
7,2,32,22,3.08498297239,3.1572029448,-0.735799231284,-0.0305695460059
8,3,4,22,3.00200647737,3.19017924676,-0.818775726309,0.00240675596183
9,3,8,22,2.97987488521,3.13372505279,-0.840907318464,-0.0540474380148
10,3,16,22,2.97557738042,3.16191541843,-0.845204823256,-0.025857072375
11,3,32,22,2.96575341667,3.11292258719,-0.855028787011,-0.0748499036128
0,1,4,23,3.67851449708,3.20369611465,0.00762200390372,0.0115196740208
1,1,8,23,3.6770682722,3.2094011182,0.00617577902005,0.0172246775747
2,1,16,23,3.67461591059,3.18948563915,0.00372341741184,-0.00269080147605
3,1,32,23,3.67089249318,3.19217644063,0,0
4,2,4,23,3.02993394321,3.30615466259,-0.640958549965,0.113978221959
5,2,8,23,3.02360813936,3.28299814814,-0.647284353817,0.0908217075165
6,2,16,23,3.01705667972,3.25290889806,-0.653835813461,0.0607324574353
7,2,32,23,3.01218207445,3.20887313485,-0.658710418733,0.0166966942228
8,3,4,23,2.94191917669,3.25243397053,-0.728973316489,0.0602575299043
9,3,8,23,2.91427421868,3.1963075159,-0.756618274501,0.00413107527103
10,3,16,23,2.90660728093,3.16804518332,-0.764285212254,-0.0241312573018
11,3,32,23,2.90150354473,3.14016248325,-0.769388948451,-0.0520139573807
0,1,4,24,4.17710153429,3.44769524036,0.0144169706046,-0.0181846000623
1,1,8,24,4.17457244604,3.49223156633,0.0118878823509,0.026351725906
2,1,16,24,4.17004960588,3.45633729022,0.00736504219608,-0.00954255020143
3,1,32,24,4.16268456369,3.46587984042,0,0
4,2,4,24,3.72462275642,3.59287082067,-0.438061807267,0.126990980248
5,2,8,24,3.71301581397,3.58261181153,-0.449668749712,0.116731971102
6,2,16,24,3.69625223413,3.55073617029,-0.46643232955,0.0848563298684
7,2,32,24,3.67598063795,3.49576373383,-0.486703925737,0.0298838934099
8,3,4,24,3.5772929067,3.58270966242,-0.585391656989,0.116829821998
9,3,8,24,3.52899973606,3.50102512908,-0.633684827628,0.0351452886551
10,3,16,24,3.51491535879,3.47080666738,-0.647769204892,0.00492682695532
11,3,32,24,3.61919566083,3.41657515172,-0.543488902859,-0.0493046887029
0,1,4,25,4.24073586493,3.18821606731,-0.00116201061496,-0.0402071674552
1,1,8,25,4.24087731685,3.21528172016,-0.00102055870333,-0.0131415146106
2,1,16,25,4.24120518155,3.22109447672,-0.000692694001624,-0.00732875804564
3,1,32,25,4.24189787555,3.22842323477,0,0
4,2,4,25,3.55461471495,3.09666456797,-0.687283160598,-0.131758666802
5,2,8,25,3.54888300567,3.05677777232,-0.69301486988,-0.17164546245
6,2,16,25,3.54378761276,3.10103858872,-0.698110262789,-0.127384646051
7,2,32,25,3.54117575361,3.10525019829,-0.700722121936,-0.123173036477
8,3,4,25,3.3216382324,3.05649641585,-0.920259643152,-0.171926818917
9,3,8,25,3.32040747693,3.05505404713,-0.92149039862,-0.173369187642
10,3,16,25,3.32493608615,3.10258469549,-0.916961789397,-0.12583853928
11,3,32,25,3.58072688351,3.08936144197,-0.66117099204,-0.139061792803
0,1,4,26,4.54153163258,3.28587020609,0.00806096091504,-0.0264072076274
1,1,8,26,4.54001073142,3.32449356327,0.00654005976222,0.0122161495507
2,1,16,26,4.53741647235,3.30953651835,0.00394580068841,-0.00274089537111
3,1,32,26,4.53347067166,3.31227741372,0,0
4,2,4,26,4.03142066851,3.31523769596,-0.502050003153,0.00296028224611
5,2,8,26,4.01658042828,3.28101694473,-0.516890243384,-0.0312604689822
6,2,16,26,3.9991202113,3.29758769946,-0.53435046036,-0.0146897142531
7,2,32,26,3.98172276385,3.262968651,-0.551747907815,-0.0493087627147
8,3,4,26,3.7464820138,3.30776610429,-0.78698865786,-0.00451130942742
9,3,8,26,3.71987558598,3.25784139495,-0.813595085687,-0.0544360187706
10,3,16,26,3.71347329708,3.269630118,-0.819997374583,-0.0426472957146
11,3,32,26,4.05508382244,3.23272452727,-0.478386849223,-0.0795528864489
0,1,4,27,3.86219122522,3.1845230299,0.00856665435911,-0.010368872017
1,1,8,27,3.86056098015,3.20793614721,0.00693640928992,0.0130442452872
2,1,16,27,3.85779845353,3.18619515035,0.00417388267178,-0.00869675156881
3,1,32,27,3.85362457086,3.19489190192,0,0
4,2,4,27,3.14090077004,3.20312027134,-0.712723800824,0.00822836942305
5,2,8,27,3.13712515759,3.20799684709,-0.716499413274,0.0131049451723
6,2,16,27,3.13108612622,3.19292345359,-0.722538444641,-0.0019684483297
7,2,32,27,3.12396409059,3.16549159298,-0.729660480275,-0.0294003089461
8,3,4,27,3.01750151029,3.18697629961,-0.836123060568,-0.00791560231572
9,3,8,27,2.9943548432,3.13791805958,-0.859269727662,-0.0569738423439
10,3,16,27,2.98910265416,3.14128426487,-0.864521916696,-0.05360763705
11,3,32,27,2.98176586,3.10837870859,-0.871858710857,-0.086513193333
0,1,4,28,4.12954478619,3.32674767934,0.0141707233168,-0.00186179120222
1,1,8,28,4.12698577777,3.35522184802,0.0116117148963,0.0266123774798
2,1,16,28,4.12249682117,3.32124079507,0.00712275829323,-0.00736867546903
3,1,32,28,4.11537406287,3.32860947054,0,0
4,2,4,28,3.65615384811,3.46724753904,-0.459220214765,0.138638068499
5,2,8,28,3.64352793859,3.46099550725,-0.47184612428,0.132386036708
6,2,16,28,3.62644068238,3.42789673178,-0.488933380492,0.0992872612402
7,2,32,28,3.60701246989,3.36371185484,-0.508361592979,0.0351023843052
8,3,4,28,3.51551216171,3.46072354401,-0.599861901166,0.13211407347
9,3,8,28,3.46919069491,3.372737075,-0.646183367966,0.0441276044584
10,3,16,28,3.45509168145,3.34429067979,-0.660282381427,0.0156812092548
11,3,32,28,3.55100167067,3.29034074375,-0.5643723922,-0.0382687267866
0,1,4,29,4.2292612386,3.66356107087,0.0234253515172,0.000216776936471
1,1,8,29,4.22520745218,3.71953436165,0.019371565101,0.0561900677171
2,1,16,29,4.21789174773,3.65679823372,0.0120558606483,-0.00654606021357
3,1,32,29,4.20583588708,3.66334429394,0,0
4,2,4,29,3.9847128956,3.98712320006,-0.221122991482,0.323778906129
5,2,8,29,3.96651837156,3.97287779314,-0.239317515523,0.309533499203
6,2,16,29,3.94035799317,3.89593675944,-0.265477893917,0.232592465505
7,2,32,29,3.90820249452,3.80072547105,-0.297633392558,0.137381177115
8,3,4,29,3.86718134516,3.97767028394,-0.338654541921,0.314325990008
9,3,8,29,3.78838509044,3.84700926886,-0.417450796639,0.183664974927
10,3,16,29,3.76191682414,3.75707213678,-0.443919062942,0.0937278428498
11,3,32,29,3.8616508136,3.68426869288,-0.344185073483,0.0209243989471
0,1,4,30,4.2645922941,3.28816021934,0.00450780101169,-0.00818460787114
1,1,8,30,4.26381598671,3.3063746728,0.00373149362072,0.0100298455872
2,1,16,30,4.26241338047,3.2927559169,0.00232888738586,-0.00358891031646
3,1,32,30,4.26008449309,3.29634482722,0,0
4,2,4,30,3.78760820136,3.36579354824,-0.472476291729,0.0694487210231
5,2,8,30,3.77571596478,3.31810939467,-0.484368528312,0.0217645674518
6,2,16,30,3.76259769349,3.32547331991,-0.497486799596,0.029128492691
7,2,32,30,3.75073393171,3.27745794802,-0.509350561376,-0.0188868791936
8,3,4,30,3.60804959504,3.30612526202,-0.652034898048,0.00978043480148
9,3,8,30,3.58070461767,3.25935994587,-0.679379875421,-0.0369848813482
10,3,16,30,3.57429208,3.24845579334,-0.685792413085,-0.0478890338746
11,3,32,30,3.81634063806,3.22997273713,-0.443743855027,-0.0663720900806
0,1,4,31,3.63041888438,3.0418758915,0.0052147649365,0.000725921949728
1,1,8,31,3.6291735454,3.05211968015,0.003969425957,0.0109697105997
2,1,16,31,3.62733730422,3.03573497896,0.00213318477482,-0.005414990587
3,1,32,31,3.62520411944,3.04114996955,0,0
4,2,4,31,2.76336635854,2.93318627788,-0.861837760902,-0.107963691675
5,2,8,31,2.76323112704,2.93612866705,-0.861972992396,-0.105021302503
6,2,16,31,2.76434974941,2.9461317092,-0.86085437003,-0.0950182603541
7,2,32,31,2.76766873553,2.95586200147,-0.857535383909,-0.0852879680811
8,3,4,31,2.67003192546,2.93227661355,-0.955172193984,-0.108873356004
9,3,8,31,2.67016542438,2.90885594753,-0.955038695063,-0.132294022016
10,3,16,31,2.67418489225,2.96323749532,-0.951019227192,-0.0779124742271
11,3,32,31,2.67740787458,2.93035928256,-0.947796244856,-0.110790686989
0,1,4,32,3.87522663434,3.30818287399,0.0111324897497,-0.00811519076397
1,1,8,32,3.8732684518,3.32817088451,0.00917430720646,0.0118728197569
2,1,16,32,3.86977558498,3.30815094221,0.00568144039235,-0.00814712254397
3,1,32,32,3.86409414459,3.31629806475,0,0
4,2,4,32,3.35718709545,3.43504459099,-0.50690704914,0.11874652624
5,2,8,32,3.34971918949,3.42685240011,-0.514374955103,0.11055433536
6,2,16,32,3.33878294823,3.39890749321,-0.525311196364,0.0826094284577
7,2,32,32,3.3258834184,3.33815497779,-0.538210726196,0.0218569130383
8,3,4,32,3.2627698727,3.40801225941,-0.601324271887,0.0917141946625
9,3,8,32,3.22185936053,3.33645448589,-0.642234784067,0.0201564211375
10,3,16,32,3.21089965428,3.31177656503,-0.653194490308,-0.0045214997226
11,3,32,32,3.19560178143,3.26092533172,-0.668492363158,-0.0553727330289
0,1,4,33,4.66920462334,3.41167842522,0.0117957768344,-0.000236164631092
1,1,8,33,4.66718741003,3.44192745046,0.00977856352235,0.0300128606032
2,1,16,33,4.66351908464,3.40080126038,0.00611023814168,-0.011113329479
3,1,32,33,4.6574088465,3.41191458985,0,0
4,2,4,33,4.41367688691,3.59887802453,-0.243731959589,0.186963434677
5,2,8,33,4.39144360971,3.56357059445,-0.265965236796,0.151656004596
6,2,16,33,4.36420619944,3.53942240284,-0.293202647062,0.127507812985
7,2,32,33,4.33560914329,3.45928023689,-0.321799703216,0.0473656470349
8,3,4,33,4.22029253594,3.57001735469,-0.437116310561,0.158102764835
9,3,8,33,4.16604779866,3.46982551862,-0.491361047842,0.0579109287704
10,3,16,33,4.14847627403,3.42670983154,-0.508932572475,0.0147952416822
11,3,32,33,4.49798999167,3.38775851227,-0.159418854833,-0.0241560775887
0,1,4,34,4.64027075728,3.12984724916,-0.0032309359638,-0.0249921224986
1,1,8,34,4.64081480521,3.14728122689,-0.00268688803861,-0.00755814476023
2,1,16,34,4.64181541639,3.13576021468,-0.00168627686231,-0.0190791569748
3,1,32,34,4.64350169325,3.15483937165,0,0
4,2,4,34,4.06537819809,3.03538890034,-0.578123495163,-0.119450471317
5,2,8,34,4.05241938443,2.99958457272,-0.591082308817,-0.155254798932
6,2,16,34,4.03932465425,3.0417962701,-0.604177039,-0.113043101553
7,2,32,34,4.02936631356,3.03708257588,-0.614135379688,-0.117756795772
8,3,4,34,3.84467692075,2.99421687796,-0.798824772497,-0.160622493694
9,3,8,34,3.83959664907,2.97164135088,-0.803905044175,-0.183198020776
10,3,16,34,3.8415176218,3.01853612522,-0.801984071452,-0.136303246439
11,3,32,34,4.25130029269,3.02035512294,-0.392201400564,-0.134484248713
0,1,4,35,3.79840553953,3.37884599251,0.0152511067608,0.00235312466461
1,1,8,35,3.79565024349,3.40421703263,0.0124958107152,0.0277241647864
2,1,16,35,3.79081819012,3.36765482386,0.00766375734724,-0.00883804397934
3,1,32,35,3.78315443277,3.37649286784,0,0
4,2,4,35,3.31123088248,3.53890493946,-0.471923550295,0.162412071616
5,2,8,35,3.30158389901,3.53470521421,-0.481570533764,0.158212346365
6,2,16,35,3.28824640093,3.48711052449,-0.494908031843,0.110617656645
7,2,32,35,3.27283358576,3.42924478387,-0.510320847008,0.0527519160299
8,3,4,35,3.24973850766,3.52960245844,-0.533415925112,0.153109590595
9,3,8,35,3.20197533716,3.43976074938,-0.581179095608,0.0632678815342
10,3,16,35,3.18807918097,3.40730645722,-0.595075251799,0.0308135893767
11,3,32,35,3.16913789072,3.34170012859,-0.614016542056,-0.0347927392546
0,1,4,36,4.2019935222,3.3597784325,0.0108401492791,-0.00511725086524
1,1,8,36,4.20015212061,3.39117346062,0.00899874768236,0.0262777772486
2,1,16,36,4.19678994421,3.3665707185,0.00563657128416,0.00167503513176
3,1,32,36,4.19115337292,3.36489568337,0,0
4,2,4,36,3.73555722144,3.48298141068,-0.455596151487,0.118085727314
5,2,8,36,3.72813256351,3.46008644115,-0.463020809411,0.0951907577825
6,2,16,36,3.71597480118,3.45806680243,-0.475178571742,0.0931711190618
7,2,32,36,3.69994203173,3.38376672973,-0.491211341195,0.0188710463603
8,3,4,36,3.58718041478,3.435189771,-0.603972958143,0.0702940876269
9,3,8,36,3.54683540962,3.37435567795,-0.644317963299,0.00945999458318
10,3,16,36,3.53612015859,3.34867863447,-0.655033214331,-0.0162170489041
11,3,32,36,3.63142418688,3.32394164814,-0.559729186043,-0.0409540352336
0,1,4,37,3.97806464665,3.23895610846,0.00696745841805,-0.0035913207195
1,1,8,37,3.97675123842,3.25277071198,0.00565405019216,0.0102232828009
2,1,16,37,3.97451141066,3.2327000611,0.00341422243427,-0.00984736807817
3,1,32,37,3.97109718823,3.24254742917,0,0
4,2,4,37,3.4270630258,3.28366606199,-0.544034162428,0.0411186328186
5,2,8,37,3.41796088162,3.26331246258,-0.553136306605,0.0207650334101
6,2,16,37,3.40770547771,3.25638645248,-0.56339171052,0.0138390233006
7,2,32,37,3.3983995591,3.22175305941,-0.572697629126,-0.0207943697644
8,3,4,37,3.32219062612,3.25779306092,-0.648906562111,0.0152456317405
9,3,8,37,3.29611486546,3.20172932218,-0.674982322766,-0.0408181069968
10,3,16,37,3.29064087564,3.20809195479,-0.680456312585,-0.0344554743817
11,3,32,37,3.40455631508,3.16746862109,-0.566540873153,-0.0750788080818
0,1,4,38,3.72131971727,3.34840147155,0.00614488939573,-0.0254308049813
1,1,8,38,3.7202241808,3.37372291301,0.00504935292627,-0.000109363528091
2,1,16,38,3.71828548178,3.36066337505,0.00311065390212,-0.0131689014807
3,1,32,38,3.71517482787,3.37383227653,0,0
4,2,4,38,3.13521476818,3.35271720965,-0.57996005969,-0.0211150668873
5,2,8,38,3.13339574979,3.33663289508,-0.581779078084,-0.0371993814531
6,2,16,38,3.13044561694,3.33986201929,-0.584729210931,-0.0339702572413
7,2,32,38,3.12694724556,3.32611783693,-0.588227582318,-0.0477144396007
8,3,4,38,3.0919445425,3.32649972853,-0.623230285374,-0.0473325480002
9,3,8,38,3.07079302181,3.29121195421,-0.644381806067,-0.0826203223244
10,3,16,38,3.06974062008,3.31820520105,-0.645434207798,-0.0556270754856
11,3,32,38,3.06214986231,3.26772167917,-0.653024965565,-0.106110597363
0,1,4,39,3.99391753916,3.42050525142,0.0187037725054,0.00504758477979
1,1,8,39,3.99062558169,3.45680966908,0.0154118150412,0.041352002442
2,1,16,39,3.98475290055,3.42143023491,0.00953913389969,0.00597256827507
3,1,32,39,3.97521376665,3.41545766664,0,0
4,2,4,39,3.55068751102,3.63106458695,-0.424526255626,0.215606920314
5,2,8,39,3.54253223313,3.62407925069,-0.432681533524,0.208621584054
6,2,16,39,3.52800891457,3.58850265686,-0.447204852076,0.173044990221
7,2,32,39,3.50770736835,3.49428615045,-0.467506398298,0.0788284838112
8,3,4,39,3.42576946109,3.60934309144,-0.549444305556,0.193885424799
9,3,8,39,3.36919589415,3.51863842687,-0.606017872496,0.103180760233
10,3,16,39,3.35187333665,3.46601974789,-0.623340430003,0.0505620812548
11,3,32,39,3.32892006492,3.41318936418,-0.646293701729,-0.00226830245729
0,1,4,40,3.91130355229,3.34495406666,0.0065719262341,-0.0149602132593
1,1,8,40,3.91018803575,3.38183611113,0.00545640969321,0.0219218312113
2,1,16,40,3.90814985318,3.35513789271,0.00341822712948,-0.00477638720698
3,1,32,40,3.90473162605,3.35991427992,0,0
4,2,4,40,3.25262717983,3.34887492216,-0.652104446221,-0.0110393577549
5,2,8,40,3.25437596773,3.33762240867,-0.650355658325,-0.0222918712478
6,2,16,40,3.25313544774,3.34891561709,-0.651596178311,-0.010998662825
7,2,32,40,3.24837016012,3.32242984418,-0.656361465934,-0.0374844357377
8,3,4,40,3.17963690444,3.29521923376,-0.725094721609,-0.0646950461597
9,3,8,40,3.15925589154,3.26890181115,-0.745475734517,-0.091012468764
10,3,16,40,3.15715679586,3.27938040006,-0.747574830194,-0.0805338798613
11,3,32,40,3.15056545821,3.27000584687,-0.754166167848,-0.089908433046
0,1,4,41,3.7734130243,3.40431544558,0.0121752532585,-0.0189710304646
1,1,8,41,3.77125964208,3.43409288209,0.0100218710337,0.010806406045
2,1,16,41,3.76743120517,3.42201625646,0.00619343413022,-0.00127021959036
3,1,32,41,3.76123777104,3.42328647605,0,0
4,2,4,41,3.26449814225,3.54094952151,-0.496739628794,0.117663045467
5,2,8,41,3.25823098898,3.51694206646,-0.503006782065,0.0936555904091
6,2,16,41,3.24918837828,3.49523363309,-0.512049392763,0.0719471570453
7,2,32,41,3.23842401662,3.44198213599,-0.522813754425,0.018695659941
8,3,4,41,3.14678383126,3.5137335022,-0.614453939787,0.0904470261533
9,3,8,41,3.10678219253,3.45306807636,-0.654455578508,0.0297816003096
10,3,16,41,3.09710758643,3.43050851658,-0.664130184613,0.00722204053504
11,3,32,41,3.08322413947,3.3684735053,-0.678013631571,-0.0548129707428
0,1,4,42,4.53938858591,3.22708315519,0.00886576163996,-0.00766848155595
1,1,8,42,4.53767904082,3.2563723772,0.00715621655389,0.0216207404589
2,1,16,42,4.5348033532,3.23337089945,0.00428052893099,-0.00138073729032
3,1,32,42,4.53052282427,3.23475163674,0,0
4,2,4,42,4.0389500369,3.25695685453,-0.491572787363,0.0222052177886
5,2,8,42,4.02339032087,3.22800443178,-0.507132503395,-0.00674720496377
6,2,16,42,4.0051774697,3.24286450524,-0.52534535457,0.00811286849508
7,2,32,42,3.98708804486,3.19909979198,-0.543434779408,-0.0356518447596
8,3,4,42,3.78348671024,3.25177794031,-0.747036114021,0.0170263035646
9,3,8,42,3.75627008928,3.19254802142,-0.774252734983,-0.0422036153242
10,3,16,42,3.7491614441,3.20517759534,-0.781361380166,-0.0295740414059
11,3,32,42,4.09005701243,3.1717097187,-0.440465811835,-0.0630419180413
0,1,4,43,4.194814531,3.09093681815,0.00435528021248,-0.00723304972278
1,1,8,43,4.1937683385,3.11101305929,0.00330908771402,0.0128431914164
2,1,16,43,4.19222953598,3.09803496192,0.00177028519389,-0.000134905956923
3,1,32,43,4.19045925078,3.09816986788,0,0
4,2,4,43,3.47895132919,2.98724970321,-0.711507921598,-0.110920164668
5,2,8,43,3.47163305456,2.96498050501,-0.718826196229,-0.133189362862
6,2,16,43,3.46466489243,3.00278696928,-0.725794358358,-0.0953828985994
7,2,32,43,3.45985762657,2.99913964823,-0.730601624212,-0.0990302196491
8,3,4,43,3.26796530649,2.98445904012,-0.922493944289,-0.113710827754
9,3,8,43,3.26552880691,2.96155993558,-0.92493044387,-0.136609932299
10,3,16,43,3.2685257189,3.01993371408,-0.921933531886,-0.078236153792
11,3,32,43,3.52199009187,2.99527412845,-0.668469158919,-0.102895739422
0,1,4,44,4.05996370294,3.19715959006,0.00213928061212,-0.0372199831081
1,1,8,44,4.05943868058,3.2373666985,0.00161425825132,0.0029871253325
2,1,16,44,4.05867584666,3.22992598622,0.000851424336416,-0.00445358695274
3,1,32,44,4.05782442233,3.23437957317,0,0
4,2,4,44,3.23938608451,3.05822124355,-0.818438337814,-0.176158329625
5,2,8,44,3.23999370569,3.04196161638,-0.817830716636,-0.192417956792
6,2,16,44,3.24035071853,3.08508687556,-0.817473703801,-0.149292697609
7,2,32,44,3.24075845247,3.10477661148,-0.817065969856,-0.129602961689
8,3,4,44,3.04256716328,3.03773858835,-1.01525725905,-0.196640984818
9,3,8,44,3.04580046048,3.04263127063,-1.01202396184,-0.191748302541
10,3,16,44,3.05219471944,3.10449781683,-1.00562970289,-0.129881756341
11,3,32,44,3.19531107861,3.09210620699,-0.862513343715,-0.142273366181
0,1,4,45,4.37851365897,3.32343013851,0.00509977023678,-0.0179986633959
1,1,8,45,4.37764928207,3.35453482037,0.00423539333283,0.0131060184654
2,1,16,45,4.37606788201,3.33377507497,0.00265399327318,-0.0076537269327
3,1,32,45,4.37341388874,3.34142880191,0,0
4,2,4,45,3.89111090597,3.34643206609,-0.482302982765,0.00500326418064
5,2,8,45,3.88159863975,3.31350517656,-0.491815248988,-0.0279236253426
6,2,16,45,3.86944573691,3.3342846854,-0.503968151827,-0.0071441165115
7,2,32,45,3.85630907582,3.29729843844,-0.517104812921,-0.0441303634711
8,3,4,45,3.72356368847,3.30437268716,-0.649850200271,-0.0370561147515
9,3,8,45,3.69874850502,3.26288565421,-0.674665383717,-0.0785431476949
10,3,16,45,3.69434535754,3.27531937163,-0.679068531199,-0.0661094302767
11,3,32,45,3.93857309901,3.25678832465,-0.434840789731,-0.0846404772609
0,1,4,46,3.64531176024,3.22176156573,0.0105264181994,-0.00179007099715
1,1,8,46,3.6432480966,3.23902956907,0.00846275456785,0.0154779323433
2,1,16,46,3.63981623015,3.22369558011,0.00503088811798,0.000143943384297
3,1,32,46,3.63478534204,3.22355163673,0,0
4,2,4,46,2.96085292339,3.28491021605,-0.673932418651,0.0613585793243
5,2,8,46,2.95523262853,3.26937695015,-0.679552713508,0.0458253134219
6,2,16,46,2.94920611073,3.24723065906,-0.685579231308,0.0236790223364
7,2,32,46,2.94430895734,3.21749269371,-0.690476384698,-0.0060589430145
8,3,4,46,2.83639248686,3.27016647593,-0.798392855181,0.0466148392005
9,3,8,46,2.81137292262,3.21740344765,-0.823412419416,-0.00614818907971
10,3,16,46,2.8055482548,3.21308557299,-0.829237087236,-0.0104660637362
11,3,32,46,2.79967839017,3.16056359599,-0.835106951863,-0.0629880407326
0,1,4,47,3.94026302328,3.24022360706,0.0062194898014,-0.00278363808844
1,1,8,47,3.9390991837,3.25287855941,0.00505565021833,0.00987131426444
2,1,16,47,3.93710634295,3.24350151152,0.00306280946455,0.000494266374553
3,1,32,47,3.93404353348,3.24300724515,0,0
4,2,4,47,3.37887080582,3.29650388635,-0.555172727666,0.0534966412037
5,2,8,47,3.37174177988,3.26082797168,-0.562301753604,0.0178207265282
6,2,16,47,3.36397715553,3.26639867069,-0.570066377949,0.023391425537
7,2,32,47,3.35724105606,3.22263657429,-0.576802477424,-0.0203706708584
8,3,4,47,3.24328301572,3.25065137568,-0.690760517759,0.00764413052809
9,3,8,47,3.21979379395,3.20797307204,-0.714249739534,-0.035034173107
10,3,16,47,3.21546469292,3.20881374666,-0.718578840566,-0.0341934984888
11,3,32,47,3.32486125367,3.17712678927,-0.609182279814,-0.0658804558808
0,1,4,48,4.33191387343,3.27138209725,0.0112627419061,0.0107803431019
1,1,8,48,4.32974697352,3.29748478365,0.00909584199594,0.0368830295016
2,1,16,48,4.32609716497,3.25244703301,0.00544603344119,-0.00815472113772
3,1,32,48,4.32065113153,3.26060175414,0,0
4,2,4,48,3.8280283697,3.35165084143,-0.492622761827,0.0910490872839
5,2,8,48,3.81105287994,3.33095616383,-0.509598251587,0.070354409689
6,2,16,48,3.79177022195,3.30900839213,-0.52888090958,0.0484066379836
7,2,32,48,3.77330734248,3.27006444846,-0.547343789052,0.00946269431277
8,3,4,48,3.65731918133,3.34548742383,-0.663331950197,0.0848856696841
9,3,8,48,3.62295600665,3.26439347623,-0.697695124881,0.00379172208158
10,3,16,48,3.61201833106,3.25406864501,-0.708632800469,-0.00653310913852
11,3,32,48,3.89141599451,3.21701023579,-0.429235137016,-0.0435915183545
0,1,4,49,4.01943184634,3.22413626214,0.0104279918532,-0.00251100728636
1,1,8,49,4.01741149953,3.25047779287,0.00840764504364,0.0238305234431
2,1,16,49,4.01402524604,3.22776444919,0.00502139155411,0.00111717976525
3,1,32,49,4.00900385449,3.22664726943,0,0
4,2,4,49,3.37512837764,3.27041518836,-0.633875476844,0.0437679189375
5,2,8,49,3.36687393851,3.25413432606,-0.642129915971,0.0274870566328
6,2,16,49,3.35678903379,3.24659402312,-0.652214820691,0.0199467536946
7,2,32,49,3.34654096756,3.21071102476,-0.662462886929,-0.0159362446693
8,3,4,49,3.19433952054,3.25711890866,-0.814664333943,0.030471639235
9,3,8,49,3.16871437552,3.20355422752,-0.840289478967,-0.0230930419083
10,3,16,49,3.16215165156,3.20309484753,-0.846852202925,-0.0235524219004
11,3,32,49,3.2795944003,3.16599931433,-0.729409454182,-0.0606479550945
0,1,4,50,4.21447284856,3.33410791042,0.00781372644566,-0.0303869576681
1,1,8,50,4.21307984922,3.37984346114,0.00642072711234,0.0153485930602
2,1,16,50,4.21061465337,3.35169764488,0.00395553126023,-0.0127972232067
3,1,32,50,4.20665912211,3.36449486808,0,0
4,2,4,50,3.58644822287,3.33505710239,-0.620210899238,-0.0294377656967
5,2,8,50,3.58071374244,3.32968746806,-0.625945379673,-0.034807400024
6,2,16,50,3.57138122297,3.33163628012,-0.635277899138,-0.0328585879671
7,2,32,50,3.55944214912,3.31431915846,-0.64721697299,-0.0501757096266
8,3,4,50,3.42559766467,3.31775815924,-0.781061457438,-0.0467367088438
9,3,8,50,3.40103541417,3.27564317675,-0.805623707945,-0.0888516913386
10,3,16,50,3.3962614338,3.28858395725,-0.81039768831,-0.075910910836
11,3,32,50,3.52416505892,3.26216413333,-0.682494063189,-0.102330734752
0,1,4,51,3.94213558007,3.4146448752,0.0198168495631,0.00585316745181
1,1,8,51,3.9386106156,3.44640221719,0.0162918850988,0.0376105094401
2,1,16,51,3.93236576132,3.40540085372,0.0100470308113,-0.00339085403451
3,1,32,51,3.9223187305,3.40879170775,0,0
4,2,4,51,3.52323885231,3.64884717762,-0.399079878197,0.240055469874
5,2,8,51,3.51123785096,3.65035985056,-0.411080879543,0.241568142807
6,2,16,51,3.49312306839,3.59106858074,-0.429195662114,0.182276872992
7,2,32,51,3.47049128586,3.50198325815,-0.451827444649,0.0931915503975
8,3,4,51,3.42122239056,3.64536431228,-0.501096339943,0.236572604534
9,3,8,51,3.35916165283,3.53536976113,-0.563157077669,0.126578053378
10,3,16,51,3.33918367994,3.47597514215,-0.583135050561,0.0671834344005
11,3,32,51,3.3133403419,3.40553183719,-0.608978388607,-0.0032598705631
0,1,4,52,3.74873989925,3.11171389003,0.00191507884582,-0.0201217550373
1,1,8,52,3.74822739643,3.13817755893,0.00140257602643,0.00634191386842
2,1,16,52,3.74752224507,3.12702787153,0.000697424665459,-0.00480777353714
3,1,32,52,3.7468248204,3.13183564507,0,0
4,2,4,52,2.81456137786,3.00750798937,-0.932263442542,-0.124327655691
5,2,8,52,2.81773231003,3.00086954418,-0.929092510369,-0.130966100882
6,2,16,52,2.82157572555,3.01607376488,-0.925249094854,-0.11576188019
7,2,32,52,2.82645947419,3.03206720287,-0.920365346212,-0.0997684421968
8,3,4,52,2.66684663335,2.96770738053,-1.07997818705,-0.164128264539
9,3,8,52,2.66987391956,2.96747054086,-1.07695090084,-0.164365104203
10,3,16,52,2.67449390487,3.00254888688,-1.07233091553,-0.129286758189
11,3,32,52,2.68131278969,3.00154448468,-1.06551203071,-0.130291160385
0,1,4,53,3.84571453784,3.21975036337,0.0031135538234,-0.0174817602855
1,1,8,53,3.8449615378,3.24463783496,0.00236055378844,0.00740571130349
2,1,16,53,3.8438577282,3.23757897742,0.00125674418881,0.000346853764037
3,1,32,53,3.84260098402,3.23723212366,0,0
4,2,4,53,3.11823366384,3.11639060365,-0.724367320176,-0.120841520008
5,2,8,53,3.11710228996,3.0828664381,-0.725498694057,-0.154365685555
6,2,16,53,3.11747572603,3.12285951781,-0.725125257988,-0.11437260585
7,2,32,53,3.11994431857,3.1347004236,-0.722656665441,-0.102531700056
8,3,4,53,2.98343562849,3.09239355567,-0.859165355522,-0.144838567988
9,3,8,53,2.9844592335,3.08844901914,-0.858141750519,-0.148783104517
10,3,16,53,2.99079175338,3.15042582856,-0.851809230637,-0.0868062950983
11,3,32,53,3.13011977827,3.12138532187,-0.712481205746,-0.115846801782
0,1,4,54,3.8096162098,3.25006055639,0.00977008108556,-0.00370385653677
1,1,8,54,3.80776069208,3.28059938951,0.00791456336532,0.0268349765843
2,1,16,54,3.80461083257,3.26526975403,0.00476470385306,0.0115053411107
3,1,32,54,3.79984612872,3.25376441292,0,0
4,2,4,54,3.09435678127,3.26267000045,-0.705489347453,0.00890558752927
5,2,8,54,3.09528237095,3.2451009189,-0.704563757772,-0.00866349402347
6,2,16,54,3.09421663249,3.26080658384,-0.705629496225,0.00704217091613
7,2,32,54,3.0907797654,3.22366216632,-0.709066363315,-0.0301022466012
8,3,4,54,2.94926287456,3.22798710874,-0.850583254156,-0.0257773041818
9,3,8,54,2.93108953294,3.20129115997,-0.868756595783,-0.0524732529531
10,3,16,54,2.92896768481,3.21285839884,-0.87087844391,-0.0409060140873
11,3,32,54,2.92499317801,3.18962572193,-0.874852950713,-0.0641386909964
0,1,4,55,4.33493170196,3.32188823681,0.00719317489762,-0.0332460589942
1,1,8,55,4.33362017918,3.36219064218,0.00588165211102,0.00705634637132
2,1,16,55,4.33133435648,3.34909317963,0.00359582941243,-0.00604111618255
3,1,32,55,4.32773852707,3.35513429581,0,0
4,2,4,55,3.77139325522,3.36553891674,-0.556345271843,0.0104046209332
5,2,8,55,3.75993003503,3.3341994934,-0.567808492033,-0.0209348024051
6,2,16,55,3.74613243087,3.33830075378,-0.581606096199,-0.0168335420305
7,2,32,55,3.73226943136,3.31088159566,-0.595469095709,-0.0442527001468
8,3,4,55,3.52209276346,3.34318972909,-0.805645763605,-0.0119445667174
9,3,8,55,3.49548383868,3.29922032174,-0.832254688382,-0.0559139740676
10,3,16,55,3.48920544533,3.29932000368,-0.838533081741,-0.0558142921247
11,3,32,55,3.73196681093,3.26552616217,-0.595771716133,-0.0896081336341
0,1,4,56,3.99243524855,3.2632319875,0.012396794382,0.00227275288873
1,1,8,56,3.99002353988,3.28978202915,0.00998508571283,0.0288227945389
2,1,16,56,3.98599027375,3.24915051865,0.00595181958361,-0.0118087159611
3,1,32,56,3.98003845417,3.26095923461,0,0
4,2,4,56,3.38961420088,3.3294782758,-0.590424253288,0.068519041196
5,2,8,56,3.37687810582,3.32504661493,-0.603160348352,0.0640873803185
6,2,16,56,3.36231067198,3.28877165119,-0.617727782189,0.0278124165848
7,2,32,56,3.34852336432,3.2651212623,-0.631515089849,0.00416202769239
8,3,4,56,3.26135659059,3.33923116328,-0.718681863579,0.0782719286772
9,3,8,56,3.22896730063,3.26079976476,-0.751071153536,-0.000159469842732
10,3,16,56,3.21927775176,3.25569878414,-0.760760702412,-0.00526045046449
11,3,32,56,3.35124761274,3.20119330856,-0.628790841432,-0.0597659260502
0,1,4,57,4.27027736479,3.21172109483,0.00163172384712,-0.0362669089108
1,1,8,57,4.26984086802,3.24805916929,0.00119522707158,7.11655475816e-05
2,1,16,57,4.26923659265,3.24137580795,0.000590951705674,-0.00661219578353
3,1,32,57,4.26864564094,3.24798800374,0,0
4,2,4,57,3.56130186217,3.10001403512,-0.707343778772,-0.14797396862
5,2,8,57,3.55518357273,3.06859493301,-0.713462068211,-0.179393070731
6,2,16,57,3.54925914199,3.11086599644,-0.719386498951,-0.1371220073
7,2,32,57,3.54513349668,3.1249717713,-0.723512144265,-0.123016232435
8,3,4,57,3.32824549132,3.08252353932,-0.940400149621,-0.165464464415
9,3,8,57,3.32723389392,3.07576348643,-0.941411747028,-0.172224517307
10,3,16,57,3.33165096051,3.13309460845,-0.936994680438,-0.11489339529
11,3,32,57,3.60835419688,3.11366025372,-0.660291444063,-0.134327750019
0,1,4,58,4.18616793289,3.10304637196,0.000150135184709,-0.0202632073854
1,1,8,58,4.18597613948,3.11346014841,-4.16582267704e-05,-0.00984943093444
2,1,16,58,4.18582953803,3.10523094357,-0.000188259675426,-0.0180786357717
3,1,32,58,4.18601779771,3.12330957934,0,0
4,2,4,58,3.52922153833,3.02653275347,-0.656796259377,-0.0967768258761
5,2,8,58,3.51801936249,3.00153228638,-0.667998435216,-0.121777292962
6,2,16,58,3.50807736793,3.01834088119,-0.677940429781,-0.104968698153
7,2,32,58,3.50266161998,3.02344639061,-0.683356177725,-0.0998631887376
8,3,4,58,3.3526705259,3.01070066437,-0.833347271812,-0.112608914973
9,3,8,58,3.34666423656,2.97918508427,-0.839353561144,-0.144124495072
10,3,16,58,3.34817406098,3.02418928258,-0.837843736728,-0.0991202967626
11,3,32,58,3.61331672927,2.99492658152,-0.572701068438,-0.128382997827
0,1,4,59,3.79037584149,3.27093891268,0.00471602530374,-0.0136419248025
1,1,8,59,3.78956006613,3.28890720594,0.00390024994921,0.00432636846154
2,1,16,59,3.78809000326,3.28140853499,0.00243018707752,-0.00317230249339
3,1,32,59,3.78565981619,3.28458083748,0,0
4,2,4,59,3.17044727905,3.29034061666,-0.615212537136,0.00575977917965
5,2,8,59,3.17000242778,3.26616909005,-0.61565738841,-0.0184117474255
6,2,16,59,3.1683588173,3.27914175005,-0.617300998888,-0.0054390874274
7,2,32,59,3.16588904708,3.24500432143,-0.619770769108,-0.0395765160461
8,3,4,59,3.08952012805,3.2349282464,-0.696139688138,-0.0496525910765
9,3,8,59,3.07042484898,3.2080030471,-0.715234967202,-0.0765777903803
10,3,16,59,3.06911105307,3.2199253396,-0.716548763119,-0.0646554978784
11,3,32,59,3.06464815034,3.19544624888,-0.721011665843,-0.0891345885969
0,1,4,60,4.3057443775,3.28022985118,0.00709676481462,-0.01876362053
1,1,8,60,4.30442759667,3.31058331959,0.00577998398613,0.0115898478779
2,1,16,60,4.30215641329,3.29176859105,0.00350880060763,-0.00722488066459
3,1,32,60,4.29864761269,3.29899347171,0,0
4,2,4,60,3.78608148252,3.27970949375,-0.512566130161,-0.0192839779658
5,2,8,60,3.77642103833,3.25734192185,-0.522226574351,-0.0416515498618
6,2,16,60,3.76424557951,3.27730532849,-0.534402033174,-0.0216881432197
7,2,32,60,3.75126498534,3.24615929411,-0.547382627347,-0.0528341775993
8,3,4,60,3.61190369138,3.26711556091,-0.686743921306,-0.0318779107968
9,3,8,60,3.58845664242,3.22121771908,-0.71019097027,-0.0777757526303
10,3,16,60,3.58473792788,3.24842840679,-0.713909684802,-0.050565064919
11,3,32,60,3.80828531412,3.21141570367,-0.490362298564,-0.0875777680458
0,1,4,61,3.92950607311,3.46743266973,0.0129314937533,-0.0241420896436
1,1,8,61,3.92727427755,3.51641696326,0.0106996981956,0.024842203879
2,1,16,61,3.92323974136,3.49810279412,0.00666516200959,0.00652803474519
3,1,32,61,3.91657457935,3.49157475938,0,0
4,2,4,61,3.38648815766,3.56210595296,-0.530086421691,0.0705311935835
5,2,8,61,3.38564683202,3.54175537877,-0.530927747338,0.0501806193949
6,2,16,61,3.38014750357,3.5464186049,-0.536427075784,0.0548438455248
7,2,32,61,3.36929652986,3.49246089671,-0.547278049498,0.000886137333947
8,3,4,61,3.25061148873,3.52700652418,-0.665963090627,0.0354317648053
9,3,8,61,3.21448857717,3.48497217468,-0.702086002179,-0.00660258469921
10,3,16,61,3.20714545087,3.47506180522,-0.709429128482,-0.0165129541603
11,3,32,61,3.19333473182,3.43445439507,-0.723239847532,-0.0571203643069
0,1,4,62,4.31777387614,3.26064615395,0.0147011860838,0.00386381165709
1,1,8,62,4.31504881731,3.28558097949,0.0119761272608,0.0287986372007
2,1,16,62,4.31034917864,3.25395776312,0.00727648859076,-0.00282457917251
3,1,32,62,4.30307269005,3.25678234229,0,0
4,2,4,62,3.86152547362,3.40354385366,-0.44154721643,0.146761511367
5,2,8,62,3.8445704503,3.39152125404,-0.458502239755,0.134738911752
6,2,16,62,3.82333694591,3.36310760568,-0.47973574414,0.106325263392
7,2,32,62,3.80078930621,3.29113919796,-0.502283383845,0.0343568556728
8,3,4,62,3.6533908353,3.40727264682,-0.649681854757,0.150490304529
9,3,8,62,3.60704027461,3.31328097045,-0.696032415439,0.0564986281585
10,3,16,62,3.5918714776,3.28466895571,-0.711201212448,0.0278866134194
11,3,32,62,3.78786686898,3.23005589651,-0.515205821071,-0.0267264457828
0,1,4,63,3.97513201333,3.34050140602,0.0144269711291,-0.0143820324644
1,1,8,63,3.9724750649,3.3707933733,0.0117700227011,0.015909934811
2,1,16,63,3.96787497253,3.35639953499,0.00716993033756,0.0015160964967
3,1,32,63,3.9607050422,3.35488343849,0,0
4,2,4,63,3.45830507069,3.50742625863,-0.502399971509,0.15254282014
5,2,8,63,3.44539069161,3.48249725691,-0.515314350586,0.12761381842
6,2,16,63,3.42963809104,3.44722571853,-0.531066951154,0.0923422800377
7,2,32,63,3.41348082998,3.38755323862,-0.547224212214,0.0326698001262
8,3,4,63,3.24595872817,3.49929678073,-0.714746314026,0.144413342244
9,3,8,63,3.20155624701,3.42205177922,-0.75914879519,0.0671683407346
10,3,16,63,3.18795548017,3.38401502973,-0.772749562025,0.0291315912448
11,3,32,63,3.27883117373,3.31699551366,-0.68187386847,-0.0378879248277
0,1,4,64,4.64851234472,3.29385743497,0.00566412687987,-0.0238834703748
1,1,8,64,4.64750939427,3.32813574756,0.00466117643111,0.0103948422209
2,1,16,64,4.64572725396,3.30740988245,0.00287903611679,-0.0103310228961
3,1,32,64,4.64284821784,3.31774090534,0,0
4,2,4,64,4.18726211326,3.33594770228,-0.455586104584,0.0182067969349
5,2,8,64,4.17101304634,3.30076818128,-0.471835171505,-0.0169727240617
6,2,16,64,4.15184995198,3.31292596123,-0.490998265866,-0.00481494410761
7,2,32,64,4.1328507095,3.27434462894,-0.509997508338,-0.0433962764004
8,3,4,64,3.93234973926,3.3094063059,-0.710498478585,-0.00833459943893
9,3,8,64,3.90343436422,3.25507219344,-0.739413853626,-0.0626687118993
10,3,16,64,3.89592134886,3.25754677902,-0.746926868981,-0.0601941263184
11,3,32,64,4.26353252317,3.23448715607,-0.379315694667,-0.0832537492664
0,1,4,65,4.04681805675,3.259104748,0.0121122757106,-0.0057572837422
1,1,8,65,4.0444737567,3.29384567541,0.00976797565945,0.0289836436608
2,1,16,65,4.04054080481,3.26272782265,0.00583502377115,-0.00213420909872
3,1,32,65,4.03470578104,3.26486203175,0,0
4,2,4,65,3.38959444597,3.3062399685,-0.645111335071,0.0413779367517
5,2,8,65,3.38033192651,3.29714188659,-0.654373854535,0.0322798548466
6,2,16,65,3.36875794817,3.27990080304,-0.665947832873,0.0150387712897
7,2,32,65,3.35662410331,3.25236872107,-0.678081677736,-0.0124933106749
8,3,4,65,3.20509480132,3.30681361684,-0.829610979723,0.0419515850948
9,3,8,65,3.17718875107,3.24669677793,-0.857517029978,-0.0181652538133
10,3,16,65,3.16940946102,3.24492331351,-0.865296320027,-0.0199387182312
11,3,32,65,3.29540765431,3.20245084399,-0.739298126733,-0.0624111877598
0,1,4,66,3.96125840557,3.15704921294,0.000581288352034,-0.0287324329747
1,1,8,66,3.9610276503,3.17770167762,0.00035053308678,-0.00807996829331
2,1,16,66,3.9607666162,3.17504547514,8.94989861444e-05,-0.0107361707722
3,1,32,66,3.96067711721,3.18578164591,0,0
4,2,4,66,3.2315214061,3.03003654729,-0.729155711117,-0.155745098627
5,2,8,66,3.23011255205,3.01184383918,-0.730564565164,-0.173937806732
6,2,16,66,3.22933729095,3.05185410903,-0.731339826266,-0.133927536885
7,2,32,66,3.23017944636,3.06335604423,-0.730497670851,-0.122425601688
8,3,4,66,3.10005919595,3.00923100731,-0.860617921267,-0.176550638605
9,3,8,66,3.10111790834,3.00332882964,-0.85955920887,-0.182452816272
10,3,16,66,3.1075364002,3.07061228071,-0.853140717012,-0.115169365201
11,3,32,66,3.23498316702,3.04467601123,-0.725693950193,-0.141105634682
0,1,4,67,4.40534688897,3.20641134659,0.00637272872268,-0.00893413679244
1,1,8,67,4.40417187773,3.23128295979,0.00519771748224,0.0159374764067
2,1,16,67,4.40213820847,3.20750469719,0.00316404822112,-0.00784078619888
3,1,32,67,4.39897416025,3.21534548338,0,0
4,2,4,67,3.8605514278,3.20668077269,-0.538422732452,-0.00866471069576
5,2,8,67,3.85063079479,3.1920457686,-0.548343365457,-0.0232997147872
6,2,16,67,3.83757907473,3.20991273061,-0.561395085514,-0.00543275277428
7,2,32,67,3.82325966163,3.16855955232,-0.57571449862,-0.0467859310687
8,3,4,67,3.68206127022,3.18510520421,-0.716912890028,-0.0302402791729
9,3,8,67,3.6583320058,3.13514585223,-0.740642154448,-0.0801996311586
10,3,16,67,3.65342175498,3.15404399175,-0.745552405263,-0.0613014916318
11,3,32,67,3.87978971034,3.13379579362,-0.51918444991,-0.0815496897643
0,1,4,68,4.00316143036,3.21610619703,0.0123585836631,0.00715312419285
1,1,8,68,4.00073805659,3.24308068032,0.00993520988855,0.0341276074838
2,1,16,68,3.9967058537,3.21442487591,0.005903006998,0.00547180307208
3,1,32,68,3.9908028467,3.20895307284,0,0
4,2,4,68,3.35331515784,3.25429431669,-0.637487688855,0.0453412438507
5,2,8,68,3.34543822898,3.24100588296,-0.645364617715,0.032052810128
6,2,16,68,3.33557278891,3.23645601415,-0.655230057794,0.0275029413158
7,2,32,68,3.32507173449,3.1986366252,-0.665731112204,-0.0103164476367
8,3,4,68,3.18011498409,3.25105172792,-0.810687862606,0.0420986550885
9,3,8,68,3.15483393661,3.19448595895,-0.835968910091,-0.014467113881
10,3,16,68,3.1484009761,3.20033194791,-0.842401870597,-0.00862112492987
11,3,32,68,3.26585425486,3.16061178513,-0.72494859184,-0.0483412877072
0,1,4,69,3.48171199847,3.10220951666,0.00618336375199,-0.00247653647928
1,1,8,69,3.48027062616,3.11613529363,0.00474199143606,0.0114492404857
2,1,16,69,3.4781167544,3.11460568355,0.00258811968308,0.00991963040335
3,1,32,69,3.47552863472,3.10468605314,0,0
4,2,4,69,2.59468400733,3.05739203261,-0.880844627394,-0.0472940205362
5,2,8,69,2.59439758088,3.03026731911,-0.881131053837,-0.0744187340296
6,2,16,69,2.59689970769,3.03645497232,-0.878628927029,-0.0682310808208
7,2,32,69,2.60318656677,3.04021306347,-0.872342067949,-0.0644729896737
8,3,4,69,2.42888906384,3.03463528873,-1.04663957088,-0.0700507644159
9,3,8,69,2.42799471179,3.02197739254,-1.04753392293,-0.0827086606039
10,3,16,69,2.43100409637,3.04983885961,-1.04452453835,-0.0548471935346
11,3,32,69,2.43845710195,3.01545093787,-1.03707153277,-0.0892351152735
0,1,4,70,4.15388981478,3.29322793561,0.00503298463161,-0.0223319263922
1,1,8,70,4.1530346985,3.32453866287,0.00417786835635,0.00897880086566
2,1,16,70,4.15147267962,3.30885779211,0.00261584947578,-0.00670206989446
3,1,32,70,4.14885683015,3.315559862,0,0
4,2,4,70,3.57449784218,3.27495531839,-0.574358987967,-0.0406045436118
5,2,8,70,3.57163468266,3.25717890415,-0.577222147484,-0.0583809578467
6,2,16,70,3.56592894581,3.2848678087,-0.58292788434,-0.0306920533016
7,2,32,70,3.55781451098,3.25425194191,-0.591042319169,-0.0613079200921
8,3,4,70,3.44823547983,3.23655854981,-0.700621350316,-0.0790013121912
9,3,8,70,3.42898131349,3.20805565201,-0.719875516655,-0.107504209986
10,3,16,70,3.42770641916,3.23548795562,-0.721150410991,-0.0800719063844
11,3,32,70,3.5387755235,3.21600949914,-0.610081306645,-0.0995503628644
0,1,4,71,3.53995116164,3.11503946281,0.00342850514336,-0.0120687921004
1,1,8,71,3.53908858514,3.12579316341,0.00256592863771,-0.00131509149583
2,1,16,71,3.53785607081,3.12267173119,0.00133341431206,-0.00443652371704
3,1,32,71,3.5365226565,3.12710825491,0,0
4,2,4,71,2.71044900394,3.03860297952,-0.82607365256,-0.0885052753895
5,2,8,71,2.71009628559,3.02125367729,-0.826426370908,-0.105854577617
6,2,16,71,2.71210798051,3.03046797184,-0.824414675989,-0.0966402830679
7,2,32,71,2.71764557771,3.04257032578,-0.818877078788,-0.0845379291294
8,3,4,71,2.6045967203,3.01863752545,-0.931925936203,-0.108470729463
9,3,8,71,2.6040334076,3.00411930782,-0.9324892489,-0.122988947088
10,3,16,71,2.60842114306,3.04795616535,-0.928101513437,-0.0791520895615
11,3,32,71,2.61351861328,3.01043392532,-0.923004043219,-0.11667432959
0,1,4,72,3.80106093941,3.23315365454,0.0104987768529,-0.00988774260616
1,1,8,72,3.79904031167,3.26533567731,0.00847814911096,0.0222942801684
2,1,16,72,3.79563942534,3.25163934736,0.00507726277864,0.00859795021272
3,1,32,72,3.79056216256,3.24304139715,0,0
4,2,4,72,3.05920127484,3.24937397546,-0.73136088772,0.00633257831408
5,2,8,72,3.05858391143,3.23736903004,-0.731978251129,-0.00567236710624
6,2,16,72,3.0560391694,3.2429498042,-0.734522993156,-9.15929448002e-05
7,2,32,72,3.05166604301,3.21131876339,-0.73889611955,-0.0317226337547
8,3,4,72,2.8904270236,3.22863554854,-0.900135138962,-0.0144058486062
9,3,8,72,2.87103366236,3.19666284152,-0.919528500199,-0.046378555629
10,3,16,72,2.86791067046,3.20558136597,-0.922651492102,-0.0374600311811
11,3,32,72,2.86343084873,3.17300246716,-0.927131313829,-0.0700389299869
0,1,4,73,4.09921905604,3.49415391335,0.0174645759635,-0.00374453820557
1,1,8,73,4.09608666361,3.5386184933,0.0143321835353,0.0407200417406
2,1,16,73,4.0905647166,3.4914569849,0.00881023652412,-0.00644146666027
3,1,32,73,4.08175448007,3.49789845156,0,0
4,2,4,73,3.68788497816,3.6697493412,-0.393869501909,0.17185088964
5,2,8,73,3.67451271218,3.65598652138,-0.407241767889,0.158088069828
6,2,16,73,3.6562251472,3.61345144156,-0.425529332874,0.115552990007
7,2,32,73,3.63473248625,3.55585963439,-0.447021993824,0.057961182837
8,3,4,73,3.56955240574,3.66774156339,-0.512202074329,0.169843111835
9,3,8,73,3.51668482534,3.57314853033,-0.56506965473,0.0752500787779
10,3,16,73,3.50070363819,3.53724725081,-0.581050841881,0.039348799258
11,3,32,73,3.61200721916,3.4729714005,-0.469747260912,-0.0249270510548
0,1,4,74,4.11290543548,3.0787836134,0.00374874762127,-0.0258973015099
1,1,8,74,4.11201610041,3.11151033574,0.00285941254712,0.00682942082847
2,1,16,74,4.1106987559,3.09978554981,0.00154206804345,-0.0048953651021
3,1,32,74,4.10915668786,3.10468091491,0,0
4,2,4,74,3.2544055274,2.9270498926,-0.85475116046,-0.177631022308
5,2,8,74,3.2538160753,2.92952226499,-0.855340612563,-0.175158649921
6,2,16,74,3.25226316293,2.96780903308,-0.856893524929,-0.136871881832
7,2,32,74,3.25037420378,2.97852398933,-0.858782484079,-0.126156925574
8,3,4,74,3.04781317361,2.92732771038,-1.06134351425,-0.17735320453
9,3,8,74,3.05014977032,2.91952810043,-1.05900691754,-0.185152814478
10,3,16,74,3.05518886883,2.98478219003,-1.05396781903,-0.119898724881
11,3,32,74,3.18631373005,2.97006019495,-0.922842957806,-0.134620719955
0,1,4,75,3.77713977596,3.22459893132,-0.000712696852641,-0.0434756923147
1,1,8,75,3.77722899949,3.2569172414,-0.000623473321515,-0.0111573822404
2,1,16,75,3.77743060462,3.2607361066,-0.000421868194372,-0.0073385170426
3,1,32,75,3.77785247281,3.26807462364,0,0
4,2,4,75,2.96282148744,3.06672705424,-0.815030985374,-0.201347569399
5,2,8,75,2.97008102579,3.05084425007,-0.807771447025,-0.217230373573
6,2,16,75,2.97756164872,3.10464339741,-0.800290824087,-0.163431226224
7,2,32,75,2.98443402482,3.12566760223,-0.793418447992,-0.142407021412
8,3,4,75,2.85952676066,3.02566004614,-0.918325712149,-0.242414577499
9,3,8,75,2.86666065171,3.04650524246,-0.911191821103,-0.221569381175
10,3,16,75,2.87684770402,3.12051199884,-0.901004768786,-0.147562624799
11,3,32,75,2.88222154043,3.10729607788,-0.895630932384,-0.160778545758
0,1,4,76,4.28188651675,3.28763790605,-0.00226636023955,-0.0358970344773
1,1,8,76,4.28227229993,3.31669015628,-0.0018805770664,-0.0068447842427
2,1,16,76,4.28297363426,3.30311710457,-0.00117924273575,-0.0204178359537
3,1,32,76,4.28415287699,3.32353494052,0,0
4,2,4,76,3.70036623802,3.15894774481,-0.583786638974,-0.16458719571
5,2,8,76,3.69412475873,3.12237256917,-0.590028118263,-0.201162371354
6,2,16,76,3.68844238457,3.17096951086,-0.595710492424,-0.152565429666
7,2,32,76,3.68495792216,3.19255361028,-0.599194954835,-0.130981330242
8,3,4,76,3.58006785756,3.12388924026,-0.70408501943,-0.199645700267
9,3,8,76,3.57932360417,3.11681357861,-0.704829272824,-0.206721361914
10,3,16,76,3.58575704361,3.18845778828,-0.698395833381,-0.135077152246
11,3,32,76,3.88132565961,3.17178031053,-0.402827217386,-0.151754629997
0,1,4,77,4.34862032249,3.34064523605,0.00638919311991,-0.0268645692413
1,1,8,77,4.34749062586,3.37926836988,0.00525949649335,0.0117585645839
2,1,16,77,4.34548156187,3.36443759388,0.00325043250137,-0.00307221141897
3,1,32,77,4.34223112937,3.36750980529,0,0
4,2,4,77,3.81492522756,3.38068803297,-0.527305901808,0.013178227674
5,2,8,77,3.80501119472,3.34326030613,-0.537219934648,-0.0242494991693
6,2,16,77,3.79269121786,3.35812557459,-0.549539911509,-0.00938423070288
7,2,32,77,3.77974329372,3.32487425485,-0.562487835648,-0.0426355504417
8,3,4,77,3.59013835367,3.34348284193,-0.752092775697,-0.0240269633653
9,3,8,77,3.56476605437,3.30502692233,-0.777465074996,-0.0624828829657
10,3,16,77,3.55952617112,3.30787013857,-0.782704958254,-0.0596396667282
11,3,32,77,3.8049476246,3.28401377837,-0.537283504767,-0.0834960269288
0,1,4,78,4.00643510086,3.40563911867,0.012998950752,-0.00470310072945
1,1,8,78,4.00411887913,3.43567749015,0.0106827290253,0.02533527075
2,1,16,78,4.00001975838,3.41560729733,0.00658360827168,0.00526507793219
3,1,32,78,3.99343615011,3.4103422194,0,0
4,2,4,78,3.5672265256,3.54677215466,-0.426209624509,0.136429935261
5,2,8,78,3.55823583691,3.51309914254,-0.435200313198,0.10275692314
6,2,16,78,3.54596956079,3.50462565907,-0.447466589318,0.0942834396667
7,2,32,78,3.53157247948,3.43805109015,-0.461863670629,0.0277088707488
8,3,4,78,3.42506997468,3.51598933712,-0.568366175433,0.105647117716
9,3,8,78,3.38377244058,3.45095568726,-0.609663709531,0.0406134678563
10,3,16,78,3.37327778251,3.42968104706,-0.6201583676,0.0193388276568
11,3,32,78,3.46601479005,3.37808396049,-0.527421360059,-0.032258258915
0,1,4,79,3.85370907658,3.40269896244,0.0118424936957,-0.0134392739259
1,1,8,79,3.85165241593,3.43512297878,0.00978583304529,0.0189847424159
2,1,16,79,3.84795186881,3.41943924268,0.00608528592382,0.00330100630721
3,1,32,79,3.84186658288,3.41613823637,0,0
4,2,4,79,3.33452666395,3.53203778122,-0.507339918934,0.115899544849
5,2,8,79,3.33042309728,3.50763395436,-0.511443485602,0.0914957179883
6,2,16,79,3.32280111411,3.49668634228,-0.519065468773,0.0805481059108
7,2,32,79,3.3120579421,3.43535994274,-0.52980864078,0.0192217063724
8,3,4,79,3.21491814937,3.49015442841,-0.626948433517,0.0740161920434
9,3,8,79,3.17624513481,3.43619535088,-0.665621448073,0.0200571145096
10,3,16,79,3.16702940002,3.4122175717,-0.674837182868,-0.00392066466507
11,3,32,79,3.15369991687,3.36807586464,-0.688166666009,-0.0480623717278
0,1,4,80,3.58130974739,3.22272922295,0.015559795429,0.00853421069383
1,1,8,80,3.57819888042,3.24846030944,0.0124489284535,0.0342652971872
2,1,16,80,3.57308645922,3.22730653729,0.007336507251,0.0131115250349
3,1,32,80,3.56574995197,3.21419501225,0,0
4,2,4,80,2.84071947637,3.28671780209,-0.725030475592,0.0725227898406
5,2,8,80,2.83547037523,3.2726813759,-0.730279576732,0.05848636365
6,2,16,80,2.82974526122,3.25052789339,-0.736004690748,0.0363328811392
7,2,32,80,2.82458049572,3.22067503026,-0.741169456242,0.00648001800417
8,3,4,80,2.6760194485,3.2963630853,-0.889730503465,0.0821680730507
9,3,8,80,2.65113792181,3.24067231301,-0.914612030155,0.0264773007552
10,3,16,80,2.64476119357,3.23935952018,-0.920988758395,0.0251645079274
11,3,32,80,2.63904324053,3.1763990983,-0.926706711439,-0.0377959139488
0,1,4,81,4.07852627948,3.29590290586,0.00558632159758,-0.0168902268174
1,1,8,81,4.07754855799,3.32238259354,0.00460860010958,0.00958946086281
2,1,16,81,4.0757991033,3.30655917191,0.00285914541536,-0.00623396077242
3,1,32,81,4.07293995788,3.31279313268,0,0
4,2,4,81,3.50419386141,3.32927915954,-0.568746096467,0.0164860268582
5,2,8,81,3.49829509389,3.30291062918,-0.574644863994,-0.00988250349664
6,2,16,81,3.49046010591,3.31065155358,-0.582479851968,-0.00214157909753
7,2,32,81,3.48195798537,3.27695451239,-0.59098197251,-0.0358386202903
8,3,4,81,3.36584931459,3.28400525924,-0.707090643285,-0.028787873444
9,3,8,81,3.34232125484,3.24579960419,-0.730618703042,-0.0669935284859
10,3,16,81,3.33824308833,3.25035748387,-0.734696869549,-0.0624356488061
11,3,32,81,3.45682933903,3.22730497936,-0.616110618848,-0.0854881533186
0,1,4,82,4.31715117784,3.50537594941,0.0251802289772,0.0061301376956
1,1,8,82,4.31272099156,3.55283295938,0.0207500426983,0.0535871476697
2,1,16,82,4.30481366388,3.49657179779,0.0128427150154,-0.00267401391773
3,1,32,82,4.29197094886,3.49924581171,0,0
4,2,4,82,4.0302054828,3.80683104365,-0.261765466063,0.307585231933
5,2,8,82,4.01231659265,3.81453583768,-0.279654356211,0.315290025968
6,2,16,82,3.98507236082,3.74498810478,-0.306898588041,0.245742293068
7,2,32,82,3.95042572269,3.62978366882,-0.341545226167,0.130537857111
8,3,4,82,3.87330940664,3.82206645299,-0.418661542221,0.322820641274
9,3,8,82,3.79405158293,3.68372349109,-0.497919365932,0.184477679379
10,3,16,82,3.76688430582,3.60306894452,-0.52508664304,0.103823132812
11,3,32,82,3.83243047949,3.52579024692,-0.459540469373,0.0265444352085
0,1,4,83,3.88853750728,3.42136433005,0.0116940967135,-0.0199347697554
1,1,8,83,3.88651474914,3.4558785397,0.00967133857453,0.0145794399021
2,1,16,83,3.88286252907,3.43271019181,0.00601911850449,-0.00858890799686
3,1,32,83,3.87684341057,3.4412990998,0,0
4,2,4,83,3.40966220432,3.49791214293,-0.467181206248,0.0566130431295
5,2,8,83,3.40584266072,3.49062674778,-0.471000749852,0.0493276479724
6,2,16,83,3.39782253811,3.48493130546,-0.479020872459,0.0436322056577
7,2,32,83,3.38583130181,3.43780609874,-0.491012108756,-0.00349300106617
8,3,4,83,3.35173939228,3.48201604583,-0.525104018293,0.0407169460313
9,3,8,83,3.3141779847,3.4230586132,-0.56266542587,-0.018240486603
10,3,16,83,3.30687600295,3.4283300346,-0.569967407616,-0.0129690651981
11,3,32,83,3.29009433269,3.37014687846,-0.586749077881,-0.071152221338
0,1,4,84,4.24073586493,3.18821606731,-0.00116201061496,-0.0402071674552
1,1,8,84,4.24087731685,3.21528172016,-0.00102055870333,-0.0131415146106
2,1,16,84,4.24120518155,3.22109447672,-0.000692694001624,-0.00732875804564
3,1,32,84,4.24189787555,3.22842323477,0,0
4,2,4,84,3.55461471495,3.09666456797,-0.687283160598,-0.131758666802
5,2,8,84,3.54888300567,3.05677777232,-0.69301486988,-0.17164546245
6,2,16,84,3.54378761276,3.10103858872,-0.698110262789,-0.127384646051
7,2,32,84,3.54117575361,3.10525019829,-0.700722121936,-0.123173036477
8,3,4,84,3.3216382324,3.05649641585,-0.920259643152,-0.171926818917
9,3,8,84,3.32040747693,3.05505404713,-0.92149039862,-0.173369187642
10,3,16,84,3.32493608615,3.10258469549,-0.916961789397,-0.12583853928
11,3,32,84,3.58072688351,3.08936144197,-0.66117099204,-0.139061792803
0,1,4,85,4.65312964657,3.39272025356,0.0125379541274,-0.00670661005258
1,1,8,85,4.65094179111,3.42468334975,0.0103500986727,0.0252564861365
2,1,16,85,4.64701630001,3.38547349087,0.00642460757008,-0.0139533727428
3,1,32,85,4.64059169244,3.39942686361,0,0
4,2,4,85,4.36606223351,3.58222626496,-0.274529458932,0.182799401352
5,2,8,85,4.34241470405,3.55286262959,-0.298176988384,0.15343576598
6,2,16,85,4.31385476233,3.51849979222,-0.326736930108,0.119072928613
7,2,32,85,4.28449210431,3.44445904158,-0.356099588129,0.0450321779697
8,3,4,85,4.14841327734,3.56784256076,-0.492178415097,0.168415697151
9,3,8,85,4.09319828126,3.46276656725,-0.547393411176,0.0633397036353
10,3,16,85,4.07471264583,3.41734749369,-0.565879046604,0.017920630078
11,3,32,85,4.42075425856,3.3687915153,-0.219837433878,-0.0306353483156
0,1,4,86,4.0531898504,3.19343267994,0.00427569668391,-0.00941998176246
1,1,8,86,4.05242678474,3.20461657205,0.00351263102898,0.00176391034855
2,1,16,86,4.05108124284,3.19457389109,0.00216708912398,-0.00827877061195
3,1,32,86,4.04891415371,3.2028526617,0,0
4,2,4,86,3.47219819592,3.23832677952,-0.576715957798,0.0354741178178
5,2,8,86,3.46447478534,3.21453188415,-0.584439368371,0.0116792224461
6,2,16,86,3.45540705998,3.21514503489,-0.593507093738,0.0122923731824
7,2,32,86,3.44705754245,3.17230643402,-0.601856611261,-0.0305462276847
8,3,4,86,3.33273398901,3.19034337156,-0.716180164701,-0.012509290146
9,3,8,86,3.30892649825,3.14510928519,-0.739987655464,-0.0577433765154
10,3,16,86,3.30392307906,3.14292152151,-0.744991074654,-0.0599311401927
11,3,32,86,3.41297453515,3.12007030865,-0.635939618561,-0.0827823530569
0,1,4,87,3.89859247728,3.1682426801,-0.00102335527299,-0.0303396059805
1,1,8,87,3.89866825351,3.18461609004,-0.000947579045588,-0.0139661960367
2,1,16,87,3.89892954546,3.18392952976,-0.000686287098578,-0.0146527563211
3,1,32,87,3.89961583255,3.19858228608,0,0
4,2,4,87,3.14816034086,3.11352380689,-0.75145549169,-0.0850584791882
5,2,8,87,3.14246462544,3.08057856032,-0.757151207119,-0.11800372576
6,2,16,87,3.13890299325,3.08870638384,-0.760712839305,-0.109875902239
7,2,32,87,3.13990080871,3.10333976303,-0.759715023847,-0.0952425230463
8,3,4,87,2.9850303588,3.06849685346,-0.91458547375,-0.13008543262
9,3,8,87,2.98171596449,3.05525701294,-0.91789986806,-0.143325273137
10,3,16,87,2.98433466749,3.08218378069,-0.91528116506,-0.116398505386
11,3,32,87,3.1338557273,3.06245484256,-0.765760105253,-0.136127443517
0,1,4,88,3.96683194872,3.51570638914,0.0200097015501,-0.0010693056957
1,1,8,88,3.96335608097,3.55804760586,0.0165338337986,0.0412719110214
2,1,16,88,3.95710149769,3.51593495002,0.0102792505246,-0.000840744819374
3,1,32,88,3.94682224717,3.51677569483,0,0
4,2,4,88,3.57144043842,3.78246402223,-0.375381808745,0.265688327397
5,2,8,88,3.56043158776,3.77386216144,-0.386390659406,0.257086466601
6,2,16,88,3.54278429426,3.71334882527,-0.404037952914,0.196573130434
7,2,32,88,3.51965702346,3.62143888595,-0.427165223714,0.10466319112
8,3,4,88,3.45935554137,3.7598852525,-0.487466705805,0.243109557667
9,3,8,88,3.39380709617,3.65508215284,-0.553015150995,0.138306458001
10,3,16,88,3.37269796274,3.58020234571,-0.574124284425,0.0634266508716
11,3,32,88,3.3463470697,3.51804487734,-0.600475177469,0.00126918250086
0,1,4,89,3.69599547825,3.31049814383,0.00647258043635,-0.01142384084
1,1,8,89,3.69483195077,3.3300802291,0.00530905295306,0.00815824442306
2,1,16,89,3.69278779397,3.3159271999,0.00326489615392,-0.00599478477135
3,1,32,89,3.68952289782,3.32192198467,0,0
4,2,4,89,3.06815538606,3.38561069154,-0.621367511753,0.0636887068705
5,2,8,89,3.06429296497,3.35835418885,-0.625229932841,0.0364322041769
6,2,16,89,3.05987377344,3.34141991371,-0.62964912438,0.01949792904
7,2,32,89,3.05612845704,3.3121407832,-0.633394440773,-0.00978120146932
8,3,4,89,2.98175048115,3.33205061996,-0.707772416665,0.0101286352884
9,3,8,89,2.9564306963,3.29067983555,-0.733092201512,-0.0312421491222
10,3,16,89,2.95137796216,3.27712361419,-0.738144935653,-0.0447983704809
11,3,32,89,2.94610364719,3.24428872923,-0.743419250631,-0.0776332554486
0,1,4,90,4.1813382137,3.40574874018,0.0196547552525,0.0064480547758
1,1,8,90,4.17784286152,3.43871483773,0.0161594030709,0.0394141523296
2,1,16,90,4.17164966285,3.39615006762,0.00996620439971,-0.0031506177813
3,1,32,90,4.16168345845,3.3993006854,0,0
4,2,4,90,3.8106080382,3.6537044398,-0.351075420243,0.254403754393
5,2,8,90,3.79420835013,3.64828078718,-0.367475108321,0.248980101778
6,2,16,90,3.77138787867,3.5905975429,-0.390295579773,0.191296857494
7,2,32,90,3.7445290167,3.4949782461,-0.417154441749,0.0956775606984
8,3,4,90,3.65604543026,3.65083358627,-0.505638028189,0.251532900865
9,3,8,90,3.59143045641,3.53437122087,-0.570253002033,0.135070535468
10,3,16,90,3.56964972786,3.46867821919,-0.592033730585,0.0693775337918
11,3,32,90,3.64969184429,3.40270723199,-0.511991614161,0.0034065465837
0,1,4,91,4.03134583249,3.20379669132,-0.00219447120462,-0.0251453637657
1,1,8,91,4.03170803395,3.22716819283,-0.00183226973985,-0.00177386224995
2,1,16,91,4.03238424732,3.21814915568,-0.00115605636838,-0.0107928993987
3,1,32,91,4.03354030369,3.22894205508,0,0
4,2,4,91,3.29460967406,3.10221054742,-0.738930629635,-0.126731507666
5,2,8,91,3.29377749844,3.07051501035,-0.739762805251,-0.158427044732
6,2,16,91,3.29379955198,3.10723923368,-0.739740751715,-0.121702821402
7,2,32,91,3.29560210297,3.11801916044,-0.737938200724,-0.110922894645
8,3,4,91,3.16661847031,3.03954768478,-0.86692183338,-0.189394370304
9,3,8,91,3.16821909923,3.04195461,-0.865321204464,-0.186987445084
10,3,16,91,3.1739403906,3.08635854778,-0.859599913094,-0.142583507305
11,3,32,91,3.32888120845,3.09148183226,-0.704659095244,-0.137460222822
0,1,4,92,3.68219001391,3.19873182464,0.00174068017315,-0.0347108678184
1,1,8,92,3.68173151272,3.22580508214,0.00128217898059,-0.00763761031868
2,1,16,92,3.6810907203,3.21822650811,0.000641386559316,-0.0152161843392
3,1,32,92,3.68044933374,3.23344269245,0,0
4,2,4,92,2.87328624421,3.04264473359,-0.807163089531,-0.190797958863
5,2,8,92,2.87693174819,3.04027651925,-0.803517585549,-0.193166173199
6,2,16,92,2.88129067041,3.07205858613,-0.799158663334,-0.161384106324
7,2,32,92,2.88638727439,3.10354325284,-0.794062059347,-0.129899439618
8,3,4,92,2.80854143158,3.03433638559,-0.871907902156,-0.19910630686
9,3,8,92,2.81245366824,3.03350534504,-0.867995665504,-0.199937347417
10,3,16,92,2.82087953258,3.1124078651,-0.85956980116,-0.121034827356
11,3,32,92,2.82352028889,3.07619683712,-0.85692904485,-0.15724585533
0,1,4,93,3.77221611003,3.07165962858,0.000852346258178,-0.0253343531798
1,1,8,93,3.77191207614,3.08683960038,0.000548312366525,-0.0101543813878
2,1,16,93,3.77155203293,3.08241952775,0.000188269160169,-0.0145744540086
3,1,32,93,3.77136376377,3.09699398176,0,0
4,2,4,93,2.93011641614,2.93433005502,-0.841247347631,-0.162663926741
5,2,8,93,2.93202147554,2.93847666497,-0.839342288237,-0.15851731679
6,2,16,93,2.93432347734,2.96328812525,-0.837040286431,-0.133705856511
7,2,32,93,2.93773911001,2.97716293766,-0.833624653761,-0.119831044098
8,3,4,93,2.83100542509,2.91791741833,-0.940358338684,-0.179076563431
9,3,8,93,2.83334101938,2.90957819281,-0.938022744389,-0.187415788951
10,3,16,93,2.83948970201,2.97211649884,-0.931874061759,-0.124877482925
11,3,32,93,2.84257203495,2.94878336717,-0.928791728825,-0.148210614589
0,1,4,94,4.83585568607,3.37059624157,0.0135341275707,-0.00925418257609
1,1,8,94,4.83341977014,3.40597548183,0.0110982116442,0.0261250576865
2,1,16,94,4.82913447787,3.36546389901,0.00681291937186,-0.0143865251353
3,1,32,94,4.8223215585,3.37985042415,0,0
4,2,4,94,4.58235656468,3.51596977914,-0.239964993817,0.13611935499
5,2,8,94,4.55625854499,3.49073852508,-0.266063013505,0.110888100937
6,2,16,94,4.52488817708,3.4712987719,-0.297433381421,0.0914483477536
7,2,32,94,4.49258922389,3.40257426736,-0.329732334613,0.0227238432106
8,3,4,94,4.33510167268,3.53147757974,-0.487219885821,0.151627155597
9,3,8,94,4.2821768339,3.42352384527,-0.540144724596,0.0436734211287
10,3,16,94,4.26504885658,3.40380533602,-0.557272701922,0.0239549118746
11,3,32,94,4.69814849556,3.34333901763,-0.124173062937,-0.0365114065173
0,1,4,95,4.05268656328,3.40386383381,0.015584106214,0.000907367483001
1,1,8,95,4.04987543853,3.43614277619,0.0127729814677,0.0331863098649
2,1,16,95,4.04494095338,3.40167888937,0.00783849631679,-0.00127757695867
3,1,32,95,4.03710245706,3.40295646632,0,0
4,2,4,95,3.60528608697,3.59344151667,-0.431816370099,0.190485050345
5,2,8,95,3.59171951177,3.57118708865,-0.445382945298,0.168230622321
6,2,16,95,3.57426653985,3.52976788062,-0.46283591721,0.126811414296
7,2,32,95,3.55508136503,3.46222836468,-0.482021092033,0.0592718983557
8,3,4,95,3.45332803297,3.57521722751,-0.583774424094,0.172260761188
9,3,8,95,3.40317046935,3.48593461663,-0.633931987716,0.082978150304
10,3,16,95,3.38735889294,3.43943088893,-0.649743564129,0.0364744226024
11,3,32,95,3.49177517579,3.38320042225,-0.545327281279,-0.0197560440782
0,1,4,96,3.6337729607,3.32652401942,0.00962754948925,-0.00614607367894
1,1,8,96,3.63194036468,3.3534035253,0.00779495346339,0.0207334321957
2,1,16,96,3.62883345575,3.34656906678,0.0046880445365,0.0138989736757
3,1,32,96,3.62414541121,3.3326700931,0,0
4,2,4,96,2.98633137685,3.3655873233,-0.637814034367,0.0329172301938
5,2,8,96,2.98647074278,3.32800473223,-0.637674668434,-0.00466536087165
6,2,16,96,2.9861994161,3.34336706693,-0.637945995111,0.0106969738286
7,2,32,96,2.98530866351,3.30990244265,-0.638836747705,-0.0227676504562
8,3,4,96,2.86400290467,3.3259489555,-0.760142506549,-0.0067211376024
9,3,8,96,2.84504411266,3.30164643544,-0.779101298559,-0.031023657665
10,3,16,96,2.84377123818,3.31366225229,-0.780374173031,-0.0190078408135
11,3,32,96,2.8407292412,3.27298580742,-0.783416170014,-0.0596842856847
0,1,4,97,3.93647342647,3.30774490798,0.00644545699114,-0.0063409166276
1,1,8,97,3.93529519438,3.32843408931,0.0052672249015,0.0143482647008
2,1,16,97,3.93324560575,3.320031978,0.00321763627528,0.00594615339181
3,1,32,97,3.93002796948,3.31408582461,0,0
4,2,4,97,3.38807607982,3.35286660255,-0.541951889658,0.0387807779411
5,2,8,97,3.38346979903,3.3090369839,-0.546558170443,-0.00504884071417
6,2,16,97,3.37806703064,3.32900889339,-0.55196093884,0.0149230687841
7,2,32,97,3.37269275954,3.28701922655,-0.557335209936,-0.0270665980567
8,3,4,97,3.2538263108,3.30010011938,-0.676201658675,-0.0139857052262
9,3,8,97,3.23242819397,3.26898783306,-0.697599775501,-0.0450979915503
10,3,16,97,3.22989673569,3.27735564475,-0.700131233789,-0.0367301798654
11,3,32,97,3.34137073109,3.24898350461,-0.588657238381,-0.0651023199974
0,1,4,98,4.06277047295,3.11799113246,0.00192925717665,-0.0325369236476
1,1,8,98,4.0622535401,3.14832219147,0.00141232432749,-0.00220586463981
2,1,16,98,4.06154058497,3.13970267501,0.000699369199023,-0.0108253811034
3,1,32,98,4.06084121577,3.15052805611,0,0
4,2,4,98,3.23045731506,2.99495946687,-0.830383900714,-0.155568589247
5,2,8,98,3.22797662363,2.98806166271,-0.832864592142,-0.162466393399
6,2,16,98,3.22543002566,3.01364938169,-0.835411190109,-0.136878674424
7,2,32,98,3.2241292205,3.03035980317,-0.836711995274,-0.120168252941
8,3,4,98,3.03291204982,2.98229094863,-1.02792916595,-0.16823710748
9,3,8,98,3.03330205301,2.97285581065,-1.02753916276,-0.177672245457
10,3,16,98,3.03742295691,3.02497830834,-1.02341825886,-0.125549747768
11,3,32,98,3.17761453563,3.0084013514,-0.883226680143,-0.142126704709
0,1,4,99,4.52972130938,3.20757464078,0.00540702785421,-0.0180818097553
1,1,8,99,4.52870712333,3.22527096555,0.00439284180297,-0.000385484982645
2,1,16,99,4.52697390246,3.20929331034,0.00265962093868,-0.0163631401926
3,1,32,99,4.52431428152,3.22565645053,0,0
4,2,4,99,4.06365526493,3.29341813673,-0.460659016589,0.0677616861972
5,2,8,99,4.04266953657,3.2599441689,-0.481644744953,0.0342877183662
6,2,16,99,4.02008108819,3.24393979084,-0.504233193328,0.018283340304
7,2,32,99,4.00056643912,3.20240257303,-0.523747842406,-0.0232538775075
8,3,4,99,3.8064234819,3.27337780514,-0.717890799623,0.047721354605
9,3,8,99,3.77329160243,3.20072286342,-0.751022679093,-0.0249335871187
10,3,16,99,3.76268836482,3.18441795119,-0.7616259167,-0.0412384993488
11,3,32,99,4.11779071564,3.14729420813,-0.406523565882,-0.0783622424061
0,1,4,100,4.57590217232,3.12083095683,0.0011406845671,-0.0310776582819
1,1,8,100,4.57552436276,3.14899600706,0.00076287500788,-0.00291260805194
2,1,16,100,4.5750590081,3.13930390296,0.000297520344562,-0.0126047121512
3,1,32,100,4.57476148775,3.15190861511,0,0
4,2,4,100,3.91368216425,3.04040625104,-0.661079323501,-0.111502364072
5,2,8,100,3.8990294771,3.00949826758,-0.675732010655,-0.142410347534
6,2,16,100,3.88438609811,3.03691849609,-0.690375389648,-0.114990119024
7,2,32,100,3.87333923823,3.04031465574,-0.701422249522,-0.111593959378
8,3,4,100,3.61297036543,3.0313303663,-0.961791122328,-0.120578248816
9,3,8,100,3.60623299125,3.00278503515,-0.968528496501,-0.149123579964
10,3,16,100,3.60624450355,3.04305167772,-0.968516984209,-0.108856937399
11,3,32,100,4.01427190388,3.02549127349,-0.560489583876,-0.126417341627
0,1,4,101,3.82242398745,3.25938503328,0.00921890080464,-0.0265147531349
1,1,8,101,3.82067482987,3.29556671394,0.00746974322611,0.00966692752702
2,1,16,101,3.81770374925,3.28604025292,0.004498662605,0.000140466507302
3,1,32,101,3.81320508664,3.28589978641,0,0
4,2,4,101,3.08751594405,3.26289666419,-0.725689142594,-0.0230031222257
5,2,8,101,3.08647106936,3.25526069528,-0.726734017284,-0.0306390911362
6,2,16,101,3.08337791137,3.2580562979,-0.729827175267,-0.0278434885141
7,2,32,101,3.07860085753,3.23754345911,-0.734604229111,-0.0483563273047
8,3,4,101,2.91888586671,3.24910048636,-0.894319219934,-0.0367993000516
9,3,8,101,2.89941715547,3.21843741168,-0.91378793117,-0.0674623747323
10,3,16,101,2.8967889158,3.23277582177,-0.916416170837,-0.053123964641
11,3,32,101,2.89142304713,3.19248514121,-0.921782039507,-0.0934146452081
0,1,4,102,4.36790654216,3.37547923574,0.00710093977557,-0.0162424494423
1,1,8,102,4.36665034326,3.41045768008,0.0058447408708,0.0187359949011
2,1,16,102,4.36441714398,3.38023712916,0.00361154159766,-0.0114845560261
3,1,32,102,4.36080560239,3.39172168518,0,0
4,2,4,102,3.892864318,3.46058571288,-0.467941284382,0.0688640277001
5,2,8,102,3.87813385388,3.42285764771,-0.482671748502,0.0311359625299
6,2,16,102,3.86124226273,3.41184849765,-0.499563339654,0.0201268124689
7,2,32,102,3.84499857796,3.37977458897,-0.515807024421,-0.0119470962152
8,3,4,102,3.7054767846,3.42269800573,-0.655328817789,0.030976320549
9,3,8,102,3.67287614232,3.36293784557,-0.687929460062,-0.0287838396092
10,3,16,102,3.66385158422,3.34731253573,-0.69695401817,-0.0444091494533
11,3,32,102,3.94677567938,3.3204996533,-0.414029923,-0.0712220318795
0,1,4,103,3.77289499931,3.29904871156,0.00944979723266,-0.00978727644151
1,1,8,103,3.7711285964,3.32967892063,0.00768339432073,0.0208429326361
2,1,16,103,3.76809916045,3.30492160314,0.00465395837463,-0.0039143848555
3,1,32,103,3.76344520208,3.308835988,0,0
4,2,4,103,3.09285472863,3.3345231295,-0.670590473447,0.0256871415024
5,2,8,103,3.09042227466,3.32469358464,-0.673022927416,0.0158575966394
6,2,16,103,3.08614590469,3.31335347689,-0.677299297389,0.00451748888931
7,2,32,103,3.08059088945,3.28962600504,-0.682854312629,-0.0192099829612
8,3,4,103,2.99389115918,3.30773410724,-0.769554042899,-0.00110188075257
9,3,8,103,2.97001158576,3.26458696833,-0.793433616319,-0.0442490196702
10,3,16,103,2.96542062183,3.26664736653,-0.798024580247,-0.0421886214694
11,3,32,103,2.95838678378,3.23177998985,-0.805058418292,-0.0770559981477
0,1,4,104,3.84671405591,3.19861213507,0.00166444833121,-0.0371320623954
1,1,8,104,3.84625356524,3.2219983884,0.00120395767,-0.0137458090725
2,1,16,104,3.84562877374,3.22735502702,0.000579166161333,-0.00838917044558
3,1,32,104,3.84504960757,3.23574419747,0,0
4,2,4,104,3.11677992819,3.09807759242,-0.72826967939,-0.137666605052
5,2,8,104,3.11399529252,3.07001800209,-0.731054315054,-0.165726195378
6,2,16,104,3.11278415148,3.10129726481,-0.73226545609,-0.134446932655
7,2,32,104,3.11450628979,3.11862019767,-0.730543317787,-0.117123999794
8,3,4,104,2.95701863621,3.08403753627,-0.888030971365,-0.151706661202
9,3,8,104,2.95643532001,3.07777835979,-0.888614287562,-0.157965837683
10,3,16,104,2.96223312689,3.13833565196,-0.882816480686,-0.0974085455059
11,3,32,104,3.08829925511,3.09576096212,-0.756750352462,-0.139983235352
0,1,4,105,3.94722398754,3.29781367276,0.00827864552935,-0.0349315540166
1,1,8,105,3.94572563068,3.3453835733,0.00678028866319,0.0126383465187
2,1,16,105,3.94310217432,3.3307157989,0.00415683230183,-0.00202942787747
3,1,32,105,3.93894534201,3.33274522678,0,0
4,2,4,105,3.18086163353,3.29511536069,-0.758083708489,-0.0376298660909
5,2,8,105,3.1817115859,3.29184622315,-0.757233756117,-0.0408990036278
6,2,16,105,3.17933796878,3.29652896903,-0.759607373231,-0.0362162577486
7,2,32,105,3.17361352247,3.27836068379,-0.765331819548,-0.0543845429852
8,3,4,105,2.99823019814,3.26709880301,-0.940715143872,-0.0656464237684
9,3,8,105,2.9788101439,3.24372984799,-0.960135198118,-0.0890153787829
10,3,16,105,2.97591234793,3.25072748283,-0.96303299408,-0.0820177439435
11,3,32,105,2.97044451198,3.22959725229,-0.968500830039,-0.103147974482
0,1,4,106,3.993094553,3.37255673083,0.0131698063165,-0.00329392216996
1,1,8,106,3.99072614744,3.39985748978,0.0108014007539,0.0240068367777
2,1,16,106,3.98656137318,3.38250761666,0.00663662649447,0.00665696366233
3,1,32,106,3.97992474668,3.375850653,0,0
4,2,4,106,3.52751796658,3.53516094055,-0.4524067801,0.159310287551
5,2,8,106,3.51720764812,3.5000082743,-0.462717098559,0.124157621297
6,2,16,106,3.50393051788,3.48240414165,-0.475994228806,0.106553488645
7,2,32,106,3.48929052255,3.41237965954,-0.490634224133,0.0365290065395
8,3,4,106,3.35724857871,3.50206412178,-0.622676167977,0.126213468782
9,3,8,106,3.31468280026,3.43367796724,-0.665241946425,0.0578273142353
10,3,16,106,3.30273532874,3.39973554959,-0.677189417939,0.023884896584
11,3,32,106,3.39590941598,3.34907226476,-0.584015330699,-0.0267783882462
0,1,4,107,4.48097101258,3.2981324359,0.00914131582803,-0.0020893377301
1,1,8,107,4.47928355806,3.33291135297,0.0074538613099,0.0326895793467
2,1,16,107,4.47636438928,3.28754324382,0.00453469252525,-0.0126785298055
3,1,32,107,4.47182969675,3.30022177363,0,0
4,2,4,107,3.96957676222,3.34984972217,-0.502252934537,0.0496279485406
5,2,8,107,3.95487010552,3.33435921164,-0.51695959123,0.0341374380127
6,2,16,107,3.93669979811,3.32392003197,-0.535129898644,0.023698258346
7,2,32,107,3.91766097049,3.2885411619,-0.554168726258,-0.0116806117235
8,3,4,107,3.79486256908,3.33286356544,-0.676967127671,0.0326417918177
9,3,8,107,3.76255074786,3.26252631199,-0.709278948897,-0.0376954616377
10,3,16,107,3.75291378697,3.25771638273,-0.718915909787,-0.0425053908983
11,3,32,107,4.03796461214,3.23622579359,-0.433865084614,-0.0639959800342
0,1,4,108,3.73086311181,3.20399217058,0.0151892135253,0.00644103878965
1,1,8,108,3.72798625464,3.21480859043,0.0123123563572,0.0172574586387
2,1,16,108,3.72309693786,3.19649758196,0.00742303957655,-0.00105354982577
3,1,32,108,3.71567389828,3.19755113179,0,0
4,2,4,108,3.13880177718,3.38774812308,-0.576872121107,0.190196991288
5,2,8,108,3.12606784637,3.38004319698,-0.589606051917,0.18249206519
6,2,16,108,3.11121770386,3.32041096254,-0.604456194427,0.122859830754
7,2,32,108,3.09718417169,3.25408764579,-0.618489726594,0.0565365140007
8,3,4,108,2.97670341647,3.38453928711,-0.738970481815,0.18698815532
9,3,8,108,2.93131318571,3.29202547798,-0.784360712579,0.0944743461882
10,3,16,108,2.91590952353,3.24225194307,-0.799764374751,0.0447008112758
11,3,32,108,2.90160450861,3.17229148497,-0.814069389671,-0.0252596468251
0,1,4,109,3.58330481705,3.28274322783,0.0046393575909,-0.0233603242105
1,1,8,109,3.58228456184,3.32395904889,0.00361910237578,0.0178554968472
2,1,16,109,3.58070346883,3.32551462358,0.00203800937393,0.0194110715355
3,1,32,109,3.57866545946,3.30610355204,0,0
4,2,4,109,2.70399378302,3.17902204141,-0.874671676443,-0.127081510632
5,2,8,109,2.71242107854,3.13727140622,-0.866244380918,-0.168832145827
6,2,16,109,2.7223583138,3.18948161666,-0.856307145661,-0.11662193538
7,2,32,109,2.73222293492,3.20301320568,-0.846442524543,-0.10309034636
8,3,4,109,2.53689617518,3.12980558627,-1.04176928428,-0.176297965775
9,3,8,109,2.54423828668,3.15723882224,-1.03442717278,-0.148864729805
10,3,16,109,2.5532692977,3.20988989199,-1.02539616176,-0.0962136600541
11,3,32,109,2.56297454433,3.1980651537,-1.01569091513,-0.108038398344
0,1,4,110,4.04938974582,3.3502516454,0.0201122250174,0.00512920919439
1,1,8,110,4.04571077662,3.376147972,0.0164332558133,0.0310255358013
2,1,16,110,4.03931104217,3.3415567518,0.0100335213713,-0.00356568440578
3,1,32,110,4.0292775208,3.3451224362,0,0
4,2,4,110,3.6503799313,3.58568870736,-0.378897589498,0.240566271155
5,2,8,110,3.63254555085,3.58131440862,-0.396731969954,0.236191972413
6,2,16,110,3.60960119874,3.51889499422,-0.419676322059,0.173772558019
7,2,32,110,3.58452842855,3.43219875293,-0.444749092252,0.0870763167243
8,3,4,110,3.48578945115,3.6041722613,-0.543488069657,0.259049825097
9,3,8,110,3.42388245056,3.48493040605,-0.605395070241,0.139807969844
10,3,16,110,3.40306938796,3.42925103188,-0.626208132837,0.0841285956758
11,3,32,110,3.47568494251,3.34318644049,-0.553592578291,-0.0019359957097
0,1,4,111,4.42071206451,3.34664191301,0.00723239906327,-0.0295371333543
1,1,8,111,4.41941877454,3.38846765898,0.00593910909286,0.0122886126135
2,1,16,111,4.41713421082,3.36135845915,0.0036545453783,-0.0148205872153
3,1,32,111,4.41347966545,3.37617904637,0,0
4,2,4,111,3.90059894076,3.37263748309,-0.512880724684,-0.00354156328124
5,2,8,111,3.88828821849,3.35209753958,-0.525191446951,-0.024081506785
6,2,16,111,3.87286610561,3.3537692883,-0.540613559834,-0.0224097580707
7,2,32,111,3.85660612799,3.3314312862,-0.556873537454,-0.0447477601637
8,3,4,111,3.70334766018,3.35825910738,-0.710132005263,-0.017919938988
9,3,8,111,3.67496390876,3.30524866375,-0.738515756685,-0.070930382621
10,3,16,111,3.66838535862,3.31437221428,-0.745094306824,-0.0618068320831
11,3,32,111,3.92885495978,3.28116849401,-0.484624705662,-0.0950105523537
0,1,4,112,3.57627015893,3.06226602553,-0.00118288159599,0.00438393687284
1,1,8,112,3.57635484115,3.05386293227,-0.00109819937477,-0.00401915638275
2,1,16,112,3.57665669717,3.05384913456,-0.000796343357928,-0.00403295409432
3,1,32,112,3.57745304053,3.05788208865,0,0
4,2,4,112,2.7980977372,3.02247906859,-0.779355303329,-0.035403020063
5,2,8,112,2.79783639717,2.99035002166,-0.779616643357,-0.0675320669902
6,2,16,112,2.80049017887,3.00243710311,-0.776962861656,-0.0554449855438
7,2,32,112,2.80751537197,2.99166702924,-0.769937668553,-0.066215059412
8,3,4,112,2.72801587103,2.94983491172,-0.849437169494,-0.108047176934
9,3,8,112,2.72711620845,2.93847949308,-0.850336832076,-0.119402595572
10,3,16,112,2.73083418088,2.96008420613,-0.84661885965,-0.0977978825245
11,3,32,112,2.73834766057,2.95391064447,-0.839105379957,-0.103971444179
0,1,4,113,3.74447330156,3.31216596383,0.0147150197949,0.00757055902471
1,1,8,113,3.74175554509,3.33132251971,0.0119972633337,0.026727114906
2,1,16,113,3.73705845465,3.30963098661,0.00730017288716,0.00503558180324
3,1,32,113,3.72975828176,3.3045954048,0,0
4,2,4,113,3.21429504369,3.46400022727,-0.51546323807,0.159404822472
5,2,8,113,3.20638678457,3.44577170192,-0.523371497188,0.141176297113
6,2,16,113,3.19583965631,3.41600499026,-0.533918625453,0.111409585457
7,2,32,113,3.18397896051,3.34930321613,-0.545779321254,0.0447078113267
8,3,4,113,3.1020437737,3.44500915477,-0.627714508058,0.14041374997
9,3,8,113,3.06046895033,3.37001431813,-0.669289331433,0.0654189133272
10,3,16,113,3.04881246291,3.3409410967,-0.680945818848,0.0363456918962
11,3,32,113,3.03463332012,3.28067518588,-0.695124961643,-0.023920218927
0,1,4,114,4.43899030946,3.30007949336,0.00955478921843,-0.0174357613651
1,1,8,114,4.43714639534,3.33475560378,0.00771087509612,0.0172403490474
2,1,16,114,4.43404496256,3.31666959176,0.00460944231004,-0.000845662963059
3,1,32,114,4.42943552025,3.31751525473,0,0
4,2,4,114,3.96296536247,3.32882131799,-0.466470157777,0.0113060632601
5,2,8,114,3.94773013671,3.29236541524,-0.481705383537,-0.0251498394867
6,2,16,114,3.93044739332,3.30934086579,-0.498988126925,-0.0081743889422
7,2,32,114,3.91373063995,3.27573161141,-0.515704880293,-0.0417836433133
8,3,4,114,3.71268614645,3.33236069339,-0.716749373791,0.0148454386664
9,3,8,114,3.68579055522,3.27726949517,-0.743644965027,-0.040245759559
10,3,16,114,3.6798899644,3.29822016865,-0.749545555847,-0.0192950860817
11,3,32,114,4.01663970204,3.24827479896,-0.412795818202,-0.0692404557684
0,1,4,115,4.01291215229,3.29368191713,0.00749734571181,0.000114845252489
1,1,8,115,4.0115284491,3.31275144333,0.00611364251869,0.0191843714538
2,1,16,115,4.0091349208,3.28271507789,0.00372011422127,-0.010851993994
3,1,32,115,4.00541480658,3.29356707188,0,0
4,2,4,115,3.48834228217,3.33531455143,-0.517072524407,0.0417474795504
5,2,8,115,3.47983137148,3.31539504157,-0.525583435097,0.0218279696914
6,2,16,115,3.46968313738,3.31019865336,-0.535731669201,0.0166315814846
7,2,32,115,3.45959977823,3.27769046637,-0.545815028349,-0.015876605506
8,3,4,115,3.4131444241,3.30640429656,-0.59227038248,0.0128372246838
9,3,8,115,3.38609061658,3.24937721191,-0.619324189999,-0.0441898599652
10,3,16,115,3.38060742978,3.25794842016,-0.624807376799,-0.0356186517207
11,3,32,115,3.5043133849,3.22214907574,-0.501101421676,-0.0714179961423
0,1,4,116,3.98541522729,3.18769875708,0.0040285622053,-0.0196770318991
1,1,8,116,3.98446907276,3.22060555342,0.00308240767758,0.0132297644395
2,1,16,116,3.98305710967,3.19789361562,0.00167044459399,-0.00948217335929
3,1,32,116,3.98138666508,3.20737578898,0,0
4,2,4,116,3.20296937801,3.04579200508,-0.778417287074,-0.161583783896
5,2,8,116,3.20112147294,3.03744529799,-0.780265192144,-0.169930490992
6,2,16,116,3.19947576161,3.06863234808,-0.781910903469,-0.138743440894
7,2,32,116,3.19874856743,3.09342386006,-0.782638097651,-0.113951928923
8,3,4,116,3.07249781521,3.04532673915,-0.90888884987,-0.162049049833
9,3,8,116,3.07368802525,3.03225902132,-0.907698639828,-0.17511676766
10,3,16,116,3.07925452902,3.10265721875,-0.902132136062,-0.104718570228
11,3,32,116,3.22981975787,3.07679187611,-0.751566907215,-0.130583912868
0,1,4,117,3.79591456192,3.24403739064,0.00669555185335,0.00251957599127
1,1,8,117,3.79468998236,3.25915885399,0.00547097229686,0.0176410393372
2,1,16,117,3.79256056011,3.23646731887,0.00334155004305,-0.00505049578424
3,1,32,117,3.78921901007,3.24151781465,0,0
4,2,4,117,3.176238567,3.26272064944,-0.612980443068,0.0212028347922
5,2,8,117,3.17468991558,3.25020773702,-0.614529094485,0.00868992236352
6,2,16,117,3.17151097218,3.2539573948,-0.617708037889,0.0124395801492
7,2,32,117,3.16715362267,3.21790137509,-0.6220653874,-0.0236164395602
8,3,4,117,3.13097388079,3.21935620038,-0.658245129274,-0.0221616142722
9,3,8,117,3.10961814231,3.17847433783,-0.679600867757,-0.0630434768181
10,3,16,117,3.10682666636,3.19102499524,-0.682392343706,-0.050492819412
11,3,32,117,3.10020535692,3.166212124,-0.68901365315,-0.0753056906536
0,1,4,118,4.23049152453,3.47115689611,0.013879401843,-0.0257573229554
1,1,8,118,4.22808435877,3.52500700842,0.011472236086,0.0280927893531
2,1,16,118,4.22374571123,3.49412671359,0.00713358854779,-0.00278750547373
3,1,32,118,4.21661212268,3.49691421906,0,0
4,2,4,118,3.75160200208,3.5717829832,-0.465010120609,0.0748687641388
5,2,8,118,3.74442414569,3.55947094045,-0.47218797699,0.0625567213907
6,2,16,118,3.73149434408,3.55401988176,-0.485117778604,0.0571056626965
7,2,32,118,3.71325358115,3.50114104284,-0.503358541538,0.00422682377863
8,3,4,118,3.58705541535,3.55726351354,-0.629556707339,0.0603492944772
9,3,8,118,3.5448902297,3.49541895069,-0.671721892982,-0.001495268371
10,3,16,118,3.53429783305,3.48337968885,-0.682314289639,-0.0135345302145
11,3,32,118,3.63435920772,3.43862690385,-0.582252914962,-0.0582873152165
0,1,4,119,4.1164060611,3.34166315515,0.0215424445343,0.0184895844684
1,1,8,119,4.1124576524,3.37043322904,0.0175940358308,0.0472596583637
2,1,16,119,4.10559719226,3.32725500964,0.0107335756925,0.00408143895537
3,1,32,119,4.09486361657,3.32317357068,0,0
4,2,4,119,3.7065438549,3.56654350474,-0.388319761666,0.243369934056
5,2,8,119,3.69074426072,3.56463557704,-0.40411935585,0.241462006362
6,2,16,119,3.66896220447,3.51354456541,-0.425901412096,0.190370994729
7,2,32,119,3.64336438738,3.41697449092,-0.451499229192,0.0938009202416
8,3,4,119,3.5453651386,3.58053413329,-0.549498477974,0.257360562605
9,3,8,119,3.4843919294,3.46367913297,-0.610471687171,0.140505562285
10,3,16,119,3.46383133731,3.41086393276,-0.631032279258,0.0876903620774
11,3,32,119,3.53858063174,3.33859881163,-0.556282984826,0.015425240949
0,1,4,120,4.08703435762,3.40412675744,0.0138066212636,-0.0116596498248
1,1,8,120,4.08456673217,3.4426443741,0.0113389958146,0.0268579668344
2,1,16,120,4.0802074648,3.41909975921,0.00697972844347,0.00331335194398
3,1,32,120,4.07322773635,3.41578640727,0,0
4,2,4,120,3.61266840657,3.52101424029,-0.460559329786,0.105227833019
5,2,8,120,3.60442768503,3.49873452043,-0.468800051321,0.0829481131577
6,2,16,120,3.59197821313,3.4922962872,-0.481249523222,0.076509879935
7,2,32,120,3.5762028286,3.43142955295,-0.497024907753,0.0156431456771
8,3,4,120,3.45286326396,3.50344938192,-0.620364472396,0.087662974649
9,3,8,120,3.41224788691,3.43928225554,-0.660979849439,0.0234958482706
10,3,16,120,3.40194634963,3.42506519079,-0.671281386721,0.00927878352173
11,3,32,120,3.49479664296,3.37388565959,-0.578431093389,-0.0419007476768
0,1,4,121,4.40486823332,3.33847265537,0.00931801703796,-0.0191480371898
1,1,8,121,4.40313983095,3.38105871647,0.00758961466046,0.0234380239039
2,1,16,121,4.40015759862,3.34746398826,0.00460738233727,-0.0101567042981
3,1,32,121,4.39555021628,3.35762069256,0,0
4,2,4,121,3.87929969961,3.35557182313,-0.516250516676,-0.00204886942764
5,2,8,121,3.86738091544,3.33826781313,-0.528169300845,-0.0193528794333
6,2,16,121,3.85217286266,3.3432356918,-0.543377353623,-0.0143850007595
7,2,32,121,3.83560981036,3.31885367678,-0.559940405927,-0.0387670157787
8,3,4,121,3.69022841053,3.35212648111,-0.705321805758,-0.00549421145398
9,3,8,121,3.66220625316,3.29585353099,-0.733343963129,-0.0617671615761
10,3,16,121,3.65576880758,3.31188145482,-0.739781408707,-0.045739237741
11,3,32,121,3.91691202636,3.27584025242,-0.478638189927,-0.0817804401373
0,1,4,122,4.35344682284,3.11910774904,0.000248181171407,-0.0179031227229
1,1,8,122,4.3532568885,3.14031578002,5.82468333157e-05,0.00330490825985
2,1,16,122,4.35309023941,3.11937542943,-0.000108402257287,-0.0176354423293
3,1,32,122,4.35319864167,3.13701087176,0,0
4,2,4,122,3.66270585023,3.0160273478,-0.690492791441,-0.120983523963
5,2,8,122,3.65294118518,2.99753503166,-0.700257456495,-0.139475840102
6,2,16,122,3.64329551583,3.0217886292,-0.709903125841,-0.115222242561
7,2,32,122,3.63644126164,3.03047233707,-0.71675738003,-0.106538534693
8,3,4,122,3.47811004348,2.99545550301,-0.875088598187,-0.141555368757
9,3,8,122,3.47422063823,2.96880192914,-0.87897800344,-0.168208942621
10,3,16,122,3.47609234226,3.01657748864,-0.877106299415,-0.120433383124
11,3,32,122,3.77313712267,3.00757826227,-0.580061518996,-0.129432609489
0,1,4,123,3.757500735,3.26823789865,0.00536196081383,-0.0142079238271
1,1,8,123,3.75654933314,3.28847926483,0.00441055895158,0.00603344234791
2,1,16,123,3.75486498896,3.28779601607,0.00272621477589,0.00535019358648
3,1,32,123,3.75213877419,3.28244582248,0,0
4,2,4,123,3.09403115276,3.32363838513,-0.658107621424,0.0411925626455
5,2,8,123,3.09326196056,3.28812559215,-0.658876813627,0.00567976967316
6,2,16,123,3.09178064001,3.29562538264,-0.660358134177,0.0131795601538
7,2,32,123,3.09010630878,3.25562528436,-0.662032465406,-0.0268205381228
8,3,4,123,2.95349657151,3.25633561898,-0.798642202673,-0.0261102034993
9,3,8,123,2.93362019989,3.23361964194,-0.818518574297,-0.0488261805443
10,3,16,123,2.93091604055,3.22542915264,-0.82122273364,-0.057016669842
11,3,32,123,2.92890722346,3.20617908228,-0.823231550725,-0.076266740204
0,1,4,124,3.63758200551,3.2932888641,0.0108206292931,-0.00555813814222
1,1,8,124,3.63549175121,3.31915324113,0.00873037499703,0.0203062388918
2,1,16,124,3.63198151222,3.30478060393,0.0052201360087,0.0059336016831
3,1,32,124,3.62676137621,3.29884700224,0,0
4,2,4,124,2.96538884786,3.34466481397,-0.661372528354,0.0458178117329
5,2,8,124,2.96246856749,3.32071894194,-0.664292808725,0.0218719397028
6,2,16,124,2.95897395651,3.313529791,-0.667787419703,0.0146827887597
7,2,32,124,2.9555471849,3.28585153067,-0.671214191308,-0.0129954715702
8,3,4,124,2.84249008252,3.32296365669,-0.784271293695,0.0241166544492
9,3,8,124,2.81967365481,3.28236595989,-0.807087721405,-0.0164810423539
10,3,16,124,2.81574067969,3.28598288509,-0.81102069652,-0.0128641171479
11,3,32,124,2.81063177375,3.23672224084,-0.816129602459,-0.0621247614028
0,1,4,125,4.01981998236,3.23871404126,0.00825577709089,-0.0236423733672
1,1,8,125,4.01823827488,3.26644415145,0.00667406961413,0.00408773681957
2,1,16,125,4.01556776337,3.25374398562,0.00400355810424,-0.00861242901409
3,1,32,125,4.01156420527,3.26235641463,0,0
4,2,4,125,3.39352205593,3.25147769169,-0.618042149331,-0.0108787229436
5,2,8,125,3.3857483913,3.24047481545,-0.625815813969,-0.0218815991854
6,2,16,125,3.37616913346,3.23863988234,-0.635395071809,-0.0237165322908
7,2,32,125,3.36658864638,3.21577256524,-0.644975558886,-0.0465838493917
8,3,4,125,3.22328967488,3.24910786339,-0.788274530386,-0.0132485512385
9,3,8,125,3.19986317187,3.20126122641,-0.811701033396,-0.0610951882165
10,3,16,125,3.19547484431,3.21845696739,-0.816089360955,-0.0438994472416
11,3,32,125,3.30203482924,3.16846926571,-0.709529376027,-0.0938871489233
0,1,4,126,4.01313146063,3.25973732963,0.00641358895545,-0.0271601900324
1,1,8,126,4.01194590369,3.28753921226,0.00522803200718,0.000641692596471
2,1,16,126,4.00990042806,3.2854370777,0.00318255637859,-0.00146044196463
3,1,32,126,4.00671787168,3.28689751967,0,0
4,2,4,126,3.3754228989,3.31224018764,-0.631294972777,0.0253426679775
5,2,8,126,3.36839337939,3.28185467585,-0.638324492285,-0.00504284381682
6,2,16,126,3.36012301458,3.28154225462,-0.6465948571,-0.00535526504765
7,2,32,126,3.35240408662,3.249342627,-0.654313785057,-0.0375548926619
8,3,4,126,3.16168434938,3.27555560833,-0.845033522302,-0.0113419113413
9,3,8,126,3.1382950596,3.23955382458,-0.868422812077,-0.0473436950831
10,3,16,126,3.13335084067,3.23357606924,-0.873367031013,-0.0533214504249
11,3,32,126,3.24417636473,3.20009879534,-0.76254150695,-0.0867987243245
0,1,4,127,3.96966568099,3.21815812649,0.00923115540582,-0.0202628892319
1,1,8,127,3.96793226374,3.25460666566,0.00749773815026,0.0161856499399
2,1,16,127,3.96496672573,3.22555386055,0.00453220014112,-0.0128671551748
3,1,32,127,3.96043452559,3.23842101572,0,0
4,2,4,127,3.23369947887,3.18087062286,-0.72673504672,-0.0575503928644
5,2,8,127,3.23245403707,3.20147429102,-0.727980488522,-0.0369467246994
6,2,16,127,3.22750659108,3.19948745658,-0.732927934512,-0.0389335591412
7,2,32,127,3.21918792339,3.18348714835,-0.741246602196,-0.0549338673756
8,3,4,127,3.12333164576,3.18316187809,-0.837102879826,-0.0552591376361
9,3,8,127,3.10279806154,3.13936513932,-0.85763646405,-0.0990558764075
10,3,16,127,3.09958392986,3.16641584947,-0.860850595726,-0.07200516625
11,3,32,127,3.09013596469,3.13321343176,-0.870298560898,-0.105207583962
0,1,4,128,3.67682227703,3.35707114755,0.00793743030629,-0.0102591506059
1,1,8,128,3.6753656337,3.38369610023,0.00648078697574,0.0163658020736
2,1,16,128,3.67283683622,3.37033331458,0.00395198949232,0.00300301642819
3,1,32,128,3.66888484672,3.36733029816,0,0
4,2,4,128,3.06827831189,3.38767379133,-0.600606534839,0.020343493174
5,2,8,128,3.06811316255,3.35662787164,-0.600771684172,-0.0107024265119
6,2,16,128,3.06712270859,3.36755915424,-0.60176213813,0.000228856080211
7,2,32,128,3.06523385938,3.34019759274,-0.603650987342,-0.0271327054187
8,3,4,128,2.9954788448,3.34416278921,-0.673406001926,-0.0231675089415
9,3,8,128,2.97510670145,3.31592817032,-0.693778145272,-0.0514021278401
10,3,16,128,2.97378817743,3.33080657373,-0.69509666929,-0.0365237244276
11,3,32,128,2.96878937362,3.29276531161,-0.700095473104,-0.0745649865475
0,1,4,129,4.19310420644,3.14424409017,-0.00298860039511,-0.0174204315955
1,1,8,129,4.19359005306,3.15252371949,-0.00250275377493,-0.00914080227447
2,1,16,129,4.19450826983,3.15487585885,-0.00158453699986,-0.00678866291863
3,1,32,129,4.19609280683,3.16166452177,0,0
4,2,4,129,3.55348966638,3.10825091943,-0.642603140454,-0.0534136023326
5,2,8,129,3.54477325642,3.05413417814,-0.651319550416,-0.107530343628
6,2,16,129,3.53795930126,3.08445398819,-0.658133505578,-0.0772105335759
7,2,32,129,3.53579987349,3.07304060331,-0.660292933347,-0.0886239184568
8,3,4,129,3.35296815943,3.03659416995,-0.843124647406,-0.125070351819
9,3,8,129,3.34866812037,3.02499936606,-0.847424686467,-0.136665155711
10,3,16,129,3.35076056255,3.04660369166,-0.845332244279,-0.115060830108
11,3,32,129,3.62535273279,3.04736886508,-0.570740074039,-0.114295656691
0,1,4,130,4.04499920444,3.11041567372,0.00014548121827,-0.0206907758337
1,1,8,130,4.04486112454,3.13072901435,7.4013151945e-06,-0.000377435204502
2,1,16,130,4.04474856506,3.12723325524,-0.000105158167315,-0.00387319431532
3,1,32,130,4.04485372322,3.13110644955,0,0
4,2,4,130,3.26730386876,2.99468667941,-0.777549854464,-0.136419770138
5,2,8,130,3.2669649945,2.97434977287,-0.777888728728,-0.156756676681
6,2,16,130,3.26682410086,3.0175541697,-0.77802962236,-0.113552279857
7,2,32,130,3.26763752077,3.01678486897,-0.777216202455,-0.114321580587
8,3,4,130,3.09974020721,2.9539790639,-0.945113516017,-0.177127385649
9,3,8,130,3.10173668773,2.95314890342,-0.943117035495,-0.177957546136
10,3,16,130,3.10731074122,3.00563194539,-0.937542982006,-0.125474504167
11,3,32,130,3.23945078336,3.00270306058,-0.805402939868,-0.128403388976
0,1,4,131,4.36030909198,3.27312392113,0.0128460920207,-0.0216793924138
1,1,8,131,4.35803600147,3.31548158632,0.010573001508,0.0206782727812
2,1,16,131,4.35399567505,3.28454269279,0.00653267508992,-0.0102606207465
3,1,32,131,4.34746299996,3.29480331354,0,0
4,2,4,131,3.7812715347,3.35898244222,-0.566191465259,0.0641791286825
5,2,8,131,3.77161736637,3.37245670745,-0.57584563359,0.0776533939062
6,2,16,131,3.75557637143,3.3516811295,-0.591886628525,0.0568778159601
7,2,32,131,3.73471750463,3.29295010068,-0.612745495325,-0.00185321286083
8,3,4,131,3.57342905561,3.35756817484,-0.774033944345,0.0627648613017
9,3,8,131,3.53170889788,3.28305227264,-0.815754102078,-0.0117510408965
10,3,16,131,3.51886133844,3.2625585441,-0.828601661516,-0.0322447694435
11,3,32,131,3.61140794725,3.2272618407,-0.736055052713,-0.0675414728361
0,1,4,132,4.39116137139,3.17339528221,-0.00228068975548,-0.0312518810547
1,1,8,132,4.39152097357,3.19762041245,-0.00192108757824,-0.00702675080794
2,1,16,132,4.3922114385,3.17992502269,-0.00123062264573,-0.0247221405759
3,1,32,132,4.39344206115,3.20464716326,0,0
4,2,4,132,3.74237349965,3.04972147724,-0.651068561502,-0.154925686027
5,2,8,132,3.73399033974,3.02982753456,-0.659451721411,-0.1748196287
6,2,16,132,3.72549337424,3.06317213555,-0.667948686912,-0.141475027717
7,2,32,132,3.71929440945,3.07906423279,-0.674147651703,-0.125582930475
8,3,4,132,3.58747144802,3.02056279578,-0.805970613127,-0.184084367486
9,3,8,132,3.58500705113,3.00214371134,-0.80843501002,-0.202503451919
10,3,16,132,3.58875293214,3.06008355404,-0.80468912901,-0.144563609217
11,3,32,132,3.88530542246,3.05296620721,-0.508136638686,-0.151680956052
0,1,4,133,4.26939036518,3.31317752226,0.0112626591422,-0.00702117207205
1,1,8,133,4.26722248927,3.34765527802,0.00909478322946,0.0274565836905
2,1,16,133,4.2635705434,3.31414981753,0.0054428373635,-0.00604887680327
3,1,32,133,4.25812770604,3.32019869433,0,0
4,2,4,133,3.75097394035,3.35712153989,-0.507153765695,0.0369228455633
5,2,8,133,3.73692126632,3.33507213102,-0.521206439725,0.0148734366958
6,2,16,133,3.72063801429,3.3291929014,-0.537489691756,0.00899420707332
7,2,32,133,3.704558773,3.3013375578,-0.553568933044,-0.0188611365262
8,3,4,133,3.56584101193,3.36336724352,-0.692286694113,0.0431685491919
9,3,8,133,3.53585734522,3.2969619778,-0.722270360819,-0.0232367165259
10,3,16,133,3.52816743405,3.30754734887,-0.729960271989,-0.0126513454553
11,3,32,133,3.78455470628,3.25747661374,-0.473572999763,-0.0627220805931
0,1,4,134,4.08669735227,3.15088609305,0.00457502124631,-0.00961862371852
1,1,8,134,4.0856131149,3.1719228917,0.00349078387398,0.0114181749239
2,1,16,134,4.08400561795,3.16555812543,0.00188328692483,0.00505340865958
3,1,32,134,4.08212233102,3.16050471677,0,0
4,2,4,134,3.39857163135,3.06891988906,-0.68355069967,-0.0915848277119
5,2,8,134,3.39151903739,3.0307516229,-0.690603293631,-0.129753093869
6,2,16,134,3.38572929249,3.07062926431,-0.696393038532,-0.0898754524628
7,2,32,134,3.38289286396,3.06760180123,-0.699229467068,-0.0929029155448
8,3,4,134,3.18468144559,3.05820263644,-0.897440885433,-0.102302080329
9,3,8,134,3.18206008402,3.04085052869,-0.900062246999,-0.11965418808
10,3,16,134,3.18558769681,3.09573766415,-0.896534634218,-0.0647670526254
11,3,32,134,3.43822911555,3.06402457866,-0.643893215474,-0.0964801381125
0,1,4,135,4.83891849423,3.14695648229,0.000984850511209,-0.0356489101046
1,1,8,135,4.83862781269,3.19325400112,0.00069416896662,0.0106486087324
2,1,16,135,4.8382448472,3.17092918753,0.000311203478502,-0.0116762048572
3,1,32,135,4.83793364372,3.18260539239,0,0
4,2,4,135,4.14345650271,2.98610660122,-0.694477141012,-0.196498791173
5,2,8,135,4.1340292921,2.97141277671,-0.703904351624,-0.211192615685
6,2,16,135,4.12214744207,3.0298850417,-0.715786201658,-0.152720350696
7,2,32,135,4.10970324241,3.03772054778,-0.728230401318,-0.144884844615
8,3,4,135,3.84613036823,2.9790817846,-0.991803275491,-0.203523607792
9,3,8,135,3.84534876101,2.96657301015,-0.992584882718,-0.216032382247
10,3,16,135,3.84862990527,3.0340551523,-0.989303738451,-0.148550240094
11,3,32,135,4.27527473723,3.04125965215,-0.562658906497,-0.141345740238
0,1,4,136,3.81983696158,3.16057446755,0.00425544374878,-0.0225410948848
1,1,8,136,3.81881519993,3.18398867032,0.00323368209688,0.000873107881131
2,1,16,136,3.81731365807,3.18202873317,0.00173214023439,-0.00108682926697
3,1,32,136,3.81558151783,3.18311556244,0,0
4,2,4,136,3.03086945008,3.09017273133,-0.784712067748,-0.0929428311108
5,2,8,136,3.02633363346,3.06124535523,-0.789247884374,-0.12187020721
6,2,16,136,3.02370592093,3.07798416972,-0.7918755969,-0.105131392715
7,2,32,136,3.02468336971,3.09097092135,-0.790898148126,-0.0921446410884
8,3,4,136,2.83417518598,3.07894314219,-0.981406331849,-0.104172420249
9,3,8,136,2.8318753198,3.06437543693,-0.983706198028,-0.118740125509
10,3,16,136,2.83511487337,3.10675999298,-0.98046664446,-0.076355569459
11,3,32,136,2.97290747793,3.06825930116,-0.842674039906,-0.114856261281
0,1,4,137,3.52806670199,3.14185767633,0.00277558524674,-0.0313869580592
1,1,8,137,3.52734579545,3.15983746303,0.00205467870134,-0.0134071713575
2,1,16,137,3.52633648949,3.16903003184,0.00104537274107,-0.00421460255152
3,1,32,137,3.52529111675,3.17324463439,0,0
4,2,4,137,2.65705401714,3.09218269977,-0.868237099608,-0.0810619346141
5,2,8,137,2.65585206551,3.06701711463,-0.869439051237,-0.106227519755
6,2,16,137,2.65740572901,3.06686745998,-0.867885387737,-0.106377174411
7,2,32,137,2.66333458634,3.08467206605,-0.861956530412,-0.0885725683363
8,3,4,137,2.48336638931,3.06674884205,-1.04192472744,-0.106495792338
9,3,8,137,2.48175069828,3.05835767168,-1.04354041847,-0.11488696271
10,3,16,137,2.48508305737,3.08540593673,-1.04020805938,-0.0878386976579
11,3,32,137,2.49191269556,3.04509984259,-1.03337842119,-0.128144791796
0,1,4,138,3.66279270628,3.31904976652,0.00815611434273,-0.0086075533213
1,1,8,138,3.66127215483,3.34252585354,0.00663556288924,0.0148685336967
2,1,16,138,3.65866089921,3.33227811206,0.00402430726563,0.00462079221513
3,1,32,138,3.65463659194,3.32765731984,0,0
4,2,4,138,3.02449299459,3.37492595303,-0.630143597349,0.0472686331817
5,2,8,138,3.02276598086,3.34215931074,-0.631870611078,0.0145019908947
6,2,16,138,3.02056014578,3.34245894085,-0.634076446157,0.014801621007
7,2,32,138,3.01833806301,3.31094637459,-0.636298528926,-0.0167109452564
8,3,4,138,2.91891879118,3.32879468977,-0.735717800763,0.00113736992231
9,3,8,138,2.89699331763,3.2965317607,-0.757643274306,-0.0311255591429
10,3,16,138,2.89395756743,3.29662112276,-0.760679024506,-0.0310361970869
11,3,32,138,2.88987444735,3.25960187599,-0.764762144587,-0.0680554438519
0,1,4,139,4.07772434096,3.20614570261,4.81990906103e-05,-0.0477193348536
1,1,8,139,4.07763695246,3.2455893865,-3.91894095308e-05,-0.0082756509654
2,1,16,139,4.0775744692,3.24463320774,-0.000101672668732,-0.00923182972451
3,1,32,139,4.07767614187,3.25386503747,0,0
4,2,4,139,3.26408960069,3.07700339749,-0.813586541178,-0.176861639982
5,2,8,139,3.26423911401,3.05744216491,-0.813437027854,-0.196422872558
6,2,16,139,3.26430497141,3.09703025235,-0.813371170457,-0.156834785119
7,2,32,139,3.26494179653,3.11859547678,-0.812734345337,-0.135269560683
8,3,4,139,3.05897344695,3.04546238081,-1.01870269491,-0.208402656656
9,3,8,139,3.06169162039,3.05339167471,-1.01598452148,-0.200473362756
10,3,16,139,3.06788188219,3.10800898322,-1.00979425968,-0.145856054245
11,3,32,139,3.21086609035,3.09839711061,-0.866810051512,-0.155467926861
0,1,4,140,4.12806970919,3.4459377729,0.0169949293149,0.00356407065502
1,1,8,140,4.12512606155,3.47278825802,0.0140512816732,0.0304145557772
2,1,16,140,4.11981941363,3.43615466826,0.00874463374652,-0.00621903398602
3,1,32,140,4.11107477988,3.44237370224,0,0
4,2,4,140,3.8206760237,3.70160669678,-0.290398756174,0.259232994535
5,2,8,140,3.80461291421,3.68381295828,-0.306461865674,0.241439256037
6,2,16,140,3.78290319798,3.63116622349,-0.328171581901,0.18879252125
7,2,32,140,3.75798450842,3.53545653414,-0.353090271459,0.0930828318958
8,3,4,140,3.70456876983,3.67947210373,-0.406506010046,0.237098401492
9,3,8,140,3.64055832797,3.56859440386,-0.470516451914,0.126220701613
10,3,16,140,3.6200481503,3.50377360467,-0.491026629577,0.0613999024282
11,3,32,140,3.69976560183,3.43889386557,-0.411309178044,-0.00347983667133
0,1,4,141,4.17900958203,3.21206603958,0.00208548426159,-0.0396539743534
1,1,8,141,4.17852456781,3.2616302533,0.00160047004333,0.00991023936198
2,1,16,141,4.17779574299,3.24792756771,0.00087164522686,-0.00379244622367
3,1,32,141,4.17692409776,3.25172001394,0,0
4,2,4,141,3.33798590882,3.03150173246,-0.838938188944,-0.220218281474
5,2,8,141,3.34157487475,3.0237030098,-0.835349223014,-0.228017004135
6,2,16,141,3.34367498037,3.08273363579,-0.833249117394,-0.168986378145
7,2,32,141,3.34366072543,3.10503660957,-0.833263372332,-0.146683404363
8,3,4,141,3.14536930956,3.01176908548,-1.03155478821,-0.23995092846
9,3,8,141,3.15182132771,3.02548772758,-1.02510277006,-0.226232286353
10,3,16,141,3.16000457528,3.10148376038,-1.01691952249,-0.150236253556
11,3,32,141,3.30603083284,3.10159945269,-0.870893264924,-0.150120561248
0,1,4,142,3.95433520525,3.27511517403,0.00600947128117,-0.0042899062182
1,1,8,142,3.95323192402,3.29064301711,0.00490619004578,0.0112379368656
2,1,16,142,3.95131783715,3.27838552089,0.00299210317519,-0.00101955935727
3,1,32,142,3.94832573397,3.27940508025,0,0
4,2,4,142,3.42079071992,3.30799925983,-0.527535014054,0.0285941795873
5,2,8,142,3.41508653714,3.27390499353,-0.53323919683,-0.00550008671297
6,2,16,142,3.40842537583,3.28933886718,-0.539900358143,0.00993378693109
7,2,32,142,3.40198014485,3.24937184343,-0.546345589116,-0.0300332368118
8,3,4,142,3.31542792562,3.26457362667,-0.632897808356,-0.0148314535739
9,3,8,142,3.29337063942,3.225583972,-0.65495509455,-0.0538211082444
10,3,16,142,3.29062626204,3.24011899863,-0.657699471932,-0.0392860816182
11,3,32,142,3.39961837996,3.20750670784,-0.548707354007,-0.0718983724077
0,1,4,143,4.24053740295,3.28209865799,0.00776173180025,-0.0132039733244
1,1,8,143,4.23907302577,3.3076458673,0.0062973546172,0.0123432359846
2,1,16,143,4.23657600256,3.28850740041,0.0038003314095,-0.00679523090351
3,1,32,143,4.23277567115,3.29530263132,0,0
4,2,4,143,3.72934815819,3.33340263653,-0.503427512957,0.0381000052119
5,2,8,143,3.71630474384,3.30231781151,-0.516470927305,0.00701518019707
6,2,16,143,3.70165669038,3.30221455579,-0.531118980773,0.00691192447531
7,2,32,143,3.68800985196,3.26800785894,-0.544765819187,-0.0272947723762
8,3,4,143,3.54048363335,3.3155581336,-0.692292037799,0.020255502279
9,3,8,143,3.51258861238,3.25910097306,-0.72018705877,-0.0362016582554
10,3,16,143,3.50597038972,3.26380709071,-0.726805281432,-0.0314955406034
11,3,32,143,3.7434977983,3.22225304558,-0.489277872851,-0.0730495857416
0,1,4,144,3.68542508446,3.16620112444,0.00570191034012,0.0075294897905
1,1,8,144,3.68433924298,3.16525133253,0.00461606885885,0.00657969788088
2,1,16,144,3.68250338201,3.15777126769,0.00278020789123,-0.000900366957385
3,1,32,144,3.67972317412,3.15867163465,0,0
4,2,4,144,3.06009672808,3.23936722261,-0.619626446042,0.0806955879538
5,2,8,144,3.05517253862,3.21211632934,-0.624550635498,0.0534446946875
6,2,16,144,3.05034012638,3.20160778057,-0.629383047739,0.0429361459136
7,2,32,144,3.04728817252,3.15378698576,-0.6324350016,-0.00488464889512
8,3,4,144,2.97219336018,3.183898817,-0.707529813937,0.0252271823505
9,3,8,144,2.94894665621,3.13784729338,-0.730776517909,-0.0208243412677
10,3,16,144,2.94410021909,3.12676949446,-0.735622955026,-0.0319021401952
11,3,32,144,2.94030183559,3.0967804318,-0.739421338526,-0.0618912028532
0,1,4,145,4.05741630784,3.12728064276,0.00309593053043,-0.0149456483439
1,1,8,145,4.05666704835,3.15639245846,0.00234667104142,0.0141661673555
2,1,16,145,4.05556968616,3.13938949583,0.00124930885118,-0.00283679527179
3,1,32,145,4.05432037731,3.14222629111,0,0
4,2,4,145,3.24833608845,2.98894401694,-0.805984288856,-0.153282274168
5,2,8,145,3.24808848368,2.97894674249,-0.806231893631,-0.16327954862
6,2,16,145,3.24755085586,3.02003855035,-0.806769521447,-0.122187740757
7,2,32,145,3.24713605065,3.02885702434,-0.807184326656,-0.113369266761
8,3,4,145,3.08655387792,2.97118661984,-0.967766499391,-0.171039671261
9,3,8,145,3.08906185121,2.96501839266,-0.965258526101,-0.177207898444
10,3,16,145,3.09461647911,3.02788444083,-0.959703898201,-0.114341850276
11,3,32,145,3.2368829837,3.01957917039,-0.817437393612,-0.122647120715
0,1,4,146,3.91988795017,3.36746419629,0.0128186087873,-0.0190510259533
1,1,8,146,3.91762809752,3.40562822481,0.0105587561316,0.0191130025635
2,1,16,146,3.91360252336,3.38926038666,0.00653318197244,0.00274516441733
3,1,32,146,3.90706934138,3.38651522225,0,0
4,2,4,146,3.3379692428,3.49424908706,-0.569100098589,0.107733864817
5,2,8,146,3.33331055448,3.47984235534,-0.573758786901,0.0933271330905
6,2,16,146,3.32450952555,3.46161946932,-0.582559815831,0.0751042470745
7,2,32,146,3.31216259907,3.40254711943,-0.594906742315,0.0160318971844
8,3,4,146,3.17218034882,3.46319356955,-0.734888992564,0.0766783473038
9,3,8,146,3.13291972836,3.40677167061,-0.774149613029,0.0202564483607
10,3,16,146,3.12242758572,3.37695521688,-0.784641755666,-0.0095600053697
11,3,32,146,3.108871304,3.33423893109,-0.798198037381,-0.052276291158
0,1,4,147,4.0426253968,3.33471271024,0.0111128920678,-0.014558210221
1,1,8,147,4.04065642743,3.3561366892,0.00914392269057,0.00686576873925
2,1,16,147,4.03715954091,3.33565495854,0.00564703617665,-0.0136159619223
3,1,32,147,4.03151250474,3.34927092046,0,0
4,2,4,147,3.6072004984,3.46090786869,-0.424312006337,0.111636948227
5,2,8,147,3.59465652655,3.44745296086,-0.436855978182,0.0981820404009
6,2,16,147,3.5787831836,3.41978240969,-0.452729321132,0.0705114892326
7,2,32,147,3.56203456002,3.36408641983,-0.469477944716,0.0148154993644
8,3,4,147,3.49021769994,3.45086443106,-0.541294804797,0.1015935106
9,3,8,147,3.44684954628,3.37008944066,-0.584662958459,0.0208185201987
10,3,16,147,3.43515465839,3.35315196263,-0.596357846345,0.00388104216883
11,3,32,147,3.5225774528,3.28829297392,-0.50893505194,-0.060977946539
0,1,4,148,4.50195332691,3.11828900791,-0.00287337706701,-0.021741440028
1,1,8,148,4.50243849504,3.14220241482,-0.00238820893165,0.00217196687732
2,1,16,148,4.50333027509,3.12311973887,-0.00149642888598,-0.016910709068
3,1,32,148,4.50482670398,3.14003044794,0,0
4,2,4,148,3.79814674368,3.00813696781,-0.706679960292,-0.13189348013
5,2,8,148,3.79085788172,2.98564603538,-0.713968822259,-0.154384412556
6,2,16,148,3.7829172583,3.02262215692,-0.72190944568,-0.11740829102
7,2,32,148,3.77650260534,3.02401577638,-0.728324098635,-0.116014671555
8,3,4,148,3.59965379267,2.95506516699,-0.905172911305,-0.184965280947
9,3,8,148,3.5982152148,2.94236284253,-0.906611489175,-0.197667605409
10,3,16,148,3.60088672304,2.98243870305,-0.903939980936,-0.157591744893
11,3,32,148,3.90738599283,3.00320177102,-0.597440711146,-0.136828676922
0,1,4,149,4.18866688298,3.05293816597,0.00281600791755,-0.00288520706657
1,1,8,149,4.18789207172,3.0621740001,0.00204119665706,0.00635062706255
2,1,16,149,4.18684019469,3.04475315667,0.000989319634608,-0.0110702163635
3,1,32,149,4.18585087506,3.05582337304,0,0
4,2,4,149,3.4745655331,3.01130566405,-0.71128534196,-0.044517708987
5,2,8,149,3.46068225797,2.98565001405,-0.725168617093,-0.0701733589868
6,2,16,149,3.44839247656,2.98535869833,-0.737458398503,-0.0704646747101
7,2,32,149,3.44150517849,2.98462878079,-0.744345696567,-0.0711945922469
8,3,4,149,3.25644005239,2.99835134252,-0.929410822672,-0.0574720305183
9,3,8,149,3.24806908641,2.95548254414,-0.937781788648,-0.100340828896
10,3,16,149,3.24640809883,2.97935103918,-0.939442776231,-0.0764723338583
11,3,32,149,3.53720765697,2.95574167807,-0.648643218088,-0.100081694971
0,1,4,150,3.6805785032,3.17249200399,-0.00154659154296,-0.0237645798628
1,1,8,150,3.68079452811,3.19047954937,-0.0013305666309,-0.00577703448703
2,1,16,150,3.68124959542,3.18717184221,-0.000875499319648,-0.00908474164693
3,1,32,150,3.68212509474,3.19625658385,0,0
4,2,4,150,2.84369257352,3.08440909012,-0.838432521224,-0.111847493732
5,2,8,150,2.84704035776,3.06044597366,-0.835084736979,-0.135810610197
6,2,16,150,2.85203909512,3.08161262528,-0.830085999621,-0.114643958577
7,2,32,150,2.85916445318,3.09579672795,-0.822960641567,-0.100459855902
8,3,4,150,2.74978938778,3.01815725485,-0.932335706959,-0.178099329006
9,3,8,150,2.75264450133,3.02399802877,-0.929480593408,-0.17225855509
10,3,16,150,2.75864781105,3.05878004539,-0.923477283688,-0.137476538463
11,3,32,150,2.76611538024,3.05832618826,-0.916009714498,-0.137930395598
0,1,4,151,4.05142941015,3.41222554127,0.000909571842195,-0.0608145893889
1,1,8,151,4.05125490741,3.47899084615,0.000735069106195,0.00595071549702
2,1,16,151,4.05095847287,3.48558424496,0.000438634564342,0.0125441143033
3,1,32,151,4.0505198383,3.47304013066,0,0
4,2,4,151,3.24147824039,3.26358666686,-0.809041597914,-0.209453463795
5,2,8,151,3.24950970626,3.21237125399,-0.801010132046,-0.260668876663
6,2,16,151,3.2572823517,3.29450026238,-0.7932374866,-0.178539868279
7,2,32,151,3.26290568553,3.32046388334,-0.787614152772,-0.152576247315
8,3,4,151,3.00087792191,3.20387376857,-1.04964191639,-0.269166362081
9,3,8,151,3.01060343985,3.2521634129,-1.03991639845,-0.22087671776
10,3,16,151,3.02190721102,3.31975700142,-1.02861262729,-0.15328312924
11,3,32,151,3.17442919358,3.32448355212,-0.876090644725,-0.148556578538
0,1,4,152,3.83618093548,3.20814977519,0.00823206206316,-0.0167317815213
1,1,8,152,3.83461716081,3.23440740026,0.00666828739514,0.00952584355557
2,1,16,152,3.83196411553,3.22233585749,0.00401524211791,-0.00254569921399
3,1,32,152,3.82794887341,3.22488155671,0,0
4,2,4,152,3.11641365125,3.21984983149,-0.71153522217,-0.00503172521672
5,2,8,152,3.1142729964,3.21464766956,-0.713675877013,-0.010233887148
6,2,16,152,3.11019869314,3.21292082315,-0.717750180275,-0.0119607335585
7,2,32,152,3.10494576146,3.18503634049,-0.723003111956,-0.0398452162191
8,3,4,152,2.97004556324,3.19900083645,-0.857903310175,-0.0258807202583
9,3,8,152,2.94962512068,3.16176638322,-0.878323752736,-0.0631151734876
10,3,16,152,2.94615723406,3.17102706574,-0.881791639359,-0.0538544909632
11,3,32,152,2.94055486299,3.13661103756,-0.887394010429,-0.0882705191496
0,1,4,153,3.81325424082,3.22329685491,0.0135137506287,-0.00149556674382
1,1,8,153,3.81061358616,3.25868271203,0.0108730959719,0.0338902903746
2,1,16,153,3.80620898593,3.22767424434,0.00646849573687,0.00288182268421
3,1,32,153,3.79974049019,3.22479242166,0,0
4,2,4,153,3.0637402395,3.21650942481,-0.73600025069,-0.00828299684931
5,2,8,153,3.06194269194,3.22501482326,-0.737797798248,0.000222401597854
6,2,16,153,3.05743380654,3.22074292532,-0.742306683647,-0.00404949633682
7,2,32,153,3.05033494572,3.19745229035,-0.749405544471,-0.0273401313045
8,3,4,153,2.93216247282,3.22826911968,-0.867578017369,0.00347669801931
9,3,8,153,2.91074882233,3.18025236124,-0.88899166786,-0.044540060415
10,3,16,153,2.9066700952,3.20183688174,-0.893070394992,-0.0229555399128
11,3,32,153,2.89853181693,3.15732575517,-0.901208673264,-0.0674666664892
0,1,4,154,4.45784260563,3.43743132976,0.014204521839,-0.0175907393254
1,1,8,154,4.45535236851,3.48343543336,0.0117142847134,0.0284133642702
2,1,16,154,4.45089723583,3.44573440664,0.00725915203411,-0.00928766244839
3,1,32,154,4.44363808379,3.45502206909,0,0
4,2,4,154,4.06155190562,3.59831415966,-0.382086178174,0.143292090577
5,2,8,154,4.04480240606,3.57989329656,-0.398835677733,0.124871227476
6,2,16,154,4.02254128839,3.55001439548,-0.421096795403,0.0949923263908
7,2,32,154,3.99733615941,3.48754507769,-0.446301924384,0.0325230086051
8,3,4,154,3.85257777734,3.58884044619,-0.591060306451,0.133818377104
9,3,8,154,3.80135578636,3.49971181661,-0.642282297434,0.0446897475195
10,3,16,154,3.78518807449,3.4622510775,-0.658450009303,0.0072290084153
11,3,32,154,4.01385188955,3.41331859358,-0.429786194245,-0.0417034755064
0,1,4,155,3.75424846057,3.28114477388,0.0160893852995,0.00888716010392
1,1,8,155,3.75124607394,3.29893836382,0.0130869986744,0.026680750043
2,1,16,155,3.74609176446,3.26954918499,0.00793268918799,-0.00270842878357
3,1,32,155,3.73815907527,3.27225761378,0,0
4,2,4,155,3.20826535006,3.45059989964,-0.529893725212,0.178342285863
5,2,8,155,3.19711766188,3.44586752194,-0.54104141339,0.173609908166
6,2,16,155,3.18305531699,3.39303335491,-0.555103758277,0.120775741134
7,2,32,155,3.16826436381,3.32969425659,-0.569894711461,0.0574366428114
8,3,4,155,3.09607057424,3.44908678433,-0.642088501026,0.176829170555
9,3,8,155,3.04970025504,3.35639258651,-0.688458820229,0.0841349727349
10,3,16,155,3.03503419254,3.31734343094,-0.703124882731,0.0450858171689
11,3,32,155,3.01834155762,3.24815939981,-0.719817517646,-0.024098213966
0,1,4,156,3.92635096419,3.32080954642,-0.00106227268144,-0.0342187202238
1,1,8,156,3.9264947606,3.35521811423,-0.000918476276851,0.000189847584807
2,1,16,156,3.92680247803,3.34601754426,-0.000610758841658,-0.00901072238718
3,1,32,156,3.92741323688,3.35502826664,0,0
4,2,4,156,3.20125796607,3.23384789938,-0.72615527081,-0.121180367267
5,2,8,156,3.20022450686,3.18864437679,-0.727188730017,-0.166383889858
6,2,16,156,3.20091746224,3.22079928291,-0.726495774634,-0.134228983734
7,2,32,156,3.20414382176,3.24692652686,-0.723269415118,-0.108101739784
8,3,4,156,3.06934429796,3.17330721956,-0.858068938915,-0.181721047083
9,3,8,156,3.07061965011,3.18034175642,-0.856793586765,-0.174686510229
10,3,16,156,3.0767591597,3.22323277285,-0.850654077176,-0.131795493797
11,3,32,156,3.24574904975,3.21655260369,-0.681664187121,-0.138475662956
0,1,4,157,4.16802315411,3.39954709355,0.0213380855751,0.014739072811
1,1,8,157,4.16417803341,3.43307816717,0.0174929648766,0.048270146433
2,1,16,157,4.15742263454,3.38536310725,0.0107375660076,0.000555086508001
3,1,32,157,4.14668506854,3.38480802074,0,0
4,2,4,157,3.79355121278,3.64132220128,-0.353133855756,0.256514180539
5,2,8,157,3.7774445053,3.63849519567,-0.369240563238,0.253687174929
6,2,16,157,3.75476526521,3.5831850753,-0.39191980333,0.198377054566
7,2,32,157,3.72762981044,3.48569382183,-0.419055258093,0.100885801091
8,3,4,157,3.64556884787,3.64708059428,-0.501116220662,0.262272573546
9,3,8,157,3.58110613982,3.52782494407,-0.565578928714,0.143016923336
10,3,16,157,3.55938096184,3.4672829536,-0.587304106696,0.08247493286
11,3,32,157,3.63929607434,3.39896409946,-0.507388994196,0.0141560787207
0,1,4,158,4.30847978425,3.23126002305,0.00738705904409,-0.0225221727353
1,1,8,158,4.30707393547,3.25799690382,0.00598121026603,0.00421470803848
2,1,16,158,4.30468842361,3.23703876385,0.00359569841152,-0.0167434319354
3,1,32,158,4.3010927252,3.25378219578,0,0
4,2,4,158,3.77599047494,3.22251956864,-0.525102250261,-0.031262627147
5,2,8,158,3.76385718722,3.21513237465,-0.537235537983,-0.0386498211319
6,2,16,158,3.74912867525,3.22069321962,-0.551964049951,-0.0330889761665
7,2,32,158,3.73430399371,3.19679409877,-0.566788731496,-0.0569880970102
8,3,4,158,3.60808896086,3.23231026919,-0.693003764342,-0.0214719265896
9,3,8,158,3.58285550341,3.1736971707,-0.718237221796,-0.0800850250861
10,3,16,158,3.57797248931,3.20420612989,-0.723120235887,-0.0495760658933
11,3,32,158,3.79591333884,3.1540525985,-0.505179386358,-0.099729597285
0,1,4,159,4.73402850025,3.24648934682,-0.00245987150682,-0.0356717252851
1,1,8,159,4.73445462645,3.28302980537,-0.00203374530262,0.000868733258052
2,1,16,159,4.73522113358,3.26438305461,-0.00126723818149,-0.0177780174945
3,1,32,159,4.73648837176,3.28216107211,0,0
4,2,4,159,4.16781800033,3.12314333029,-0.568670371429,-0.159017741816
5,2,8,159,4.15649430283,3.0829441191,-0.579994068924,-0.199216953012
6,2,16,159,4.14445150181,3.13822554104,-0.592036869946,-0.143935531067
7,2,32,159,4.13413599704,3.1486343574,-0.602352374716,-0.133526714706
8,3,4,159,3.93971744936,3.08597014585,-0.796770922399,-0.196190926256
9,3,8,159,3.93699070531,3.07430493214,-0.79949766645,-0.207856139969
10,3,16,159,3.94077242988,3.13461488334,-0.795715941878,-0.147546188773
11,3,32,159,4.3944321892,3.13884809073,-0.342056182561,-0.143312981381
0,1,4,160,4.07246390942,3.11220592784,0.00459380272303,-0.0176828029846
1,1,8,160,4.07138818966,3.14710757284,0.00351808296733,0.0172188420165
2,1,16,160,4.06978294706,3.12505653107,0.0019128403658,-0.00483219975395
3,1,32,160,4.0678701067,3.12988873082,0,0
4,2,4,160,3.19844059306,2.98949819766,-0.869429513641,-0.140390533159
5,2,8,160,3.19589924589,2.98590282108,-0.871970860804,-0.143985909743
6,2,16,160,3.19309248681,3.00750803409,-0.874777619889,-0.122380696731
7,2,32,160,3.19106288841,3.02453680095,-0.876807218291,-0.105351929874
8,3,4,160,2.9947187079,2.98350474131,-1.07315139879,-0.146383989515
9,3,8,160,2.99526045599,2.96935682985,-1.07260965071,-0.160531900969
10,3,16,160,2.99844240667,3.01830291809,-1.06942770002,-0.111585812727
11,3,32,160,3.15292728017,3.00773896187,-0.914942826528,-0.122149768954
0,1,4,161,4.00425141031,3.44320161962,0.0117845159353,-0.0149253052612
1,1,8,161,4.00220457984,3.47759002875,0.00973768546773,0.0194631038674
2,1,16,161,3.99852202855,3.46615528463,0.00605513417491,0.0080283597548
3,1,32,161,3.99246689437,3.45812692488,0,0
4,2,4,161,3.55593480959,3.60313075802,-0.43653208478,0.145003833145
5,2,8,161,3.547619269,3.5578908391,-0.44484762537,0.0997639142225
6,2,16,161,3.53630181615,3.55089364703,-0.456165078225,0.0927667221545
7,2,32,161,3.52307587529,3.48402155768,-0.469391019082,0.0258946328032
8,3,4,161,3.37995828803,3.55515958479,-0.612508606342,0.0970326599101
9,3,8,161,3.33889429969,3.49988962789,-0.653572594684,0.0417627030077
10,3,16,161,3.32844366511,3.46726319878,-0.664023229269,0.00913627390634
11,3,32,161,3.4234521666,3.42178449383,-0.569014727779,-0.0363424310505
0,1,4,162,4.13164613935,3.3843910133,0.0133815801935,-0.0202359506186
1,1,8,162,4.12927210474,3.42201771918,0.0110075455909,0.0173907552663
2,1,16,162,4.12505910143,3.39592459258,0.00679454227327,-0.00870237133035
3,1,32,162,4.11826455915,3.40462696391,0,0
4,2,4,162,3.64877096548,3.52439451196,-0.469493593672,0.119767548045
5,2,8,162,3.63685053418,3.51297664836,-0.48141402497,0.108349684441
6,2,16,162,3.62050126948,3.48155527242,-0.497763289671,0.0769283085065
7,2,32,162,3.60175157178,3.42633812906,-0.516512987369,0.021711165143
8,3,4,162,3.47922740099,3.5156224441,-0.63903715816,0.110995480186
9,3,8,162,3.43350425587,3.43676014943,-0.684760303287,0.0321331855149
10,3,16,162,3.42009785635,3.40748926233,-0.698166702801,0.00286229841514
11,3,32,162,3.51670889294,3.35016849379,-0.601555666214,-0.0544584701279
0,1,4,163,3.90456478947,3.12460388001,0.00256403828446,-0.0115906775622
1,1,8,163,3.90391103325,3.14331127479,0.00191028206391,0.00711671722258
2,1,16,163,3.90298461084,3.14366115629,0.000983859654678,0.00746659872017
3,1,32,163,3.90200075119,3.13619455757,0,0
4,2,4,163,3.11966362841,3.0485671865,-0.782337122778,-0.0876273710687
5,2,8,163,3.11835403446,3.01330701411,-0.783646716726,-0.122887543457
6,2,16,163,3.11836704582,3.05079850216,-0.783633705363,-0.085396055408
7,2,32,163,3.12056876464,3.04447581497,-0.781431986552,-0.0917187425995
8,3,4,163,2.92342492619,3.00749021164,-0.978575825002,-0.128704345928
9,3,8,163,2.92397904597,3.0050561454,-0.978021705218,-0.131138412172
10,3,16,163,2.92846781999,3.0453771331,-0.973532931193,-0.0908174244728
11,3,32,163,3.06123617627,3.03351013071,-0.840764574919,-0.102684426855
0,1,4,164,3.91142791116,3.22021732584,0.0114469970775,0.014924788605
1,1,8,164,3.90917828472,3.23757549073,0.00919737063437,0.032282953496
2,1,16,164,3.9054414557,3.21298407799,0.00546054160836,0.00769154075017
3,1,32,164,3.89998091409,3.20529253724,0,0
4,2,4,164,3.30426887365,3.28731040202,-0.595712040438,0.0820178647827
5,2,8,164,3.2955239516,3.26079198537,-0.604456962484,0.0554994481292
6,2,16,164,3.28583684576,3.25387521041,-0.614144068326,0.0485826731744
7,2,32,164,3.27685609426,3.20919410409,-0.623124819829,0.0039015668574
8,3,4,164,3.15155567139,3.2686699661,-0.748425242696,0.0633774288665
9,3,8,164,3.12529599356,3.21101078744,-0.774684920525,0.00571825020702
10,3,16,164,3.11859193715,3.20847877289,-0.781388976938,0.00318623565143
11,3,32,164,3.23560467278,3.16813344928,-0.664376241303,-0.0371590879559
0,1,4,165,4.11272423721,3.23300371521,0.00780148442916,-0.0177594661118
1,1,8,165,4.11126100908,3.26355289215,0.00633825630187,0.0127897108336
2,1,16,165,4.10875676679,3.24692892038,0.00383401400745,-0.00383426093602
3,1,32,165,4.10492275278,3.25076318132,0,0
4,2,4,165,3.4724937746,3.23490070229,-0.632428978181,-0.0158624790335
5,2,8,165,3.46702870155,3.22377915809,-0.637894051235,-0.0269840232333
6,2,16,165,3.4589761003,3.23408041778,-0.645946652482,-0.0166827635441
7,2,32,165,3.44944687551,3.20318892385,-0.655475877273,-0.0475742574661
8,3,4,165,3.29895329874,3.21723032593,-0.805969454045,-0.0335328553909
9,3,8,165,3.27736279806,3.1769575514,-0.827559954715,-0.0738056299247
10,3,16,165,3.27359809866,3.19356674308,-0.831324654117,-0.057196438242
11,3,32,165,3.38363752084,3.16325737846,-0.721285231939,-0.0875058028556
0,1,4,166,4.12924237101,3.29881597535,0.0125814634746,-0.00914764957815
1,1,8,166,4.12699665305,3.32380691726,0.0103357455183,0.0158432923342
2,1,16,166,4.12302984291,3.29820325721,0.00636893537892,-0.00976036771876
3,1,32,166,4.11666090753,3.30796362493,0,0
4,2,4,166,3.63235577911,3.46909314996,-0.484305128421,0.161129525033
5,2,8,166,3.61801710354,3.45841032507,-0.498643803991,0.150446700137
6,2,16,166,3.59970306839,3.41309727632,-0.516957839136,0.10513365139
7,2,32,166,3.58030135067,3.34710636791,-0.536359556861,0.0391427429819
8,3,4,166,3.45481821323,3.45087031781,-0.661842694297,0.142906692881
9,3,8,166,3.40693724889,3.3622687579,-0.709723658638,0.0543051329714
10,3,16,166,3.39122094793,3.31478668034,-0.725439959605,0.00682305540988
11,3,32,166,3.48765635083,3.26428381257,-0.629004556703,-0.0436798123562
0,1,4,167,3.81339909865,3.32460016342,0.0101950031891,0.0137752777354
1,1,8,167,3.81153729899,3.35376720678,0.00833320352744,0.042942321102
2,1,16,167,3.80829606822,3.3041864877,0.00509197276144,-0.00663839798578
3,1,32,167,3.80320409546,3.31082488568,0,0
4,2,4,167,3.15161805437,3.39518760194,-0.65158604109,0.0843627162572
5,2,8,167,3.14853455367,3.38980265791,-0.654669541791,0.0789777722303
6,2,16,167,3.1428887897,3.36151712339,-0.660315305765,0.0506922377059
7,2,32,167,3.13517346814,3.32957961511,-0.668030627321,0.0187547294323
8,3,4,167,3.11454834187,3.34733846266,-0.68865575359,0.0365135769755
9,3,8,167,3.0854075932,3.29028557425,-0.717796502259,-0.0205393114334
10,3,16,167,3.07756863274,3.27026119551,-0.725635462726,-0.0405636901691
11,3,32,167,3.06859722503,3.25807921361,-0.734606870432,-0.0527456720724
0,1,4,168,4.25898876472,3.11162832926,-0.000110093907046,-0.0257811882553
1,1,8,168,4.25887935825,3.12806679606,-0.000219500378017,-0.00934272145819
2,1,16,168,4.25883499972,3.11953875634,-0.00026385890616,-0.0178707611785
3,1,32,168,4.25909885862,3.13740951752,0,0
4,2,4,168,3.60160678616,2.98734209203,-0.657492072468,-0.150067425491
5,2,8,168,3.5939072015,2.97128797105,-0.665191657122,-0.166121546467
6,2,16,168,3.58632673276,3.00851892734,-0.672772125863,-0.128890590178
7,2,32,168,3.58113598282,3.0145694862,-0.677962875805,-0.122840031321
8,3,4,168,3.44000663638,2.97699616513,-0.819092222239,-0.160413352385
9,3,8,168,3.43745559885,2.95527942683,-0.821643259778,-0.18213009069
10,3,16,168,3.44158054097,3.02192701373,-0.81751831765,-0.115482503791
11,3,32,168,3.69016810678,2.99678617221,-0.568930751843,-0.140623345312
0,1,4,169,4.26613064382,3.11117457413,0.000785039434654,-0.0228847343207
1,1,8,169,4.26582944168,3.13244312967,0.000483837293871,-0.0016161787841
2,1,16,169,4.26548574962,3.1261650785,0.000140145233318,-0.00789422995724
3,1,32,169,4.26534560438,3.13405930845,0,0
4,2,4,169,3.54251570981,3.0379205245,-0.722829894578,-0.0961387839507
5,2,8,169,3.53345765286,3.00756306987,-0.731887951529,-0.126496238586
6,2,16,169,3.5250920921,3.03257455663,-0.740253512282,-0.101484751823
7,2,32,169,3.52005344544,3.0331824007,-0.745292158941,-0.100876907756
8,3,4,169,3.30050348298,3.0092304384,-0.964842121402,-0.12482887005
9,3,8,169,3.29650433593,2.9901815644,-0.968841268451,-0.143877744049
10,3,16,169,3.29800015179,3.02497857422,-0.967345452589,-0.109080734235
11,3,32,169,3.57283392492,3.01333253043,-0.692511679459,-0.120726778026
0,1,4,170,4.54384307839,3.38299970741,0.0124268172855,-0.0262320234597
1,1,8,170,4.54168956313,3.43311839548,0.0102733020253,0.0238866646103
2,1,16,170,4.53780576372,3.40088635756,0.00638950261626,-0.00834537331509
3,1,32,170,4.5314162611,3.40923173087,0,0
4,2,4,170,4.09170729458,3.45555612653,-0.439708966526,0.0463243956577
5,2,8,170,4.08046879091,3.45084915818,-0.450947470197,0.0416174273073
6,2,16,170,4.06272204548,3.45303790283,-0.468694215623,0.0438061719566
7,2,32,170,4.03979902373,3.395803367,-0.491617237379,-0.0134283638694
8,3,4,170,3.88397974578,3.45274183542,-0.647436515323,0.0435101045457
9,3,8,170,3.84243694822,3.38383951748,-0.688979312885,-0.0253922133892
10,3,16,170,3.83132842944,3.38072040758,-0.700087831668,-0.0285113232902
11,3,32,170,4.0341754876,3.3421979094,-0.497240773503,-0.0670338214763
0,1,4,171,3.81341979632,3.36968607949,0.00775589203329,-0.0307133762823
1,1,8,171,3.81203148658,3.4083731502,0.00636758229575,0.00797369443388
2,1,16,171,3.80958055537,3.38507772268,0.00391665108644,-0.0153217330847
3,1,32,171,3.80566390428,3.40039945577,0,0
4,2,4,171,3.17282491888,3.36291698386,-0.632838985402,-0.0374824719035
5,2,8,171,3.17160412592,3.36006177523,-0.634059778367,-0.0403376805417
6,2,16,171,3.16801833688,3.3571236786,-0.6376455674,-0.0432757771696
7,2,32,171,3.16235472567,3.35064530718,-0.643309178618,-0.0497541485884
8,3,4,171,3.10888844351,3.34709550542,-0.696775460776,-0.0533039503477
9,3,8,171,3.0866352143,3.30986709488,-0.719028689988,-0.0905323608926
10,3,16,171,3.08447822708,3.33424028427,-0.721185677208,-0.0661591714942
11,3,32,171,3.07544373351,3.28942378514,-0.730220170777,-0.110975670625
0,1,4,172,3.99610051896,3.45736281905,0.0143009258273,-0.0122828533941
1,1,8,172,3.9936355909,3.503890643,0.0118359977712,0.0342449705529
2,1,16,172,3.98917585694,3.46498926858,0.00737626381022,-0.00465640386198
3,1,32,172,3.98179959313,3.46964567245,0,0
4,2,4,172,3.47588666321,3.57822817598,-0.505912929919,0.108582503537
5,2,8,172,3.47190946344,3.5761625939,-0.509890129692,0.106516921454
6,2,16,172,3.46220408964,3.55460897623,-0.51959550349,0.084963303787
7,2,32,172,3.44673005345,3.49775104363,-0.535069539684,0.0281053711861
8,3,4,172,3.38827721491,3.55061261036,-0.593522378217,0.0809669379134
9,3,8,172,3.34430662265,3.4838195374,-0.637492970482,0.0141738649501
10,3,16,172,3.3327654408,3.45910740492,-0.649034152332,-0.0105382675294
11,3,32,172,3.31422312032,3.42066566611,-0.667576472806,-0.0489800063324
0,1,4,173,3.88392828191,3.28481253382,0.00472304489771,-0.0151919083216
1,1,8,173,3.88313992792,3.31011306289,0.0039346909108,0.0101086207497
2,1,16,173,3.88168393629,3.29740749126,0.00247869927843,-0.00259695087406
3,1,32,173,3.87920523701,3.30000444214,0,0
4,2,4,173,3.25103149433,3.27278904265,-0.628173742681,-0.02721539949
5,2,8,173,3.25304397639,3.25549240655,-0.626161260615,-0.0445120355903
6,2,16,173,3.25280926989,3.28108212652,-0.626395967118,-0.0189223156203
7,2,32,173,3.24993090843,3.24803628189,-0.629274328581,-0.0519681602442
8,3,4,173,3.17592498389,3.21729877329,-0.703280253124,-0.0827056688489
9,3,8,173,3.159057144,3.19707190442,-0.720148093013,-0.102932537723
10,3,16,173,3.15907579936,3.21973749996,-0.720129437652,-0.0802669421808
11,3,32,173,3.1540685298,3.20541332547,-0.725136707213,-0.0945911166735
0,1,4,174,3.83604515089,3.49093146304,0.0162077011787,-0.0178292373185
1,1,8,174,3.83314232959,3.541619003,0.0133048798702,0.0328583026428
2,1,16,174,3.82802058267,3.51618387681,0.00818313295639,0.00742317645143
3,1,32,174,3.81983744972,3.50876070035,0,0
4,2,4,174,3.2956058484,3.61200689343,-0.524231601314,0.10324619308
5,2,8,174,3.29238320897,3.59348485028,-0.527454240748,0.0847241499243
6,2,16,174,3.28483048208,3.58116294995,-0.535006967641,0.0724022495993
7,2,32,174,3.27263680215,3.53057558098,-0.547200647569,0.0218148806273
8,3,4,174,3.16232095949,3.59631156792,-0.657516490225,0.0875508675622
9,3,8,174,3.12189119804,3.54036099517,-0.697946251677,0.0316002948166
10,3,16,174,3.11236085603,3.5242990517,-0.707476593685,0.0155383513465
11,3,32,174,3.09678835921,3.46661379124,-0.723049090508,-0.0421469091103
0,1,4,175,4.30639388442,3.42283530498,0.0144171941844,-0.012467548078
1,1,8,175,4.30380205041,3.46083549811,0.0118253601825,0.0255326450521
2,1,16,175,4.29923926635,3.42724166915,0.00726257612345,-0.00806118390605
3,1,32,175,4.29197669023,3.43530285306,0,0
4,2,4,175,3.93610690214,3.5523914542,-0.355869788088,0.117088601144
5,2,8,175,3.92045209387,3.53269231675,-0.371524596365,0.0973894636923
6,2,16,175,3.90029980665,3.51370055088,-0.391676883581,0.0783976978234
7,2,32,175,3.87797371608,3.45658366577,-0.414002974147,0.0212808127149
8,3,4,175,3.77286314886,3.55770343742,-0.519113541373,0.122400584364
9,3,8,175,3.72574203277,3.4707926302,-0.566234657461,0.0354897771367
10,3,16,175,3.71254713833,3.4579050332,-0.579429551905,0.022602180143
11,3,32,175,3.92049931646,3.39175118317,-0.371477373769,-0.043551669886
0,1,4,176,3.51088461324,3.12004337078,0.00610171413971,-0.0155901447834
1,1,8,176,3.50946996077,3.13709746247,0.0046870616656,0.00146394690257
2,1,16,176,3.50734720912,3.13869330368,0.00256431001552,0.00305978811311
3,1,32,176,3.5047828991,3.13563351557,0,0
4,2,4,176,2.65779585826,3.03915602275,-0.846987040841,-0.0964774928158
5,2,8,176,2.65772899075,3.02147753398,-0.847053908353,-0.114155981584
6,2,16,176,2.65993976821,3.03552607077,-0.844843130887,-0.100107444791
7,2,32,176,2.66531964438,3.04798605614,-0.839463254721,-0.0876474594285
8,3,4,176,2.50941368099,3.03863963018,-0.995369218112,-0.0969938853832
9,3,8,176,2.50914712172,3.02575827346,-0.995635777384,-0.109875242101
10,3,16,176,2.51380742794,3.07624509675,-0.990975471161,-0.0593884188124
11,3,32,176,2.51879320993,3.02532511077,-0.98598968917,-0.110308404794
0,1,4,177,4.27421263905,3.19147597963,-0.00183240911766,-0.039484771728
1,1,8,177,4.27449603258,3.21605573968,-0.00154901559247,-0.0149050116751
2,1,16,177,4.27504694087,3.21447439734,-0.00099810730634,-0.0164863540144
3,1,32,177,4.27604504817,3.23096075135,0,0
4,2,4,177,3.63524923629,3.06164048553,-0.640795811882,-0.169320265827
5,2,8,177,3.62988920834,3.03403052248,-0.646155839831,-0.196930228879
6,2,16,177,3.62463378322,3.08405026582,-0.651411264951,-0.146910485538
7,2,32,177,3.62116616248,3.0944104132,-0.654878885697,-0.136550338154
8,3,4,177,3.46709287792,3.03420861401,-0.808952170248,-0.19675213734
9,3,8,177,3.46662702413,3.02812617694,-0.809418024039,-0.202834574413
10,3,16,177,3.4726276314,3.09715863568,-0.803417416767,-0.13380211567
11,3,32,177,3.72466890805,3.07825794392,-0.551376140119,-0.152702807438
0,1,4,178,4.02399087102,3.20693378514,-0.00044433425145,-0.0422160806291
1,1,8,178,4.02398108794,3.23828749031,-0.000454117334299,-0.0108623754661
2,1,16,178,4.02406736304,3.22954032117,-0.00036784222955,-0.0196095445991
3,1,32,178,4.02443520527,3.24914986577,0,0
4,2,4,178,3.25595203453,3.08592228536,-0.768483170746,-0.163227580414
5,2,8,178,3.25315291499,3.07046402954,-0.771282290282,-0.17868583623
6,2,16,178,3.25090706982,3.09423628591,-0.773528135449,-0.154913579858
7,2,32,178,3.25067918913,3.12297157067,-0.773756016147,-0.126178295107
8,3,4,178,3.10714389292,3.06170253557,-0.917291312353,-0.187447330198
9,3,8,178,3.1072573202,3.0552824045,-0.917177885077,-0.193867461267
10,3,16,178,3.11239758757,3.11015440915,-0.912037617703,-0.138995456625
11,3,32,178,3.26260684608,3.09034464412,-0.761828359188,-0.158805221651
0,1,4,179,4.03602995266,3.3832859825,0.0159806524525,-0.0134598575782
1,1,8,179,4.03316959371,3.43263909526,0.0131202935038,0.0358932551805
2,1,16,179,4.02812079838,3.39441638681,0.00807149817431,-0.00232945326371
3,1,32,179,4.02004930021,3.39674584008,0,0
4,2,4,179,3.44562937846,3.46664681698,-0.574419921753,0.0699009769011
5,2,8,179,3.44196714735,3.47844472825,-0.578082152862,0.081698888175
6,2,16,179,3.43216219791,3.46137238813,-0.587887102299,0.0646265480522
7,2,32,179,3.41609843383,3.40884819193,-0.603950866381,0.0121023518525
8,3,4,179,3.31912501174,3.4658294415,-0.700924288466,0.0690836014199
9,3,8,179,3.27843428985,3.39878859311,-0.741615010365,0.00204275303036
10,3,16,179,3.2676918519,3.38816194251,-0.752357448308,-0.00858389756508
11,3,32,179,3.24934631844,3.34336841283,-0.770702981767,-0.0533774272419
0,1,4,180,3.89783514086,3.25509028484,0.00840080489865,-1.30162214487e-05
1,1,8,180,3.89629768143,3.28284106262,0.00686334546542,0.0277377615648
2,1,16,180,3.89362445189,3.24868427632,0.00419011592374,-0.00641902473738
3,1,32,180,3.88943433597,3.25510330106,0,0
4,2,4,180,3.21894485942,3.26390675332,-0.670489476549,0.0088034522614
5,2,8,180,3.21803620539,3.26529919157,-0.671398130573,0.010195890511
6,2,16,180,3.21418323144,3.26279104737,-0.675251104524,0.00768774630949
7,2,32,180,3.20752174622,3.23187686025,-0.681912589744,-0.0232264408098
8,3,4,180,3.15232602922,3.22941843178,-0.737108306745,-0.025684869282
9,3,8,180,3.12982184701,3.18597549786,-0.759612488953,-0.0691278031979
10,3,16,180,3.12572119417,3.19436012935,-0.763713141794,-0.0607431717123
11,3,32,180,3.11772207969,3.17798572677,-0.771712256273,-0.0771175742836
0,1,4,181,4.12228186207,3.15857310499,-0.000200681046805,-0.0441664736211
1,1,8,181,4.12218727456,3.17960776306,-0.000295268560706,-0.0231318155482
2,1,16,181,4.12217403748,3.19204293757,-0.000308505642821,-0.01069664104
3,1,32,181,4.12248254312,3.20273957861,0,0
4,2,4,181,3.42309729064,3.10640202352,-0.699385252476,-0.0963375550861
5,2,8,181,3.41339103619,3.06569530286,-0.709091506928,-0.137044275751
6,2,16,181,3.4054107895,3.0855311329,-0.717071753623,-0.117208445712
7,2,32,181,3.40224596281,3.09319536702,-0.720236580312,-0.109544211586
8,3,4,181,3.16342614492,3.08050881956,-0.959056398202,-0.122230759051
9,3,8,181,3.15811719423,3.06593369086,-0.964365348887,-0.136805887746
10,3,16,181,3.1600541883,3.09857956885,-0.962428354821,-0.104160009756
11,3,32,181,3.40832805413,3.06485246617,-0.714154488987,-0.137887112438
0,1,4,182,3.8868151641,3.37680337054,0.0161912533302,-0.0054137758715
1,1,8,182,3.88388341959,3.41169055004,0.0132595088193,0.0294734036239
2,1,16,182,3.87874845568,3.37099898948,0.00812454490467,-0.0112181569316
3,1,32,182,3.87062391077,3.38221714642,0,0
4,2,4,182,3.3593423942,3.50972162096,-0.511281516576,0.127504474539
5,2,8,182,3.35053404495,3.51875523763,-0.520089865818,0.136538091217
6,2,16,182,3.33697629803,3.47296966958,-0.533647612741,0.0907525231607
7,2,32,182,3.31999445214,3.42165788595,-0.550629458632,0.0394407395358
8,3,4,182,3.27893012013,3.51561292304,-0.591693790637,0.133395776626
9,3,8,182,3.23185639819,3.42643956267,-0.638767512581,0.0442224162562
10,3,16,182,3.21813578883,3.40181470381,-0.652488121942,0.0195975573957
11,3,32,182,3.19792643839,3.33650474926,-0.672697472383,-0.0457123971524
0,1,4,183,3.93660833146,3.24387891464,0.0119386024777,-0.00420337032987
1,1,8,183,3.93426768479,3.27005665869,0.009597955803,0.0219743737247
2,1,16,183,3.93037424279,3.24528236726,0.00570451380928,-0.00279991770942
3,1,32,183,3.92466972898,3.24808228497,0,0
4,2,4,183,3.29470114804,3.32548142666,-0.629968580945,0.0773991416884
5,2,8,183,3.28289249557,3.30836892789,-0.641777233415,0.0602866429258
6,2,16,183,3.26996800041,3.27771717521,-0.654701728572,0.0296348902424
7,2,32,183,3.25850706852,3.24881813743,-0.666162660463,0.000735852457264
8,3,4,183,3.10602447634,3.32488676461,-0.81864525264,0.076804479644
9,3,8,183,3.07582883641,3.25803483118,-0.848840892575,0.00995254621125
10,3,16,183,3.06670670825,3.24457256106,-0.85796302073,-0.00350972391251
11,3,32,183,3.19038760048,3.19116463302,-0.734282128502,-0.0569176519442
0,1,4,184,3.8475497758,3.23936412903,0.00962630523209,-0.0208324717494
1,1,8,184,3.84572045429,3.27340710803,0.00779698372098,0.0132105072555
2,1,16,184,3.84261641963,3.25435415861,0.00469294906881,-0.00584244216706
3,1,32,184,3.83792347056,3.26019660078,0,0
4,2,4,184,3.11001679091,3.24920994062,-0.727906679657,-0.0109866601583
5,2,8,184,3.10740927055,3.251519535,-0.730514200016,-0.0086770657754
6,2,16,184,3.10241400038,3.2412389526,-0.735509470182,-0.0189576481747
7,2,32,184,3.09579431416,3.22171392976,-0.742129156409,-0.0384826710154
8,3,4,184,2.96284283974,3.24064901127,-0.875080630823,-0.0195475895071
9,3,8,184,2.94070515167,3.19858721213,-0.897218318898,-0.0616093886525
10,3,16,184,2.93634575723,3.20737338708,-0.901577713333,-0.0528232137005
11,3,32,184,2.92925519363,3.1681746311,-0.908668276934,-0.0920219696774
0,1,4,185,4.2640335183,3.22105227019,0.00980565065314,-0.0142908718294
1,1,8,185,4.26212178553,3.25066364209,0.00789391788051,0.0153205000659
2,1,16,185,4.25892872079,3.23094518556,0.00470085313776,-0.00439795646808
3,1,32,185,4.25422786765,3.23534314202,0,0
4,2,4,185,3.68401799922,3.2402458977,-0.570209868433,0.00490275567282
5,2,8,185,3.67184976786,3.2244648148,-0.582378099793,-0.0108783272265
6,2,16,185,3.65741500112,3.22737391609,-0.59681286653,-0.00796922592957
7,2,32,185,3.64307997572,3.19596073632,-0.611147891927,-0.0393824057007
8,3,4,185,3.46367951931,3.24785086203,-0.790548348342,0.0125077200036
9,3,8,185,3.43796566975,3.19050419991,-0.816262197901,-0.0448389421175
10,3,16,185,3.43181537313,3.20706328817,-0.822412494516,-0.028279853857
11,3,32,185,3.65346704648,3.15952709701,-0.600760821171,-0.0758160450162
0,1,4,186,3.59592877876,3.16702088703,-0.00410026748995,0.00263076649874
1,1,8,186,3.59665531645,3.16583073764,-0.00337372980366,0.00144061710093
2,1,16,186,3.59795084302,3.15363774328,-0.00207820322809,-0.0107523772566
3,1,32,186,3.60002904625,3.16439012054,0,0
4,2,4,186,2.83979149166,3.11219214815,-0.760237554595,-0.0521979723875
5,2,8,186,2.84236211532,3.07478155558,-0.757666930932,-0.0896085649544
6,2,16,186,2.84774498775,3.09125463232,-0.752284058498,-0.0731354882117
7,2,32,186,2.85669255632,3.0931829886,-0.743336489932,-0.0712071319344
8,3,4,186,2.83863706349,3.00940273499,-0.761391982756,-0.154987385543
9,3,8,186,2.84030111023,3.0091160611,-0.759727936022,-0.15527405944
10,3,16,186,2.84578322646,3.03116912306,-0.75424581979,-0.133220997481
11,3,32,186,2.85427366933,3.0473784036,-0.745755376918,-0.117011716931
0,1,4,187,3.87959854859,3.16960747961,-2.25347761815e-05,-0.0165274026456
1,1,8,187,3.87947895632,3.18246412553,-0.000142127043818,-0.00367075672368
2,1,16,187,3.87941201643,3.17874367936,-0.000209066932864,-0.00739120289891
3,1,32,187,3.87962108336,3.18613488225,0,0
4,2,4,187,3.17579458915,3.08547281645,-0.703826494218,-0.100662065802
5,2,8,187,3.17296783409,3.0517471234,-0.706653249269,-0.134387758854
6,2,16,187,3.17191522979,3.08295991908,-0.707705853569,-0.10317496317
7,2,32,187,3.17401606244,3.08802786234,-0.705605020918,-0.0981070199188
8,3,4,187,3.05812891676,3.04272086625,-0.821492166603,-0.143414016
9,3,8,187,3.05747619443,3.03407795783,-0.822144888933,-0.152056924422
10,3,16,187,3.06260516388,3.08297976105,-0.817015919482,-0.103155121207
11,3,32,187,3.200892785,3.06341093529,-0.678728298363,-0.122723946963
0,1,4,188,4.03098144522,3.38127645301,0.0120113356137,-0.0233551219185
1,1,8,188,4.0288441841,3.41161481897,0.00987407449307,0.00698324404636
2,1,16,188,4.02505805206,3.3933936255,0.00608794245096,-0.0112379494256
3,1,32,188,4.01897010961,3.40463157493,0,0
4,2,4,188,3.58294537209,3.50051093968,-0.43602473752,0.0958793647528
5,2,8,188,3.57135044768,3.48483613148,-0.44761966193,0.0802045565527
6,2,16,188,3.55631799605,3.46114312835,-0.462652113556,0.0565115534254
7,2,32,188,3.53995660648,3.41198229115,-0.47901350313,0.00735071622875
8,3,4,188,3.44603173069,3.49685362882,-0.572938378918,0.0922220538961
9,3,8,188,3.40343817911,3.4218373772,-0.615531930499,0.0172058022702
10,3,16,188,3.39246959134,3.40937628912,-0.626500518271,0.00474471419146
11,3,32,188,3.48043747064,3.33912138841,-0.538532638972,-0.0655101865181
0,1,4,189,4.37702131018,3.24970119771,0.00487080198466,-0.0139766556634
1,1,8,189,4.37616861678,3.27192433996,0.00401810859186,0.0082464865864
2,1,16,189,4.37464306265,3.25025999372,0.0024925544539,-0.013417859655
3,1,32,189,4.37215050819,3.26367785337,0,0
4,2,4,189,3.8746920081,3.2851358184,-0.49745850009,0.0214579650271
5,2,8,189,3.86249487939,3.2609495803,-0.509655628804,-0.00272827307496
6,2,16,189,3.84785576225,3.2660361489,-0.524294745946,0.00235829552826
7,2,32,189,3.83333476758,3.2270561534,-0.538815740614,-0.0366216999703
8,3,4,189,3.70611098097,3.25046953107,-0.666039527219,-0.0132083223048
9,3,8,189,3.67906205697,3.19651918368,-0.693088451225,-0.0671586696933
10,3,16,189,3.67272509967,3.20070429117,-0.699425408527,-0.0629735622046
11,3,32,189,3.91300300238,3.17843836573,-0.459147505808,-0.0852394876433
0,1,4,190,4.10977682009,3.34829803324,0.0133346687635,-0.0258342876922
1,1,8,190,4.10744157687,3.39741927964,0.0109994255485,0.0232869587114
2,1,16,190,4.10326103116,3.36876972746,0.00681887983284,-0.00536259346674
3,1,32,190,4.09644215132,3.37413232093,0,0
4,2,4,190,3.49329204149,3.40994011631,-0.60315010983,0.0358077953781
5,2,8,190,3.4906261025,3.42333435876,-0.605816048819,0.0492020378286
6,2,16,190,3.48167517819,3.41428809102,-0.614766973138,0.0401557700914
7,2,32,190,3.46637857319,3.36380824741,-0.630063578133,-0.0103240735205
8,3,4,190,3.34125128837,3.40173108324,-0.755190862952,0.0275987623113
9,3,8,190,3.30392914745,3.34460871772,-0.792513003875,-0.0295236032088
10,3,16,190,3.29457202752,3.33755189198,-0.801870123803,-0.0365804289536
11,3,32,190,3.2777790271,3.30059468875,-0.81866312422,-0.0735376321798
0,1,4,191,4.0018396967,3.45184944408,0.019552228371,-0.00834033120869
1,1,8,191,3.99837511987,3.49614265993,0.0160876515495,0.0359528846378
2,1,16,191,3.99221947385,3.45859101071,0.00993200552493,-0.001598764582
3,1,32,191,3.98228746832,3.46018977529,0,0
4,2,4,191,3.55897562584,3.62566169654,-0.42331184248,0.165471921252
5,2,8,191,3.55079384491,3.63111400928,-0.431493623412,0.170924233992
6,2,16,191,3.53580771332,3.59591787915,-0.446479755005,0.13572810386
7,2,32,191,3.51454452173,3.51834670063,-0.467742946594,0.0581569253381
8,3,4,191,3.4463874436,3.63225471871,-0.535900024724,0.172064943421
9,3,8,191,3.39053999191,3.53951623099,-0.591747476412,0.0793264557008
10,3,16,191,3.37440923629,3.50702505541,-0.607878232039,0.0468352801132
11,3,32,191,3.34921969975,3.43670923144,-0.633067768574,-0.0234805438515
0,1,4,192,4.02985615939,3.25520044296,0.0075294925818,-0.01773612049
1,1,8,192,4.02843847201,3.28129755369,0.00611180520663,0.00836099024874
2,1,16,192,4.02601782482,3.26701673123,0.00369115801447,-0.0059198322131
3,1,32,192,4.02232666681,3.27293656345,0,0
4,2,4,192,3.43033463302,3.26442522749,-0.591992033789,-0.00851133595204
5,2,8,192,3.42400543804,3.24801881548,-0.598321228766,-0.0249177479683
6,2,16,192,3.415809411,3.25597267256,-0.606517255803,-0.0169638908836
7,2,32,192,3.40709863995,3.22781206144,-0.615228026855,-0.0451245020082
8,3,4,192,3.28312111151,3.24863779108,-0.739205555292,-0.0242987723679
9,3,8,192,3.2608495049,3.20579855875,-0.76147716191,-0.0671380046931
10,3,16,192,3.25742491453,3.22563522368,-0.764901752273,-0.0473013397626
11,3,32,192,3.36534724344,3.18460064131,-0.656979423367,-0.0883359221321
0,1,4,193,4.00296473076,3.08895722718,0.000865309270498,-0.0166081400631
1,1,8,193,4.00263556825,3.1048564008,0.000536146761344,-0.000708966447613
2,1,16,193,4.00225836025,3.08968917108,0.00015893876,-0.0158761961679
3,1,32,193,4.00209942149,3.10556536725,0,0
4,2,4,193,3.21261283849,2.99926056371,-0.789486582997,-0.106304803538
5,2,8,193,3.20707542215,2.98829235333,-0.795023999338,-0.117273013916
6,2,16,193,3.20245311363,2.9972672667,-0.799646307857,-0.108298100549
7,2,32,193,3.20095484061,3.00934213599,-0.801144580871,-0.0962232312609
8,3,4,193,3.06232909538,2.97471664135,-0.93977032611,-0.130848725895
9,3,8,193,3.05973631953,2.95175190773,-0.942363101957,-0.153813459517
10,3,16,193,3.0619255401,2.98996773811,-0.940173881384,-0.115597629137
11,3,32,193,3.21155049759,2.97558738657,-0.790548923891,-0.129977980679
0,1,4,194,3.89471267161,3.28990107107,0.0158996654713,0.00110178832878
1,1,8,194,3.89177769737,3.32143746604,0.0129646912313,0.0326381833075
2,1,16,194,3.88670281435,3.29397395611,0.00788980821605,0.00517467337306
3,1,32,194,3.87881300614,3.28879928274,0,0
4,2,4,194,3.29168892367,3.4129261815,-0.587124082462,0.124126898761
5,2,8,194,3.28531965619,3.41112986659,-0.593493349944,0.122330583849
6,2,16,194,3.27470650156,3.38478008819,-0.604106504572,0.0959808054485
7,2,32,194,3.26069103601,3.32068652565,-0.618121970129,0.031887242916
8,3,4,194,3.13825215906,3.40549234037,-0.740560847072,0.11669305763
9,3,8,194,3.09770234462,3.33315618561,-0.781110661518,0.0443569028757
10,3,16,194,3.08578960365,3.30734300799,-0.793023402482,0.0185437252558
11,3,32,194,3.07069878751,3.25704851922,-0.808114218624,-0.0317507635147
0,1,4,195,3.67145787691,3.21588968193,0.00665230883869,-0.00189540432266
1,1,8,195,3.67019350817,3.22449067994,0.00538794009772,0.0067055936922
2,1,16,195,3.66805136256,3.21950463857,0.00324579448784,0.00171955232456
3,1,32,195,3.66480556807,3.21778508625,0,0
4,2,4,195,3.03176260014,3.28132598412,-0.633042967937,0.0635408978646
5,2,8,195,3.02789382792,3.2516219322,-0.636911740157,0.0338368459493
6,2,16,195,3.02401311645,3.24547969792,-0.640792451621,0.027694611669
7,2,32,195,3.02143267685,3.20475433918,-0.643372891225,-0.0130307470659
8,3,4,195,2.9224246508,3.23258611337,-0.74238091727,0.0148010271177
9,3,8,195,2.90009304348,3.19289432073,-0.76471252459,-0.0248907655203
10,3,16,195,2.89605823757,3.18667848653,-0.768747330502,-0.0311065997165
11,3,32,195,2.89249692972,3.15099063841,-0.772308638356,-0.0667944478357
0,1,4,196,4.14047382845,3.21702316649,0.00660453011932,-0.0095293622792
1,1,8,196,4.13925689313,3.24059306333,0.00538759480227,0.0140405345563
2,1,16,196,4.13714964564,3.21846530722,0.00328034731355,-0.00808722155235
3,1,32,196,4.13386929833,3.22655252877,0,0
4,2,4,196,3.54321593822,3.20310133861,-0.590653360105,-0.0234511901648
5,2,8,196,3.53812381984,3.19615786252,-0.595745478491,-0.0303946662547
6,2,16,196,3.53022631121,3.21194923378,-0.603642987119,-0.0146032949919
7,2,32,196,3.52052188438,3.17759065602,-0.613347413945,-0.0489618727483
8,3,4,196,3.42281028282,3.18092488345,-0.711059015502,-0.0456276453231
9,3,8,196,3.40173694548,3.13783836625,-0.73213235285,-0.0887141625219
10,3,16,196,3.39874897689,3.16335029409,-0.735120321432,-0.0632022346835
11,3,32,196,3.5076802919,3.13798434772,-0.626189006427,-0.0885681810524
0,1,4,197,3.84805139094,3.52759519043,0.0202484564137,0.000538652126922
1,1,8,197,3.84447294779,3.56769068712,0.0166700132624,0.0406341488173
2,1,16,197,3.83810501458,3.5331007498,0.0103020800549,0.00604421149739
3,1,32,197,3.82780293453,3.5270565383,0,0
4,2,4,197,3.46422820014,3.76958677437,-0.363574734391,0.242530236069
5,2,8,197,3.45475700834,3.75023271241,-0.373045926192,0.223176174113
6,2,16,197,3.43979172085,3.70596432242,-0.38801121368,0.178907784123
7,2,32,197,3.42005480788,3.61916664443,-0.407748126652,0.0921101061365
8,3,4,197,3.36053510698,3.75342879743,-0.467267827544,0.226372259129
9,3,8,197,3.30025352562,3.65872084696,-0.527549408904,0.131664308665
10,3,16,197,3.28238008099,3.60347070613,-0.545422853538,0.076414167835
11,3,32,197,3.25829886951,3.5299572418,-0.569504065021,0.00290070350051
0,1,4,198,4.08326957747,3.51080961201,0.0175160396145,-0.0174881368743
1,1,8,198,4.08020995136,3.55229019764,0.0144564135005,0.0239924487557
2,1,16,198,4.07472274394,3.52580061967,0.00896920608365,-0.00249712921628
3,1,32,198,4.06575353786,3.52829774889,0,0
4,2,4,198,3.74163010454,3.7226671933,-0.324123433315,0.194369444415
5,2,8,198,3.7285697341,3.70157558751,-0.337183803761,0.173277838623
6,2,16,198,3.71001261773,3.66641668333,-0.355740920132,0.138118934449
7,2,32,198,3.68759683506,3.58844721184,-0.378156702802,0.0601494629548
8,3,4,198,3.59263157328,3.71672689812,-0.473121964584,0.188429149239
9,3,8,198,3.53434203972,3.62392339319,-0.531411498144,0.0956256443032
10,3,16,198,3.51748511189,3.58203055952,-0.548268425972,0.0537328106333
11,3,32,198,3.59273255049,3.50406702354,-0.473020987372,-0.0242307253439
0,1,4,199,3.90358972928,3.13698629511,0.011681383231,0.00358025962791
1,1,8,199,3.90130078954,3.16357721774,0.0093924434892,0.0301711822538
2,1,16,199,3.8974905298,3.1341136831,0.00558218374482,0.000707647614298
3,1,32,199,3.89190834605,3.13340603548,0,0
4,2,4,199,3.14643329211,3.11347672303,-0.745475053944,-0.0199293124532
5,2,8,199,3.14484409106,3.12921798658,-0.747064254993,-0.00418804889835
6,2,16,199,3.14013866666,3.13090184911,-0.751769679394,-0.00250418637253
7,2,32,199,3.13257680682,3.09864440521,-0.759331539229,-0.0347616302735
8,3,4,199,3.01793725658,3.11891161464,-0.873971089475,-0.0144944208412
9,3,8,199,2.99823888145,3.07077108606,-0.893669464604,-0.0626349494251
10,3,16,199,2.99448586837,3.09492166857,-0.897422477685,-0.0384843669136
11,3,32,199,2.98661419037,3.06217992226,-0.905294155682,-0.0712261132239
0,1,4,200,3.58965895477,3.20861112576,-0.000128413701902,-0.00607276246158
1,1,8,200,3.58956994324,3.22107832842,-0.000217425234021,0.00639444020245
2,1,16,200,3.58954203198,3.19767732772,-0.000245336488369,-0.0170065605034
3,1,32,200,3.58978736847,3.21468388822,0,0
4,2,4,200,2.82981269708,3.08786757627,-0.759974671389,-0.12681631195
5,2,8,200,2.8327659419,3.0740975256,-0.757021426571,-0.140586362619
6,2,16,200,2.83756736762,3.09455430089,-0.752220000854,-0.120129587335
7,2,32,200,2.84446258851,3.11940447743,-0.745324779962,-0.0952794107947
8,3,4,200,2.85741429827,3.04293941421,-0.732373070195,-0.171744474013
9,3,8,200,2.86017753147,3.03492109723,-0.729609836999,-0.179762790995
10,3,16,200,2.8675213458,3.09606060834,-0.722266022673,-0.118623279878
11,3,32,200,2.87156677793,3.08089847509,-0.718220590543,-0.133785413133
0,1,4,201,3.95140448217,3.31707002777,0.00737254451386,-0.0317569432588
1,1,8,201,3.95003181575,3.34791368261,0.00599987809631,-0.000913288415892
2,1,16,201,3.94767279421,3.34198679498,0.00364085655477,-0.00684017605187
3,1,32,201,3.94403193766,3.34882697103,0,0
4,2,4,201,3.34553330006,3.37772586417,-0.598498637599,0.0288988931391
5,2,8,201,3.33679504086,3.34751204123,-0.607236896795,-0.00131492980257
6,2,16,201,3.32716509574,3.33665687624,-0.616866841911,-0.0121700947871
7,2,32,201,3.31876521038,3.31519753119,-0.625266727275,-0.0336294398426
8,3,4,201,3.1545006406,3.35414859364,-0.789531297055,0.00532162260772
9,3,8,201,3.12852430184,3.31074527903,-0.815507635818,-0.0380816920034
10,3,16,201,3.12297994832,3.3069565374,-0.821051989336,-0.0418704336306
11,3,32,201,3.2387970644,3.25759004215,-0.705234873258,-0.0912369288756
0,1,4,202,4.60327252436,3.07136248371,-0.00199170700091,-0.0299947793926
1,1,8,202,4.60352758844,3.08741184077,-0.00173664291694,-0.0139454223317
2,1,16,202,4.60409800741,3.08109743983,-0.00116622394347,-0.0202598232654
3,1,32,202,4.60526423136,3.1013572631,0,0
4,2,4,202,3.96424155497,3.01004120777,-0.641022676389,-0.0913160553344
5,2,8,202,3.94800922749,2.97890688451,-0.657255003867,-0.122450378593
6,2,16,202,3.93207043639,2.99762155693,-0.673193794966,-0.103735706165
7,2,32,202,3.92077756614,2.99429094824,-0.684486665216,-0.107066314863
8,3,4,202,3.68225554326,2.98198851565,-0.923008688101,-0.119368747451
9,3,8,202,3.67390506381,2.94894802365,-0.931359167547,-0.152409239454
10,3,16,202,3.6727652561,2.97627822315,-0.932498975253,-0.125079039953
11,3,32,202,4.07729362639,2.96812790841,-0.52797060497,-0.133229354688
0,1,4,203,3.78765949333,3.2578894419,0.0108413232881,-0.00936413086596
1,1,8,203,3.78559463017,3.28760164484,0.00877646013059,0.0203480720794
2,1,16,203,3.78209606226,3.25264497961,0.00527789221419,-0.0146085931521
3,1,32,203,3.77681817004,3.26725357276,0,0
4,2,4,203,3.07606943724,3.30759484066,-0.700748732802,0.0403412678939
5,2,8,203,3.06984470364,3.31587106694,-0.706973466403,0.0486174941761
6,2,16,203,3.06147749329,3.27600710842,-0.715340676757,0.0087535356599
7,2,32,203,3.05259207172,3.25981164776,-0.724226098319,-0.00744192499975
8,3,4,203,2.97816090954,3.30287347109,-0.798657260501,0.0356198983267
9,3,8,203,2.94937598315,3.23914891087,-0.827442186894,-0.0281046618905
10,3,16,203,2.94140799757,3.23058533674,-0.835410172474,-0.03666823602
11,3,32,203,2.93164574151,3.1860406811,-0.845172428531,-0.0812128916629
0,1,4,204,4.47689421777,3.27315663316,0.00608252848016,-0.0106578225783
1,1,8,204,4.47576729286,3.29579791305,0.00495560357196,0.0119834573118
2,1,16,204,4.47382256651,3.27905568801,0.00301087722184,-0.00475876773184
3,1,32,204,4.47081168929,3.28381445574,0,0
4,2,4,204,4.04727922105,3.31403517788,-0.423532468238,0.030220722139
5,2,8,204,4.03207787956,3.27182523492,-0.438733809733,-0.0119892208127
6,2,16,204,4.01502611798,3.29134239151,-0.455785571313,0.00752793576902
7,2,32,204,3.99895630018,3.24686872423,-0.471855389118,-0.0369457315031
8,3,4,204,3.83507764319,3.28780661996,-0.635734046101,0.00399216421851
9,3,8,204,3.80808247071,3.23401365926,-0.662729218582,-0.0498007964738
10,3,16,204,3.80219134493,3.24667608325,-0.668620344361,-0.0371383724837
11,3,32,204,4.13966282753,3.21401977089,-0.331148861759,-0.0697946848424
0,1,4,205,4.25896149819,3.18327202414,5.40382086323e-05,-0.029937348082
1,1,8,205,4.25884998746,3.20847991275,-5.74725244444e-05,-0.00472945947667
2,1,16,205,4.25876901135,3.20102102224,-0.000138448629188,-0.0121883499831
3,1,32,205,4.25890745998,3.21320937222,0,0
4,2,4,205,3.61445442521,3.04455852165,-0.644453034778,-0.168650850571
5,2,8,205,3.60948589009,3.01990536038,-0.64942156989,-0.193304011845
6,2,16,205,3.6044715063,3.07317430058,-0.654435953684,-0.140035071642
7,2,32,205,3.6007787925,3.08178740248,-0.658128667485,-0.131421969739
8,3,4,205,3.4539731655,3.02716289706,-0.804934294488,-0.186046475164
9,3,8,205,3.45396039808,3.01826946257,-0.8049470619,-0.194939909653
10,3,16,205,3.4601450128,3.09393120995,-0.79876244718,-0.119278162276
11,3,32,205,3.71277207185,3.07247242796,-0.546135388135,-0.14073694426
0,1,4,206,3.82093975998,2.99607673838,0.00278983121363,-0.0103212088324
1,1,8,206,3.82015924812,2.99531004158,0.00200931935596,-0.011087905632
2,1,16,206,3.81911132082,2.99710051755,0.000961392054694,-0.00929742965878
3,1,32,206,3.81814992877,3.00639794721,0,0
4,2,4,206,3.0327257225,2.95972493238,-0.785424206268,-0.0466730148305
5,2,8,206,3.02351934471,2.94207666449,-0.79463058406,-0.0643212827198
6,2,16,206,3.01664569053,2.93552944813,-0.801504238232,-0.0708684990838
7,2,32,206,3.01546375304,2.93243031168,-0.802686175727,-0.0739676355258
8,3,4,206,2.83922400187,2.94949010141,-0.9789259269,-0.0569078457958
9,3,8,206,2.8323852168,2.9132171898,-0.985764711964,-0.0931807574119
10,3,16,206,2.83207438658,2.93699860559,-0.986075542188,-0.0693993416169
11,3,32,206,2.95575638956,2.89667922077,-0.862393539203,-0.10971872644
0,1,4,207,4.19712242741,3.1542459499,0.00348857173949,-0.0274132162612
1,1,8,207,4.19627938992,3.1843743366,0.00264553424607,0.00271517043833
2,1,16,207,4.1950436643,3.18005947458,0.00140980862496,-0.00159969158239
3,1,32,207,4.19363385567,3.18165916616,0,0
4,2,4,207,3.47084277861,3.05001368629,-0.722791077064,-0.131645479868
5,2,8,207,3.46429932407,3.02207090358,-0.729334531601,-0.159588262574
6,2,16,207,3.45814169108,3.06171963998,-0.735492164594,-0.119939526174
7,2,32,207,3.45407963164,3.0679214964,-0.739554224035,-0.113737669755
8,3,4,207,3.22811409494,3.04475398595,-0.965519760731,-0.136905180207
9,3,8,207,3.22633472643,3.0318758763,-0.967299129244,-0.149783289857
10,3,16,207,3.2300923298,3.08934412311,-0.963541525874,-0.0923150430475
11,3,32,207,3.48432665649,3.06098238384,-0.709307199182,-0.120676782322
0,1,4,208,3.68348562544,3.36947782723,0.0107910482398,-0.014025495742
1,1,8,208,3.68145831456,3.40389560334,0.00876373735931,0.0203922803645
2,1,16,208,3.67799093739,3.3730650601,0.00529636019034,-0.0104382628726
3,1,32,208,3.6726945772,3.38350332297,0,0
4,2,4,208,3.0381520438,3.4134153316,-0.634542533405,0.0299120086264
5,2,8,208,3.03401641656,3.40519931885,-0.638678160644,0.0216959958738
6,2,16,208,3.02840797342,3.38064750102,-0.644286603779,-0.00285582195422
7,2,32,208,3.02219699761,3.37018972661,-0.650497579593,-0.0133135963668
8,3,4,208,2.97388930389,3.402790031,-0.69880527331,0.0192867080218
9,3,8,208,2.9469198149,3.35040855918,-0.725774762305,-0.0330947637977
10,3,16,208,2.94164411144,3.35560663608,-0.731050465762,-0.027896686897
11,3,32,208,2.93241881558,3.30187277027,-0.74027576162,-0.0816305527081
0,1,4,209,4.22681354526,3.45303489493,0.0133638757495,-0.0180539241223
1,1,8,209,4.22451087385,3.5022848861,0.0110612043414,0.0311960670488
2,1,16,209,4.22034385511,3.47269277806,0.00689418560016,0.00160395900419
3,1,32,209,4.21344966951,3.47108881905,0,0
4,2,4,209,3.74756626757,3.5747028925,-0.465883401944,0.103614073445
5,2,8,209,3.74040784813,3.55509735857,-0.473041821385,0.0840085395213
6,2,16,209,3.72775506832,3.54954532528,-0.485694601193,0.0784565062238
7,2,32,209,3.71008486733,3.48710102315,-0.503364802184,0.0160122040954
8,3,4,209,3.57565089313,3.54365760413,-0.637798776381,0.0725687850804
9,3,8,209,3.53311926261,3.48311854314,-0.680330406905,0.012029724083
10,3,16,209,3.52185718405,3.45947481123,-0.691592485463,-0.0116140078191
11,3,32,209,3.62372207906,3.42497793928,-0.589727590449,-0.0461108797754
0,1,4,210,3.86718519816,3.41248122272,0.0167421101976,-0.00761211361643
1,1,8,210,3.86415809885,3.45303940468,0.0137150108818,0.0329460683452
2,1,16,210,3.85885145762,3.41622347286,0.00840836965626,-0.00386986347311
3,1,32,210,3.85044308796,3.42009333634,0,0
4,2,4,210,3.32391207807,3.55930040151,-0.526531009889,0.139207065177
5,2,8,210,3.31624935393,3.55830660755,-0.534193734035,0.138213271215
6,2,16,210,3.30397664326,3.5168497043,-0.5464664447,0.0967563679637
7,2,32,210,3.28804921157,3.46328396745,-0.562393876394,0.0431906311177
8,3,4,210,3.21288051604,3.55563732532,-0.637562571921,0.135543988982
9,3,8,210,3.16630005522,3.47444919246,-0.684143032739,0.0543558561273
10,3,16,210,3.1527144416,3.44291344131,-0.697728646361,0.0228201049724
11,3,32,210,3.13406809093,3.38185391928,-0.716374997038,-0.038239417057
0,1,4,211,4.08282306127,3.18996300166,0.00980644584131,-0.00717618759371
1,1,8,211,4.08092414483,3.21812013576,0.00790752940108,0.0209809465089
2,1,16,211,4.07774035795,3.19892346597,0.00472374252259,0.00178427671761
3,1,32,211,4.07301661542,3.19713918925,0,0
4,2,4,211,3.40933097685,3.20818702994,-0.663685638571,0.0110478406902
5,2,8,211,3.40277060689,3.19817673547,-0.670246008532,0.00103754621299
6,2,16,211,3.39380728029,3.20127038685,-0.679209335139,0.00413119759518
7,2,32,211,3.38375852326,3.16466387506,-0.689258092162,-0.032475314197
8,3,4,211,3.21224844016,3.19732454401,-0.860768175267,0.000185354756374
9,3,8,211,3.18952815198,3.15052323005,-0.883488463442,-0.0466159592059
10,3,16,211,3.1842775513,3.15907388644,-0.888739064119,-0.0380653028133
11,3,32,211,3.29470727519,3.12727251375,-0.778309340233,-0.0698666755006
0,1,4,212,4.19023527507,3.39243965001,0.0133460955147,-0.00782005525071
1,1,8,212,4.18790653054,3.42639135115,0.0110173509881,0.0261316458927
2,1,16,212,4.18372828997,3.38790237812,0.0068391104195,-0.0123573271375
3,1,32,212,4.17688917955,3.40025970526,0,0
4,2,4,212,3.7526648283,3.54572450626,-0.42422435125,0.145464801008
5,2,8,212,3.73993742237,3.53806371647,-0.436951757188,0.137804011215
6,2,16,212,3.72218829911,3.5015262754,-0.454700880445,0.101266570143
7,2,32,212,3.7014759359,3.43886238389,-0.475413243649,0.0386026786366
8,3,4,212,3.62891053772,3.52805075232,-0.547978641837,0.127791047064
9,3,8,212,3.57972676386,3.43959505379,-0.597162415694,0.0393353485354
10,3,16,212,3.56479795574,3.40416605343,-0.612091223808,0.00390634816908
11,3,32,212,3.66836615157,3.35623801629,-0.508523027984,-0.0440216889705
0,1,4,213,3.94086572307,3.16079899447,0.00154458270542,-0.0260958329311
1,1,8,213,3.9404310482,3.1866940944,0.00110990782796,-0.000200732998981
2,1,16,213,3.93984923221,3.18684198571,0.000528091838519,-5.28416836105e-05
3,1,32,213,3.93932114037,3.1868948274,0,0
4,2,4,213,3.13788959513,3.08480232947,-0.801431545241,-0.102092497926
5,2,8,213,3.13569845462,3.05204205124,-0.803622685752,-0.134852776153
6,2,16,213,3.13476457864,3.0800336238,-0.804556561733,-0.106861203602
7,2,32,213,3.13631814386,3.08657240352,-0.803002996505,-0.100322423881
8,3,4,213,2.92843357975,3.04459922093,-1.01088756061,-0.142295606464
9,3,8,213,2.92837171454,3.04284156997,-1.01094942583,-0.144053257432
10,3,16,213,2.93236127396,3.07818586389,-1.00695986641,-0.108708963509
11,3,32,213,3.07495901768,3.06573321732,-0.864362122692,-0.121161610082
0,1,4,214,4.02447454074,3.43046424521,0.0141155006298,-5.85862844704e-05
1,1,8,214,4.02196246799,3.46337700816,0.0116034278731,0.0328541766672
2,1,16,214,4.0175135104,3.43760357675,0.00715447028322,0.00708074526
3,1,32,214,4.01035904011,3.43052283149,0,0
4,2,4,214,3.58850547432,3.59964805325,-0.42185356579,0.169125221757
5,2,8,214,3.57861279945,3.56371088681,-0.431746240661,0.13318805532
6,2,16,214,3.56519155157,3.54676826,-0.445167488547,0.11624542851
7,2,32,214,3.54945941548,3.47580985147,-0.460899624637,0.0452870199795
8,3,4,214,3.43882484696,3.56335237392,-0.571534193149,0.132829542434
9,3,8,214,3.39411809317,3.4931648556,-0.616240946941,0.0626420241122
10,3,16,214,3.38165492689,3.45797535642,-0.628704113226,0.0274525249267
11,3,32,214,3.481687355,3.41070541515,-0.528671685109,-0.0198174163428
0,1,4,215,3.99250359053,3.19855844706,0.0131054061807,0.000538417531224
1,1,8,215,3.9899108421,3.22729633167,0.0105126577508,0.029276302143
2,1,16,215,3.98562128893,3.2004758805,0.00622310457228,0.00245585096903
3,1,32,215,3.97939818435,3.19802002953,0,0
4,2,4,215,3.31404598755,3.24033965474,-0.665352196804,0.0423196252159
5,2,8,215,3.3046157539,3.23288443932,-0.674782430455,0.0348644097947
6,2,16,215,3.29326444255,3.21782523875,-0.686133741801,0.0198052092228
7,2,32,215,3.28183538624,3.18582734397,-0.697562798116,-0.0121926855536
8,3,4,215,3.1161037311,3.25154109801,-0.863294453258,0.0535210684866
9,3,8,215,3.08959572373,3.18966119435,-0.889802460621,-0.00835883517684
10,3,16,215,3.08214308509,3.19276146134,-0.897255099267,-0.00525856818633
11,3,32,215,3.19803862417,3.14332154961,-0.781359560181,-0.0546984799191
0,1,4,216,4.17301031036,3.4285523677,0.0138775091537,-0.0100574151747
1,1,8,216,4.1705905131,3.46821520287,0.0114577119001,0.0296054199953
2,1,16,216,4.16624724816,3.43365336889,0.00711444695301,-0.00495641399042
3,1,32,216,4.1591328012,3.43860978288,0,0
4,2,4,216,3.72026749623,3.59602855518,-0.43886530497,0.157418772299
5,2,8,216,3.70866221173,3.57811389867,-0.450470589469,0.139504115789
6,2,16,216,3.69217349473,3.54602017996,-0.466959306469,0.10741039708
7,2,32,216,3.67249286689,3.48098702963,-0.486639934315,0.0423772467497
8,3,4,216,3.56526712696,3.56851974978,-0.593865674244,0.129909966901
9,3,8,216,3.51656291261,3.48812303206,-0.642569888591,0.0495132491873
10,3,16,216,3.5017600053,3.445633012,-0.657372795908,0.00702322912157
11,3,32,216,3.6079534089,3.40213873238,-0.551179392302,-0.0364710504998
0,1,4,217,3.99732055088,3.28056600582,0.00976985364921,-0.0109583557603
1,1,8,217,3.99545137538,3.31253858434,0.00790067815262,0.0210142227618
2,1,16,217,3.99229158902,3.29661956888,0.00474089179571,0.00509520730151
3,1,32,217,3.98755069723,3.29152436158,0,0
4,2,4,217,3.37731347764,3.29424571234,-0.610237219592,0.00272135075627
5,2,8,217,3.37244562091,3.27095712325,-0.615105076322,-0.0205672383335
6,2,16,217,3.36571794759,3.28627585039,-0.621832749639,-0.00524851119536
7,2,32,217,3.35783883449,3.25439512846,-0.629711862742,-0.0371292331243
8,3,4,217,3.2078615549,3.27862822317,-0.779689142324,-0.0128961384128
9,3,8,217,3.1865868405,3.2409422536,-0.800963856725,-0.0505821079827
10,3,16,217,3.18350492303,3.26056538054,-0.804045774195,-0.0309589810359
11,3,32,217,3.29389237668,3.22127455485,-0.693658320544,-0.0702498067284
0,1,4,218,4.47833380791,3.32057589141,0.00594838400674,-0.0263687133648
1,1,8,218,4.47730997503,3.36168524447,0.00492455112774,0.0147406396917
2,1,16,218,4.47545489422,3.33682272933,0.00306947032344,-0.0101218754431
3,1,32,218,4.4723854239,3.34694460478,0,0
4,2,4,218,3.94887787503,3.31346939191,-0.523507548873,-0.0334752128665
5,2,8,218,3.94024246257,3.29397650486,-0.532142961331,-0.0529680999108
6,2,16,218,3.92787518609,3.3175356302,-0.544510237807,-0.0294089745803
7,2,32,218,3.91313096451,3.2876606361,-0.559254459388,-0.0592839686759
8,3,4,218,3.76020482993,3.28683713146,-0.712180593973,-0.060107473311
9,3,8,218,3.73640839263,3.24667821902,-0.735977031273,-0.100266385757
10,3,16,218,3.7323122463,3.26786727565,-0.740073177602,-0.0790773291219
11,3,32,218,3.97864943408,3.25025951399,-0.493735989825,-0.0966850907804
0,1,4,219,4.28865349996,3.25332735012,0.00135904858014,-0.03822526364
1,1,8,219,4.28829284561,3.29321282247,0.000998394233646,0.00166020871196
2,1,16,219,4.28778926912,3.28309627849,0.000494817743832,-0.0084563352672
3,1,32,219,4.28729445138,3.29155261376,0,0
4,2,4,219,3.61230153071,3.11284733306,-0.674992920672,-0.178705280693
5,2,8,219,3.60789244961,3.08334018795,-0.679402001765,-0.208212425811
6,2,16,219,3.60329664845,3.13758168629,-0.683997802925,-0.153970927468
7,2,32,219,3.59953115637,3.15649777176,-0.687763295013,-0.135054841994
8,3,4,219,3.41494670351,3.09839255063,-0.872347747867,-0.19316006313
9,3,8,219,3.4157531114,3.09621292944,-0.87154133998,-0.195339684313
10,3,16,219,3.42210679211,3.17019005408,-0.865187659269,-0.121362559673
11,3,32,219,3.69910801592,3.14970601362,-0.588186435455,-0.141846600136
0,1,4,220,3.78328915972,3.36217147355,0.00688422023617,-0.0279834727709
1,1,8,220,3.78206952048,3.39789688543,0.00566458098966,0.00774193911472
2,1,16,220,3.77990307146,3.38651572342,0.00349813197302,-0.00363922289557
3,1,32,220,3.77640493949,3.39015494632,0,0
4,2,4,220,3.13743091537,3.37156083965,-0.638974024119,-0.0185941066672
5,2,8,220,3.13783135546,3.35075750644,-0.638573584029,-0.039397439884
6,2,16,220,3.13651542392,3.3612145061,-0.639889515567,-0.0289404402237
7,2,32,220,3.13341422376,3.34283589169,-0.642990715728,-0.0473190546308
8,3,4,220,3.03711643947,3.33320507045,-0.739288500023,-0.0569498758718
9,3,8,220,3.01743163574,3.30933279424,-0.758973303748,-0.0808221520754
10,3,16,220,3.01630087991,3.32644082571,-0.760104059578,-0.0637141206079
11,3,32,220,3.01069552297,3.29168279193,-0.765709416521,-0.0984721543854
0,1,4,221,4.47388634075,3.24542461277,0.00454384400759,-0.0179319286352
1,1,8,221,4.47306399974,3.2646009512,0.00372150300284,0.00124440979288
2,1,16,221,4.4716256838,3.25616715847,0.00228318705584,-0.00718938293868
3,1,32,221,4.46934249674,3.26335654141,0,0
4,2,4,221,4.02025217585,3.31708746563,-0.449090320884,0.053730924221
5,2,8,221,4.00334478166,3.27069207679,-0.46599771508,0.00733553538623
6,2,16,221,3.98505641801,3.27749044488,-0.484286078734,0.0141339034726
7,2,32,221,3.96898716578,3.23104329679,-0.500355330959,-0.0323132446203
8,3,4,221,3.77142447737,3.27922237195,-0.697918019374,0.0158658305449
9,3,8,221,3.742707272,3.22454343632,-0.726635224742,-0.0388131050858
10,3,16,221,3.73512239821,3.21770212736,-0.734220098533,-0.0456544140493
11,3,32,221,4.07124352733,3.18835399957,-0.398098969413,-0.0750025418324
0,1,4,222,4.16007446436,3.29671351168,0.00648012289819,-0.00456988078332
1,1,8,222,4.15894481011,3.32318227506,0.00535046865281,0.0218988825912
2,1,16,222,4.156918766,3.28866834944,0.00332442453819,-0.0126150430288
3,1,32,222,4.15359434146,3.30128339247,0,0
4,2,4,222,3.58760961474,3.3657771978,-0.565984726715,0.0644938053352
5,2,8,222,3.57859025483,3.34734926862,-0.575004086629,0.0460658761488
6,2,16,222,3.56704707189,3.3307666211,-0.58654726957,0.0294832286325
7,2,32,222,3.55490284352,3.2946313851,-0.598691497939,-0.00665200736915
8,3,4,222,3.4679124662,3.31554878385,-0.685681875257,0.014265391386
9,3,8,222,3.43821380598,3.25919524604,-0.715380535475,-0.042088146427
10,3,16,222,3.43005761745,3.24099676673,-0.723536724003,-0.0602866257345
11,3,32,222,3.56901246407,3.22897652545,-0.584581877386,-0.0723068670168
0,1,4,223,4.18010843348,3.24309076964,0.00950690707795,-0.0143214557814
1,1,8,223,4.17824846484,3.26833331658,0.00764693843803,0.0109210911621
2,1,16,223,4.17514834234,3.25096961299,0.00454681593803,-0.00644261242764
3,1,32,223,4.1706015264,3.25741222542,0,0
4,2,4,223,3.63924318068,3.2692318944,-0.531358345727,0.0118196689815
5,2,8,223,3.62632769659,3.24831952525,-0.544273829817,-0.00909270016641
6,2,16,223,3.61185028539,3.24903164187,-0.558751241011,-0.00838058354367
7,2,32,223,3.59839529438,3.22031522603,-0.572206232023,-0.0370969993891
8,3,4,223,3.44554781034,3.27830036577,-0.725053716067,0.0208881403483
9,3,8,223,3.4192270549,3.21869057165,-0.751374471499,-0.0387216537668
10,3,16,223,3.41344845788,3.23842806181,-0.757153068524,-0.0189841636071
11,3,32,223,3.63129199304,3.1805983447,-0.539309533361,-0.0768138807183
0,1,4,224,4.05928829728,3.29756600806,0.00555598154475,-0.028153386796
1,1,8,224,4.05829946389,3.3260176394,0.00456714815604,0.000298244544863
2,1,16,224,4.05654770176,3.31426915891,0.00281538602506,-0.0114502359427
3,1,32,224,4.05373231573,3.32571939485,0,0
4,2,4,224,3.49250664178,3.29071986184,-0.561225673954,-0.0349995330135
5,2,8,224,3.48725556258,3.27321963147,-0.566476753152,-0.052499763384
6,2,16,224,3.47995597502,3.28826803634,-0.573776340717,-0.0374513585148
7,2,32,224,3.47175658667,3.26573279574,-0.581975729063,-0.0599865991083
8,3,4,224,3.36846589388,3.26823132544,-0.685266421854,-0.0574880694149
9,3,8,224,3.34730635261,3.23181822408,-0.706425963124,-0.0939011707731
10,3,16,224,3.34534435527,3.2595870159,-0.708387960466,-0.0661323789493
11,3,32,224,3.45288250484,3.22002103756,-0.60084981089,-0.105698357293
0,1,4,225,3.82256817763,3.14636746846,-0.0021853336349,-0.023135259354
1,1,8,225,3.82292902819,3.16695666515,-0.00182448307714,-0.00254606266276
2,1,16,225,3.82360250635,3.15205339272,-0.00115100491347,-0.0174493350971
3,1,32,225,3.82475351126,3.16950272782,0,0
4,2,4,225,2.9860160988,3.00099519077,-0.838737412465,-0.168507537041
5,2,8,225,2.99106729192,2.99828415076,-0.833686219347,-0.171218577052
6,2,16,225,2.99627560699,3.02974922702,-0.828477904278,-0.139753500799
7,2,32,225,3.00160030909,3.04862139686,-0.823153202169,-0.120881330954
8,3,4,225,2.93649470738,2.9467057744,-0.888258803884,-0.222796953416
9,3,8,225,2.94163109898,2.95122614896,-0.883122412279,-0.218276578857
10,3,16,225,2.94914863867,3.00802530687,-0.875604872598,-0.161477420941
11,3,32,225,2.95404864272,3.01526219042,-0.87070486854,-0.154240537393
0,1,4,226,3.62966006713,3.15109790629,0.00118729106773,-0.0178649787664
1,1,8,226,3.62930235433,3.17006458331,0.000829578272685,0.0011016982562
2,1,16,226,3.6288427642,3.17364233335,0.000369988138797,0.00467944829824
3,1,32,226,3.62847277606,3.16896288506,0,0
4,2,4,226,2.76500477747,3.08230509494,-0.863467998592,-0.0866577901191
5,2,8,226,2.76843416822,3.05009789428,-0.860038607834,-0.118864990774
6,2,16,226,2.77380717446,3.0756695735,-0.854665601601,-0.0932933115531
7,2,32,226,2.7813967687,3.07940712878,-0.847076007355,-0.0895557562781
8,3,4,226,2.61452009137,3.02239697856,-1.01395268468,-0.1465659065
9,3,8,226,2.61720913026,3.03017974982,-1.0112636458,-0.138783135239
10,3,16,226,2.62268986503,3.06002908862,-1.00578291103,-0.108933796442
11,3,32,226,2.63147734438,3.05351818378,-0.996995431681,-0.115444701278
0,1,4,227,4.19754175233,3.1401854604,-0.000238403024217,-0.0454348661676
1,1,8,227,4.19750600458,3.17873835431,-0.000274150774453,-0.00688197225706
2,1,16,227,4.19753434845,3.17049922624,-0.000245806906776,-0.0151211003265
3,1,32,227,4.19778015535,3.18562032656,0,0
4,2,4,227,3.35195635534,2.98650739525,-0.845823800012,-0.199112931319
5,2,8,227,3.35187949396,2.98475467438,-0.845900661391,-0.200865652187
6,2,16,227,3.35069398441,3.02204307196,-0.847086170947,-0.163577254604
7,2,32,227,3.34917806344,3.04315397702,-0.848602091916,-0.142466349548
8,3,4,227,3.1501440984,2.96355962228,-1.04763605696,-0.222060704286
9,3,8,227,3.15311789635,2.96557690458,-1.044662259,-0.220043421981
10,3,16,227,3.15874484683,3.02405835916,-1.03903530852,-0.161561967403
11,3,32,227,3.3016023103,3.02247834149,-0.896177845057,-0.163141985078
0,1,4,228,3.87981952868,3.582616985,0.0188702473962,-0.0160430872005
1,1,8,228,3.87654655284,3.62904817632,0.0155972715569,0.0303881041152
2,1,16,228,3.87064804575,3.59564952609,0.00969876446722,-0.00301054611473
3,1,32,228,3.86094928128,3.5986600722,0,0
4,2,4,228,3.52611303116,3.79046471827,-0.33483625012,0.191804646068
5,2,8,228,3.51762520578,3.77665904675,-0.343324075504,0.177998974546
6,2,16,228,3.50324448921,3.73915227668,-0.357704792078,0.140492204477
7,2,32,228,3.48347291695,3.6662196644,-0.377476364333,0.0675595921962
8,3,4,228,3.4501299132,3.7829394527,-0.410819368088,0.184279380496
9,3,8,228,3.39126555707,3.6930970702,-0.469683724214,0.0944369979939
10,3,16,228,3.37536439901,3.65569462544,-0.485584882278,0.0570345532331
11,3,32,228,3.34976298468,3.57445476497,-0.5111862966,-0.0242053072368
0,1,4,229,3.8303777889,3.34530757936,0.0173156707663,-0.00166922268486
1,1,8,229,3.82717205503,3.37989981199,0.0141099368991,0.0329230099455
2,1,16,229,3.82163812039,3.34746811238,0.00857600225568,0.000491310336888
3,1,32,229,3.81306211813,3.34697680204,0,0
4,2,4,229,3.25909877202,3.47981976888,-0.553963346111,0.132842966834
5,2,8,229,3.25116311257,3.47974184218,-0.561899005563,0.132765040132
6,2,16,229,3.23914739798,3.44208730018,-0.573914720152,0.0951104981324
7,2,32,229,3.2241503672,3.38632795168,-0.588911750929,0.0393511496379
8,3,4,229,3.13023922335,3.48627064274,-0.682822894785,0.139293840694
9,3,8,229,3.08632860675,3.40501444855,-0.726733511377,0.0580376465085
10,3,16,229,3.07347348547,3.3801734748,-0.739588632662,0.0331966727536
11,3,32,229,3.05620424486,3.31406286403,-0.756857873268,-0.0329139380107
0,1,4,230,4.11522184608,3.14762563984,0.0110260624447,-0.0066462516422
1,1,8,230,4.11305778077,3.17483594611,0.00886199713669,0.0205640546236
2,1,16,230,4.10946065044,3.14721953956,0.00526486680924,-0.00705235192907
3,1,32,230,4.10419578364,3.15427189149,0,0
4,2,4,230,3.41500779707,3.17699430059,-0.689187986562,0.0227224091025
5,2,8,230,3.40492305633,3.18254654975,-0.699272727308,0.0282746582619
6,2,16,230,3.39214301384,3.16202225487,-0.712052769791,0.00775036337915
7,2,32,230,3.37894392373,3.13107596626,-0.725251859908,-0.023195925224
8,3,4,230,3.21259640007,3.1861260161,-0.891599383566,0.0318541246111
9,3,8,230,3.18573036031,3.12139237523,-0.91846542333,-0.0328795162558
10,3,16,230,3.17753302257,3.12121713116,-0.926662761069,-0.0330547603299
11,3,32,230,3.29308174888,3.08128653148,-0.811114034756,-0.0729853600086
0,1,4,231,4.47266160387,3.22559181993,0.00511922953336,-0.0139370948521
1,1,8,231,4.47176938137,3.25256484469,0.00422700703345,0.0130359299147
2,1,16,231,4.47016881862,3.22823815116,0.00262644428147,-0.0112907636172
3,1,32,231,4.46754237433,3.23952891478,0,0
4,2,4,231,3.92796517206,3.25355041554,-0.539577202277,0.0140215007619
5,2,8,231,3.9166017626,3.23494772277,-0.550940611735,-0.00458119200578
6,2,16,231,3.90200672956,3.24252450215,-0.565535644769,0.00299558737259
7,2,32,231,3.88650007635,3.20040343286,-0.581042297984,-0.0391254819177
8,3,4,231,3.73053269852,3.21652148455,-0.737009675816,-0.0230074302295
9,3,8,231,3.70413829315,3.16515620805,-0.763404081187,-0.0743727067326
10,3,16,231,3.69738315982,3.16557966892,-0.770159214509,-0.0739492458602
11,3,32,231,3.94223353111,3.15524091712,-0.525308843227,-0.0842879976591
0,1,4,232,4.07175092807,3.29737811646,0.00695894769937,-0.0313394233868
1,1,8,232,4.07047750431,3.33052635948,0.00568552393966,0.00180881963357
2,1,16,232,4.06826287882,3.31501716791,0.00347089845071,-0.0137003719319
3,1,32,232,4.06479198037,3.32871753984,0,0
4,2,4,232,3.46906663255,3.31272933497,-0.595725347819,-0.0159882048774
5,2,8,232,3.46157883558,3.29993843163,-0.603213144793,-0.0287791082162
6,2,16,232,3.45193708872,3.29716068588,-0.612854891657,-0.0315568539638
7,2,32,232,3.44185861387,3.27911281487,-0.622933366498,-0.0496047249773
8,3,4,232,3.31335936497,3.29954138292,-0.751432615407,-0.0291761569284
9,3,8,232,3.28889830411,3.25442995679,-0.775893676264,-0.0742875830505
10,3,16,232,3.28445540472,3.26828679255,-0.780336575652,-0.0604307472914
11,3,32,232,3.39952380599,3.2246373026,-0.665268174386,-0.104080237244
0,1,4,233,3.87959854859,3.16960747961,-2.25347761824e-05,-0.0165274026456
1,1,8,233,3.87947895632,3.18246412553,-0.000142127043818,-0.00367075672368
2,1,16,233,3.87941201643,3.17874367936,-0.000209066932863,-0.00739120289891
3,1,32,233,3.87962108336,3.18613488225,0,0
4,2,4,233,3.17579458915,3.08547281645,-0.703826494218,-0.100662065802
5,2,8,233,3.17296783409,3.0517471234,-0.706653249269,-0.134387758854
6,2,16,233,3.17191522979,3.08295991908,-0.707705853569,-0.10317496317
7,2,32,233,3.17401606244,3.08802786234,-0.705605020918,-0.0981070199188
8,3,4,233,3.05812891676,3.04272086625,-0.821492166603,-0.143414016
9,3,8,233,3.05747619443,3.03407795783,-0.822144888933,-0.152056924422
10,3,16,233,3.06260516388,3.08297976105,-0.817015919482,-0.103155121207
11,3,32,233,3.200892785,3.06341093529,-0.678728298363,-0.122723946963
0,1,4,234,3.69761501018,3.09303404051,0.00388724951259,-0.0187381814892
1,1,8,234,3.6966892702,3.1169216226,0.00296150953845,0.00514940060267
2,1,16,234,3.69532412179,3.11829524837,0.00159636112603,0.006523026375
3,1,32,234,3.69372776067,3.111772222,0,0
4,2,4,234,2.78168712037,2.99723006159,-0.9120406403,-0.114542160409
5,2,8,234,2.78494240242,2.9819211896,-0.908785358248,-0.129851032401
6,2,16,234,2.78916907745,3.00903317951,-0.904558683217,-0.102739042487
7,2,32,234,2.79453767771,3.0132243504,-0.899190082951,-0.0985478716027
8,3,4,234,2.59396133099,2.96819535886,-1.09976642968,-0.143576863137
9,3,8,234,2.5969385326,2.97057010506,-1.09678922807,-0.141202116933
10,3,16,234,2.60209917178,3.0117134782,-1.09162858889,-0.100058743796
11,3,32,234,2.60921219588,2.99621060147,-1.08451556479,-0.11556162053
0,1,4,235,4.01484386237,3.24789335193,0.00930425862925,-0.00885483787417
1,1,8,235,4.0130556684,3.2745751061,0.00751606465039,0.0178269162974
2,1,16,235,4.01004119245,3.25482953659,0.0045015887065,-0.00191865321653
3,1,32,235,4.00553960375,3.2567481898,0,0
4,2,4,235,3.41037045823,3.24948666527,-0.59516914552,-0.00726152453587
5,2,8,235,3.40439811426,3.23584834446,-0.601141489485,-0.0208998453431
6,2,16,235,3.39641257174,3.24662994241,-0.609127032001,-0.0101182473939
7,2,32,235,3.38747378918,3.21670819191,-0.61806581457,-0.0400399978927
8,3,4,235,3.27031014902,3.24299106434,-0.735229454729,-0.0137571254626
9,3,8,235,3.24837010326,3.19741746119,-0.757169500482,-0.0593307286159
10,3,16,235,3.2450779245,3.22316773929,-0.76046167925,-0.0335804505098
11,3,32,235,3.35297251377,3.17968934983,-0.652567089977,-0.0770588399708
0,1,4,236,4.14805235807,3.03248066963,0.00177925940369,0.000332918444325
1,1,8,236,4.14749467368,3.03485539594,0.00122157502063,0.00270764475351
2,1,16,236,4.14679037087,3.02525850736,0.000517272207747,-0.00688924382901
3,1,32,236,4.14627309866,3.03214775119,0,0
4,2,4,236,3.45229764258,2.9971352558,-0.693975456078,-0.0350124953872
5,2,8,236,3.43986067629,2.96518636279,-0.706412422376,-0.0669613883987
6,2,16,236,3.42921191213,2.97383328312,-0.717061186538,-0.0583144680635
7,2,32,236,3.42390391998,2.96205266635,-0.722369178686,-0.0700950848341
8,3,4,236,3.24084338219,2.9705331885,-0.905429716469,-0.0616145626889
9,3,8,236,3.23331323657,2.93323125725,-0.912959862096,-0.0989164939359
10,3,16,236,3.23244945688,2.95641762911,-0.913823641783,-0.0757301220774
11,3,32,236,3.50079176511,2.93699484918,-0.645481333555,-0.0951529020036
0,1,4,237,4.30267339921,3.1930647333,0.000234349280745,-0.0266587411807
1,1,8,237,4.30252443497,3.22125490401,8.53850418148e-05,0.00153142952144
2,1,16,237,4.30238362796,3.20814619445,-5.54219695355e-05,-0.011577280038
3,1,32,237,4.30243904993,3.21972347449,0,0
4,2,4,237,3.64386587645,3.06289012682,-0.658573173484,-0.156833347662
5,2,8,237,3.6381829899,3.03634867632,-0.66425606003,-0.183374798166
6,2,16,237,3.63243962078,3.08502912582,-0.669999429155,-0.134694348664
7,2,32,237,3.62810943727,3.09508728188,-0.674329612659,-0.124636192602
8,3,4,237,3.47284131926,3.04013904601,-0.829597730671,-0.179584428475
9,3,8,237,3.47243347996,3.03009411215,-0.830005569968,-0.189629362339
10,3,16,237,3.47775733463,3.09781866102,-0.824681715304,-0.121904813461
11,3,32,237,3.7531669203,3.08415545969,-0.549272129629,-0.135568014798
0,1,4,238,3.85455249149,3.19311664419,-0.00122829211346,-0.00825870105534
1,1,8,238,3.85470677718,3.2028584832,-0.00107400642299,0.00148313795953
2,1,16,238,3.85505706806,3.20811899725,-0.000723715549572,0.00674365200692
3,1,32,238,3.85578078361,3.20137534524,0,0
4,2,4,238,3.17830162621,3.12581480222,-0.677479157398,-0.0755605430237
5,2,8,238,3.17882922477,3.07009240497,-0.676951558841,-0.13128294027
6,2,16,238,3.18146321327,3.12337216778,-0.674317570332,-0.0780031774629
7,2,32,238,3.18665411311,3.11016995038,-0.669126670492,-0.091205394863
8,3,4,238,3.05331022575,3.04730676187,-0.802470557855,-0.154068583373
9,3,8,238,3.05521313599,3.05591436276,-0.80056764762,-0.145460982479
10,3,16,238,3.06200610821,3.09899171212,-0.793774675395,-0.102383633118
11,3,32,238,3.19541999539,3.09781459475,-0.660360788212,-0.103560750496
0,1,4,239,3.63541602127,3.06793939263,0.00319200777702,0.0109774604924
1,1,8,239,3.63459744312,3.07889982156,0.00237342963155,0.021937889425
2,1,16,239,3.63344189076,3.05263175088,0.00121787726608,-0.0043301812621
3,1,32,239,3.63222401349,3.05696193214,0,0
4,2,4,239,2.73115830292,2.99087201002,-0.901065710568,-0.0660899221145
5,2,8,239,2.73192515392,2.98367192123,-0.900298859574,-0.0732900109076
6,2,16,239,2.73431964611,2.98363279187,-0.897904367379,-0.0733291402718
7,2,32,239,2.73921760641,2.99219551653,-0.893006407081,-0.0647664156044
8,3,4,239,2.64981708292,2.94869188484,-0.982406930571,-0.108270047293
9,3,8,239,2.65034104719,2.93054012614,-0.981882966299,-0.126421805994
10,3,16,239,2.65308476682,2.95723969412,-0.979139246668,-0.0997222380198
11,3,32,239,2.65946576274,2.95667085342,-0.972758250751,-0.100291078721
0,1,4,240,3.93477617735,3.15870657653,0.0067228465121,-0.00524265795599
1,1,8,240,3.93346346309,3.16527706711,0.00541013225336,0.00132783262256
2,1,16,240,3.93127727584,3.15646790973,0.00322394499985,-0.00748132476061
3,1,32,240,3.92805333084,3.16394923449,0,0
4,2,4,240,3.33422941554,3.22891684843,-0.5938239153,0.0649676139424
5,2,8,240,3.32324387697,3.20659317998,-0.604809453873,0.0426439454891
6,2,16,240,3.31182938799,3.18861861095,-0.616223942847,0.024669376456
7,2,32,240,3.30290485047,3.14844957725,-0.625148480373,-0.0154996572383
8,3,4,240,3.17467614559,3.20315824787,-0.753377185246,0.0392090133756
9,3,8,240,3.14803610779,3.1443540158,-0.780017223049,-0.019595218695
10,3,16,240,3.14102581327,3.13545187251,-0.787027517573,-0.0284973619812
11,3,32,240,3.24706077376,3.09169769948,-0.680992557083,-0.0722515350115
0,1,4,241,4.2387340852,3.39872443623,0.00659255932489,-0.0290932178539
1,1,8,241,4.23756689248,3.43815436914,0.00542536660481,0.0103367150582
2,1,16,241,4.23549284397,3.42998083356,0.00335131809238,0.00216317947643
3,1,32,241,4.23214152588,3.42781765408,0,0
4,2,4,241,3.73134413614,3.45935734021,-0.500797389743,0.0315396861292
5,2,8,241,3.72171900608,3.40609189855,-0.510422519797,-0.0217257555306
6,2,16,241,3.71062800835,3.4232324019,-0.521513517529,-0.00458525218183
7,2,32,241,3.69972859027,3.39085552675,-0.532412935611,-0.0369621273344
8,3,4,241,3.50375819509,3.41448471907,-0.728383330791,-0.01333293501
9,3,8,241,3.47839544545,3.38173179893,-0.753746080426,-0.0460858551484
10,3,16,241,3.47375862168,3.38154613587,-0.758382904201,-0.0462715182125
11,3,32,241,3.71842206939,3.35059942496,-0.513719456492,-0.0772182291247
0,1,4,242,3.97006680179,3.35005541691,0.0154589562482,-0.000672557689347
1,1,8,242,3.96720813853,3.37941043905,0.0126002929854,0.0286824644536
2,1,16,242,3.96227052548,3.35851437772,0.00766267993783,0.00778640312391
3,1,32,242,3.95460784555,3.3507279746,0,0
4,2,4,242,3.47451464759,3.50837598686,-0.480093197953,0.157648012259
5,2,8,242,3.46320212833,3.48087024131,-0.49140571722,0.130142266713
6,2,16,242,3.44884910625,3.4568461271,-0.505758739294,0.106118152504
7,2,32,242,3.43321091267,3.39028146758,-0.52139693288,0.0395534929859
8,3,4,242,3.28947759625,3.49638699737,-0.665130249294,0.145659022778
9,3,8,242,3.24621508686,3.42091429839,-0.708392758687,0.0701863237976
10,3,16,242,3.23352295943,3.39014984948,-0.72108488612,0.0394218748874
11,3,32,242,3.32545639439,3.32893565899,-0.629151451153,-0.0217923156022
0,1,4,243,4.53877182942,3.10633910562,0.00291456343813,-0.0135431908586
1,1,8,243,4.53799341302,3.12655316762,0.00213614703246,0.00667087113926
2,1,16,243,4.5369154334,3.10181070816,0.00105816741409,-0.0180715883151
3,1,32,243,4.53585726599,3.11988229648,0,0
4,2,4,243,3.92466559887,3.02705453128,-0.611191667112,-0.0928277651954
5,2,8,243,3.90656543136,3.00285433692,-0.629291834629,-0.117027959564
6,2,16,243,3.8889341466,3.01754729534,-0.646923119382,-0.102335001144
7,2,32,243,3.87599034051,3.02479587661,-0.659866925477,-0.0950864198703
8,3,4,243,3.68150196106,3.03828967048,-0.854355304931,-0.0815926260031
9,3,8,243,3.67208418955,2.98992024372,-0.863773076433,-0.129962052761
10,3,16,243,3.67084814529,3.0370187498,-0.865009120699,-0.0828635466819
11,3,32,243,4.10441067258,3.00596000953,-0.43144659341,-0.113922286949
0,1,4,244,4.11544162668,3.44706335362,0.0154982782213,-0.0151077282164
1,1,8,244,4.11266304146,3.49368467788,0.0127196930009,0.031513596038
2,1,16,244,4.10776347962,3.4628390912,0.00782013116016,0.000668009362451
3,1,32,244,4.09994334846,3.46217108184,0,0
4,2,4,244,3.64203332126,3.56971220473,-0.457910027203,0.107541122889
5,2,8,244,3.63292495309,3.5531948038,-0.467018395366,0.0910237219642
6,2,16,244,3.61902417583,3.53847620331,-0.480919172634,0.0763051214689
7,2,32,244,3.60123064319,3.48302762134,-0.498712705267,0.0208565394992
8,3,4,244,3.48052365364,3.56379481631,-0.619419694816,0.101623734471
9,3,8,244,3.4368764129,3.49322763299,-0.663066935561,0.0310565511477
10,3,16,244,3.42526060665,3.47689946654,-0.674682741806,0.0147283846975
11,3,32,244,3.52373312415,3.42008482038,-0.576210224305,-0.0420862614614
0,1,4,245,3.83376085248,3.18846997923,0.012978648803,0.000697488426553
1,1,8,245,3.83121429256,3.21810819404,0.0104320888859,0.0303357032377
2,1,16,245,3.8269773454,3.1830922122,0.00619514172604,-0.00468027860238
3,1,32,245,3.82078220368,3.1877724908,0,0
4,2,4,245,3.10213862055,3.16879314659,-0.71864358313,-0.0189793442067
5,2,8,245,3.09912115649,3.18745846065,-0.721661047183,-0.000314030148171
6,2,16,245,3.09323381853,3.17844933053,-0.727548385145,-0.00932316026932
7,2,32,245,3.08498297239,3.1572029448,-0.735799231284,-0.0305695460059
8,3,4,245,3.00200647737,3.19017924676,-0.818775726309,0.00240675596183
9,3,8,245,2.97987488521,3.13372505279,-0.840907318464,-0.0540474380148
10,3,16,245,2.97557738042,3.16191541843,-0.845204823256,-0.025857072375
11,3,32,245,2.96575341667,3.11292258719,-0.855028787011,-0.0748499036128
0,1,4,246,3.7591371414,3.13207488038,0.00089505850402,-0.0123220863758
1,1,8,246,3.75885125474,3.15637902485,0.000609171845567,0.0119820580877
2,1,16,246,3.75849479473,3.14316765454,0.000252711831598,-0.00122931222165
3,1,32,246,3.75824208289,3.14439696676,0,0
4,2,4,246,2.85698037683,3.022011506,-0.901261706064,-0.122385460756
5,2,8,246,2.86216279847,3.00831546926,-0.89607928442,-0.136081497495
6,2,16,246,2.86796275626,3.03656206009,-0.89027932663,-0.107834906669
7,2,32,246,2.87413880417,3.04599844414,-0.884103278722,-0.0983985226237
8,3,4,246,2.73975452128,2.96418846606,-1.01848756161,-0.180208500696
9,3,8,246,2.74457256089,2.97102434692,-1.01366952201,-0.173372619839
10,3,16,246,2.75055218337,3.00975836726,-1.00768989952,-0.134638599502
11,3,32,246,2.75813351929,3.02102722291,-1.0001085636,-0.123369743845
0,1,4,247,4.31838973985,3.26093833532,0.00973852653284,-0.0173069453727
1,1,8,247,4.31659011012,3.30663959657,0.00793889680744,0.0283943158786
2,1,16,247,4.31347790975,3.26430898256,0.00482669643867,-0.013936298135
3,1,32,247,4.30865121332,3.27824528069,0,0
4,2,4,247,3.65407768102,3.22935894128,-0.654573532296,-0.0488863394112
5,2,8,247,3.64849344618,3.24531684777,-0.660157767131,-0.0329284329249
6,2,16,247,3.63806846888,3.24798474999,-0.670582744438,-0.0302605307048
7,2,32,247,3.62356766777,3.22777610229,-0.685083545546,-0.0504691783985
8,3,4,247,3.50549694415,3.23196650656,-0.80315426917,-0.0462787741375
9,3,8,247,3.48132000995,3.18017697932,-0.827331203362,-0.0980683013709
10,3,16,247,3.47603179254,3.20367294289,-0.832619420778,-0.0745723378041
11,3,32,247,3.60372703439,3.18225308697,-0.704924178925,-0.0959921937247
0,1,4,248,3.63165488184,3.03674602438,0.00370416732263,0.0168169690918
1,1,8,248,3.6307301617,3.03945145419,0.00277944718272,0.0195223989028
2,1,16,248,3.62940290803,3.02271435395,0.0014521935106,0.00278529865963
3,1,32,248,3.62795071452,3.01992905529,0,0
4,2,4,248,2.79165114176,2.94586175992,-0.836299572752,-0.0740672953735
5,2,8,248,2.79333839698,2.93431777825,-0.834612317535,-0.0856112770366
6,2,16,248,2.7965624085,2.95588869989,-0.831388306012,-0.0640403554029
7,2,32,248,2.80177372478,2.94905576404,-0.826176989738,-0.0708732912511
8,3,4,248,2.71798195239,2.91037438602,-0.909968762128,-0.109554669268
9,3,8,248,2.71946586116,2.89473219229,-0.908484853355,-0.125196863003
10,3,16,248,2.72399730751,2.93960369149,-0.90395340701,-0.0803253637975
11,3,32,248,2.72948369242,2.92917988154,-0.898467022091,-0.090749173748
0,1,4,249,3.64531176024,3.22176156573,0.0105264181994,-0.00179007099715
1,1,8,249,3.6432480966,3.23902956907,0.00846275456785,0.0154779323433
2,1,16,249,3.63981623015,3.22369558011,0.00503088811798,0.000143943384297
3,1,32,249,3.63478534204,3.22355163673,0,0
4,2,4,249,2.96085292339,3.28491021605,-0.673932418651,0.0613585793243
5,2,8,249,2.95523262853,3.26937695015,-0.679552713508,0.0458253134219
6,2,16,249,2.94920611073,3.24723065906,-0.685579231308,0.0236790223364
7,2,32,249,2.94430895734,3.21749269371,-0.690476384698,-0.0060589430145
8,3,4,249,2.83639248686,3.27016647593,-0.798392855181,0.0466148392005
9,3,8,249,2.81137292262,3.21740344765,-0.823412419416,-0.00614818907971
10,3,16,249,2.8055482548,3.21308557299,-0.829237087236,-0.0104660637362
11,3,32,249,2.79967839017,3.16056359599,-0.835106951863,-0.0629880407326
0,1,4,250,4.15088051292,3.2984395924,0.00808410115723,-0.021777157128
1,1,8,250,4.14940471342,3.33276552876,0.00660830165248,0.012548779236
2,1,16,250,4.14683470455,3.29889941635,0.00403829278099,-0.0213173331734
3,1,32,250,4.14279641177,3.32021674952,0,0
4,2,4,250,3.54498323985,3.34573584947,-0.597813171919,0.0255190999466
5,2,8,250,3.53413800255,3.34318739269,-0.608658409214,0.0229706431677
6,2,16,250,3.52052113629,3.31457270171,-0.622275275477,-0.00564404780985
7,2,32,250,3.5065737099,3.29691180773,-0.636222701865,-0.0233049417961
8,3,4,250,3.4045520827,3.33338525347,-0.738244329064,0.0131685039417
9,3,8,250,3.37384578654,3.2691647361,-0.768950625225,-0.0510520134199
10,3,16,250,3.36532042792,3.2622604183,-0.77747598385,-0.0579563312232
11,3,32,250,3.49982797774,3.2258085962,-0.642968434032,-0.0944081533197
0,1,4,251,4.00180891777,3.51425262575,0.02117783399,0.00632780196979
1,1,8,251,3.99813140736,3.55492906098,0.0175003235728,0.0470042371955
2,1,16,251,3.99151254064,3.50113150938,0.0108814568577,-0.00679331440527
3,1,32,251,3.98063108378,3.50792482378,0,0
4,2,4,251,3.62798610962,3.80596303917,-0.352644974161,0.298038215386
5,2,8,251,3.61473203167,3.80707158512,-0.365899052118,0.299146761335
6,2,16,251,3.59417922909,3.72919776594,-0.386451854693,0.221272942157
7,2,32,251,3.56793491939,3.63318065524,-0.412696164397,0.125255831459
8,3,4,251,3.5410202825,3.78790719551,-0.43961080128,0.279982371722
9,3,8,251,3.46956989156,3.66662258674,-0.511061192222,0.15869776296
10,3,16,251,3.44544403611,3.57993740325,-0.535187047679,0.0720125794688
11,3,32,251,3.41590465468,3.51729820637,-0.564726429104,0.00937338258778
0,1,4,252,3.71919762642,3.05917168941,0.00343213871432,-0.0163883815126
1,1,8,252,3.71835172591,3.07738534247,0.00258623820367,0.00182527155299
2,1,16,252,3.71712896882,3.07445755794,0.00136348111184,-0.00110251298282
3,1,32,252,3.71576548771,3.07556007092,0,0
4,2,4,252,2.82266030748,2.95118405025,-0.893105180232,-0.124376020673
5,2,8,252,2.82464727314,2.94628205308,-0.891118214571,-0.129278017838
6,2,16,252,2.82741494187,2.96836832787,-0.888350545836,-0.107191743051
7,2,32,252,2.83152007431,2.97437759686,-0.884245413396,-0.101182474057
8,3,4,252,2.66699442224,2.93216556137,-1.04877106547,-0.143394509552
9,3,8,252,2.66904214524,2.92563611799,-1.04672334247,-0.149923952929
10,3,16,252,2.67390410287,2.97324639669,-1.04186138484,-0.102313674227
11,3,32,252,2.67919388469,2.95299472896,-1.03657160302,-0.122565341966
0,1,4,253,4.18886063308,3.36745366379,0.00772637300506,-0.0230712821664
1,1,8,253,4.18743356794,3.40392084082,0.00629930786929,0.0133958948622
2,1,16,253,4.1849652353,3.39513999649,0.00383097523198,0.00461505053921
3,1,32,253,4.18113426007,3.39052494595,0,0
4,2,4,253,3.67871861274,3.39840107398,-0.502415647329,0.00787612802241
5,2,8,253,3.67039547907,3.35152239773,-0.510738781004,-0.0390025482258
6,2,16,253,3.6605801952,3.37815064269,-0.520554064867,-0.0123743032677
7,2,32,253,3.6505261518,3.34583929028,-0.530608108266,-0.0446856556753
8,3,4,253,3.4719956812,3.369356623,-0.709138578868,-0.0211683229539
9,3,8,253,3.44919307162,3.33666875707,-0.731941188446,-0.0538561888836
10,3,16,253,3.44622854451,3.35478204221,-0.734905715561,-0.0357429037483
11,3,32,253,3.67264203428,3.31550956718,-0.508492225788,-0.0750153787687
0,1,4,254,3.89465536497,3.10768553061,0.0034005745714,-0.0181021578826
1,1,8,254,3.89381573203,3.12824169258,0.00256094163417,0.00245400409387
2,1,16,254,3.89260333695,3.13019569045,0.0013485465474,0.0044080019554
3,1,32,254,3.8912547904,3.12578768849,0,0
4,2,4,254,3.08204877606,3.03624463067,-0.809206014337,-0.0895430578202
5,2,8,254,3.0791167655,3.00705431451,-0.812138024902,-0.118733373976
6,2,16,254,3.07754718795,3.0335892309,-0.813707602446,-0.0921984575892
7,2,32,254,3.07870489826,3.03286952548,-0.812549892136,-0.0929181630096
8,3,4,254,2.8610534928,3.01005661055,-1.0302012976,-0.115731077939
9,3,8,254,2.86015033673,3.00180248759,-1.03110445367,-0.123985200897
10,3,16,254,2.86351780358,3.03906098124,-1.02773698683,-0.0867267072502
11,3,32,254,2.99458482173,3.01715446046,-0.896669968666,-0.108633228029
0,1,4,255,4.05355988827,3.22721710264,0.00971434775781,-0.00195376325384
1,1,8,255,4.05168940676,3.25109677394,0.00784386625591,0.0219259080497
2,1,16,255,4.04853998602,3.22117209211,0.00469444551122,-0.00799877378101
3,1,32,255,4.04384554051,3.22917086589,0,0
4,2,4,255,3.4558397652,3.23495354282,-0.588005775306,0.00578267692641
5,2,8,255,3.44796451529,3.23074630805,-0.595881025222,0.00157544216013
6,2,16,255,3.43774198163,3.22913490364,-0.606103558877,-3.59622512653e-05
7,2,32,255,3.42667759569,3.19951773225,-0.617167944814,-0.0296531336396
8,3,4,255,3.33910382607,3.23417268113,-0.704741714435,0.00500181523781
9,3,8,255,3.31434005777,3.1762270137,-0.729505482736,-0.0529438521908
10,3,16,255,3.30928370881,3.19729048379,-0.734561831696,-0.0318803821079
11,3,32,255,3.42359232541,3.15466615014,-0.620253215096,-0.0745047157566
0,1,4,256,3.8459305091,3.35215212968,0.0155304895483,-0.0104750857942
1,1,8,256,3.84309646796,3.38613585629,0.0126964484091,0.0235086408135
2,1,16,256,3.83815922243,3.35915453121,0.00775920287578,-0.00347268426651
3,1,32,256,3.83040001955,3.36262721548,0,0
4,2,4,256,3.27941712961,3.49369186292,-0.550982889941,0.131064647445
5,2,8,256,3.27113637833,3.49082547245,-0.559263641224,0.128198256974
6,2,16,256,3.25892824753,3.45056380727,-0.571471772018,0.0879365917935
7,2,32,256,3.24418005856,3.39664526552,-0.586219960992,0.0340180500373
8,3,4,256,3.14344413173,3.49090876576,-0.686955887822,0.128281550279
9,3,8,256,3.09929096688,3.41249345201,-0.731109052669,0.0498662365286
10,3,16,256,3.08634203934,3.38200371814,-0.744057980211,0.0193765026655
11,3,32,256,3.06958534694,3.3183962199,-0.760814672614,-0.0442309955808
0,1,4,257,3.87345099301,3.22490107886,0.0116228820298,0.000827367815875
1,1,8,257,3.87115022729,3.24716100798,0.00932211631389,0.0230872969378
2,1,16,257,3.86734600198,3.23393799557,0.0055178910007,0.00986428453447
3,1,32,257,3.86182811098,3.22407371104,0,0
4,2,4,257,3.23352490631,3.28508495239,-0.62830320467,0.0610112413458
5,2,8,257,3.22529253402,3.25620360554,-0.636535576956,0.0321298945016
6,2,16,257,3.2164092621,3.25221304103,-0.645418848876,0.0281393299907
7,2,32,257,3.20852385851,3.21364921625,-0.653304252469,-0.0104244947926
8,3,4,257,3.03716336136,3.27541766932,-0.824664749617,0.0513439582758
9,3,8,257,3.01266953473,3.225075109,-0.849158576243,0.0010013979579
10,3,16,257,3.00687983135,3.22626913483,-0.85494827963,0.0021954237879
11,3,32,257,3.11594145344,3.1759704901,-0.745886657537,-0.0481032209392
0,1,4,258,3.83116820055,3.36486607071,0.00928191922814,-0.0320957122089
1,1,8,258,3.82945737349,3.41262138484,0.00757109216718,0.0156596019213
2,1,16,258,3.82649368833,3.40111767167,0.00460740700988,0.0041558887475
3,1,32,258,3.82188628132,3.39696178292,0,0
4,2,4,258,3.13551682372,3.3319471345,-0.686369457599,-0.0650146484201
5,2,8,258,3.13862466566,3.31804512106,-0.683261615663,-0.0789166618618
6,2,16,258,3.13916491015,3.34572693249,-0.682721371174,-0.0512348504277
7,2,32,258,3.13611448101,3.33132188699,-0.685771800313,-0.0656398959265
8,3,4,258,2.99892419448,3.31409191217,-0.822962086846,-0.0828698707533
9,3,8,258,2.98314015343,3.29927610945,-0.838746127889,-0.0976856734674
10,3,16,258,2.98401632488,3.33567757548,-0.837869956441,-0.061284207445
11,3,32,258,2.97850965509,3.29768795677,-0.843376626236,-0.0992738261509
0,1,4,259,4.33173213807,3.18655318996,0.00779188523878,-0.00922465150824
1,1,8,259,4.33023809627,3.20804955087,0.00629784344,0.0122717094037
2,1,16,259,4.32771854631,3.18544087101,0.00377829347697,-0.0103369704613
3,1,32,259,4.32394025283,3.19577784147,0,0
4,2,4,259,3.76459364972,3.2428077947,-0.559346603113,0.0470299532282
5,2,8,259,3.74973092286,3.225693792,-0.574209329976,0.0299159505319
6,2,16,259,3.73269182168,3.21263290604,-0.591248431157,0.0168550645682
7,2,32,259,3.71673259524,3.17343251494,-0.607207657594,-0.0223453265296
8,3,4,259,3.54650771014,3.22996866486,-0.77743254269,0.0341908233973
9,3,8,259,3.51706033907,3.16381939243,-0.806879913762,-0.0319584490424
10,3,16,259,3.50814011729,3.1567855642,-0.815800135542,-0.038992277266
11,3,32,259,3.74624630648,3.12312055051,-0.577693946356,-0.0726572909552
0,1,4,260,4.15772203184,3.28484508254,0.00838064292329,-0.0154404194799
1,1,8,260,4.15617858039,3.32187057715,0.00683719148091,0.0215850751321
2,1,16,260,4.15350439823,3.2960107208,0.00416300931649,-0.0042747812155
3,1,32,260,4.14934138891,3.30028550202,0,0
4,2,4,260,3.53505364748,3.28009121731,-0.614287741438,-0.0201942847015
5,2,8,260,3.53046911132,3.27018428305,-0.618872277595,-0.030101218968
6,2,16,260,3.52270975934,3.28363182774,-0.626631629571,-0.0166536742724
7,2,32,260,3.51241741557,3.25509751359,-0.636923973339,-0.0451879884311
8,3,4,260,3.38395781305,3.26022525398,-0.765383575864,-0.0400602480409
9,3,8,260,3.3618199394,3.22039801986,-0.787521449509,-0.0798874821523
10,3,16,260,3.35819443167,3.24000732581,-0.791146957242,-0.0602781762035
11,3,32,260,3.47726495178,3.21520610411,-0.67207643713,-0.0850793979068
0,1,4,261,4.08493121325,3.27741311734,0.0106099798232,-0.0186049042339
1,1,8,261,4.08290264309,3.318637415,0.00858140966783,0.0226193934241
2,1,16,261,4.07947104256,3.2989870146,0.00514980913357,0.00296899302562
3,1,32,261,4.07432123343,3.29601802158,0,0
4,2,4,261,3.4244821949,3.26316951104,-0.64983903853,-0.0328485105333
5,2,8,261,3.42048024015,3.25240596401,-0.653840993273,-0.043612057569
6,2,16,261,3.41361991524,3.27022641584,-0.660701318189,-0.025791605733
7,2,32,261,3.40431925086,3.24497583341,-0.670001982569,-0.0510421881687
8,3,4,261,3.23549350726,3.26212054766,-0.83882772617,-0.0338974739134
9,3,8,261,3.21520245961,3.22570715201,-0.859118773821,-0.07031086957
10,3,16,261,3.21242003593,3.25350415947,-0.861901197495,-0.0425138621068
11,3,32,261,3.32314344054,3.2148160498,-0.751177792889,-0.0812019717802
0,1,4,262,3.65397569243,3.210892854,0.00961552892609,-0.00653987463081
1,1,8,262,3.65208499205,3.22628218749,0.00772482854678,0.00884945885988
2,1,16,262,3.64894634614,3.21617554707,0.00458618263897,-0.00125718156659
3,1,32,262,3.6443601635,3.21743272863,0,0
4,2,4,262,2.98420528552,3.25231260185,-0.660154877979,0.0348798732188
5,2,8,262,2.97922088719,3.23767092282,-0.665139276309,0.0202381941834
6,2,16,262,2.9738685548,3.2247944206,-0.670491608698,0.00736169196977
7,2,32,262,2.96958419964,3.19665792511,-0.674775963858,-0.0207748035215
8,3,4,262,2.86580773526,3.24178739538,-0.778552428236,0.0243546667441
9,3,8,262,2.84293403155,3.19316649218,-0.801426131954,-0.0242662364494
10,3,16,262,2.8386926579,3.20120919414,-0.805667505597,-0.0162235344925
11,3,32,262,2.83287336157,3.14452687564,-0.811486801932,-0.0729058529984
0,1,4,263,3.81784598644,3.64299601085,0.0176987185825,-0.0143330762172
1,1,8,263,3.8147745254,3.70054516867,0.0146272575432,0.043216081608
2,1,16,263,3.80924118822,3.65350210051,0.00909392035721,-0.00382698655741
3,1,32,263,3.80014726786,3.65732908707,0,0
4,2,4,263,3.37106225804,3.8353381528,-0.429085009818,0.178009065729
5,2,8,263,3.36485717028,3.81669769797,-0.435290097587,0.159368610901
6,2,16,263,3.35360936491,3.77206540306,-0.446537902954,0.114736315992
7,2,32,263,3.33740332765,3.7229817815,-0.462743940214,0.0656526944319
8,3,4,263,3.31043562939,3.80831562358,-0.489711638471,0.150986536515
9,3,8,263,3.25754804503,3.73074825557,-0.542599222831,0.0734191685022
10,3,16,263,3.24299929161,3.68611071857,-0.557147976254,0.0287816315056
11,3,32,263,3.22190794157,3.62686055761,-0.578239326295,-0.0304685294527
0,1,4,264,3.85384137875,3.30097456168,0.00739624124931,-0.0264146998584
1,1,8,264,3.85250930125,3.33841312588,0.00606416375448,0.0110238643368
2,1,16,264,3.85017064119,3.32773397703,0.00372550368698,0.000344715485603
3,1,32,264,3.8464451375,3.32738926154,0,0
4,2,4,264,3.13277691342,3.32845745197,-0.713668224083,0.00106819042483
5,2,8,264,3.1326235769,3.3114866169,-0.713821560599,-0.0159026446384
6,2,16,264,3.13033602909,3.31362185629,-0.716109108405,-0.0137674052506
7,2,32,264,3.12610943738,3.28816028638,-0.72033570012,-0.0392289751592
8,3,4,264,2.97128424096,3.28496518,-0.875160896535,-0.0424240815454
9,3,8,264,2.95078445826,3.26004526831,-0.895660679235,-0.0673439932327
10,3,16,264,2.94756284196,3.25843333516,-0.89888229554,-0.0689559263772
11,3,32,264,2.94323256669,3.23642138879,-0.903212570804,-0.0909678727528
0,1,4,265,3.76014347178,3.33502560179,0.013481341245,-0.00262580148528
1,1,8,265,3.75757049495,3.37601408833,0.0109083644165,0.0383626850567
2,1,16,265,3.75321342671,3.33483718915,0.00655129617472,-0.00281421411698
3,1,32,265,3.74666213054,3.33765140327,0,0
4,2,4,265,3.05599189904,3.36085201446,-0.690670231495,0.023200611185
5,2,8,265,3.05345678737,3.36304077047,-0.693205343166,0.0253893672029
6,2,16,265,3.04836292143,3.34424229867,-0.698299209108,0.006590895399
7,2,32,265,3.04089140372,3.3285369524,-0.705770726821,-0.00911445087131
8,3,4,265,2.96973722087,3.35984138203,-0.776924909663,0.0221899787612
9,3,8,265,2.94393197631,3.30696714397,-0.80273015423,-0.0306842593003
10,3,16,265,2.93834978848,3.31527461294,-0.808312342056,-0.0223767903331
11,3,32,265,2.92881598217,3.27163022571,-0.817846148363,-0.06602117756
0,1,4,266,4.12768155789,3.40749968764,0.0203046397479,0.00776424004843
1,1,8,266,4.12402297794,3.4429062928,0.0166460597932,0.0431708452084
2,1,16,266,4.11759489964,3.40508140738,0.0102179814978,0.00534595979041
3,1,32,266,4.10737691814,3.39973544759,0,0
4,2,4,266,3.73433786148,3.63030557767,-0.373039056669,0.230570130084
5,2,8,266,3.72036565019,3.61919446333,-0.387011267953,0.219459015741
6,2,16,266,3.70035750516,3.57779085246,-0.40701941298,0.178055404867
7,2,32,266,3.67600667857,3.48398623015,-0.431370239574,0.0842507825614
8,3,4,266,3.56788563095,3.63071222035,-0.539491287199,0.230976772761
9,3,8,266,3.50819041434,3.52578798806,-0.599186503802,0.126052540474
10,3,16,266,3.48897026828,3.47407388138,-0.61840664986,0.0743384337897
11,3,32,266,3.56530841719,3.40650802954,-0.542068500959,0.00677258195185
0,1,4,267,3.72544573133,3.29012403081,0.0117203909213,-0.0135572479604
1,1,8,267,3.72318449184,3.32567210895,0.00945915142847,0.021990830177
2,1,16,267,3.71938301095,3.30738220176,0.00565767054161,0.00370092299008
3,1,32,267,3.71372534041,3.30368127877,0,0
4,2,4,267,3.00991951188,3.31251770882,-0.703805828531,0.00883643004568
5,2,8,267,3.00793758881,3.30177846231,-0.705787751598,-0.00190281646479
6,2,16,267,3.0043441174,3.29694272584,-0.709381223004,-0.0067385529353
7,2,32,267,2.99947408629,3.27631324567,-0.714251254116,-0.0273680331015
8,3,4,267,2.86699958133,3.3061102461,-0.846725759084,0.00242896732602
9,3,8,267,2.84520140735,3.26681820914,-0.868523933061,-0.0368630696351
10,3,16,267,2.84157360504,3.27885580232,-0.87215173537,-0.0248254764488
11,3,32,267,2.83535098176,3.23010433956,-0.878374358644,-0.0735769392075
0,1,4,268,4.39129304559,3.22998070095,0.00577831326283,-0.0261867416931
1,1,8,268,4.39024570967,3.26124484552,0.00473097734442,0.00507740287319
2,1,16,268,4.38841443017,3.24853826841,0.0028996978394,-0.00762917423251
3,1,32,268,4.38551473233,3.25616744264,0,0
4,2,4,268,3.80831804346,3.25382730473,-0.577196688862,-0.00234013791096
5,2,8,268,3.79767764815,3.23220599917,-0.587837084179,-0.0239614434788
6,2,16,268,3.78427718059,3.2416818166,-0.601237551737,-0.0144856260456
7,2,32,268,3.77038605146,3.20563047102,-0.615128680868,-0.0505369716281
8,3,4,268,3.56957896468,3.22737798206,-0.815935767647,-0.0287894605839
9,3,8,268,3.54500282059,3.1830277923,-0.840511911732,-0.0731396503428
10,3,16,268,3.53918776372,3.18704264101,-0.846326968604,-0.0691248016379
11,3,32,268,3.7662200025,3.16424122629,-0.619294729822,-0.0919262163537
0,1,4,269,4.03379927488,3.09347388961,0.00100995822069,-0.0271800362576
1,1,8,269,4.03346929635,3.11563808174,0.000679979686481,-0.00501584413322
2,1,16,269,4.03306132354,3.11379321802,0.000272006877468,-0.0068607078503
3,1,32,269,4.03278931666,3.12065392587,0,0
4,2,4,269,3.22809884395,2.9827208442,-0.804690472717,-0.137933081677
5,2,8,269,3.22611529438,2.96837779895,-0.806674022279,-0.152276126919
6,2,16,269,3.22437954846,3.00048253845,-0.808409768199,-0.120171387427
7,2,32,269,3.22415191515,3.0053166452,-0.808637401513,-0.115337280674
8,3,4,269,3.03531996083,2.95702681515,-0.997469355836,-0.163627110727
9,3,8,269,3.03583427591,2.95031287294,-0.996955040751,-0.170341052929
10,3,16,269,3.04026808156,2.99960273804,-0.992521235104,-0.121051187829
11,3,32,269,3.17069757508,2.98647143667,-0.862091741587,-0.134182489198
0,1,4,270,4.22052539584,2.99445191047,0.00290338003469,-0.0151186736716
1,1,8,270,4.21979855959,3.02114613706,0.00217654378478,0.0115755529127
2,1,16,270,4.21875661352,3.00402483039,0.0011345977146,-0.00554575376088
3,1,32,270,4.21762201581,3.00957058415,0,0
4,2,4,270,3.32972614002,2.84158458699,-0.887895875786,-0.167985997155
5,2,8,270,3.32896927983,2.8529404186,-0.888652735975,-0.156630165548
6,2,16,270,3.32658805919,2.88915134123,-0.891033956612,-0.120419242913
7,2,32,270,3.32336533974,2.88913088596,-0.894256676064,-0.12043969819
8,3,4,270,3.11793318758,2.83209783105,-1.09968882822,-0.177472753093
9,3,8,270,3.12029985983,2.82031112888,-1.09732215597,-0.189259455263
10,3,16,270,3.12413714139,2.87687492273,-1.09348487442,-0.132695661421
11,3,32,270,3.25715525351,2.88099362842,-0.960466762294,-0.128576955731
0,1,4,271,3.68746165622,3.29108921242,0.00731529893246,-0.0182565709683
1,1,8,271,3.68610767568,3.31260304281,0.00596131838714,0.00325725942464
2,1,16,271,3.68377348267,3.30026239383,0.00362712538067,-0.00908338956036
3,1,32,271,3.68014635729,3.30934578339,0,0
4,2,4,271,3.02915327081,3.36967369319,-0.650993086477,0.0603279098058
5,2,8,271,3.02361155396,3.34871365869,-0.656534803328,0.039367875306
6,2,16,271,3.01757163033,3.32077071028,-0.662574726954,0.0114249268905
7,2,32,271,3.01278413569,3.29757467621,-0.667362221594,-0.0117711071775
8,3,4,271,2.915795401,3.3318451866,-0.764350956292,0.0224994032123
9,3,8,271,2.88917779465,3.28471618839,-0.79096856264,-0.024629595
10,3,16,271,2.88303388117,3.26842812915,-0.79711247612,-0.0409176542339
11,3,32,271,2.87720720407,3.22524792696,-0.802939153216,-0.0840978564251
0,1,4,272,3.90389351997,3.29902460485,-0.000572826324546,-0.0485327672215
1,1,8,272,3.90393703354,3.33128892027,-0.000529312758091,-0.0162684517983
2,1,16,272,3.90407996292,3.33188133196,-0.000386383374273,-0.0156760401084
3,1,32,272,3.9044663463,3.34755737207,0,0
4,2,4,272,3.22219318246,3.16356704029,-0.682273163838,-0.183990331781
5,2,8,272,3.22182642086,3.13397513311,-0.682639925436,-0.213582238962
6,2,16,272,3.22258419733,3.17868831211,-0.681882148966,-0.168869059957
7,2,32,272,3.22512065095,3.20938972928,-0.679345695352,-0.138167642795
8,3,4,272,3.1141107683,3.13978446284,-0.790355578,-0.207772909226
9,3,8,272,3.11615143935,3.14453371907,-0.788314906944,-0.203023653002
10,3,16,272,3.12465999451,3.22143046926,-0.779806351789,-0.12612690281
11,3,32,272,3.26122045007,3.18522654548,-0.643245896226,-0.162330826592
0,1,4,273,4.24203201877,3.21820420571,0.000480027450819,-0.0324039494946
1,1,8,273,4.24184699952,3.24914631848,0.000295008200603,-0.00146183672897
2,1,16,273,4.24163347503,3.24594977702,8.14837148271e-05,-0.0046583781856
3,1,32,273,4.24155199132,3.25060815521,0,0
4,2,4,273,3.58030704945,3.09140948533,-0.661244941868,-0.159198669875
5,2,8,273,3.57654686952,3.05617918057,-0.665005121803,-0.194428974632
6,2,16,273,3.57292440536,3.11474265198,-0.66862758596,-0.135865503221
7,2,32,273,3.57042793657,3.12156010261,-0.671124054748,-0.129048052593
8,3,4,273,3.38772437376,3.0640116371,-0.853827617562,-0.186596518108
9,3,8,273,3.38862332211,3.06400201296,-0.852928669211,-0.18660614225
10,3,16,273,3.3951180206,3.13343867777,-0.846433970724,-0.117169477431
11,3,32,273,3.65170053983,3.11671828064,-0.589851451494,-0.133889874568
0,1,4,274,4.75813557305,3.06251406801,-0.000956005630663,-0.0188860937626
1,1,8,274,4.75822069342,3.08796566577,-0.000870885262744,0.00656550400389
2,1,16,274,4.75847045313,3.07092440133,-0.000621125557168,-0.010475760435
3,1,32,274,4.75909157868,3.08140016177,0,0
4,2,4,274,4.09598601694,2.92722914055,-0.663105561745,-0.154171021215
5,2,8,274,4.08643500702,2.9082361931,-0.672656571662,-0.173163968673
6,2,16,274,4.07507316584,2.96549911156,-0.684018412843,-0.115901050212
7,2,32,274,4.06412409979,2.95341954198,-0.694967478895,-0.127980619791
8,3,4,274,3.83701210387,2.89840049754,-0.922079474816,-0.182999664232
9,3,8,274,3.83530385297,2.88150522308,-0.923787725713,-0.19989493869
10,3,16,274,3.83800836766,2.93892415373,-0.921083211022,-0.142476008043
11,3,32,274,4.22959757918,2.95415327039,-0.529493999499,-0.127246891382
0,1,4,275,3.65063940617,3.13612807127,-9.59338797477e-05,-0.0376449859084
1,1,8,275,3.65054012165,3.15412821508,-0.000195218395714,-0.0196448420934
2,1,16,275,3.65050402527,3.16924257736,-0.000231314775042,-0.00453047981126
3,1,32,275,3.65073534005,3.17377305718,0,0
4,2,4,275,2.79619023521,3.06698895416,-0.854545104836,-0.10678410301
5,2,8,275,2.79753088794,3.04017051328,-0.853204452104,-0.133602543895
6,2,16,275,2.80084385615,3.0582882208,-0.849891483891,-0.115484836376
7,2,32,275,2.80720735353,3.0683029198,-0.843527986519,-0.105470137372
8,3,4,275,2.62198254376,3.02044101234,-1.02875279628,-0.153332044837
9,3,8,275,2.62289721024,3.02480565604,-1.02783812981,-0.148967401138
10,3,16,275,2.62791747505,3.05619331507,-1.02281786499,-0.117579742106
11,3,32,275,2.63539838634,3.0339519262,-1.0153369537,-0.139821130975
0,1,4,276,3.83542118153,3.33274318485,0.00744193636338,-0.0149449862856
1,1,8,276,3.83410366454,3.36339047277,0.00612441938045,0.0157023016339
2,1,16,276,3.83176243483,3.32941971184,0.00378318966706,-0.0182684592968
3,1,32,276,3.82797924516,3.34768817114,0,0
4,2,4,276,3.19848816437,3.35793806298,-0.629491080792,0.0102498918435
5,2,8,276,3.19547913798,3.35816320917,-0.632500107181,0.0104750380372
6,2,16,276,3.19001610681,3.33934001251,-0.637963138356,-0.00834815862483
7,2,32,276,3.1828897415,3.32363222957,-0.645089503663,-0.0240559415617
8,3,4,276,3.15990060265,3.32766956083,-0.668078642513,-0.0200186103094
9,3,8,276,3.13393835485,3.27829224308,-0.694040890314,-0.0693959280562
10,3,16,276,3.12901293091,3.28288592933,-0.698966314257,-0.0648022418062
11,3,32,276,3.11933419477,3.25161702266,-0.708645050397,-0.0960711484778
0,1,4,277,3.95485786388,3.07015464851,0.00124548115473,-0.0308673675426
1,1,8,277,3.95444590286,3.08402654661,0.000833520135893,-0.0169954694443
2,1,16,277,3.95393874505,3.08184828225,0.000326362316598,-0.0191737338082
3,1,32,277,3.95361238273,3.10102201605,0,0
4,2,4,277,3.18604714363,2.96208855044,-0.767565239096,-0.138933465612
5,2,8,277,3.18032705652,2.95804884017,-0.773285326213,-0.142973175885
6,2,16,277,3.17543888525,2.9717476657,-0.778173497475,-0.129274350359
7,2,32,277,3.17374468364,2.98600919537,-0.77986769909,-0.115012820681
8,3,4,277,3.02844558236,2.96260819551,-0.925166800371,-0.138413820548
9,3,8,277,3.02556963305,2.93841193535,-0.928042749676,-0.162610080704
10,3,16,277,3.02885032134,2.99372512844,-0.924762061384,-0.107296887614
11,3,32,277,3.15226808277,2.95455083433,-0.801344299955,-0.146471181729
0,1,4,278,3.54802691665,3.14834911394,0.000774983320394,-0.0105311981062
1,1,8,278,3.54772835098,3.15803403316,0.000476417656503,-0.000846278887882
2,1,16,278,3.54738989032,3.15422628074,0.000137956997586,-0.00465403131074
3,1,32,278,3.54725193333,3.15888031205,0,0
4,2,4,278,2.72502637385,3.09143169416,-0.82222555948,-0.0674486178936
5,2,8,278,2.72576074901,3.06245699482,-0.821491184315,-0.0964233172339
6,2,16,278,2.72919608245,3.07154897197,-0.818055850879,-0.0873313400825
7,2,32,278,2.73637900101,3.08120895268,-0.810872932322,-0.0776713593695
8,3,4,278,2.63351612867,3.03692003631,-0.91373580466,-0.121960275743
9,3,8,278,2.63363704942,3.03055605984,-0.913614883904,-0.128324252207
10,3,16,278,2.63803786923,3.05907020465,-0.909214064093,-0.0998101073999
11,3,32,278,2.6453497456,3.04271069932,-0.901902187727,-0.116169612733
0,1,4,279,4.04368333803,3.45464979486,0.0128323791834,-0.016438605607
1,1,8,279,4.04144127839,3.49147871465,0.0105903195443,0.0203903141823
2,1,16,279,4.03742192073,3.46988801155,0.00657096188335,-0.00120038891844
3,1,32,279,4.03085095884,3.47108840047,0,0
4,2,4,279,3.61215017565,3.61018178634,-0.418700783191,0.13909338587
5,2,8,279,3.60191048825,3.57871483983,-0.42894047059,0.107626439365
6,2,16,279,3.58803613605,3.55921650708,-0.442814822793,0.0881281066172
7,2,32,279,3.57199632798,3.49946604269,-0.458854630859,0.0283776422282
8,3,4,279,3.46246232874,3.58081436101,-0.568388630101,0.109725960542
9,3,8,279,3.41787868229,3.51220838733,-0.612972276557,0.0411199868612
10,3,16,279,3.40597332889,3.48267658164,-0.624877629953,0.0115881811753
11,3,32,279,3.50432362343,3.42795922045,-0.526527335414,-0.0431291800122
0,1,4,280,4.40750708002,3.2656686939,0.00556148959196,-0.0278227726724
1,1,8,280,4.40652222186,3.29994911535,0.00457663143624,0.0064576487712
2,1,16,280,4.40477223258,3.28427964103,0.0028266421526,-0.00921182554432
3,1,32,280,4.40194559042,3.29349146658,0,0
4,2,4,280,3.85296182445,3.26542786085,-0.548983765969,-0.0280636057226
5,2,8,280,3.84376642306,3.24548238166,-0.558179167366,-0.0480090849178
6,2,16,280,3.83147335827,3.26507371039,-0.570472232151,-0.0284177561844
7,2,32,280,3.81785145837,3.23293936221,-0.584094132054,-0.0605521043674
8,3,4,280,3.64476053621,3.24154127351,-0.757185054218,-0.0519501930688
9,3,8,280,3.62164634647,3.20096157274,-0.780299243958,-0.0925298938325
10,3,16,280,3.61744810279,3.2190121346,-0.784497487635,-0.074479331975
11,3,32,280,3.84453673483,3.19529872066,-0.557408855597,-0.0981927459191
0,1,4,281,3.87714378604,3.10226958494,0.000899327872364,0.00493695630891
1,1,8,281,3.87680811072,3.10443440331,0.000563652553909,0.00710177468027
2,1,16,281,3.87641880722,3.09149942499,0.000174349054091,-0.00583320364273
3,1,32,281,3.87624445816,3.09733262863,0,0
4,2,4,281,3.1844191384,3.01871476172,-0.691825319767,-0.0786178669075
5,2,8,281,3.18076825652,2.99102369947,-0.695476201646,-0.10630892916
6,2,16,281,3.17885354395,3.02027698752,-0.69739091421,-0.0770556411125
7,2,32,281,3.18016174797,3.01486898746,-0.696082710198,-0.0824636411703
8,3,4,281,3.1005161145,2.97858896933,-0.77572834366,-0.1187436593
9,3,8,281,3.09916444367,2.95928736634,-0.77708001449,-0.138045262292
10,3,16,281,3.10348431411,3.00915232599,-0.772760144058,-0.0881803026354
11,3,32,281,3.24095298444,2.99352124548,-0.635291473719,-0.103811383151
0,1,4,282,3.64165344809,3.35347634734,0.0117072434913,-0.00199774393511
1,1,8,282,3.63942131201,3.38574407316,0.00947510741831,0.0302699818786
2,1,16,282,3.63563994954,3.36183507683,0.0056937449421,0.00636098555443
3,1,32,282,3.62994620459,3.35547409128,0,0
4,2,4,282,2.98506570676,3.4023556414,-0.644880497833,0.0468815501165
5,2,8,282,2.98330661304,3.37851976178,-0.646639591552,0.0230456704974
6,2,16,282,2.98053757461,3.37305199724,-0.649408629986,0.0175779059644
7,2,32,282,2.97686317095,3.3481535232,-0.653083033646,-0.00732056807708
8,3,4,282,2.89046623997,3.37797048315,-0.739479964623,0.0224963918678
9,3,8,282,2.86696048944,3.33781306667,-0.762985715155,-0.0176610246058
10,3,16,282,2.86315896529,3.34340798761,-0.766787239305,-0.012066103665
11,3,32,282,2.85706018291,3.29822659185,-0.772886021681,-0.0572474994292
0,1,4,283,4.01038620814,3.22924702847,0.0087808372285,-0.00123687188336
1,1,8,283,4.00870288994,3.25131218817,0.00709751902154,0.020828287821
2,1,16,283,4.0058618848,3.23287335798,0.00425651388099,0.00238945762451
3,1,32,283,4.00160537092,3.23048390035,0,0
4,2,4,283,3.40506574004,3.25107497036,-0.596539630879,0.0205910700064
5,2,8,283,3.39911721375,3.23028205631,-0.602488157162,-0.000201844040118
6,2,16,283,3.39142276083,3.2410288359,-0.610182610085,0.0105449355495
7,2,32,283,3.383080031,3.20182140245,-0.618525339919,-0.028662497905
8,3,4,283,3.25787905504,3.22841186283,-0.743726315875,-0.00207203751925
9,3,8,283,3.23565974767,3.18418227319,-0.765945623249,-0.04630162716
10,3,16,283,3.23173997643,3.19870678436,-0.769865394483,-0.031777115989
11,3,32,283,3.34143340467,3.16528665905,-0.660171966245,-0.0651972412963
0,1,4,284,4.01332444266,3.16238186949,0.00852661961727,0.00227448925074
1,1,8,284,4.01166149216,3.17636529176,0.00686366911555,0.0162579115261
2,1,16,284,4.00888673098,3.15706533444,0.00408890793109,-0.00304204579789
3,1,32,284,4.00479782305,3.16010738024,0,0
4,2,4,284,3.39562541035,3.19568495799,-0.609172412693,0.0355775777498
5,2,8,284,3.38716001388,3.18280763694,-0.617637809163,0.022700256707
6,2,16,284,3.37712133469,3.17920505831,-0.627676488356,0.0190976780698
7,2,32,284,3.36744624346,3.13818566745,-0.637351579586,-0.0219217127898
8,3,4,284,3.24724708212,3.17961005673,-0.757550740926,0.0195026764875
9,3,8,284,3.22293812474,3.12392298842,-0.781859698301,-0.036184391821
10,3,16,284,3.21722995802,3.13081881082,-0.787567865028,-0.029288569418
11,3,32,284,3.32485870264,3.09413007582,-0.679939120403,-0.065977304414
0,1,4,285,3.6688270466,3.28292727363,0.00933582082664,-0.00814300444848
1,1,8,285,3.66705133973,3.30508646793,0.00756011395619,0.0140161898531
2,1,16,285,3.66404115548,3.28653009886,0.00454992969969,-0.00454017921157
3,1,32,285,3.65949122578,3.29107027807,0,0
4,2,4,285,3.00461478759,3.35313043607,-0.654876438191,0.0620601579918
5,2,8,285,2.99948306013,3.33530287486,-0.660008165648,0.0442325967861
6,2,16,285,2.99369254983,3.31041978911,-0.665798675947,0.0193495110348
7,2,32,285,2.98866294017,3.28524005628,-0.670828285605,-0.00583022179569
8,3,4,285,2.89955634187,3.32578661622,-0.759934883907,0.034716338143
9,3,8,285,2.87329689902,3.27552389623,-0.786194326756,-0.0155463818461
10,3,16,285,2.86729160985,3.26580952768,-0.792199615923,-0.0252607503965
11,3,32,285,2.86092325171,3.21983617472,-0.798567974062,-0.0712341033548
0,1,4,286,3.96196534453,3.33324823668,0.0140590025835,0.00389542812845
1,1,8,286,3.95946481058,3.36323715435,0.0115584686274,0.0338843457971
2,1,16,286,3.95503462403,3.32652562247,0.00712828208278,-0.00282718608643
3,1,32,286,3.94790634195,3.32935280855,0,0
4,2,4,286,3.42580020459,3.45127448358,-0.522106137354,0.121921675023
5,2,8,286,3.42017828502,3.45264511038,-0.527728056932,0.123292301825
6,2,16,286,3.40958263761,3.42902488172,-0.538323704336,0.0996720731686
7,2,32,286,3.39458796019,3.36292136468,-0.553318381756,0.0335685561248
8,3,4,286,3.34027190687,3.42875351754,-0.607634435078,0.099400708985
9,3,8,286,3.29796907778,3.35435160856,-0.649937264171,0.0249988000119
10,3,16,286,3.28621112842,3.33100969237,-0.661695213525,0.00165688382242
11,3,32,286,3.26888024469,3.29160196319,-0.679026097257,-0.0377508453599
0,1,4,287,4.04264161126,3.2045819441,0.00656081760769,-0.00810208460875
1,1,8,287,4.04140583954,3.22091068963,0.00532504588156,0.00822666092258
2,1,16,287,4.03929735058,3.20413318232,0.00321655692602,-0.00855084638797
3,1,32,287,4.03608079366,3.21268402871,0,0
4,2,4,287,3.45755455971,3.22187687892,-0.578526233951,0.00919285020812
5,2,8,287,3.45016306762,3.20791001225,-0.585917726032,-0.00477401646105
6,2,16,287,3.44101732619,3.21137426832,-0.595063467469,-0.00130976039094
7,2,32,287,3.43185162007,3.17595827388,-0.604229173581,-0.0367257548232
8,3,4,287,3.33225848643,3.19912705384,-0.703822307227,-0.0135569748679
9,3,8,287,3.3090572504,3.14984101442,-0.727023543259,-0.0628430142835
10,3,16,287,3.30480596344,3.16463797885,-0.731274830221,-0.0480460498579
11,3,32,287,3.41205202943,3.12941211115,-0.624028764224,-0.0832719175628
0,1,4,288,4.02023624213,3.59231834889,0.0272374949476,0.00844284680124
1,1,8,288,4.01544392599,3.64299913263,0.0224451788142,0.0591236305421
2,1,16,288,4.00689065781,3.58656385487,0.0138919106348,0.00268835278356
3,1,32,288,3.99299874718,3.58387550209,0,0
4,2,4,288,3.71867731254,3.93250699268,-0.274321434643,0.348631490595
5,2,8,288,3.70407822236,3.93404787644,-0.288920524821,0.350172374351
6,2,16,288,3.68064293317,3.85340889018,-0.312355814008,0.269533388094
7,2,32,288,3.64955376626,3.7387755456,-0.343444980917,0.154900043511
8,3,4,288,3.60383710226,3.93819405929,-0.38916164492,0.354318557203
9,3,8,288,3.52182140564,3.8022013909,-0.471177341543,0.218325888811
10,3,16,288,3.4941871259,3.70895889953,-0.498811621283,0.125083397443
11,3,32,288,3.45867712014,3.62378405426,-0.534321627036,0.0399085521744
0,1,4,289,4.09363248052,3.29556808505,0.00712036621087,-0.0194902405283
1,1,8,289,4.09234492597,3.32702149079,0.00583281166789,0.0119631652138
2,1,16,289,4.09009032333,3.30677456807,0.00357820902518,-0.00828375750422
3,1,32,289,4.0865121143,3.31505832558,0,0
4,2,4,289,3.47951478131,3.3563147681,-0.606997332993,0.0412564425197
5,2,8,289,3.47112358474,3.33439604845,-0.615388529567,0.0193377228705
6,2,16,289,3.46068980906,3.32210554617,-0.625822305248,0.00704722059624
7,2,32,289,3.45011260121,3.2924371442,-0.636399513098,-0.0226211813771
8,3,4,289,3.30548309565,3.31941787646,-0.781029018652,0.00435955088298
9,3,8,289,3.27816592362,3.27157609891,-0.808346190684,-0.0434822266655
10,3,16,289,3.27121422701,3.25913567102,-0.815297887294,-0.0559226545537
11,3,32,289,3.39888312735,3.23291276877,-0.687628986956,-0.0821455568083
0,1,4,290,4.19402843903,3.14997372562,0.000919442025769,-0.0276913251252
1,1,8,290,4.19376283699,3.18740251339,0.000653839985384,0.0097374626475
2,1,16,290,4.19341007317,3.17062420541,0.00030107616024,-0.00704084533308
3,1,32,290,4.19310899701,3.17766505075,0,0
4,2,4,290,3.3719313413,2.98025435871,-0.821177655705,-0.197410692039
5,2,8,290,3.37416518118,2.97541677028,-0.81894381583,-0.202248280471
6,2,16,290,3.3750469069,3.02867617209,-0.818062090111,-0.148988878657
7,2,32,290,3.37443092171,3.04180682995,-0.818678075296,-0.135858220797
8,3,4,290,3.20650834696,2.95197158534,-0.986600650047,-0.225693465402
9,3,8,290,3.21167811148,2.95748378279,-0.981430885524,-0.220181267956
10,3,16,290,3.2187880794,3.02700711031,-0.974320917605,-0.150657940434
11,3,32,290,3.36379882142,3.03407415204,-0.829310175587,-0.143590898706
0,1,4,291,4.31951823445,3.1543195535,0.000914858440742,-0.0308725351472
1,1,8,291,4.31923285794,3.18693459831,0.000629481925808,0.00174250966402
2,1,16,291,4.31887045052,3.1845564888,0.000267074513363,-0.000635599851267
3,1,32,291,4.31860337601,3.18519208865,0,0
4,2,4,291,3.58139394879,3.04407131937,-0.737209427217,-0.141120769282
5,2,8,291,3.5770182316,3.01253472053,-0.741585144412,-0.172657368114
6,2,16,291,3.57238120599,3.06329762877,-0.746222170019,-0.121894459882
7,2,32,291,3.56875252477,3.06326941354,-0.749850851237,-0.12192267511
8,3,4,291,3.32562286175,3.01161323149,-0.992980514258,-0.17357885716
9,3,8,291,3.32596581069,3.01085485854,-0.992637565321,-0.174337230106
10,3,16,291,3.3304421543,3.06201184699,-0.988161221714,-0.123180241663
11,3,32,291,3.591751235,3.05844081748,-0.726852141008,-0.12675127117
0,1,4,292,3.74120853854,3.14381164521,0.00981210831305,0.00870487286477
1,1,8,292,3.73928379436,3.15518123768,0.00788736413176,0.0200744653374
2,1,16,292,3.7360858044,3.13469895878,0.00468937416778,-0.000407813567281
3,1,32,292,3.73139643023,3.13510677235,0,0
4,2,4,292,3.0283918382,3.2085856215,-0.703004592033,0.0734788491543
5,2,8,292,3.02255009248,3.20122660191,-0.708846337751,0.0661198295662
6,2,16,292,3.01568416679,3.1763588035,-0.71571226344,0.0412520311566
7,2,32,292,3.00948804097,3.13596158388,-0.72190838926,0.000854811531129
8,3,4,292,2.90004462533,3.18441987998,-0.831351804896,0.0493131076355
9,3,8,292,2.87471011796,3.12732223623,-0.856686312269,-0.0077845361149
10,3,16,292,2.86761263872,3.11391347148,-0.863783791514,-0.0211933008687
11,3,32,292,2.86181344575,3.07873291049,-0.869582984484,-0.0563738618526
0,1,4,293,3.921395622,3.1330936137,0.00065880272141,-0.0212573067389
1,1,8,293,3.92114077495,3.15119797551,0.000403955672564,-0.00315294492846
2,1,16,293,3.92085255031,3.15741715208,0.000115731033248,0.00306623164299
3,1,32,293,3.92073681928,3.15435092044,0,0
4,2,4,293,3.14266179679,3.06570501918,-0.778075022486,-0.0886459012592
5,2,8,293,3.14094340046,3.02752073821,-0.779793418817,-0.126830182224
6,2,16,293,3.14069285581,3.06181656895,-0.780043963467,-0.0925343514844
7,2,32,293,3.14309543973,3.05731222141,-0.777641379546,-0.09703869903
8,3,4,293,2.93886800593,3.01465010981,-0.981868813349,-0.13970081063
9,3,8,293,2.93896468047,3.01501144965,-0.981772138806,-0.139339470788
10,3,16,293,2.94327590788,3.04882584731,-0.977460911402,-0.105525073129
11,3,32,293,3.07596819509,3.03948687664,-0.84476862419,-0.114864043796
0,1,4,294,3.87634416739,3.18308576529,0.00465884629788,-0.0125250323177
1,1,8,294,3.87523449786,3.20994392394,0.00354917676728,0.0143331263383
2,1,16,294,3.87359456393,3.18651495139,0.00190924284103,-0.00909584621163
3,1,32,294,3.87168532109,3.19561079761,0,0
4,2,4,294,3.08491049769,3.0977366588,-0.786774823406,-0.0978741388068
5,2,8,294,3.07926284088,3.07913380285,-0.792422480216,-0.116476994752
6,2,16,294,3.07520662056,3.08510997634,-0.796478700535,-0.110500821266
7,2,32,294,3.07454635695,3.11018207156,-0.79713896414,-0.0854287260433
8,3,4,294,2.93868761882,3.09137419222,-0.93299770227,-0.104236605384
9,3,8,294,2.93597487406,3.06708878182,-0.93571044703,-0.128522015784
10,3,16,294,2.9384816529,3.11154150584,-0.933203668193,-0.0840692917653
11,3,32,294,3.10165272488,3.08062552356,-0.770032596214,-0.114985274046
0,1,4,295,4.20087951979,3.26582578778,-0.00152434194358,-0.0393700588128
1,1,8,295,4.20110700925,3.29429059711,-0.00129685247862,-0.0109052494881
2,1,16,295,4.20156044438,3.29470427748,-0.000843417350091,-0.0104915691189
3,1,32,295,4.20240386173,3.3051958466,0,0
4,2,4,295,3.57761785521,3.16893972737,-0.624786006521,-0.136256119223
5,2,8,295,3.57178883746,3.12204692062,-0.630615024274,-0.18314892598
6,2,16,295,3.56705345528,3.16938827408,-0.635350406457,-0.135807572519
7,2,32,295,3.56509803223,3.181868385,-0.637305829501,-0.123327461593
8,3,4,295,3.39485747095,3.12699636737,-0.807546390785,-0.178199479228
9,3,8,295,3.39374428772,3.12587399678,-0.808659574009,-0.179321849817
10,3,16,295,3.39942690621,3.18262838542,-0.802976955526,-0.122567461176
11,3,32,295,3.6730082854,3.16395021567,-0.529395576329,-0.141245630929
0,1,4,296,4.2288377741,3.27346957007,0.00665900538874,-0.0188568924459
1,1,8,296,4.22766126648,3.30748260948,0.00548249776758,0.0151561469657
2,1,16,296,4.22556796391,3.27642848471,0.00338919520493,-0.015897977801
3,1,32,296,4.22217876871,3.29232646251,0,0
4,2,4,296,3.61813281656,3.28406636234,-0.604045952149,-0.00826010017693
5,2,8,296,3.61113069532,3.28155015513,-0.61104807339,-0.0107763073826
6,2,16,296,3.60067263914,3.27818114014,-0.621506129572,-0.0141453223708
7,2,32,296,3.58820689053,3.25217461562,-0.63397187818,-0.0401518468965
8,3,4,296,3.48344274107,3.25848434947,-0.73873602764,-0.0338421130461
9,3,8,296,3.45778423714,3.20868980016,-0.76439453157,-0.0836366623548
10,3,16,296,3.45203218729,3.21566189487,-0.77014658142,-0.0766645676422
11,3,32,296,3.57903765147,3.19609051838,-0.643141117234,-0.0962359441364
0,1,4,297,4.14315536162,3.33960428708,0.0173961060355,0.0129485724188
1,1,8,297,4.13996426477,3.37168236488,0.0142050091838,0.045026650224
2,1,16,297,4.13442249767,3.32450984289,0.00866324208819,-0.0021458717735
3,1,32,297,4.12575925558,3.32665571466,0,0
4,2,4,297,3.66573473364,3.50260962321,-0.460024521946,0.17595390855
5,2,8,297,3.65220278096,3.49912927422,-0.473556474626,0.172473559557
6,2,16,297,3.63367440836,3.45780130655,-0.49208484722,0.131145591887
7,2,32,297,3.61211681686,3.38705175189,-0.513642438727,0.0603960372294
8,3,4,297,3.52481300796,3.50209629286,-0.600946247619,0.175440578205
9,3,8,297,3.47467449836,3.40360342112,-0.651084757219,0.0769477064563
10,3,16,297,3.45826538268,3.36574446178,-0.667493872898,0.0390887471174
11,3,32,297,3.56219883475,3.31358809349,-0.563560420833,-0.0130676211721
0,1,4,298,3.71926819579,3.22590533392,0.00226225678,-0.0315483273851
1,1,8,298,3.71873718681,3.26546386663,0.00173124780286,0.00801020532395
2,1,16,298,3.71794714264,3.26626006302,0.000941203625,0.0088064017099
3,1,32,298,3.71700593901,3.25745366131,0,0
4,2,4,298,2.8145506156,3.10754194049,-0.902455323408,-0.149911720816
5,2,8,298,2.82232740568,3.08024590635,-0.894678533335,-0.177207754957
6,2,16,298,2.8307603933,3.12663472229,-0.886245545706,-0.130818939017
7,2,32,298,2.83873723204,3.14156492341,-0.878268706968,-0.115888737898
8,3,4,298,2.64257742433,3.0557118013,-1.07442851468,-0.201741860008
9,3,8,298,2.64967836665,3.08036328089,-1.06732757236,-0.17709038042
10,3,16,298,2.6579509713,3.12956925631,-1.05905496771,-0.127884404996
11,3,32,298,2.66676079838,3.12861029335,-1.05024514063,-0.128843367961
0,1,4,299,3.84813206697,3.26918208301,0.0129492598379,0.00147471143108
1,1,8,299,3.84577909105,3.28700257457,0.0105962839137,0.0192952029861
2,1,16,299,3.84167046362,3.26465141493,0.00648765648368,-0.00305595665567
3,1,32,299,3.83518280713,3.26770737158,0,0
4,2,4,299,3.29995293576,3.41083833916,-0.53522987137,0.143130967578
5,2,8,299,3.29149254054,3.40365309297,-0.543690266589,0.135945721393
6,2,16,299,3.27973105717,3.36917710418,-0.555451749963,0.101469732595
7,2,32,299,3.26636075986,3.30324599856,-0.568822047269,0.0355386269753
8,3,4,299,3.1842033763,3.38997489024,-0.650979430829,0.122267518659
9,3,8,299,3.14226912166,3.31250136438,-0.692913685477,0.0447939927996
10,3,16,299,3.12996298502,3.28052130505,-0.705219822115,0.0128139334637
11,3,32,299,3.11501877906,3.22831810774,-0.720164028074,-0.0393892638372
0,1,4,300,3.89994339471,3.12826912238,0.00398671566653,-0.0262296921016
1,1,8,300,3.89898731206,3.15380038602,0.00303063302025,-0.000698428462331
2,1,16,300,3.89758131446,3.15426156771,0.0016246354161,-0.000237246764746
3,1,32,300,3.89595667904,3.15449881448,0,0
4,2,4,300,3.08912680735,3.03544548172,-0.806829871689,-0.119053332761
5,2,8,300,3.08615638065,3.01399103033,-0.809800298386,-0.14050778415
6,2,16,300,3.08424755891,3.04049652183,-0.811709120134,-0.114002292651
7,2,32,300,3.08472349873,3.04960764582,-0.811233180311,-0.104891168653
8,3,4,300,2.87611418531,3.02667301918,-1.01984249373,-0.1278257953
9,3,8,300,2.8754212678,3.01681993478,-1.02053541124,-0.137678879694
10,3,16,300,2.87943331621,3.06606406749,-1.01652336284,-0.0884347469834
11,3,32,300,3.00847372976,3.03328334036,-0.887482949282,-0.121215474116
0,1,4,301,3.99323248085,3.27616849864,0.00674655519904,-0.00520137206888
1,1,8,301,3.99198304499,3.29305235082,0.00549711934133,0.011682480111
2,1,16,301,3.98982619226,3.26986466504,0.003340266613,-0.011505205669
3,1,32,301,3.98648592565,3.28136987071,0,0
4,2,4,301,3.47197840176,3.29587430277,-0.514507523887,0.0145044320595
5,2,8,301,3.46438786896,3.27727163794,-0.522098056684,-0.00409823276842
6,2,16,301,3.45529911403,3.28081427782,-0.531186811612,-0.000555592888375
7,2,32,301,3.44629274758,3.25026699852,-0.540193178063,-0.0311028721935
8,3,4,301,3.39947397838,3.272673219,-0.587011947266,-0.00869665171329
9,3,8,301,3.37491483843,3.22048826651,-0.611571087214,-0.0608816042013
10,3,16,301,3.37112645014,3.24148121609,-0.615359475509,-0.0398886546193
11,3,32,301,3.48462931255,3.1998336252,-0.501856613099,-0.0815362455113
0,1,4,302,4.27421263905,3.19147597963,-0.00183240911766,-0.039484771728
1,1,8,302,4.27449603258,3.21605573968,-0.00154901559247,-0.0149050116751
2,1,16,302,4.27504694087,3.21447439734,-0.00099810730634,-0.0164863540144
3,1,32,302,4.27604504817,3.23096075135,0,0
4,2,4,302,3.63524923629,3.06164048553,-0.640795811882,-0.169320265827
5,2,8,302,3.62988920834,3.03403052248,-0.646155839831,-0.196930228879
6,2,16,302,3.62463378322,3.08405026582,-0.651411264951,-0.146910485538
7,2,32,302,3.62116616248,3.0944104132,-0.654878885697,-0.136550338154
8,3,4,302,3.46709287792,3.03420861401,-0.808952170248,-0.19675213734
9,3,8,302,3.46662702413,3.02812617694,-0.809418024039,-0.202834574413
10,3,16,302,3.4726276314,3.09715863568,-0.803417416767,-0.13380211567
11,3,32,302,3.72466890805,3.07825794392,-0.551376140119,-0.152702807438
0,1,4,303,4.21824975616,3.19647777277,0.00815733208132,-0.0232654586606
1,1,8,303,4.21671167196,3.23086049083,0.00661924788536,0.0111172593978
2,1,16,303,4.2140869603,3.20662946092,0.00399453622616,-0.0131137705141
3,1,32,303,4.21009242408,3.21974323143,0,0
4,2,4,303,3.55344043046,3.15823623394,-0.656651993619,-0.0615069974939
5,2,8,303,3.54771324788,3.16944297238,-0.662379176191,-0.0503002590533
6,2,16,303,3.53824523083,3.17760615674,-0.671847193248,-0.0421370746906
7,2,32,303,3.52621691634,3.15531255364,-0.683875507738,-0.0644306777924
8,3,4,303,3.39028686187,3.16433573617,-0.819805562206,-0.05540749526
9,3,8,303,3.36899885349,3.11730626231,-0.841093570591,-0.102436969117
10,3,16,303,3.3653160933,3.14826976883,-0.844776330778,-0.071473462603
11,3,32,303,3.47315598029,3.11434207042,-0.736936443784,-0.105401161006
0,1,4,304,3.7722001564,3.48834889861,0.0161490654094,-0.00351161921315
1,1,8,304,3.76931556786,3.52804560567,0.0132644768736,0.0361850878469
2,1,16,304,3.7642180314,3.49609153452,0.00816694041168,0.00423101669437
3,1,32,304,3.75605109099,3.49186051782,0,0
4,2,4,304,3.28436777981,3.65193623981,-0.471683311177,0.160075721988
5,2,8,304,3.2785199766,3.62929280591,-0.47753111439,0.137432288087
6,2,16,304,3.26891975548,3.60071078543,-0.487131335509,0.108850267604
7,2,32,304,3.25591854915,3.54224982378,-0.500132541843,0.0503893059535
8,3,4,304,3.19477705567,3.62603363895,-0.561274035319,0.13417312113
9,3,8,304,3.14942706191,3.55592060902,-0.606624029085,0.0640600911945
10,3,16,304,3.13746232581,3.52410310964,-0.618588765176,0.0322425918184
11,3,32,304,3.12069408141,3.46585483001,-0.635357009578,-0.0260056878145
0,1,4,305,4.29308949221,3.19667367592,0.00759092405159,-0.0209510751544
1,1,8,305,4.29162449255,3.22050535531,0.00612592439054,0.00288060424132
2,1,16,305,4.28916235929,3.20245022257,0.00366379112907,-0.0151745285026
3,1,32,305,4.28549856816,3.21762475107,0,0
4,2,4,305,3.73285629789,3.2114000675,-0.552642270269,-0.00622468357279
5,2,8,305,3.71932860866,3.20233383977,-0.566169959493,-0.015290911297
6,2,16,305,3.70353217945,3.19810800702,-0.581966388704,-0.0195167440548
7,2,32,305,3.6884502353,3.17036624441,-0.597048332863,-0.0472585066606
8,3,4,305,3.5350893373,3.21856703218,-0.750409230856,0.000942281112829
9,3,8,305,3.50844180515,3.15635564167,-0.777056763012,-0.0612691093995
10,3,16,305,3.50198849903,3.17316141327,-0.783510069123,-0.0444633377983
11,3,32,305,3.71990994188,3.12399761802,-0.56558862628,-0.0936271330513
0,1,4,306,4.15794576999,3.09803517225,0.00333889065293,-0.0149201572982
1,1,8,306,4.15715440945,3.13257740833,0.00254753011952,0.0196220787749
2,1,16,306,4.15598161827,3.11269454648,0.00137473893572,-0.000260783068365
3,1,32,306,4.15460687933,3.11295532955,0,0
4,2,4,306,3.29571084979,2.94801814833,-0.858896029541,-0.164937181218
5,2,8,306,3.29662296119,2.94452153913,-0.857983918146,-0.168433790418
6,2,16,306,3.29640568659,2.98908329823,-0.85820119274,-0.123872031321
7,2,32,306,3.29516276588,2.99531746818,-0.859444113455,-0.117637861372
8,3,4,306,3.10187892627,2.92795066582,-1.05272795306,-0.185004663734
9,3,8,306,3.10568534145,2.92558467386,-1.04892153788,-0.187370655695
10,3,16,306,3.11100222658,2.98538351889,-1.04360465275,-0.127571810662
11,3,32,306,3.25648395768,2.99065010857,-0.898122921653,-0.122305220984
0,1,4,307,3.8675380871,3.17009249722,0.0135897478514,0.00555851167196
1,1,8,307,3.86479906646,3.18945847782,0.0108507272156,0.0249244922766
2,1,16,307,3.86031997064,3.16869619025,0.00637163139604,0.00416220470554
3,1,32,307,3.85394833925,3.16453398555,0,0
4,2,4,307,3.21179078028,3.21395784597,-0.642157558971,0.0494238604235
5,2,8,307,3.20143342301,3.20264047011,-0.652514916241,0.0381064845608
6,2,16,307,3.19017889115,3.18749859518,-0.663769448093,0.0229646096334
7,2,32,307,3.18017271535,3.1544516755,-0.673775623896,-0.0100823100514
8,3,4,307,3.02877348964,3.23547283424,-0.825174849611,0.0709388486972
9,3,8,307,3.00284533366,3.16992998313,-0.851103005588,0.00539599758396
10,3,16,307,2.99605688566,3.18048992252,-0.857891453588,0.0159559369745
11,3,32,307,3.10131526371,3.11498343102,-0.752633075538,-0.0495505545266
0,1,4,308,3.97645862303,3.16222586034,0.0104068382085,-0.0117707986209
1,1,8,308,3.97439457898,3.18471977697,0.00834279415938,0.0107231180058
2,1,16,308,3.97098744339,3.17238771457,0.00493565856446,-0.00160894438698
3,1,32,308,3.96605178483,3.17399665896,0,0
4,2,4,308,3.29042123619,3.21425706698,-0.675630548636,0.04026040802
5,2,8,308,3.28017069273,3.20267027081,-0.68588109209,0.0286736118474
6,2,16,308,3.26861754355,3.18406527274,-0.69743424128,0.0100686137825
7,2,32,308,3.25825403112,3.15179135539,-0.707797753701,-0.0222053035656
8,3,4,308,3.06742912025,3.21593381686,-0.898622664578,0.0419371579043
9,3,8,308,3.04148240448,3.15809574889,-0.924569380344,-0.0159009100742
10,3,16,308,3.03407628139,3.15380001103,-0.931975503437,-0.0201966479297
11,3,32,308,3.14142828053,3.1033498755,-0.82462350429,-0.0706467834581
0,1,4,309,4.20687529867,3.17491223151,0.0107159372276,0.0176686705167
1,1,8,309,4.20475445271,3.18810544578,0.00859509126741,0.0308618847853
2,1,16,309,4.20124702914,3.15778311163,0.00508766770418,0.000539550633808
3,1,32,309,4.19615936144,3.157243561,0,0
4,2,4,309,3.67095292221,3.24389676289,-0.525206439228,0.0866532018955
5,2,8,309,3.6560006065,3.21953387284,-0.540158754939,0.0622903118442
6,2,16,309,3.63960252842,3.21005738965,-0.556556833023,0.0528138286531
7,2,32,309,3.62468045615,3.16020560069,-0.57147890529,0.00296203969577
8,3,4,309,3.48844289695,3.2356193529,-0.707716464491,0.0783757919064
9,3,8,309,3.45871797919,3.16249450952,-0.737441382256,0.00525094851816
10,3,16,309,3.44979447199,3.15962406675,-0.746364889455,0.00238050574975
11,3,32,309,3.68697793311,3.12012780373,-0.509181428332,-0.0371157572696
0,1,4,310,3.97822994081,3.59596933648,0.0272604624269,0.00585542083893
1,1,8,310,3.97344627594,3.63876825134,0.0224767975584,0.0486543356983
2,1,16,310,3.96489312191,3.59157344245,0.0139236435232,0.00145952681018
3,1,32,310,3.95096947838,3.59011391564,0,0
4,2,4,310,3.75766154359,3.94957803921,-0.193307934793,0.359464123568
5,2,8,310,3.7415304437,3.94665126496,-0.209439034682,0.356537349317
6,2,16,310,3.71683521551,3.86882381483,-0.234134262879,0.278709899188
7,2,32,310,3.68509373174,3.7463808131,-0.265875746642,0.156266897454
8,3,4,310,3.65753986886,3.96296951268,-0.293429609522,0.372855597037
9,3,8,310,3.57249796215,3.82134029323,-0.378471516234,0.231226377585
10,3,16,310,3.54478769323,3.73418360924,-0.406181785158,0.144069693594
11,3,32,310,3.50723158018,3.63064300585,-0.443737898204,0.0405290902135
0,1,4,311,3.72683092819,3.16942579336,0.00339944967374,-0.0222300004859
1,1,8,311,3.72604206679,3.19980635507,0.00261058827887,0.00815056123078
2,1,16,311,3.72485768957,3.1948613365,0.00142621105287,0.00320554265896
3,1,32,311,3.72343147851,3.19165579384,0,0
4,2,4,311,2.86981159275,3.02021738147,-0.853619885761,-0.171438412369
5,2,8,311,2.87632899791,3.00860650102,-0.847102480601,-0.183049292824
6,2,16,311,2.88311634978,3.05786209091,-0.840315128737,-0.133793702932
7,2,32,311,2.88923770688,3.07091840846,-0.834193771635,-0.120737385384
8,3,4,311,2.74891589836,2.99673136093,-0.974515580152,-0.194924432909
9,3,8,311,2.7553108559,3.00770912613,-0.968120622611,-0.183946667707
10,3,16,311,2.76408174721,3.0796877759,-0.959349731305,-0.111968017939
11,3,32,311,2.76940502435,3.0622657577,-0.954026454165,-0.129390036143
0,1,4,312,3.99502162851,3.26020452251,0.00128923875359,-0.0263006760105
1,1,8,312,3.99468065405,3.29713371483,0.000948264291129,0.0106285163084
2,1,16,312,3.99420532234,3.28432816046,0.000472932583693,-0.00217703806779
3,1,32,312,3.99373238976,3.28650519853,0,0
4,2,4,312,3.23147812766,3.13694671701,-0.762254262095,-0.149558481516
5,2,8,312,3.23256175848,3.10549729947,-0.76117063128,-0.181007899053
6,2,16,312,3.23418907415,3.15209395753,-0.75954331561,-0.134411240996
7,2,32,312,3.23639970255,3.17050429353,-0.757332687213,-0.116000905
8,3,4,312,3.08422791783,3.09504665878,-0.909504471933,-0.19145853975
9,3,8,312,3.08772570603,3.10281945446,-0.90600668373,-0.183685744069
10,3,16,312,3.09479858016,3.1617944467,-0.898933809602,-0.12471075182
11,3,32,312,3.25107331809,3.15658213005,-0.74265907167,-0.129923068474
0,1,4,313,3.76105216777,3.21205308156,0.0112026349245,0.00470524306968
1,1,8,313,3.75888124665,3.23385789336,0.00903171380254,0.0265100548761
2,1,16,313,3.75524309458,3.20182777892,0.00539356173591,-0.00552005956555
3,1,32,313,3.74984953284,3.20734783849,0,0
4,2,4,313,3.06154349378,3.25200274519,-0.688306039064,0.0446549067068
5,2,8,313,3.05656408487,3.25446035367,-0.693285447974,0.0471125151877
6,2,16,313,3.04977410831,3.22990105125,-0.700075424532,0.0225532127591
7,2,32,313,3.0423817893,3.20184086466,-0.707467743547,-0.00550697382927
8,3,4,313,2.96901372369,3.24361410101,-0.780835809156,0.0362662625247
9,3,8,313,2.94310069068,3.1839615076,-0.806748842163,-0.0233863308841
10,3,16,313,2.93658541086,3.18406158532,-0.813264121985,-0.0232862531645
11,3,32,313,2.92818621263,3.14261701718,-0.821663320211,-0.0647308213051
0,1,4,314,3.84951774958,3.35143702204,0.0143663620645,0.00308630325122
1,1,8,314,3.84693785818,3.37928504647,0.0117864706575,0.0309343276857
2,1,16,314,3.84239726863,3.35187917054,0.00724588111094,0.00352845175498
3,1,32,314,3.83515138752,3.34835071879,0,0
4,2,4,314,3.30955811107,3.51107263296,-0.525593276446,0.16272191417
5,2,8,314,3.3027324306,3.49581028637,-0.532418956916,0.14745956758
6,2,16,314,3.29215915937,3.46480131031,-0.542992228152,0.116450591522
7,2,32,314,3.27880875125,3.39603897638,-0.556342636271,0.0476882575921
8,3,4,314,3.18981821982,3.47884254256,-0.645333167699,0.130491823771
9,3,8,314,3.1462932077,3.40639956034,-0.688858179814,0.0580488415538
10,3,16,314,3.13358033562,3.36681847594,-0.701571051895,0.0184677571515
11,3,32,314,3.11851469944,3.3219577132,-0.716636688078,-0.0263930055906
0,1,4,315,4.11522184608,3.14762563984,0.0110260624447,-0.0066462516422
1,1,8,315,4.11305778077,3.17483594611,0.00886199713669,0.0205640546236
2,1,16,315,4.10946065044,3.14721953956,0.00526486680924,-0.00705235192907
3,1,32,315,4.10419578364,3.15427189149,0,0
4,2,4,315,3.41500779707,3.17699430059,-0.689187986562,0.0227224091025
5,2,8,315,3.40492305633,3.18254654975,-0.699272727308,0.0282746582619
6,2,16,315,3.39214301384,3.16202225487,-0.712052769791,0.00775036337915
7,2,32,315,3.37894392373,3.13107596626,-0.725251859908,-0.023195925224
8,3,4,315,3.21259640007,3.1861260161,-0.891599383566,0.0318541246111
9,3,8,315,3.18573036031,3.12139237523,-0.91846542333,-0.0328795162558
10,3,16,315,3.17753302257,3.12121713116,-0.926662761069,-0.0330547603299
11,3,32,315,3.29308174888,3.08128653148,-0.811114034756,-0.0729853600086
0,1,4,316,3.85683999015,3.39984678486,0.0195429063,0.0068761122567
1,1,8,316,3.85333884847,3.42488543196,0.0160417646194,0.0319147593527
2,1,16,316,3.847166229,3.38907567036,0.00986914514929,-0.00389500224553
3,1,32,316,3.83729708385,3.3929706726,0,0
4,2,4,316,3.44582953504,3.65798834473,-0.391467548814,0.265017672127
5,2,8,316,3.43186365691,3.65297524201,-0.405433426938,0.26000456941
6,2,16,316,3.41279688417,3.58382465204,-0.424500199684,0.190853979439
7,2,32,316,3.39088336149,3.49474973745,-0.446413722356,0.101779064841
8,3,4,316,3.33904749547,3.65365352674,-0.498249588381,0.260682854134
9,3,8,316,3.27578177526,3.53921735318,-0.561515308594,0.146246680575
10,3,16,316,3.25495820136,3.47160111044,-0.582338882491,0.0786304378399
11,3,32,316,3.22997461338,3.39300619885,-0.607322470469,3.55262485816e-05
0,1,4,317,3.80624085905,3.34573320818,0.0117682741673,-0.0039667270045
1,1,8,317,3.80416990338,3.36361809179,0.00969731849931,0.0139181566088
2,1,16,317,3.80047696665,3.34038332459,0.00600438176443,-0.00931661059618
3,1,32,317,3.79447258488,3.34969993518,0,0
4,2,4,317,3.32339331059,3.50408546429,-0.471079274296,0.154385529101
5,2,8,317,3.31434749102,3.49034906557,-0.480125093859,0.140649130384
6,2,16,317,3.30228802016,3.45104846556,-0.492184564718,0.101348530375
7,2,32,317,3.28904574771,3.38956525974,-0.505426837171,0.0398653245539
8,3,4,317,3.24953062255,3.47393510594,-0.544941962333,0.124235170752
9,3,8,317,3.20496209672,3.39486778452,-0.589510488163,0.0451678493337
10,3,16,317,3.19249362072,3.36017155356,-0.601978964167,0.0104716183759
11,3,32,317,3.17631467884,3.30346089358,-0.618157906043,-0.0462390416055
0,1,4,318,4.32004865552,3.42935409362,0.0126500965873,-0.0211977193398
1,1,8,318,4.31782470887,3.46673497203,0.0104261499366,0.016183159063
2,1,16,318,4.31385256049,3.43857496067,0.00645400155247,-0.0119768522977
3,1,32,318,4.30739855893,3.45055181296,0,0
4,2,4,318,3.95373287947,3.56592978848,-0.353665679463,0.11537797552
5,2,8,318,3.93776411543,3.5435287111,-0.369634443506,0.0929768981385
6,2,16,318,3.91745157026,3.52186783111,-0.38994698867,0.0713160181512
7,2,32,318,3.89540165825,3.46658988684,-0.411996900684,0.016038073873
8,3,4,318,3.78353589958,3.56204785034,-0.523862659353,0.111496037372
9,3,8,318,3.73618556747,3.47798878738,-0.571212991466,0.0274369744129
10,3,16,318,3.72289854082,3.45942808813,-0.584500018114,0.00887627516189
11,3,32,318,3.93049170744,3.39576785303,-0.376906851494,-0.0547839599293
0,1,4,319,4.10858190202,3.43965923813,0.0196736311009,-0.000788689844554
1,1,8,319,4.10506845367,3.47268501359,0.0161601827481,0.0322370856156
2,1,16,319,4.09885875388,3.43152052967,0.00995048295979,-0.00892739830263
3,1,32,319,4.08890827092,3.44044792797,0,0
4,2,4,319,3.77088852918,3.67166700213,-0.318019741742,0.231219074158
5,2,8,319,3.75387599,3.66777881059,-0.335032280922,0.227330882617
6,2,16,319,3.73092629138,3.60920810808,-0.357981979541,0.168760180108
7,2,32,319,3.7045839525,3.52558262502,-0.384324318422,0.0851346970459
8,3,4,319,3.64641466594,3.68483780702,-0.44249360498,0.24438987905
9,3,8,319,3.58219735756,3.56617318173,-0.506710913363,0.12572525376
10,3,16,319,3.56161257693,3.51501319346,-0.527295693996,0.0745652654859
11,3,32,319,3.63864001952,3.43084102379,-0.450268251404,-0.0096069041795
0,1,4,320,4.33606581603,3.27879157632,0.00862260913831,-0.0213002759627
1,1,8,320,4.33443840971,3.31401845494,0.00699520282347,0.0139266026566
2,1,16,320,4.33166302447,3.29090213549,0.00421981757886,-0.00918971679042
3,1,32,320,4.32744320689,3.30009185228,0,0
4,2,4,320,3.78359016938,3.3011123681,-0.543853037514,0.0010205158147
5,2,8,320,3.77135642843,3.2831434192,-0.556086778465,-0.0169484330828
6,2,16,320,3.75646773348,3.28548365289,-0.570975473409,-0.0146081993928
7,2,32,320,3.74124771946,3.2582427476,-0.586195487434,-0.0418491046805
8,3,4,320,3.57386593153,3.298610585,-0.753577275358,-0.00148126728703
9,3,8,320,3.54692460591,3.24325748095,-0.780518600986,-0.056834371332
10,3,16,320,3.54057742155,3.25639811225,-0.786865785344,-0.043693740033
11,3,32,320,3.78007547272,3.21545121385,-0.547367734168,-0.0846406384319
0,1,4,321,3.71367039186,3.22207612404,0.0182927920895,0.021329529619
1,1,8,321,3.71016241094,3.23645147263,0.0147848111675,0.0357048782109
2,1,16,321,3.70424342218,3.20557647624,0.0088658224047,0.00482988181651
3,1,32,321,3.69537759977,3.20074659442,0,0
4,2,4,321,3.13797103866,3.37241686339,-0.557406561116,0.171670268975
5,2,8,321,3.12711477968,3.37131857886,-0.568262820089,0.170571984439
6,2,16,321,3.11357787178,3.32507100616,-0.581799727992,0.124324411744
7,2,32,321,3.09933327033,3.25866937327,-0.596044329445,0.0579227788529
8,3,4,321,3.01614011752,3.38845832617,-0.679237482257,0.187711731754
9,3,8,321,2.97241134644,3.29383081275,-0.722966253336,0.0930842183345
10,3,16,321,2.95856612426,3.26654850559,-0.73681147551,0.0658019111731
11,3,32,321,2.94253233582,3.19098497061,-0.752845263955,-0.00976162381189
0,1,4,322,3.7719944527,3.37146185736,0.0139971827918,0.00278734593888
1,1,8,322,3.76947664447,3.39496829001,0.0114793745698,0.026293778587
2,1,16,322,3.76504980836,3.37003589164,0.00705253845988,0.0013613802244
3,1,32,322,3.7579972699,3.36867451142,0,0
4,2,4,322,3.27056645683,3.53587597738,-0.487430813075,0.167201465957
5,2,8,322,3.26291101319,3.51547433317,-0.495086256714,0.146799821747
6,2,16,322,3.2522354605,3.48279220375,-0.505761809404,0.114117692326
7,2,32,322,3.23974988032,3.41730345466,-0.518247389582,0.0486289432351
8,3,4,322,3.17591602899,3.50572460722,-0.582081240917,0.137050095795
9,3,8,322,3.13205918687,3.4312516408,-0.625938083036,0.0625771293844
10,3,16,322,3.11981936689,3.395715988,-0.638177903009,0.0270414765749
11,3,32,322,3.10460145831,3.34052037994,-0.65339581159,-0.0281541314769
0,1,4,323,3.97676588631,3.37324579235,0.00636590291118,-0.0272389289835
1,1,8,323,3.97563497333,3.40553256047,0.00523498993143,0.00504783913529
2,1,16,323,3.97362945261,3.39488522957,0.00322946920613,-0.00559949176445
3,1,32,323,3.9703999834,3.40048472133,0,0
4,2,4,323,3.42952233429,3.40536517327,-0.540877649107,0.00488045193387
5,2,8,323,3.42384945825,3.37092462999,-0.546550525148,-0.0295600913443
6,2,16,323,3.41688020093,3.38102176701,-0.553519782466,-0.0194629543233
7,2,32,323,3.40972795145,3.35807867119,-0.560672031948,-0.0424060501415
8,3,4,323,3.2952559046,3.36993769655,-0.675144078805,-0.0305470247803
9,3,8,323,3.27202531079,3.33590137335,-0.69837467261,-0.0645833479833
10,3,16,323,3.26920328893,3.34947646089,-0.701196694467,-0.0510082604453
11,3,32,323,3.38614979647,3.30863821333,-0.584250186926,-0.0918465080017
0,1,4,324,4.0260672631,3.37796478922,0.018195687464,0.00389199531286
1,1,8,324,4.02269651841,3.41257567541,0.0148249427755,0.0385028815058
2,1,16,324,4.0168801503,3.37412160629,0.00900857465929,4.88123858098e-05
3,1,32,324,4.00787157564,3.3740727939,0,0
4,2,4,324,3.54426250123,3.56252480382,-0.463609074403,0.188452009916
5,2,8,324,3.52956168883,3.54897432549,-0.478309886807,0.174901531589
6,2,16,324,3.51089390238,3.50030159119,-0.496977673253,0.126228797282
7,2,32,324,3.49058442242,3.43671405063,-0.517287153221,0.0626412567266
8,3,4,324,3.37531612172,3.5684120846,-0.632555453918,0.194339290692
9,3,8,324,3.32439214334,3.47110047036,-0.683479432293,0.097027676458
10,3,16,324,3.30774379959,3.42828836375,-0.700127776045,0.0542155698461
11,3,32,324,3.41069260434,3.35999780255,-0.597178971298,-0.0140749913581
0,1,4,325,3.99273070061,3.33169600805,0.00801659739763,-0.00222372616781
1,1,8,325,3.99125750719,3.35678408804,0.0065434039721,0.0228643538252
2,1,16,325,3.98870244314,3.33105690081,0.0039883399268,-0.00286283340502
3,1,32,325,3.98471410322,3.33391973422,0,0
4,2,4,325,3.45101618418,3.38760192875,-0.533697919038,0.0536821945358
5,2,8,325,3.44375300705,3.35652063814,-0.540961096166,0.022600903922
6,2,16,325,3.43503243347,3.35639913844,-0.549681669745,0.0224794042233
7,2,32,325,3.42615796726,3.32161317212,-0.55855613596,-0.0123065620977
8,3,4,325,3.34259019047,3.3479905545,-0.642123912751,0.0140708202858
9,3,8,325,3.31625526869,3.29993505296,-0.668458834531,-0.0339846812581
10,3,16,325,3.31099401719,3.30129895421,-0.673720086029,-0.0326207800083
11,3,32,325,3.43771286982,3.27038830458,-0.547001233395,-0.0635314296366
0,1,4,326,4.14323672281,3.20282520553,0.0100448600942,-0.00170797064494
1,1,8,326,4.1413094091,3.23146281186,0.00811754638082,0.0269296356806
2,1,16,326,4.13805742412,3.19874540078,0.00486556140918,-0.00578777539356
3,1,32,326,4.13319186271,3.20453317618,0,0
4,2,4,326,3.50169369252,3.20264220134,-0.631498170192,-0.00189097484154
5,2,8,326,3.49472277901,3.20433753537,-0.638469083701,-0.00019564080558
6,2,16,326,3.48461996144,3.20509066747,-0.648571901275,0.000557491297082
7,2,32,326,3.47263348817,3.17250663848,-0.660558374543,-0.0320265377016
8,3,4,326,3.35712017736,3.20009056013,-0.776071685352,-0.00444261604266
9,3,8,326,3.33304734875,3.14465027968,-0.800144513969,-0.059882896496
10,3,16,326,3.32759660321,3.16225800485,-0.805595259509,-0.0422751713256
11,3,32,326,3.44429550119,3.13116015469,-0.688896361527,-0.073373021491
0,1,4,327,4.29533557194,3.2413651946,0.00747666404529,0.00256351827104
1,1,8,327,4.29392938539,3.25852998831,0.00607047749416,0.0197283119806
2,1,16,327,4.29152838184,3.23002085751,0.00366947394579,-0.00878081881919
3,1,32,327,4.28785890789,3.23880167633,0,0
4,2,4,327,3.79801662268,3.32647041322,-0.489842285217,0.0876687368917
5,2,8,327,3.78238387754,3.29588793313,-0.505475030349,0.0570862567928
6,2,16,327,3.76512746919,3.281568035,-0.522731438704,0.0427663586704
7,2,32,327,3.74950003502,3.23670875185,-0.538358872871,-0.00209292448403
8,3,4,327,3.6220318569,3.29532153832,-0.665827050991,0.0565198619848
9,3,8,327,3.59030396268,3.22624877666,-0.697554945212,-0.0125528996691
10,3,16,327,3.58080448201,3.21136354851,-0.70705442588,-0.0274381278282
11,3,32,327,3.8378279154,3.18239678959,-0.450030992493,-0.0564048867392
0,1,4,328,4.51918584289,3.27122521478,0.00752310513017,-0.0125941760108
1,1,8,328,4.51776446393,3.29814808125,0.00610172617101,0.0143286904553
2,1,16,328,4.51534309106,3.27728844909,0.00368035330441,-0.00653094170597
3,1,32,328,4.51166273776,3.28381939079,0,0
4,2,4,328,4.06346582463,3.33771003072,-0.448196913124,0.0538906399289
5,2,8,328,4.04531703234,3.29844443533,-0.466345705416,0.0146250445388
6,2,16,328,4.02522652761,3.30045463785,-0.486436210153,0.0166352470546
7,2,32,328,4.00671544977,3.25890130968,-0.504947287986,-0.0249180811145
8,3,4,328,3.81330052494,3.32051491276,-0.698362212815,0.0366955219645
9,3,8,328,3.78258700207,3.25678220878,-0.729075735683,-0.0270371820155
10,3,16,328,3.77393432222,3.25445365043,-0.737728415539,-0.0293657403639
11,3,32,328,4.13535986601,3.21820737403,-0.376302871746,-0.0656120167612
0,1,4,329,3.75413884907,3.29069777675,0.0115360224894,0.000644956869355
1,1,8,329,3.75193715863,3.32203320487,0.00933433205267,0.0319803849806
2,1,16,329,3.74820983655,3.2908310844,0.00560700996972,0.000778264510784
3,1,32,329,3.74260282658,3.29005281988,0,0
4,2,4,329,3.0679313171,3.31736047096,-0.67467150948,0.0273076510746
5,2,8,329,3.06593451704,3.31080130413,-0.676668309542,0.0207484842495
6,2,16,329,3.06192258359,3.30268217433,-0.680680242993,0.0126293544477
7,2,32,329,3.05611522195,3.27691370588,-0.686487604636,-0.013139114001
8,3,4,329,2.97756298209,3.30139690782,-0.765039844488,0.0113440879367
9,3,8,329,2.95406409297,3.25504775002,-0.788538733607,-0.0350050698608
10,3,16,329,2.94962274274,3.26394815504,-0.792980083842,-0.0261046648404
11,3,32,329,2.94202668334,3.22624870558,-0.800576143241,-0.0638041143092
0,1,4,330,4.17334979906,3.38988321161,0.0157005707668,0.00587696443638
1,1,8,330,4.17064405808,3.41427722049,0.0129948297865,0.030270973318
2,1,16,330,4.16575113362,3.38243955518,0.00810190533147,-0.00156669199515
3,1,32,330,4.15764922829,3.38400624717,0,0
4,2,4,330,3.82398609051,3.62913850848,-0.333663137779,0.245132261307
5,2,8,330,3.80976010226,3.61060189681,-0.347889126035,0.226595649637
6,2,16,330,3.78981082894,3.56912745429,-0.367838399353,0.185121207117
7,2,32,330,3.76627407589,3.46761821807,-0.3913751524,0.0836119708949
8,3,4,330,3.68453768427,3.59552759726,-0.473111544025,0.211521350088
9,3,8,330,3.62459609883,3.49431553481,-0.533053129459,0.110309287634
10,3,16,330,3.60532331317,3.43050582883,-0.55232591512,0.0464995816523
11,3,32,330,3.68242144504,3.38019584009,-0.475227783248,-0.00381040708205
0,1,4,331,4.02903027682,3.52241629428,0.00846994211215,-0.0450611056953
1,1,8,331,4.02755192103,3.58581361402,0.00699158632412,0.0183362140427
2,1,16,331,4.02489784083,3.58084829823,0.00433750612487,0.0133708982486
3,1,32,331,4.02056033471,3.56747739998,0,0
4,2,4,331,3.41990663533,3.53878697936,-0.600653699377,-0.0286904206143
5,2,8,331,3.42044516146,3.48711398349,-0.600115173251,-0.080363416489
6,2,16,331,3.41876789418,3.52599500965,-0.60179244053,-0.0414823903222
7,2,32,331,3.41395814393,3.50845088199,-0.606602190781,-0.059026517988
8,3,4,331,3.20140566947,3.49077222138,-0.819154665238,-0.076705178598
9,3,8,331,3.1830046666,3.48881059391,-0.837555668112,-0.0786668060659
10,3,16,331,3.18300864675,3.50602806407,-0.83755168796,-0.0614493359071
11,3,32,331,3.30849137583,3.47870313425,-0.712068958875,-0.0887742657282
0,1,4,332,3.76706798766,3.22080761299,0.0107023725078,-0.00906148689812
1,1,8,332,3.76498469344,3.24509718793,0.00861907829417,0.0152280880372
2,1,16,332,3.76150148117,3.21874725619,0.00513586602367,-0.0111218437012
3,1,32,332,3.75636561515,3.22986909989,0,0
4,2,4,332,3.08601335356,3.21747319258,-0.670352261594,-0.0123959073108
5,2,8,332,3.08164550028,3.22695119156,-0.674720114872,-0.00291790833304
6,2,16,332,3.07533730237,3.2128477727,-0.681028312781,-0.0170213271931
7,2,32,332,3.06817415285,3.19617726136,-0.688191462298,-0.0336918385284
8,3,4,332,3.00486347175,3.2302202262,-0.751502143396,0.000351126308333
9,3,8,332,2.98166573741,3.17425946594,-0.77469987774,-0.0556096339477
10,3,16,332,2.9776019801,3.19939262131,-0.778763635048,-0.0304764785784
11,3,32,332,2.96804629518,3.1419351592,-0.788319319975,-0.0879339406959
0,1,4,333,3.78059547531,3.12716691955,-0.00299366965126,-0.0161822060543
1,1,8,333,3.78112767915,3.13847807144,-0.00246146581209,-0.00487105415844
2,1,16,333,3.78207493056,3.14251905818,-0.00151421440283,-0.000830067416609
3,1,32,333,3.78358914496,3.1433491256,0,0
4,2,4,333,2.97958900497,3.02213350681,-0.80400013999,-0.121215618794
5,2,8,333,2.98577453775,2.99320412374,-0.797814607204,-0.150145001859
6,2,16,333,2.99290481342,3.04210428787,-0.790684331535,-0.101244837732
7,2,32,333,3.00065187856,3.03485359439,-0.782937266402,-0.108495531214
8,3,4,333,2.88514007371,2.93755783315,-0.89844907125,-0.205791292454
9,3,8,333,2.89074983808,2.95448494857,-0.892839306876,-0.188864177032
10,3,16,333,2.89869406737,2.99836971132,-0.884895077592,-0.144979414279
11,3,32,333,2.90682701768,3.01388952467,-0.876762127283,-0.129459600928
0,1,4,334,4.02653938715,3.39123757988,0.0130134330372,-0.00979232130639
1,1,8,334,4.02420676779,3.4206428857,0.0106808136766,0.0196129845123
2,1,16,334,4.020093149,3.39590149144,0.00656719489144,-0.0051284097457
3,1,32,334,4.01352595411,3.40102990119,0,0
4,2,4,334,3.60044632563,3.50138234413,-0.413079628482,0.100352442943
5,2,8,334,3.59046176827,3.48324032035,-0.423064185847,0.0822104191634
6,2,16,334,3.57683164195,3.47087953628,-0.436694312163,0.0698496350895
7,2,32,334,3.56098523518,3.4149652455,-0.45254071893,0.0139353443067
8,3,4,334,3.49156034657,3.49392788997,-0.521965607542,0.0928979887788
9,3,8,334,3.45012224263,3.42070168075,-0.563403711478,0.0196717795627
10,3,16,334,3.44008752133,3.41576363218,-0.573438432779,0.0147337309936
11,3,32,334,3.52907783091,3.35125805893,-0.484448123203,-0.0497718422539
0,1,4,335,4.34630252094,3.2770643913,0.00725962137176,-0.00659779254601
1,1,8,335,4.3449687974,3.30559223731,0.00592589783026,0.0219300534632
2,1,16,335,4.34265535575,3.28206104468,0.00361245618004,-0.00160113915991
3,1,32,335,4.33904289957,3.28366218384,0,0
4,2,4,335,3.82306857879,3.31765467657,-0.515974320782,0.0339924927242
5,2,8,335,3.81237640044,3.28592488439,-0.526666499124,0.00226270054159
6,2,16,335,3.79924241578,3.29893997397,-0.539800483788,0.0152777901235
7,2,32,335,3.78554608692,3.25579720561,-0.553496812651,-0.0278649782328
8,3,4,335,3.63016060047,3.28292911951,-0.708882299098,-0.000733064335365
9,3,8,335,3.6041283498,3.23440919645,-0.734914549771,-0.0492529873927
10,3,16,335,3.59812451038,3.23816183079,-0.740918389185,-0.0455003530552
11,3,32,335,3.84277270562,3.21802351331,-0.496270193945,-0.0656386705395
0,1,4,336,4.16924535228,3.18880135934,-7.3303459831e-05,-0.0401379734328
1,1,8,336,4.1691682314,3.23086950609,-0.000150424339379,0.0019301733178
2,1,16,336,4.16913789321,3.21192355587,-0.000180762530792,-0.017015776907
3,1,32,336,4.16931865574,3.22893933278,0,0
4,2,4,336,3.30903864886,3.06672759059,-0.860280006878,-0.162211742181
5,2,8,336,3.30690985838,3.05747846171,-0.862408797363,-0.17146087107
6,2,16,336,3.30441356682,3.0761970975,-0.864905088923,-0.15274223528
7,2,32,336,3.30281436135,3.1062608575,-0.866504294389,-0.122678475275
8,3,4,336,3.11130698331,3.03240937389,-1.05801167243,-0.196529958884
9,3,8,336,3.11242580591,3.02931849542,-1.05689284983,-0.199620837354
10,3,16,336,3.11611966679,3.06853254969,-1.05319898895,-0.160406783084
11,3,32,336,3.28696645719,3.07405786991,-0.882352198545,-0.154881462869
0,1,4,337,3.99862133839,3.3399373103,0.00732366784493,-0.0360375154782
1,1,8,337,3.99734204051,3.38823073015,0.00604436996432,0.0122559043652
2,1,16,337,3.99504564503,3.36282139151,0.00374797448458,-0.0131534342723
3,1,32,337,3.99129767055,3.37597482578,0,0
4,2,4,337,3.31123872712,3.27115167911,-0.680058943424,-0.10482314667
5,2,8,337,3.31406903879,3.28223078071,-0.677228631754,-0.0937440450673
6,2,16,337,3.31277641818,3.30401837662,-0.678521252368,-0.071956449164
7,2,32,337,3.30651696138,3.29661174505,-0.684780709162,-0.0793630807312
8,3,4,337,3.22848912324,3.25894294215,-0.762808547303,-0.117031883632
9,3,8,337,3.21155197672,3.2351159697,-0.779745693825,-0.14085885608
10,3,16,337,3.2119749952,3.27969163741,-0.779322675349,-0.0962831883703
11,3,32,337,3.20284654573,3.25178140847,-0.788451124819,-0.124193417307
0,1,4,338,4.19743760559,3.32576474773,0.00993144855793,-0.0198555259909
1,1,8,338,4.19560289739,3.37228967813,0.00809674035469,0.0266694044178
2,1,16,338,4.19242935857,3.33756212128,0.00492320153733,-0.00805815243615
3,1,32,338,4.18750615703,3.34562027372,0,0
4,2,4,338,3.56337410641,3.31757464732,-0.624132050622,-0.0280456264011
5,2,8,338,3.5580679587,3.31555774512,-0.629438198329,-0.0300625285933
6,2,16,338,3.54898110391,3.32085041227,-0.638525053118,-0.0247698614445
7,2,32,338,3.53675497265,3.30148406098,-0.650751184379,-0.044136212736
8,3,4,338,3.41098964626,3.31134901265,-0.776516510768,-0.0342712610622
9,3,8,338,3.386812024,3.26597672527,-0.80069413303,-0.0796435484419
10,3,16,338,3.38218960774,3.28593704504,-0.805316549288,-0.0596832286805
11,3,32,338,3.51015396258,3.25667162374,-0.677352194451,-0.0889486499804
0,1,4,339,3.77825068605,3.47025023431,0.00795431505554,-0.0290967316362
1,1,8,339,3.77687644567,3.51982977358,0.00658007467676,0.0204828076275
2,1,16,339,3.77439345949,3.50353024206,0.00409708850221,0.00418327610648
3,1,32,339,3.77029637099,3.49934696595,0,0
4,2,4,339,3.13214375694,3.48750281115,-0.638152614047,-0.0118441548016
5,2,8,339,3.13541645355,3.45562314686,-0.634879917443,-0.0437238190876
6,2,16,339,3.13660191279,3.47487176152,-0.633694458203,-0.0244752044278
7,2,32,339,3.13458518155,3.45801517335,-0.635711189445,-0.0413317926029
8,3,4,339,3.02864635724,3.43373237235,-0.741650013751,-0.0656145935997
9,3,8,339,3.00935519091,3.42141885728,-0.760941180077,-0.0779281086714
10,3,16,339,3.00889176297,3.43449720145,-0.76140460802,-0.0648497645009
11,3,32,339,3.00410560777,3.4103312541,-0.76619076322,-0.0890157118463
0,1,4,340,4.28556045222,3.32131337765,0.00920599062362,-0.0172771029898
1,1,8,340,4.28382180195,3.35508126881,0.00746734034828,0.016490788171
2,1,16,340,4.28085792758,3.32794354763,0.00450346598285,-0.0106469330048
3,1,32,340,4.2763544616,3.33859048064,0,0
4,2,4,340,3.77246833442,3.37387130683,-0.503886127182,0.0352808261913
5,2,8,340,3.7580404718,3.34866600579,-0.518313989798,0.0100755251508
6,2,16,340,3.74155189921,3.3395993866,-0.534802562388,0.0010089059676
7,2,32,340,3.7257680579,3.31376677664,-0.550586403697,-0.0248237039959
8,3,4,340,3.57928564801,3.36933800885,-0.697068813588,0.0307475282167
9,3,8,340,3.54895580755,3.30618204731,-0.727398654049,-0.0324084333213
10,3,16,340,3.54113301301,3.31001263806,-0.735221448587,-0.0285778425798
11,3,32,340,3.79688037991,3.26279150995,-0.479474081685,-0.0757989706859
0,1,4,341,4.36590840819,3.37957912732,0.00615818002569,-0.0286304553291
1,1,8,341,4.36484568174,3.42148427928,0.00509545357138,0.0132746966366
2,1,16,341,4.36292344866,3.40345157008,0.00317322048828,-0.00475801256181
3,1,32,341,4.35975022817,3.40820958265,0,0
4,2,4,341,3.86306122942,3.39373544572,-0.496688998746,-0.0144741369266
5,2,8,341,3.85470743297,3.35804543513,-0.505042795195,-0.0501641475117
6,2,16,341,3.84358543535,3.38383426944,-0.516164792816,-0.0243753132001
7,2,32,341,3.83093169445,3.35481592115,-0.528818533715,-0.0533936614919
8,3,4,341,3.67124159622,3.35924546142,-0.68850863195,-0.0489641212274
9,3,8,341,3.64744124705,3.32487797509,-0.712308981115,-0.0833316075564
10,3,16,341,3.64394609859,3.34284083208,-0.715804129579,-0.0653687505616
11,3,32,341,3.88950758453,3.31799716691,-0.47024264364,-0.0902124157302
0,1,4,342,4.00080993208,3.41225433512,0.0130830042624,-0.0218391948298
1,1,8,342,3.99853662374,3.45377784029,0.0108096959201,0.0196843103466
2,1,16,342,3.99444352729,3.41713902114,0.00671659947512,-0.0169545088065
3,1,32,342,3.98772692782,3.43409352995,0,0
4,2,4,342,3.49866315792,3.4729196558,-0.489063769899,0.0388261258573
5,2,8,342,3.4940733916,3.48732682829,-0.493653536219,0.0532332983421
6,2,16,342,3.48381837782,3.47116932179,-0.503908549997,0.0370757918442
7,2,32,342,3.4681973685,3.4294964685,-0.519529559323,-0.00459706144346
8,3,4,342,3.45016611765,3.47600510147,-0.537560810168,0.0419115715236
9,3,8,342,3.40969639333,3.40560417349,-0.578030534493,-0.0284893564619
10,3,16,342,3.4007236981,3.41297530775,-0.587003229717,-0.0211182221965
11,3,32,342,3.38040963603,3.35497258268,-0.607317291793,-0.0791209472679
0,1,4,343,4.96554469124,3.28567075684,0.0047100220165,-0.0226531645526
1,1,8,343,4.96473488475,3.31885821491,0.00390021552316,0.0105342935169
2,1,16,343,4.96326575687,3.28906269443,0.00243108765086,-0.0192612269592
3,1,32,343,4.96083466922,3.30832392139,0,0
4,2,4,343,4.60732358199,3.30414326799,-0.35351108723,-0.00418065340812
5,2,8,343,4.58628638203,3.27293481682,-0.374548287195,-0.0353891045755
6,2,16,343,4.56146791027,3.29321531029,-0.399366758953,-0.0151086110994
7,2,32,343,4.53670901832,3.25350075765,-0.424125650906,-0.0548231637421
8,3,4,343,4.35497117728,3.29095766612,-0.605863491947,-0.0173662552732
9,3,8,343,4.32407124116,3.2247988502,-0.636763428065,-0.0835250711963
10,3,16,343,4.31601491624,3.24189521818,-0.644819752988,-0.0664287032137
11,3,32,343,4.80595464697,3.21865346602,-0.154880022252,-0.089670455373
0,1,4,344,3.8716159379,3.09046008344,0.00379005032757,-0.0130248456752
1,1,8,344,3.8706543786,3.1039403316,0.00282849102718,0.000455402492912
2,1,16,344,3.86928550818,3.086883517,0.00145962060893,-0.0166014121072
3,1,32,344,3.86782588757,3.10348492911,0,0
4,2,4,344,3.09598629348,3.00709827069,-0.77183959409,-0.0963866584199
5,2,8,344,3.08801469247,2.99971312357,-0.779811195103,-0.103771805541
6,2,16,344,3.08166473485,2.99707747269,-0.786161152717,-0.106407456419
7,2,32,344,3.0796224689,3.0159354553,-0.78820341867,-0.0875494738146
8,3,4,344,2.95795733517,3.01325751269,-0.909868552398,-0.0902274164259
9,3,8,344,2.953025027,2.97706468884,-0.914800860572,-0.126420240267
10,3,16,344,2.95445332718,3.02276372431,-0.913372560389,-0.0807212048009
11,3,32,344,3.0987526933,2.98048541415,-0.769073194272,-0.12299951496
0,1,4,345,4.03156807459,3.53413387683,0.0232679745617,-0.00240111885636
1,1,8,345,4.02751948472,3.57579262502,0.0192193846883,0.039257629333
2,1,16,345,4.02024062101,3.52839623769,0.0119405209763,-0.00813875800242
3,1,32,345,4.00830010003,3.53653499569,0,0
4,2,4,345,3.73279383187,3.83038132421,-0.275506268164,0.293846328515
5,2,8,345,3.71817157183,3.83727157518,-0.290128528201,0.300736579489
6,2,16,345,3.69535049711,3.76316662051,-0.312949602917,0.226631624816
7,2,32,345,3.66599582845,3.65940156536,-0.34230427158,0.122866569667
8,3,4,345,3.64120812056,3.83810745391,-0.36709197947,0.301572458218
9,3,8,345,3.56448202509,3.70764776836,-0.443818074943,0.171112772666
10,3,16,345,3.53958814234,3.63227977953,-0.468711957693,0.0957447838387
11,3,32,345,3.5053759365,3.54450409072,-0.502924163534,0.00796909503219
0,1,4,346,3.671826097,3.29949516371,0.00614161843311,0.000658549906181
1,1,8,346,3.67071331298,3.31429245784,0.00502883441354,0.0154558440359
2,1,16,346,3.66876766445,3.30880707678,0.00308318588496,0.00997046298268
3,1,32,346,3.66568447857,3.2988366138,0,0
4,2,4,346,3.07097717976,3.35074297003,-0.594707298807,0.0519063562337
5,2,8,346,3.07115056336,3.30738368506,-0.594533915205,0.00854707126165
6,2,16,346,3.07111112787,3.32529773252,-0.594573350697,0.0264611187159
7,2,32,346,3.07086985783,3.28092592205,-0.594814620738,-0.0179106917491
8,3,4,346,2.98687625769,3.28121947232,-0.678808220876,-0.0176171414772
9,3,8,346,2.96781749238,3.25822030097,-0.697866986182,-0.0406163128354
10,3,16,346,2.96655412021,3.26191523743,-0.699130358351,-0.0369213763745
11,3,32,346,2.9642367097,3.23859591704,-0.70144776886,-0.060240696763
0,1,4,347,3.98848772053,3.1505311132,0.00497433167872,-0.0124417845309
1,1,8,347,3.98732139179,3.18361434302,0.00380800294033,0.0206414452892
2,1,16,347,3.98558223832,3.15671468671,0.00206884947183,-0.00625821101967
3,1,32,347,3.98351338885,3.16297289773,0,0
4,2,4,347,3.13602298655,3.05286215823,-0.847490402299,-0.1101107395
5,2,8,347,3.13159544505,3.04157994699,-0.851917943802,-0.121392950744
6,2,16,347,3.12783121973,3.05078549447,-0.85568216912,-0.112187403262
7,2,32,347,3.12620856802,3.07323247438,-0.857304820829,-0.0897404233548
8,3,4,347,2.95311064672,3.04408348029,-1.03040274213,-0.118889417444
9,3,8,347,2.95178230774,3.02378915985,-1.03173108111,-0.139183737881
10,3,16,347,2.95394663162,3.06428837527,-1.02956675723,-0.0986845224672
11,3,32,347,3.1212976224,3.04855297108,-0.862215766453,-0.114419926653
0,1,4,348,3.77948096459,3.44333586607,0.0173084708341,0.00600514666342
1,1,8,348,3.77636248849,3.47760310816,0.0141899947377,0.0402723887575
2,1,16,348,3.77088454552,3.43727055795,0.0087120517668,-6.01614509912e-05
3,1,32,348,3.76217249375,3.43733071941,0,0
4,2,4,348,3.27534609169,3.65238238748,-0.486826402063,0.215051668071
5,2,8,348,3.26582751105,3.63723510675,-0.496344982706,0.199904387343
6,2,16,348,3.25245131076,3.58118847789,-0.509721182996,0.143857758482
7,2,32,348,3.23656259797,3.51655715104,-0.525609895779,0.079226431632
8,3,4,348,3.17945925343,3.62820610935,-0.582713240319,0.190875389948
9,3,8,348,3.12774932229,3.53887592222,-0.634423171458,0.101545202818
10,3,16,348,3.11144406625,3.48200201898,-0.650728427501,0.0446712995736
11,3,32,348,3.09301167083,3.42472117073,-0.669160822925,-0.0126095486783
0,1,4,349,3.47861933965,3.20083769856,0.00706388337443,-0.0154279115532
1,1,8,349,3.47703473132,3.22949069475,0.00547927504562,0.0132250846403
2,1,16,349,3.47460850446,3.22760654219,0.00305304817831,0.011340932084
3,1,32,349,3.47155545628,3.21626561011,0,0
4,2,4,349,2.60447103634,3.11852923717,-0.867084419939,-0.0977363729432
5,2,8,349,2.60715078924,3.09039178977,-0.864404667039,-0.125873820341
6,2,16,349,2.6121487075,3.11335186908,-0.859406748779,-0.102913741029
7,2,32,349,2.61943532138,3.13039012286,-0.852120134902,-0.0858754872532
8,3,4,349,2.4481644198,3.10682171064,-1.02339103648,-0.109443899471
9,3,8,349,2.45023140457,3.1062865473,-1.02132405171,-0.109979062811
10,3,16,349,2.45612250625,3.15620720632,-1.01543295003,-0.0600584037882
11,3,32,349,2.46296899612,3.11396553752,-1.00858646015,-0.102300072594
0,1,4,350,4.03151227022,3.34178365911,0.00830232283862,-0.0290676236884
1,1,8,350,4.02997078317,3.38072505316,0.00676083579174,0.00987377036486
2,1,16,350,4.02731227305,3.36603653415,0.00410232567107,-0.00481474864459
3,1,32,350,4.02320994738,3.3708512828,0,0
4,2,4,350,3.44541234292,3.31898299108,-0.577797604462,-0.0518682917147
5,2,8,350,3.44160294138,3.30178467345,-0.581607006003,-0.069066609352
6,2,16,350,3.4354827326,3.32427091679,-0.587727214778,-0.0465803660049
7,2,32,350,3.42751880361,3.30735346065,-0.595691143775,-0.0634978221448
8,3,4,350,3.30655892594,3.3128149903,-0.716651021438,-0.0580362924985
9,3,8,350,3.28668169977,3.28023076122,-0.736528247607,-0.0906205215771
10,3,16,350,3.28570069872,3.31909870455,-0.737509248663,-0.0517525782527
11,3,32,350,3.39389224386,3.27121327661,-0.629317703516,-0.0996380061908
0,1,4,351,4.48793342723,3.22246799293,0.00511950570957,-0.00105143629832
1,1,8,351,4.48698728218,3.23535440696,0.00417336065953,0.0118349777237
2,1,16,351,4.485352855,3.21612511192,0.00253893348023,-0.00739431731484
3,1,32,351,4.48281392152,3.22351942923,0,0
4,2,4,351,4.07208920795,3.27129304043,-0.410724713578,0.0477736111973
5,2,8,351,4.05586022617,3.23162343787,-0.426953695355,0.00810400863531
6,2,16,351,4.0378933429,3.2466058243,-0.444920578622,0.0230863950639
7,2,32,351,4.02139733631,3.19494049659,-0.46141658521,-0.0285789326404
8,3,4,351,3.8820589379,3.23814287948,-0.60075498362,0.0146234502475
9,3,8,351,3.85415258744,3.1779458997,-0.628661334085,-0.0455735295338
10,3,16,351,3.84744439996,3.18559664756,-0.635369521559,-0.03792278167
11,3,32,351,4.18334294328,3.15871632225,-0.299470978247,-0.0648031069813
0,1,4,352,4.52569472786,3.1338617862,3.45055235904e-05,-0.0276247124534
1,1,8,352,4.52556198284,3.15727076078,-9.82394920506e-05,-0.00421573786803
2,1,16,352,4.52547394678,3.15125425855,-0.000186275556025,-0.0102322400957
3,1,32,352,4.52566022233,3.16148649865,0,0
4,2,4,352,3.90692463568,3.03620572446,-0.618735586654,-0.125280774193
5,2,8,352,3.89522992359,3.00148198018,-0.630430298739,-0.160004518472
6,2,16,352,3.88350226412,3.04613427213,-0.642157958214,-0.115352226522
7,2,32,352,3.87457347947,3.04308244988,-0.651086742867,-0.118404048774
8,3,4,352,3.65125574092,3.0166958476,-0.874404481415,-0.144790651047
9,3,8,352,3.64682855829,2.99642594039,-0.878831664045,-0.165060558262
10,3,16,352,3.64922000658,3.04993438672,-0.876440215757,-0.111552111933
11,3,32,352,4.02775801732,3.03492860216,-0.497902205017,-0.126557896491
0,1,4,353,3.86219122522,3.1845230299,0.00856665435911,-0.010368872017
1,1,8,353,3.86056098015,3.20793614721,0.00693640928991,0.0130442452872
2,1,16,353,3.85779845353,3.18619515035,0.00417388267178,-0.00869675156881
3,1,32,353,3.85362457086,3.19489190192,0,0
4,2,4,353,3.14090077004,3.20312027134,-0.712723800824,0.00822836942305
5,2,8,353,3.13712515759,3.20799684709,-0.716499413274,0.0131049451723
6,2,16,353,3.13108612622,3.19292345359,-0.722538444641,-0.0019684483297
7,2,32,353,3.12396409059,3.16549159298,-0.729660480275,-0.0294003089461
8,3,4,353,3.01750151029,3.18697629961,-0.836123060568,-0.00791560231572
9,3,8,353,2.9943548432,3.13791805958,-0.859269727662,-0.0569738423439
10,3,16,353,2.98910265416,3.14128426487,-0.864521916696,-0.05360763705
11,3,32,353,2.98176586,3.10837870859,-0.871858710857,-0.086513193333
0,1,4,354,4.33935713864,3.24154875025,-0.00168940117373,-0.0375497253891
1,1,8,354,4.33958992377,3.26946573222,-0.00145661604697,-0.00963274341141
2,1,16,354,4.34007897574,3.24560779616,-0.000967564072107,-0.0334906794709
3,1,32,354,4.34104653981,3.27909847563,0,0
4,2,4,354,3.7312054731,3.11516356425,-0.609841066715,-0.163934911389
5,2,8,354,3.72049389573,3.09628723769,-0.620552644085,-0.182811237948
6,2,16,354,3.71020865313,3.11844479579,-0.630837886678,-0.16065367985
7,2,32,354,3.70323762753,3.15196766192,-0.637808912285,-0.127130813718
8,3,4,354,3.61033493757,3.10364933677,-0.730711602247,-0.17544913886
9,3,8,354,3.60608389037,3.07691884072,-0.734962649441,-0.202179634911
10,3,16,354,3.60970560363,3.14254732493,-0.731340936187,-0.136551150707
11,3,32,354,3.92681566802,3.11672585179,-0.414230871791,-0.162372623842
0,1,4,355,3.95234520332,3.31595256415,0.0147424517915,-0.00225091079547
1,1,8,355,3.94968723837,3.34756312451,0.0120844868395,0.0293596495672
2,1,16,355,3.9450200595,3.31262753819,0.00741730796835,-0.00557593675614
3,1,32,355,3.93760275153,3.31820347495,0,0
4,2,4,355,3.38858853745,3.43670277013,-0.549014214075,0.118499295186
5,2,8,355,3.38149951845,3.44340077731,-0.556103233077,0.125197302367
6,2,16,355,3.36952319752,3.41012475768,-0.568079554007,0.0919212827366
7,2,32,355,3.35369801142,3.34967581692,-0.58390474011,0.0314723419759
8,3,4,355,3.27928379346,3.42781090782,-0.658318958069,0.109607432873
9,3,8,355,3.23597015363,3.34859097663,-0.701632597901,0.0303875016855
10,3,16,355,3.22330270135,3.3229169333,-0.714300050175,0.0047134583528
11,3,32,355,3.20557962874,3.27443752943,-0.732023122792,-0.0437659455131
0,1,4,356,4.17018069943,3.20602443371,-0.000319494157105,-0.0441322671877
1,1,8,356,4.17012611747,3.23296741307,-0.000374076121312,-0.0171892878318
2,1,16,356,4.17016068127,3.23837857666,-0.000339512324344,-0.0117781242375
3,1,32,356,4.17050019359,3.2501567009,0,0
4,2,4,356,3.48401765696,3.14200851853,-0.686482536631,-0.108148182373
5,2,8,356,3.47484796538,3.09989397599,-0.695652228209,-0.150262724914
6,2,16,356,3.46718078508,3.12388131392,-0.703319408512,-0.126275386986
7,2,32,356,3.46379427277,3.13749859368,-0.706705920819,-0.112658107221
8,3,4,356,3.24001211655,3.11307623246,-0.93048807704,-0.137080468441
9,3,8,356,3.23560446832,3.1012923832,-0.934895725271,-0.148864317705
10,3,16,356,3.23820294268,3.13852541106,-0.932297250911,-0.111631289844
11,3,32,356,3.50842645781,3.11024639096,-0.662073735775,-0.139910309942
0,1,4,357,4.43945694182,3.13687017155,-0.00211890389028,-0.0347091107305
1,1,8,357,4.43979215048,3.16337316373,-0.00178369522757,-0.00820611854963
2,1,16,357,4.44043433664,3.14945074516,-0.00114150906589,-0.0221285371172
3,1,32,357,4.44157584571,3.17157928228,0,0
4,2,4,357,3.75674815185,2.99220343006,-0.684827693856,-0.179375852221
5,2,8,357,3.7503609834,2.9799174721,-0.691214862305,-0.191661810173
6,2,16,357,3.74306820958,3.022868844,-0.698507636132,-0.148710438277
7,2,32,357,3.73681919848,3.03428323888,-0.704756647226,-0.137296043393
8,3,4,357,3.5809207934,2.96701118908,-0.860655052308,-0.204568093202
9,3,8,357,3.58024007804,2.95406136264,-0.861335767672,-0.217517919637
10,3,16,357,3.584802379,3.0184756483,-0.856773466713,-0.153103633981
11,3,32,357,3.86057489099,3.01546653273,-0.581000954719,-0.156112749546
0,1,4,358,3.9449183449,3.02919014191,6.98795491627e-05,-0.0149231594589
1,1,8,358,3.94473993872,3.03318079937,-0.000108526630754,-0.0109325019989
2,1,16,358,3.94462102719,3.03391611117,-0.000227438162427,-0.0101971901915
3,1,32,358,3.94484846535,3.04411330136,0,0
4,2,4,358,3.17293905145,2.96304623306,-0.771909413905,-0.0810670683056
5,2,8,358,3.16727150099,2.94393946438,-0.777576964363,-0.10017383698
6,2,16,358,3.16302553088,2.957588986,-0.781822934469,-0.0865243153654
7,2,32,358,3.16265388929,2.95256102189,-0.782194576059,-0.0915522794756
8,3,4,358,3.00010306066,2.92939546872,-0.944745404685,-0.114717832643
9,3,8,358,2.99679540346,2.90822358314,-0.948053061888,-0.135889718225
10,3,16,358,2.99880238442,2.94001747816,-0.946046080934,-0.104095823207
11,3,32,358,3.12615846744,2.92217410393,-0.818689997911,-0.121939197437
0,1,4,359,3.97310971797,3.2285647513,0.0106811821748,-0.0154198583485
1,1,8,359,3.97102074721,3.25917714264,0.00859221141957,0.0151925329943
2,1,16,359,3.96754044752,3.24778142867,0.00511191173004,0.00379681902518
3,1,32,359,3.96242853579,3.24398460965,0,0
4,2,4,359,3.29854982791,3.26943114328,-0.663878707887,0.0254465336347
5,2,8,359,3.29077541275,3.25000601983,-0.671653123042,0.00602141018623
6,2,16,359,3.28153028645,3.24546133696,-0.680898249344,0.00147672730992
7,2,32,359,3.27248058646,3.21508805351,-0.689947949336,-0.02889655614
8,3,4,359,3.07586219971,3.26478020206,-0.88656633608,0.0207955924162
9,3,8,359,3.05196947679,3.2182844443,-0.910459059003,-0.0257001653507
10,3,16,359,3.0463177466,3.22142589694,-0.916110789192,-0.022558712706
11,3,32,359,3.15571497993,3.17405683612,-0.806713555858,-0.0699277735301
0,1,4,360,3.81512237262,3.27347820657,0.00673055188365,-0.0294802558858
1,1,8,360,3.81388609936,3.29965039917,0.00549427862734,-0.00330806328498
2,1,16,360,3.81174089854,3.28178952164,0.0033490778034,-0.0211689408162
3,1,32,360,3.80839182073,3.30295846245,0,0
4,2,4,360,3.17426681377,3.26123451456,-0.634125006967,-0.0417239478876
5,2,8,360,3.17065546682,3.26653034234,-0.637736353916,-0.0364281201067
6,2,16,360,3.16506611193,3.25704485204,-0.643325708805,-0.0459136104132
7,2,32,360,3.15867794122,3.24813495808,-0.649713879509,-0.0548235043763
8,3,4,360,3.10982264859,3.25697971756,-0.698569172143,-0.0459787448934
9,3,8,360,3.08745597786,3.21075470467,-0.72093584287,-0.092203757785
10,3,16,360,3.0848028755,3.23802619249,-0.723588945233,-0.0649322699643
11,3,32,360,3.07535739037,3.18476642293,-0.73303443036,-0.11819203952
0,1,4,361,3.86805024676,3.13894488209,0.00212785713063,-0.0266784241246
1,1,8,361,3.86745404588,3.15813733589,0.00153165625049,-0.00748597032273
2,1,16,361,3.86665324236,3.15259511092,0.000730852725609,-0.01302819529
3,1,32,361,3.86592238963,3.16562330621,0,0
4,2,4,361,3.07865029981,3.07951887964,-0.787272089816,-0.086104426573
5,2,8,361,3.07158276963,3.05685823158,-0.794339620005,-0.10876507463
6,2,16,361,3.06652522699,3.056217046,-0.799397162644,-0.109406260209
7,2,32,361,3.06610284474,3.07509556262,-0.799819544893,-0.0905277435888
8,3,4,361,2.89560317374,3.06296846776,-0.970319215886,-0.102654838452
9,3,8,361,2.89115927151,3.03991871223,-0.974763118122,-0.125704593983
10,3,16,361,2.89270435886,3.07082718821,-0.973218030771,-0.0947961180024
11,3,32,361,3.04028021379,3.03674222906,-0.825642175841,-0.128881077151
0,1,4,362,4.49531609785,3.3667767552,0.00507185334165,-0.0307981288606
1,1,8,362,4.49443751201,3.40161350129,0.00419326749984,0.00403861723339
2,1,16,362,4.49285156166,3.3899202413,0.00260731714528,-0.0076546427626
3,1,32,362,4.49024424451,3.39757488406,0,0
4,2,4,362,4.08469066039,3.38351202411,-0.405553584125,-0.0140628599459
5,2,8,362,4.07160741116,3.33764361337,-0.418636833353,-0.0599312706935
6,2,16,362,4.05637794571,3.36885372603,-0.433866298801,-0.0287211580319
7,2,32,362,4.04125106853,3.33727586409,-0.448993175981,-0.0602990199652
8,3,4,362,3.87340720247,3.35753208776,-0.616837042041,-0.0400427962949
9,3,8,362,3.84844682616,3.3166450022,-0.641797418349,-0.0809298818558
10,3,16,362,3.84484754689,3.34232192008,-0.645396697616,-0.0552529639834
11,3,32,362,4.18351866229,3.30531852639,-0.30672558222,-0.0922563576713
0,1,4,363,4.35086292061,3.28652326403,0.00671592689101,-0.0308035739751
1,1,8,363,4.34963348221,3.32108504054,0.00548648849295,0.00375820253519
2,1,16,363,4.34749601781,3.3038627348,0.00334902409641,-0.0134641032062
3,1,32,363,4.34414699372,3.317326838,0,0
4,2,4,363,3.80349584389,3.3169676747,-0.540651149821,-0.000359163305443
5,2,8,363,3.79090456872,3.29603867251,-0.553242424995,-0.021288165495
6,2,16,363,3.77581853031,3.29537201778,-0.568328463401,-0.0219548202278
7,2,32,363,3.76087034822,3.2700146977,-0.583276645492,-0.0473121403035
8,3,4,363,3.58636905244,3.30445149553,-0.757777941277,-0.0128753424729
9,3,8,363,3.55909208655,3.25208169977,-0.785054907162,-0.0652451382391
10,3,16,363,3.55261532434,3.25891278797,-0.791531669373,-0.0584140500327
11,3,32,363,3.79158793309,3.22058462087,-0.552559060625,-0.0967422171352
0,1,4,364,3.89853767858,3.22794783399,0.00504309500979,-0.00692651175996
1,1,8,364,3.89767042637,3.24708664602,0.00417584280099,0.0122123002715
2,1,16,364,3.8961020505,3.22771993123,0.00260746692953,-0.0071544145194
3,1,32,364,3.89349458357,3.23487434575,0,0
4,2,4,364,3.24014653582,3.24717826852,-0.653348047748,0.0123039227711
5,2,8,364,3.23920130104,3.23739105203,-0.654293282528,0.0025167062806
6,2,16,364,3.23601200595,3.24053272387,-0.657482577624,0.00565837812747
7,2,32,364,3.23107758906,3.20335306293,-0.662416994511,-0.031521282813
8,3,4,364,3.16003577682,3.19130105045,-0.733458806749,-0.0435732952956
9,3,8,364,3.13906411017,3.15618993128,-0.754430473398,-0.0786844144709
10,3,16,364,3.13577005667,3.15872337171,-0.757724526904,-0.0761509740364
11,3,32,364,3.12998482174,3.14833720344,-0.763509761828,-0.0865371423109
0,1,4,365,3.72842968393,2.98366507209,0.00179888583479,0.00234998301154
1,1,8,365,3.72789777694,2.98619802201,0.00126697884145,0.00488293292872
2,1,16,365,3.72720662006,2.98197501727,0.000575821965727,0.000659928192479
3,1,32,365,3.7266307981,2.98131508908,0,0
4,2,4,365,2.84678924639,2.90641653962,-0.879841551709,-0.074898549456
5,2,8,365,2.84763826745,2.89643609557,-0.878992530646,-0.0848789935099
6,2,16,365,2.84968075797,2.91356094025,-0.876950040133,-0.0677541488316
7,2,32,365,2.85393360826,2.90160057345,-0.872697189838,-0.0797145156287
8,3,4,365,2.70736584175,2.86226111698,-1.01926495635,-0.119053972105
9,3,8,365,2.70809318064,2.8501435846,-1.01853761746,-0.131171504479
10,3,16,365,2.71137160137,2.88007781212,-1.01525919673,-0.101237276962
11,3,32,365,2.71786655709,2.87706638195,-1.00876424101,-0.104248707127
0,1,4,366,4.95466352675,3.23069684583,0.00519629914215,-0.0321228888533
1,1,8,366,4.953730023,3.26690632661,0.00426279539813,0.00408659192554
2,1,16,366,4.95208537348,3.24279278202,0.00261814587968,-0.0200269526662
3,1,32,366,4.9494672276,3.26281973468,0,0
4,2,4,366,4.52081806059,3.22632597021,-0.428649167011,-0.0364937644711
5,2,8,366,4.50087703625,3.20793082235,-0.448590191358,-0.0548889123318
6,2,16,366,4.47677678833,3.22706166737,-0.472690439271,-0.0357580673155
7,2,32,366,4.45232175384,3.19236446887,-0.497145473764,-0.0704552658117
8,3,4,366,4.23371733116,3.22928516391,-0.715749896442,-0.0335345707731
9,3,8,366,4.20492372661,3.16570106255,-0.744543500999,-0.0971186721321
10,3,16,366,4.1973189155,3.18807610006,-0.752148312106,-0.0747436346266
11,3,32,366,4.65354597223,3.15999167956,-0.295921255374,-0.102828055121
0,1,4,367,4.7891858651,3.36454901403,0.0119507542871,-0.0125437922052
1,1,8,367,4.78712984633,3.405580485,0.00989473552208,0.0284876787654
2,1,16,367,4.78340489235,3.36507086079,0.00616978154344,-0.0120219454443
3,1,32,367,4.77723511081,3.37709280623,0,0
4,2,4,367,4.44511978927,3.48939687457,-0.33211532154,0.112304068335
5,2,8,367,4.42608014112,3.47385740444,-0.351154969687,0.0967645982133
6,2,16,367,4.40061970778,3.46340029107,-0.37661540303,0.0863074848347
7,2,32,367,4.37165921708,3.39121174929,-0.405575893727,0.0141189430645
8,3,4,367,4.21638650663,3.47826493059,-0.560848604183,0.101172124363
9,3,8,367,4.16735951297,3.38817855769,-0.609875597843,0.0110857514629
10,3,16,367,4.15189030868,3.36405664479,-0.625344802126,-0.0130361614434
11,3,32,367,4.48364281355,3.33113638906,-0.293592297256,-0.0459564171687
0,1,4,368,3.84769031337,3.08977302,0.000518066717117,-0.0129296692603
1,1,8,368,3.84742164737,3.09600208285,0.000249400716848,-0.00670060640752
2,1,16,368,3.84715572644,3.09887387246,-1.65202078821e-05,-0.00382881680324
3,1,32,368,3.84717224665,3.10270268926,0,0
4,2,4,368,3.08094394236,3.06086214491,-0.76622830429,-0.0418405443529
5,2,8,368,3.07479230334,3.02347111667,-0.772379943308,-0.0792315725914
6,2,16,368,3.07113430664,3.03170540061,-0.776037940009,-0.0709972886486
7,2,32,368,3.07248469543,3.0275808336,-0.774687551219,-0.0751218556565
8,3,4,368,2.89340871105,3.01248513882,-0.953763535597,-0.0902175504445
9,3,8,368,2.88924777243,2.99502845084,-0.957924474216,-0.107674238417
10,3,16,368,2.89063667589,3.01191390052,-0.956535570754,-0.0907887887401
11,3,32,368,3.02959678623,2.99437000466,-0.817575460416,-0.108332684603
0,1,4,369,4.13846047067,3.45581185718,0.0227402283691,0.00282474282632
1,1,8,369,4.13443837506,3.50742253749,0.0187181327584,0.0544354231346
2,1,16,369,4.12728438284,3.44913952719,0.0115641405396,-0.0038475871624
3,1,32,369,4.1157202423,3.45298711435,0,0
4,2,4,369,3.67764917361,3.67353038053,-0.438071068692,0.220543266174
5,2,8,369,3.66749258424,3.69554136009,-0.448227658058,0.242554245733
6,2,16,369,3.64856032259,3.63646712328,-0.467159919707,0.183480008924
7,2,32,369,3.62153785266,3.5471048905,-0.494182389639,0.0941177761517
8,3,4,369,3.55773498014,3.6821160623,-0.557985262159,0.229128947951
9,3,8,369,3.4924683549,3.56885746753,-0.623251887402,0.115870353176
10,3,16,369,3.47081115279,3.50883953764,-0.644909089511,0.0558524232872
11,3,32,369,3.44112707704,3.45079909597,-0.67459316526,-0.00218801838592
0,1,4,370,3.94692275801,3.19412947318,0.00905561324979,0.00743109798602
1,1,8,370,3.94515558312,3.20545277897,0.00728843835772,0.0187544037739
2,1,16,370,3.9422080139,3.18270267912,0.00434086914506,-0.00399569608207
3,1,32,370,3.93786714476,3.1866983752,0,0
4,2,4,370,3.36127936508,3.25584393852,-0.576587779681,0.0691455633193
5,2,8,370,3.35103647599,3.23664769878,-0.586830668769,0.0499493235803
6,2,16,370,3.33983255728,3.22221500948,-0.598034587479,0.0355166342797
7,2,32,370,3.32998554909,3.18162946087,-0.60788159567,-0.00506891432656
8,3,4,370,3.23188805557,3.23706131294,-0.705979089193,0.0503629377445
9,3,8,370,3.20463562826,3.17419814102,-0.733231516503,-0.0125002341736
10,3,16,370,3.19761408151,3.17216785929,-0.740253063251,-0.0145305159061
11,3,32,370,3.31193601774,3.12999060847,-0.62593112702,-0.0567077667287
0,1,4,371,3.91925324617,3.24666608445,0.00637422088946,-0.0254158161001
1,1,8,371,3.91804853918,3.26725683376,0.00516951389285,-0.00482506678977
2,1,16,371,3.91600065326,3.27003752837,0.00312162797654,-0.00204437217946
3,1,32,371,3.91287902529,3.27208190055,0,0
4,2,4,371,3.29430617697,3.32862804947,-0.61857284832,0.0565461489188
5,2,8,371,3.28504991646,3.29177800763,-0.62782910883,0.019696107087
6,2,16,371,3.27555769272,3.27963780745,-0.63732133256,0.00755590690669
7,2,32,371,3.2683310148,3.24635551284,-0.644548010486,-0.0257263877065
8,3,4,371,3.07754731011,3.29165792369,-0.835331715178,0.0195760231458
9,3,8,371,3.0521073961,3.24941575013,-0.860771629187,-0.0226661504222
10,3,16,371,3.04595691465,3.23349344779,-0.866922110635,-0.0385884527555
11,3,32,371,3.15508668951,3.19046393072,-0.757792335771,-0.0816179698257
0,1,4,372,3.8210305294,3.19736467777,0.00188840220006,-0.0273012320126
1,1,8,372,3.82055557654,3.23505841905,0.00141344934045,0.0103925092726
2,1,16,372,3.81987276523,3.2009657239,0.000730638031574,-0.0237001858754
3,1,32,372,3.8191421272,3.22466590978,0,0
4,2,4,372,2.9433240258,2.99396748042,-0.875818101398,-0.230698429357
5,2,8,372,2.94896348297,3.01556025095,-0.870178644229,-0.209105658827
6,2,16,372,2.95378240362,3.04318942617,-0.865359723579,-0.181476483608
7,2,32,372,2.95719848669,3.08850137158,-0.861943640508,-0.1361645382
8,3,4,372,2.92290884171,2.9888104521,-0.896233285489,-0.235855457681
9,3,8,372,2.92923439922,2.98535251559,-0.889907727984,-0.239313394189
10,3,16,372,2.93776755231,3.07075995256,-0.881374574886,-0.153905957217
11,3,32,372,2.93916832965,3.05809739645,-0.879973797553,-0.166568513325
0,1,4,373,4.27538934778,3.27473445241,0.0059868364693,-0.0282022836684
1,1,8,373,4.27428323269,3.29900661961,0.00488072138062,-0.00393011646663
2,1,16,373,4.27237092813,3.28026397749,0.0029684168214,-0.0226727585854
3,1,32,373,4.26940251131,3.30293673608,0,0
4,2,4,373,3.78485188898,3.29962711568,-0.484550622326,-0.00330962039687
5,2,8,373,3.77038020557,3.28338139542,-0.499022305742,-0.0195553406575
6,2,16,373,3.75401341871,3.27582101206,-0.515389092601,-0.0271157240188
7,2,32,373,3.73896385236,3.25523229428,-0.530438658947,-0.0477044418002
8,3,4,373,3.62718410245,3.29851130643,-0.642218408858,-0.00442542964708
9,3,8,373,3.59863995214,3.23552360972,-0.670762559172,-0.0674131263585
10,3,16,373,3.59237289929,3.25241230518,-0.677029612015,-0.0505244308927
11,3,32,373,3.82333748585,3.19857622931,-0.446065025461,-0.104360506769
0,1,4,374,4.19390250551,3.42595277128,0.0122715394432,-0.0215396377516
1,1,8,374,4.19178591858,3.47109043811,0.0101549525167,0.0235980290766
2,1,16,374,4.18795784537,3.44762283279,0.00632687929985,0.000130423764644
3,1,32,374,4.18163096607,3.44749240903,0,0
4,2,4,374,3.71441051093,3.5222158582,-0.467220455136,0.0747234491683
5,2,8,374,3.70798315277,3.50377166234,-0.4736478133,0.0562792533148
6,2,16,374,3.69646093989,3.50610024327,-0.485170026177,0.0586078342404
7,2,32,374,3.68029870984,3.44754884014,-0.501332256223,5.64311088382e-05
8,3,4,374,3.55179872128,3.49645434024,-0.629832244787,0.0489619312121
9,3,8,374,3.51261090669,3.44051767351,-0.669020059377,-0.00697473551843
10,3,16,374,3.50328347451,3.43033200072,-0.678347491553,-0.0171604083052
11,3,32,374,3.59753128298,3.3904855927,-0.584099683089,-0.057006816328
0,1,4,375,4.14921867814,3.38550018732,0.0084006313093,-0.0266039375605
1,1,8,375,4.14771980539,3.43040756646,0.00690175855613,0.0183034415765
2,1,16,375,4.14506866353,3.39741666359,0.00425061669995,-0.0146874612953
3,1,32,375,4.14081804683,3.41210412488,0,0
4,2,4,375,3.55923689261,3.4184183912,-0.581581154224,0.00631426631613
5,2,8,375,3.5515556183,3.40596210308,-0.589262428531,-0.00614202180538
6,2,16,375,3.54086515749,3.39521349901,-0.599952889341,-0.0168906258766
7,2,32,375,3.52854723074,3.3802083875,-0.612270816093,-0.0318957373798
8,3,4,375,3.42044054577,3.39774797977,-0.720377501057,-0.0143561451103
9,3,8,375,3.39229449802,3.34796536068,-0.748523548807,-0.0641387642016
10,3,16,375,3.38600035791,3.35055178578,-0.754817688919,-0.0615523391019
11,3,32,375,3.52353806537,3.31825910434,-0.617279981463,-0.0938450205455
0,1,4,376,4.02242821078,3.30246281999,-0.00249671689285,-0.0259269430498
1,1,8,376,4.02285501099,3.33005765732,-0.00206991668067,0.00166789428055
2,1,16,376,4.02362897545,3.29688263557,-0.00129595221964,-0.0315071274659
3,1,32,376,4.02492492767,3.32838976304,0,0
4,2,4,376,3.36200816394,3.16064758577,-0.662916763726,-0.167742177269
5,2,8,376,3.3592511847,3.14325576832,-0.665673742969,-0.185133994719
6,2,16,376,3.35736215006,3.16808739215,-0.667562777606,-0.16030237089
7,2,32,376,3.35753455335,3.20905105371,-0.667390374316,-0.119338709329
8,3,4,376,3.35614319267,3.12101008976,-0.668781734995,-0.20737967328
9,3,8,376,3.3568287588,3.10903411861,-0.668096168866,-0.219355644431
10,3,16,376,3.36349274723,3.17761109941,-0.661432180441,-0.150778663627
11,3,32,376,3.54317601989,3.16782329329,-0.481748907778,-0.160566469751
0,1,4,377,3.7194188145,3.32659444486,0.0157957231466,0.000139781823381
1,1,8,377,3.71647868576,3.3520524371,0.0128555943999,0.025597774063
2,1,16,377,3.71142315755,3.33533014813,0.00780006619712,0.00887548509353
3,1,32,377,3.70362309136,3.32645466304,0,0
4,2,4,377,3.15044157941,3.49271116355,-0.553181511944,0.166256500508
5,2,8,377,3.14219658784,3.47071035367,-0.561426503515,0.144255690632
6,2,16,377,3.13150942991,3.43598674272,-0.572113661446,0.109532079678
7,2,32,377,3.11980692012,3.37241532126,-0.583816171238,0.0459606582182
8,3,4,377,2.99021606505,3.4777885291,-0.71340702631,0.15133386606
9,3,8,377,2.94817430644,3.40533415795,-0.755448784915,0.0788794949168
10,3,16,377,2.93581652609,3.3682228546,-0.767806565265,0.041768191561
11,3,32,377,2.92263786855,3.30349364169,-0.780985222807,-0.0229610213464
0,1,4,378,4.36652750797,3.25175017363,0.00624666629874,-0.0284019673663
1,1,8,378,4.36537878017,3.28066739876,0.00509793849192,0.00051525775908
2,1,16,378,4.36338719109,3.25938928486,0.0031063494133,-0.0207628561375
3,1,32,378,4.36028084168,3.280152141,0,0
4,2,4,378,3.83506115074,3.26920934047,-0.52521969093,-0.0109428005275
5,2,8,378,3.82136070017,3.25851652644,-0.538920141506,-0.0216356145583
6,2,16,378,3.80500779128,3.25316175434,-0.555273050399,-0.026990386656
7,2,32,378,3.78899258866,3.22983176456,-0.571288253019,-0.0503203764408
8,3,4,378,3.64956958762,3.26636160061,-0.710711254052,-0.0137905403914
9,3,8,378,3.62163576124,3.2057320087,-0.738645080439,-0.074420132299
10,3,16,378,3.61496395015,3.21918184365,-0.745316891521,-0.0609702973481
11,3,32,378,3.8502112122,3.17639523925,-0.510069629478,-0.103756901749
0,1,4,379,4.06155760939,3.22684523906,0.00267002821279,-0.0224982237656
1,1,8,379,4.06089602425,3.26856961725,0.00200844308118,0.0192261544237
2,1,16,379,4.05994070107,3.23584177185,0.00105311989696,-0.0135016909734
3,1,32,379,4.05888758117,3.24934346282,0,0
4,2,4,379,3.21730948914,3.11996896547,-0.84157809203,-0.129374497356
5,2,8,379,3.21369941872,3.10601061873,-0.845188162453,-0.143332844092
6,2,16,379,3.21052906439,3.11512535704,-0.848358516777,-0.134218105787
7,2,32,379,3.20910938029,3.15004438547,-0.849778200884,-0.099299077359
8,3,4,379,3.05437266353,3.09444195462,-1.00451491765,-0.154901508202
9,3,8,379,3.05412283603,3.08144250498,-1.00476474514,-0.167900957845
10,3,16,379,3.05697978278,3.11975604693,-1.00190779839,-0.12958741589
11,3,32,379,3.24408252635,3.11743236973,-0.814805054823,-0.131911093096
0,1,4,380,4.14007784577,3.18929643801,0.00503739212435,-0.0169273946002
1,1,8,380,4.13917102146,3.20933927085,0.00413056781127,0.00311543824455
2,1,16,380,4.13757947561,3.19569387904,0.00253902196633,-0.0105299535702
3,1,32,380,4.13504045365,3.20622383261,0,0
4,2,4,380,3.51974627794,3.20707883122,-0.615294175703,0.000854998608616
5,2,8,380,3.51284121888,3.19560494989,-0.622199234762,-0.0106188827211
6,2,16,380,3.50361519152,3.19850589794,-0.631425262122,-0.00771793467036
7,2,32,380,3.49386101992,3.1620626769,-0.641179433722,-0.0441611557074
8,3,4,380,3.36140977335,3.17304983102,-0.773630680293,-0.0331740015881
9,3,8,380,3.33854036437,3.12897869546,-0.796500089271,-0.0772451371511
10,3,16,380,3.3338089193,3.13457695382,-0.801231534349,-0.0716468787861
11,3,32,380,3.443175173,3.11251386399,-0.691865280648,-0.0937099686176
0,1,4,381,4.46040935176,3.28156033544,0.00618230542221,-0.0245973293107
1,1,8,381,4.45931780051,3.31936269964,0.00509075417216,0.0132050348807
2,1,16,381,4.45737484632,3.29775940632,0.00314779997372,-0.00839825843377
3,1,32,381,4.45422704634,3.30615766475,0,0
4,2,4,381,3.89995361061,3.30065648664,-0.554273435728,-0.00550117811381
5,2,8,381,3.88974567234,3.27934072076,-0.564481373998,-0.0268169439966
6,2,16,381,3.87617543533,3.29189135634,-0.578051611013,-0.0142663084191
7,2,32,381,3.86114353317,3.25775045011,-0.593083513176,-0.0484072146418
8,3,4,381,3.67801427258,3.27125149505,-0.77621277376,-0.0349061697008
9,3,8,381,3.65263225826,3.22699382275,-0.801594788087,-0.0791638420006
10,3,16,381,3.64677887293,3.23291836642,-0.807448173416,-0.073239298335
11,3,32,381,3.89297145783,3.21627513357,-0.56125558851,-0.0898825311883
0,1,4,382,4.17538081266,3.29186210102,0.00925214218416,-0.0104637437196
1,1,8,382,4.17360208995,3.32066942968,0.00747341947282,0.0183435849342
2,1,16,382,4.17060418965,3.30548870977,0.00447551917616,0.00316286502157
3,1,32,382,4.16612867048,3.30232584474,0,0
4,2,4,382,3.64710998751,3.32670601344,-0.519018682968,0.0243801686966
5,2,8,382,3.63663568235,3.29071859993,-0.529492988124,-0.0116072448127
6,2,16,382,3.62469523919,3.30564425848,-0.541433431284,0.0033184137349
7,2,32,382,3.61309135746,3.26966220222,-0.553037313013,-0.0326636425206
8,3,4,382,3.4467829563,3.31355408809,-0.71934571418,0.0112282433418
9,3,8,382,3.42221754265,3.26654418869,-0.743911127824,-0.0357816560547
10,3,16,382,3.41758006507,3.28284031194,-0.74854860541,-0.0194855328006
11,3,32,382,3.6409846376,3.23792794702,-0.525144032875,-0.0643978977231
0,1,4,383,3.69953237411,3.17637235893,0.00523742265902,-0.0144147500884
1,1,8,383,3.69853639646,3.18128602187,0.00424144500636,-0.00950108714795
2,1,16,383,3.696851279,3.17922641794,0.0025563275478,-0.0115606910778
3,1,32,383,3.69429495145,3.19078710902,0,0
4,2,4,383,3.05408592972,3.23993665584,-0.640209021728,0.0491495468176
5,2,8,383,3.04736947547,3.22231406421,-0.646925475976,0.0315269551903
6,2,16,383,3.04065886995,3.19987945919,-0.653636081499,0.00909235016962
7,2,32,383,3.0363218149,3.16809602555,-0.657973136553,-0.0226910834713
8,3,4,383,2.94284969381,3.20472050006,-0.751445257639,0.0139333910424
9,3,8,383,2.91844336979,3.15517544072,-0.775851581655,-0.0356116682945
10,3,16,383,2.91315484058,3.14708595733,-0.781140110864,-0.0437011516918
11,3,32,383,2.9080256704,3.10091662429,-0.786269281046,-0.0898704847242
0,1,4,384,4.26921238962,3.39880232734,0.0132920431229,-0.0162106046984
1,1,8,384,4.26681975651,3.43361030229,0.0108994100086,0.0185973702483
2,1,16,384,4.26261082803,3.40619436115,0.00669048153094,-0.00881857088679
3,1,32,384,4.2559203465,3.41501293204,0,0
4,2,4,384,3.89121571413,3.50332964615,-0.364704632367,0.0883167141114
5,2,8,384,3.87684835982,3.48475634167,-0.379071986678,0.069743409626
6,2,16,384,3.85830023149,3.47428255022,-0.397620115009,0.0592696181846
7,2,32,384,3.83774702953,3.42055260775,-0.418173316967,0.005539675707
8,3,4,384,3.73634487181,3.51124082987,-0.519575474693,0.0962278978321
9,3,8,384,3.69276165853,3.43057515783,-0.563158687965,0.0155622257952
10,3,16,384,3.68156414346,3.42992198402,-0.574356203037,0.0149090519803
11,3,32,384,3.87489747507,3.36078313924,-0.381022871429,-0.054229792801
0,1,4,385,3.6413184739,3.17691227999,0.0098077758805,-0.00505376441034
1,1,8,385,3.63937137628,3.18948407757,0.00786067826374,0.00751803317099
2,1,16,385,3.63616015332,3.18219470572,0.00464945529889,0.000228661316183
3,1,32,385,3.63151069802,3.1819660444,0,0
4,2,4,385,2.9447517264,3.24124915022,-0.686758971621,0.059283105821
5,2,8,385,2.9383669293,3.22498176043,-0.693143768719,0.0430157160234
6,2,16,385,2.9319271968,3.20253836697,-0.699583501216,0.0205723225678
7,2,32,385,2.92734927645,3.17063406919,-0.704161421569,-0.0113319752134
8,3,4,385,2.79675574423,3.22821780654,-0.834754953796,0.0462517621406
9,3,8,385,2.77248054804,3.17601540894,-0.859030149983,-0.00595063546263
10,3,16,385,2.76669040729,3.17064988135,-0.864820290732,-0.011316163053
11,3,32,385,2.76170604691,3.11496710754,-0.869804651108,-0.066998936861
0,1,4,386,4.03347658353,3.36505418576,0.00671698458284,-0.00739735242945
1,1,8,386,4.03230309015,3.39258716071,0.00554349119945,0.0201356225187
2,1,16,386,4.03020123806,3.36605242811,0.00344163911438,-0.00639911007542
3,1,32,386,4.02675959895,3.37245153819,0,0
4,2,4,386,3.49215227514,3.45790211756,-0.534607323804,0.0854505793733
5,2,8,386,3.48346178492,3.42076840441,-0.543297814022,0.0483168662208
6,2,16,386,3.47334773884,3.40715877197,-0.55341186011,0.0347072337757
7,2,32,386,3.46359053301,3.37207459223,-0.563169065932,-0.000376945955871
8,3,4,386,3.36813691648,3.3988388796,-0.658622682462,0.0263873414059
9,3,8,386,3.33849246966,3.34933111347,-0.688267129282,-0.0231204247157
10,3,16,386,3.33107036864,3.32780077723,-0.695689230302,-0.0446507609623
11,3,32,386,3.47019835882,3.3073730501,-0.556561240123,-0.0650784880907
0,1,4,387,3.48934976758,3.00695694117,0.00793041485791,-0.000842721926598
1,1,8,387,3.48750499367,3.0131327774,0.00608564094443,0.00533311430312
2,1,16,387,3.48474387317,3.01093230811,0.00332452044881,0.00313264501254
3,1,32,387,3.48141935273,3.00779966309,0,0
4,2,4,387,2.59210414929,2.95616742406,-0.889315203432,-0.0516322390395
5,2,8,387,2.58819759626,2.94789865747,-0.893221756468,-0.0599010056213
6,2,16,387,2.58689021929,2.93943715057,-0.894529133435,-0.0683625125285
7,2,32,387,2.59016905068,2.94348183741,-0.891250302046,-0.0643178256802
8,3,4,387,2.41826897423,2.96929415097,-1.06315037849,-0.0385055121197
9,3,8,387,2.41437788501,2.93729057035,-1.06704146772,-0.0705090927489
10,3,16,387,2.41552781952,2.9710416411,-1.06589153321,-0.0367580219959
11,3,32,387,2.42003626406,2.91537264477,-1.06138308867,-0.0924270183248
0,1,4,388,3.88336172986,3.57011664004,0.0243124391869,-0.00297023794643
1,1,8,388,3.87906049405,3.61609338272,0.02001120338,0.0430065047299
2,1,16,388,3.87141230568,3.58390508145,0.012363015008,0.010818203465
3,1,32,388,3.85904929067,3.57308687799,0,0
4,2,4,388,3.54402284016,3.88418061993,-0.315026450511,0.311093741946
5,2,8,388,3.5315071321,3.86397998291,-0.327542158574,0.290893104918
6,2,16,388,3.51235135403,3.80343333194,-0.346697936644,0.230346453948
7,2,32,388,3.48764908288,3.69792896463,-0.371400207798,0.124842086644
8,3,4,388,3.3871666777,3.87901068844,-0.47188261297,0.305923810456
9,3,8,388,3.31515412233,3.76790993009,-0.543895168347,0.194823052105
10,3,16,388,3.29218121251,3.68778222416,-0.566868078168,0.114695346175
11,3,32,388,3.26344283139,3.59874674729,-0.595606459285,0.0256598692978
0,1,4,389,4.57590217232,3.12083095683,0.0011406845671,-0.0310776582819
1,1,8,389,4.57552436276,3.14899600706,0.00076287500788,-0.00291260805194
2,1,16,389,4.5750590081,3.13930390296,0.000297520344562,-0.0126047121512
3,1,32,389,4.57476148775,3.15190861511,0,0
4,2,4,389,3.91368216425,3.04040625104,-0.661079323501,-0.111502364072
5,2,8,389,3.8990294771,3.00949826758,-0.675732010655,-0.142410347534
6,2,16,389,3.88438609811,3.03691849609,-0.690375389648,-0.114990119024
7,2,32,389,3.87333923823,3.04031465574,-0.701422249522,-0.111593959378
8,3,4,389,3.61297036543,3.0313303663,-0.961791122328,-0.120578248816
9,3,8,389,3.60623299125,3.00278503515,-0.968528496501,-0.149123579964
10,3,16,389,3.60624450355,3.04305167772,-0.968516984209,-0.108856937399
11,3,32,389,4.01427190388,3.02549127349,-0.560489583876,-0.126417341627
0,1,4,390,4.12538379119,3.18166983037,0.00681635432909,-0.00797241638472
1,1,8,390,4.12410554698,3.20227792176,0.00553811011809,0.0126356750079
2,1,16,390,4.12191874954,3.18312693344,0.00335131267952,-0.00651531331714
3,1,32,390,4.11856743686,3.18964224675,0,0
4,2,4,390,3.49997846543,3.19179414391,-0.618588971423,0.0021518971573
5,2,8,390,3.49343080436,3.1831298963,-0.625136632495,-0.00651235045111
6,2,16,390,3.48441284473,3.18886097638,-0.634154592124,-0.000781270374246
7,2,32,390,3.47442471152,3.15060977117,-0.644142725335,-0.0390324755819
8,3,4,390,3.34880780584,3.16705833677,-0.769759631016,-0.022583909982
9,3,8,390,3.32627021693,3.12022624052,-0.792297219924,-0.0694160062338
10,3,16,390,3.3216670484,3.13172854388,-0.796900388453,-0.0579137028687
11,3,32,390,3.43101107218,3.10727753537,-0.68755636468,-0.0823647113856
0,1,4,391,3.83085794871,3.3357502164,0.00943088841076,-0.0178457140027
1,1,8,391,3.82914195276,3.372675329,0.0077148924637,0.0190793985993
2,1,16,391,3.82614755768,3.33178702457,0.00472049738022,-0.0218089058318
3,1,32,391,3.8214270603,3.3535959304,0,0
4,2,4,391,3.14100427137,3.39261721528,-0.680422788923,0.0390212848813
5,2,8,391,3.13530924535,3.40057144428,-0.686117814948,0.0469755138747
6,2,16,391,3.12698636388,3.35556106787,-0.694440696419,0.00196513746908
7,2,32,391,3.11752857904,3.34628839765,-0.70389848126,-0.00730753274935
8,3,4,391,3.06935188617,3.37366001562,-0.752075174126,0.0200640852155
9,3,8,391,3.03867546623,3.31183382302,-0.782751594062,-0.0417621073814
10,3,16,391,3.03026725458,3.2962915183,-0.791159805717,-0.0573044120996
11,3,32,391,3.01949891433,3.26050725541,-0.801928145961,-0.0930886749912
0,1,4,392,4.52569472786,3.1338617862,3.45055235895e-05,-0.0276247124534
1,1,8,392,4.52556198284,3.15727076078,-9.82394920515e-05,-0.00421573786803
2,1,16,392,4.52547394678,3.15125425855,-0.000186275556025,-0.0102322400957
3,1,32,392,4.52566022233,3.16148649865,0,0
4,2,4,392,3.90692463568,3.03620572446,-0.618735586654,-0.125280774193
5,2,8,392,3.89522992359,3.00148198018,-0.630430298739,-0.160004518472
6,2,16,392,3.88350226412,3.04613427213,-0.642157958214,-0.115352226522
7,2,32,392,3.87457347947,3.04308244988,-0.651086742867,-0.118404048774
8,3,4,392,3.65125574092,3.0166958476,-0.874404481415,-0.144790651047
9,3,8,392,3.64682855829,2.99642594039,-0.878831664045,-0.165060558262
10,3,16,392,3.64922000658,3.04993438672,-0.876440215757,-0.111552111933
11,3,32,392,4.02775801732,3.03492860216,-0.497902205017,-0.126557896491
0,1,4,393,4.28777045053,3.36989952698,0.0141003506106,-0.00347909367225
1,1,8,393,4.28522379089,3.40046760682,0.0115536909795,0.0270889861666
2,1,16,393,4.28075693224,3.37105350012,0.00708683232492,-0.00232512053504
3,1,32,393,4.27367009991,3.37337862065,0,0
4,2,4,393,3.88918794337,3.54272495342,-0.384482156548,0.169346332767
5,2,8,393,3.87213821006,3.51435507307,-0.401531889854,0.140976452418
6,2,16,393,3.85117731838,3.48552225041,-0.422492781533,0.112143629764
7,2,32,393,3.82915565297,3.41548033921,-0.444514446949,0.0421017185598
8,3,4,393,3.6889825642,3.52962214314,-0.584687535714,0.156243522487
9,3,8,393,3.64016075867,3.44038046995,-0.63350934124,0.0670018493035
10,3,16,393,3.62477397636,3.40279991656,-0.648896123554,0.0294212959063
11,3,32,393,3.83489726145,3.34747326658,-0.438772838467,-0.0259053540736
0,1,4,394,3.76992941702,3.21837560455,0.00938871487283,0.00554777471907
1,1,8,394,3.76812907818,3.23594076384,0.00758837602831,0.0231129340038
2,1,16,394,3.76509105315,3.2091420292,0.00455035100008,-0.003685800633
3,1,32,394,3.76054070215,3.21282782984,0,0
4,2,4,394,3.11599537442,3.23267758223,-0.644545327727,0.0198497523961
5,2,8,394,3.11324263402,3.22897441816,-0.647298068132,0.0161465883283
6,2,16,394,3.10876814491,3.22515754135,-0.651772557238,0.0123297115152
7,2,32,394,3.10320494998,3.19298735528,-0.657335752172,-0.0198404745589
8,3,4,394,3.05300545691,3.21393772605,-0.707535245233,0.00110989621772
9,3,8,394,3.03074884172,3.16468712699,-0.729791860429,-0.0481407028507
10,3,16,394,3.02705153864,3.1807425367,-0.733489163504,-0.0320852931346
11,3,32,394,3.01940649658,3.14353346134,-0.741134205567,-0.0692943684927
0,1,4,395,4.31708132026,3.33789472135,0.0049969109536,-0.0239191020005
1,1,8,395,4.31623213237,3.37135501869,0.0041477230604,0.00954119533684
2,1,16,395,4.31468121082,3.36031403573,0.00259680151176,-0.00149978762488
3,1,32,395,4.31208440931,3.36181382335,0,0
4,2,4,395,3.81531565251,3.35361717891,-0.496768756795,-0.00819664443832
5,2,8,395,3.80784805584,3.3130612425,-0.504236353464,-0.0487525808557
6,2,16,395,3.79809920111,3.34490945962,-0.5139852082,-0.0169043637267
7,2,32,395,3.78726306774,3.30811485743,-0.524821341562,-0.0536989659238
8,3,4,395,3.62752604193,3.30855856409,-0.684558367373,-0.0532552592638
9,3,8,395,3.60558325683,3.2785223613,-0.70650115248,-0.0832914620485
10,3,16,395,3.60292808856,3.29630469885,-0.709156320748,-0.0655091244975
11,3,32,395,3.83180467777,3.27526758767,-0.480279731535,-0.0865462356802
0,1,4,396,3.76594005527,3.35469698599,0.00880791811526,-0.0183868982746
1,1,8,396,3.76431908855,3.39109815741,0.0071869513935,0.0180142731542
2,1,16,396,3.76150914251,3.37379756767,0.00437700534795,0.00071368340547
3,1,32,396,3.75713213716,3.37308388426,0,0
4,2,4,396,3.11450867556,3.35580332173,-0.642623461597,-0.0172805625262
5,2,8,396,3.11532522587,3.33798587846,-0.641806911285,-0.0350980058033
6,2,16,396,3.1142671711,3.35152300343,-0.642864966055,-0.0215608808345
7,2,32,396,3.11094244379,3.33127452832,-0.646189693371,-0.0418093559441
8,3,4,396,3.02215922089,3.32743711613,-0.73497291627,-0.0456467681348
9,3,8,396,3.00284537128,3.30067781755,-0.754286765881,-0.0724060667068
10,3,16,396,3.00186814699,3.32419323839,-0.755263990174,-0.0488906458671
11,3,32,396,2.99574751845,3.28680934798,-0.761384618709,-0.0862745362797
0,1,4,397,3.82888513552,3.30957983483,0.0067704966801,-0.00533871004925
1,1,8,397,3.82770263977,3.33440695842,0.0055880009336,0.0194884135379
2,1,16,397,3.82558421686,3.30201809677,0.0034695780176,-0.0129004481133
3,1,32,397,3.82211463884,3.31491854488,0,0
4,2,4,397,3.19071828439,3.3604895259,-0.631396354448,0.0455709810214
5,2,8,397,3.18775420396,3.35173342899,-0.63436043488,0.0368148841024
6,2,16,397,3.18267201368,3.33271816313,-0.639442625164,0.0177996182424
7,2,32,397,3.17630871717,3.30533506109,-0.645805921675,-0.0095834837956
8,3,4,397,3.14362322104,3.3096502634,-0.678491417801,-0.0052682814853
9,3,8,397,3.11728759628,3.26195410417,-0.704827042564,-0.0529644407117
10,3,16,397,3.11156010164,3.25224141229,-0.710554537202,-0.0626771325938
11,3,32,397,3.10356903016,3.23375725719,-0.718545608678,-0.0811612876971
0,1,4,398,3.65560009222,3.23256288909,0.0128786568047,0.00333526382295
1,1,8,398,3.6530746574,3.25390633967,0.0103532219823,0.0246787144
2,1,16,398,3.64887429413,3.21907086595,0.00615285871787,-0.0101567593151
3,1,32,398,3.64272143541,3.22922762527,0,0
4,2,4,398,2.95520593005,3.31016897407,-0.68751550536,0.0809413488056
5,2,8,398,2.94660326422,3.31290747719,-0.696118171192,0.0836798519247
6,2,16,398,2.93696113983,3.26238150671,-0.705760295582,0.0331538814451
7,2,32,398,2.92844155354,3.24233639144,-0.714279881876,0.0131087661714
8,3,4,398,2.85972150042,3.31577192409,-0.782999934989,0.0865442988241
9,3,8,398,2.82886661762,3.24142271174,-0.813854817796,0.0121950864781
10,3,16,398,2.81959708484,3.22754998005,-0.823124350575,-0.00167764521826
11,3,32,398,2.810015088,3.16825902784,-0.832706347418,-0.0609685974318
0,1,4,399,4.15437679239,3.24983636044,0.0152409302782,0.00356359265669
1,1,8,399,4.15155749419,3.27766098546,0.0124216320795,0.0313882176763
2,1,16,399,4.14668910368,3.24517240892,0.00755324156272,-0.00110035887118
3,1,32,399,4.13913586211,3.24627276779,0,0
4,2,4,399,3.6139318191,3.37431781558,-0.52520404301,0.12804504779
5,2,8,399,3.60209952684,3.37432462109,-0.537036335272,0.128051853306
6,2,16,399,3.5855930034,3.34579713216,-0.553542858713,0.0995243643718
7,2,32,399,3.56637554906,3.27723158178,-0.572760313051,0.0309588139907
8,3,4,399,3.43431594738,3.37594852078,-0.704819914735,0.12967575299
9,3,8,399,3.3907738454,3.29007700979,-0.748362016711,0.0438042420069
10,3,16,399,3.37693007483,3.26405205578,-0.762205787283,0.0177792879907
11,3,32,399,3.46791612245,3.21454019438,-0.671219739663,-0.031732573406
0,1,4,400,4.60457229803,3.09116422765,-0.000911083889223,-0.0395975860027
1,1,8,400,4.6046502894,3.12908565951,-0.000833092522124,-0.00167615414487
2,1,16,400,4.60488731807,3.10729431325,-0.000596063849948,-0.0234675004046
3,1,32,400,4.60548338192,3.13076181366,0,0
4,2,4,400,3.81271178961,2.94901136916,-0.792771592305,-0.181750444494
5,2,8,400,3.80458892355,2.94995052055,-0.800894458367,-0.180811293105
6,2,16,400,3.7946137394,2.97715533652,-0.810869642523,-0.153606477137
7,2,32,400,3.78520591472,2.99436240604,-0.820277467199,-0.136399407616
8,3,4,400,3.55844129667,2.93240637665,-1.04704208525,-0.198355437009
9,3,8,400,3.55682638201,2.91475402643,-1.04865699991,-0.216007787231
10,3,16,400,3.55862722484,2.96196697814,-1.04685615708,-0.168794835515
11,3,32,400,3.86473639593,2.97187870417,-0.740746985985,-0.158883109483
0,1,4,401,4.3326209172,3.46448210283,0.0180368351482,-0.0170234333112
1,1,8,401,4.32950010479,3.51627289131,0.0149160227394,0.0347673551731
2,1,16,401,4.32386722888,3.47709486631,0.00928314683049,-0.00441066982639
3,1,32,401,4.31458408205,3.48150553614,0,0
4,2,4,401,3.93195809189,3.6328786814,-0.382625990159,0.151373145264
5,2,8,401,3.92122959329,3.63561003565,-0.393354488756,0.154104499509
6,2,16,401,3.9025304443,3.60986519666,-0.412053637752,0.128359660522
7,2,32,401,3.87673902704,3.52794143182,-0.437845055009,0.0464358956782
8,3,4,401,3.76647933074,3.63275982484,-0.548104751315,0.151254288697
9,3,8,401,3.70930372113,3.54112795681,-0.605280360919,0.0596224206732
10,3,16,401,3.69227140707,3.50615199185,-0.622312674984,0.0246464557141
11,3,32,401,3.7692784195,3.45051646929,-0.545305662551,-0.0309890668528
0,1,4,402,4.1813382137,3.40574874018,0.0196547552525,0.0064480547758
1,1,8,402,4.17784286152,3.43871483773,0.0161594030709,0.0394141523296
2,1,16,402,4.17164966285,3.39615006762,0.00996620439971,-0.0031506177813
3,1,32,402,4.16168345845,3.3993006854,0,0
4,2,4,402,3.8106080382,3.6537044398,-0.351075420243,0.254403754393
5,2,8,402,3.79420835013,3.64828078718,-0.367475108321,0.248980101778
6,2,16,402,3.77138787867,3.5905975429,-0.390295579773,0.191296857494
7,2,32,402,3.7445290167,3.4949782461,-0.417154441749,0.0956775606984
8,3,4,402,3.65604543026,3.65083358627,-0.505638028189,0.251532900865
9,3,8,402,3.59143045641,3.53437122087,-0.570253002033,0.135070535468
10,3,16,402,3.56964972786,3.46867821919,-0.592033730585,0.0693775337918
11,3,32,402,3.64969184429,3.40270723199,-0.511991614161,0.0034065465837
0,1,4,403,4.2843174318,3.15193009316,0.000510969103426,-0.0247630016237
1,1,8,403,4.28409199621,3.17664343403,0.000285533511018,-4.96607616665e-05
2,1,16,403,4.28384927703,3.16696586537,4.28143337503e-05,-0.0097272294187
3,1,32,403,4.2838064627,3.17669309479,0,0
4,2,4,403,3.59295618626,3.05034752566,-0.690850276441,-0.126345569131
5,2,8,403,3.58557790162,3.02188923975,-0.698228561084,-0.154803855043
6,2,16,403,3.57851736679,3.05868041861,-0.705289095911,-0.118012676177
7,2,32,403,3.57383131175,3.06399154295,-0.709975150953,-0.112701551834
8,3,4,403,3.38627347094,3.0246131945,-0.897532991756,-0.152079900285
9,3,8,403,3.38406166456,3.01004544812,-0.899744798141,-0.16664764667
10,3,16,403,3.38746263862,3.06123000631,-0.896343824079,-0.115463088479
11,3,32,403,3.66258298512,3.04858005309,-0.621223477576,-0.128113041697
0,1,4,404,3.92187136639,3.20798566405,0.0076698738964,-0.0146442660903
1,1,8,404,3.92038062365,3.22406257176,0.00617913115858,0.0014326416259
2,1,16,404,3.91788915651,3.21772323425,0.00368766402525,-0.00490669588621
3,1,32,404,3.91420149249,3.22262993014,0,0
4,2,4,404,3.30716272416,3.27051404712,-0.607038768328,0.0478841169803
5,2,8,404,3.29720129178,3.24577489642,-0.617000200712,0.0231449662845
6,2,16,404,3.28670599217,3.23210457809,-0.627495500319,0.00947464795487
7,2,32,404,3.27822685544,3.19900592641,-0.635974637046,-0.023624003731
8,3,4,404,3.12606460175,3.25154625242,-0.788136890742,0.0289163222864
9,3,8,404,3.10031964708,3.19900415681,-0.813881845408,-0.0236257733266
10,3,16,404,3.09410647373,3.19493505767,-0.820095018763,-0.0276948724709
11,3,32,404,3.2007975106,3.14547302814,-0.713403981889,-0.0771569019946
0,1,4,405,4.107889128,3.11776328686,-0.000410137759577,-0.0158511891636
1,1,8,405,4.1078687875,3.13793935869,-0.000430478258826,0.00432488266488
2,1,16,405,4.10794116669,3.12098014265,-0.000358099067981,-0.0126343333787
3,1,32,405,4.10829926576,3.13361447602,0,0
4,2,4,405,3.35633684907,2.97057892648,-0.751962416688,-0.163035549546
5,2,8,405,3.35607464277,2.96217409706,-0.75222462299,-0.171440378969
6,2,16,405,3.35543282143,3.00620784799,-0.75286644433,-0.127406628034
7,2,32,405,3.35504451034,3.01286722468,-0.753254755412,-0.120747251345
8,3,4,405,3.24870718644,2.93644039308,-0.859592079319,-0.197174082942
9,3,8,405,3.25131286843,2.93004498175,-0.856986397324,-0.203569494274
10,3,16,405,3.25758274362,2.99614811746,-0.850716522136,-0.137466358569
11,3,32,405,3.39841528948,2.99642874217,-0.709883976276,-0.13718573385
0,1,4,406,4.21263671326,3.16257342059,0.00158750937689,-0.0369713808937
1,1,8,406,4.2121916929,3.19205274045,0.00114248902157,-0.00749206103638
2,1,16,406,4.2115927655,3.19360204775,0.000543561619064,-0.00594275373455
3,1,32,406,4.21104920388,3.19954480149,0,0
4,2,4,406,3.49224870308,3.0670724367,-0.718800500797,-0.132472364786
5,2,8,406,3.48532045749,3.0361868506,-0.725728746386,-0.163357950882
6,2,16,406,3.47892664807,3.07264434846,-0.732122555814,-0.12690045303
7,2,32,406,3.47509125336,3.08060351098,-0.735957950516,-0.11894129051
8,3,4,406,3.2421949098,3.05172484721,-0.968854294082,-0.147819954276
9,3,8,406,3.23996997236,3.04167469104,-0.971079231523,-0.157870110446
10,3,16,406,3.24355389599,3.09259106837,-0.967495307892,-0.10695373312
11,3,32,406,3.49719560085,3.06681679359,-0.713853603035,-0.132728007891
0,1,4,407,3.71215973127,3.13106456682,0.00364440543697,-0.0204765329378
1,1,8,407,3.71130213431,3.15818458465,0.00278680847849,0.00664348489805
2,1,16,407,3.71002698021,3.15641256497,0.00151165437965,0.00487146521766
3,1,32,407,3.70851532583,3.15154109976,0,0
4,2,4,407,2.82555861095,3.00867396543,-0.88295671488,-0.142867134328
5,2,8,407,2.83043789368,2.99520608489,-0.878077432147,-0.156335014863
6,2,16,407,2.83593936454,3.03334194493,-0.87257596129,-0.11819915483
7,2,32,407,2.84168271388,3.04194650051,-0.866832611949,-0.109594599243
8,3,4,407,2.67110321518,2.98240159366,-1.03741211065,-0.169139506097
9,3,8,407,2.67578189702,2.98905922811,-1.03273342881,-0.162481871648
10,3,16,407,2.68273984786,3.04555349654,-1.02577547797,-0.105987603218
11,3,32,407,2.68896187239,3.02909520305,-1.01955345344,-0.122445896701
0,1,4,408,4.2152408665,3.51766693766,0.0221290967609,0.000870490773412
1,1,8,408,4.2113226824,3.56652298922,0.0182109126662,0.0497265423392
2,1,16,408,4.20435803158,3.51595258017,0.0112462618478,-0.000843866715686
3,1,32,408,4.19311176974,3.51679644688,0,0
4,2,4,408,3.86796328558,3.77173087183,-0.32514848416,0.254934424952
5,2,8,408,3.85253061431,3.76544836383,-0.340581155421,0.248651916952
6,2,16,408,3.82971361588,3.70953297255,-0.363398153854,0.192736525669
7,2,32,408,3.80118982079,3.61799160481,-0.391921948941,0.101195157929
8,3,4,408,3.71318912351,3.77507216711,-0.47992264623,0.258275720223
9,3,8,408,3.64547104826,3.65922112525,-0.547640721478,0.142424678364
10,3,16,408,3.62316134278,3.59451485373,-0.569950426957,0.0777184068487
11,3,32,408,3.70960142234,3.52480732222,-0.483510347396,0.00801087533247
0,1,4,409,3.59028324905,3.13277918052,0.00534101419425,0.00321648783299
1,1,8,409,3.58905592221,3.15306706314,0.00411368735477,0.0235043704466
2,1,16,409,3.58720501016,3.14383932553,0.00226277529673,0.0142766328369
3,1,32,409,3.58494223486,3.12956269269,0,0
4,2,4,409,2.71139514894,3.04514140393,-0.873547085922,-0.0844212887589
5,2,8,409,2.7157628457,3.01935751522,-0.86917938916,-0.110205177466
6,2,16,409,2.72176232017,3.05180642811,-0.863179914687,-0.0777562645836
7,2,32,409,2.7289629933,3.05166144848,-0.855979241562,-0.0779012442122
8,3,4,409,2.57786041385,3.00687819908,-1.00708182101,-0.122684493605
9,3,8,409,2.58156979952,3.00864313682,-1.00337243534,-0.120919555864
10,3,16,409,2.58744808448,3.05262397488,-0.997494150383,-0.0769387178104
11,3,32,409,2.59524322068,3.04063453431,-0.989699014178,-0.0889281583827
0,1,4,410,3.74896321361,3.04203016066,0.00214822618538,-0.00756036415376
1,1,8,410,3.74838149897,3.0527574919,0.00156651155239,0.00316696708453
2,1,16,410,3.74758457819,3.04392607544,0.00076959076923,-0.00566444937043
3,1,32,410,3.74681498742,3.04959052481,0,0
4,2,4,410,2.89852040607,2.91707447639,-0.848294581355,-0.132516048425
5,2,8,410,2.90090742139,2.9166540822,-0.845907566029,-0.132936442618
6,2,16,410,2.90384145016,2.94462932282,-0.842973537263,-0.104961201997
7,2,32,410,2.90775865221,2.94691962582,-0.83905633521,-0.102670898996
8,3,4,410,2.79984956329,2.89322254401,-0.94696542413,-0.156367980805
9,3,8,410,2.80245202131,2.88367494076,-0.944362966114,-0.165915584048
10,3,16,410,2.80814713892,2.9408347356,-0.938667848504,-0.108755789213
11,3,32,410,2.81224831005,2.92588562333,-0.934566677367,-0.123704901485
0,1,4,411,3.86117711864,3.25538419927,0.00746532021096,0.000640555796869
1,1,8,411,3.85982237208,3.28086971993,0.00611057364957,0.02612607646
2,1,16,411,3.85745527335,3.25964177769,0.00374347492787,0.00489813422304
3,1,32,411,3.85371179843,3.25474364347,0,0
4,2,4,411,3.17957307736,3.27962618723,-0.674138721071,0.0248825437566
5,2,8,411,3.18029918657,3.2623848358,-0.673412611856,0.00764119232722
6,2,16,411,3.17878400162,3.2735330759,-0.674927796807,0.0187894324252
7,2,32,411,3.17481004937,3.23215982769,-0.67890174906,-0.0225838157856
8,3,4,411,3.07597201913,3.22341226204,-0.777739779299,-0.0313313814351
9,3,8,411,3.05610955534,3.19404812788,-0.797602243084,-0.060695515594
10,3,16,411,3.05319265479,3.19612191072,-0.800519143636,-0.0586217327481
11,3,32,411,3.04862519702,3.18804605517,-0.805086601411,-0.0666975883057
0,1,4,412,3.74464975361,3.17783174907,0.00146585429216,-0.0319761126262
1,1,8,412,3.7442655669,3.20755091303,0.00108166757848,-0.00225694867117
2,1,16,412,3.74372879241,3.20857433578,0.00054489309264,-0.00123352591247
3,1,32,412,3.74318389932,3.2098078617,0,0
4,2,4,412,2.89419004919,3.03770050983,-0.848993850127,-0.172107351863
5,2,8,412,2.90025945973,3.02302516748,-0.842924439586,-0.186782694218
6,2,16,412,2.90675050663,3.06899267117,-0.836433392688,-0.140815190527
7,2,32,412,2.91305836935,3.08380705137,-0.830125529971,-0.126000810327
8,3,4,412,2.76531498792,3.0040308199,-0.977868911399,-0.205777041798
9,3,8,412,2.77122127436,3.01778223529,-0.971962624958,-0.192025626411
10,3,16,412,2.77979377594,3.08303274769,-0.963390123377,-0.126775114008
11,3,32,412,2.78559170641,3.06819564047,-0.957592192911,-0.14161222123
0,1,4,413,4.06256933509,3.34185434661,-0.00121649774409,-0.0369961626861
1,1,8,413,4.06277918706,3.38710341492,-0.00100664577511,0.00825290562665
2,1,16,413,4.06315731722,3.37048791448,-0.000628515611932,-0.00836259480909
3,1,32,413,4.06378583283,3.37885050929,0,0
4,2,4,413,3.3161416197,3.2074115044,-0.747644213134,-0.171439004886
5,2,8,413,3.31856800687,3.17133688952,-0.745217825967,-0.207513619774
6,2,16,413,3.32132062088,3.22188701816,-0.742465211951,-0.156963491129
7,2,32,413,3.32413073852,3.25127066994,-0.739655094316,-0.127579839352
8,3,4,413,3.19101435451,3.14661492445,-0.872771478321,-0.23223558484
9,3,8,413,3.19601973797,3.16409084175,-0.86776609486,-0.214759667544
10,3,16,413,3.20425610492,3.22306098361,-0.859529727909,-0.155789525677
11,3,32,413,3.37740347578,3.23125336416,-0.686382357049,-0.147597145132
0,1,4,414,4.59400727221,3.17968488503,-0.000563696718954,-0.0191656289647
1,1,8,414,4.59398900244,3.20073952313,-0.000581966484826,0.00188900914219
2,1,16,414,4.59409244648,3.17708460187,-0.000478522444477,-0.0217659121231
3,1,32,414,4.59457096893,3.19885051399,0,0
4,2,4,414,4.05552806891,3.07460630774,-0.539042900021,-0.124244206252
5,2,8,414,4.04052544508,3.04203188482,-0.554045523847,-0.156818629173
6,2,16,414,4.02570615966,3.07830845999,-0.568864809266,-0.120542054004
7,2,32,414,4.01448102789,3.08627799303,-0.580089941041,-0.112572520958
8,3,4,414,3.87024007259,3.06045308558,-0.72433089634,-0.138397428413
9,3,8,414,3.86383768768,3.02658368869,-0.730733281242,-0.172266825303
10,3,16,414,3.86571118955,3.08739330669,-0.728859779379,-0.1114572073
11,3,32,414,4.30376842863,3.06974450361,-0.290802540299,-0.129106010384
0,1,4,415,4.14256109356,3.48967788026,0.0194713429303,-0.0097519652199
1,1,8,415,4.13911057707,3.53577319243,0.0160208264389,0.036343346954
2,1,16,415,4.1329802505,3.50228285843,0.00989049986495,0.00285301295093
3,1,32,415,4.12308975063,3.49942984548,0,0
4,2,4,415,3.76591712,3.69203543796,-0.357172630633,0.192605592484
5,2,8,415,3.7537979141,3.67783789066,-0.369291836535,0.17840804518
6,2,16,415,3.73537020493,3.6464311529,-0.387719545707,0.147001307422
7,2,32,415,3.71181396909,3.56371314091,-0.411275781545,0.0642832954297
8,3,4,415,3.60042348677,3.69275062043,-0.522666263864,0.193320774954
9,3,8,415,3.54239197526,3.59891560124,-0.580697775369,0.0994857557654
10,3,16,415,3.52512646836,3.55833999942,-0.597963282273,0.0589101539455
11,3,32,415,3.60161435402,3.48685982388,-0.521475396617,-0.0125700215937
0,1,4,416,3.89531957626,3.51041796032,0.0212618364206,0.0019501202821
1,1,8,416,3.89154765273,3.548064638,0.0174899128907,0.0395967979626
2,1,16,416,3.88485071109,3.49853131352,0.0107929712533,-0.00993652652214
3,1,32,416,3.87405773984,3.50846784004,0,0
4,2,4,416,3.54515448621,3.73964757764,-0.328903253632,0.231179737605
5,2,8,416,3.53268967137,3.74471002986,-0.341368068476,0.236242189818
6,2,16,416,3.51383693336,3.68195923948,-0.360220806478,0.173491399442
7,2,32,416,3.49000544073,3.60324881666,-0.384052299112,0.0947809766169
8,3,4,416,3.49965481449,3.75252858903,-0.374402925353,0.244060748991
9,3,8,416,3.43439989705,3.63511919133,-0.439657842793,0.126651351287
10,3,16,416,3.41455526535,3.58803462973,-0.45950247449,0.0795667896933
11,3,32,416,3.38508914999,3.49994831532,-0.48896858985,-0.00851952472229
0,1,4,417,3.78912878847,3.17199160302,-0.000262299135021,-0.0471654779726
1,1,8,417,3.78909667378,3.20032130719,-0.00029441381868,-0.0188357738074
2,1,16,417,3.78913115733,3.2014108485,-0.000259930276042,-0.017746232494
3,1,32,417,3.7893910876,3.219157081,0,0
4,2,4,417,2.96579872587,3.00780841171,-0.823592361735,-0.211348669287
5,2,8,417,2.97006592074,3.00819802478,-0.819325166866,-0.210959056218
6,2,16,417,2.97441990969,3.04567035803,-0.814971177908,-0.17348672297
7,2,32,417,2.97893763755,3.07373190676,-0.81045345005,-0.145425174234
8,3,4,417,2.86816132227,2.99170626779,-0.921229765327,-0.22745081321
9,3,8,417,2.87282103995,2.99750979128,-0.916570047651,-0.221647289715
10,3,16,417,2.88149810055,3.07432706466,-0.907892987054,-0.144830016335
11,3,32,417,2.88445412531,3.04633505863,-0.90493696229,-0.172822022369
0,1,4,418,3.77914949877,3.3203563119,0.0100538158436,-0.0185836826384
1,1,8,418,3.7772618385,3.35630181754,0.00816615557384,0.0173618229932
2,1,16,418,3.77403206853,3.33005777265,0.00493638559466,-0.00888222189269
3,1,32,418,3.76909568293,3.33893999454,0,0
4,2,4,418,3.10043285389,3.33229994387,-0.668662829045,-0.00664005066763
5,2,8,418,3.09795672063,3.33071835935,-0.671138962301,-0.00822163519457
6,2,16,418,3.09332713221,3.3195194879,-0.67576855072,-0.0194205066401
7,2,32,418,3.08706807538,3.30649102751,-0.682027607555,-0.0324489670334
8,3,4,418,3.00951438185,3.3242811161,-0.759581301081,-0.0146588784437
9,3,8,418,2.98596628203,3.27957022429,-0.783129400904,-0.0593697702515
10,3,16,418,2.98210627554,3.29470737553,-0.786989407393,-0.0442326190165
11,3,32,418,2.97351911406,3.24818085801,-0.795576568867,-0.0907591365334
0,1,4,419,4.47538604776,3.17987814631,0.00270618000087,-0.0224574231795
1,1,8,419,4.47469084726,3.2070194391,0.00201097950571,0.00468386961037
2,1,16,419,4.47370481895,3.19024335665,0.00102495119091,-0.0120922128428
3,1,32,419,4.47267986775,3.20233556949,0,0
4,2,4,419,3.88703112243,3.07225573016,-0.585648745324,-0.13007983933
5,2,8,419,3.87354716687,3.04057043152,-0.599132700885,-0.161765137976
6,2,16,419,3.8603303314,3.07994258353,-0.61234953635,-0.12239298596
7,2,32,419,3.85030939302,3.08864535836,-0.622370474737,-0.113690211137
8,3,4,419,3.66146978576,3.07902763882,-0.811210081992,-0.123307930676
9,3,8,419,3.65587388888,3.04855004423,-0.816805978878,-0.153785525259
10,3,16,419,3.65825399237,3.11528263968,-0.814425875382,-0.0870529298126
11,3,32,419,4.06060258898,3.08125676518,-0.412077278778,-0.12107880431
0,1,4,420,4.37183851863,3.10513138008,0.00163661408271,-0.0319490787395
1,1,8,420,4.37137383354,3.13701472999,0.00117192899813,-6.57288294859e-05
2,1,16,420,4.37075334967,3.12653017435,0.000551445127896,-0.0105502844735
3,1,32,420,4.37020190455,3.13708045882,0,0
4,2,4,420,3.59971485604,2.99816842317,-0.770487048505,-0.138912035657
5,2,8,420,3.59160557944,2.98228540253,-0.77859632511,-0.154795056298
6,2,16,420,3.58306271069,3.01034365438,-0.787139193856,-0.126736804448
7,2,32,420,3.57640983567,3.01912145373,-0.793792068873,-0.117959005092
8,3,4,420,3.3339533985,2.98624630497,-1.03624850605,-0.150834153856
9,3,8,420,3.33134097912,2.96893940382,-1.03886092542,-0.168141055
10,3,16,420,3.33324944524,3.01345986176,-1.0369524593,-0.123620597068
11,3,32,420,3.61077943681,3.00290265271,-0.759422467733,-0.134177806118
0,1,4,421,3.82447799762,3.17054746919,0.00294537315101,-0.0197559362876
1,1,8,421,3.82374317836,3.1896248766,0.00221055388891,-0.000678528874454
2,1,16,421,3.82268662698,3.19072646886,0.00115400250807,0.000423063388236
3,1,32,421,3.82153262447,3.19030340547,0,0
4,2,4,421,3.08728354443,3.08248805323,-0.734249080041,-0.10781535224
5,2,8,421,3.0849333554,3.0496675748,-0.736599269074,-0.140635830676
6,2,16,421,3.08431409681,3.08411179636,-0.737218527661,-0.106191609109
7,2,32,421,3.08651514371,3.09007389325,-0.735017480758,-0.100229512221
8,3,4,421,2.92744533689,3.06115366923,-0.894087287582,-0.129149736248
9,3,8,421,2.92709987065,3.05372390329,-0.894432753823,-0.136579502179
10,3,16,421,2.93244878691,3.10897643225,-0.889083837561,-0.0813269732234
11,3,32,421,3.06055010728,3.07448316014,-0.760982517194,-0.115820245331
0,1,4,422,3.99944481978,3.35223678891,0.0148302031255,-0.000202419111336
1,1,8,422,3.99671740704,3.37947457576,0.0121027903839,0.0270353677415
2,1,16,422,3.99198802764,3.35240196416,0.00737341098278,-3.72438574008e-05
3,1,32,422,3.98461461665,3.35243920802,0,0
4,2,4,422,3.54321216594,3.4771760923,-0.441402450713,0.124736884281
5,2,8,422,3.53223511932,3.46004101321,-0.452379497333,0.107601805196
6,2,16,422,3.51777975089,3.44114914724,-0.466834865762,0.0887099392265
7,2,32,422,3.50146257665,3.38005626626,-0.483152040003,0.0276170582436
8,3,4,422,3.41299385017,3.47589052079,-0.571620766484,0.123451312775
9,3,8,422,3.37053200376,3.39674855924,-0.614082612888,0.0443093512248
10,3,16,422,3.35915085207,3.3845083722,-0.625463764586,0.0320691641799
11,3,32,422,3.44849482853,3.31865083495,-0.536119788119,-0.0337883730622
0,1,4,423,4.13688524945,3.29752634649,0.00133474760008,-0.0426867152286
1,1,8,423,4.13653496347,3.33429270551,0.000984461619021,-0.0059203562114
2,1,16,423,4.1360424964,3.33617713833,0.000491994554427,-0.00403592339353
3,1,32,423,4.13555050185,3.34021306172,0,0
4,2,4,423,3.50371061108,3.17150344401,-0.631839890771,-0.168709617712
5,2,8,423,3.50015190523,3.12821120839,-0.635398596616,-0.212001853332
6,2,16,423,3.49735244671,3.18851217326,-0.638198055137,-0.151700888461
7,2,32,423,3.49614641348,3.20570364739,-0.639404088363,-0.134509414328
8,3,4,423,3.31595051522,3.15384951347,-0.81959998663,-0.186363548253
9,3,8,423,3.31683889281,3.15757483777,-0.818711609035,-0.182638223948
10,3,16,423,3.32447079909,3.23531558393,-0.811079702754,-0.10489747779
11,3,32,423,3.57763098778,3.2005015563,-0.557919514067,-0.139711505423
0,1,4,424,4.19261961873,3.28926885923,0.00646520538232,-0.0338563617325
1,1,8,424,4.19141042625,3.31850800689,0.00525601290228,-0.0046172140727
2,1,16,424,4.18933823595,3.3156281358,0.00318382260039,-0.00749708516008
3,1,32,424,4.18615441335,3.32312522096,0,0
4,2,4,424,3.64639132753,3.34219693917,-0.539763085819,0.0190717182146
5,2,8,424,3.63384780007,3.30644443827,-0.552306613276,-0.0166807826853
6,2,16,424,3.62017979402,3.30600292059,-0.565974619327,-0.017122300369
7,2,32,424,3.60820481297,3.27884835911,-0.577949600379,-0.0442768618494
8,3,4,424,3.41001323566,3.32409339534,-0.776141177691,0.000968174382316
9,3,8,424,3.38368694918,3.27754233785,-0.802467464171,-0.0455828831099
10,3,16,424,3.37785219746,3.27967370904,-0.808302215891,-0.0434515119141
11,3,32,424,3.59817584473,3.2307305081,-0.58797856862,-0.0923947128619
0,1,4,425,4.16051873907,3.13240023424,-0.00252759113703,-0.0224419235867
1,1,8,425,4.16094142965,3.15464301242,-0.00210490055349,-0.00019914540436
2,1,16,425,4.16172349901,3.13766075465,-0.00132283119723,-0.017181403175
3,1,32,425,4.1630463302,3.15484215783,0,0
4,2,4,425,3.38999903497,3.00454776704,-0.77304729523,-0.150294390783
5,2,8,425,3.38891184171,2.9919974985,-0.774134488488,-0.162844659328
6,2,16,425,3.38757940277,3.02620396651,-0.775466927437,-0.128638191319
7,2,32,425,3.38706452825,3.03638167796,-0.775981801949,-0.118460479868
8,3,4,425,3.26637384211,2.95086403636,-0.896672488089,-0.20397812147
9,3,8,425,3.26823960788,2.94681722217,-0.894806722325,-0.208024935655
10,3,16,425,3.27334655756,2.99529761164,-0.889699772643,-0.159544546189
11,3,32,425,3.42827286303,3.00926290487,-0.73477346717,-0.145579252954
0,1,4,426,4.14153698205,3.12220022739,-0.000255769011598,-0.0108381092501
1,1,8,426,4.14148406284,3.14518859887,-0.000308688218659,0.0121502622282
2,1,16,426,4.14150515391,3.12103754116,-0.000287597142783,-0.0120007954731
3,1,32,426,4.14179275106,3.13303833664,0,0
4,2,4,426,3.36365245768,2.9836494564,-0.778140293379,-0.149388880242
5,2,8,426,3.36305950235,2.97474326677,-0.778733248707,-0.158295069867
6,2,16,426,3.36203802555,3.01278735741,-0.779754725509,-0.120250979226
7,2,32,426,3.36126686738,3.02085686743,-0.780525883675,-0.112181469211
8,3,4,426,3.24951440013,2.94193598303,-0.892278350923,-0.19110235361
9,3,8,426,3.25193869081,2.93450907723,-0.889854060251,-0.198529259404
10,3,16,426,3.25726298113,2.99087968047,-0.884529769924,-0.142158656169
11,3,32,426,3.41239525625,3.0019288545,-0.729397494812,-0.131109482138
0,1,4,427,4.14894202655,3.08045918567,-0.000605767142614,-0.0160008510818
1,1,8,427,4.14890669723,3.08446479242,-0.000641096464854,-0.0119952443314
2,1,16,427,4.14901265393,3.08275620369,-0.000535139763319,-0.0137038330663
3,1,32,427,4.14954779369,3.09646003675,0,0
4,2,4,427,3.50462701639,3.01234222135,-0.644920777305,-0.0841178154066
5,2,8,427,3.49455687696,2.98149572422,-0.654990916737,-0.114964312538
6,2,16,427,3.48595117146,3.00526070913,-0.663596622233,-0.0911993276239
7,2,32,427,3.48188031153,2.99975089525,-0.667667482163,-0.0967091415075
8,3,4,427,3.33111613044,2.98415328684,-0.818431663257,-0.112306749918
9,3,8,427,3.32570775786,2.95691773402,-0.823840035835,-0.139542302739
10,3,16,427,3.32771511562,2.99971498625,-0.82183267807,-0.0967450505068
11,3,32,427,3.57408730481,2.97473104511,-0.575460488883,-0.121728991644
0,1,4,428,3.86444959787,3.1879050219,0.00044936792196,-0.0404658611863
1,1,8,428,3.86422233735,3.21286568335,0.000222107407352,-0.0155051997346
2,1,16,428,3.86399517,3.21895093615,-5.05994088273e-06,-0.00941994693529
3,1,32,428,3.86400022994,3.22837088309,0,0
4,2,4,428,3.06114434543,3.15264949455,-0.802855884519,-0.0757213885316
5,2,8,428,3.0549897495,3.11456358575,-0.809010480446,-0.113807297337
6,2,16,428,3.05123729257,3.11593641905,-0.812762937374,-0.112434464036
7,2,32,428,3.05245067524,3.134835671,-0.811549554707,-0.0935352120863
8,3,4,428,2.83263769701,3.11316678514,-1.03136253294,-0.115204097948
9,3,8,428,2.828686989,3.10338895153,-1.03531324094,-0.124981931559
10,3,16,428,2.83035000849,3.11936186254,-1.03365022145,-0.109009020549
11,3,32,428,2.98123447467,3.09355058137,-0.88276575527,-0.134820301716
0,1,4,429,4.17940184313,3.28362557817,0.0101653400646,-0.017973859967
1,1,8,429,4.17749782619,3.32655550856,0.00826132313056,0.0249560704176
2,1,16,429,4.17423559441,3.29539218199,0.00499909134107,-0.0062072561457
3,1,32,429,4.16923650306,3.30159943814,0,0
4,2,4,429,3.51236475449,3.303724711,-0.656871748574,0.0021252728578
5,2,8,429,3.50534560338,3.29965845835,-0.66389089968,-0.00194097978561
6,2,16,429,3.4949448967,3.29315348683,-0.674291606367,-0.00844595130383
7,2,32,429,3.48239646495,3.26913323674,-0.686840038117,-0.0324662013998
8,3,4,429,3.32390177915,3.29441072344,-0.845334723919,-0.00718871469907
9,3,8,429,3.29801440404,3.24463843535,-0.871222099023,-0.0569610027853
10,3,16,429,3.29149761424,3.24812738241,-0.877738888827,-0.0534720557304
11,3,32,429,3.41985902314,3.21995758641,-0.749377479926,-0.0816418517328
0,1,4,430,3.82238470793,3.09552418076,0.00584654953317,0.00502122325644
1,1,8,430,3.82100212676,3.11029931698,0.00446396836446,0.0197963594814
2,1,16,430,3.81895219684,3.09280755778,0.00241403843916,0.00230460027842
3,1,32,430,3.8165381584,3.0905029575,0,0
4,2,4,430,3.01667513486,3.04126774645,-0.799863023536,-0.0492352110515
5,2,8,430,3.01052213106,3.01650089763,-0.806016027336,-0.0740020598741
6,2,16,430,3.0064040774,3.02278580336,-0.810134081001,-0.0677171541394
7,2,32,430,3.00627904499,3.02631254737,-0.810259113403,-0.06419041013
8,3,4,430,2.84212407188,3.02777818852,-0.974414086512,-0.0627247689843
9,3,8,430,2.83842735421,2.99984267971,-0.978110804184,-0.090660277787
10,3,16,430,2.83959254462,3.03169817688,-0.976945613776,-0.0588047806251
11,3,32,430,2.98994069085,3.004180443,-0.826597467546,-0.0863225145005
0,1,4,431,3.84493418296,3.38599117057,0.0181616671079,0.0101614368548
1,1,8,431,3.84160867931,3.4223495158,0.0148361634519,0.0465197820824
2,1,16,431,3.83582694253,3.38088508324,0.00905442667962,0.00505534952008
3,1,32,431,3.82677251585,3.37582973372,0,0
4,2,4,431,3.29592108217,3.54748741546,-0.530851433686,0.171657681744
5,2,8,431,3.28865514667,3.54192175804,-0.538117369183,0.166092024318
6,2,16,431,3.27688559229,3.50304022713,-0.549886923561,0.12721049341
7,2,32,431,3.26129155512,3.4374166246,-0.565480960734,0.0615868908819
8,3,4,431,3.18522491656,3.53655613558,-0.641547599297,0.160726401861
9,3,8,431,3.13849451506,3.45355250187,-0.688278000791,0.0777227681507
10,3,16,431,3.12429194039,3.41588658235,-0.70248057546,0.0400568486342
11,3,32,431,3.10647165231,3.36282031353,-0.720300863544,-0.0130094201858
0,1,4,432,4.51919910017,3.51640854681,0.0194390548927,-0.0068895124816
1,1,8,432,4.51583484131,3.56359851115,0.0160747960309,0.0403004518501
2,1,16,432,4.5097632429,3.51030168015,0.0100031976266,-0.012996379143
3,1,32,432,4.49976004527,3.5232980593,0,0
4,2,4,432,4.27002443959,3.75549982315,-0.22973560568,0.232201763855
5,2,8,432,4.24989661281,3.75006110917,-0.249863432461,0.226763049874
6,2,16,432,4.22175851904,3.69901422583,-0.278001526238,0.175716166532
7,2,32,432,4.18827366915,3.60843198542,-0.311486376124,0.0851339261192
8,3,4,432,4.11052245538,3.76175518471,-0.389237589896,0.238457125411
9,3,8,432,4.04083892199,3.63809383578,-0.458921123284,0.114795776481
10,3,16,432,4.01797499046,3.58121562001,-0.481785054812,0.0579175607147
11,3,32,432,4.21634245408,3.51387832957,-0.283417591194,-0.00941972972758
0,1,4,433,4.01252078428,3.28780171949,0.00797921753411,-0.0199015318438
1,1,8,433,4.01102536437,3.31916412054,0.00648379763221,0.0114608692089
2,1,16,433,4.00846467542,3.30873792699,0.00392310867494,0.00103467566261
3,1,32,433,4.00454156674,3.30770325133,0,0
4,2,4,433,3.39756613199,3.30912545273,-0.606975434749,0.00142220140285
5,2,8,433,3.39233423773,3.28308503364,-0.612207329009,-0.0246182176869
6,2,16,433,3.38538944417,3.29553573292,-0.619152122571,-0.0121675184131
7,2,32,433,3.37773595663,3.26543781538,-0.626805610111,-0.0422654359472
8,3,4,433,3.22102062222,3.28417872972,-0.783520944521,-0.0235245216061
9,3,8,433,3.19940909615,3.24921757014,-0.805132470591,-0.0584856811856
10,3,16,433,3.19619288928,3.26290455397,-0.80834867746,-0.0447986973558
11,3,32,433,3.30659844863,3.22606030237,-0.697943118109,-0.0816429489591
0,1,4,434,3.80937900766,3.23859672556,0.00429355077883,-0.0115338752668
1,1,8,434,3.80863535146,3.25142493752,0.00354989458531,0.00129433669066
2,1,16,434,3.8072962628,3.24006382352,0.0022108059243,-0.0100667773059
3,1,32,434,3.80508545688,3.25013060083,0,0
4,2,4,434,3.20486214416,3.24596175821,-0.600223312724,-0.00416884262133
5,2,8,434,3.20328687972,3.23137200511,-0.601798577157,-0.0187585957156
6,2,16,434,3.20035550791,3.23986131089,-0.604729948972,-0.010269289935
7,2,32,434,3.1967920864,3.20768517976,-0.608293370482,-0.042445421067
8,3,4,434,3.15240538492,3.19991090895,-0.652680071963,-0.0502196918785
9,3,8,434,3.13263294556,3.16507562968,-0.672452511316,-0.085054971146
10,3,16,434,3.13109671756,3.18313736774,-0.673988739314,-0.0669932330842
11,3,32,434,3.12505769437,3.15438771192,-0.680027762505,-0.0957428889087
0,1,4,435,4.33263362638,3.25884850563,0.00805619524945,-0.0131517655049
1,1,8,435,4.33111981308,3.28914154053,0.00654238194719,0.0171412693878
2,1,16,435,4.32853220317,3.26741770745,0.00395477203851,-0.0045825636874
3,1,32,435,4.32457743113,3.27200027114,0,0
4,2,4,435,3.77946730133,3.30304201444,-0.545110129804,0.0310417433022
5,2,8,435,3.76723255815,3.2773520327,-0.557344872981,0.00535176156362
6,2,16,435,3.75262787391,3.27961886039,-0.571949557225,0.00761858925689
7,2,32,435,3.73802283908,3.2423924362,-0.586554592056,-0.0296078349354
8,3,4,435,3.56177439539,3.2831513575,-0.762803035743,0.0111510863633
9,3,8,435,3.53451113585,3.22920359779,-0.790066295286,-0.0427966733506
10,3,16,435,3.52747528809,3.2302049581,-0.797102143047,-0.0417953130362
11,3,32,435,3.76946997637,3.20009751639,-0.555107454764,-0.071902754746
0,1,4,436,3.6952872181,3.02917914039,0.00476142961034,0.00161595200216
1,1,8,436,3.69415657179,3.04292792049,0.00363078329491,0.0153647321064
2,1,16,436,3.69248573374,3.03556362785,0.00195994525159,0.00800043946276
3,1,32,436,3.69052578849,3.02756318839,0,0
4,2,4,436,2.78986557224,2.93392500969,-0.900660216252,-0.0936381786987
5,2,8,436,2.79233935472,2.92433863242,-0.898186433777,-0.103224555967
6,2,16,436,2.79574851329,2.94959246854,-0.894777275204,-0.0779707198472
7,2,32,436,2.80036548295,2.94384955525,-0.890160305544,-0.0837136331342
8,3,4,436,2.63415608747,2.90738062902,-1.05636970102,-0.12018255937
9,3,8,436,2.63647049309,2.89964799244,-1.0540552954,-0.127915195948
10,3,16,436,2.6408638832,2.94170470358,-1.04966190529,-0.0858584848055
11,3,32,436,2.64720031604,2.92993589561,-1.04332547245,-0.0976272927771
0,1,4,437,3.91631407852,3.39658875852,0.0174559856409,-0.00694432583277
1,1,8,437,3.91323540252,3.42722814972,0.0143773096345,0.023695065368
2,1,16,437,3.90775286606,3.40297537914,0.00889477318179,-0.000557705209729
3,1,32,437,3.89885809288,3.40353308435,0,0
4,2,4,437,3.46042514173,3.63793513459,-0.438432951153,0.234402050239
5,2,8,437,3.4487910987,3.62709699973,-0.450066994185,0.223563915372
6,2,16,437,3.43198267859,3.57124244789,-0.46687541429,0.167709363533
7,2,32,437,3.41188406593,3.48389913278,-0.486974026957,0.080366048425
8,3,4,437,3.30500359772,3.61944655716,-0.59385449516,0.215913472809
9,3,8,437,3.24624976096,3.5226683674,-0.65260833192,0.119135283042
10,3,16,437,3.22726721811,3.4554693277,-0.671590874776,0.0519362433503
11,3,32,437,3.20525161345,3.38901848814,-0.69360647943,-0.0145145962174
0,1,4,438,4.15295569424,3.41908949632,0.0171511314267,-0.00775512148184
1,1,8,438,4.14995255354,3.45342257137,0.0141479907231,0.0265779535667
2,1,16,438,4.14457780812,3.42520033775,0.00877324531242,-0.00164428005401
3,1,32,438,4.13580456281,3.4268446178,0,0
4,2,4,438,3.76676573337,3.65362880526,-0.369038829442,0.22678418746
5,2,8,438,3.75222891569,3.63769870816,-0.383575647123,0.210854090364
6,2,16,438,3.73193743086,3.59174483394,-0.40386713195,0.164900216145
7,2,32,438,3.70808697829,3.50142982669,-0.427717584524,0.0745852088887
8,3,4,438,3.58808440615,3.63787000376,-0.547720156661,0.211025385965
9,3,8,438,3.52807087084,3.53809281359,-0.607733691972,0.111248195788
10,3,16,438,3.50872938472,3.47664736694,-0.627075178093,0.0498027491383
11,3,32,438,3.58533032305,3.41348463259,-0.550474239759,-0.0133599852118
0,1,4,439,4.08783157441,3.33544558497,0.017131142608,-0.00105724412516
1,1,8,439,4.08465901328,3.37135208099,0.0139585814776,0.0348492518908
2,1,16,439,4.07918354688,3.33726830885,0.00848311507535,0.000765479751954
3,1,32,439,4.0707004318,3.3365028291,0,0
4,2,4,439,3.56788687838,3.48439624134,-0.502813553427,0.147893412242
5,2,8,439,3.55522476503,3.47683387538,-0.515475666769,0.140331046278
6,2,16,439,3.5381595541,3.44099750437,-0.532540877699,0.104494675271
7,2,32,439,3.51863502655,3.37832389453,-0.552065405249,0.0418210654282
8,3,4,439,3.38227116002,3.4915457441,-0.68842927178,0.155042915005
9,3,8,439,3.33567765653,3.4034286969,-0.735022775275,0.0669258677971
10,3,16,439,3.32090676293,3.37193225447,-0.749793668869,0.0354294253721
11,3,32,439,3.4178287705,3.31066028587,-0.652871661306,-0.0258425432252
0,1,4,440,3.95024149022,3.34725812831,0.0090379082859,-0.0241115582577
1,1,8,440,3.94853924411,3.38189632167,0.00733566217711,0.0105266351026
2,1,16,440,3.94563220557,3.36712576697,0.00442862363146,-0.00424391960201
3,1,32,440,3.94120358194,3.37136968657,0,0
4,2,4,440,3.36872350413,3.37497667346,-0.572480077803,0.00360698689197
5,2,8,440,3.36187387133,3.34936390421,-0.579329710603,-0.0220057823595
6,2,16,440,3.35363576875,3.35193126642,-0.587567813182,-0.0194384201467
7,2,32,440,3.34529945875,3.33278662101,-0.595904123188,-0.0385830655562
8,3,4,440,3.21725256366,3.363934517,-0.723951018273,-0.00743516956423
9,3,8,440,3.19313647645,3.32157084612,-0.74806710549,-0.0497988404459
10,3,16,440,3.18941633541,3.33861707118,-0.751787246523,-0.0327526153877
11,3,32,440,3.30483065698,3.28555340522,-0.636372924956,-0.0858162813511
0,1,4,441,4.45611736969,3.19521121727,0.00254465266176,-0.0161775568255
1,1,8,441,4.45546571183,3.22312412095,0.0018929947975,0.0117353468531
2,1,16,441,4.45454151329,3.21238417336,0.000968796260741,0.000995399261111
3,1,32,441,4.45357271703,3.2113887741,0,0
4,2,4,441,3.84887153531,3.12387345351,-0.604701181721,-0.0875153205875
5,2,8,441,3.83659971782,3.0722987075,-0.616972999215,-0.139090066596
6,2,16,441,3.82511869173,3.11732048532,-0.628454025299,-0.0940682887799
7,2,32,441,3.81701715881,3.11339795916,-0.636555558223,-0.0979908149391
8,3,4,441,3.57948537103,3.10125048958,-0.874087345999,-0.110138284516
9,3,8,441,3.57456559802,3.08175903902,-0.879007119011,-0.129629735083
10,3,16,441,3.57653469133,3.12876379106,-0.8770380257,-0.0826249830381
11,3,32,441,3.98798824212,3.11153590011,-0.465584474912,-0.0998528739921
0,1,4,442,3.52828808746,3.27680993963,0.00135906562944,-0.0282273714017
1,1,8,442,3.52793523568,3.30332333632,0.00100621384718,-0.00171397471218
2,1,16,442,3.5274409139,3.31894872593,0.000511892062478,0.0139114148948
3,1,32,442,3.52692902184,3.30503731103,0,0
4,2,4,442,2.73411121856,3.20238674713,-0.792817803275,-0.102650563898
5,2,8,442,2.74056489476,3.14777172695,-0.786364127075,-0.157265584085
6,2,16,442,2.74957943889,3.19789020634,-0.777349582947,-0.10714710469
7,2,32,442,2.76038227035,3.20379084508,-0.766546751483,-0.101246465949
8,3,4,442,2.59031736822,3.13565984604,-0.936611653614,-0.169377464986
9,3,8,442,2.59552522364,3.1616802394,-0.931403798193,-0.143357071632
10,3,16,442,2.60444504234,3.20781185754,-0.9224839795,-0.097225453488
11,3,32,442,2.61432519919,3.1895766318,-0.912603822641,-0.115460679228
0,1,4,443,4.69168564045,3.1800343472,-0.00110089196389,-0.0410431548378
1,1,8,443,4.69179391971,3.21475383922,-0.000992612709496,-0.00632366281369
2,1,16,443,4.69208815521,3.20197388183,-0.000698377205809,-0.0191036202019
3,1,32,443,4.69278653241,3.22107750203,0,0
4,2,4,443,4.05440262533,3.09377763351,-0.638383907084,-0.127299868525
5,2,8,443,4.03943344866,3.05881031931,-0.653353083751,-0.162267182726
6,2,16,443,4.02422900558,3.08790458146,-0.668557526834,-0.13317292057
7,2,32,443,4.01244284181,3.09961404529,-0.680343690603,-0.121463456748
8,3,4,443,3.75862955412,3.07105463499,-0.934156978296,-0.150022867039
9,3,8,443,3.75225010257,3.04764922806,-0.940536429842,-0.173428273973
10,3,16,443,3.75261822528,3.0861163135,-0.940168307136,-0.134961188534
11,3,32,443,4.19980160531,3.07928627818,-0.492984927101,-0.141791223858
0,1,4,444,4.11503918144,3.31977715635,0.015957566312,0.00701211549191
1,1,8,444,4.11210810272,3.34884068632,0.0130264875854,0.0360756454626
2,1,16,444,4.10702187732,3.30936062563,0.00794026218406,-0.00340441522734
3,1,32,444,4.09908161513,3.31276504086,0,0
4,2,4,444,3.63722774974,3.45321795898,-0.461853865392,0.140452918125
5,2,8,444,3.6249313068,3.44975205824,-0.474150308336,0.136987017378
6,2,16,444,3.60801815933,3.41929857006,-0.4910634558,0.106533529203
7,2,32,444,3.58832185166,3.35322559287,-0.51075976347,0.0404605520069
8,3,4,444,3.50370906239,3.4559493923,-0.59537255274,0.143184351438
9,3,8,444,3.45762262137,3.36507355834,-0.641458993759,0.0523085174771
10,3,16,444,3.44361328807,3.3423059705,-0.655468327057,0.0295409296424
11,3,32,444,3.53944883118,3.28588086901,-0.559632783948,-0.0268841718479
0,1,4,445,3.65106973558,3.47927981077,0.00782527183372,-0.0450128128758
1,1,8,445,3.64967156929,3.52771697951,0.00642710554273,0.00342435585609
2,1,16,445,3.64720057702,3.5340032402,0.00395611327458,0.0097106165502
3,1,32,445,3.64324446375,3.52429262365,0,0
4,2,4,445,3.0121976097,3.49359302737,-0.631046854053,-0.0306995962814
5,2,8,445,3.01524070703,3.44710829305,-0.628003756715,-0.0771843306045
6,2,16,445,3.01761486443,3.47589729851,-0.62562959932,-0.0483953251434
7,2,32,445,3.0184200181,3.46453248105,-0.624824445651,-0.0597601426025
8,3,4,445,2.86178729128,3.45186764515,-0.781457172464,-0.0724249784965
9,3,8,445,2.84551088377,3.44990700465,-0.797733579974,-0.0743856189959
10,3,16,445,2.84726073282,3.47414867297,-0.795983730931,-0.0501439506754
11,3,32,445,2.84478933829,3.42565213821,-0.798455125458,-0.09864048544
0,1,4,446,3.94525270706,3.08357462645,0.0013465418611,-0.0216506944221
1,1,8,446,3.9448247363,3.09997011632,0.000918571104886,-0.00525520454717
2,1,16,446,3.94428940837,3.09885678065,0.00038324317621,-0.00636854021425
3,1,32,446,3.94390616519,3.10522532087,0,0
4,2,4,446,3.13051427109,3.02233189457,-0.813391894105,-0.0828934263001
5,2,8,446,3.12532956471,2.99898848347,-0.818576600485,-0.106236837397
6,2,16,446,3.12156279532,3.00997014696,-0.822343369872,-0.0952551739099
7,2,32,446,3.12142333132,3.01376417903,-0.822482833878,-0.0914611418375
8,3,4,446,2.92051828915,2.99007034222,-1.02338787604,-0.115154978644
9,3,8,446,2.91771020144,2.9743376668,-1.02619596376,-0.130887654064
10,3,16,446,2.91950086937,3.00047920423,-1.02440529583,-0.104746116639
11,3,32,446,3.05923435759,2.98391849137,-0.884671807601,-0.121306829496
0,1,4,447,3.6730437142,3.22040640751,-0.00209581564402,-0.0231862574353
1,1,8,447,3.67340390272,3.24015093981,-0.00173562712215,-0.00344172514182
2,1,16,447,3.67405974686,3.24501483749,-0.00107978298327,0.00142217254037
3,1,32,447,3.67513952985,3.24359266495,0,0
4,2,4,447,2.87707970659,3.12748457248,-0.798059823253,-0.116108092466
5,2,8,447,2.88361968332,3.08733702626,-0.791519846522,-0.156255638689
6,2,16,447,2.89184885988,3.13328283823,-0.783290669971,-0.11030982672
7,2,32,447,2.90124462393,3.13766473581,-0.773894905917,-0.105927929136
8,3,4,447,2.78182101043,3.04306548814,-0.893318519417,-0.200527176806
9,3,8,447,2.78745540599,3.06499223323,-0.887684123861,-0.178600431716
10,3,16,447,2.79591956286,3.10755855877,-0.879219966989,-0.136034106179
11,3,32,447,2.8049588505,3.11387238779,-0.87018067935,-0.129720277162
0,1,4,448,4.0924060548,3.52696003233,0.016949093952,-0.0123235009672
1,1,8,448,4.08947863715,3.56711778153,0.0140216763027,0.0278342482397
2,1,16,448,4.08418898759,3.53916342035,0.00873202674034,-0.000120112944693
3,1,32,448,4.07545696085,3.53928353329,0,0
4,2,4,448,3.77592746255,3.73710256961,-0.299529498298,0.197819036311
5,2,8,448,3.76408398446,3.71125559279,-0.311372976389,0.171972059494
6,2,16,448,3.74666553522,3.68436027214,-0.328791425626,0.145076738844
7,2,32,448,3.72491678315,3.60142483369,-0.3505401777,0.0621413003952
8,3,4,448,3.6470387166,3.71950026421,-0.428418244242,0.180216730915
9,3,8,448,3.58951371542,3.63073408734,-0.485943245425,0.0914505540429
10,3,16,448,3.57340786169,3.59072988788,-0.502049099156,0.0514463545888
11,3,32,448,3.64962391465,3.52034150074,-0.425833046196,-0.0189420325584
0,1,4,449,3.76036327448,3.28820393146,0.00716634216319,-0.0350987720847
1,1,8,449,3.75903122491,3.31926346855,0.00583429258907,-0.00403923500047
2,1,16,449,3.75673939347,3.31733391189,0.00354246115377,-0.00596879166109
3,1,32,449,3.75319693232,3.32330270355,0,0
4,2,4,449,3.07274181683,3.30652582158,-0.68045511549,-0.0167768819724
5,2,8,449,3.07039750105,3.29082195693,-0.682799431272,-0.0324807466204
6,2,16,449,3.06685696062,3.28863058305,-0.686339971695,-0.0346721205004
7,2,32,449,3.06302807109,3.27237666302,-0.690168861229,-0.05092604053
8,3,4,449,2.92317100953,3.28534651308,-0.830025922785,-0.0379561904671
9,3,8,449,2.90265487211,3.25464245979,-0.850542060207,-0.0686602437608
10,3,16,449,2.90021244206,3.26639538083,-0.852984490262,-0.0569073227246
11,3,32,449,2.89501037278,3.21803068405,-0.858186559542,-0.105272019496
0,1,4,450,3.6337729607,3.32652401942,0.00962754948925,-0.00614607367894
1,1,8,450,3.63194036468,3.3534035253,0.00779495346339,0.0207334321957
2,1,16,450,3.62883345575,3.34656906678,0.0046880445365,0.0138989736757
3,1,32,450,3.62414541121,3.3326700931,0,0
4,2,4,450,2.98633137685,3.3655873233,-0.637814034367,0.0329172301938
5,2,8,450,2.98647074278,3.32800473223,-0.637674668434,-0.00466536087165
6,2,16,450,2.9861994161,3.34336706693,-0.637945995111,0.0106969738286
7,2,32,450,2.98530866351,3.30990244265,-0.638836747705,-0.0227676504562
8,3,4,450,2.86400290467,3.3259489555,-0.760142506549,-0.0067211376024
9,3,8,450,2.84504411266,3.30164643544,-0.779101298559,-0.031023657665
10,3,16,450,2.84377123818,3.31366225229,-0.780374173031,-0.0190078408135
11,3,32,450,2.8407292412,3.27298580742,-0.783416170014,-0.0596842856847
0,1,4,451,3.8842342028,3.15485748169,-0.0005447368462,-0.0021305912558
1,1,8,451,3.88421459113,3.16383759527,-0.0005643485184,0.00684952232305
2,1,16,451,3.8843188447,3.15613189667,-0.00046009494505,-0.000856176269401
3,1,32,451,3.88477893965,3.15698807294,0,0
4,2,4,451,3.15785586695,3.11025528671,-0.726923072697,-0.0467327862312
5,2,8,451,3.15451051053,3.06448679491,-0.730268429121,-0.092501278033
6,2,16,451,3.15345350907,3.08872974012,-0.731325430574,-0.0682583328197
7,2,32,451,3.15622865349,3.08344288606,-0.728550286154,-0.0735451868888
8,3,4,451,3.02402073839,3.03870419255,-0.86075820126,-0.118283880393
9,3,8,451,3.02263568873,3.03073205285,-0.862143250917,-0.126256020099
10,3,16,451,3.02598725609,3.05447433543,-0.858791683555,-0.102513737515
11,3,32,451,3.18033134319,3.05630855668,-0.704447596462,-0.10067951626
0,1,4,452,3.96923014744,3.45364566618,0.0180000794748,-0.00373673474325
1,1,8,452,3.96609997636,3.48757052713,0.0148699083916,0.0301881262109
2,1,16,452,3.96047088268,3.448900381,0.00924081472,-0.00848201992282
3,1,32,452,3.95123006796,3.45738240092,0,0
4,2,4,452,3.580473012,3.67305342946,-0.370757055966,0.215671028536
5,2,8,452,3.56946449991,3.6735591577,-0.381765568057,0.216176756775
6,2,16,452,3.55217495945,3.62079896978,-0.399055108515,0.163416568855
7,2,32,452,3.53001394439,3.53689223738,-0.421216123577,0.0795098364606
8,3,4,452,3.49978888696,3.66340168146,-0.451441181001,0.206019280538
9,3,8,452,3.4387518917,3.55932288264,-0.512478176259,0.101940481716
10,3,16,452,3.42012034921,3.50723040214,-0.531109718754,0.0498480012142
11,3,32,452,3.39392334427,3.43813906117,-0.557306723691,-0.0192433397548
0,1,4,453,4.27770094052,3.4376908183,0.0203845958643,-0.00174365216055
1,1,8,453,4.27409016048,3.48191584892,0.0167738158309,0.0424813784604
2,1,16,453,4.26767335398,3.43280830451,0.0103570093254,-0.00662616594838
3,1,32,453,4.25731634465,3.43943447046,0,0
4,2,4,453,3.89960851439,3.64135303621,-0.357707830263,0.201918565751
5,2,8,453,3.88518126487,3.64919219436,-0.372135079782,0.209757723896
6,2,16,453,3.86304506565,3.6020443997,-0.394271279003,0.16260992924
7,2,32,453,3.83487529948,3.51517278823,-0.422441045174,0.075738317768
8,3,4,453,3.75570266228,3.65440153978,-0.501613682374,0.214967069315
9,3,8,453,3.69270666637,3.54143568831,-0.564609678281,0.102001217852
10,3,16,453,3.6724212141,3.49492859951,-0.584895130551,0.0554941290453
11,3,32,453,3.75194760982,3.42821815062,-0.505368734832,-0.0112163198368
0,1,4,454,4.29822809728,3.09269016064,-0.000599456103456,-0.0133651211319
1,1,8,454,4.2982117776,3.10588590831,-0.000615775777097,-0.000169373464378
2,1,16,454,4.2983272823,3.09324172871,-0.00050027108083,-0.0128135530665
3,1,32,454,4.29882755338,3.10605528177,0,0
4,2,4,454,3.62431876542,3.00113877204,-0.674508787956,-0.104916509729
5,2,8,454,3.61569209844,2.9756140137,-0.683135454945,-0.130441268071
6,2,16,454,3.60750593053,3.00697581385,-0.691321622854,-0.0990794679214
7,2,32,454,3.60226463083,3.00357334436,-0.696562922556,-0.102481937414
8,3,4,454,3.44376663048,2.96723658558,-0.855060922903,-0.138818696193
9,3,8,454,3.44036567695,2.94493310601,-0.858461876432,-0.161122175763
10,3,16,454,3.44275992339,2.99002775073,-0.856067629991,-0.11602753104
11,3,32,454,3.71631196887,2.98409966998,-0.582515584513,-0.121955611793
0,1,4,455,3.99586124007,3.12761921808,0.0127801836168,0.00426167828992
1,1,8,455,3.99330158507,3.14765317371,0.010220528617,0.024295633916
2,1,16,455,3.98910079897,3.12001895719,0.00601974250875,-0.00333858259833
3,1,32,455,3.98308105646,3.12335753979,0,0
4,2,4,455,3.30511404946,3.18139116633,-0.677967006998,0.0580336265353
5,2,8,455,3.29304267562,3.18221252888,-0.69003838084,0.0588549890854
6,2,16,455,3.27923656698,3.15216992095,-0.703844489476,0.0288123811569
7,2,32,455,3.26642490426,3.11814915237,-0.716656152199,-0.00520838741846
8,3,4,455,3.10653515153,3.19919672273,-0.876545904928,0.0758391829354
9,3,8,455,3.07785179291,3.12531613741,-0.905229263542,0.00195859761825
10,3,16,455,3.06853569325,3.12042193943,-0.914545363205,-0.00293560035821
11,3,32,455,3.18215137676,3.06769575803,-0.800929679692,-0.0556617817618
0,1,4,456,4.36982488794,3.13923373811,-0.000773228684721,-0.0101997065555
1,1,8,456,4.36986139356,3.15826177408,-0.000736723062487,0.00882832941376
2,1,16,456,4.37004359283,3.13519173918,-0.000554523798478,-0.0142417054886
3,1,32,456,4.37059811662,3.14943344467,0,0
4,2,4,456,3.71308947837,3.03039648964,-0.657508638249,-0.119036955025
5,2,8,456,3.70517434511,3.0048337141,-0.665423771511,-0.144599730566
6,2,16,456,3.69731847796,3.04202293885,-0.673279638666,-0.107410505819
7,2,32,456,3.69161767581,3.04417523592,-0.678980440814,-0.105258208743
8,3,4,456,3.55814383576,2.9922718829,-0.81245428086,-0.157161561767
9,3,8,456,3.55594769333,2.97231513296,-0.814650423294,-0.177118311709
10,3,16,456,3.55913042806,3.02381960233,-0.811467688567,-0.125613842335
11,3,32,456,3.85987250444,3.02682556569,-0.510725612181,-0.122607878978
0,1,4,457,4.03326726644,3.17695148534,-0.00194996592055,-0.0349368500511
1,1,8,457,4.0335677079,3.19684509702,-0.00164952446562,-0.0150432383721
2,1,16,457,4.03415321391,3.18744833209,-0.00106401845598,-0.0244400032986
3,1,32,457,4.03521723236,3.21188833539,0,0
4,2,4,457,3.33923672163,3.02789102095,-0.695980510736,-0.183997314443
5,2,8,457,3.3373781422,3.01827739562,-0.697839090162,-0.193610939774
6,2,16,457,3.33578552927,3.05540572733,-0.699431703093,-0.156482608066
7,2,32,457,3.3356820707,3.07700290175,-0.699535161661,-0.134885433638
8,3,4,457,3.26066538208,3.00435645695,-0.774551850284,-0.207531878442
9,3,8,457,3.26174844748,2.99562733132,-0.77346878488,-0.21626100407
10,3,16,457,3.26871458448,3.07029883169,-0.766502647884,-0.1415895037
11,3,32,457,3.4041729758,3.04835854985,-0.631044256564,-0.163529785538
0,1,4,458,4.13945842761,3.45633287984,0.0205869997251,0.00742650967182
1,1,8,458,4.13587646942,3.48270715997,0.0170050415274,0.0338007897994
2,1,16,458,4.12943922258,3.44674958895,0.0105677946918,-0.00215678122126
3,1,32,458,4.11887142789,3.44890637017,0,0
4,2,4,458,3.87755797186,3.78725497272,-0.241313456027,0.338348602554
5,2,8,458,3.85845178256,3.77040712753,-0.26041964533,0.321500757362
6,2,16,458,3.83268817027,3.69926437352,-0.286183257621,0.250358003351
7,2,32,458,3.80317051714,3.58051986322,-0.31570091075,0.131613493047
8,3,4,458,3.7279862363,3.77109941535,-0.390885191584,0.322193045181
9,3,8,458,3.65222084023,3.64099141564,-0.466650587656,0.19208504547
10,3,16,458,3.62637863441,3.54895874133,-0.492492793482,0.100052371163
11,3,32,458,3.68863816491,3.47247171485,-0.430233262978,0.0235653446845
0,1,4,459,3.96881010995,3.4303449275,0.017007682315,-0.00913913868219
1,1,8,459,3.96576486171,3.479223608,0.0139624340754,0.039739541818
2,1,16,459,3.96039092798,3.43621409433,0.00858850034691,-0.00326997184944
3,1,32,459,3.95180242764,3.43948406618,0,0
4,2,4,459,3.4133232094,3.5463152384,-0.538479218234,0.106831172221
5,2,8,459,3.40813167254,3.55316580667,-0.543670755096,0.113681740486
6,2,16,459,3.39713652234,3.52402435456,-0.554665905293,0.0845402883797
7,2,32,459,3.38048365062,3.47120824378,-0.571318777017,0.0317241776005
8,3,4,459,3.30786597116,3.54367941368,-0.643936456472,0.104195347501
9,3,8,459,3.26307609595,3.46848514181,-0.688726331686,0.0290010756303
10,3,16,459,3.25065108868,3.4474978552,-0.701151338957,0.00801378901931
11,3,32,459,3.23111862392,3.3965055949,-0.72068380372,-0.0429784712774
0,1,4,460,3.82773404868,3.30050348169,0.0144932028054,-0.0129261195292
1,1,8,460,3.82506528756,3.32885871774,0.0118244416879,0.0154291165237
2,1,16,460,3.82044428726,3.31029694807,0.00720344138745,-0.00313265314719
3,1,32,460,3.81324084587,3.31342960122,0,0
4,2,4,460,3.241324332,3.43752340183,-0.571916513871,0.124093800609
5,2,8,460,3.23251447835,3.43305385319,-0.580726367522,0.119624251976
6,2,16,460,3.22036163536,3.39381544938,-0.592879210513,0.0803858481658
7,2,32,460,3.20662301389,3.33959486601,-0.606617831979,0.0261652647958
8,3,4,460,3.08399859408,3.435493668,-0.729242251794,0.122064066785
9,3,8,460,3.04192347398,3.35945220658,-0.77131737189,0.0460226053613
10,3,16,460,3.02951962301,3.32985798392,-0.783721222859,0.016428382705
11,3,32,460,3.01438069561,3.26406912474,-0.798860150266,-0.0493604764753
0,1,4,461,3.85489936823,3.17617321979,0.00778035401651,-0.0145912309543
1,1,8,461,3.8534138622,3.19720559201,0.00629484799102,0.00644114126722
2,1,16,461,3.85090158305,3.18129232502,0.0037825688422,-0.00947212571812
3,1,32,461,3.84711901421,3.19076445074,0,0
4,2,4,461,3.15138726977,3.1758498072,-0.695731744445,-0.0149146435393
5,2,8,461,3.14812506919,3.18011821503,-0.698993945021,-0.0106462357081
6,2,16,461,3.1427770188,3.17400572287,-0.704341995407,-0.016758727871
7,2,32,461,3.13644797572,3.14804118635,-0.71067103849,-0.0427232643956
8,3,4,461,3.03411448437,3.16412795971,-0.813004529842,-0.0266364910307
9,3,8,461,3.01302461943,3.11903326349,-0.834094394783,-0.0717311872516
10,3,16,461,3.00935032327,3.1344783432,-0.837768690941,-0.0562861075378
11,3,32,461,3.00217458787,3.09585293936,-0.844944426336,-0.0949115113798
0,1,4,462,4.01418735714,3.15763298834,0.00313239539598,-0.0216356523048
1,1,8,462,4.01344613371,3.18946437869,0.00239117196214,0.0101957380399
2,1,16,462,4.01234611206,3.18279253091,0.00129115031327,0.00352389026847
3,1,32,462,4.01105496175,3.17926864065,0,0
4,2,4,462,3.21330708641,3.0233264407,-0.797747875335,-0.155942199945
5,2,8,462,3.21460388401,3.00329831394,-0.796451077735,-0.175970326709
6,2,16,462,3.21582849353,3.05496596455,-0.795226468215,-0.124302676092
7,2,32,462,3.21698076423,3.06059330726,-0.794074197516,-0.118675333387
8,3,4,462,3.02899822353,3.00049069136,-0.982056738214,-0.178777949285
9,3,8,462,3.03261364626,3.00420145039,-0.97844131549,-0.175067190259
10,3,16,462,3.03933732491,3.06916271869,-0.971717636839,-0.110105921958
11,3,32,462,3.17241410445,3.05736245152,-0.838640857302,-0.121906189126
0,1,4,463,3.93836550196,3.09221410175,0.00248351688449,-0.00423398584778
1,1,8,463,3.93771074249,3.10721937732,0.00182875741824,0.0107712897273
2,1,16,463,3.93680059319,3.097982097,0.000918608121529,0.00153400941065
3,1,32,463,3.93588198507,3.09644808759,0,0
4,2,4,463,3.14667385825,3.01680801447,-0.789208126819,-0.0796400731265
5,2,8,463,3.14364332931,2.99019411946,-0.792238655766,-0.106253968132
6,2,16,463,3.14183138009,3.0161898972,-0.794050604978,-0.0802581903962
7,2,32,463,3.14257763838,3.01205873466,-0.793304346697,-0.0843893529329
8,3,4,463,2.9716057256,2.97927969629,-0.964276259469,-0.117168391307
9,3,8,463,2.9708319684,2.96666596752,-0.965050016676,-0.129782120078
10,3,16,463,2.97399744549,3.00299125411,-0.961884539585,-0.0934568334826
11,3,32,463,3.11576107267,2.99454927399,-0.820120912406,-0.101898813606
0,1,4,464,3.94486570038,3.23312224556,0.00916427776812,-0.0143107724882
1,1,8,464,3.94315975281,3.27042052138,0.00745833019812,0.022987503326
2,1,16,464,3.94022660215,3.24690035802,0.00452517953821,-0.0005326600331
3,1,32,464,3.93570142261,3.24743301805,0,0
4,2,4,464,3.18914722669,3.23098098496,-0.746554195916,-0.0164520330922
5,2,8,464,3.1892054415,3.23350930933,-0.746495981108,-0.0139237087255
6,2,16,464,3.18600359811,3.23630955879,-0.749697824501,-0.0111234592659
7,2,32,464,3.17951767449,3.20807704854,-0.756183748114,-0.039355969515
8,3,4,464,3.03895152348,3.20548737365,-0.896749899123,-0.041945644406
9,3,8,464,3.01885999033,3.17187862472,-0.916841432278,-0.075554393331
10,3,16,464,3.015184894,3.17980156269,-0.920516528608,-0.0676314553592
11,3,32,464,3.0089302931,3.16245431885,-0.926771129507,-0.0849786992037
0,1,4,465,4.24486419682,3.48983933562,0.0197710742744,-0.00596600746562
1,1,8,465,4.24141607667,3.53269191934,0.0163229541206,0.0368865762556
2,1,16,465,4.23522621298,3.48414357771,0.0101330904355,-0.0116617653753
3,1,32,465,4.22509312254,3.49580534308,0,0
4,2,4,465,3.91466268557,3.7367049838,-0.310430436976,0.240899640715
5,2,8,465,3.89790851505,3.73702688243,-0.327184607498,0.241221539345
6,2,16,465,3.87382732195,3.67466056282,-0.351265800595,0.178855219735
7,2,32,465,3.8447215938,3.58748977722,-0.380371528748,0.0916844341359
8,3,4,465,3.78169766703,3.73965785697,-0.443395455513,0.243852513888
9,3,8,465,3.71353433042,3.61962237021,-0.511558792129,0.123817027123
10,3,16,465,3.69110951554,3.55610772808,-0.533983607002,0.0603023849922
11,3,32,465,3.77539159244,3.48503039875,-0.449701530107,-0.0107749443347
0,1,4,466,3.91250901956,3.0194106258,0.00699979123954,0.0118881672835
1,1,8,466,3.91088072777,3.0316945479,0.00537149944606,0.0241720893858
2,1,16,466,3.90844089698,3.00706657516,0.00293166865963,-0.000455883357247
3,1,32,466,3.90550922832,3.00752245852,0,0
4,2,4,466,3.09738541424,2.91712806551,-0.808123814086,-0.0903943930066
5,2,8,466,3.09217982656,2.91460920621,-0.813329401763,-0.0929132523064
6,2,16,466,3.08771698559,2.93027006819,-0.817792242737,-0.0772523903267
7,2,32,466,3.08559281425,2.93030311385,-0.819916414072,-0.0772193446691
8,3,4,466,2.94614612193,2.9278995592,-0.959363106396,-0.0796228993192
9,3,8,466,2.94382020174,2.89359056993,-0.961689026586,-0.113931888586
10,3,16,466,2.9458557865,2.94756856346,-0.959653441827,-0.0599538950569
11,3,32,466,3.08275632177,2.91771491107,-0.822752906551,-0.0898075474467
0,1,4,467,3.99013843902,3.43706926688,0.0134574776979,-0.00662142070375
1,1,8,467,3.98774330774,3.47203411252,0.0110623464199,0.0283434249335
2,1,16,467,3.98350158584,3.45550672255,0.00682062451291,0.0118160349647
3,1,32,467,3.97668096132,3.44369068759,0,0
4,2,4,467,3.53775355878,3.59042601804,-0.438927402539,0.146735330457
5,2,8,467,3.52976395132,3.54766500228,-0.446917010001,0.103974314697
6,2,16,467,3.51863157804,3.54325345408,-0.458049383287,0.0995627664907
7,2,32,467,3.50517611477,3.47459444973,-0.471504846553,0.0309037621419
8,3,4,467,3.36835112885,3.55101345686,-0.608329832474,0.107322769271
9,3,8,467,3.32752767021,3.49314437894,-0.649153291117,0.0494536913581
10,3,16,467,3.31717485364,3.46584734195,-0.659506107685,0.0221566543618
11,3,32,467,3.4121099739,3.41807021374,-0.564570987423,-0.0256204738444
0,1,4,468,3.95179305852,3.31481728702,0.00468190193051,-0.0152320577581
1,1,8,468,3.95098294103,3.33494532521,0.00387178443714,0.0048959804231
2,1,16,468,3.94952339728,3.3319634768,0.00241224069082,0.00191413201639
3,1,32,468,3.94711115659,3.33004934478,0,0
4,2,4,468,3.40812768354,3.36739975326,-0.538983473049,0.037350408476
5,2,8,468,3.40315919464,3.32092044064,-0.543951961955,-0.0091289041418
6,2,16,468,3.39753581319,3.33802856884,-0.5495753434,0.00797922405443
7,2,32,468,3.39237557514,3.29784736653,-0.554735581455,-0.0322019782499
8,3,4,468,3.2667019158,3.30552288904,-0.680409240791,-0.0245264557403
9,3,8,468,3.2449701129,3.2770882625,-0.702141043694,-0.0529610822827
10,3,16,468,3.2423032598,3.27961062754,-0.704807896794,-0.0504387172384
11,3,32,468,3.35379095795,3.25362305431,-0.593320198641,-0.0764262904723
0,1,4,469,4.3607856136,3.43874711746,0.0132735786512,-0.00954099990854
1,1,8,469,4.35846923612,3.47493627277,0.0109572011696,0.0266481554022
2,1,16,469,4.35431355018,3.44139617025,0.00680151522305,-0.00689194711808
3,1,32,469,4.34751203495,3.44828811737,0,0
4,2,4,469,4.00382083498,3.62687386167,-0.343691199968,0.178585744308
5,2,8,469,3.98631834519,3.59534279502,-0.361193689762,0.147054677653
6,2,16,469,3.96439040987,3.56342482881,-0.383121625084,0.115136711441
7,2,32,469,3.94088379267,3.4944319171,-0.406628242284,0.0461437997385
8,3,4,469,3.81569700411,3.60214494214,-0.531815030844,0.153856824774
9,3,8,469,3.76382609601,3.51233621664,-0.583685938945,0.0640480992716
10,3,16,469,3.74751061605,3.46707612753,-0.600001418898,0.0187880101656
11,3,32,469,3.97433978311,3.41763673435,-0.373172251839,-0.0306513830201
0,1,4,470,3.95657745798,3.31586162964,0.00602243382697,-0.0174951422748
1,1,8,470,3.95549551553,3.34009173713,0.0049404913837,0.00673496521739
2,1,16,470,3.95359398117,3.33397536565,0.00303895702118,0.000618593738571
3,1,32,470,3.95055502415,3.33335677191,0,0
4,2,4,470,3.37866060587,3.39488636149,-0.571894418278,0.0615295895756
5,2,8,470,3.37147558421,3.35104644146,-0.579079439939,0.0176896695434
6,2,16,470,3.36362977248,3.35047554213,-0.586925251674,0.0171187702176
7,2,32,470,3.35680753009,3.31352128357,-0.593747494061,-0.0198354883433
8,3,4,470,3.20432653131,3.33949662964,-0.746228492839,0.00613985772294
9,3,8,470,3.17925233299,3.30293356939,-0.771302691161,-0.0304232025251
10,3,16,470,3.174054231,3.28974066217,-0.776500793146,-0.0436161097439
11,3,32,470,3.29335429146,3.26063946341,-0.657200732691,-0.0727173085075
0,1,4,471,4.39539799096,3.45733708021,0.0172683392567,-0.0151559427248
1,1,8,471,4.39238474728,3.49936188733,0.0142550955705,0.0268688643997
2,1,16,471,4.38697716332,3.46603013342,0.00884751160904,-0.00646288950744
3,1,32,471,4.37812965171,3.47249302293,0,0
4,2,4,471,4.07960707655,3.66673236563,-0.298522575153,0.194239342703
5,2,8,471,4.06214642714,3.6518438489,-0.315983224563,0.179350825968
6,2,16,471,4.03812686422,3.61611572585,-0.340002787485,0.143622702919
7,2,32,471,4.01002236972,3.53102273282,-0.368107281986,0.0585297098906
8,3,4,471,3.88371311541,3.66772324348,-0.494416536295,0.195230220549
9,3,8,471,3.82279806443,3.56394081114,-0.555331587274,0.0914477882115
10,3,16,471,3.80369064997,3.5182987034,-0.57443900174,0.0458056804687
11,3,32,471,3.97847139757,3.44983980065,-0.399658254134,-0.0226532222826
0,1,4,472,4.30193742661,3.19412940999,0.00633338991486,-0.00751293304263
1,1,8,472,4.30074268305,3.21170595136,0.00513864635635,0.0100636083303
2,1,16,472,4.29870632475,3.1933312818,0.00310228804957,-0.00831106123686
3,1,32,472,4.2956040367,3.20164234303,0,0
4,2,4,472,3.7683318578,3.22545975758,-0.527272178895,0.0238174145518
5,2,8,472,3.75619751071,3.20392463448,-0.539406525989,0.00228229144749
6,2,16,472,3.74199372578,3.20937544181,-0.553610310917,0.00773309878165
7,2,32,472,3.72830563594,3.16709784914,-0.567298400752,-0.0345444938905
8,3,4,472,3.58607101605,3.20329678859,-0.709533020652,0.00165444555573
9,3,8,472,3.56025758524,3.147248364,-0.735346451455,-0.0543939790322
10,3,16,472,3.55411675367,3.15551920277,-0.74148728303,-0.0461231402589
11,3,32,472,3.77649017197,3.12527206894,-0.519113864728,-0.0763702740902
0,1,4,473,4.23130593907,3.16329474936,0.00293707894699,-0.0162089875931
1,1,8,473,4.23055199962,3.18558243639,0.00218313949759,0.00607869943276
2,1,16,473,4.22948215809,3.15917732246,0.0011132979603,-0.0203264144906
3,1,32,473,4.22836886013,3.17950373695,0,0
4,2,4,473,3.58753244986,3.03668287879,-0.64083641027,-0.142820858163
5,2,8,473,3.57718560949,3.02409113971,-0.651183250636,-0.155412597245
6,2,16,473,3.56729278045,3.04871658922,-0.661076079677,-0.130787147735
7,2,32,473,3.56038464223,3.06941143774,-0.667984217894,-0.11009229921
8,3,4,473,3.45409248988,3.05035513635,-0.774276370247,-0.129148600602
9,3,8,473,3.44976325612,3.01509947618,-0.778605604009,-0.164404260768
10,3,16,473,3.4528996303,3.08773429973,-0.775469229827,-0.0917694372249
11,3,32,473,3.74132342509,3.04923712893,-0.487045435033,-0.130266608023
0,1,4,474,4.24152363005,3.55614117467,0.0236216156235,-0.00362984148952
1,1,8,474,4.23741626885,3.60360522785,0.0195142544248,0.0438342116883
2,1,16,474,4.2300288199,3.55781120354,0.0121268054783,-0.00195981261843
3,1,32,474,4.21790201442,3.55977101616,0,0
4,2,4,474,3.9771405595,3.8778752279,-0.240761454921,0.318104211732
5,2,8,474,3.95926786462,3.87014010902,-0.258634149805,0.310369092852
6,2,16,474,3.93299044824,3.80080585098,-0.284911566187,0.241034834819
7,2,32,474,3.90041403849,3.68867547603,-0.317487975933,0.128904459868
8,3,4,474,3.81139823931,3.87849201025,-0.406503775112,0.318720994085
9,3,8,474,3.73242199716,3.74807426222,-0.485480017269,0.188303246061
10,3,16,474,3.70585228436,3.66079945156,-0.512049730064,0.101028435395
11,3,32,474,3.77218431253,3.58045130965,-0.445717701894,0.0206802934852
0,1,4,475,4.01943184634,3.22413626214,0.0104279918532,-0.00251100728636
1,1,8,475,4.01741149953,3.25047779287,0.00840764504364,0.0238305234431
2,1,16,475,4.01402524604,3.22776444919,0.00502139155411,0.00111717976525
3,1,32,475,4.00900385449,3.22664726943,0,0
4,2,4,475,3.37512837764,3.27041518836,-0.633875476844,0.0437679189375
5,2,8,475,3.36687393851,3.25413432606,-0.642129915971,0.0274870566328
6,2,16,475,3.35678903379,3.24659402312,-0.652214820691,0.0199467536946
7,2,32,475,3.34654096756,3.21071102476,-0.662462886929,-0.0159362446693
8,3,4,475,3.19433952054,3.25711890866,-0.814664333943,0.030471639235
9,3,8,475,3.16871437552,3.20355422752,-0.840289478967,-0.0230930419083
10,3,16,475,3.16215165156,3.20309484753,-0.846852202925,-0.0235524219004
11,3,32,475,3.2795944003,3.16599931433,-0.729409454182,-0.0606479550945
0,1,4,476,4.30265514791,3.33729367648,0.013612188576,-0.00148165129188
1,1,8,476,4.30019281241,3.36270383175,0.0111498530748,0.023928503979
2,1,16,476,4.29587796526,3.32965528448,0.00683500591831,-0.00912004328854
3,1,32,476,4.28904295934,3.33877532777,0,0
4,2,4,476,3.91754457467,3.49708742866,-0.37149838467,0.15831210089
5,2,8,476,3.89950954904,3.47818420495,-0.389533410302,0.13940887718
6,2,16,476,3.8774293022,3.44525858339,-0.411613657134,0.106483255624
7,2,32,476,3.8544812101,3.3774239842,-0.434561749242,0.0386486564269
8,3,4,476,3.74628910607,3.49287665782,-0.542753853269,0.154101330054
9,3,8,476,3.69702922369,3.39632595571,-0.592013735644,0.0575506279366
10,3,16,476,3.68153168507,3.36517118598,-0.607511274266,0.026395858213
11,3,32,476,3.88845243472,3.30587696081,-0.400590524621,-0.0328983669538
0,1,4,477,4.16195350124,3.19438428317,0.000134603215345,-0.0183874178784
1,1,8,477,4.16180860125,3.21470799527,-1.02967796769e-05,0.00193629421779
2,1,16,477,4.1616942499,3.21376230741,-0.000124648131704,0.000990606355484
3,1,32,477,4.16181889803,3.21277170105,0,0
4,2,4,477,3.49914454397,3.13952112134,-0.662674354055,-0.0732505797062
5,2,8,477,3.49207704546,3.08541890033,-0.669741852563,-0.127352800726
6,2,16,477,3.48664260228,3.12455122625,-0.67517629575,-0.0882204747976
7,2,32,477,3.48481336408,3.11979011408,-0.677005533949,-0.092981586968
8,3,4,477,3.28064807483,3.08643929852,-0.881170823194,-0.126332402533
9,3,8,477,3.27799847229,3.07953731159,-0.883820425734,-0.133234389459
10,3,16,477,3.2812720248,3.11402530723,-0.880546873226,-0.0987463938227
11,3,32,477,3.55816565643,3.10546256155,-0.6036532416,-0.107309139502
0,1,4,478,3.81607794444,3.25748144858,0.0173270184139,0.0052736669505
1,1,8,478,3.81280288467,3.28211323289,0.0140519586439,0.0299054512569
2,1,16,478,3.80722420653,3.25005753294,0.00847328050417,-0.00215024869504
3,1,32,478,3.79875092602,3.25220778163,0,0
4,2,4,478,3.23466472756,3.36954517666,-0.564086198461,0.117337395029
5,2,8,478,3.22550833877,3.37890150617,-0.573242587249,0.126693724538
6,2,16,478,3.21260140969,3.34073789116,-0.586149516327,0.0885301095247
7,2,32,478,3.19748393003,3.28506219887,-0.601266995992,0.0328544172318
8,3,4,478,3.11710454675,3.39283037786,-0.681646379273,0.140622596229
9,3,8,478,3.07503457968,3.3046226834,-0.723716346343,0.0524149017637
10,3,16,478,3.06268304549,3.2914312838,-0.736067880528,0.0392235021708
11,3,32,478,3.04523351004,3.21736326029,-0.753517415978,-0.0348445213487
0,1,4,479,3.74948461726,3.32884426929,0.0151702701649,0.000603638621219
1,1,8,479,3.74667509016,3.3522141714,0.0123607430664,0.0239735407337
2,1,16,479,3.74182672552,3.32934464875,0.00751237843079,0.00110401808351
3,1,32,479,3.73431434709,3.32824063067,0,0
4,2,4,479,3.21980819464,3.46179107047,-0.514506152448,0.133550439797
5,2,8,479,3.21188527618,3.4500668544,-0.522429070916,0.121826223736
6,2,16,479,3.20108336626,3.42047705083,-0.533230980834,0.0922364201613
7,2,32,479,3.18869263666,3.36232745523,-0.54562171043,0.0340868245664
8,3,4,479,3.11391951976,3.45750564184,-0.620394827329,0.12926501117
9,3,8,479,3.07266830918,3.3813974927,-0.661646037916,0.0531568620358
10,3,16,479,3.06161090851,3.36270040939,-0.672703438584,0.03445977872
11,3,32,479,3.04623810075,3.29337373402,-0.688076246348,-0.0348668966535
0,1,4,480,4.00630673353,3.30642442741,0.0149856190106,-0.00390417257192
1,1,8,480,4.00351794024,3.33039886801,0.0121968257161,0.0200702680326
2,1,16,480,3.99871898918,3.30148346209,0.00739787466285,-0.00884513789238
3,1,32,480,3.99132111452,3.31032859998,0,0
4,2,4,480,3.53744023824,3.42205980352,-0.453880876277,0.111731203539
5,2,8,480,3.52422029348,3.41855115558,-0.467100821039,0.108222555599
6,2,16,480,3.5074623805,3.38703993993,-0.483858734023,0.0767113399485
7,2,32,480,3.48950611681,3.33300130864,-0.501814997709,0.0226727086636
8,3,4,480,3.41233638975,3.44108603748,-0.578984724774,0.130757437497
9,3,8,480,3.36851138394,3.35078804574,-0.622809730581,0.0404594457566
10,3,16,480,3.35617444848,3.34212600556,-0.635146666045,0.0317974055791
11,3,32,480,3.44230110717,3.26466059099,-0.549020007354,-0.0456680089853
0,1,4,481,3.87364714774,3.47551514466,0.0146313551801,-0.0129543087095
1,1,8,481,3.87109565387,3.51950873672,0.0120798613042,0.03103928335
2,1,16,481,3.8665164981,3.49073294442,0.00750070554213,0.00226349104392
3,1,32,481,3.85901579256,3.48846945337,0,0
4,2,4,481,3.34911222396,3.64149484413,-0.509903568602,0.153025390757
5,2,8,481,3.34380781914,3.62142458295,-0.515207973427,0.132955129576
6,2,16,481,3.33411536067,3.59182700605,-0.524900431897,0.103357552674
7,2,32,481,3.32043165106,3.53196594553,-0.538584141504,0.0434964921604
8,3,4,481,3.22440612503,3.60340888313,-0.634609667532,0.114939429759
9,3,8,481,3.17913062476,3.53864432002,-0.679885167801,0.0501748666453
10,3,16,481,3.16655048292,3.49632845458,-0.692465309642,0.00785900120655
11,3,32,481,3.15048166217,3.45195726246,-0.708534130392,-0.0365121909107
0,1,4,482,4.21079507369,3.1580186162,0.00708013417052,-0.00783856531476
1,1,8,482,4.20947298691,3.18304409686,0.00575804739452,0.017186915354
2,1,16,482,4.20720535491,3.16144306362,0.00349041539282,-0.00441411788919
3,1,32,482,4.20371493952,3.16585718151,0,0
4,2,4,482,3.54377088425,3.1607409981,-0.659944055265,-0.00511618341129
5,2,8,482,3.53809427454,3.15755042178,-0.665620664973,-0.00830675973117
6,2,16,482,3.52920821872,3.16562144922,-0.6745067208,-0.000235732292499
7,2,32,482,3.5183711285,3.12444357482,-0.685343811016,-0.0414136066876
8,3,4,482,3.36589097427,3.13395514496,-0.837823965249,-0.0319020365515
9,3,8,482,3.34403844046,3.08965615133,-0.859676499061,-0.0762010301825
10,3,16,482,3.33907203934,3.09775751424,-0.864642900178,-0.0680996672669
11,3,32,482,3.45058169695,3.08442894102,-0.753133242571,-0.0814282404929
0,1,4,483,4.61879206975,3.39425790409,0.0111089219987,-0.0184026557604
1,1,8,483,4.61687641711,3.43249580456,0.00919326935421,0.0198352447134
2,1,16,483,4.6134107238,3.40474811479,0.00572757604786,-0.00791244506044
3,1,32,483,4.60768314775,3.41266055985,0,0
4,2,4,483,4.28641849944,3.51108191405,-0.321264648311,0.0984213542056
5,2,8,483,4.26924999554,3.4825062172,-0.33843315221,0.0698456573575
6,2,16,483,4.24696409281,3.48231716833,-0.36071905494,0.0696566084813
7,2,32,483,4.22217543903,3.41569288304,-0.385507708724,0.00303232319502
8,3,4,483,4.06843691211,3.49691831173,-0.539246235646,0.0842577518864
9,3,8,483,4.02334262809,3.41876442583,-0.584340519662,0.006103865981
10,3,16,483,4.01067292046,3.4055079404,-0.597010227289,-0.00715261945192
11,3,32,483,4.31750874579,3.36112500399,-0.290174401964,-0.0515355558574
0,1,4,484,4.2569875582,3.24765085968,0.00728768660784,-0.0109683518381
1,1,8,484,4.25560517151,3.26767517004,0.00590529991805,0.00905595852241
2,1,16,484,4.25325579693,3.24453045491,0.00355592533527,-0.0140887566096
3,1,32,484,4.2496998716,3.25861921152,0,0
4,2,4,484,3.76126684578,3.2859042473,-0.488433025815,0.0272850357799
5,2,8,484,3.747127213,3.26505494351,-0.502572658598,0.00643573199162
6,2,16,484,3.73121916776,3.26029780045,-0.518480703833,0.00167858893274
7,2,32,484,3.71650336423,3.22817504839,-0.533196507368,-0.0304441631342
8,3,4,484,3.60354047463,3.27769216612,-0.646159396969,0.0190729545942
9,3,8,484,3.57499917336,3.21307767551,-0.674700698231,-0.0455415360159
10,3,16,484,3.56818869444,3.22436524715,-0.681511177155,-0.0342539643679
11,3,32,484,3.80203366542,3.17841653497,-0.447666206176,-0.0802026765529
0,1,4,485,3.76608261948,3.37963887782,0.00976182787679,-0.0140875539485
1,1,8,485,3.76429080547,3.42001150518,0.00797001386414,0.026285073408
2,1,16,485,3.76117986373,3.39619136482,0.00485907212651,0.0024649330454
3,1,32,485,3.7563207916,3.39372643177,0,0
4,2,4,485,3.09973887451,3.40164028133,-0.656581917091,0.00791384955916
5,2,8,485,3.1003523135,3.38253863553,-0.655968478107,-0.0111877962407
6,2,16,485,3.09891490247,3.38797608613,-0.657405889131,-0.00575034564642
7,2,32,485,3.09498522519,3.36662210721,-0.661335566413,-0.0271043245642
8,3,4,485,3.00286707257,3.3669491263,-0.75345371903,-0.0267773054755
9,3,8,485,2.98145247405,3.33745948455,-0.774868317556,-0.0562669472251
10,3,16,485,2.97898158299,3.34842942687,-0.777339208609,-0.0452970049048
11,3,32,485,2.97277740637,3.31743378194,-0.78354338523,-0.0762926498334
0,1,4,486,4.62007028272,3.03562977648,3.21419703431e-05,-0.0236218890494
1,1,8,486,4.61991295167,3.05489179762,-0.000125189081245,-0.00435986791142
2,1,16,486,4.61981224445,3.04538693177,-0.000225896306695,-0.0138647337608
3,1,32,486,4.62003814075,3.05925166553,0,0
4,2,4,486,3.94368859903,2.94239126408,-0.676349541721,-0.116860401453
5,2,8,486,3.93014132181,2.92192252749,-0.689896818941,-0.137329138038
6,2,16,486,3.91598383847,2.95353121236,-0.704054302287,-0.105720453169
7,2,32,486,3.90471329289,2.94551224695,-0.715324847865,-0.11373941858
8,3,4,486,3.65788450652,2.92798702424,-0.962153634238,-0.131264641292
9,3,8,486,3.65197238189,2.89797232998,-0.968065758866,-0.161279335547
10,3,16,486,3.65205110005,2.93969835232,-0.967987040703,-0.119553313208
11,3,32,486,4.0317855073,2.93286483277,-0.588252633456,-0.126386832763
0,1,4,487,4.68943350829,3.1242130482,0.00317041415597,-0.0226919725807
1,1,8,487,4.68865735252,3.16198605043,0.0023942583882,0.0150810296507
2,1,16,487,4.68752683231,3.1395406645,0.00126373817616,-0.00736435627384
3,1,32,487,4.68626309413,3.14690502078,0,0
4,2,4,487,4.00464942096,2.99472649968,-0.681613673177,-0.152178521102
5,2,8,487,3.99295006786,2.97503538374,-0.693313026271,-0.171869637043
6,2,16,487,3.97988410102,3.0211835664,-0.706378993113,-0.125721454378
7,2,32,487,3.96786626635,3.02478683375,-0.718396827784,-0.122118187028
8,3,4,487,3.71348185865,2.99787394819,-0.972781235487,-0.149031072591
9,3,8,487,3.71013866728,2.97397102144,-0.976124426857,-0.172933999338
10,3,16,487,3.71192968458,3.03480302861,-0.974333409555,-0.112101992168
11,3,32,487,4.13047823836,3.0265597559,-0.555784855775,-0.120345264882
0,1,4,488,3.55175787061,3.05627890391,-0.000448538987789,-0.0199783495729
1,1,8,488,3.55165957586,3.05877902404,-0.00054683373821,-0.0174782294451
2,1,16,488,3.55170040879,3.05683008238,-0.000506000809999,-0.0194271711109
3,1,32,488,3.5522064096,3.07625725349,0,0
4,2,4,488,2.65541435072,3.04994132971,-0.896792058885,-0.0263159237797
5,2,8,488,2.64987158217,3.03299907324,-0.902334827434,-0.0432581802454
6,2,16,488,2.64765667366,2.99613453083,-0.904549735942,-0.0801227226541
7,2,32,488,2.65204294172,3.01323850204,-0.900163467886,-0.0630187514502
8,3,4,488,2.51480767224,3.00137635855,-1.03739873736,-0.0748808949326
9,3,8,488,2.50896767784,2.9742333157,-1.04323873176,-0.102023937789
10,3,16,488,2.50807094097,2.96693681316,-1.04413546863,-0.109320440322
11,3,32,488,2.515249108,2.94600225658,-1.0369573016,-0.130254996906
0,1,4,489,4.01697003466,3.30621751267,0.00850579491791,-0.0274460149214
1,1,8,489,4.01536899923,3.34215990488,0.00690475948701,0.00849637728614
2,1,16,489,4.01263373586,3.3303954262,0.00416949611937,-0.00326810139118
3,1,32,489,4.00846423975,3.33366352759,0,0
4,2,4,489,3.4029003762,3.30730860244,-0.605563863548,-0.0263549251528
5,2,8,489,3.39764184287,3.28844343606,-0.610822396876,-0.0452200915346
6,2,16,489,3.3904030083,3.30092224534,-0.618061231446,-0.0327412822464
7,2,32,489,3.38215075447,3.28007414653,-0.626313485273,-0.0535893810607
8,3,4,489,3.23359682814,3.29853837664,-0.774867411609,-0.0351251509507
9,3,8,489,3.21226217085,3.26219671367,-0.796202068897,-0.0714668139249
10,3,16,489,3.20967078651,3.28711276178,-0.798793453238,-0.0465507658082
11,3,32,489,3.31827470323,3.24022372684,-0.690189536519,-0.0934398007531
0,1,4,490,3.66386453288,3.12816945629,-0.00123893743035,-0.0217316519478
1,1,8,490,3.66399614378,3.14245303856,-0.0011073265258,-0.00744806967275
2,1,16,490,3.66433816658,3.14280195857,-0.00076530372535,-0.0070991496701
3,1,32,490,3.66510347031,3.14990110824,0,0
4,2,4,490,2.79271097463,3.07075548605,-0.872392495679,-0.0791456221885
5,2,8,490,2.79418257558,3.04470929567,-0.870920894732,-0.105191812564
6,2,16,490,2.79770506344,3.05317310399,-0.867398406865,-0.0967280042413
7,2,32,490,2.80438880253,3.06220978268,-0.86071466778,-0.0876913255561
8,3,4,490,2.65991137126,3.00149924418,-1.00519209905,-0.148401864058
9,3,8,490,2.66080188559,3.00237595203,-1.00430158472,-0.147525156204
10,3,16,490,2.66472508699,3.01945949138,-1.00037838332,-0.130441616857
11,3,32,490,2.67321998795,3.02003389549,-0.991883482356,-0.129867212745
0,1,4,491,4.14646591161,3.4198457342,0.0131995385889,-0.0218103918441
1,1,8,491,4.14414770803,3.46044287672,0.0108813350096,0.0187867506839
2,1,16,491,4.14000478609,3.43140400461,0.0067384130652,-0.0102521214282
3,1,32,491,4.13326637302,3.44165612604,0,0
4,2,4,491,3.69174517708,3.5367800832,-0.441521195943,0.0951239571582
5,2,8,491,3.68123087252,3.52703862598,-0.452035500506,0.0853824999417
6,2,16,491,3.6659515371,3.50533592439,-0.467314835926,0.0636797983497
7,2,32,491,3.64744577978,3.4538691074,-0.485820593241,0.0122129813615
8,3,4,491,3.55229396864,3.53057973833,-0.580972404384,0.0889236122941
9,3,8,491,3.50791590783,3.45526474891,-0.625350465193,0.0136086228721
10,3,16,491,3.49605877377,3.43957059053,-0.637207599255,-0.00208553550762
11,3,32,491,3.59221542408,3.38122435652,-0.541050948948,-0.0604317695229
0,1,4,492,4.17360676274,3.29271730875,0.00643391134401,-0.0251737879515
1,1,8,492,4.17246949423,3.3290556145,0.00529664283871,0.0111645177991
2,1,16,492,4.17044654499,3.3092286236,0.00327369359634,-0.00866247309534
3,1,32,492,4.16717285139,3.3178910967,0,0
4,2,4,492,3.55645960171,3.29637884152,-0.610713249683,-0.0215122551798
5,2,8,492,3.55147685514,3.28341330965,-0.615695996252,-0.0344777870533
6,2,16,492,3.54348517668,3.29374128595,-0.623687674708,-0.0241498107509
7,2,32,492,3.53344928334,3.26713672655,-0.633723568054,-0.0507543701505
8,3,4,492,3.39754896724,3.26635750022,-0.769623884149,-0.0515335964818
9,3,8,492,3.37504751518,3.22951094797,-0.792125336213,-0.0883801487306
10,3,16,492,3.3712779056,3.24264684707,-0.795894945789,-0.075244249625
11,3,32,492,3.49033074328,3.22045120141,-0.676842108111,-0.0974398952913
0,1,4,493,3.52460030748,3.08590411769,0.00203407742243,-0.0160601526351
1,1,8,493,3.5240067922,3.09422988763,0.00144056214466,-0.00773438270228
2,1,16,493,3.52323049233,3.09584499001,0.000664262277427,-0.00611928031379
3,1,32,493,3.52256623005,3.10196427033,0,0
4,2,4,493,2.63702700797,3.06366823273,-0.885539222079,-0.0382960376027
5,2,8,493,2.63408187297,3.03955878615,-0.888484357079,-0.0624054841794
6,2,16,493,2.63425293684,3.02415324241,-0.888313293213,-0.0778110279198
7,2,32,493,2.63976747796,3.03507426537,-0.882798752093,-0.0668900049533
8,3,4,493,2.47848312238,3.02329809057,-1.04408310767,-0.0786661797559
9,3,8,493,2.47505171751,3.00557264824,-1.04751451254,-0.0963916220917
10,3,16,493,2.47616248657,3.01355523964,-1.04640374348,-0.0884090306853
11,3,32,493,2.48374970542,2.98686202596,-1.03881652464,-0.115102244366
0,1,4,494,3.57169610849,3.21562709781,0.00117767121222,-0.0219549480405
1,1,8,494,3.57134012909,3.23475775707,0.000821691815911,-0.00282428877724
2,1,16,494,3.57087975339,3.22563784533,0.000361316110986,-0.0119442005212
3,1,32,494,3.57051843728,3.23758204585,0,0
4,2,4,494,2.78465736579,3.10371719762,-0.785861071486,-0.133864848232
5,2,8,494,2.78716460134,3.08576245723,-0.783353835939,-0.151819588619
6,2,16,494,2.79162761926,3.10736178734,-0.778890818013,-0.13022025851
7,2,32,494,2.79842363295,3.13344864851,-0.772094804327,-0.10413339734
8,3,4,494,2.7401229801,3.07260956303,-0.830395457172,-0.164972482816
9,3,8,494,2.74240536822,3.06920796793,-0.828113069051,-0.168374077917
10,3,16,494,2.74959193715,3.12910527901,-0.820926500125,-0.108476766843
11,3,32,494,2.75414447562,3.09898509578,-0.816373961658,-0.138596950071
0,1,4,495,4.55340266155,3.29363045736,0.00738968014688,-0.0200169095654
1,1,8,495,4.55201469395,3.32298547078,0.00600171254083,0.00933810385171
2,1,16,495,4.54963783468,3.29362403929,0.0036248532725,-0.0200233276363
3,1,32,495,4.54601298141,3.31364736693,0,0
4,2,4,495,4.14317107355,3.30036932493,-0.402841907856,-0.0132780419932
5,2,8,495,4.12546358447,3.28077112048,-0.420549396937,-0.0328762464506
6,2,16,495,4.10502244156,3.28866956835,-0.440990539849,-0.0249777985772
7,2,32,495,4.08515122288,3.26316449305,-0.460861758532,-0.0504828738778
8,3,4,495,3.96451825747,3.31263725528,-0.581494723939,-0.00101011164862
9,3,8,495,3.93500749014,3.24327954278,-0.611005491272,-0.070367824148
10,3,16,495,3.92853498622,3.27416341159,-0.617477995187,-0.0394839553416
11,3,32,495,4.28289632449,3.22182068557,-0.263116656919,-0.0918266813575
0,1,4,496,3.93817045523,3.28062719121,0.0149198705335,-0.00074082485851
1,1,8,496,3.93545755376,3.30927925888,0.0122069690652,0.0279112428174
2,1,16,496,3.93072179976,3.27733564633,0.00747121507255,-0.00403236973467
3,1,32,496,3.92325058469,3.28136801606,0,0
4,2,4,496,3.34646612278,3.42461251721,-0.576784461911,0.143244501146
5,2,8,496,3.33794651611,3.42955650123,-0.585304068585,0.148188485166
6,2,16,496,3.32487892129,3.38653096792,-0.598371663397,0.105162951858
7,2,32,496,3.30879736951,3.32233751048,-0.614453215185,0.040969494412
8,3,4,496,3.20671478283,3.4131393165,-0.716535801861,0.131771300433
9,3,8,496,3.1620413348,3.33035957156,-0.761209249891,0.048991555491
10,3,16,496,3.14781564369,3.29104145216,-0.775434941,0.0096734360951
11,3,32,496,3.13099710832,3.24355686318,-0.792253476374,-0.0378111528836
0,1,4,497,4.06566013298,3.29122739988,0.0143124747315,-0.0124011750727
1,1,8,497,4.06302396823,3.32077474579,0.0116763099799,0.0171461708363
2,1,16,497,4.05846029935,3.30073622292,0.00711264110213,-0.00289235203971
3,1,32,497,4.05134765825,3.30362857496,0,0
4,2,4,497,3.52663834206,3.44160022704,-0.524709316184,0.137971652082
5,2,8,497,3.51345720181,3.43019779728,-0.537890456441,0.126569222319
6,2,16,497,3.49663718123,3.39263400687,-0.554710477019,0.0890054319115
7,2,32,497,3.47871884581,3.33202890314,-0.572628812437,0.0284003281801
8,3,4,497,3.31675648274,3.44018554156,-0.734591175504,0.136556966604
9,3,8,497,3.27220849784,3.35782218974,-0.779139160404,0.0541936147791
10,3,16,497,3.25803574276,3.32205990488,-0.793311915491,0.0184313299263
11,3,32,497,3.34843865594,3.26074402096,-0.702909002304,-0.0428845539965
0,1,4,498,4.66426977357,3.20876696072,0.00884749354653,-0.0208980226938
1,1,8,498,4.66263488425,3.25674769284,0.00721260422636,0.0270827094204
2,1,16,498,4.65980756355,3.21772425535,0.00438528353129,-0.0119407280668
3,1,32,498,4.65542228002,3.22966498342,0,0
4,2,4,498,4.02672366763,3.16677090602,-0.628698612388,-0.0628940773971
5,2,8,498,4.01748404402,3.17913036973,-0.637938236001,-0.0505346136884
6,2,16,498,4.00259478613,3.19522837717,-0.652827493888,-0.0344366062438
7,2,32,498,3.98345076143,3.16545876355,-0.67197151859,-0.0642062198708
8,3,4,498,3.79315565961,3.17181105019,-0.862266620411,-0.0578539332256
9,3,8,498,3.76915788338,3.11977292806,-0.886264396639,-0.109892055361
10,3,16,498,3.7631023528,3.14436545134,-0.892319927218,-0.0852995320743
11,3,32,498,4.01285922745,3.13351040554,-0.642563052572,-0.096154577872
0,1,4,499,4.3328142501,3.14247458046,-0.00291855893502,-0.0256066091874
1,1,8,499,4.33330188326,3.15843716109,-0.00243092576742,-0.00964402855419
2,1,16,499,4.33420340497,3.14876877505,-0.00152940406378,-0.0193124145921
3,1,32,499,4.33573280903,3.16808118965,0,0
4,2,4,499,3.69737803839,3.03203799673,-0.638354770638,-0.136043192912
5,2,8,499,3.69001828165,3.00522787581,-0.64571452738,-0.162853313836
6,2,16,499,3.6828855334,3.04492658695,-0.652847275633,-0.123154602695
7,2,32,499,3.67824516729,3.04813457592,-0.65748764174,-0.11994661373
8,3,4,499,3.5440565821,2.99026124577,-0.791676226928,-0.177819943875
9,3,8,499,3.54196243348,2.97550921043,-0.793770375554,-0.192571979221
10,3,16,499,3.54607539522,3.02992501809,-0.789657413813,-0.138156171559
11,3,32,499,3.81917598573,3.02572271626,-0.516556823307,-0.142358473387
0,1,4,500,4.08889911136,3.05227619242,0.0027290081529,-0.0135500342932
1,1,8,500,4.08815350294,3.06105937824,0.00198339973556,-0.00476684848029
2,1,16,500,4.08713825057,3.06240349766,0.000968147363112,-0.003422729059
3,1,32,500,4.0861701032,3.06582622672,0,0
4,2,4,500,3.36518666243,3.01763893722,-0.72098344077,-0.0481872894953
5,2,8,500,3.35358734812,2.98359836783,-0.732582755079,-0.0822278588895
6,2,16,500,3.34387159984,2.99413875652,-0.742298503365,-0.0716874701991
7,2,32,500,3.33944212215,2.98628773333,-0.746727981053,-0.0795384933898
8,3,4,500,3.11181728185,3.00123343124,-0.974352821353,-0.0645927954783
9,3,8,500,3.10469362024,2.97012894071,-0.981476482966,-0.0956972860077
10,3,16,500,3.10434446076,2.9952611343,-0.981825642445,-0.070565092418
11,3,32,500,3.35227723347,2.96357473671,-0.733892869734,-0.102251490011
0,1,4,501,3.59533042439,3.27123092658,0.00344559566453,-0.0409158389894
1,1,8,501,3.59454738046,3.31350200602,0.00266255173327,0.0013552404572
2,1,16,501,3.59335927209,3.32322003545,0.00147444336094,0.0110732698803
3,1,32,501,3.59188482873,3.31214676557,0,0
4,2,4,501,2.69366243085,3.18240095572,-0.898222397876,-0.12974580985
5,2,8,501,2.69972459399,3.1442094149,-0.892160234741,-0.167937350668
6,2,16,501,2.70749662751,3.18068722199,-0.88438820122,-0.131459543579
7,2,32,501,2.71632700438,3.20208156505,-0.875557824352,-0.110065200518
8,3,4,501,2.49070916616,3.13873817407,-1.10117566257,-0.173408591492
9,3,8,501,2.4958556422,3.16241818476,-1.09602918653,-0.149728580804
10,3,16,501,2.50339749523,3.20441870116,-1.0884873335,-0.107728064407
11,3,32,501,2.51287645547,3.18433296196,-1.07900837326,-0.127813803604
0,1,4,502,4.06111752951,3.14868712246,-0.000114687258955,-0.0224451748727
1,1,8,502,4.06105131351,3.17223141272,-0.000180903263391,0.00109911538865
2,1,16,502,4.06103458565,3.1655551602,-0.00019763111387,-0.00557713713287
3,1,32,502,4.06123221677,3.17113229733,0,0
4,2,4,502,3.31347748212,3.00616928117,-0.747754734648,-0.164963016161
5,2,8,502,3.31475404264,2.98765950938,-0.746478174124,-0.183472787955
6,2,16,502,3.315874498,3.04200567318,-0.745357718768,-0.129126624155
7,2,32,502,3.31704449119,3.04564737851,-0.744187725577,-0.125484918821
8,3,4,502,3.17941652949,2.96818525496,-0.881815687283,-0.202947042372
9,3,8,502,3.18311762397,2.9716426696,-0.878114592799,-0.199489627737
10,3,16,502,3.19049860098,3.03959265279,-0.870733615794,-0.131539644544
11,3,32,502,3.32228736536,3.03575886678,-0.738944851405,-0.135373430558
0,1,4,503,3.6368610407,3.15671157253,0.00461097213455,-0.0183578352343
1,1,8,503,3.63578252406,3.18416597956,0.0035324554968,0.00909657179675
2,1,16,503,3.63417140241,3.16727374411,0.00192133384785,-0.0077956636567
3,1,32,503,3.63225006856,3.17506940777,0,0
4,2,4,503,2.75522326593,3.0286437405,-0.877026802631,-0.146425667269
5,2,8,503,2.75754457822,3.0277573036,-0.874705490345,-0.147312104167
6,2,16,503,2.76086734494,3.04351994158,-0.871382723618,-0.131549466189
7,2,32,503,2.76546164124,3.07155849274,-0.866788427321,-0.103510915031
8,3,4,503,2.65869408464,3.02398547082,-0.973555983916,-0.151083936945
9,3,8,503,2.66113661109,3.01448917888,-0.971113457473,-0.16058022889
10,3,16,503,2.66698527099,3.07505362217,-0.965264797574,-0.1000157856
11,3,32,503,2.67085837331,3.04394890989,-0.961391695253,-0.13112049788
0,1,4,504,3.88817801508,3.41967340564,0.0135504964683,-0.0025240910239
1,1,8,504,3.8858286577,3.45299497239,0.0112011390868,0.0307974757204
2,1,16,504,3.88159726048,3.42157233113,0.00696974187191,-0.000625165532457
3,1,32,504,3.87462751861,3.42219749667,0,0
4,2,4,504,3.37898308685,3.59374295069,-0.495644431766,0.171545454021
5,2,8,504,3.37252201741,3.57633450077,-0.502105501205,0.154137004102
6,2,16,504,3.36180570108,3.54202596444,-0.512821817535,0.119828467769
7,2,32,504,3.34764957437,3.47442898156,-0.526977944246,0.0522314848943
8,3,4,504,3.27795647658,3.54819905337,-0.596671042037,0.126001556699
9,3,8,504,3.23177003886,3.47653424752,-0.642857479748,0.0543367508551
10,3,16,504,3.2183319361,3.42901494649,-0.656295582512,0.00681744982784
11,3,32,504,3.20205492825,3.39095887117,-0.67257259036,-0.0312386254933
0,1,4,505,4.10616419412,3.31555762449,0.00625243393505,-0.0124791352072
1,1,8,505,4.10507299806,3.34511765862,0.0051612378725,0.0170808989232
2,1,16,505,4.10311722514,3.32293480556,0.00320546494625,-0.00510195413722
3,1,32,505,4.09991176019,3.3280367597,0,0
4,2,4,505,3.52377030264,3.37257076709,-0.57614145755,0.0445340073983
5,2,8,505,3.51707866486,3.34417180064,-0.582833095328,0.0161350409468
6,2,16,505,3.50826995779,3.34334069818,-0.591641802402,0.0153039384879
7,2,32,505,3.49871026913,3.30736029554,-0.601201491064,-0.0206764641603
8,3,4,505,3.37687848076,3.31951394862,-0.723033279427,-0.00852281107884
9,3,8,505,3.35088870337,3.27758373545,-0.749023056821,-0.0504530242509
10,3,16,505,3.34505101716,3.26798665603,-0.754860743029,-0.0600501036624
11,3,32,505,3.47452369317,3.25255345296,-0.625388067019,-0.0754833067343
0,1,4,506,4.14523368494,3.49981786973,0.0259344079602,0.0144150619253
1,1,8,506,4.14059481533,3.53722063495,0.0212955383443,0.0518178271396
2,1,16,506,4.13240418495,3.48385698661,0.013104907968,-0.00154582119666
3,1,32,506,4.11929927698,3.48540280781,0,0
4,2,4,506,3.89035023829,3.81946292782,-0.228949038689,0.334060120008
5,2,8,506,3.87040037434,3.8185825392,-0.248898902641,0.333179731394
6,2,16,506,3.84266046969,3.74111676927,-0.276638807292,0.255713961463
7,2,32,506,3.80964576509,3.62802866869,-0.309653511895,0.142625860881
8,3,4,506,3.75815160113,3.84274460331,-0.361147675858,0.357341795506
9,3,8,506,3.67832654627,3.69716754319,-0.440972730716,0.211764735379
10,3,16,506,3.65111818224,3.61785556821,-0.468181094741,0.1324527604
11,3,32,506,3.71457135975,3.5222872371,-0.404727917234,0.0368844292907
0,1,4,507,4.11447689055,3.1655676886,0.0075568322635,-0.0140253077141
1,1,8,507,4.11303159102,3.18787128746,0.00611153272795,0.00827829114642
2,1,16,507,4.11059013677,3.1703579727,0.00367007848165,-0.00923502361496
3,1,32,507,4.10692005829,3.17959299631,0,0
4,2,4,507,3.4621827175,3.17926558275,-0.644737340789,-0.000327413563386
5,2,8,507,3.45417524631,3.17600773028,-0.652744811983,-0.00358526603315
6,2,16,507,3.44376419041,3.17185190671,-0.663155867876,-0.00774108959728
7,2,32,507,3.43290612691,3.13903596825,-0.674013931377,-0.0405570280638
8,3,4,507,3.28775248063,3.16817631903,-0.819167577661,-0.0114166772833
9,3,8,507,3.26404844917,3.11630911542,-0.84287160912,-0.063283880889
10,3,16,507,3.25847944086,3.12520492771,-0.848440617426,-0.0543880686006
11,3,32,507,3.36643383553,3.09156447506,-0.740486222755,-0.088028521255
0,1,4,508,4.04044576417,3.24400745619,0.00523541039949,-0.0190591858678
1,1,8,508,4.03950263661,3.26493953762,0.00429228284482,0.00187289555482
2,1,16,508,4.03784792842,3.25741995259,0.00263757465243,-0.00564668947325
3,1,32,508,4.03521035377,3.26306664206,0,0
4,2,4,508,3.44503569525,3.28093963751,-0.590174658514,0.0178729954522
5,2,8,508,3.43837328014,3.25466665551,-0.596837073624,-0.00839998655557
6,2,16,508,3.43025557512,3.25975822645,-0.604954778645,-0.00330841561004
7,2,32,508,3.4223641934,3.22414590063,-0.612846160369,-0.0389207414299
8,3,4,508,3.28359847881,3.23981966298,-0.751611874952,-0.0232469790785
9,3,8,508,3.26071824,3.20104827372,-0.774492113771,-0.0620183683455
10,3,16,508,3.25653856787,3.20383360377,-0.7786717859,-0.0592330382947
11,3,32,508,3.36627336683,3.1752222043,-0.668936986937,-0.0878444377653
0,1,4,509,3.77726612935,3.38913090094,0.0144884623696,-0.00467029859762
1,1,8,509,3.77464907514,3.4171418479,0.0118714081628,0.0233406483649
2,1,16,509,3.77005887075,3.39095784101,0.00728120377181,-0.00284335853031
3,1,32,509,3.76277766698,3.39380119954,0,0
4,2,4,509,3.27626606338,3.53322893699,-0.4865116036,0.139427737458
5,2,8,509,3.26859391676,3.51981527514,-0.494183750216,0.126014075606
6,2,16,509,3.2576454577,3.48733419484,-0.505132209278,0.0935329953091
7,2,32,509,3.24459351389,3.4310179257,-0.518184153088,0.0372167261658
8,3,4,509,3.18837549397,3.51890077814,-0.574402173009,0.125099578599
9,3,8,509,3.14487469026,3.44323113459,-0.617902976718,0.0494299350523
10,3,16,509,3.13327998004,3.41885473165,-0.629497686941,0.0250535321101
11,3,32,509,3.11678517238,3.35391672509,-0.6459924946,-0.0398844744505
0,1,4,510,4.41700439068,3.0730504018,-0.00250089287178,-0.0238725628955
1,1,8,510,4.4173940619,3.09059318263,-0.00211122164981,-0.00632978206579
2,1,16,510,4.41815189645,3.08170986847,-0.00135338710336,-0.0152130962307
3,1,32,510,4.41950528355,3.0969229647,0,0
4,2,4,510,3.70018230436,2.98054942444,-0.719322979196,-0.116373540264
5,2,8,510,3.69211340386,2.95780995402,-0.72739187969,-0.139113010682
6,2,16,510,3.68384577045,2.98889687428,-0.735659513102,-0.108026090423
7,2,32,510,3.67796377659,2.98472876106,-0.741541506959,-0.112194203636
8,3,4,510,3.47979373339,2.93315617073,-0.939711550159,-0.16376679397
9,3,8,510,3.47706265413,2.91739623487,-0.942442629424,-0.179526729828
10,3,16,510,3.47898239868,2.95204050767,-0.940522884869,-0.144882457033
11,3,32,510,3.75737241345,2.96208474543,-0.662132870102,-0.134838219267
0,1,4,511,3.58632549192,3.14710908565,-0.0030323800045,-0.00997975342641
1,1,8,511,3.5868315204,3.14717654146,-0.00252635152654,-0.00991229761382
2,1,16,511,3.58777237701,3.15466048179,-0.00158549491677,-0.00242835728645
3,1,32,511,3.58935787192,3.15708883908,0,0
4,2,4,511,2.82672936303,3.10216268871,-0.762628508893,-0.0549261503725
5,2,8,511,2.82903471535,3.05754376569,-0.76032315658,-0.0995450733896
6,2,16,511,2.83426510501,3.08306301626,-0.755092766916,-0.0740258228176
7,2,32,511,2.84324196742,3.07674345166,-0.746115904508,-0.0803453874208
8,3,4,511,2.75047625845,3.0107012889,-0.838881613478,-0.146387550177
9,3,8,511,2.75181896373,3.01614034039,-0.837538908194,-0.140948498684
10,3,16,511,2.75753678784,3.03988304951,-0.831821084089,-0.117205789566
11,3,32,511,2.76654787605,3.04054753218,-0.822809995872,-0.116541306895
0,1,4,512,3.90457410868,3.34255349702,0.00645361241427,-0.0275063600942
1,1,8,512,3.90345825751,3.38070622467,0.00533776124569,0.0106463675559
2,1,16,512,3.90144242909,3.35942441111,0.00332193282427,-0.010635445999
3,1,32,512,3.89812049627,3.37005985711,0,0
4,2,4,512,3.26146809632,3.30480364559,-0.636652399946,-0.0652562115264
5,2,8,512,3.26326951101,3.30199551209,-0.634850985258,-0.0680643450248
6,2,16,512,3.2620489813,3.32101441809,-0.636071514967,-0.0490454390184
7,2,32,512,3.25729429735,3.30617534254,-0.64082619892,-0.0638845145723
8,3,4,512,3.19856567996,3.27691478286,-0.699554816301,-0.0931450742556
9,3,8,512,3.18051669842,3.25154277638,-0.717603797842,-0.118517080737
10,3,16,512,3.18057295499,3.28702295326,-0.717547541276,-0.0830369038501
11,3,32,512,3.17262940173,3.25831868088,-0.725491094531,-0.111741176231
0,1,4,513,4.08497464597,3.24898426392,0.008998438739,-0.0259895699443
1,1,8,513,4.08326512503,3.28651272098,0.00728891780147,0.011538887111
2,1,16,513,4.08036388793,3.27539253355,0.00438768070135,0.000418699680319
3,1,32,513,4.07597620723,3.27497383387,0,0
4,2,4,513,3.40177161098,3.26670006596,-0.674204596257,-0.00827376790223
5,2,8,513,3.39593358325,3.25140045366,-0.680042623979,-0.0235733802119
6,2,16,513,3.38772588939,3.25621160177,-0.688250317844,-0.0187622320962
7,2,32,513,3.37837186663,3.22878719168,-0.697604340602,-0.0461866421838
8,3,4,513,3.17509631465,3.25353576841,-0.900879892587,-0.0214380654587
9,3,8,513,3.15298865065,3.21607673654,-0.92298755658,-0.0588970973274
10,3,16,513,3.14844722043,3.22378319207,-0.927528986801,-0.0511906418005
11,3,32,513,3.25959474978,3.18853040921,-0.81638145745,-0.0864434246588
0,1,4,514,4.207953097,3.50996194507,0.0181692466375,-0.00649061400949
1,1,8,514,4.20481931087,3.55282558969,0.0150354605074,0.03637303061
2,1,16,514,4.19915193879,3.51316857755,0.0093680884196,-0.00328398152176
3,1,32,514,4.18978385037,3.51645255908,0,0
4,2,4,514,3.88198977274,3.73463067911,-0.307794077628,0.218178120035
5,2,8,514,3.86884240996,3.7209315404,-0.320941440408,0.204478981321
6,2,16,514,3.84889130091,3.68257890168,-0.340892549461,0.166126342602
7,2,32,514,3.82355602395,3.59329328617,-0.366227826416,0.0768407270933
8,3,4,514,3.75010844746,3.719540102,-0.439675402904,0.203087542925
9,3,8,514,3.68802585481,3.61903040916,-0.501757995559,0.102577850086
10,3,16,514,3.66909204052,3.56701866809,-0.520691809846,0.05056610901
11,3,32,514,3.7503855831,3.50512682198,-0.439398267265,-0.0113257370952
0,1,4,515,3.7733264824,3.19907939235,0.00854358512232,0.00317169001809
1,1,8,515,3.77170561925,3.21489746563,0.00692272197409,0.0189897632991
2,1,16,515,3.76895526011,3.19070424004,0.004172362839,-0.00520346229891
3,1,32,515,3.76478289728,3.19590770234,0,0
4,2,4,515,3.07858336137,3.27114444772,-0.686199535904,0.0752367453799
5,2,8,515,3.07321772003,3.26216580462,-0.691565177241,0.0662581022797
6,2,16,515,3.06651852581,3.23428885234,-0.698264371462,0.0383811500081
7,2,32,515,3.06007595352,3.19759145099,-0.704706943755,0.00168374865914
8,3,4,515,2.96956703579,3.2333930889,-0.795215861489,0.0374853865647
9,3,8,515,2.94294854273,3.1784554954,-0.821834354547,-0.0174522069357
10,3,16,515,2.9355580545,3.15879152587,-0.82922484278,-0.037116176463
11,3,32,515,2.92925967384,3.13174655609,-0.83552322344,-0.0641611462436
0,1,4,516,4.07376427332,3.36800177846,0.00950578558051,-0.0134134970325
1,1,8,516,4.07201874968,3.40997361994,0.00776026194383,0.0285583444429
2,1,16,516,4.06898907366,3.38421740944,0.00473058591953,0.0028021339471
3,1,32,516,4.06425848774,3.38141527549,0,0
4,2,4,516,3.46838558166,3.40674961527,-0.595872906081,0.0253343397787
5,2,8,516,3.46338489402,3.37860572569,-0.60087359372,-0.00280954980659
6,2,16,516,3.45595639533,3.38641954902,-0.608302092406,0.00500427353
7,2,32,516,3.44666236375,3.35695507695,-0.61759612399,-0.0244601985451
8,3,4,516,3.30376802415,3.37270195075,-0.760490463586,-0.00871332473995
9,3,8,516,3.27924911241,3.3352468332,-0.785009375333,-0.0461684422899
10,3,16,516,3.27453498079,3.33842243411,-0.789723506949,-0.0429928413875
11,3,32,516,3.40498512471,3.31337916002,-0.659273363032,-0.0680361154724
0,1,4,517,4.14036175599,3.41331436981,0.0187225041738,-2.19242688053e-05
1,1,8,517,4.13703201416,3.44818237795,0.0153927623417,0.0348460838728
2,1,16,517,4.1311323998,3.41517520521,0.00949314798502,0.00183891113126
3,1,32,517,4.12163925182,3.41333629408,0,0
4,2,4,517,3.75060713509,3.6420069922,-0.371032116729,0.228670698119
5,2,8,517,3.73635165711,3.62847816296,-0.385287594704,0.215141868879
6,2,16,517,3.71620135867,3.58479165546,-0.405437893146,0.171455361378
7,2,32,517,3.69210157297,3.49273779565,-0.429537678849,0.079401501572
8,3,4,517,3.57801948745,3.63430332671,-0.54361976437,0.220967032628
9,3,8,517,3.51816456829,3.53196139882,-0.603474683532,0.118625104744
10,3,16,517,3.49888354513,3.47536501577,-0.622755706686,0.0620287216949
11,3,32,517,3.57535353719,3.41000823653,-0.546285714623,-0.00332805754662
0,1,4,518,4.25349373673,3.41982926709,0.0168027375005,-0.0084960499094
1,1,8,518,4.25048578464,3.47021974878,0.0137947854084,0.0418944317744
2,1,16,518,4.24517705725,3.4253416645,0.00848605801901,-0.00298365250431
3,1,32,518,4.23669099923,3.428325317,0,0
4,2,4,518,3.75471967347,3.55165175745,-0.481971325755,0.123326440452
5,2,8,518,3.74432456733,3.55027349832,-0.492366431899,0.121948181321
6,2,16,518,3.72776195809,3.52317499822,-0.508929041142,0.094849681215
7,2,32,518,3.70610609061,3.46274204404,-0.530584908621,0.0344167270413
8,3,4,518,3.58673580969,3.54974766679,-0.649955189543,0.121422349787
9,3,8,518,3.53898171764,3.46700892746,-0.697709281592,0.0386836104536
10,3,16,518,3.52444460866,3.43869428614,-0.712246390574,0.0103689691341
11,3,32,518,3.63090652453,3.3931063825,-0.605784474703,-0.0352189345024
0,1,4,519,4.15066533774,3.17462250675,0.00989370649483,-0.0112782185484
1,1,8,519,4.14869190697,3.19413288801,0.00792027572502,0.00823216271161
2,1,16,519,4.14544577901,3.18248091951,0.0046741477664,-0.0034198057905
3,1,32,519,4.14077163124,3.1859007253,0,0
4,2,4,519,3.55501428884,3.24689056398,-0.585757342405,0.0609898386828
5,2,8,519,3.53934805079,3.22276236702,-0.601423580451,0.0368616417219
6,2,16,519,3.52275743079,3.2041632643,-0.618014200455,0.018262539002
7,2,32,519,3.50878333292,3.16788681566,-0.631988298323,-0.0180139096374
8,3,4,519,3.30247224155,3.2507774137,-0.838299389698,0.0648766883965
9,3,8,519,3.27336417596,3.18406139242,-0.867407455284,-0.00183933287912
10,3,16,519,3.26448795627,3.1767900632,-0.876283674978,-0.00911066210333
11,3,32,519,3.48229386989,3.12097588715,-0.658477761353,-0.0649248381457
0,1,4,520,3.67786469535,3.09804810033,-0.000527446906382,-3.51378024619e-05
1,1,8,520,3.67784183448,3.10421553485,-0.000550307779145,0.00613229671332
2,1,16,520,3.67794051991,3.09072090773,-0.000451622349145,-0.00736233040894
3,1,32,520,3.67839214226,3.09808323814,0,0
4,2,4,520,2.85322725108,3.01060621554,-0.825164891178,-0.087477022593
5,2,8,520,2.85566394034,2.99331455022,-0.822728201918,-0.104768687922
6,2,16,520,2.85970959319,3.01231491198,-0.818682549073,-0.0857683261527
7,2,32,520,2.86595867837,3.0149175698,-0.812433463886,-0.0831656683405
8,3,4,520,2.79664960639,2.94725767031,-0.881742535867,-0.15082556783
9,3,8,520,2.79873201306,2.94131496279,-0.8796601292,-0.156768275348
10,3,16,520,2.80384084145,2.97716177548,-0.874551300808,-0.120921462655
11,3,32,520,2.81040303792,2.98106120454,-0.867989104338,-0.117022033594
0,1,4,521,4.31898697965,3.22015414124,0.0051108296414,-0.0238349418845
1,1,8,521,4.31805199762,3.24176618748,0.00417584761132,-0.00222289564615
2,1,16,521,4.31642646415,3.22751666831,0.00255031414179,-0.01647241482
3,1,32,521,4.31387615001,3.24398908313,0,0
4,2,4,521,3.79057713202,3.23890546185,-0.523299017984,-0.00508362127899
5,2,8,521,3.77811321732,3.22172848052,-0.535762932687,-0.0222606026095
6,2,16,521,3.76346241786,3.22444931394,-0.550413732148,-0.019539769183
7,2,32,521,3.74945074907,3.1931564684,-0.564425400935,-0.0508326147244
8,3,4,521,3.60856261324,3.22356076466,-0.705313536768,-0.020428318462
9,3,8,521,3.58272526002,3.16898385286,-0.731150889985,-0.0750052302665
10,3,16,521,3.57709304029,3.18257417239,-0.73678310972,-0.0614149107404
11,3,32,521,3.79683225505,3.14474714543,-0.517043894958,-0.0992419376993
0,1,4,522,4.16599474292,3.42492636784,0.0262995067623,0.0183372008193
1,1,8,522,4.16122975579,3.46133994572,0.0215345196249,0.0547507786955
2,1,16,522,4.15288727535,3.41019506334,0.0131920391915,0.00360589632096
3,1,32,522,4.13969523616,3.40658916702,0,0
4,2,4,522,3.84258801619,3.72213771886,-0.297107219975,0.315548551838
5,2,8,522,3.8236754873,3.72642239107,-0.316019748865,0.319833224051
6,2,16,522,3.79694752226,3.65503590412,-0.342747713898,0.248446737095
7,2,32,522,3.76476442148,3.5404892213,-0.374930814685,0.133900054276
8,3,4,522,3.67622497091,3.75105950074,-0.463470265254,0.344470333718
9,3,8,522,3.60040800857,3.61006564905,-0.539287227588,0.203476482033
10,3,16,522,3.57404698953,3.53528111261,-0.56564824663,0.128691945588
11,3,32,522,3.63478532646,3.44554536822,-0.504909909701,0.0389562011964
0,1,4,523,4.10374041024,3.14971714279,0.0082857402302,-0.0199836226164
1,1,8,523,4.10213066562,3.17368975682,0.00667599560953,0.00398899140777
2,1,16,523,4.09943853358,3.15778852697,0.00398386356812,-0.0119122384394
3,1,32,523,4.09545467001,3.16970076541,0,0
4,2,4,523,3.42497752813,3.16693278036,-0.670477141883,-0.00276798505406
5,2,8,523,3.41553305635,3.1689968481,-0.679921613666,-0.000703917309219
6,2,16,523,3.40375067132,3.15510860376,-0.691703998694,-0.014592161645
7,2,32,523,3.39203627019,3.127643006,-0.703418399826,-0.0420577594132
8,3,4,523,3.22765114487,3.16927683281,-0.867803525139,-0.00042393259543
9,3,8,523,3.20279889653,3.11245319541,-0.892655773485,-0.0572475700027
10,3,16,523,3.19627913969,3.11878324304,-0.899175530321,-0.0509175223679
11,3,32,523,3.30286561821,3.07609693131,-0.792589051798,-0.0936038340953
0,1,4,524,4.25007359622,3.14718827908,0.0113033649931,-0.00184977656385
1,1,8,524,4.24781671423,3.16925276488,0.00904648301233,0.0202147092407
2,1,16,524,4.24410384292,3.14326935484,0.0053336116979,-0.00576870079875
3,1,32,524,4.23877023122,3.14903805564,0,0
4,2,4,524,3.65261411514,3.17033955496,-0.586156116082,0.0213014993173
5,2,8,524,3.63834137587,3.16512297327,-0.60042885535,0.0160849176309
6,2,16,524,3.62183393733,3.15660514364,-0.616936293896,0.00756708800428
7,2,32,524,3.60599444963,3.12154283614,-0.632775781589,-0.0274952194964
8,3,4,524,3.43872771959,3.19342815821,-0.800042511632,0.0443901025697
9,3,8,524,3.41128743985,3.12206281538,-0.827482791373,-0.0269752402581
10,3,16,524,3.40350200381,3.13683097802,-0.83526822741,-0.012207077624
11,3,32,524,3.62220523256,3.08376309622,-0.616564998667,-0.0652749594165
0,1,4,525,3.89814871256,3.24945461287,0.0191874637528,0.0109995068253
1,1,8,525,3.89453239728,3.28091718926,0.0155711484776,0.0424620832152
2,1,16,525,3.88836181923,3.2396799973,0.009400570424,0.00122489125514
3,1,32,525,3.8789612488,3.23845510604,0,0
4,2,4,525,3.26959305178,3.38180347285,-0.609368197021,0.143348366803
5,2,8,525,3.26032854946,3.39770784521,-0.618632699341,0.159252739169
6,2,16,525,3.24628619316,3.35045005026,-0.632675055641,0.111994944215
7,2,32,525,3.22887386934,3.28808293698,-0.650087379464,0.0496278309339
8,3,4,525,3.12089263317,3.40236391023,-0.758068615639,0.16390880419
9,3,8,525,3.07571575199,3.30909019127,-0.803245496817,0.0706350852234
10,3,16,525,3.06078254963,3.27889127986,-0.81817869918,0.0404361738139
11,3,32,525,3.04253572352,3.21751490395,-0.836425525282,-0.0209402020892
0,1,4,526,4.37851365897,3.32343013851,0.00509977023678,-0.0179986633959
1,1,8,526,4.37764928207,3.35453482037,0.00423539333283,0.0131060184654
2,1,16,526,4.37606788201,3.33377507497,0.00265399327318,-0.0076537269327
3,1,32,526,4.37341388874,3.34142880191,0,0
4,2,4,526,3.89111090597,3.34643206609,-0.482302982765,0.00500326418064
5,2,8,526,3.88159863975,3.31350517656,-0.491815248988,-0.0279236253426
6,2,16,526,3.86944573691,3.3342846854,-0.503968151827,-0.0071441165115
7,2,32,526,3.85630907582,3.29729843844,-0.517104812921,-0.0441303634711
8,3,4,526,3.72356368847,3.30437268716,-0.649850200271,-0.0370561147515
9,3,8,526,3.69874850502,3.26288565421,-0.674665383717,-0.0785431476949
10,3,16,526,3.69434535754,3.27531937163,-0.679068531199,-0.0661094302767
11,3,32,526,3.93857309901,3.25678832465,-0.434840789731,-0.0846404772609
0,1,4,527,4.02129063221,3.132862101,0.000569714661951,-0.0186052857791
1,1,8,527,4.02104315778,3.15245479586,0.0003222402232,0.0009874090783
2,1,16,527,4.02077483291,3.13357164137,5.39153561006e-05,-0.0178957454173
3,1,32,527,4.02072091755,3.15146738678,0,0
4,2,4,527,3.2654390387,3.01248842515,-0.755281878851,-0.13897896163
5,2,8,527,3.26173337966,3.00366826322,-0.758987537897,-0.147799123567
6,2,16,527,3.2585392154,3.02528506119,-0.762181702154,-0.126182325596
7,2,32,527,3.2574394432,3.0424968083,-0.763281474355,-0.108970578483
8,3,4,527,3.15376981044,2.99115744896,-0.866951107116,-0.160309937828
9,3,8,527,3.15311439436,2.97301275386,-0.86760652319,-0.178454632925
10,3,16,527,3.15736465282,3.02894423059,-0.863356264737,-0.122523156196
11,3,32,527,3.30667306547,3.01346598533,-0.71404785208,-0.138001401457
0,1,4,528,3.5354810954,2.99404449852,0.00350363897963,0.0127112788056
1,1,8,528,3.53456248365,2.98564014801,0.00258502722579,0.00430692829831
2,1,16,528,3.53328274466,2.98327685901,0.00130528823521,0.00194363929463
3,1,32,528,3.53197745642,2.98133321972,0,0
4,2,4,528,2.71311408848,2.95178947103,-0.818863367948,-0.0295437486891
5,2,8,528,2.71079726467,2.9317863505,-0.82118019175,-0.049546869219
6,2,16,528,2.71125917687,2.93626295677,-0.820718279553,-0.0450702629429
7,2,32,528,2.71624240823,2.92350437396,-0.815735048199,-0.0578288457553
8,3,4,528,2.60362767923,2.91953884274,-0.928349777197,-0.0617943769708
9,3,8,528,2.60101004533,2.8943105715,-0.93096741109,-0.0870226482195
10,3,16,528,2.6032312323,2.9222477689,-0.928746224126,-0.0590854508176
11,3,32,528,2.60909231981,2.89418370006,-0.922885136618,-0.0871495196509
0,1,4,529,3.49982404395,3.07016884188,0.00636869146102,0.0142045069501
1,1,8,529,3.49831822569,3.07858300781,0.00486287320366,0.0226186728787
2,1,16,529,3.49608530378,3.05052058078,0.00262995128946,-0.00544375415473
3,1,32,529,3.49345535249,3.05596433493,0,0
4,2,4,529,2.61493359543,2.99977797995,-0.87852175706,-0.0561863549794
5,2,8,529,2.61283505192,2.99644493644,-0.880620300575,-0.0595193984871
6,2,16,529,2.61312750262,2.98378910804,-0.880327849872,-0.0721752268875
7,2,32,529,2.61725103436,2.99995872554,-0.876204318132,-0.0560056093911
8,3,4,529,2.5453115854,2.99207652612,-0.948143767093,-0.063887808811
9,3,8,529,2.54316067139,2.95914492086,-0.950294681101,-0.0968194140705
10,3,16,529,2.54504674535,2.99444191658,-0.948408607145,-0.0615224183547
11,3,32,529,2.54938014978,2.96260405959,-0.944075202708,-0.0933602753437
0,1,4,530,4.01189872143,3.19406503381,5.58686538774e-05,-0.0136737487599
1,1,8,530,4.01178985764,3.21818027932,-5.2995128776e-05,0.0104414967494
2,1,16,530,4.01171231774,3.20210622193,-0.000130535034746,-0.00563256063367
3,1,32,530,4.01184285277,3.20773878257,0,0
4,2,4,530,3.26804525898,3.08202376433,-0.743797593795,-0.125715018238
5,2,8,530,3.26770357916,3.05383744176,-0.744139273614,-0.153901340804
6,2,16,530,3.26804033243,3.094372974,-0.743802520339,-0.113365808566
7,2,32,530,3.26960103851,3.10306928411,-0.742241814262,-0.104669498457
8,3,4,530,3.14942210748,3.03116320163,-0.862420745295,-0.176575580937
9,3,8,530,3.15157420933,3.03025745321,-0.860268643442,-0.177481329353
10,3,16,530,3.15751375798,3.08245029415,-0.854329094792,-0.125288488414
11,3,32,530,3.31265851778,3.08464210346,-0.699184334992,-0.123096679106
0,1,4,531,3.75750919712,2.93256804601,0.00927094998317,0.017157160897
1,1,8,531,3.75541524281,2.94839218798,0.00717699567565,0.0329813028675
2,1,16,531,3.75222295989,2.92398710715,0.00398471275696,0.00857622204426
3,1,32,531,3.74823824714,2.91541088511,0,0
4,2,4,531,2.78112124211,2.8021984029,-0.967117005023,-0.113212482208
5,2,8,531,2.78258169888,2.82118787219,-0.96565654826,-0.0942230129149
6,2,16,531,2.78379122265,2.83951505709,-0.964447024486,-0.0758958280192
7,2,32,531,2.78499247055,2.83514275292,-0.963245776586,-0.0802681321887
8,3,4,531,2.61895054213,2.81909639358,-1.12928770501,-0.0963144915322
9,3,8,531,2.62093779029,2.79416931489,-1.12730045684,-0.121241570215
10,3,16,531,2.62401436387,2.8497721637,-1.12422388326,-0.06563872141
11,3,32,531,2.62746274098,2.82995118988,-1.12077550615,-0.0854596952252
0,1,4,532,3.69812737188,3.3217076983,0.00745794792812,-0.00802946385795
1,1,8,532,3.69675334043,3.34275451653,0.00608391648531,0.0130173543725
2,1,16,532,3.69437369302,3.32530362549,0.00370426907368,-0.00443353666736
3,1,32,532,3.69066942395,3.32973716215,0,0
4,2,4,532,3.1059960667,3.33932377412,-0.584673357245,0.00958661196464
5,2,8,532,3.10461775765,3.31859870299,-0.586051666297,-0.011138459165
6,2,16,532,3.10224247852,3.32474481435,-0.588426945423,-0.00499234780669
7,2,32,532,3.09917732566,3.29942735503,-0.591492098285,-0.0303098071199
8,3,4,532,3.06362406791,3.30574058221,-0.627045356034,-0.0239965799439
9,3,8,532,3.04253728312,3.26904419916,-0.648132140825,-0.0606929629912
10,3,16,532,3.04098054506,3.29047400777,-0.649688878887,-0.039263154384
11,3,32,532,3.03429799632,3.24797190747,-0.656371427626,-0.0817652546811
0,1,4,533,3.64338622727,3.41731314973,0.00778418160449,-0.0308607351357
1,1,8,533,3.64198290553,3.45637855227,0.00638085987034,0.00820466740407
2,1,16,533,3.63952041351,3.45888710041,0.00391836785237,0.0107132155416
3,1,32,533,3.63560204566,3.44817388487,0,0
4,2,4,533,2.97788488073,3.48601464149,-0.657717164931,0.0378407566238
5,2,8,533,2.97814146593,3.43715586774,-0.657460579735,-0.0110180171296
6,2,16,533,2.97813142013,3.44403805844,-0.657470625531,-0.00413582642398
7,2,32,533,2.97783666112,3.4201859375,-0.657765384546,-0.0279879473656
8,3,4,533,2.80974501179,3.42735904823,-0.82585703387,-0.0208148366314
9,3,8,533,2.78918166246,3.4135673811,-0.846420383198,-0.0346065037615
10,3,16,533,2.78712684654,3.40599886883,-0.848475199125,-0.0421750160341
11,3,32,533,2.78552006364,3.3698350475,-0.850081982019,-0.0783388373663
0,1,4,534,3.87778218448,3.09912349628,0.00530938507585,-0.00846335554496
1,1,8,534,3.87654284802,3.12029059194,0.00407004862197,0.0127037401204
2,1,16,534,3.87469103306,3.11638214993,0.00221823365983,0.00879529810624
3,1,32,534,3.8724727994,3.10758685182,0,0
4,2,4,534,3.05888986045,3.0190541375,-0.813582938952,-0.0885327143251
5,2,8,534,3.05635971886,2.99281386948,-0.816113080538,-0.114772982348
6,2,16,534,3.05504693413,3.02249762022,-0.817425865271,-0.0850892316076
7,2,32,534,3.05599931776,3.01998351952,-0.816473481645,-0.0876033323074
8,3,4,534,2.84534386847,3.0029076799,-1.02712893093,-0.10467917192
9,3,8,534,2.84489192997,2.99183327882,-1.02758086943,-0.115753573002
10,3,16,534,2.84843215152,3.03558527493,-1.02404064788,-0.0720015768967
11,3,32,534,2.97956796807,3.01110781851,-0.892904831333,-0.096479033315
0,1,4,535,4.08074231502,3.3902675351,0.00640880963622,-0.0291871303447
1,1,8,535,4.07963394381,3.43069730361,0.00530043842648,0.0112426381615
2,1,16,535,4.07763197007,3.41441794882,0.00329846469399,-0.00503671662773
3,1,32,535,4.07433350538,3.41945466545,0,0
4,2,4,535,3.52119978013,3.38907667908,-0.553133725246,-0.0303779863707
5,2,8,535,3.51804079198,3.36176275662,-0.5562927134,-0.0576919088234
6,2,16,535,3.51246290314,3.38528165467,-0.561870602239,-0.0341730107804
7,2,32,535,3.50477352226,3.36374532314,-0.569559983119,-0.0557093423124
8,3,4,535,3.39200907192,3.35399481434,-0.682324433461,-0.0654598511058
9,3,8,535,3.37107013383,3.32696419353,-0.703263371554,-0.0924904719161
10,3,16,535,3.36963969668,3.35205578936,-0.704693808696,-0.0673988760854
11,3,32,535,3.48860980812,3.32171873647,-0.585723697255,-0.0977359289806
0,1,4,536,4.82007008159,3.18560123063,0.00105964701562,-0.032139057423
1,1,8,536,4.81975578523,3.23108428788,0.000745350659999,0.0133439998253
2,1,16,536,4.81934276871,3.20419250974,0.000332334133593,-0.0135477783175
3,1,32,536,4.81901043457,3.21774028806,0,0
4,2,4,536,4.15876936456,3.04524534578,-0.660241070017,-0.172494942276
5,2,8,536,4.14703588867,3.02247804753,-0.671974545905,-0.195262240525
6,2,16,536,4.13354742256,3.07220586452,-0.685463012013,-0.145534423534
7,2,32,536,4.1206710947,3.08440272184,-0.698339339872,-0.133337566218
8,3,4,536,3.87363934684,3.0355288089,-0.945371087735,-0.182211479153
9,3,8,536,3.87100114585,3.01738583361,-0.948009288723,-0.200354454452
10,3,16,536,3.87333601449,3.07839716169,-0.945674420083,-0.139343126363
11,3,32,536,4.33330532815,3.08214158972,-0.485705106424,-0.135598698338
0,1,4,537,4.38897687597,3.06833515399,0.00116441660153,-0.0292811389755
1,1,8,537,4.38859441461,3.09399771257,0.000781955242315,-0.00361858039782
2,1,16,537,4.38812129296,3.07896309373,0.000308833593982,-0.0186531992329
3,1,32,537,4.38781245936,3.09761629296,0,0
4,2,4,537,3.63652814453,2.94827655568,-0.751284314837,-0.149339737284
5,2,8,537,3.62715008589,2.94367296563,-0.760662373471,-0.153943327337
6,2,16,537,3.61714486351,2.96627793107,-0.770667595853,-0.131338361892
7,2,32,537,3.60923454164,2.97698286793,-0.778577917726,-0.120633425033
8,3,4,537,3.40622080228,2.94704688596,-0.981591657086,-0.150569407003
9,3,8,537,3.40265320349,2.92027601691,-0.98515925587,-0.17734027605
10,3,16,537,3.40426821065,2.97177101991,-0.983544248718,-0.12584527306
11,3,32,537,3.67731916227,2.95602349405,-0.710493297092,-0.141592798918
0,1,4,538,4.0064860377,3.16328499288,-0.00172070776211,-0.0322218103118
1,1,8,538,4.00680454933,3.20202093129,-0.00140219613137,0.00651412810353
2,1,16,538,4.00735499942,3.18910770307,-0.000851746043774,-0.00639910012186
3,1,32,538,4.00820674546,3.19550680319,0,0
4,2,4,538,3.10555424811,2.96857979889,-0.902652497351,-0.226927004304
5,2,8,538,3.11631799495,2.96968984865,-0.891888750517,-0.225816954543
6,2,16,538,3.12535261041,3.03303176496,-0.882854135053,-0.162475038227
7,2,32,538,3.13091864539,3.04767770958,-0.877288100077,-0.147829093608
8,3,4,538,2.99878792513,2.90849476345,-1.00941882033,-0.287012039743
9,3,8,538,3.00963658685,2.93624706492,-0.998570158617,-0.259259738265
10,3,16,538,3.01994178005,3.0068705538,-0.98826496541,-0.18863624939
11,3,32,538,3.02612292027,3.03620399942,-0.982083825197,-0.159302803767
0,1,4,539,3.69290030479,3.18049768056,0.00195610841109,-0.024819032929
1,1,8,539,3.6923787288,3.20767582646,0.00143453242027,0.00235911296771
2,1,16,539,3.69165526177,3.18139454326,0.000711065393334,-0.0239221702268
3,1,32,539,3.69094419638,3.20531671349,0,0
4,2,4,539,2.83988220428,3.02594675698,-0.851061992098,-0.179369956507
5,2,8,539,2.84201183881,3.03693477767,-0.848932357572,-0.168381935821
6,2,16,539,2.84473715429,3.04699602661,-0.846207042089,-0.158320686881
7,2,32,539,2.84854837372,3.08865195406,-0.842395822662,-0.116664759423
8,3,4,539,2.80989379979,3.01952262574,-0.881050396592,-0.185794087744
9,3,8,539,2.81249402102,3.00630938546,-0.878450175356,-0.199007328029
10,3,16,539,2.81894512432,3.07509109467,-0.871999072058,-0.130225618813
11,3,32,539,2.82092638768,3.0482883374,-0.870017808703,-0.157028376086
0,1,4,540,4.11334338633,3.22004030308,0.0113342829774,-0.0105738764903
1,1,8,540,4.11115075289,3.25619636136,0.00914164954133,0.0255821817992
2,1,16,540,4.10747110399,3.22940791969,0.00546200063738,-0.00120625987983
3,1,32,540,4.10200910335,3.23061417957,0,0
4,2,4,540,3.42550801411,3.23689816822,-0.676501089235,0.0062839886518
5,2,8,540,3.41813533399,3.23409266493,-0.68387376936,0.00347848536773
6,2,16,540,3.40786544239,3.22893155667,-0.694143660957,-0.00168262289429
7,2,32,540,3.39606770608,3.20008245489,-0.70594139727,-0.0305317246722
8,3,4,540,3.22369484257,3.23920071491,-0.878314260777,0.00858653534356
9,3,8,540,3.1990648981,3.1867915478,-0.902944205248,-0.0438226317667
10,3,16,540,3.19277741678,3.19480877179,-0.909231686564,-0.035805407777
11,3,32,540,3.31067002679,3.15838560841,-0.791339076563,-0.0722285711588
0,1,4,541,3.70587405154,3.13227953591,-0.00202235395433,-0.0209789779161
1,1,8,541,3.70617166304,3.14372031851,-0.00172474245179,-0.0095381953201
2,1,16,541,3.70677438775,3.13545157977,-0.0011220177397,-0.0178069340533
3,1,32,541,3.70789640549,3.15325851383,0,0
4,2,4,541,2.89077573212,3.02993583285,-0.817120673374,-0.123322680972
5,2,8,541,2.8926460485,3.01817429449,-0.81525035699,-0.135084219335
6,2,16,541,2.895938559,3.03354927117,-0.811957846487,-0.119709242655
7,2,32,541,2.90157553404,3.04975053352,-0.806320871452,-0.103507980308
8,3,4,541,2.83326245862,2.97571498418,-0.874633946868,-0.17754352965
9,3,8,541,2.8350367074,2.9711551988,-0.872859698089,-0.182103315023
10,3,16,541,2.84068391352,3.01352914884,-0.867212491971,-0.139729364988
11,3,32,541,2.84602537434,3.00739710696,-0.861871031154,-0.14586140687
0,1,4,542,3.93099618458,3.22398016473,0.00695028178749,-0.00875974601988
1,1,8,542,3.92966763124,3.23835930695,0.0056217284527,0.00561939619753
2,1,16,542,3.9274235521,3.23051284286,0.00337764931077,-0.00222706789197
3,1,32,542,3.92404590279,3.23273991075,0,0
4,2,4,542,3.34273989981,3.28340861987,-0.58130600298,0.0506687091143
5,2,8,542,3.33418373471,3.25324331407,-0.589862168073,0.0205034033166
6,2,16,542,3.32504322959,3.24911921477,-0.599002673198,0.016379304014
7,2,32,542,3.31742888162,3.21073001233,-0.606617021172,-0.0220098984255
8,3,4,542,3.18422122799,3.25110226917,-0.739824674802,0.0183623584218
9,3,8,542,3.15959543037,3.20345398541,-0.764450472416,-0.0292859253412
10,3,16,542,3.15431701877,3.20182081649,-0.76972888402,-0.0309190942597
11,3,32,542,3.26235037154,3.16117769341,-0.661695531245,-0.0715622173397
0,1,4,543,4.18607110493,3.31146530425,0.0056128405557,-0.0186388677145
1,1,8,543,4.18511954948,3.34606796449,0.00466128511061,0.0159637925226
2,1,16,543,4.1833792547,3.32442653407,0.00292099032717,-0.00567763789496
3,1,32,543,4.18045826437,3.33010417197,0,0
4,2,4,543,3.59869039409,3.31112416296,-0.581767870281,-0.0189800090129
5,2,8,543,3.59533339361,3.29215068789,-0.585124870764,-0.0379534840766
6,2,16,543,3.58888910217,3.31343721775,-0.591569162205,-0.0166669542209
7,2,32,543,3.57981349914,3.28093150852,-0.600644765231,-0.0491726634493
8,3,4,543,3.4653991191,3.26598632993,-0.715059145273,-0.0641178420404
9,3,8,543,3.44418613957,3.23478711836,-0.736272124808,-0.0953170536113
10,3,16,543,3.44149040139,3.2508156954,-0.738967862987,-0.0792884765711
11,3,32,543,3.56216229741,3.23878800424,-0.618295966962,-0.0913161677303
0,1,4,544,3.94589652769,3.34413294142,0.00750236649137,-0.0214179425411
1,1,8,544,3.94450623675,3.37399392723,0.00611207555656,0.00844304326434
2,1,16,544,3.94210623406,3.36292034322,0.00371207286344,-0.00263054074406
3,1,32,544,3.93839416119,3.36555088396,0,0
4,2,4,544,3.39873536169,3.34891956251,-0.539658799501,-0.016631321447
5,2,8,544,3.3940713314,3.31946731407,-0.544322829793,-0.0460835698883
6,2,16,544,3.38807302831,3.33943624493,-0.550321132886,-0.026114639035
7,2,32,544,3.38149277398,3.3158945914,-0.556901387212,-0.0496562925623
8,3,4,544,3.27852592497,3.32847065788,-0.659868236223,-0.0370802260847
9,3,8,544,3.25767555237,3.29458886581,-0.68071860882,-0.0709620181551
10,3,16,544,3.25637862669,3.32528090797,-0.682015534503,-0.0402699759936
11,3,32,544,3.36426914035,3.27690996252,-0.574125020849,-0.0886409214398
0,1,4,545,4.29941200029,3.31942448917,0.0131175257017,0.00598830462417
1,1,8,545,4.29704950814,3.34032008846,0.0107550335549,0.026883903914
2,1,16,545,4.29289909242,3.30849664571,0.00660461783475,-0.00493953883791
3,1,32,545,4.28629447459,3.31343618455,0,0
4,2,4,545,3.91432094693,3.49959492654,-0.371973527663,0.186158741988
5,2,8,545,3.89626261315,3.47368252525,-0.390031861434,0.160246340702
6,2,16,545,3.87441229282,3.4405541382,-0.411882181769,0.127117953646
7,2,32,545,3.85199235528,3.36350258673,-0.434302119312,0.0500664021844
8,3,4,545,3.7359837477,3.47960000767,-0.550310726892,0.166163823124
9,3,8,545,3.68634559109,3.38416536084,-0.599948883503,0.0707291762953
10,3,16,545,3.67018787388,3.34182516995,-0.61610660071,0.0283889854041
11,3,32,545,3.87924813093,3.29229513396,-0.407046343657,-0.0211410505922
0,1,4,546,4.07781444482,3.55706839582,0.017403270718,-0.0141626236846
1,1,8,546,4.07480933611,3.60188450026,0.0143981620077,0.0306534807497
2,1,16,546,4.06937869829,3.57717628304,0.00896752418743,0.00594526353164
3,1,32,546,4.06041117411,3.57123101951,0,0
4,2,4,546,3.74990265056,3.77907007532,-0.310508523544,0.207839055816
5,2,8,546,3.73897214684,3.74481116385,-0.321439027268,0.173580144343
6,2,16,546,3.722574647,3.72157338676,-0.337836527106,0.15034236725
7,2,32,546,3.70165266468,3.63658422168,-0.358758509431,0.06535320217
8,3,4,546,3.59572505708,3.7535193821,-0.464686117026,0.182288362591
9,3,8,546,3.5385305134,3.67126450151,-0.52188066071,0.100033482005
10,3,16,546,3.52251835315,3.62552211354,-0.537892820958,0.0542910940327
11,3,32,546,3.60066880594,3.55856333624,-0.459742368167,-0.012667683271
0,1,4,547,4.00751135122,2.98896885976,0.00730890875505,0.0124145102743
1,1,8,547,4.00582570827,3.00621640739,0.00562326580991,0.0296620579062
2,1,16,547,4.00328747045,2.97864675672,0.00308502799056,0.0020924072314
3,1,32,547,4.00020244246,2.97655434948,0,0
4,2,4,547,3.14061040331,2.87600729694,-0.859592039149,-0.100547052547
5,2,8,547,3.13643934382,2.87994662471,-0.86376309864,-0.0966077247778
6,2,16,547,3.13221450573,2.89850480479,-0.867987936728,-0.0780495446983
7,2,32,547,3.12925348631,2.89586178991,-0.870948956146,-0.0806925595783
8,3,4,547,2.95841705199,2.88506672425,-1.04178539047,-0.0914876252378
9,3,8,547,2.95726281563,2.85392736992,-1.04293962683,-0.122626979561
10,3,16,547,2.9590015468,2.9047580248,-1.04120089566,-0.0717963246807
11,3,32,547,3.09892686355,2.88769293959,-0.901275578908,-0.08886140989
0,1,4,548,3.68298113462,3.37643392923,0.00849958342693,-0.01835134003
1,1,8,548,3.68141161263,3.40796667688,0.00693006143698,0.0131814076146
2,1,16,548,3.67869637064,3.39318797597,0.00421481945059,-0.0015972932879
3,1,32,548,3.67448155119,3.39478526926,0,0
4,2,4,548,3.07535472301,3.3854047648,-0.599126828178,-0.00938050446008
5,2,8,548,3.0751398549,3.36203749927,-0.599341696286,-0.0327477699929
6,2,16,548,3.07381057424,3.37300516573,-0.600670976948,-0.0217801035338
7,2,32,548,3.07125848438,3.35550376221,-0.603223066812,-0.0392815070547
8,3,4,548,3.00984816446,3.35923575668,-0.664633386729,-0.0355495125809
9,3,8,548,2.98976629543,3.32949956466,-0.684715255755,-0.0652857046011
10,3,16,548,2.98910662536,3.35635692147,-0.685374925827,-0.0384283477883
11,3,32,548,2.98266995237,3.30760062592,-0.691811598822,-0.0871846433461
0,1,4,549,3.90832778642,3.19370253669,0.01104754086,-0.00752362418831
1,1,8,549,3.90613561694,3.21408356995,0.00885537137346,0.0128574090713
2,1,16,549,3.90251806015,3.19875987823,0.00523781458119,-0.00246628264757
3,1,32,549,3.89728024556,3.20122616088,0,0
4,2,4,549,3.24986378959,3.27506733835,-0.647416455975,0.0738411774698
5,2,8,549,3.23774018883,3.25729329307,-0.659540056736,0.0560671321914
6,2,16,549,3.22493790477,3.22702124578,-0.672342340796,0.0257950849029
7,2,32,549,3.2143613952,3.19571744401,-0.68291885036,-0.00550871686597
8,3,4,549,3.04109663124,3.27515443065,-0.856183614319,0.0739282697734
9,3,8,549,3.01212957544,3.21006654389,-0.885150670127,0.00884038300901
10,3,16,549,3.00331606991,3.19622733072,-0.893964175651,-0.00499883015724
11,3,32,549,3.11728908962,3.13948438317,-0.779991155949,-0.0617417777113
0,1,4,550,4.05396194894,3.24805005258,0.0171565207213,0.00586431460726
1,1,8,550,4.05071729673,3.27386050468,0.0139118685133,0.0316747667057
2,1,16,550,4.04519249269,3.24027933697,0.0083870644756,-0.00190640100108
3,1,32,550,4.03680542822,3.24218573797,0,0
4,2,4,550,3.51995469573,3.37337659312,-0.516850732487,0.131190855146
5,2,8,550,3.5064257693,3.37584995442,-0.530379658911,0.133664216443
6,2,16,550,3.48884894031,3.33936483291,-0.547956487908,0.097179094936
7,2,32,550,3.46954676886,3.27729936715,-0.567258659353,0.0351136291809
8,3,4,550,3.34998195149,3.39736823232,-0.686823476729,0.155182494348
9,3,8,550,3.30543913822,3.30279472604,-0.73136629,0.0606089880638
10,3,16,550,3.29131888878,3.28349448021,-0.745486539433,0.0413087422421
11,3,32,550,3.37940285238,3.21386954327,-0.657402575835,-0.0283161946999
0,1,4,551,3.66414946202,3.23482171908,-0.0021064840681,-0.0189135845837
1,1,8,551,3.66451431609,3.25732208153,-0.00174162999708,0.00358677786821
2,1,16,551,3.66517598556,3.25715737346,-0.00107996052636,0.00342206980267
3,1,32,551,3.66625594608,3.25373530366,0,0
4,2,4,551,2.83766094948,3.15577631647,-0.828594996601,-0.0979589871861
5,2,8,551,2.84453465015,3.11203710103,-0.821721295938,-0.141698202632
6,2,16,551,2.85325047183,3.15221027229,-0.813005474258,-0.101525031368
7,2,32,551,2.86321867226,3.15777316353,-0.803037273827,-0.0959621401304
8,3,4,551,2.73713261101,3.0589220074,-0.929123335074,-0.194813296257
9,3,8,551,2.74288165088,3.08258214247,-0.923374295205,-0.171153161185
10,3,16,551,2.75061887385,3.11317251574,-0.915637072235,-0.140562787918
11,3,32,551,2.7610431644,3.13078752142,-0.90521278168,-0.122947782243
0,1,4,552,3.5914211643,3.12787130596,0.00704729492681,0.0101224870889
1,1,8,552,3.58982336344,3.15346261512,0.00544949407168,0.035713796253
2,1,16,552,3.58739286794,3.12287684094,0.00301899856732,0.00512802206637
3,1,32,552,3.58437386937,3.11774881887,0,0
4,2,4,552,2.65608816723,3.02746908262,-0.928285702142,-0.0902797362464
5,2,8,552,2.65895993614,3.02081080503,-0.925413933229,-0.0969380138402
6,2,16,552,2.66312968528,3.03111579894,-0.921244184088,-0.0866330199282
7,2,32,552,2.66850678476,3.04796620739,-0.915867084613,-0.0697826114772
8,3,4,552,2.5542876946,3.00813651238,-1.03008617477,-0.109612306488
9,3,8,552,2.55686636687,2.99560054906,-1.0275075025,-0.122148269814
10,3,16,552,2.56104921217,3.03797579794,-1.02332465721,-0.0797730209354
11,3,32,552,2.56722347497,3.02608390432,-1.01715039441,-0.091664914553
0,1,4,553,4.21560972468,3.37789237061,0.0072932829556,-0.0427683912386
1,1,8,553,4.21433816348,3.43451237072,0.00602172176473,0.0138516088719
2,1,16,553,4.21205328198,3.42163714554,0.00373684025889,0.000976383693992
3,1,32,553,4.20831644172,3.42066076185,0,0
4,2,4,553,3.56425225094,3.33436798995,-0.644064190784,-0.0862927718974
5,2,8,553,3.56460549855,3.31687649173,-0.643710943171,-0.10378427012
6,2,16,553,3.5611104423,3.35693693561,-0.64720599942,-0.0637238262421
7,2,32,553,3.5531238794,3.33872671959,-0.655192562317,-0.0819340422614
8,3,4,553,3.36513354257,3.30813776078,-0.843182899148,-0.112523001071
9,3,8,553,3.34861613547,3.29622319279,-0.859700306251,-0.124437569059
10,3,16,553,3.34878486033,3.33112794374,-0.859531581385,-0.0895328181097
11,3,32,553,3.46354333782,3.31102111073,-0.744773103897,-0.109639651117
0,1,4,554,4.21029708103,3.1689937942,0.00153532808631,-0.028047104506
1,1,8,554,4.20983473399,3.19342294345,0.00107298104507,-0.0036179552536
2,1,16,554,4.20923616708,3.18231618133,0.000474414131969,-0.0147247173805
3,1,32,554,4.20876175295,3.19704089871,0,0
4,2,4,554,3.51855465577,3.09674600607,-0.690207097176,-0.100294892636
5,2,8,554,3.5073280974,3.06659431407,-0.701433655549,-0.130446584641
6,2,16,554,3.49734188839,3.08083601495,-0.711419864558,-0.116204883754
7,2,32,554,3.49167966145,3.09645722208,-0.717082091497,-0.100583676632
8,3,4,554,3.30154877389,3.08416815802,-0.907212979052,-0.112872740691
9,3,8,554,3.2958155539,3.05750141109,-0.912946199046,-0.139539487612
10,3,16,554,3.29704303505,3.09770925351,-0.911718717899,-0.0993316451997
11,3,32,554,3.5891137006,3.06870525345,-0.619648052342,-0.12833564526
0,1,4,555,4.12961734731,3.25845434549,0.0111245849256,-0.0122695440749
1,1,8,555,4.12748710242,3.29788178797,0.00899434003767,0.0271578984088
2,1,16,555,4.12388708363,3.26783987144,0.00539432124556,-0.0028840181281
3,1,32,555,4.11849276238,3.27072388956,0,0
4,2,4,555,3.4719654935,3.24932579707,-0.646527268877,-0.0213980924962
5,2,8,555,3.46616400387,3.24840724376,-0.652328758506,-0.0223166457999
6,2,16,555,3.45710092809,3.25408338076,-0.661391834287,-0.0166405088062
7,2,32,555,3.44560233273,3.2294862255,-0.672890429654,-0.0412376640596
8,3,4,555,3.30321858722,3.25451384247,-0.815274175156,-0.0162100470931
9,3,8,555,3.28016379269,3.20613296532,-0.838328969688,-0.0645909242402
10,3,16,555,3.27561653066,3.22929213183,-0.842876231718,-0.0414317577357
11,3,32,555,3.39309947982,3.19182749622,-0.725393282556,-0.0788963933405
0,1,4,556,4.23753245004,3.38017649464,0.0134504426573,-0.00975888398662
1,1,8,556,4.23510359426,3.41291921485,0.0110215868773,0.0229838362281
2,1,16,556,4.23084281714,3.39287534361,0.00676080976407,0.00293996498567
3,1,32,556,4.22408200738,3.38993537862,0,0
4,2,4,556,3.82040204155,3.53712240477,-0.403679965832,0.147187026147
5,2,8,556,3.80567705125,3.50153532122,-0.418404956124,0.111599942599
6,2,16,556,3.78744615171,3.48583190479,-0.436635855673,0.0958965261624
7,2,32,556,3.76806512995,3.41800765715,-0.456016877429,0.0280722785318
8,3,4,556,3.60381335503,3.51950297398,-0.620268652344,0.129567595355
9,3,8,556,3.55908686646,3.44362325143,-0.664995140923,0.053687872804
10,3,16,556,3.54596814449,3.41399687126,-0.678113862889,0.0240614926324
11,3,32,556,3.7442441121,3.35866661837,-0.479837895275,-0.0312687602518
0,1,4,557,3.85815351087,3.33856137517,0.0115724403216,-0.0100373988115
1,1,8,557,3.85611988353,3.36334902296,0.00953881297982,0.0147502489785
2,1,16,557,3.85249038033,3.34683360021,0.00590930978091,-0.00176517377345
3,1,32,557,3.84658107055,3.34859877398,0,0
4,2,4,557,3.32650809242,3.47740966631,-0.520072978135,0.128810892332
5,2,8,557,3.32004142158,3.46041392871,-0.526539648972,0.111815154734
6,2,16,557,3.31023638628,3.43634503471,-0.536344684268,0.0877462607258
7,2,32,557,3.29827909358,3.37357316536,-0.548301976968,0.0249743913784
8,3,4,557,3.20548941355,3.44186901001,-0.641091657008,0.0932702360326
9,3,8,557,3.16505061979,3.3773502013,-0.681530450759,0.028751427316
10,3,16,557,3.15422782552,3.34669083138,-0.692353245029,-0.00190794259895
11,3,32,557,3.14031837776,3.29962330855,-0.706262692792,-0.0489754654254
0,1,4,558,3.93795885155,3.26744295224,0.010641427249,-0.0107629986889
1,1,8,558,3.93588680328,3.29399150507,0.00856937898328,0.0157855541394
2,1,16,558,3.93242307452,3.27249900491,0.00510565022469,-0.00570694601992
3,1,32,558,3.9273174243,3.27820595093,0,0
4,2,4,558,3.33785126672,3.299311148,-0.589466157583,0.0211051970753
5,2,8,558,3.32871326989,3.2850458484,-0.598604154405,0.0068398974688
6,2,16,558,3.31821346614,3.27543048128,-0.60910395816,-0.00277546965108
7,2,32,558,3.30822303065,3.25229262883,-0.619094393647,-0.0259133220947
8,3,4,558,3.1926892499,3.30493533779,-0.734628174397,0.0267293868616
9,3,8,558,3.16671885529,3.24749794523,-0.760598569005,-0.030708005697
10,3,16,558,3.1612348506,3.26263030241,-0.766082573701,-0.0155756485207
11,3,32,558,3.27438661798,3.2037135678,-0.65293080632,-0.074492383128
0,1,4,559,4.34797688309,3.41810657308,0.0124099568849,-0.0265118070111
1,1,8,559,4.34579798854,3.46153455522,0.010231062339,0.0169161751283
2,1,16,559,4.341903318,3.44040339642,0.00633639179985,-0.00421498366397
3,1,32,559,4.3355669262,3.44461838009,0,0
4,2,4,559,3.926755492,3.53600397724,-0.4088114342,0.0913855971554
5,2,8,559,3.9137251992,3.51072173306,-0.421841727002,0.0661033529747
6,2,16,559,3.8960864031,3.50361748098,-0.439480523099,0.0589991008913
7,2,32,559,3.87575659677,3.44674008497,-0.459810329429,0.00212170488618
8,3,4,559,3.71348663091,3.52541681336,-0.622080295288,0.0807984332769
9,3,8,559,3.67044453337,3.45630530053,-0.66512239283,0.011686920439
10,3,16,559,3.65886046126,3.44105480302,-0.676706464937,-0.00356357706713
11,3,32,559,3.8580531627,3.38747621202,-0.477513763497,-0.0571421680626
0,1,4,560,3.90439736908,3.14257093307,0.00570164500612,-0.00509129020243
1,1,8,560,3.90309236088,3.16985199021,0.00439663681243,0.0221897669367
2,1,16,560,3.90111808067,3.15716233912,0.00242235660112,0.00950011584589
3,1,32,560,3.89869572407,3.14766222328,0,0
4,2,4,560,3.08776487144,3.04766197711,-0.810930852633,-0.100000246172
5,2,8,560,3.0864595086,3.02131984188,-0.81223621547,-0.1263423814
6,2,16,560,3.08609315804,3.05621126391,-0.812602566034,-0.0914509593623
7,2,32,560,3.08720139066,3.0588936884,-0.811494333414,-0.0887685348763
8,3,4,560,2.89470767315,3.02928793905,-1.00398805092,-0.118374284222
9,3,8,560,2.89564044533,3.02142329174,-1.00305527874,-0.126238931536
10,3,16,560,2.90001361873,3.07095043964,-0.998682105343,-0.076711783636
11,3,32,560,3.04286958252,3.05296372704,-0.855826141553,-0.0946984962404
0,1,4,561,3.49215043894,3.02749358736,0.00592761693036,0.00155305032482
1,1,8,561,3.49072910366,3.03229210257,0.00450628164509,0.00635156553254
2,1,16,561,3.4886417366,3.02955188443,0.00241891459121,0.00361134739232
3,1,32,561,3.48622282201,3.02594053704,0,0
4,2,4,561,2.59474838589,2.99668312924,-0.891474436121,-0.0292574077955
5,2,8,561,2.59150970468,2.97868960864,-0.894713117329,-0.0472509283991
6,2,16,561,2.59119615442,2.96853905503,-0.895026667594,-0.0574014820069
7,2,32,561,2.59576438277,2.96965090658,-0.890458439245,-0.0562896304559
8,3,4,561,2.42784078217,2.98145701801,-1.05838203984,-0.0444835190301
9,3,8,561,2.42427265661,2.9552820253,-1.0619501654,-0.0706585117329
10,3,16,561,2.42514535943,2.97424637098,-1.06107746258,-0.0516941660579
11,3,32,561,2.43160801797,2.93613585687,-1.05461480404,-0.0898046801672
0,1,4,562,4.44199260136,3.21668225746,-0.0019654418755,-0.0394452489621
1,1,8,562,4.44233179793,3.25305367751,-0.00162624530725,-0.00307382891739
2,1,16,562,4.44294313633,3.24024025315,-0.00101490691265,-0.0158872532693
3,1,32,562,4.44395804324,3.25612750642,0,0
4,2,4,562,3.77320204586,3.05572584023,-0.670755997385,-0.200401666197
5,2,8,562,3.76986228424,3.03395708161,-0.674095759003,-0.222170424816
6,2,16,562,3.76541940123,3.0947759866,-0.678538642012,-0.161351519825
7,2,32,562,3.76081667295,3.10910851694,-0.683141370294,-0.147018989487
8,3,4,562,3.5984132592,3.02250436605,-0.845544784044,-0.233623140372
9,3,8,562,3.60057408969,3.02390029236,-0.843383953549,-0.232227214064
10,3,16,562,3.60742679569,3.09827957161,-0.836531247553,-0.157847934815
11,3,32,562,3.88806564065,3.09966854661,-0.555892402591,-0.156458959814
0,1,4,563,3.89747463431,3.40032354022,0.0200403418241,0.0138528171018
1,1,8,563,3.89387298521,3.43060501063,0.0164386927249,0.0441342875067
2,1,16,563,3.88753532057,3.39531728098,0.0101010280761,0.00884655785918
3,1,32,563,3.87743429249,3.38647072312,0,0
4,2,4,563,3.45850525663,3.62845830829,-0.41892903586,0.241987585174
5,2,8,563,3.44869069861,3.61775631983,-0.428743593876,0.231285596706
6,2,16,563,3.43334791851,3.57456265087,-0.444086373979,0.188091927753
7,2,32,563,3.41346209968,3.47868588993,-0.463972192806,0.0922151668152
8,3,4,563,3.33567565324,3.6142886438,-0.541758639251,0.22781792068
9,3,8,563,3.278015352,3.51642171015,-0.59941894049,0.129950987027
10,3,16,563,3.25989826715,3.46064284214,-0.617536025334,0.074172119018
11,3,32,563,3.23725348077,3.39747225131,-0.640180811718,0.01100152819
0,1,4,564,4.27607957449,3.23752938043,0.00908587672945,-0.00826400429277
1,1,8,564,4.27433054952,3.26550971542,0.00733685176439,0.019716330702
2,1,16,564,4.27138519346,3.24414262639,0.00439149569577,-0.00165075832838
3,1,32,564,4.26699369776,3.24579338472,0,0
4,2,4,564,3.72341799543,3.25320699668,-0.543575702327,0.00741361195775
5,2,8,564,3.71267091281,3.23194188992,-0.55432278495,-0.0138514947985
6,2,16,564,3.69959192804,3.2447546654,-0.567401769723,-0.00103871932269
7,2,32,564,3.68609590861,3.20793879116,-0.580897789154,-0.0378545935656
8,3,4,564,3.5258842467,3.24736713696,-0.741109451056,0.00157375223474
9,3,8,564,3.50131634136,3.1949923647,-0.765677356399,-0.05080102002
10,3,16,564,3.49612347181,3.21420822096,-0.770870225951,-0.0315851637624
11,3,32,564,3.72005807437,3.17571530429,-0.546935623392,-0.0700780804328
0,1,4,565,3.67989648833,3.06945865114,-0.000709778479608,-0.0264084940609
1,1,8,565,3.67988749124,3.07950113794,-0.000718775565097,-0.0163660072636
2,1,16,565,3.68003424325,3.076774022,-0.000572023563921,-0.0190931232024
3,1,32,565,3.68060626681,3.0958671452,0,0
4,2,4,565,2.7994761368,3.00280453153,-0.881130130011,-0.0930626136723
5,2,8,565,2.79761416437,2.99570280976,-0.882992102438,-0.100164335435
6,2,16,565,2.797612503,2.98624769673,-0.882993763811,-0.109619448473
7,2,32,565,2.80158747842,3.00362616917,-0.87901878839,-0.0922409760306
8,3,4,565,2.67377207487,2.96285956425,-1.00683419194,-0.133007580948
9,3,8,565,2.67193485766,2.94680039386,-1.00867140915,-0.149066751335
10,3,16,565,2.67424142841,2.96823768009,-1.0063648384,-0.127629465105
11,3,32,565,2.67988990785,2.95152021512,-1.00071635896,-0.144346930076
0,1,4,566,3.81474739699,3.25285927725,0.0182671372116,0.0181239912524
1,1,8,566,3.81130523168,3.27539879915,0.0148249718952,0.0406635131521
2,1,16,566,3.80543199512,3.23805722494,0.00895173533481,0.00332193894054
3,1,32,566,3.79648025978,3.234735286,0,0
4,2,4,566,3.22532231798,3.41077750711,-0.571157941797,0.176042221117
5,2,8,566,3.21527324335,3.41413802539,-0.581207016435,0.179402739391
6,2,16,566,3.20144396572,3.36519340918,-0.595036294064,0.130458123183
7,2,32,566,3.18551445546,3.29678193326,-0.61096580432,0.0620466472668
8,3,4,566,3.09523585266,3.41685694954,-0.701244407121,0.182121663539
9,3,8,566,3.04938755086,3.32300141795,-0.747092708921,0.0882661319506
10,3,16,566,3.0343031078,3.28549308742,-0.762177151984,0.050757801419
11,3,32,566,3.0172277974,3.22379182919,-0.779252462382,-0.0109434568025
0,1,4,567,3.90779652849,3.38363530107,0.0130218308351,-0.000350036344916
1,1,8,567,3.90553763191,3.41129902176,0.0107629342488,0.0273136843428
2,1,16,567,3.901470319,3.37592286169,0.00669562134748,-0.00806247572538
3,1,32,567,3.89477469766,3.38398533742,0,0
4,2,4,567,3.41424835513,3.54345810854,-0.480526342527,0.159472771119
5,2,8,567,3.40662193555,3.5362992715,-0.488152762102,0.15231393408
6,2,16,567,3.3945967054,3.49756562471,-0.500177992258,0.113580287297
7,2,32,567,3.37936241895,3.43235944547,-0.515412278707,0.0483741080572
8,3,4,567,3.34401426255,3.50790081806,-0.550760435111,0.123915480645
9,3,8,567,3.29732710754,3.42810365399,-0.597447590119,0.0441183165757
10,3,16,567,3.28375163503,3.38768763553,-0.611023062626,0.00370229811311
11,3,32,567,3.26587858252,3.3451521035,-0.628896115134,-0.038833233922
0,1,4,568,3.77952242765,3.2206465136,0.00914623800873,-0.00560374855009
1,1,8,568,3.77778074594,3.24179880444,0.00740455630339,0.0155485422924
2,1,16,568,3.77483060296,3.21612975355,0.0044544133219,-0.0101205086052
3,1,32,568,3.77037618964,3.22625026215,0,0
4,2,4,568,3.08615748263,3.26922816278,-0.684218707006,0.0429779006328
5,2,8,568,3.08076182964,3.26841898761,-0.689614360001,0.0421687254594
6,2,16,568,3.07372357652,3.24075682084,-0.696652613115,0.0145065586865
7,2,32,568,3.06658735015,3.21472029478,-0.703788839491,-0.0115299673745
8,3,4,568,2.98515893574,3.25012673577,-0.785217253903,0.0238764736159
9,3,8,568,2.95888130982,3.19369289146,-0.811494879822,-0.0325573706915
10,3,16,568,2.95222783155,3.18708563362,-0.818148358085,-0.0391646285346
11,3,32,568,2.94438685683,3.14845164008,-0.82598933281,-0.0777986220734
0,1,4,569,4.12752683786,3.24045688127,0.00601155360417,-0.0267111424562
1,1,8,569,4.12643723758,3.27039910783,0.00492195332643,0.00323108409968
2,1,16,569,4.12453186869,3.25929255233,0.00301658443694,-0.00787547139794
3,1,32,569,4.12151528425,3.26716802373,0,0
4,2,4,569,3.49244909704,3.25007498534,-0.629066187213,-0.0170930383852
5,2,8,569,3.48662091177,3.23614240926,-0.634894372484,-0.0310256144695
6,2,16,569,3.47835558634,3.24358417061,-0.643159697914,-0.0235838531224
7,2,32,569,3.46905943051,3.21447863019,-0.652455853741,-0.0526893935369
8,3,4,569,3.3118031094,3.22304650075,-0.809712174855,-0.044121522974
9,3,8,569,3.28987571363,3.18551961405,-0.831639570628,-0.0816484096802
10,3,16,569,3.28597890138,3.19618106655,-0.835536382871,-0.0709869571774
11,3,32,569,3.39603788219,3.16829234394,-0.725477402068,-0.0988756797931
0,1,4,570,3.76652037044,3.33436802836,0.0124397123304,0.00499787990754
1,1,8,570,3.7642898406,3.35144833571,0.0102091824914,0.0220781872511
2,1,16,570,3.76036087719,3.33327451483,0.0062802190822,0.00390436637632
3,1,32,570,3.75408065811,3.32937014845,0,0
4,2,4,570,3.26597624628,3.49043158651,-0.488104411827,0.161061438051
5,2,8,570,3.25907524161,3.46464484463,-0.495005416497,0.135274696178
6,2,16,570,3.24960997669,3.44123102948,-0.504470681416,0.111860881022
7,2,32,570,3.23875390912,3.37109391843,-0.51532674899,0.0417237699749
8,3,4,570,3.16864877858,3.45045980954,-0.585431879525,0.121089661082
9,3,8,570,3.12777174833,3.38250207608,-0.626308909774,0.0531319276228
10,3,16,570,3.11685827903,3.35027993704,-0.637222379076,0.0209097885878
11,3,32,570,3.10352775284,3.30049217545,-0.650552905274,-0.0288779730079
0,1,4,571,3.75474359145,3.19034824089,0.0106066201387,0.0135678251547
1,1,8,571,3.75269208057,3.20679745752,0.00855510925941,0.0300170417896
2,1,16,571,3.74925148301,3.17622086136,0.00511451170018,-0.000559554376347
3,1,32,571,3.74413697131,3.17678041573,0,0
4,2,4,571,3.05382239485,3.25384912541,-0.690314576459,0.0770687096769
5,2,8,571,3.04887503529,3.24811487928,-0.695261936014,0.0713344635447
6,2,16,571,3.04242679953,3.22335397892,-0.701710171782,0.0465735631921
7,2,32,571,3.03573013259,3.18457499679,-0.708406838717,0.00779458106091
8,3,4,571,2.95327690542,3.22677430674,-0.790860065888,0.0499938910071
9,3,8,571,2.92702311361,3.16861009885,-0.817113857696,-0.00817031688374
10,3,16,571,2.91976808952,3.1556244723,-0.824368881787,-0.0211559434333
11,3,32,571,2.9129159802,3.12580901216,-0.831220991106,-0.0509714035731
0,1,4,572,3.79571463167,3.32424177608,0.0166221559678,-0.00666274965731
1,1,8,572,3.79261849518,3.35800571125,0.0135260194764,0.0271011855132
2,1,16,572,3.78729617078,3.33789605985,0.00820369507105,0.00699153410691
3,1,32,572,3.7790924757,3.33090452574,0,0
4,2,4,572,3.1906757427,3.46673815348,-0.588416733008,0.135833627737
5,2,8,572,3.18317794454,3.45609224836,-0.59591453116,0.125187722622
6,2,16,572,3.17232748224,3.42308791899,-0.606764993462,0.0921833932516
7,2,32,572,3.1592961126,3.36517407075,-0.619796363102,0.0342695450108
8,3,4,572,3.01286122747,3.46501423716,-0.766231248236,0.134109711419
9,3,8,572,2.97148358482,3.3933328322,-0.807608890884,0.0624283064566
10,3,16,572,2.95929579126,3.36300368505,-0.819796684446,0.0320991593105
11,3,32,572,2.9450733281,3.29854269442,-0.834019147609,-0.0323618313164
0,1,4,573,4.37183851863,3.10513138008,0.00163661408271,-0.0319490787395
1,1,8,573,4.37137383354,3.13701472999,0.00117192899813,-6.57288294859e-05
2,1,16,573,4.37075334967,3.12653017435,0.000551445127898,-0.0105502844735
3,1,32,573,4.37020190455,3.13708045882,0,0
4,2,4,573,3.59971485604,2.99816842317,-0.770487048505,-0.138912035657
5,2,8,573,3.59160557944,2.98228540253,-0.77859632511,-0.154795056298
6,2,16,573,3.58306271069,3.01034365438,-0.787139193856,-0.126736804448
7,2,32,573,3.57640983567,3.01912145373,-0.793792068873,-0.117959005092
8,3,4,573,3.3339533985,2.98624630497,-1.03624850605,-0.150834153856
9,3,8,573,3.33134097912,2.96893940382,-1.03886092542,-0.168141055
10,3,16,573,3.33324944524,3.01345986176,-1.0369524593,-0.123620597068
11,3,32,573,3.61077943681,3.00290265271,-0.759422467733,-0.134177806118
0,1,4,574,3.86798672516,3.31859423558,0.0138704315123,0.00505596949654
1,1,8,574,3.86549240082,3.34124529395,0.0113761071767,0.0277070278733
2,1,16,574,3.86110617101,3.31014692382,0.00698987736272,-0.00339134225471
3,1,32,574,3.85411629365,3.31353826608,0,0
4,2,4,574,3.34275649163,3.465148696,-0.511359802017,0.151610429924
5,2,8,574,3.33485445275,3.45936150762,-0.519261840894,0.14582324154
6,2,16,574,3.32306792245,3.42422889184,-0.531048371198,0.110690625764
7,2,32,574,3.30871279271,3.35768967841,-0.545403500931,0.044151412329
8,3,4,574,3.25167825707,3.44206329361,-0.602438036572,0.128525027526
9,3,8,574,3.20766883419,3.36209523394,-0.646447459456,0.0485569678577
10,3,16,574,3.19482310429,3.32903051069,-0.659293189359,0.0154922446116
11,3,32,574,3.17826999195,3.28007441206,-0.6758463017,-0.033463854018
0,1,4,575,4.2442961237,3.30161246853,0.00831993238867,-0.021216457742
1,1,8,575,4.24271984074,3.33203106511,0.00674364942608,0.00920213883812
2,1,16,575,4.24003779434,3.3115125476,0.00406160302679,-0.0113163786747
3,1,32,575,4.23597619131,3.32282892628,0,0
4,2,4,575,3.73361114153,3.33137864837,-0.502365049776,0.00854972209129
5,2,8,575,3.72057208217,3.30790865083,-0.515404109138,-0.0149202754496
6,2,16,575,3.70564493222,3.30788745302,-0.530331259089,-0.0149414732602
7,2,32,575,3.69138937178,3.28348726756,-0.544586819529,-0.0393416587196
8,3,4,575,3.5524623554,3.33062467907,-0.683513835912,0.00779575278983
9,3,8,575,3.52488653512,3.27279605244,-0.711089656193,-0.0500328738334
10,3,16,575,3.51894375803,3.28942368341,-0.717032433281,-0.0334052428688
11,3,32,575,3.75403475379,3.23725853337,-0.481941437523,-0.0855703929036
0,1,4,576,4.38881154839,3.2507000868,0.0172175982025,0.00540595796288
1,1,8,576,4.38557847124,3.28460134021,0.0139845210445,0.0393072113762
2,1,16,576,4.38004705108,3.2441898744,0.00845310089284,-0.00110425443432
3,1,32,576,4.37159395019,3.24529412884,0,0
4,2,4,576,3.89310457705,3.36271228215,-0.478489373139,0.117418153314
5,2,8,576,3.87710661064,3.3649332708,-0.494487339551,0.119639141963
6,2,16,576,3.85573981419,3.34085029033,-0.515854136004,0.0955561614899
7,2,32,576,3.83145887691,3.27271769249,-0.540135073281,0.0274235636556
8,3,4,576,3.67307064794,3.38882205027,-0.698523302253,0.143527921429
9,3,8,576,3.62756821636,3.29262473238,-0.744025733829,0.0473306035446
10,3,16,576,3.61262156568,3.27635293864,-0.75897238451,0.0310588098035
11,3,32,576,3.81017231793,3.21978343704,-0.561421632259,-0.0255106917965
0,1,4,577,4.46370417712,3.07488175115,-0.000667411424009,-0.0195004093582
1,1,8,577,4.46373738967,3.09889145116,-0.000634198874757,0.00450929064683
2,1,16,577,4.4638957328,3.0836455177,-0.000475855751102,-0.0107366428115
3,1,32,577,4.46437158855,3.09438216051,0,0
4,2,4,577,3.74406248182,2.92450232856,-0.720309106729,-0.169879831947
5,2,8,577,3.73984886197,2.91403330829,-0.724522726575,-0.180348852217
6,2,16,577,3.73417872647,2.96882763982,-0.730192862074,-0.125554520693
7,2,32,577,3.72831772742,2.96435322938,-0.736053861125,-0.130028931125
8,3,4,577,3.54966871766,2.89504122086,-0.914702870891,-0.199340939645
9,3,8,577,3.55080018782,2.88559976779,-0.913571400724,-0.20878239272
10,3,16,577,3.55559667641,2.95016204679,-0.908774912135,-0.144220113724
11,3,32,577,3.81660519197,2.95957604397,-0.647766396575,-0.134806116544
0,1,4,578,4.06495376682,3.21517401562,0.0072460314857,-0.00337731460975
1,1,8,578,4.06359388766,3.2334963769,0.00588615232232,0.0149450466702
2,1,16,578,4.0612685785,3.2108464442,0.00356084315966,-0.00770488602295
3,1,32,578,4.05770773534,3.21855133023,0,0
4,2,4,578,3.47165736381,3.25272221183,-0.586050371529,0.0341708816019
5,2,8,578,3.4634235859,3.23789904732,-0.594284149436,0.0193477170978
6,2,16,578,3.45328532277,3.23320796795,-0.604422412568,0.0146566377267
7,2,32,578,3.44310255826,3.19557312885,-0.614605177076,-0.0229782013719
8,3,4,578,3.33961744912,3.22468482179,-0.718090286221,0.00613349156181
9,3,8,578,3.31419882338,3.17111594752,-0.743508911954,-0.0474353827029
10,3,16,578,3.30833004468,3.17383304463,-0.749377690661,-0.0447182855919
11,3,32,578,3.42458878729,3.14457542676,-0.633118948051,-0.0739759034633
0,1,4,579,4.07397882605,3.27594773372,0.00500451154876,-0.00868804730145
1,1,8,579,4.07311795944,3.29743511171,0.00414364494445,0.012799330692
2,1,16,579,4.07156146686,3.28304129347,0.00258715236346,-0.00159448754496
3,1,32,579,4.0689743145,3.28463578102,0,0
4,2,4,579,3.49885937296,3.33133742314,-0.57011494154,0.0467016421171
5,2,8,579,3.49298667146,3.29717896843,-0.57598764304,0.0125431874072
6,2,16,579,3.48546705195,3.304869253,-0.583507262546,0.0202334719835
7,2,32,579,3.47761124767,3.26111642942,-0.591363066831,-0.0235193515959
8,3,4,579,3.35281714532,3.26841755074,-0.716157169176,-0.0162182302745
9,3,8,579,3.32898036247,3.23169652548,-0.739993952028,-0.0529392555437
10,3,16,579,3.32422028621,3.22402657852,-0.744754028285,-0.0606092025006
11,3,32,579,3.44479712631,3.21193632493,-0.624177188184,-0.0726994560909
0,1,4,580,4.08906785118,3.20943573629,0.00254542820886,-0.0342845923398
1,1,8,580,4.0884603976,3.25444168322,0.00193797463207,0.0107213545862
2,1,16,580,4.08756378678,3.24070892062,0.00104136380881,-0.00301140801088
3,1,32,580,4.08652242297,3.24372032863,0,0
4,2,4,580,3.23522631013,3.07998749654,-0.851296112837,-0.163732832094
5,2,8,580,3.23558709924,3.06245064121,-0.850935323726,-0.181269687429
6,2,16,580,3.23566082031,3.09946576857,-0.850861602654,-0.144254560061
7,2,32,580,3.23576209064,3.12185572569,-0.85076033233,-0.121864602945
8,3,4,580,3.02308498202,3.05323501405,-1.06343744095,-0.190485314586
9,3,8,580,3.02619773401,3.05820212043,-1.06032468896,-0.1855182082
10,3,16,580,3.03165375373,3.10986863296,-1.05486866923,-0.133851695678
11,3,32,580,3.18936876538,3.10705384234,-0.897153657587,-0.136666486296
0,1,4,581,4.0177186292,3.1810707073,0.00904492021416,-0.00526821395082
1,1,8,581,4.0159519479,3.19964828029,0.00727823891957,0.0133093590331
2,1,16,581,4.01300548311,3.1790601881,0.0043317741242,-0.00727873315276
3,1,32,581,4.00867370899,3.18633892125,0,0
4,2,4,581,3.40090493856,3.19433071876,-0.607768770424,0.00799179751051
5,2,8,581,3.39242579571,3.18849367434,-0.61624791328,0.00215475308167
6,2,16,581,3.38210854636,3.1849813417,-0.62656516263,-0.00135757955716
7,2,32,581,3.37184954449,3.15314629102,-0.636824164495,-0.0331926302295
8,3,4,581,3.25957443559,3.1942089633,-0.749099273392,0.00787004204545
9,3,8,581,3.23554961091,3.13723815198,-0.773124098075,-0.0491007692729
10,3,16,581,3.2304686694,3.15525838485,-0.778205039581,-0.0310805364019
11,3,32,581,3.33632760697,3.10864151567,-0.672346102013,-0.0776974055821
0,1,4,582,3.98065501839,3.12873429518,0.00137009342281,-0.0193498139912
1,1,8,582,3.98023797006,3.15122503952,0.000953045086884,0.00314093035402
2,1,16,582,3.97970325608,3.14094950981,0.000418331114723,-0.0071345993606
3,1,32,582,3.97928492497,3.14808410917,0,0
4,2,4,582,3.16876422367,3.05342552681,-0.810520701295,-0.0946585823536
5,2,8,582,3.16462982562,3.03026371148,-0.814655099351,-0.117820397688
6,2,16,582,3.16163419803,3.04496597754,-0.817650726935,-0.103118131626
7,2,32,582,3.161552597,3.05498221587,-0.817732327965,-0.0931018932966
8,3,4,582,2.98115820179,3.01714887843,-0.998126723178,-0.130935230741
9,3,8,582,2.97960240102,3.00439972974,-0.999682523948,-0.143684379427
10,3,16,582,2.98211297157,3.03498183656,-0.997171953397,-0.113102272604
11,3,32,582,3.13531412283,3.02619677219,-0.843970802136,-0.121887336982
0,1,4,583,3.99459844734,3.3620214582,0.0134074688979,-7.7879996581e-05
1,1,8,583,3.99227632184,3.39448746546,0.0110853433987,0.0323881272624
2,1,16,583,3.98809119255,3.35623732322,0.00690021411487,-0.00586201497111
3,1,32,583,3.98119097844,3.3620993382,0,0
4,2,4,583,3.45919536122,3.51655843203,-0.521995617216,0.154459093832
5,2,8,583,3.45247366688,3.5152264844,-0.52871731156,0.153127146202
6,2,16,583,3.44053682587,3.47821270103,-0.540654152566,0.116113362831
7,2,32,583,3.42431311229,3.40944398395,-0.556877866153,0.0473446457509
8,3,4,583,3.36203755997,3.47864346061,-0.619153418471,0.116544122411
9,3,8,583,3.31566363316,3.40096744687,-0.665527345276,0.0388681086781
10,3,16,583,3.30154982349,3.35605952021,-0.679641154952,-0.00603981798444
11,3,32,583,3.28379732177,3.32500273116,-0.697393656666,-0.0370966070364
0,1,4,584,4.09534937794,3.03174918487,0.00470765635214,-0.0099415628056
1,1,8,584,4.09418117453,3.04061299568,0.0035394529435,-0.00107775198856
2,1,16,584,4.09249639678,3.03072013344,0.00185467518831,-0.010970614234
3,1,32,584,4.09064172159,3.04169074767,0,0
4,2,4,584,3.38441281811,2.95580042298,-0.706228903479,-0.0858903246878
5,2,8,584,3.37206409759,2.94228926697,-0.718577623997,-0.0994014806984
6,2,16,584,3.36097594297,2.95113010352,-0.729665778623,-0.0905606441546
7,2,32,584,3.35455058218,2.95294865478,-0.736091139415,-0.0887420928881
8,3,4,584,3.1773823139,2.97551974361,-0.913259407688,-0.0661710040598
9,3,8,584,3.1700854216,2.93184767338,-0.920556299992,-0.109843074293
10,3,16,584,3.17028636074,2.98123241287,-0.92035536085,-0.0604583347963
11,3,32,584,3.41257938837,2.93206962972,-0.67806233322,-0.109621117956
0,1,4,585,3.7406559603,3.34859255839,0.00792121695672,-0.0166096835664
1,1,8,585,3.73920843389,3.38235606807,0.00647369054352,0.0171538261161
2,1,16,585,3.73668887806,3.37587121828,0.0039541347086,0.0106689763279
3,1,32,585,3.73273474335,3.36520224196,0,0
4,2,4,585,3.08497055183,3.36438382055,-0.647764191514,-0.00081842140428
5,2,8,585,3.08718067125,3.33065272319,-0.645554072101,-0.0345495187683
6,2,16,585,3.08809450753,3.35572682448,-0.644640235818,-0.00947541747084
7,2,32,585,3.08702875804,3.3251734076,-0.64570598531,-0.0400288343532
8,3,4,585,2.96024420734,3.31563824417,-0.77249053601,-0.0495639977891
9,3,8,585,2.94315655739,3.30076368871,-0.789578185958,-0.0644385532466
10,3,16,585,2.94306848577,3.31750475828,-0.789666257572,-0.0476974836741
11,3,32,585,2.93998475831,3.28910013834,-0.79274998504,-0.0761021036124
0,1,4,586,4.20687529867,3.17491223151,0.0107159372276,0.0176686705167
1,1,8,586,4.20475445271,3.18810544578,0.00859509126741,0.0308618847853
2,1,16,586,4.20124702914,3.15778311163,0.00508766770418,0.000539550633808
3,1,32,586,4.19615936144,3.157243561,0,0
4,2,4,586,3.67095292221,3.24389676289,-0.525206439228,0.0866532018955
5,2,8,586,3.6560006065,3.21953387284,-0.540158754939,0.0622903118442
6,2,16,586,3.63960252842,3.21005738965,-0.556556833023,0.0528138286531
7,2,32,586,3.62468045615,3.16020560069,-0.57147890529,0.00296203969577
8,3,4,586,3.48844289695,3.2356193529,-0.707716464491,0.0783757919064
9,3,8,586,3.45871797919,3.16249450952,-0.737441382256,0.00525094851816
10,3,16,586,3.44979447199,3.15962406675,-0.746364889455,0.00238050574975
11,3,32,586,3.68697793311,3.12012780373,-0.509181428332,-0.0371157572696
0,1,4,587,3.66972271698,3.26127867963,0.000373916868141,-0.0457986366399
1,1,8,587,3.66956952339,3.29770484077,0.000220723272413,-0.00937247550171
2,1,16,587,3.66939949296,3.29592015636,5.06928421111e-05,-0.0111571599134
3,1,32,587,3.66934880012,3.30707731627,0,0
4,2,4,587,2.81531985138,3.13705028352,-0.854028948733,-0.170027032751
5,2,8,587,2.82000572123,3.11905880812,-0.849343078881,-0.188018508151
6,2,16,587,2.82585718072,3.14605950319,-0.843491619392,-0.161017813087
7,2,32,587,2.8328088404,3.18137373036,-0.83653995972,-0.125703585912
8,3,4,587,2.70231746736,3.10035645077,-0.967031332759,-0.206720865502
9,3,8,587,2.70672519338,3.11276814341,-0.96262360674,-0.194309172864
10,3,16,587,2.71459055151,3.16833506444,-0.954758248604,-0.13874225183
11,3,32,587,2.72064098154,3.14760876715,-0.948707818575,-0.159468549126
0,1,4,588,4.33336851092,3.07505212261,0.000546861420451,-0.0158995020936
1,1,8,588,4.33309619237,3.09254008806,0.0002745428711,0.0015884633604
2,1,16,588,4.33281960735,3.07534452785,-2.04214829935e-06,-0.0156070968491
3,1,32,588,4.3328216495,3.0909516247,0,0
4,2,4,588,3.60762918496,3.00271565244,-0.725192464545,-0.0882359722682
5,2,8,588,3.59605389885,2.98211290838,-0.73676775065,-0.10883871632
6,2,16,588,3.58500520205,2.9936482279,-0.747816447454,-0.0973033968052
7,2,32,588,3.57777922695,2.99721201375,-0.755042422551,-0.0937396109539
8,3,4,588,3.38459042368,2.97891100109,-0.948231225821,-0.11204062361
9,3,8,588,3.3787701418,2.94745583291,-0.9540515077,-0.143495791797
10,3,16,588,3.37858239553,2.97746794741,-0.954239253972,-0.113483677295
11,3,32,588,3.67520662167,2.96953970914,-0.657615027832,-0.121411915567
0,1,4,589,3.65736398232,3.47216059222,0.0118017752444,-0.0030192742274
1,1,8,589,3.6552018407,3.51631261566,0.00963963362503,0.0411327492056
2,1,16,589,3.65144381369,3.479095448,0.00588160661094,0.00391558155315
3,1,32,589,3.64556220708,3.47517986645,0,0
4,2,4,589,3.01039175631,3.55806841782,-0.63517045077,0.0828885513678
5,2,8,589,3.00912828237,3.5283771164,-0.636433924711,0.0531972499466
6,2,16,589,3.00636173839,3.50967213586,-0.63920046869,0.034492269408
7,2,32,589,3.00189720436,3.48909632971,-0.643665002715,0.0139164632585
8,3,4,589,2.9372229386,3.5100521604,-0.708339268476,0.0348722939487
9,3,8,589,2.9094131129,3.46964881768,-0.736149094174,-0.00553104876829
10,3,16,589,2.90353071096,3.45285234414,-0.74203149612,-0.0223275223123
11,3,32,589,2.89669678354,3.42327942562,-0.748865423535,-0.0519004408317
0,1,4,590,4.22573118413,3.10805770583,0.000561921198221,-0.0264393959531
1,1,8,590,4.22547937453,3.12692650152,0.000310111601949,-0.00757060025763
2,1,16,590,4.2252113403,3.12570046369,4.2077372246e-05,-0.00879663808729
3,1,32,590,4.22516926293,3.13449710178,0,0
4,2,4,590,3.52151305546,3.02175453651,-0.703656207468,-0.11274256527
5,2,8,590,3.51343502594,2.99357658932,-0.711734236989,-0.140920512455
6,2,16,590,3.50600338133,3.02504323336,-0.719165881605,-0.109453868419
7,2,32,590,3.50165383937,3.02497909969,-0.723515423559,-0.109518002087
8,3,4,590,3.29566988514,2.99885266166,-0.929499377797,-0.135644440115
9,3,8,590,3.29235159261,2.98167042206,-0.932817670319,-0.152826679723
10,3,16,590,3.29500906352,3.02698831192,-0.930160199414,-0.107508789861
11,3,32,590,3.54729974007,3.00745035344,-0.677869522864,-0.127046748334
0,1,4,591,4.96305321997,3.29973648354,0.00541535597367,-0.0361211408744
1,1,8,591,4.96210776183,3.34445950361,0.0044698978379,0.00860187919903
2,1,16,591,4.9604092035,3.3211662187,0.00277133950536,-0.0146914057095
3,1,32,591,4.957637864,3.33585762441,0,0
4,2,4,591,4.54405992092,3.28320337411,-0.413577943076,-0.0526542503006
5,2,8,591,4.52654769203,3.25666629677,-0.431090171965,-0.0791913276388
6,2,16,591,4.50466883339,3.29071080268,-0.452969030602,-0.0451468217259
7,2,32,591,4.48139423278,3.25793857113,-0.476243631212,-0.0779190532843
8,3,4,591,4.25649676623,3.27967178595,-0.701141097767,-0.0561858384565
9,3,8,591,4.22978069195,3.22768063219,-0.727857172047,-0.10817699222
10,3,16,591,4.22397738942,3.25802541124,-0.733660474579,-0.0778322131672
11,3,32,591,4.68652767151,3.23337958428,-0.271110192482,-0.102478040134
0,1,4,592,3.89335472964,3.32571760869,0.0202517061275,0.0114035057171
1,1,8,592,3.88966279058,3.35033489871,0.0165597670705,0.0360207957344
2,1,16,592,3.88322770956,3.31598434321,0.0101246860465,0.00167024023347
3,1,32,592,3.87310302351,3.31431410298,0,0
4,2,4,592,3.41778398893,3.56324761454,-0.455319034578,0.248933511564
5,2,8,592,3.40461260044,3.5639039388,-0.468490423065,0.24958983582
6,2,16,592,3.38617765282,3.50076064564,-0.486925370689,0.186446542667
7,2,32,592,3.36458266843,3.40893087377,-0.508520355081,0.0946167707887
8,3,4,592,3.2735983362,3.5662705097,-0.599504687312,0.251956406725
9,3,8,592,3.21373379791,3.45510711107,-0.659369225595,0.140793008089
10,3,16,592,3.19348360608,3.39168675963,-0.679619417429,0.0773726566526
11,3,32,592,3.17009628592,3.31840104311,-0.703006737594,0.00408694013414
0,1,4,593,3.67917737615,3.15153557458,0.00732469054024,-0.0226447485416
1,1,8,593,3.67773621558,3.16118697194,0.00588352997056,-0.0129933511808
2,1,16,593,3.67534943262,3.15772756071,0.00349674701446,-0.0164527624145
3,1,32,593,3.67185268561,3.17418032312,0,0
4,2,4,593,2.96677585259,3.24433987087,-0.705076833015,0.0701595477459
5,2,8,593,2.9563336779,3.23679712159,-0.715519007708,0.0626167984698
6,2,16,593,2.94598499054,3.18490558015,-0.72586769507,0.0107252570252
7,2,32,593,2.93918276532,3.16227233481,-0.732669920286,-0.0119079883132
8,3,4,593,2.8020988277,3.23114922623,-0.869753857914,0.0569689031027
9,3,8,593,2.77314031128,3.16727912303,-0.898712374325,-0.00690120009446
10,3,16,593,2.76427363625,3.14094264613,-0.907579049359,-0.0332376769942
11,3,32,593,2.75815183981,3.08121983939,-0.913700845797,-0.0929604837395
0,1,4,594,3.72695747415,3.13088139156,0.0107027813842,0.0119857448337
1,1,8,594,3.72482996034,3.14129965675,0.00857526757311,0.0224040100277
2,1,16,594,3.72132254261,3.12108161235,0.00506784983689,0.00218596562988
3,1,32,594,3.71625469277,3.11889564672,0,0
4,2,4,594,3.02581940218,3.16614186889,-0.690435290586,0.047246222168
5,2,8,594,3.02099440419,3.16185497402,-0.695260288577,0.0429593272952
6,2,16,594,3.01508841746,3.14926946378,-0.701166275309,0.0303738170522
7,2,32,594,3.00939509527,3.10949848328,-0.706859597494,-0.00939716344875
8,3,4,594,2.91105991033,3.15610765741,-0.805194782443,0.0372120106805
9,3,8,594,2.88824371841,3.10077913327,-0.828010974354,-0.0181165134597
10,3,16,594,2.88296484949,3.10631063981,-0.833289843275,-0.0125850069105
11,3,32,594,2.8767418751,3.06323043285,-0.839512817668,-0.0556652138792
0,1,4,595,3.87888588507,3.30703593889,0.010000933152,0.00453164825675
1,1,8,595,3.87717381843,3.32116047787,0.00828886651204,0.0186561872359
2,1,16,595,3.87406591662,3.30082164389,0.0051809647081,-0.00168264673869
3,1,32,595,3.86888495192,3.30250429063,0,0
4,2,4,595,3.38608950483,3.45057800173,-0.482795447082,0.148073711099
5,2,8,595,3.37998467038,3.43079111665,-0.488900281538,0.128286826017
6,2,16,595,3.3705838483,3.41159214406,-0.498301103617,0.109087853424
7,2,32,595,3.35900541371,3.33695032599,-0.50987953821,0.0344460353576
8,3,4,595,3.30723472557,3.39587511914,-0.561650226344,0.0933708285077
9,3,8,595,3.26694431159,3.32995061993,-0.60194064033,0.0274463292954
10,3,16,595,3.25622607179,3.29687540364,-0.612658880124,-0.00562888699723
11,3,32,595,3.24251796462,3.26361061686,-0.6263669873,-0.0388936737765
0,1,4,596,3.71497668889,3.00631360256,0.00620883463924,0.00760658709218
1,1,8,596,3.71352659572,3.02371946269,0.00475874146868,0.0250124472203
2,1,16,596,3.71136112394,2.9972796981,0.00259326968741,-0.00142731736985
3,1,32,596,3.70876785425,2.99870701547,0,0
4,2,4,596,2.7535534661,2.89810816039,-0.955214388155,-0.100598855085
5,2,8,596,2.75433152225,2.90877760692,-0.954436332,-0.0899294085488
6,2,16,596,2.75561793011,2.91263251318,-0.953149924143,-0.0860745022885
7,2,32,596,2.75811891346,2.92133755314,-0.950648940799,-0.0773694623358
8,3,4,596,2.62273899016,2.89084673627,-1.08602886409,-0.107860279207
9,3,8,596,2.62377815721,2.86843249364,-1.08498969705,-0.130274521837
10,3,16,596,2.62636720712,2.90868846922,-1.08240064714,-0.0900185462482
11,3,32,596,2.63097170617,2.89704749397,-1.07779614809,-0.101659521499
0,1,4,597,4.46567823425,3.30700875649,0.0166685077499,0.000326673798571
1,1,8,597,4.4626118059,3.34649241997,0.0136020794043,0.0398103372743
2,1,16,597,4.45729524134,3.30133864136,0.00828551484302,-0.00534344132889
3,1,32,597,4.4490097265,3.30668208269,0,0
4,2,4,597,4.00211916886,3.42894779136,-0.446890557633,0.122265708666
5,2,8,597,3.98577110233,3.43047712518,-0.463238624163,0.123795042489
6,2,16,597,3.96345654548,3.4038262784,-0.485553181018,0.0971441957108
7,2,32,597,3.93759691915,3.33683252118,-0.511412807349,0.030150438491
8,3,4,597,3.79204852385,3.44698771375,-0.656961202651,0.140305631058
9,3,8,597,3.74390455493,3.34972816272,-0.70510517157,0.0430460800246
10,3,16,597,3.72811030014,3.32777961262,-0.720899426356,0.0210975299306
11,3,32,597,3.94055719393,3.27669995306,-0.508452532569,-0.0299821296337
0,1,4,598,4.07429758197,3.13427238358,0.011841227031,-0.00223875425193
1,1,8,598,4.07194531188,3.15939755614,0.00948895694118,0.0228864183174
2,1,16,598,4.06806338466,3.13255407308,0.00560702972032,-0.00395706474724
3,1,32,598,4.06245635494,3.13651113783,0,0
4,2,4,598,3.38500699662,3.13628799884,-0.677449358321,-0.0002231389863
5,2,8,598,3.37625169712,3.14403368585,-0.686204657821,0.00752254802504
6,2,16,598,3.36486204209,3.13562893819,-0.697594312845,-0.000882199632008
7,2,32,598,3.3526679673,3.10464653422,-0.709788387642,-0.0318646036029
8,3,4,598,3.20159244848,3.15735848991,-0.860863906454,0.0208473520796
9,3,8,598,3.17738300186,3.09495599742,-0.885073353081,-0.0415551404096
10,3,16,598,3.17110369682,3.11300692009,-0.891352658118,-0.0235042177411
11,3,32,598,3.27762417757,3.06541998843,-0.784832177367,-0.0710911493945
0,1,4,599,3.64791971637,3.14940205705,0.00403860398343,-0.0225811741744
1,1,8,599,3.64696186465,3.17373374947,0.00308075225868,0.00175051824064
2,1,16,599,3.64554223346,3.16320655808,0.00166112106753,-0.00877667314712
3,1,32,599,3.64388111239,3.17198323123,0,0
4,2,4,599,2.80089417921,3.0120276936,-0.842986933175,-0.159955537627
5,2,8,599,2.8032843429,3.01093310338,-0.840596769483,-0.161050127852
6,2,16,599,2.80659946573,3.03445439543,-0.837281646654,-0.137528835795
7,2,32,599,2.8111006241,3.05938897317,-0.832780488284,-0.112594258063
8,3,4,599,2.70916736993,3.01152199627,-0.934713742461,-0.160461234956
9,3,8,599,2.71178473597,3.00320847445,-0.93209637642,-0.168774756776
10,3,16,599,2.71850758104,3.07287495635,-0.925373531345,-0.0991082748786
11,3,32,599,2.72159566945,3.03495390999,-0.92228544294,-0.137029321239
0,1,4,600,3.97611730852,3.2906791283,0.00825281391391,-0.000473522852818
1,1,8,600,3.97457505335,3.31236769395,0.00671055874673,0.0212150428004
2,1,16,600,3.97193090398,3.29006661996,0.00406640937959,-0.00108603119082
3,1,32,600,3.9678644946,3.29115265115,0,0
4,2,4,600,3.40190871423,3.37381141214,-0.56595578037,0.0826587609924
5,2,8,600,3.39298814757,3.34086877331,-0.574876347036,0.0497161221599
6,2,16,600,3.3829878895,3.32929599858,-0.584876605103,0.0381433474253
7,2,32,600,3.37378467797,3.29005314712,-0.594079816634,-0.00109950402818
8,3,4,600,3.25818835361,3.33134766617,-0.709676140988,0.0401950150147
9,3,8,600,3.23020011452,3.27902436036,-0.73766438008,-0.0121282907884
10,3,16,600,3.22309905801,3.26445063734,-0.744765436596,-0.0267020138145
11,3,32,600,3.35020979733,3.23461321063,-0.617654697271,-0.0565394405246
0,1,4,601,3.86023652143,3.44372732607,0.0169526272086,-0.0083726628111
1,1,8,601,3.85726374102,3.4730884789,0.0139798468004,0.0209884900159
2,1,16,601,3.8519480983,3.44842014903,0.00866420408057,-0.00367983985017
3,1,32,601,3.84328389422,3.45209998888,0,0
4,2,4,601,3.46079552893,3.66870725185,-0.382488365291,0.216607262961
5,2,8,601,3.44971191942,3.65479542077,-0.393571974804,0.202695431884
6,2,16,601,3.43381283858,3.60606322023,-0.409471055647,0.153963231342
7,2,32,601,3.41475798203,3.52490766357,-0.428525912199,0.0728076746907
8,3,4,601,3.35339626855,3.65400485189,-0.489887625675,0.20190486301
9,3,8,601,3.29566678704,3.55877104063,-0.54761710718,0.106671051748
10,3,16,601,3.27848569901,3.50694308122,-0.564798195215,0.0548430923356
11,3,32,601,3.25564538464,3.43092028894,-0.587638509588,-0.0211796999407
0,1,4,602,4.2720774907,3.40107855074,0.00589214314661,-0.0284209761324
1,1,8,602,4.27105718325,3.43798073328,0.00487183569695,0.00848120641475
2,1,16,602,4.26921541082,3.42250369368,0.00303006326737,-0.00699583319381
3,1,32,602,4.26618534756,3.42949952687,0,0
4,2,4,602,3.81088813229,3.42294483112,-0.455297215262,-0.00655469575136
5,2,8,602,3.8016496062,3.38196089075,-0.464535741359,-0.0475386361147
6,2,16,602,3.79042465946,3.40495083539,-0.475760688094,-0.0245486914754
7,2,32,602,3.77870822266,3.37885148088,-0.487477124891,-0.0506480459925
8,3,4,602,3.64782481261,3.39077445748,-0.618360534943,-0.0387250693875
9,3,8,602,3.62332597776,3.35353380213,-0.642859369799,-0.0759657247404
10,3,16,602,3.62019375133,3.37496102784,-0.645991596223,-0.0545384990297
11,3,32,602,3.86117071592,3.33843603502,-0.405014631638,-0.0910634918488
0,1,4,603,3.5577752033,3.10791517722,0.00160406910213,-0.00198941954711
1,1,8,603,3.55730193779,3.1102970987,0.00113080359669,0.000392501932008
2,1,16,603,3.55668450439,3.11175984472,0.000513370197281,0.00185524795607
3,1,32,603,3.5561711342,3.10990459677,0,0
4,2,4,603,2.78087447207,3.0354175816,-0.775296662128,-0.0744870151704
5,2,8,603,2.78244941981,3.00577870329,-0.773721714386,-0.104125893478
6,2,16,603,2.78648113571,3.03311612493,-0.769689998482,-0.076788471841
7,2,32,603,2.79360438795,3.02863234183,-0.762566746246,-0.0812722549334
8,3,4,603,2.6978617815,2.98884007523,-0.858309352696,-0.121064521536
9,3,8,603,2.69891499315,2.98297909223,-0.857256141047,-0.126925504539
10,3,16,603,2.70468937401,3.02771911282,-0.851481760188,-0.0821854839525
11,3,32,603,2.7110487722,3.00479030037,-0.845122361994,-0.1051142964
0,1,4,604,3.77015557136,3.30479812696,0.0156162751218,0.00545898489698
1,1,8,604,3.76728671221,3.32406160696,0.0127474159697,0.0247224648973
2,1,16,604,3.76231325655,3.29374086705,0.00777396030392,-0.00559827501853
3,1,32,604,3.75453929624,3.29933914206,0,0
4,2,4,604,3.22417897973,3.51290317077,-0.530360316515,0.213564028705
5,2,8,604,3.21157491959,3.50514117471,-0.542964376652,0.20580203265
6,2,16,604,3.19597690182,3.43736846607,-0.558562394427,0.138029324009
7,2,32,604,3.18002706118,3.37168692991,-0.574512235067,0.0723477878436
8,3,4,604,3.09891767154,3.49823064344,-0.655621624703,0.198891501371
9,3,8,604,3.0483602026,3.40106541821,-0.706179093647,0.101726276151
10,3,16,604,3.0312303958,3.34026452077,-0.723308900443,0.0409253787094
11,3,32,604,3.01418196444,3.27686884293,-0.740357331805,-0.0224702991383
0,1,4,605,3.89049488031,3.17879059466,0.000163097033731,-0.0117528282821
1,1,8,605,3.89033446191,3.19366971341,2.6786321885e-06,0.00312629047483
2,1,16,605,3.8902048506,3.18425931373,-0.000126932683831,-0.00628410920338
3,1,32,605,3.89033178328,3.19054342294,0,0
4,2,4,605,3.16578924154,3.10894877025,-0.724542541735,-0.0815946526865
5,2,8,605,3.16240083606,3.07234566283,-0.727930947221,-0.118197760107
6,2,16,605,3.1609429679,3.09656546226,-0.729388815381,-0.0939779606766
7,2,32,605,3.16290957864,3.10284399571,-0.727422204637,-0.0876994272266
8,3,4,605,3.04089315723,3.05807148038,-0.849438626054,-0.132471942555
9,3,8,605,3.03975735232,3.04822055022,-0.850574430964,-0.14232287272
10,3,16,605,3.04386582091,3.08610276827,-0.84646596237,-0.104440654663
11,3,32,605,3.19571460573,3.07505115151,-0.694617177546,-0.115492271426
0,1,4,606,4.1473548365,3.35904045893,0.0179185168212,0.0047588715534
1,1,8,606,4.1440581486,3.39600341941,0.0146218289299,0.0417218320332
2,1,16,606,4.13834259654,3.34755703987,0.00890627686748,-0.00672454750555
3,1,32,606,4.12943631967,3.35428158738,0,0
4,2,4,606,3.67030082366,3.49985767302,-0.459135496011,0.145576085641
5,2,8,606,3.65677531525,3.50394015645,-0.472661004427,0.149658569075
6,2,16,606,3.63798180468,3.46286814933,-0.491454514992,0.108586561955
7,2,32,606,3.6158436143,3.40216105514,-0.513592705376,0.0478794677671
8,3,4,606,3.5369582345,3.51650567418,-0.592478085171,0.162224086804
9,3,8,606,3.48723506799,3.41680643205,-0.642201251686,0.0625248446772
10,3,16,606,3.4715482121,3.39114801167,-0.657888107572,0.0368664242964
11,3,32,606,3.57358609643,3.32833591711,-0.555850223242,-0.0259456702622
0,1,4,607,4.10480836334,3.2219302104,-0.00309092922637,-0.019834473386
1,1,8,607,4.10536097574,3.24544589427,-0.00253831682508,0.00368121048391
2,1,16,607,4.10633657374,3.21985068209,-0.00156271882346,-0.0219140017003
3,1,32,607,4.10789929256,3.24176468379,0,0
4,2,4,607,3.40329978188,3.08433612422,-0.704599510678,-0.157428559562
5,2,8,607,3.40250923114,3.06569688368,-0.705390061425,-0.176067800109
6,2,16,607,3.40195159443,3.10275635451,-0.705947698129,-0.139008329276
7,2,32,607,3.40242361838,3.12353736722,-0.705475674181,-0.11822731657
8,3,4,607,3.35060604189,3.0272823121,-0.757293250675,-0.214482371685
9,3,8,607,3.35289178021,3.02339241672,-0.755007512348,-0.218372267064
10,3,16,607,3.35945586658,3.08319108126,-0.748443425984,-0.158573602524
11,3,32,607,3.52703309368,3.09294321813,-0.580866198885,-0.148821465657
0,1,4,608,3.99490914821,3.32092253827,0.00843610941793,-0.0221014517452
1,1,8,608,3.99333475701,3.35763413865,0.00686171822394,0.0146101486306
2,1,16,608,3.99063179455,3.35112400237,0.00415875576028,0.00810001234908
3,1,32,608,3.98647303879,3.34302399002,0,0
4,2,4,608,3.36427542378,3.35453803216,-0.622197615008,0.0115140421419
5,2,8,608,3.3601583171,3.318710076,-0.626314721686,-0.0243139140146
6,2,16,608,3.35448469699,3.33572928029,-0.631988341798,-0.00729470972793
7,2,32,608,3.3479053421,3.30366318294,-0.638567696685,-0.0393608070806
8,3,4,608,3.1579304837,3.32028605783,-0.828542555093,-0.0227379321868
9,3,8,608,3.13698955739,3.29332851797,-0.849483481402,-0.0496954720445
10,3,16,608,3.13398505486,3.30076781782,-0.852487983925,-0.0422561722014
11,3,32,608,3.24691341805,3.26818067516,-0.739559620735,-0.0748433148591
0,1,4,609,4.25398370049,3.32608533241,0.00780295469586,-0.0362282429029
1,1,8,609,4.252597097,3.37858829052,0.00641635121,0.0162747152091
2,1,16,609,4.25013843679,3.35886389876,0.00395769100071,-0.00344967655392
3,1,32,609,4.24618074579,3.36231357531,0,0
4,2,4,609,3.57515681822,3.31242064539,-0.67102392757,-0.0498929299225
5,2,8,609,3.57235722101,3.30262331886,-0.673823524786,-0.0596902564489
6,2,16,609,3.56559967692,3.32066233706,-0.680581068868,-0.0416512382541
7,2,32,609,3.55514266409,3.29925472393,-0.691038081706,-0.063058851384
8,3,4,609,3.36216064254,3.28785562148,-0.88402010325,-0.0744579538358
9,3,8,609,3.3414556376,3.26124927593,-0.904725108196,-0.101064299383
10,3,16,609,3.3382346706,3.27635241607,-0.907946075197,-0.0859611592427
11,3,32,609,3.46063625832,3.25988008929,-0.785544487475,-0.102433486028
0,1,4,610,4.00694007751,3.35563942381,0.0167208481703,-0.00129130471896
1,1,8,610,4.00383847878,3.38709704998,0.0136192494392,0.0301663214548
2,1,16,610,3.99849071103,3.3555799789,0.00827148168119,-0.00135074962654
3,1,32,610,3.99021922934,3.35693072853,0,0
4,2,4,610,3.52507090331,3.50951459431,-0.465148326039,0.152583865783
5,2,8,610,3.51167200947,3.49671423601,-0.478547219878,0.139783507488
6,2,16,610,3.49460478647,3.45928541446,-0.495614442876,0.102354685937
7,2,32,610,3.47603674705,3.39977912607,-0.514182482293,0.0428483975443
8,3,4,610,3.36546162469,3.51812898234,-0.624757604654,0.16119825381
9,3,8,610,3.31858477502,3.42823089803,-0.671634454324,0.0713001695015
10,3,16,610,3.30431677597,3.40063994874,-0.685902453372,0.0437092202098
11,3,32,610,3.39936420997,3.32932536432,-0.59085501937,-0.0276053642022
0,1,4,611,4.16156815265,3.44064648476,0.0163562843931,-0.00862783182148
1,1,8,611,4.15863558949,3.48589017787,0.0134237212317,0.0366158612959
2,1,16,611,4.15346472096,3.44402276954,0.00825285270436,-0.00525154703559
3,1,32,611,4.14521186826,3.44927431658,0,0
4,2,4,611,3.7043828739,3.5781845952,-0.440828994356,0.128910278621
5,2,8,611,3.69313763658,3.57093085118,-0.452074231677,0.121656534602
6,2,16,611,3.67656429198,3.5419298569,-0.468647576279,0.0926555403225
7,2,32,611,3.65599830702,3.48494834745,-0.489213561239,0.0356740308707
8,3,4,611,3.56475132755,3.57804781192,-0.580460540713,0.128773495339
9,3,8,611,3.51670474545,3.4932557553,-0.62850712281,0.043981438727
10,3,16,611,3.50271771038,3.46918984708,-0.642494157878,0.0199155305016
11,3,32,611,3.60695272473,3.41227221305,-0.53825914353,-0.0370021035232
0,1,4,612,3.86705481769,3.21947051056,0.000660823776633,-0.0144457051068
1,1,8,612,3.86680820939,3.24093094824,0.000414215468994,0.00701473257216
2,1,16,612,3.86652358051,3.23647010616,0.000129586591055,0.00255389048794
3,1,32,612,3.86639399392,3.23391621567,0,0
4,2,4,612,3.12147003782,3.16421612739,-0.744923956101,-0.0697000882779
5,2,8,612,3.11950624871,3.11516177786,-0.746887745203,-0.118754437811
6,2,16,612,3.11970686491,3.14526214492,-0.746687129007,-0.0886540707497
7,2,32,612,3.12312497059,3.14942379278,-0.743269023327,-0.08449242289
8,3,4,612,2.95950682708,3.10134145453,-0.906887166841,-0.132574761137
9,3,8,612,2.95942264017,3.10183790632,-0.906971353749,-0.132078309347
10,3,16,612,2.96387174766,3.13208304794,-0.902522246252,-0.101833167733
11,3,32,612,3.11931907628,3.12666017296,-0.747074917636,-0.107256042712
0,1,4,613,4.06154913289,3.30031165166,0.0153507389784,0.00143005708095
1,1,8,613,4.05871000849,3.32890706063,0.0125116145796,0.0300254660532
2,1,16,613,4.05380675408,3.30225705014,0.0076083601604,0.00337545556431
3,1,32,613,4.04619839392,3.29888159457,0,0
4,2,4,613,3.54371441155,3.44183616461,-0.502483982361,0.142954570041
5,2,8,613,3.53214390277,3.42798628383,-0.514054491144,0.129104689255
6,2,16,613,3.51672198951,3.40172691793,-0.529476404407,0.102845323358
7,2,32,613,3.49930722854,3.3341691155,-0.546891165374,0.0352875209299
8,3,4,613,3.36136816469,3.43660731556,-0.684830229221,0.137725720986
9,3,8,613,3.31796687942,3.35597316245,-0.728231514495,0.0570915678723
10,3,16,613,3.3047031335,3.32756116356,-0.74149526042,0.0286795689824
11,3,32,613,3.39616633241,3.27215542838,-0.650032061508,-0.0267261661909
0,1,4,614,3.63912097992,3.24155252431,0.000900345442258,-0.048466334641
1,1,8,614,3.6388534709,3.27677687662,0.000632836424654,-0.0132419823258
2,1,16,614,3.63850667798,3.28806554236,0.000286043504194,-0.00195331658959
3,1,32,614,3.63822063448,3.29001885895,0,0
4,2,4,614,2.76541979381,3.14890469136,-0.872800840666,-0.141114167586
5,2,8,614,2.76961360989,3.11900653307,-0.868607024592,-0.171012325875
6,2,16,614,2.77545970184,3.14653724752,-0.862760932635,-0.143481611429
7,2,32,614,2.78308177803,3.17156662772,-0.855138856445,-0.118452231224
8,3,4,614,2.58906236478,3.10542992506,-1.0491582697,-0.184588933885
9,3,8,614,2.5926721077,3.12220588071,-1.04554852678,-0.167812978235
10,3,16,614,2.59966440821,3.16414796401,-1.03855622627,-0.125870894938
11,3,32,614,2.60764161117,3.14174760171,-1.03057902331,-0.148271257232
0,1,4,615,4.06371579985,3.422915649,0.0148675268376,0.00744179590899
1,1,8,615,4.06107007969,3.4534831746,0.0122218066769,0.0380093215058
2,1,16,615,4.05638428132,3.41714283869,0.00753600830643,0.00166898559748
3,1,32,615,4.04884827302,3.41547385309,0,0
4,2,4,615,3.64650766351,3.61018752205,-0.402340609504,0.194713668957
5,2,8,615,3.63444005446,3.58204904056,-0.414408218558,0.166575187461
6,2,16,615,3.61840294989,3.55078518105,-0.430445323131,0.13531132796
7,2,32,615,3.600068902,3.47719888203,-0.448779371019,0.0617250289367
8,3,4,615,3.5193662391,3.57745399343,-0.529482033919,0.161980140334
9,3,8,615,3.47022143371,3.4931882575,-0.578626839312,0.0777144044026
10,3,16,615,3.45534643917,3.44897880152,-0.593501833845,0.0335049484295
11,3,32,615,3.56120436198,3.40228850247,-0.487643911036,-0.0131853506267
0,1,4,616,4.45165068671,3.50128541493,0.0179987112233,-0.00593235989199
1,1,8,616,4.44854838649,3.54541642293,0.0148964110063,0.038198648105
2,1,16,616,4.44293555276,3.50417795535,0.00928357727254,-0.00303981946882
3,1,32,616,4.43365197548,3.50721777482,0,0
4,2,4,616,4.17490391328,3.73987475213,-0.258748062202,0.232656977305
5,2,8,616,4.15728896264,3.7190813573,-0.276363012847,0.211863582477
6,2,16,616,4.1325562122,3.68243737181,-0.301095763288,0.175219596985
7,2,32,616,4.10292175355,3.58652095787,-0.330730221936,0.0793031830483
8,3,4,616,3.98959390707,3.72536251159,-0.444058068415,0.21814473677
9,3,8,616,3.92491943565,3.6183247604,-0.508732539832,0.111106985577
10,3,16,616,3.90416019341,3.55994915628,-0.529491782074,0.0527313814608
11,3,32,616,4.09329021509,3.5026268365,-0.340361760396,-0.00459093832316
0,1,4,617,4.39610270059,3.42228177163,0.0183815069997,-0.00562834177524
1,1,8,617,4.3928416787,3.4602264879,0.0151204851102,0.0323163744858
2,1,16,617,4.3870517308,3.4189212104,0.00933053720456,-0.00898890301129
3,1,32,617,4.37772119359,3.42791011341,0,0
4,2,4,617,4.08834945043,3.61399134887,-0.289371743164,0.186081235459
5,2,8,617,4.07029068717,3.60977963847,-0.307430506419,0.181869525056
6,2,16,617,4.04543005124,3.57277337625,-0.33229114235,0.144863262842
7,2,32,617,4.01628469303,3.48801964004,-0.36143650056,0.0601095266253
8,3,4,617,3.92404252804,3.63083476892,-0.45367866555,0.202924655509
9,3,8,617,3.86297733939,3.51811784884,-0.514743854198,0.0902077354337
10,3,16,617,3.84385834107,3.48309957048,-0.533862852524,0.0551894570709
11,3,32,617,4.01625078395,3.40901666649,-0.361470409639,-0.0188934469208
0,1,4,618,3.85379712068,3.2094578119,0.0019783156291,-0.0345610175455
1,1,8,618,3.85327019056,3.2355887692,0.00145138550005,-0.00843006023873
2,1,16,618,3.85254043915,3.2365507651,0.00072163409276,-0.00746806433964
3,1,32,618,3.85181880505,3.24401882944,0,0
4,2,4,618,3.10260638327,3.12051269403,-0.749212421785,-0.123506135412
5,2,8,618,3.09931454639,3.09032321983,-0.752504258666,-0.153695609613
6,2,16,618,3.0977211871,3.115248051,-0.754097617955,-0.128770778443
7,2,32,618,3.09928869284,3.13472561478,-0.752530112212,-0.109293214665
8,3,4,618,2.93264993487,3.10155106645,-0.919168870189,-0.142467762996
9,3,8,618,2.93163322101,3.09439812769,-0.920185584043,-0.149620701755
10,3,16,618,2.93656038191,3.14593513785,-0.915258423145,-0.0980836915975
11,3,32,618,3.07390970262,3.10912898913,-0.777909102432,-0.134889840313
0,1,4,619,4.09842242527,3.31689157867,0.00773502149311,-0.0282423409531
1,1,8,619,4.09701142685,3.35365652208,0.00632402307009,0.00852260245406
2,1,16,619,4.09455295212,3.33190227655,0.00386554834269,-0.0132316430681
3,1,32,619,4.09068740378,3.34513391962,0,0
4,2,4,619,3.48532733555,3.35399207727,-0.605360068228,0.00885815765091
5,2,8,619,3.47691966856,3.34037651967,-0.613767735219,-0.00475739995082
6,2,16,619,3.46616079044,3.3282315934,-0.624526613337,-0.0169023262195
7,2,32,619,3.45490247338,3.30928933042,-0.635784930396,-0.0358445892009
8,3,4,619,3.3196835241,3.33591153477,-0.771003879685,-0.00922238485219
9,3,8,619,3.29271352246,3.28652744104,-0.797973881321,-0.0586064785846
10,3,16,619,3.28650356289,3.28722998,-0.804183840892,-0.057903939621
11,3,32,619,3.4120040588,3.24930846442,-0.67868334498,-0.0958254552002
0,1,4,620,4.10253764161,3.37084740114,0.0169630912811,-0.00256264901635
1,1,8,620,4.09941799897,3.40972923665,0.0138434486426,0.0363191864929
2,1,16,620,4.09400793793,3.37265683118,0.00843338760686,-0.00075321896949
3,1,32,620,4.08557455033,3.37341005015,0,0
4,2,4,620,3.6107124238,3.49667352748,-0.47486212653,0.123263477329
5,2,8,620,3.59945904286,3.49080926165,-0.486115507472,0.117399211494
6,2,16,620,3.58346514938,3.46471236373,-0.502109400951,0.0913023135716
7,2,32,620,3.56418248029,3.40577454638,-0.521392070037,0.0323644962212
8,3,4,620,3.45524404268,3.50646727596,-0.63033050765,0.133057225806
9,3,8,620,3.40999748517,3.42187515186,-0.675577065157,0.0484651017018
10,3,16,620,3.39677658162,3.40399995256,-0.688797968705,0.0305899024025
11,3,32,620,3.49324364049,3.34168300215,-0.592330909835,-0.0317270480026
0,1,4,621,3.58303479062,3.34078927809,-0.00239516474411,-0.0184813370256
1,1,8,621,3.58346555682,3.36739377526,-0.00196439854595,0.0081231601462
2,1,16,621,3.58422332153,3.34451496334,-0.00120663383012,-0.0147556517719
3,1,32,621,3.58542995536,3.35927061511,0,0
4,2,4,621,2.81617868963,3.2254463529,-0.769251265729,-0.133824262211
5,2,8,621,2.82261677951,3.19382195972,-0.76281317585,-0.165448655396
6,2,16,621,2.83110481612,3.22263370409,-0.754325139248,-0.136636911027
7,2,32,621,2.84102593931,3.25772647941,-0.744404016048,-0.101544135704
8,3,4,621,2.84466654777,3.14518749909,-0.740763407593,-0.214083116021
9,3,8,621,2.85030370905,3.15846066983,-0.735126246308,-0.20080994528
10,3,16,621,2.85939096163,3.21080882245,-0.726038993738,-0.148461792659
11,3,32,621,2.86648995262,3.2157821418,-0.718940002748,-0.143488473315
0,1,4,622,4.09279540403,3.14582195978,-0.00107563034808,-0.0360543984052
1,1,8,622,4.0929194179,3.17351775551,-0.000951616477756,-0.00835860267701
2,1,16,622,4.09321933813,3.16951262364,-0.000651696257336,-0.0123637345435
3,1,32,622,4.09387103438,3.18187635818,0,0
4,2,4,622,3.29742860192,3.02698024138,-0.796442432458,-0.154896116799
5,2,8,622,3.29627705559,3.01035208558,-0.797593978793,-0.171524272602
6,2,16,622,3.2951681991,3.04442161185,-0.798702835279,-0.137454746332
7,2,32,622,3.29521712249,3.05707513553,-0.798653911895,-0.124801222654
8,3,4,622,3.11880202472,2.9871840008,-0.97506900966,-0.194692357383
9,3,8,622,3.12029134343,2.9871639903,-0.973579690948,-0.194712367882
10,3,16,622,3.12544773056,3.03558997183,-0.968423303827,-0.146286386348
11,3,32,622,3.26745911076,3.0327800069,-0.826411923621,-0.14909635128
0,1,4,623,3.76131249647,3.20095570682,0.0101541402881,-0.000998144861925
1,1,8,623,3.75933898665,3.22034825004,0.00818063046799,0.0183943983603
2,1,16,623,3.75603744541,3.19535396971,0.00487908923063,-0.00659988197615
3,1,32,623,3.75115835618,3.20195385168,0,0
4,2,4,623,3.07904075604,3.21902058888,-0.672117600138,0.0170667371931
5,2,8,623,3.07470482897,3.22102161811,-0.676453527205,0.0190677664229
6,2,16,623,3.06871179011,3.20677721991,-0.682446566069,0.00482336822473
7,2,32,623,3.06218703798,3.18033253891,-0.688971318202,-0.02162131277
8,3,4,623,2.99059354099,3.21473357842,-0.760564815189,0.0127797267327
9,3,8,623,2.96709492431,3.16015209959,-0.784063431871,-0.0418017520941
10,3,16,623,2.96236358343,3.17339932962,-0.788794772746,-0.0285545220692
11,3,32,623,2.95422068505,3.12653082883,-0.796937671129,-0.0754230228552
0,1,4,624,3.88473106435,3.09364980225,-0.000195941020404,-0.0122907208402
1,1,8,624,3.88461381717,3.09735263991,-0.000313188199596,-0.00858788317157
2,1,16,624,3.88458560489,3.09244563008,-0.000341400478744,-0.0134948930091
3,1,32,624,3.88492700537,3.10594052309,0,0
4,2,4,624,3.16804162526,3.02411390746,-0.716885380111,-0.0818266156235
5,2,8,624,3.16228355146,2.99964915677,-0.722643453914,-0.106291366317
6,2,16,624,3.15845046522,3.01411381902,-0.726476540147,-0.0918267040603
7,2,32,624,3.15888127454,3.01650603481,-0.726045730836,-0.0894344882797
8,3,4,624,3.04861082415,2.98919535337,-0.836316181225,-0.116745169717
9,3,8,624,3.04526908767,2.96692072036,-0.839657917705,-0.139019802724
10,3,16,624,3.04822327923,3.00660245093,-0.836703726139,-0.0993380721587
11,3,32,624,3.18375600536,2.98309497952,-0.701171000014,-0.12284554356
0,1,4,625,3.84232295838,3.00698486855,0.00128450614279,-0.0237382043623
1,1,8,625,3.84191875771,3.0236061065,0.000880305480558,-0.00711696640914
2,1,16,625,3.841410501,3.01997466187,0.000372048770472,-0.0107484110425
3,1,32,625,3.84103845223,3.03072307291,0,0
4,2,4,625,2.92281310305,2.8857820795,-0.918225349186,-0.144940993414
5,2,8,625,2.92418613534,2.89406598302,-0.916852316894,-0.136657089896
6,2,16,625,2.92556727374,2.91077622011,-0.915471178495,-0.119946852799
7,2,32,625,2.92794625258,2.91801375615,-0.913092199654,-0.112709316764
8,3,4,625,2.76280197833,2.86453751472,-1.07823647391,-0.16618555819
9,3,8,625,2.76460961585,2.85535514637,-1.07642883638,-0.175367926544
10,3,16,625,2.76877013833,2.89983877014,-1.0722683139,-0.130884302776
11,3,32,625,2.77323393916,2.88934412338,-1.06780451308,-0.141378949533
0,1,4,626,3.70891172379,3.12650241276,0.0136576056998,0.00719821954896
1,1,8,626,3.70615970701,3.14374740006,0.0109055889254,0.0244432068466
2,1,16,626,3.70165863664,3.11848683695,0.00640451855019,-0.000817356270502
3,1,32,626,3.69525411809,3.11930419322,0,0
4,2,4,626,2.97794074304,3.1377938977,-0.717313375048,0.0184897044802
5,2,8,626,2.97199888805,3.14848941598,-0.72325523004,0.0291852227641
6,2,16,626,2.96462555571,3.12916739076,-0.730628562374,0.00986319754537
7,2,32,626,2.95723919803,3.10207511509,-0.73801492006,-0.0172290781288
8,3,4,626,2.85409355714,3.16597055901,-0.841160560943,0.0466663657978
9,3,8,626,2.83073482473,3.10176472062,-0.86451929336,-0.0175394725971
10,3,16,626,2.82525739962,3.12157415479,-0.869996718466,0.00226996157544
11,3,32,626,2.81677955395,3.05739444183,-0.878474564134,-0.0619097513903
0,1,4,627,3.90909721444,3.05340239165,0.00236730391309,-0.00765012727678
1,1,8,627,3.90845246435,3.06338583945,0.00172255382212,0.00233332052886
2,1,16,627,3.90757356187,3.06256277739,0.0008436513475,0.00151025846839
3,1,32,627,3.90672991053,3.06105251892,0,0
4,2,4,627,3.11305126373,2.99105735678,-0.793678646798,-0.069995162147
5,2,8,627,3.10895253603,2.96456749618,-0.797777374495,-0.096485022739
6,2,16,627,3.10632468164,2.98615360359,-0.800405228887,-0.0748989153314
7,2,32,627,3.10694708747,2.97744737685,-0.799782823054,-0.0836051420759
8,3,4,627,2.91614347415,2.95736098533,-0.990586436381,-0.103691533593
9,3,8,627,2.91414136223,2.94196716862,-0.9925885483,-0.119085350299
10,3,16,627,2.91658329353,2.97368504719,-0.990146616995,-0.0873674717287
11,3,32,627,3.04681866765,2.95799845393,-0.859911242878,-0.103054064997
0,1,4,628,4.02779091509,3.24069998021,0.00137795003965,-0.0357856569047
1,1,8,628,4.02745076816,3.2810952021,0.00103780310436,0.00460956499145
2,1,16,628,4.02695769089,3.28163122335,0.000544725839251,0.00514558624405
3,1,32,628,4.02641296505,3.27648563711,0,0
4,2,4,628,3.24471403083,3.10056032251,-0.781698934226,-0.175925314605
5,2,8,628,3.24851209975,3.06853408605,-0.777900865303,-0.207951551059
6,2,16,628,3.25222127054,3.13356842542,-0.774191694516,-0.142917211692
7,2,32,628,3.2552132831,3.14365350765,-0.771199681956,-0.132832129465
8,3,4,628,3.05341782678,3.05992643823,-0.972995138276,-0.21655919888
9,3,8,628,3.05924624995,3.08004651789,-0.967166715106,-0.19643911922
10,3,16,628,3.06793459283,3.14746184895,-0.958478372218,-0.129023788161
11,3,32,628,3.20356908372,3.14223918681,-0.822843881337,-0.134246450304
0,1,4,629,3.73351541196,3.16811118551,0.00270124579453,-0.0358231362138
1,1,8,629,3.73286275088,3.20315437579,0.00204858471252,-0.000779945930795
2,1,16,629,3.73190772084,3.20100991592,0.00109355466953,-0.00292440579523
3,1,32,629,3.73081416617,3.20393432172,0,0
4,2,4,629,2.82059143111,3.04207866694,-0.910222735056,-0.16185565478
5,2,8,629,2.82507256826,3.03286520743,-0.905741597903,-0.171069114284
6,2,16,629,2.83005430148,3.06146355614,-0.900759864685,-0.142470765579
7,2,32,629,2.83542478421,3.08423558827,-0.895389381957,-0.119698733446
8,3,4,629,2.65611443052,3.01786439507,-1.07469973564,-0.186069926652
9,3,8,629,2.66049902262,3.02592700434,-1.07031514355,-0.178007317383
10,3,16,629,2.66714924286,3.07868286116,-1.0636649233,-0.125251460557
11,3,32,629,2.67323977229,3.06126872145,-1.05757439388,-0.142665600273
0,1,4,630,3.98178523186,3.51433467223,0.0154037493191,-0.0229359266343
1,1,8,630,3.9791141668,3.57177648841,0.0127326842638,0.0345058895477
2,1,16,630,3.97429966403,3.53553542035,0.00791818149178,-0.00173517850649
3,1,32,630,3.96638148254,3.53727059886,0,0
4,2,4,630,3.44591805195,3.62673977851,-0.520463430588,0.0894691796515
5,2,8,630,3.44312829829,3.62203271254,-0.523253184241,0.0847621136769
6,2,16,630,3.43446888787,3.60532684546,-0.531912594663,0.0680562465945
7,2,32,630,3.41946974393,3.55638527998,-0.546911738606,0.0191146811161
8,3,4,630,3.33427716351,3.60678890279,-0.632104319029,0.0695183039319
9,3,8,630,3.2912428749,3.54703664703,-0.675138607639,0.00976604817428
10,3,16,630,3.28058272222,3.52771678526,-0.685798760321,-0.00955381360459
11,3,32,630,3.26224238726,3.48284890745,-0.704139095273,-0.0544216914144
0,1,4,631,4.007236093,3.42635541167,0.0171052781941,-0.00283694632637
1,1,8,631,4.00427625646,3.46211067106,0.0141454416552,0.0329183130698
2,1,16,631,3.99893743185,3.43160716895,0.00880661704273,0.0024148109546
3,1,32,631,3.99013081481,3.42919235799,0,0
4,2,4,631,3.56781743324,3.64292533244,-0.422313381573,0.213732974446
5,2,8,631,3.5593548402,3.63347454205,-0.430775974605,0.204282184058
6,2,16,631,3.54466842208,3.59556329172,-0.445462392732,0.166370933724
7,2,32,631,3.52460738001,3.50312320502,-0.465523434799,0.0739308470252
8,3,4,631,3.43653533004,3.61305784331,-0.55359548477,0.183865485315
9,3,8,631,3.37978904857,3.52492202173,-0.610341766241,0.095729663733
10,3,16,631,3.36239820532,3.46735662163,-0.627732609484,0.0381642636381
11,3,32,631,3.33992217051,3.41671489814,-0.6502086443,-0.0124774598574
0,1,4,632,4.32285894384,3.22389646273,-0.00115735536908,-0.0458129561858
1,1,8,632,4.32300798492,3.25676818869,-0.00100831428926,-0.012941230222
2,1,16,632,4.32333626031,3.24849649172,-0.000680038901612,-0.0212129271959
3,1,32,632,4.32401629921,3.26970941891,0,0
4,2,4,632,3.67135881395,3.08031263953,-0.652657485266,-0.189396779386
5,2,8,632,3.66522614954,3.05897881617,-0.658790149676,-0.210730602744
6,2,16,632,3.6588753907,3.10402764088,-0.66514090851,-0.165681778029
7,2,32,632,3.65407573437,3.12661302513,-0.669940564839,-0.143096393786
8,3,4,632,3.50052242466,3.06564207521,-0.82349387455,-0.204067343703
9,3,8,632,3.49985210037,3.05691590542,-0.824164198839,-0.212793513494
10,3,16,632,3.5056726549,3.13039252404,-0.818343644312,-0.139316894878
11,3,32,632,3.77747365696,3.10759936694,-0.546542642253,-0.162110051969
0,1,4,633,3.81328815,3.49199901517,0.0150416000483,-0.00596063220158
1,1,8,633,3.81066227646,3.52897077417,0.0124157265039,0.0310111268004
2,1,16,633,3.80595264741,3.49154699515,0.00770609745464,-0.00641265222153
3,1,32,633,3.79824654995,3.49795964737,0,0
4,2,4,633,3.34675988554,3.68258568368,-0.451486664414,0.184626036312
5,2,8,633,3.33847968113,3.66618198998,-0.459766868825,0.168222342608
6,2,16,633,3.32613317482,3.61828450384,-0.472113375127,0.120324856473
7,2,32,633,3.3108318611,3.56011475125,-0.487414688856,0.0621551038818
8,3,4,633,3.27749042237,3.65071219612,-0.520756127586,0.152752548745
9,3,8,633,3.22705786359,3.56876337564,-0.571188686366,0.0708037282666
10,3,16,633,3.21243261304,3.52100069923,-0.585813936912,0.0230410518591
11,3,32,633,3.19355893055,3.46540676101,-0.604687619404,-0.0325528863634
0,1,4,634,4.09063863217,3.50693200426,0.0216428586117,-0.00118831753664
1,1,8,634,4.08690550691,3.54806623826,0.0179097333505,0.0399459164641
2,1,16,634,4.0801547302,3.50318749904,0.0111589566363,-0.00493282275135
3,1,32,634,4.06899577356,3.5081203218,0,0
4,2,4,634,3.77565067476,3.76728670838,-0.293345098804,0.259166386586
5,2,8,634,3.76385219294,3.77380350922,-0.305143580623,0.265683187423
6,2,16,634,3.74360788879,3.71911530863,-0.325387884768,0.210994986833
7,2,32,634,3.71592694553,3.61317297454,-0.353068828036,0.105052652746
8,3,4,634,3.68599832397,3.76499428305,-0.382997449595,0.256873961257
9,3,8,634,3.61470297921,3.64731747595,-0.454292794355,0.13919715415
10,3,16,634,3.59241894226,3.58444450781,-0.476576831298,0.0763241860132
11,3,32,634,3.56007902162,3.51052851601,-0.508916751937,0.00240819421232
0,1,4,635,4.64069193913,3.09424535899,0.000382981635752,-0.0335747698936
1,1,8,635,4.64048458668,3.12173693047,0.000175629177812,-0.00608319841588
2,1,16,635,4.64027766162,3.10760387431,-3.12958774247e-05,-0.020216254575
3,1,32,635,4.6403089575,3.12782012889,0,0
4,2,4,635,3.99564178085,2.95309494306,-0.644667176645,-0.174725185825
5,2,8,635,3.98363909873,2.94222728659,-0.656669858768,-0.185592842293
6,2,16,635,3.97037697998,2.98473293563,-0.669931977516,-0.143087193258
7,2,32,635,3.95876934561,2.99102580169,-0.681539611887,-0.136794327198
8,3,4,635,3.75076515391,2.95908133293,-0.889543803593,-0.168738795952
9,3,8,635,3.74673619612,2.93164759755,-0.893572761376,-0.196172531337
10,3,16,635,3.74924198326,3.00071603513,-0.891066974241,-0.127104093752
11,3,32,635,4.12657233216,2.98189359878,-0.513736625336,-0.145926530101
0,1,4,636,3.96255033754,3.20454264436,0.0100006439087,0.0138045257296
1,1,8,636,3.96060518912,3.21756587618,0.00805549549063,0.0268277575413
2,1,16,636,3.95735433651,3.18803539761,0.00480464288171,-0.00270272102658
3,1,32,636,3.95254969363,3.19073811864,0,0
4,2,4,636,3.36809529244,3.29168050623,-0.58445440119,0.100942387596
5,2,8,636,3.35670916784,3.27112255174,-0.595840525791,0.080384433104
6,2,16,636,3.34426951485,3.24645177027,-0.608280178778,0.0557136516338
7,2,32,636,3.33327841847,3.20305501574,-0.619271275164,0.0123168971032
8,3,4,636,3.23115398336,3.26759258288,-0.721395710269,0.0768544642466
9,3,8,636,3.20118761915,3.19899518855,-0.751362074486,0.00825706991063
10,3,16,636,3.19220219636,3.18262866253,-0.76034749727,-0.00810945610369
11,3,32,636,3.31675136634,3.14622798347,-0.63579832729,-0.0445101351637
0,1,4,637,4.30522138347,3.21276723725,0.00686228242699,-0.0150468678102
1,1,8,637,4.30392067499,3.23494183961,0.00556157394383,0.00712773455102
2,1,16,637,4.30170905797,3.215270389,0.00334995692266,-0.0125437160602
3,1,32,637,4.29835910104,3.22781410506,0,0
4,2,4,637,3.77217612461,3.22398392055,-0.526182976436,-0.00383018450406
5,2,8,637,3.76004230927,3.20955039468,-0.538316791775,-0.0182637103746
6,2,16,637,3.74557513596,3.21505643575,-0.55278396508,-0.0127576693076
7,2,32,637,3.73131653037,3.18200397445,-0.567042570676,-0.0458101306127
8,3,4,637,3.59712299225,3.21786019585,-0.701236108793,-0.00995390921254
9,3,8,637,3.57160068088,3.16052442517,-0.726758420162,-0.0672896798835
10,3,16,637,3.56609121472,3.17995775799,-0.73226788632,-0.0478563470715
11,3,32,637,3.78623969128,3.13971854569,-0.512119409765,-0.0880955593657
0,1,4,638,3.83415542883,3.23602672946,0.0098246555955,-0.00933219053036
1,1,8,638,3.83227630849,3.26586093879,0.00794553525932,0.0205020187941
2,1,16,638,3.82909910341,3.24531957236,0.0047683301755,-3.93476395217e-05
3,1,32,638,3.82433077323,3.24535891999,0,0
4,2,4,638,3.13666950573,3.21597409984,-0.6876612675,-0.0293848201561
5,2,8,638,3.13637975494,3.21535231701,-0.68795101829,-0.0300066029878
6,2,16,638,3.13367502001,3.22647901895,-0.690655753226,-0.0188799010425
7,2,32,638,3.12850769955,3.20074737669,-0.695823073679,-0.044611543304
8,3,4,638,3.02832763279,3.2070826698,-0.796003140442,-0.0382762501979
9,3,8,638,3.00972277554,3.17088731049,-0.814607997697,-0.0744716095065
10,3,16,638,3.0080084336,3.20009084515,-0.81632233963,-0.0452680748461
11,3,32,638,3.00105503918,3.16227353064,-0.823275734055,-0.0830853893575
0,1,4,639,4.11317400827,3.29048848213,-0.000519914955735,-0.0518002859245
1,1,8,639,4.11324377037,3.33715727274,-0.000450152857867,-0.00513149531929
2,1,16,639,4.11339068381,3.32929138873,-0.000303239419526,-0.0129973793306
3,1,32,639,4.11369392323,3.34228876806,0,0
4,2,4,639,3.36472198747,3.10281681097,-0.748971935765,-0.23947195709
5,2,8,639,3.36839793101,3.08724625769,-0.745295992216,-0.255042510366
6,2,16,639,3.37121560849,3.15109017542,-0.742478314742,-0.191198592643
7,2,32,639,3.37262812329,3.18248351284,-0.741065799944,-0.159805255222
8,3,4,639,3.23228896699,3.07730036432,-0.88140495624,-0.264988403739
9,3,8,639,3.23873020112,3.0946600064,-0.874963722108,-0.247628761664
10,3,16,639,3.2488655683,3.18301694285,-0.864828354931,-0.159271825211
11,3,32,639,3.39118674598,3.17136895398,-0.722507177249,-0.170919814083
0,1,4,640,3.76555060982,3.25169730553,0.00216084027392,-0.0397726092265
1,1,8,640,3.7650490253,3.29389000775,0.0016592557533,0.0024200929909
2,1,16,640,3.76429398398,3.28485722538,0.000904214434906,-0.00661268937557
3,1,32,640,3.76338976954,3.29146991475,0,0
4,2,4,640,2.91656519182,3.06744084045,-0.846824577724,-0.224029074306
5,2,8,640,2.92459698947,3.06229685679,-0.838792780076,-0.229173057969
6,2,16,640,2.93236393867,3.1149329447,-0.831025830876,-0.176536970053
7,2,32,640,2.93855110931,3.14749811577,-0.824838660237,-0.143971798981
8,3,4,640,2.82481186776,3.04929184105,-0.93857790178,-0.242178073702
9,3,8,640,2.83291767988,3.06674157341,-0.930472089664,-0.22472834134
10,3,16,640,2.84349873575,3.15306034813,-0.919891033797,-0.138409566625
11,3,32,640,2.84763791239,3.13354609019,-0.915751857156,-0.157923824568
0,1,4,641,4.02713288658,3.172632631,0.0106833281399,-0.00680666716021
1,1,8,641,4.02502888894,3.19516826476,0.00857933050075,0.0157289666056
2,1,16,641,4.02153879321,3.1702246616,0.00508923477,-0.00921463656108
3,1,32,641,4.01644955844,3.17943929816,0,0
4,2,4,641,3.37117180877,3.20932921532,-0.645277749673,0.0298899171576
5,2,8,641,3.36024593294,3.20898839587,-0.6562036255,0.0295490977061
6,2,16,641,3.34739229124,3.18648374496,-0.669057267198,0.00704444679879
7,2,32,641,3.33512397265,3.15843993257,-0.681325585795,-0.0209993655873
8,3,4,641,3.19721398279,3.22001485298,-0.81923557565,0.040575554823
9,3,8,641,3.16971219361,3.15296203182,-0.846737364831,-0.0264772663417
10,3,16,641,3.16195009903,3.15649571867,-0.85449945941,-0.0229435794941
11,3,32,641,3.27515759201,3.10532992904,-0.741291966435,-0.0741093691206
0,1,4,642,4.2569875582,3.24765085968,0.00728768660784,-0.0109683518381
1,1,8,642,4.25560517151,3.26767517004,0.00590529991805,0.00905595852241
2,1,16,642,4.25325579693,3.24453045491,0.00355592533527,-0.0140887566096
3,1,32,642,4.2496998716,3.25861921152,0,0
4,2,4,642,3.76126684578,3.2859042473,-0.488433025815,0.0272850357799
5,2,8,642,3.747127213,3.26505494351,-0.502572658598,0.00643573199162
6,2,16,642,3.73121916776,3.26029780045,-0.518480703833,0.00167858893274
7,2,32,642,3.71650336423,3.22817504839,-0.533196507368,-0.0304441631342
8,3,4,642,3.60354047463,3.27769216612,-0.646159396969,0.0190729545942
9,3,8,642,3.57499917336,3.21307767551,-0.674700698231,-0.0455415360159
10,3,16,642,3.56818869444,3.22436524715,-0.681511177155,-0.0342539643679
11,3,32,642,3.80203366542,3.17841653497,-0.447666206176,-0.0802026765529
0,1,4,643,3.93103409328,3.22081342832,0.00830999779984,-0.0183503104723
1,1,8,643,3.92948276991,3.25459997829,0.00675867443814,0.015436239504
2,1,16,643,3.92682000216,3.23720834429,0.00409590668738,-0.00195539449782
3,1,32,643,3.92272409548,3.23916373879,0,0
4,2,4,643,3.19623341522,3.20080629982,-0.726490680258,-0.0383574389696
5,2,8,643,3.19652581273,3.20288919659,-0.726198282748,-0.036274542195
6,2,16,643,3.1938170886,3.21353392438,-0.728907006872,-0.025629814408
7,2,32,643,3.18809780601,3.18687149472,-0.734626289468,-0.0522922440667
8,3,4,643,3.05439006437,3.18057593381,-0.868334031109,-0.058587804981
9,3,8,643,3.03617932558,3.14985897254,-0.886544769892,-0.0893047662451
10,3,16,643,3.03400583378,3.16985261639,-0.888718261697,-0.0693111224017
11,3,32,643,3.02783392769,3.14543211019,-0.894890167784,-0.0937316286005
0,1,4,644,3.72651454931,3.34246326094,0.0151793367057,0.00576898035261
1,1,8,644,3.72371611725,3.36639603907,0.0123809046378,0.0297017584793
2,1,16,644,3.71887415921,3.348184215,0.00753894660761,0.0114899344141
3,1,32,644,3.71133521261,3.33669428059,0,0
4,2,4,644,3.18269174681,3.50642162939,-0.528643465793,0.169727348804
5,2,8,644,3.17577790419,3.47934872716,-0.535557308414,0.142654446574
6,2,16,644,3.16636070298,3.45343078339,-0.544974509626,0.116736502804
7,2,32,644,3.15544635819,3.38467386127,-0.555888854415,0.0479795806748
8,3,4,644,3.04380617056,3.47901132943,-0.667529042045,0.142317048837
9,3,8,644,3.00269654264,3.41100504784,-0.708638669966,0.0743107672527
10,3,16,644,2.991171422,3.37594019927,-0.720163790607,0.0392459186797
11,3,32,644,2.97838378051,3.31937606753,-0.732951432101,-0.0173182130604
0,1,4,645,3.91043656601,3.21598681271,0.00115984989803,-0.0165290088575
1,1,8,645,3.91007317987,3.23974431977,0.000796463762458,0.00722849820175
2,1,16,645,3.90961263581,3.22163047753,0.000335919704317,-0.0108853440328
3,1,32,645,3.90927671611,3.23251582156,0,0
4,2,4,645,3.16243130956,3.13574334152,-0.746845406553,-0.0967724800403
5,2,8,645,3.15832064774,3.10569786096,-0.750956068365,-0.126817960603
6,2,16,645,3.15593747144,3.12148548371,-0.753339244671,-0.111030337851
7,2,32,645,3.15685907915,3.14185913928,-0.752417636959,-0.0906566822826
8,3,4,645,3.038612374,3.09769220538,-0.87066434211,-0.134823616188
9,3,8,645,3.03716821271,3.08433568573,-0.872108503402,-0.148180135835
10,3,16,645,3.04087706413,3.12442379647,-0.868399651977,-0.108092025099
11,3,32,645,3.20630178099,3.10952856426,-0.702974935123,-0.122987257301
0,1,4,646,4.10860578561,3.25579747209,0.00224626777776,-0.0364570173162
1,1,8,646,4.10808197434,3.30480243476,0.00172245650833,0.0125479453478
2,1,16,646,4.10729607823,3.28720638837,0.000936560393542,-0.00504810104073
3,1,32,646,4.10635951784,3.29225448941,0,0
4,2,4,646,3.29037138052,3.09418697165,-0.815988137319,-0.198067517756
5,2,8,646,3.29267096996,3.07885345509,-0.813688547872,-0.213401034323
6,2,16,646,3.2942567998,3.12918325503,-0.812102718041,-0.163071234377
7,2,32,646,3.29478150609,3.15697785096,-0.811578011747,-0.135276638446
8,3,4,646,3.11813133045,3.07076980516,-0.988228187383,-0.221484684248
9,3,8,646,3.12329188183,3.08090326334,-0.98306763601,-0.211351226066
10,3,16,646,3.13091183059,3.15109362978,-0.975447687246,-0.141160859628
11,3,32,646,3.28833924373,3.14719543717,-0.818020274104,-0.14505905224
0,1,4,647,3.98285598127,3.24510124873,0.00996832944893,-0.00940191560656
1,1,8,647,3.98092831723,3.27409051637,0.00804066541047,0.019587352033
2,1,16,647,3.97769345558,3.26111196234,0.00480580376308,0.00660879799881
3,1,32,647,3.97288765182,3.25450316434,0,0
4,2,4,647,3.3349026449,3.28262295567,-0.637985006915,0.0281197913264
5,2,8,647,3.32858411221,3.25768500172,-0.644303539608,0.0031818373764
6,2,16,647,3.3207357927,3.26298506982,-0.65215185912,0.00848190548391
7,2,32,647,3.3125668799,3.22721731243,-0.660320771917,-0.0272858519135
8,3,4,647,3.13500117755,3.26443030577,-0.837886474271,0.00992714142538
9,3,8,647,3.1122687951,3.22299221577,-0.86061885672,-0.0315109485753
10,3,16,647,3.10757843321,3.22868436814,-0.865309218609,-0.0258187961992
11,3,32,647,3.21837120888,3.19035990299,-0.754516442938,-0.0641432613461
0,1,4,648,3.90030000439,3.19841042253,0.013916401222,-0.00123747738175
1,1,8,648,3.89758807202,3.23883830411,0.0112044688451,0.0391904042056
2,1,16,648,3.89305719151,3.20496939512,0.00667358833568,0.00532149521756
3,1,32,648,3.88638360317,3.19964789991,0,0
4,2,4,648,3.10354620877,3.18331152508,-0.782837394402,-0.0163363748276
5,2,8,648,3.10277495463,3.1980446487,-0.783608648544,-0.00160325121113
6,2,16,648,3.09848767814,3.19613211772,-0.787895925035,-0.00351578218651
7,2,32,648,3.09051989047,3.16993330949,-0.795863712704,-0.0297145904186
8,3,4,648,2.94338537429,3.19348855881,-0.942998228876,-0.0061593410952
9,3,8,648,2.92273324964,3.1481943803,-0.963650353527,-0.0514535196115
10,3,16,648,2.91827031327,3.16627189485,-0.968113289899,-0.033376005061
11,3,32,648,2.91042525763,3.13345563063,-0.97595834554,-0.0661922692797
0,1,4,649,4.05074208888,3.10116767357,0.00133801196736,-0.0320985090708
1,1,8,649,4.05041241007,3.1436551656,0.00100833316009,0.0103889829527
2,1,16,649,4.04993445032,3.12961693202,0.000530373410591,-0.00364925062854
3,1,32,649,4.04940407691,3.13326618264,0,0
4,2,4,649,3.09837930276,2.88713523979,-0.951024774151,-0.24613094285
5,2,8,649,3.10842603634,2.90364227248,-0.940978040576,-0.229623910167
6,2,16,649,3.11598549459,2.9658615901,-0.933418582324,-0.167404592545
7,2,32,649,3.11935655841,2.98019255559,-0.930047518507,-0.153073627054
8,3,4,649,2.94916102627,2.85962048923,-1.10024305064,-0.273645693416
9,3,8,649,2.95972014156,2.880217453,-1.08968393535,-0.25304872965
10,3,16,649,2.96933690972,2.95978562171,-1.0800671672,-0.173480560931
11,3,32,649,2.9739418127,2.97702976239,-1.07546226422,-0.156236420252
0,1,4,650,4.10309174865,3.49341324494,0.0235830617959,0.0108621363875
1,1,8,650,4.09883408559,3.53528509907,0.0193253987402,0.0527339905219
2,1,16,650,4.09136207066,3.48505268855,0.0118533838081,0.00250157999676
3,1,32,650,4.07950868685,3.48255110855,0,0
4,2,4,650,3.75913578989,3.76662006678,-0.320372896956,0.284068958236
5,2,8,650,3.74194481662,3.75613650181,-0.337563870229,0.273585393257
6,2,16,650,3.7183320342,3.69194763274,-0.361176652651,0.209396524192
7,2,32,650,3.69040392017,3.59849315737,-0.389104766677,0.115942048819
8,3,4,650,3.60717726813,3.77808832536,-0.472331418725,0.295537216807
9,3,8,650,3.53840611032,3.65455080835,-0.54110257653,0.171999699798
10,3,16,650,3.51527766588,3.5864683792,-0.564231020969,0.10391727065
11,3,32,650,3.60037606326,3.50536381337,-0.479132623589,0.0228127048222
0,1,4,651,3.79768265754,3.44145348029,0.00764901518246,-0.0126939316722
1,1,8,651,3.79638268687,3.48375131746,0.00634904450692,0.0296039054977
2,1,16,651,3.7940098187,3.45709375574,0.00397617633908,0.00294634378246
3,1,32,651,3.79003364236,3.45414741196,0,0
4,2,4,651,3.15484145658,3.49387092291,-0.635192185785,0.039723510947
5,2,8,651,3.15668568084,3.46248721308,-0.63334796152,0.00833980112026
6,2,16,651,3.15637655956,3.46740995952,-0.6336570828,0.0132625475561
7,2,32,651,3.15318870149,3.44008198869,-0.636844940875,-0.014065423269
8,3,4,651,3.07382115947,3.42170595564,-0.716212482892,-0.0324414563218
9,3,8,651,3.05098027209,3.39916955734,-0.739053370268,-0.0549778546197
10,3,16,651,3.04781955331,3.39081719717,-0.742214089053,-0.0633302147923
11,3,32,651,3.042761487,3.38252189606,-0.747272155361,-0.0716255158994
0,1,4,652,3.62535425448,3.18326151277,0.00298940057533,-0.00919660986808
1,1,8,652,3.62463794524,3.20635501572,0.00227309133654,0.0138968930892
2,1,16,652,3.62358406912,3.20014478841,0.00121921521589,0.00768666577589
3,1,32,652,3.62236485391,3.19245812264,0,0
4,2,4,652,2.78547861732,3.07647379532,-0.836886236586,-0.115984327313
5,2,8,652,2.79113098475,3.04938652493,-0.831233869152,-0.143071597704
6,2,16,652,2.79819864645,3.09028922139,-0.824166207458,-0.102168901247
7,2,32,652,2.80600867747,3.0968473702,-0.816356176436,-0.095610752439
8,3,4,652,2.67955629938,3.03022563489,-0.942808554526,-0.162232487749
9,3,8,652,2.68459080964,3.03964787822,-0.937774044264,-0.152810244418
10,3,16,652,2.69221190404,3.09308054972,-0.930152949866,-0.0993775729161
11,3,32,652,2.69954925647,3.08284108123,-0.922815597441,-0.109617041402
0,1,4,653,3.84284311945,3.35991562729,0.0084262052944,-0.00950677003335
1,1,8,653,3.84135545619,3.39465379014,0.00693854203396,0.0252313928191
2,1,16,653,3.83870758657,3.35124106968,0.00429067241132,-0.0181813276416
3,1,32,653,3.83441691416,3.36942239732,0,0
4,2,4,653,3.18980741196,3.41230897725,-0.644609502198,0.042886579928
5,2,8,653,3.18615907297,3.41290063805,-0.648257841184,0.0434782407236
6,2,16,653,3.17978804099,3.3811308694,-0.654628873165,0.0117084720753
7,2,32,653,3.1715501627,3.36459116246,-0.662866751463,-0.00483123485879
8,3,4,653,3.15149002224,3.37437010278,-0.682926891919,0.00494770546231
9,3,8,653,3.12235205695,3.31940615785,-0.712064857207,-0.0500162394687
10,3,16,653,3.11524996187,3.30720429004,-0.719166952285,-0.0622181072785
11,3,32,653,3.10510107802,3.28412031453,-0.729315836134,-0.0853020827954
0,1,4,654,4.04434077344,3.19114907448,0.0130425958146,0.0159039959367
1,1,8,654,4.04177840793,3.21510008417,0.0104802302994,0.0398550056281
2,1,16,654,4.03752013497,3.17468316227,0.00622195733596,-0.000561916271376
3,1,32,654,4.03129817763,3.17524507854,0,0
4,2,4,654,3.39829811953,3.23886945455,-0.633000058103,0.0636243760027
5,2,8,654,3.38820391244,3.23586136703,-0.64309426519,0.0606162884825
6,2,16,654,3.37575991659,3.2166427987,-0.655538261042,0.0413977201546
7,2,32,654,3.36282617126,3.17853866385,-0.668472006367,0.00329358530986
8,3,4,654,3.24787087244,3.24209335389,-0.783427305193,0.0668482753424
9,3,8,654,3.21925946131,3.17122003422,-0.812038716319,-0.00402504432486
10,3,16,654,3.21066364931,3.17041856254,-0.820634528315,-0.0048265160028
11,3,32,654,3.33583537852,3.13191996436,-0.695462799111,-0.0433251141878
0,1,4,655,3.77864238329,3.36636347492,0.00704093970707,-0.0156567710246
1,1,8,655,3.77741341929,3.40061013727,0.00581197571409,0.0185898913292
2,1,16,655,3.77521091683,3.38480913898,0.00360947325526,0.00278889303916
3,1,32,655,3.77160144358,3.38202024594,0,0
4,2,4,655,3.11717501809,3.42122713973,-0.654426425485,0.0392068937828
5,2,8,655,3.1173932425,3.39042328301,-0.654208201078,0.00840303706274
6,2,16,655,3.11604872503,3.39246592911,-0.655552718549,0.0104456831665
7,2,32,655,3.1130908816,3.36227386997,-0.658510561976,-0.0197463759714
8,3,4,655,3.00343325239,3.35649041623,-0.768168191185,-0.0255298297137
9,3,8,655,2.98129678777,3.33182542555,-0.79030465581,-0.0501948203942
10,3,16,655,2.97793033462,3.32257169162,-0.793671108958,-0.0594485543266
11,3,32,655,2.97387583179,3.30631051943,-0.79772561179,-0.0757097265147
0,1,4,656,3.93713087472,3.21173835632,0.00724833655335,-0.0333778411651
1,1,8,656,3.93578814267,3.24651340474,0.00590560450315,0.00139720725131
2,1,16,656,3.93347335793,3.23630745575,0.0035908197602,-0.00880874173339
3,1,32,656,3.92988253817,3.24511619749,0,0
4,2,4,656,3.18154166916,3.20342675753,-0.748340869003,-0.0416894399557
5,2,8,656,3.17991480915,3.20802019455,-0.749967729013,-0.0370960029396
6,2,16,656,3.17551120338,3.2057484368,-0.754371334785,-0.0393677606927
7,2,32,656,3.16909639665,3.18627011638,-0.760786141517,-0.0588460811054
8,3,4,656,3.00882631298,3.18758494874,-0.921056225191,-0.0575312487494
9,3,8,656,2.9890490107,3.15436304875,-0.940833527464,-0.090753148733
10,3,16,656,2.98573979659,3.16566646893,-0.944142741582,-0.0794497285547
11,3,32,656,2.97956472783,3.13435326596,-0.95031781034,-0.110762931528
0,1,4,657,3.89168545116,3.38223027161,0.0171905049126,0.00868456418964
1,1,8,657,3.8885889479,3.41559610657,0.0140940016481,0.0420503991525
2,1,16,657,3.88314888495,3.36792057888,0.008653938697,-0.00562512854409
3,1,32,657,3.87449494625,3.37354570742,0,0
4,2,4,657,3.35972062902,3.57081921251,-0.514774317226,0.197273505089
5,2,8,657,3.3498970427,3.5727920403,-0.524597903552,0.199246332879
6,2,16,657,3.33519846722,3.51367039329,-0.539296479034,0.140124685872
7,2,32,657,3.31709484306,3.44781972784,-0.557400103184,0.0742740204226
8,3,4,657,3.26799552192,3.55495158847,-0.606499424328,0.181405881053
9,3,8,657,3.21603595699,3.45906706767,-0.658458989262,0.0855213602475
10,3,16,657,3.19898592947,3.40488567532,-0.675509016778,0.0313399678982
11,3,32,657,3.17896455068,3.3548747518,-0.695530395566,-0.0186709556213
0,1,4,658,3.68821615559,3.34502806053,0.00546911403418,-0.0116827019618
1,1,8,658,3.6872701146,3.36609570318,0.00452307304215,0.00938494069405
2,1,16,658,3.6855654287,3.36000766667,0.00281838714076,0.00329690418625
3,1,32,658,3.68274704156,3.35671076249,0,0
4,2,4,658,3.08409591049,3.40544246034,-0.598651131062,0.0487316978495
5,2,8,658,3.08357223317,3.36378061091,-0.599174808387,0.00706984842582
6,2,16,658,3.08266604973,3.37163221855,-0.600080991821,0.0149214560581
7,2,32,658,3.08165882195,3.33625298934,-0.601088219603,-0.020457773151
8,3,4,658,2.99599246784,3.33467492987,-0.686754573712,-0.0220358326175
9,3,8,658,2.97496546707,3.31081710414,-0.707781574489,-0.0458936583522
10,3,16,658,2.9728345133,3.30734913458,-0.709912528256,-0.0493616279115
11,3,32,658,2.9697858355,3.28267458823,-0.712961206058,-0.0740361742542
0,1,4,659,4.05415792957,3.45311540016,0.017795054959,0.00215272486137
1,1,8,659,4.05110321065,3.48978843182,0.0147403360347,0.0388257565204
2,1,16,659,4.04556261174,3.44690907841,0.00919973712369,-0.00405359688908
3,1,32,659,4.03636287461,3.4509626753,0,0
4,2,4,659,3.6577556951,3.66703361428,-0.378607179513,0.21607093898
5,2,8,659,3.64881377859,3.6676842354,-0.387549096021,0.216721560095
6,2,16,659,3.63276751898,3.62503708387,-0.403595355634,0.174074408569
7,2,32,659,3.61037544734,3.53234693866,-0.425987427279,0.0813842633552
8,3,4,659,3.57599023331,3.64304928664,-0.460372641304,0.192086611344
9,3,8,659,3.51582103744,3.54474040112,-0.520541837175,0.0937777258154
10,3,16,659,3.49745175095,3.49057060253,-0.538911123663,0.0396079272276
11,3,32,659,3.47153812908,3.43928236403,-0.564824745535,-0.0116803112751
0,1,4,660,4.20271378053,3.21963971734,5.58589589046e-05,-0.0264690140856
1,1,8,660,4.20259383837,3.24268906221,-6.4083196758e-05,-0.00341966921781
2,1,16,660,4.20250720035,3.23224447148,-0.000150721212922,-0.0138642599432
3,1,32,660,4.20265792157,3.24610873142,0,0
4,2,4,660,3.59164638097,3.10040974431,-0.611011540602,-0.145698987113
5,2,8,660,3.58496130339,3.06799632272,-0.617696618182,-0.178112408703
6,2,16,660,3.57900875387,3.11324250545,-0.623649167695,-0.132866225975
7,2,32,660,3.57553660479,3.12573251774,-0.627121316777,-0.120376213687
8,3,4,660,3.45123054381,3.07994392607,-0.751427377756,-0.166164805355
9,3,8,660,3.44964273802,3.06635854426,-0.753015183547,-0.179750187162
10,3,16,660,3.45519660907,3.1369074961,-0.747461312496,-0.109201235319
11,3,32,660,3.72512062653,3.11045198801,-0.477537295033,-0.135656743418
0,1,4,661,4.06823008681,3.44192191486,0.0153983316334,-0.000690597519707
1,1,8,661,4.0654769355,3.47736020459,0.0126451803257,0.0347476922142
2,1,16,661,4.06061449784,3.43970601813,0.00778274266314,-0.00290649424184
3,1,32,661,4.05283175518,3.44261251238,0,0
4,2,4,661,3.65113509655,3.60699696956,-0.401696658625,0.164384457188
5,2,8,661,3.63906777784,3.58649284895,-0.413763977339,0.143880336572
6,2,16,661,3.62275622094,3.55544176979,-0.430075534234,0.112829257416
7,2,32,661,3.60383051583,3.4918677818,-0.449001239346,0.0492552694233
8,3,4,661,3.53148343862,3.59148778026,-0.521348316559,0.148875267884
9,3,8,661,3.48274808072,3.50596119376,-0.570083674462,0.0633486813844
10,3,16,661,3.46858590505,3.47392779958,-0.584245850127,0.0313152872048
11,3,32,661,3.57254813919,3.4166034883,-0.480283615986,-0.0260090240744
0,1,4,662,4.26810829173,3.5163471052,0.0234535226925,0.00843723561387
1,1,8,662,4.26395602371,3.56399672574,0.0193012546695,0.0560868561543
2,1,16,662,4.25657483974,3.5010881995,0.0119200706971,-0.00682167009076
3,1,32,662,4.24465476904,3.50790986959,0,0
4,2,4,662,3.945926747,3.79456197054,-0.298728022044,0.286652100952
5,2,8,662,3.92792342752,3.79819633737,-0.316731341515,0.290286467781
6,2,16,662,3.90181944737,3.7251759445,-0.342835321674,0.217266074917
7,2,32,662,3.86978005055,3.6295364749,-0.374874718487,0.121626605311
8,3,4,662,3.81332796396,3.80429662898,-0.431326805078,0.296386759394
9,3,8,662,3.7395281713,3.67110568926,-0.505126597744,0.163195819673
10,3,16,662,3.71410331334,3.59527112008,-0.5305514557,0.0873612504888
11,3,32,662,3.80539800555,3.52454054575,-0.439256763486,0.0166306761682
0,1,4,663,4.36652750797,3.25175017363,0.00624666629875,-0.0284019673663
1,1,8,663,4.36537878017,3.28066739876,0.00509793849193,0.00051525775908
2,1,16,663,4.36338719109,3.25938928486,0.00310634941331,-0.0207628561375
3,1,32,663,4.36028084168,3.280152141,0,0
4,2,4,663,3.83506115074,3.26920934047,-0.52521969093,-0.0109428005275
5,2,8,663,3.82136070017,3.25851652644,-0.538920141506,-0.0216356145583
6,2,16,663,3.80500779128,3.25316175434,-0.555273050399,-0.026990386656
7,2,32,663,3.78899258866,3.22983176456,-0.571288253019,-0.0503203764408
8,3,4,663,3.64956958762,3.26636160061,-0.710711254052,-0.0137905403914
9,3,8,663,3.62163576124,3.2057320087,-0.738645080439,-0.074420132299
10,3,16,663,3.61496395015,3.21918184365,-0.745316891521,-0.0609702973481
11,3,32,663,3.8502112122,3.17639523925,-0.510069629478,-0.103756901749
0,1,4,664,3.93292234533,3.09660755624,0.00401773344324,-0.0201101388452
1,1,8,664,3.93194180492,3.11901712134,0.00303719303301,0.00229942626082
2,1,16,664,3.93051463021,3.11003111195,0.00161001832379,-0.0066865831305
3,1,32,664,3.92890461188,3.11671769508,0,0
4,2,4,664,3.11339659588,3.00310278701,-0.815508016001,-0.113614908072
5,2,8,664,3.10859988555,2.99124784782,-0.820304726335,-0.125469847261
6,2,16,664,3.10474191929,3.00556231024,-0.82416269259,-0.111155384845
7,2,32,664,3.10364837182,3.01803299641,-0.825256240061,-0.0986846986752
8,3,4,664,2.91996245052,3.00033802562,-1.00894216137,-0.116379669461
9,3,8,664,2.91786304413,2.97986882061,-1.01104156775,-0.136848874468
10,3,16,664,2.92053291685,3.02586465208,-1.00837169503,-0.0908530430053
11,3,32,664,3.05815599474,2.99483858927,-0.870748617143,-0.121879105814
0,1,4,665,4.21307731138,3.4803992476,0.0158466155405,-0.0139267895295
1,1,8,665,4.21030057874,3.52956140367,0.0130698828985,0.0352353665338
2,1,16,665,4.2053315961,3.48561674489,0.00810090025803,-0.00870929224706
3,1,32,665,4.19723069584,3.49432603713,0,0
4,2,4,665,3.76323128995,3.65873884266,-0.433999405887,0.164412805529
5,2,8,665,3.75034124981,3.64787206611,-0.446889446028,0.153546028979
6,2,16,665,3.73183470405,3.60405022053,-0.465395991788,0.109724183395
7,2,32,665,3.70948946221,3.54496109331,-0.487741233623,0.0506350561823
8,3,4,665,3.60664945781,3.64392645401,-0.590581238031,0.14960041688
9,3,8,665,3.553758727,3.55476208928,-0.643471968837,0.0604360521433
10,3,16,665,3.53705887148,3.50748756496,-0.660171824356,0.0131615278292
11,3,32,665,3.65087887463,3.45808801214,-0.546351821212,-0.0362380249876
0,1,4,666,4.07007492268,3.11517696538,0.0113278331733,0.00540536226704
1,1,8,666,4.06782529881,3.13567939098,0.00907820930557,0.0259077878727
2,1,16,666,4.06411341373,3.11011459224,0.00536632422688,0.000342989131226
3,1,32,666,4.05874708951,3.10977160311,0,0
4,2,4,666,3.37960202759,3.13742887837,-0.679145061913,0.0276572752617
5,2,8,666,3.37085954595,3.13810449391,-0.687887543554,0.0283328908038
6,2,16,666,3.35974752553,3.12958909254,-0.698999563976,0.019817489429
7,2,32,666,3.3481366367,3.08931681331,-0.710610452805,-0.0204547898038
8,3,4,666,3.18888974305,3.14244081972,-0.86985734646,0.032669216614
9,3,8,666,3.16439206483,3.0813158234,-0.894355024673,-0.0284557797118
10,3,16,666,3.15747336051,3.0881105469,-0.901273728999,-0.0216610562133
11,3,32,666,3.26578724896,3.0505656401,-0.792959840542,-0.0592059630102
0,1,4,667,3.6157659793,3.32841249197,0.0113284887292,-0.00776696982084
1,1,8,667,3.61358706904,3.35989565795,0.00914957847067,0.0237161961669
2,1,16,667,3.60991813912,3.34963710297,0.00548064855338,0.0134576411782
3,1,32,667,3.60443749057,3.33617946179,0,0
4,2,4,667,2.92648453423,3.39305990325,-0.677952956337,0.0568804414635
5,2,8,667,2.92476440116,3.35876600291,-0.679673089406,0.0225865411227
6,2,16,667,2.92264516952,3.35624948934,-0.681792321054,0.0200700275543
7,2,32,667,2.92039164993,3.32650720446,-0.684045840644,-0.0096722573327
8,3,4,667,2.77247874982,3.3615312061,-0.831958740749,0.0253517443073
9,3,8,667,2.75036236741,3.32936235096,-0.854075123156,-0.00681711082612
10,3,16,667,2.74664755371,3.32627755128,-0.857789936861,-0.00990191050595
11,3,32,667,2.74323567238,3.28142071108,-0.861201818189,-0.05475875071
0,1,4,668,3.8217173636,3.4803829497,0.018242720691,0.0134137670835
1,1,8,668,3.81845884516,3.51573809362,0.0149842022491,0.0487689110001
2,1,16,668,3.81270058373,3.45809780534,0.00922594082059,-0.00887137727912
3,1,32,668,3.80347464291,3.46696918262,0,0
4,2,4,668,3.3690166055,3.68524303145,-0.434458037408,0.218273848826
5,2,8,668,3.35876810114,3.68301215116,-0.444706541772,0.216042968544
6,2,16,668,3.34370105221,3.61907402212,-0.459773590698,0.152104839504
7,2,32,668,3.32508387331,3.5565642238,-0.478390769602,0.0895950411827
8,3,4,668,3.34203233877,3.6693842953,-0.461442304146,0.20241511268
9,3,8,668,3.28621968461,3.56643450567,-0.517254958307,0.0994653230525
10,3,16,668,3.26871042097,3.51413244043,-0.534764221945,0.0471632578069
11,3,32,668,3.24606821876,3.45540693623,-0.557406424151,-0.0115622463888
0,1,4,669,4.03797776987,3.3579331251,0.0160487159599,-0.000789974706935
1,1,8,669,4.03501639846,3.38713566782,0.0130873445461,0.0284125680209
2,1,16,669,4.0298912011,3.3491041009,0.00796214718966,-0.00961899890268
3,1,32,669,4.02192905391,3.3587230998,0,0
4,2,4,669,3.59778606164,3.47639770006,-0.42414299227,0.117674600252
5,2,8,669,3.5847511996,3.47454741541,-0.437177854317,0.115824315607
6,2,16,669,3.56758575537,3.44261682171,-0.454343298538,0.0838937219087
7,2,32,669,3.54830833743,3.38889070299,-0.473620716483,0.0301676031834
8,3,4,669,3.4962586297,3.49629271414,-0.525670424217,0.137569614339
9,3,8,669,3.45024537385,3.4025557013,-0.571683680063,0.0438326015001
10,3,16,669,3.43737475469,3.39461244181,-0.584554299226,0.0358893420056
11,3,32,669,3.52966205841,3.31840855986,-0.492266995505,-0.040314539941
0,1,4,670,3.87262187503,3.10644895751,0.00242733681139,-0.0107777985471
1,1,8,670,3.87196196976,3.11605799462,0.00176743154148,-0.00116876143637
2,1,16,670,3.87105790795,3.10341952494,0.000863369733453,-0.0138072311196
3,1,32,670,3.87019453822,3.11722675606,0,0
4,2,4,670,3.15123099356,3.00522971663,-0.718963544664,-0.111997039427
5,2,8,670,3.14585395623,2.9920473666,-0.724340581991,-0.125179389457
6,2,16,670,3.14193130895,3.00978504664,-0.728263229274,-0.107441709418
7,2,32,670,3.1414251484,3.02069828147,-0.728769389822,-0.0965284745911
8,3,4,670,3.04806495571,2.99927886307,-0.822129582511,-0.117947892985
9,3,8,670,3.04541918879,2.97235266065,-0.824775349433,-0.144874095409
10,3,16,670,3.04923681466,3.03153255442,-0.820957723561,-0.0856942016399
11,3,32,670,3.18269698534,2.99381920123,-0.687497552883,-0.123407554832
0,1,4,671,4.02779269247,3.29163756599,-0.00202873005423,-0.0301486314254
1,1,8,671,4.02815964871,3.3256938294,-0.00166177381381,0.00390763198356
2,1,16,671,4.02880283735,3.31795679186,-0.00101858517031,-0.00382940555814
3,1,32,671,4.02982142252,3.32178619742,0,0
4,2,4,671,3.30535893283,3.17300049534,-0.724462489697,-0.148785702075
5,2,8,671,3.3079271068,3.13069104241,-0.721894315726,-0.191095155007
6,2,16,671,3.31116189974,3.18675221439,-0.718659522785,-0.135033983031
7,2,32,671,3.31487950413,3.20069617814,-0.714941918393,-0.121090019282
8,3,4,671,3.17923704409,3.10102536431,-0.85058437843,-0.220760833109
9,3,8,671,3.18396349883,3.11927261986,-0.845857923693,-0.202513577561
10,3,16,671,3.19219382337,3.17420533395,-0.837627599157,-0.147580863471
11,3,32,671,3.35055887407,3.18423786745,-0.679262548453,-0.137548329968
0,1,4,672,4.41853574845,3.26723434323,0.00695769727245,-0.0250652731964
1,1,8,672,4.41726084052,3.2993864231,0.00568278933764,0.00708680667759
2,1,16,672,4.41504577284,3.27139341675,0.00346772166164,-0.0209061996772
3,1,32,672,4.41157805118,3.29229961643,0,0
4,2,4,672,3.88285655894,3.30652597988,-0.528721492242,0.0142263634558
5,2,8,672,3.86770387222,3.29519345864,-0.543874178964,0.00289384221268
6,2,16,672,3.84965930958,3.28029152275,-0.561918741599,-0.0120080936795
7,2,32,672,3.83195691026,3.25561502343,-0.579621140917,-0.0366845929989
8,3,4,672,3.68490133799,3.29970090694,-0.726676713194,0.00740129051264
9,3,8,672,3.65417005444,3.23347786341,-0.757407996743,-0.0588217530157
10,3,16,672,3.64554671834,3.23379804375,-0.766031332835,-0.058501572672
11,3,32,672,3.90155773985,3.19678789941,-0.510020311327,-0.0955117170126
0,1,4,673,4.35358968443,3.25631336057,-0.00131494567077,-0.0371480922717
1,1,8,673,4.35378403788,3.29416284455,-0.00112059221308,0.000701391702871
2,1,16,673,4.35417493008,3.28639968023,-0.000729700022359,-0.00706177261867
3,1,32,673,4.3549046301,3.29346145285,0,0
4,2,4,673,3.66374423784,3.16130865144,-0.691160392254,-0.132152801405
5,2,8,673,3.6581663,3.11634415645,-0.696738330096,-0.177117296395
6,2,16,673,3.65290995186,3.16187832217,-0.701994678242,-0.131583130677
7,2,32,673,3.64950602646,3.17364700295,-0.705398603635,-0.119814449896
8,3,4,673,3.43257172373,3.10810851359,-0.922332906365,-0.185352939255
9,3,8,673,3.43222645298,3.11063294403,-0.922678177122,-0.182828508812
10,3,16,673,3.43666014903,3.15339675635,-0.91824448107,-0.140064696499
11,3,32,673,3.74352564064,3.15784851879,-0.611378989459,-0.135612934053
0,1,4,674,4.17200882813,3.19966130368,0.0042682705638,-0.0196617857068
1,1,8,674,4.17099193616,3.23146852292,0.0032513785946,0.0121454335303
2,1,16,674,4.16948938511,3.21834524852,0.0017488275381,-0.0009778408696
3,1,32,674,4.16774055757,3.21932308939,0,0
4,2,4,674,3.45307130033,3.13180462865,-0.714669257239,-0.0875184607335
5,2,8,674,3.4436125677,3.09277521433,-0.724127989872,-0.126547875052
6,2,16,674,3.43544963165,3.11639096915,-0.732290925923,-0.10293212024
7,2,32,674,3.43088102189,3.12798156393,-0.736859535683,-0.0913415254574
8,3,4,674,3.2069981475,3.11948905795,-0.960742410069,-0.0998340314328
9,3,8,674,3.2027690875,3.09955800938,-0.96497147007,-0.119765080001
10,3,16,674,3.20449811756,3.1398023616,-0.963242440006,-0.0795207277856
11,3,32,674,3.50243706535,3.11317595369,-0.66530349222,-0.106147135699
0,1,4,675,3.97270056327,3.14495509589,-0.00189748688733,-0.0301620163279
1,1,8,675,3.97298257391,3.16002670262,-0.00161547624483,-0.0150904095939
2,1,16,675,3.97354914339,3.16467607449,-0.00104890676521,-0.010441037727
3,1,32,675,3.97459805016,3.17511711221,0,0
4,2,4,675,3.24740602843,3.04788050726,-0.72719202173,-0.127236604949
5,2,8,675,3.2456371272,3.01902688667,-0.728960922956,-0.156090225544
6,2,16,675,3.2449464937,3.05594443209,-0.729651556455,-0.119172680128
7,2,32,675,3.24667400623,3.0593947264,-0.727924043927,-0.115722385809
8,3,4,675,3.10057499536,2.99970294517,-0.874023054798,-0.175414167042
9,3,8,675,3.10097607551,2.9981961064,-0.873621974651,-0.176921005811
10,3,16,675,3.10657869512,3.04705544563,-0.868019355041,-0.128061666581
11,3,32,675,3.23598385119,3.03454253056,-0.738614198965,-0.140574581659
0,1,4,676,3.67600583033,3.31889920003,0.00792691834128,-0.0203818140362
1,1,8,676,3.67451637602,3.34455713839,0.00643746403752,0.00527612432554
2,1,16,676,3.67196964607,3.33790473176,0.0038907340814,-0.00137628231271
3,1,32,676,3.66807891198,3.33928101407,0,0
4,2,4,676,3.05012778657,3.33327650813,-0.617951125418,-0.00600450594132
5,2,8,676,3.04871753814,3.30977102373,-0.619361373843,-0.0295099903422
6,2,16,676,3.04660450944,3.31787000812,-0.621474402541,-0.0214110059445
7,2,32,676,3.04419481409,3.29722011494,-0.62388409789,-0.0420608991295
8,3,4,676,2.95615072213,3.30973212492,-0.711928189853,-0.029548889147
9,3,8,676,2.93644199467,3.27878022946,-0.731636917312,-0.0605007846084
10,3,16,676,2.93541699955,3.30215700605,-0.732661912432,-0.0371240080207
11,3,32,676,2.92992349819,3.24989899579,-0.738155413796,-0.0893820182816
0,1,4,677,4.21147232322,3.1079263967,-0.00340825753077,-0.0149443334293
1,1,8,677,4.21202993121,3.11033958491,-0.00285064954738,-0.0125311452241
2,1,16,677,4.21307825132,3.10812843449,-0.00180232943004,-0.0147422956387
3,1,32,677,4.21488058075,3.12287073013,0,0
4,2,4,677,3.58988840254,3.05849160555,-0.624992178208,-0.0643791245862
5,2,8,677,3.57993741045,3.01574511062,-0.634943170304,-0.107125619509
6,2,16,677,3.5716785403,3.0407145452,-0.643202040456,-0.0821561849319
7,2,32,677,3.56824945002,3.03136742308,-0.646631130738,-0.0915033070564
8,3,4,677,3.42342847479,2.99782597884,-0.791452105962,-0.125044751293
9,3,8,677,3.41821013929,2.97692963078,-0.796670441466,-0.145941099356
10,3,16,677,3.42001409691,3.00555809211,-0.794866483843,-0.117312638019
11,3,32,677,3.69025514957,3.0011479117,-0.524625431183,-0.121722818427
0,1,4,678,3.84558132719,3.38615880816,0.0124922349972,-0.0190104443003
1,1,8,678,3.84337548691,3.42006832467,0.0102863947134,0.0148990722129
2,1,16,678,3.83944992034,3.4058774155,0.00636082814007,0.000708163041168
3,1,32,678,3.8330890922,3.40516925246,0,0
4,2,4,678,3.30069740712,3.51794018337,-0.53239168508,0.112770930913
5,2,8,678,3.29522274571,3.49866301171,-0.537866346491,0.0934937592485
6,2,16,678,3.28629916252,3.47867191007,-0.546789929676,0.0735026576071
7,2,32,678,3.27475507002,3.42255247455,-0.558334022181,0.0173832220865
8,3,4,678,3.159296714,3.48883244049,-0.673792378199,0.083663188034
9,3,8,678,3.11966017551,3.43025780345,-0.713428916684,0.0250885509917
10,3,16,678,3.10958276856,3.40412276673,-0.723506323635,-0.0010464857319
11,3,32,678,3.09586051616,3.3516061056,-0.73722857604,-0.0535631468598
0,1,4,679,4.01448024401,3.41261392287,0.0147905321579,-0.00610240752125
1,1,8,679,4.01181266777,3.44710664518,0.0121229559175,0.0283903147834
2,1,16,679,4.00712963038,3.42300330704,0.00743991852654,0.00428697664988
3,1,32,679,3.99968971185,3.41871633039,0,0
4,2,4,679,3.55046199575,3.5840917795,-0.449227716101,0.165375449102
5,2,8,679,3.53915258258,3.55371013914,-0.460537129273,0.134993808747
6,2,16,679,3.52438876709,3.5271724691,-0.475300944766,0.108456138703
7,2,32,679,3.50784155595,3.46184041138,-0.491848155906,0.0431240809852
8,3,4,679,3.37778170811,3.56137330552,-0.621908003746,0.142656975121
9,3,8,679,3.33209465051,3.48639120967,-0.667595061345,0.0676748792753
10,3,16,679,3.31873808614,3.4489890057,-0.680951625715,0.03027267531
11,3,32,679,3.41746957028,3.39281446932,-0.582220141569,-0.025901861078
0,1,4,680,3.66103181815,3.22690980403,0.00891096118035,-0.00059277238695
1,1,8,680,3.6593002187,3.24059606257,0.00717936172807,0.0130934861515
2,1,16,680,3.65640396327,3.22895320442,0.00428310629216,0.00145062800541
3,1,32,680,3.65212085697,3.22750257642,0,0
4,2,4,680,3.01728858133,3.2650666229,-0.63483227564,0.037564046482
5,2,8,680,3.01374788299,3.24507676152,-0.638372973984,0.0175741850989
6,2,16,680,3.00979005912,3.24175260818,-0.642330797857,0.0142500317664
7,2,32,680,3.00640288484,3.20836387975,-0.645717972129,-0.01913869667
8,3,4,680,2.92195465597,3.24126805416,-0.730166201003,0.0137654777401
9,3,8,680,2.90022228113,3.19757124229,-0.751898575847,-0.0299313341251
10,3,16,680,2.89693089549,3.2081434019,-0.755189961486,-0.0193591745208
11,3,32,680,2.89158510939,3.16022423471,-0.760535747582,-0.0672783417103
0,1,4,681,4.16998696415,3.45341740929,0.0206005954563,-0.00243241435265
1,1,8,681,4.16631470989,3.49550194495,0.0169283411984,0.0396521213099
2,1,16,681,4.15981720191,3.45515851074,0.010430833218,-0.000691312896945
3,1,32,681,4.1493863687,3.45584982364,0,0
4,2,4,681,3.78665157338,3.69472864506,-0.362734795316,0.238878821424
5,2,8,681,3.77120416736,3.68707393481,-0.378182201337,0.231224111174
6,2,16,681,3.74921461388,3.63333142056,-0.400171754818,0.17748159692
7,2,32,681,3.72271326203,3.54422092173,-0.426673106669,0.0883710980924
8,3,4,681,3.61165908968,3.69838611182,-0.537727279016,0.242536288186
9,3,8,681,3.54775554043,3.58765741727,-0.601630828268,0.131807593633
10,3,16,681,3.52667764166,3.52634490164,-0.622708727035,0.0704950780025
11,3,32,681,3.60724791478,3.45487585131,-0.542138453911,-0.00097397232909
0,1,4,682,3.8714253978,3.39713767088,-0.000608845980654,-0.0474232860813
1,1,8,682,3.87152305956,3.44006347821,-0.000511184221495,-0.00449747874757
2,1,16,682,3.87170680883,3.4482888473,-0.00032743495,0.00372789033832
3,1,32,682,3.87203424378,3.44456095696,0,0
4,2,4,682,3.18308627633,3.28198144006,-0.688947967445,-0.162579516905
5,2,8,682,3.18721595149,3.22275107846,-0.684818292285,-0.221809878499
6,2,16,682,3.19284446289,3.29088330961,-0.679189780883,-0.153677647353
7,2,32,682,3.19924066335,3.31229743033,-0.67279358043,-0.132263526628
8,3,4,682,3.03439006537,3.22020402546,-0.837644178406,-0.224356931497
9,3,8,682,3.04006009529,3.25092869635,-0.831974148489,-0.193632260616
10,3,16,682,3.05055332979,3.31805600416,-0.821480913988,-0.126504952803
11,3,32,682,3.19542437305,3.30264760833,-0.676609870725,-0.141913348629
0,1,4,683,4.27730398069,3.38096236273,0.0163677574187,-0.00217141277554
1,1,8,683,4.27428827937,3.41663541341,0.0133520561046,0.0335016378989
2,1,16,683,4.26906438799,3.38053868831,0.00812816471764,-0.00259508719651
3,1,32,683,4.26093622327,3.38313377551,0,0
4,2,4,683,3.87465782372,3.52640257142,-0.386278399553,0.143268795914
5,2,8,683,3.85793743589,3.50778453351,-0.402998787379,0.124650757999
6,2,16,683,3.83689913292,3.48178071459,-0.424037090352,0.0986469390868
7,2,32,683,3.81406760595,3.41910387024,-0.446868617314,0.0359700947324
8,3,4,683,3.68851074768,3.53833773486,-0.572425475585,0.155203959352
9,3,8,683,3.64029049724,3.44507551912,-0.620645726029,0.0619417436111
10,3,16,683,3.62565001667,3.42434802927,-0.635286206597,0.0412142537578
11,3,32,683,3.83398190693,3.356742652,-0.426954316334,-0.0263911235058
0,1,4,684,4.05156249974,3.23999395375,0.00661547861517,-0.0215956366781
1,1,8,684,4.05033804651,3.26508553614,0.00539102539193,0.00349594571567
2,1,16,684,4.04822740739,3.254107304,0.00328038626576,-0.00748228642891
3,1,32,684,4.04494702112,3.26158959043,0,0
4,2,4,684,3.41820490413,3.30225052319,-0.62674211699,0.0406609327644
5,2,8,684,3.40920496154,3.2800602431,-0.635742059584,0.0184706526715
6,2,16,684,3.39868666026,3.266614461,-0.646260360866,0.00502487057706
7,2,32,684,3.38893819251,3.23455542725,-0.656008828612,-0.027034163179
8,3,4,684,3.22242999168,3.269100316,-0.822517029441,0.00751072557483
9,3,8,684,3.19612532631,3.22146215283,-0.848821694814,-0.0401274375924
10,3,16,684,3.18930634679,3.20855099384,-0.85564067433,-0.05303859659
11,3,32,684,3.30672830097,3.17663855268,-0.738218720151,-0.08495103775
0,1,4,685,4.15447985331,3.38428267213,0.0182609230344,0.00171509498573
1,1,8,685,4.15122974009,3.4145755608,0.0150108098063,0.0320079836553
2,1,16,685,4.14547381556,3.37838951207,0.00925488528319,-0.00417806506956
3,1,32,685,4.13621893028,3.38256757714,0,0
4,2,4,685,3.77653895121,3.60111099045,-0.359679979072,0.218543413309
5,2,8,685,3.76139613589,3.5958250379,-0.374822794388,0.213257460761
6,2,16,685,3.7402537916,3.54863202076,-0.395965138681,0.166064443617
7,2,32,685,3.71535158318,3.45867282203,-0.420867347094,0.0761052448921
8,3,4,685,3.62927924012,3.6012077723,-0.506939690156,0.218640195161
9,3,8,685,3.5691130201,3.49251280369,-0.567105910178,0.109945226553
10,3,16,685,3.54976078285,3.44170874408,-0.586458147428,0.0591411669429
11,3,32,685,3.62431432532,3.37292311979,-0.511904604955,-0.00964445734976
0,1,4,686,4.07852627948,3.29590290586,0.00558632159758,-0.0168902268174
1,1,8,686,4.07754855799,3.32238259354,0.00460860010957,0.00958946086281
2,1,16,686,4.0757991033,3.30655917191,0.00285914541536,-0.00623396077243
3,1,32,686,4.07293995788,3.31279313268,0,0
4,2,4,686,3.50419386141,3.32927915954,-0.568746096467,0.0164860268582
5,2,8,686,3.49829509389,3.30291062918,-0.574644863994,-0.00988250349664
6,2,16,686,3.49046010591,3.31065155358,-0.582479851968,-0.00214157909753
7,2,32,686,3.48195798537,3.27695451239,-0.59098197251,-0.0358386202903
8,3,4,686,3.36584931459,3.28400525924,-0.707090643285,-0.028787873444
9,3,8,686,3.34232125484,3.24579960419,-0.730618703042,-0.0669935284859
10,3,16,686,3.33824308833,3.25035748387,-0.734696869549,-0.0624356488061
11,3,32,686,3.45682933903,3.22730497936,-0.616110618848,-0.0854881533186
0,1,4,687,4.01252078428,3.28780171949,0.00797921753411,-0.0199015318438
1,1,8,687,4.01102536437,3.31916412054,0.00648379763221,0.0114608692089
2,1,16,687,4.00846467542,3.30873792699,0.00392310867494,0.00103467566261
3,1,32,687,4.00454156674,3.30770325133,0,0
4,2,4,687,3.39756613199,3.30912545273,-0.606975434749,0.00142220140284
5,2,8,687,3.39233423773,3.28308503364,-0.612207329009,-0.0246182176869
6,2,16,687,3.38538944417,3.29553573292,-0.619152122571,-0.0121675184131
7,2,32,687,3.37773595663,3.26543781538,-0.626805610111,-0.0422654359472
8,3,4,687,3.22102062222,3.28417872972,-0.783520944521,-0.0235245216061
9,3,8,687,3.19940909615,3.24921757014,-0.805132470591,-0.0584856811856
10,3,16,687,3.19619288928,3.26290455397,-0.80834867746,-0.0447986973558
11,3,32,687,3.30659844863,3.22606030237,-0.697943118109,-0.0816429489591
0,1,4,688,3.89645052337,3.39562778689,0.0154797760305,0.00106753370277
1,1,8,688,3.89368316984,3.42882546756,0.0127124224936,0.034265214372
2,1,16,688,3.88879520801,3.38620512453,0.00782446066395,-0.00835512866092
3,1,32,688,3.88097074734,3.39456025319,0,0
4,2,4,688,3.39849721702,3.5257640978,-0.482473530322,0.131203844614
5,2,8,688,3.39122781902,3.52917658575,-0.489742928326,0.134616332566
6,2,16,688,3.37911867242,3.49350967412,-0.501852074927,0.0989494209326
7,2,32,688,3.36300646883,3.43628747491,-0.517964278514,0.0417272217234
8,3,4,688,3.34350279758,3.51734881245,-0.537467949761,0.122788559263
9,3,8,688,3.2974677485,3.4331932451,-0.583502998839,0.0386329919176
10,3,16,688,3.28470129217,3.41104651401,-0.596269455168,0.0164862608261
11,3,32,688,3.26488630746,3.35520042887,-0.616084439881,-0.039359824315
0,1,4,689,3.94990881172,3.04975773793,0.000660129521958,-0.0229284806009
1,1,8,689,3.94961314155,3.05870960163,0.000364459350001,-0.0139766169037
2,1,16,689,3.94929929803,3.0579820554,5.06158280835e-05,-0.0147041631324
3,1,32,689,3.9492486822,3.07268621853,0,0
4,2,4,689,3.17952040606,2.96256539658,-0.769728276136,-0.110120821953
5,2,8,689,3.17382647783,2.95102354681,-0.775422204375,-0.121662671722
6,2,16,689,3.16925806922,2.9646978231,-0.779990612978,-0.107988395435
7,2,32,689,3.16822239229,2.96935479233,-0.781026289914,-0.103331426206
8,3,4,689,3.01433336843,2.94607102529,-0.934915313769,-0.126615193237
9,3,8,689,3.01124246457,2.92338065165,-0.938006217631,-0.149305566886
10,3,16,689,3.01388895275,2.96698319424,-0.935359729452,-0.105703024294
11,3,32,689,3.13926767014,2.93842992065,-0.809981012062,-0.134256297883
0,1,4,690,4.27730398069,3.38096236273,0.0163677574187,-0.00217141277554
1,1,8,690,4.27428827937,3.41663541341,0.0133520561046,0.0335016378989
2,1,16,690,4.26906438799,3.38053868831,0.00812816471764,-0.00259508719651
3,1,32,690,4.26093622327,3.38313377551,0,0
4,2,4,690,3.87465782372,3.52640257142,-0.386278399553,0.143268795914
5,2,8,690,3.85793743589,3.50778453351,-0.402998787379,0.124650757999
6,2,16,690,3.83689913292,3.48178071459,-0.424037090352,0.0986469390868
7,2,32,690,3.81406760595,3.41910387024,-0.446868617314,0.0359700947324
8,3,4,690,3.68851074768,3.53833773486,-0.572425475585,0.155203959352
9,3,8,690,3.64029049724,3.44507551912,-0.620645726029,0.0619417436111
10,3,16,690,3.62565001667,3.42434802926,-0.635286206597,0.0412142537578
11,3,32,690,3.83398190693,3.356742652,-0.426954316334,-0.0263911235058
0,1,4,691,4.24099383568,3.11650978961,-0.00131074970755,-0.0359210099149
1,1,8,691,4.24113418979,3.13478250465,-0.00117039559262,-0.0176482948815
2,1,16,691,4.24149349687,3.13935811647,-0.000811088514387,-0.013072683063
3,1,32,691,4.24230458539,3.15243079953,0,0
4,2,4,691,3.54252454059,3.03878856814,-0.699780044797,-0.11364223139
5,2,8,691,3.5340714422,3.0076936436,-0.708233143188,-0.144737155924
6,2,16,691,3.52641098977,3.03603050297,-0.715893595613,-0.116400296557
7,2,32,691,3.52228741278,3.03773528459,-0.720017172604,-0.114695514936
8,3,4,691,3.30934682902,3.00595837356,-0.932957756364,-0.146472425964
9,3,8,691,3.305593221,2.99159838374,-0.936711364388,-0.160832415793
10,3,16,691,3.30808311972,3.03047096148,-0.934221465661,-0.121959838047
11,3,32,691,3.55979437652,3.01346140122,-0.682510208863,-0.138969398304
0,1,4,692,4.59282295374,3.22612693113,0.00412289068724,-0.0173774216533
1,1,8,692,4.5921001038,3.24732488387,0.00340004074079,0.00382053109366
2,1,16,692,4.59080796256,3.22988278779,0.00210789950756,-0.0136215649864
3,1,32,692,4.58870006305,3.24350435278,0,0
4,2,4,692,4.14397300169,3.25546900442,-0.444727061366,0.0119646516435
5,2,8,692,4.1281408146,3.22520790759,-0.46055924846,-0.018296445192
6,2,16,692,4.10973912782,3.2397833874,-0.478960935231,-0.0037209653828
7,2,32,692,4.09200644097,3.19623768581,-0.496693622086,-0.0472666669683
8,3,4,692,3.92756285496,3.22717003015,-0.661137208092,-0.0163343226275
9,3,8,692,3.90023310448,3.17075740396,-0.688466958571,-0.0727469488199
10,3,16,692,3.89365620125,3.180414086,-0.695043861804,-0.0630902667757
11,3,32,692,4.2316777946,3.15665927461,-0.357022268457,-0.0868450781733
0,1,4,693,4.35739274064,3.14333927623,0.00095558963065,-0.027494608277
1,1,8,693,4.35706214715,3.17041466783,0.0006249961429,-0.0004192166773
2,1,16,693,4.35666181836,3.14782726591,0.0002246673518,-0.0230066185977
3,1,32,693,4.35643715101,3.17083388451,0,0
4,2,4,693,3.66815464178,3.01518543845,-0.688282509232,-0.155648446062
5,2,8,693,3.65837880896,3.00576795274,-0.698058342048,-0.165065931776
6,2,16,693,3.64837321191,3.0299982355,-0.708063939096,-0.140835649009
7,2,32,693,3.64075452837,3.05023530502,-0.715682622636,-0.120598579494
8,3,4,693,3.49279637789,3.01513587072,-0.86364077312,-0.155698013789
9,3,8,693,3.48916998538,2.98668751962,-0.867267165624,-0.184146364892
10,3,16,693,3.49180977447,3.04855354788,-0.864627376544,-0.12228033663
11,3,32,693,3.78563327264,3.02665822155,-0.570803878372,-0.144175662965
0,1,4,694,4.51691673465,3.20898010206,0.0083752470742,0.00724682806487
1,1,8,694,4.51529561505,3.22601976659,0.00675412747983,0.0242864925934
2,1,16,694,4.51257625902,3.19664249967,0.00403477144361,-0.0050907743263
3,1,32,694,4.50854148757,3.201733274,0,0
4,2,4,694,4.07143809705,3.2760009045,-0.437103390522,0.0742676305033
5,2,8,694,4.05252750685,3.24231353926,-0.456013980722,0.0405802652642
6,2,16,694,4.03164009532,3.2425124322,-0.476901392257,0.0407791581997
7,2,32,694,4.01239633555,3.19127545895,-0.496145152026,-0.0104578150445
8,3,4,694,3.85248196824,3.26123332736,-0.656059519338,0.0595000533678
9,3,8,694,3.82112235852,3.18764804857,-0.687419129055,-0.0140852254252
10,3,16,694,3.81172177201,3.1862098029,-0.696819715568,-0.0155234710959
11,3,32,694,4.17239030247,3.15360345908,-0.336151185101,-0.0481298149179
0,1,4,695,4.37811318592,3.4374486124,0.0153036091695,-0.0145393631142
1,1,8,695,4.37536999502,3.48545279585,0.0125604182715,0.0334648203399
2,1,16,695,4.37053234684,3.45293520737,0.00772277009167,0.000947231859604
3,1,32,695,4.36280957675,3.45198797551,0,0
4,2,4,695,3.95724240767,3.57471803563,-0.405567169084,0.122730060112
5,2,8,695,3.94332790893,3.55053215881,-0.41948166782,0.098544183294
6,2,16,695,3.92429000418,3.5377516048,-0.438519572571,0.0857636292898
7,2,32,695,3.90188601252,3.47528024451,-0.460923564236,0.0232922689919
8,3,4,695,3.73794611483,3.56946128505,-0.624863461922,0.11747330954
9,3,8,695,3.69157444682,3.49196676299,-0.671235129935,0.0399787874751
10,3,16,695,3.6780173771,3.46891126649,-0.684792199655,0.0169232909765
11,3,32,695,3.89295299495,3.41704895509,-0.4698565818,-0.0349390204233
0,1,4,696,3.93357920933,3.18523822702,0.00824870245639,0.00198917122038
1,1,8,696,3.93196399645,3.19511005751,0.006633489575,0.011861001711
2,1,16,696,3.9292753846,3.17814935794,0.00394487772377,-0.00509969786023
3,1,32,696,3.92533050688,3.1832490558,0,0
4,2,4,696,3.35545961171,3.22524502301,-0.569870895162,0.0419959672061
5,2,8,696,3.34619286987,3.20721147817,-0.579137637004,0.0239624223717
6,2,16,696,3.33604407812,3.20152054449,-0.589286428753,0.0182714886927
7,2,32,696,3.32717394524,3.16333533325,-0.59815656164,-0.0199137225473
8,3,4,696,3.23251484029,3.21099230553,-0.692815666582,0.0277432497312
9,3,8,696,3.20757969757,3.15302527737,-0.717750809303,-0.0302237784302
10,3,16,696,3.20223499882,3.16323594268,-0.723095508051,-0.0200131131221
11,3,32,696,3.30782445086,3.11612638827,-0.617506056019,-0.0671226675265
0,1,4,697,4.7287861067,3.31418220782,0.00682585448202,-0.0197944114174
1,1,8,697,4.72751804102,3.34797663449,0.00555778880652,0.0140000152562
2,1,16,697,4.7253326842,3.3321413218,0.00337243198332,-0.00183529743368
3,1,32,697,4.72196025222,3.33397661924,0,0
4,2,4,697,4.33774000774,3.36125960296,-0.384220244476,0.0272829837226
5,2,8,697,4.31876727508,3.30873947974,-0.40319297714,-0.025237139494
6,2,16,697,4.29751220932,3.33491088388,-0.424448042901,0.000934264645257
7,2,32,697,4.27728821115,3.29076251245,-0.444672041072,-0.0432141067904
8,3,4,697,4.0453456383,3.34261246774,-0.676614613917,0.00863584850178
9,3,8,697,4.01662460796,3.28846580644,-0.70533564426,-0.0455108127969
10,3,16,697,4.00964926905,3.29961318105,-0.712310983168,-0.034363438188
11,3,32,697,4.46565977423,3.26614063948,-0.256300477984,-0.0678359797602
0,1,4,698,3.94941380361,3.13692235024,0.00376100639032,-0.0219584468359
1,1,8,698,3.94850521842,3.16275033113,0.00285242119193,0.00386953404931
2,1,16,698,3.94717312013,3.15038357066,0.00152032290537,-0.00849722641881
3,1,32,698,3.94565279722,3.15888079708,0,0
4,2,4,698,3.16140587937,3.01525606459,-0.784246917853,-0.14362473249
5,2,8,698,3.15829307805,3.00536774448,-0.787359719174,-0.153513052598
6,2,16,698,3.15574884205,3.03130475951,-0.789903955178,-0.127576037567
7,2,32,698,3.15502274819,3.0484899933,-0.790630049033,-0.110390803776
8,3,4,698,3.00319995679,3.01553886464,-0.942452840436,-0.143341932443
9,3,8,698,3.00288020785,2.9995031607,-0.94277258937,-0.159377636379
10,3,16,698,3.00744314584,3.0617875668,-0.93820965138,-0.0970932302789
11,3,32,698,3.14472076113,3.02967790557,-0.800932036092,-0.129202891505
0,1,4,699,4.12653248947,3.1041455892,0.00424892959174,-0.0132010031868
1,1,8,699,4.12549290493,3.11908134097,0.00320934504768,0.00173474858938
2,1,16,699,4.12397799486,3.10306473941,0.00169443498622,-0.0142818529722
3,1,32,699,4.12228355988,3.11734659238,0,0
4,2,4,699,3.47351688469,2.97739471467,-0.648766675191,-0.139951877714
5,2,8,699,3.46415189989,2.967427681,-0.658131659984,-0.149918911379
6,2,16,699,3.45538045071,2.99724978596,-0.666903109164,-0.120096806419
7,2,32,699,3.44957561337,3.00750916085,-0.672707946512,-0.109837431528
8,3,4,699,3.33010593408,3.00281405584,-0.792177625802,-0.114532536547
9,3,8,699,3.32598553835,2.96697020443,-0.796298021524,-0.150376387956
10,3,16,699,3.32959078699,3.04585119437,-0.792692772884,-0.0714953980115
11,3,32,699,3.57212745863,2.99457753009,-0.550156101245,-0.122769062296
0,1,4,700,3.93293938684,3.24786807626,0.0100952253916,-0.00274034354362
1,1,8,700,3.93097671239,3.26954941408,0.00813255094258,0.0189409942782
2,1,16,700,3.92769397888,3.24942715607,0.00484981743579,-0.00118126372833
3,1,32,700,3.92284416144,3.2506084198,0,0
4,2,4,700,3.33195704633,3.3011930883,-0.590887115117,0.0505846684954
5,2,8,700,3.32283096709,3.27938304257,-0.600013194352,0.0287746227708
6,2,16,700,3.31262754419,3.26964598374,-0.61021661725,0.0190375639423
7,2,32,700,3.30326106575,3.23674774009,-0.619583095699,-0.0138606797085
8,3,4,700,3.17926138459,3.28982453067,-0.743582776853,0.0392161108699
9,3,8,700,3.15297980857,3.2337545199,-0.769864352875,-0.0168538999
10,3,16,700,3.14682508421,3.23700880643,-0.776019077236,-0.0135996133717
11,3,32,700,3.26189503257,3.18863083218,-0.66094912887,-0.0619775876217
0,1,4,701,3.75562373847,3.17381220011,-0.000984143681414,-0.0304252527862
1,1,8,701,3.75574794519,3.20074750749,-0.000859936966603,-0.00348994540255
2,1,16,701,3.75603093783,3.20493398875,-0.000576944326132,0.000696535852641
3,1,32,701,3.75660788215,3.20423745289,0,0
4,2,4,701,2.87714858572,3.0755409223,-0.879459296439,-0.128696530594
5,2,8,701,2.88308197869,3.04797699988,-0.873525903468,-0.156260453009
6,2,16,701,2.8899590796,3.0851938632,-0.866648802557,-0.119043589696
7,2,32,701,2.89750231612,3.09306637398,-0.859105566034,-0.111171078908
8,3,4,701,2.72330497069,3.00451072506,-1.03330291147,-0.199726727832
9,3,8,701,2.72860899466,3.02401676197,-1.02799888749,-0.180220690926
10,3,16,701,2.7356143292,3.05977481429,-1.02099355295,-0.1444626386
11,3,32,701,2.74457579574,3.06838003395,-1.01203208641,-0.13585741894
0,1,4,702,4.43647614811,3.49132019466,0.0214768743048,-0.00531901569978
1,1,8,702,4.43274015612,3.5321295126,0.0177408823188,0.03549030224
2,1,16,702,4.42602202295,3.48822909032,0.0110227491508,-0.00841012004701
3,1,32,702,4.4149992738,3.49663921036,0,0
4,2,4,702,4.2120135447,3.77997479125,-0.202985729099,0.283335580884
5,2,8,702,4.19071513415,3.77408975816,-0.224284139648,0.277450547798
6,2,16,702,4.16116828277,3.71356643478,-0.25383099103,0.21692722442
7,2,32,702,4.12632902654,3.60403190548,-0.288670247259,0.107392695117
8,3,4,702,4.0311704523,3.79099505555,-0.383828821498,0.294355845192
9,3,8,702,3.95477309771,3.65717921524,-0.460226176092,0.160540004881
10,3,16,702,3.92914864782,3.5852106171,-0.485850625977,0.0885714067418
11,3,32,702,4.08278273478,3.50386176277,-0.332216539017,0.00722255240586
0,1,4,703,3.77711037015,3.43767256852,0.00714021100125,-0.0322039393786
1,1,8,703,3.77587425204,3.48249240083,0.00590409289414,0.0126158929311
2,1,16,703,3.77364342895,3.47215271102,0.00367326980685,0.00227620311552
3,1,32,703,3.76997015915,3.4698765079,0,0
4,2,4,703,3.14438703574,3.43423886023,-0.625583123409,-0.0356376476686
5,2,8,703,3.1476468106,3.40470094483,-0.622323348548,-0.0651755630684
6,2,16,703,3.14900009238,3.43098797193,-0.62097006677,-0.0388885359673
7,2,32,703,3.1474368625,3.41487809698,-0.622533296646,-0.0549984109225
8,3,4,703,3.04599358266,3.38841042384,-0.723976576486,-0.0814660840649
9,3,8,703,3.02864737338,3.37744412384,-0.741322785767,-0.0924323840647
10,3,16,703,3.02952608433,3.40300342636,-0.740444074819,-0.066873081539
11,3,32,703,3.02470806639,3.37183483377,-0.745262092755,-0.0980416741316
0,1,4,704,3.99344505648,2.9889858864,0.00544414974394,-0.0103557882794
1,1,8,704,3.99214382198,3.00541896769,0.00414291524678,0.00607729300996
2,1,16,704,3.99022643909,2.99238726841,0.00222553235398,-0.0069544062711
3,1,32,704,3.98800090673,2.99934167468,0,0
4,2,4,704,3.13704606083,2.87979250902,-0.850954845903,-0.11954916566
5,2,8,704,3.13147707869,2.88579667238,-0.85652382804,-0.113545002297
6,2,16,704,3.12606945894,2.89749151228,-0.861931447797,-0.101850162404
7,2,32,704,3.12285548378,2.90177363617,-0.865145422957,-0.0975680385096
8,3,4,704,2.93388455426,2.8958961549,-1.05411635247,-0.10344551978
9,3,8,704,2.93129917985,2.86493803957,-1.05670172688,-0.134403635107
10,3,16,704,2.93292236962,2.9153641659,-1.05507853711,-0.0839775087782
11,3,32,704,3.05930533205,2.88341915175,-0.92869557468,-0.115922522934
0,1,4,705,3.85953913942,3.14900546343,0.0033552360953,-0.00812928618926
1,1,8,705,3.85869793334,3.16675289052,0.00251403000852,0.00961814089485
2,1,16,705,3.85749238802,3.15245789965,0.00130848469015,-0.00467684997436
3,1,32,705,3.85618390333,3.15713474962,0,0
4,2,4,705,3.09515960137,3.07446146802,-0.761024301962,-0.0826732815994
5,2,8,705,3.09036758531,3.0483138089,-0.765816318021,-0.108820940721
6,2,16,705,3.08738117553,3.06355470318,-0.768802727799,-0.0935800464461
7,2,32,705,3.0879017005,3.07418278127,-0.768282202824,-0.0829519683504
8,3,4,705,2.94986129715,3.0525126007,-0.906322606181,-0.10462214892
9,3,8,705,2.94756842435,3.03268928693,-0.908615478983,-0.12444546269
10,3,16,705,2.95057995743,3.0745581126,-0.905603945901,-0.0825766370242
11,3,32,705,3.1004431248,3.04889430955,-0.755740778528,-0.108240440075
0,1,4,706,4.35251662332,3.23872368108,-0.00360430326462,-0.0189951633682
1,1,8,706,4.35315604944,3.2579439362,-0.00296487714604,0.000225091751978
2,1,16,706,4.35429030014,3.23354264684,-0.00183062643956,-0.0241761976035
3,1,32,706,4.35612092658,3.25771884445,0,0
4,2,4,706,3.78088302971,3.13327626459,-0.575237896874,-0.12444257986
5,2,8,706,3.77217008189,3.09676807749,-0.58395084469,-0.16095076696
6,2,16,706,3.76420713519,3.13291845644,-0.591913791393,-0.124800388004
7,2,32,706,3.7593227338,3.14708504356,-0.59679819278,-0.110633800887
8,3,4,706,3.68300562372,3.08035996753,-0.673115302863,-0.17735887692
9,3,8,706,3.68029240784,3.06284924617,-0.67582851874,-0.194869598279
10,3,16,706,3.68451800058,3.11732421535,-0.671602926008,-0.140394629093
11,3,32,706,4.00950070017,3.1183916193,-0.34662022641,-0.139327225145
0,1,4,707,4.07884308255,3.3554699438,0.00826124946894,-0.0308638225819
1,1,8,707,4.07734151753,3.39847200295,0.00675968444982,0.0121382365616
2,1,16,707,4.07471941966,3.38114298447,0.0041375865812,-0.00519078191217
3,1,32,707,4.07058183308,3.38633376638,0,0
4,2,4,707,3.4476294307,3.406933509,-0.622952402384,0.0205997426186
5,2,8,707,3.44048194867,3.38211139803,-0.63009988441,-0.00422236835074
6,2,16,707,3.43115826118,3.37502409161,-0.639423571897,-0.0113096747708
7,2,32,707,3.42110914982,3.3539080875,-0.649472683256,-0.0324256788828
8,3,4,707,3.24761763024,3.3781530323,-0.822964202836,-0.00818073407908
9,3,8,707,3.22137391243,3.33789365139,-0.849207920653,-0.0484401149919
10,3,16,707,3.21538123528,3.33124993427,-0.855200597803,-0.0550838321131
11,3,32,707,3.34393893689,3.2982426114,-0.726642896192,-0.0880911549853
0,1,4,708,3.98139564822,3.3118317711,0.00885678250715,-0.00923246724511
1,1,8,708,3.9797322188,3.338827991,0.00719335309063,0.0177637526557
2,1,16,708,3.976887805,3.31504252994,0.00434893928991,-0.00602170840715
3,1,32,708,3.97253886571,3.32106423835,0,0
4,2,4,708,3.40801982485,3.37143057081,-0.564519040864,0.0503663324642
5,2,8,708,3.39908533216,3.34676583428,-0.573453533552,0.0257015959284
6,2,16,708,3.38876095214,3.33533407048,-0.583777913572,0.0142698321335
7,2,32,708,3.37887657811,3.30676361219,-0.593662287605,-0.0143006261583
8,3,4,708,3.27247427475,3.34763807965,-0.70006459096,0.0265738413037
9,3,8,708,3.24483310074,3.29380669369,-0.727705764968,-0.0272575446625
10,3,16,708,3.23846774455,3.29226664955,-0.73407112116,-0.0287975887939
11,3,32,708,3.36343222863,3.25085283464,-0.609106637076,-0.0702114037106
0,1,4,709,4.20149372711,3.46457555608,0.023211234049,0.00262824204549
1,1,8,709,4.19738529154,3.50239099699,0.0191027984788,0.0404436829517
2,1,16,709,4.19008192231,3.45781962895,0.0117994292415,-0.00412768509086
3,1,32,709,4.17828249306,3.46194731404,0,0
4,2,4,709,3.90770709316,3.75401649369,-0.2705753999,0.292069179653
5,2,8,709,3.88941952523,3.75511795977,-0.288862967835,0.293170645734
6,2,16,709,3.86330635681,3.68744640567,-0.31497613625,0.225499091633
7,2,32,709,3.83179560474,3.57914792907,-0.346486888322,0.117200615031
8,3,4,709,3.75439576493,3.76987917738,-0.423886728131,0.307931863347
9,3,8,709,3.67938167739,3.63660389143,-0.498900815672,0.174656577395
10,3,16,709,3.6541707063,3.56377254804,-0.524111786766,0.101825234006
11,3,32,709,3.71477019919,3.47735084235,-0.463512293869,0.0154035283126
0,1,4,710,4.14125678359,3.24615170918,0.00860307218216,-0.0137237754169
1,1,8,710,4.1396481454,3.27990207202,0.00699443399345,0.0200265874306
2,1,16,710,4.13688999922,3.25729168801,0.00423628780884,-0.00258379658215
3,1,32,710,4.13265371141,3.25987548459,0,0
4,2,4,710,3.48812398863,3.26747741153,-0.644529722777,0.00760192693513
5,2,8,710,3.48195624412,3.2557141369,-0.650697467294,-0.00416134769543
6,2,16,710,3.47297925503,3.25824422663,-0.659674456376,-0.00163125796664
7,2,32,710,3.46238128156,3.2254566091,-0.670272429852,-0.034418875493
8,3,4,710,3.30374327973,3.2448215034,-0.828910431679,-0.0150539811931
9,3,8,710,3.28001951446,3.20091174686,-0.852634196948,-0.0589637377375
10,3,16,710,3.27464231342,3.20532914442,-0.85801139799,-0.0545463401741
11,3,32,710,3.39411741717,3.18151930036,-0.738536294239,-0.0783561842305
0,1,4,711,4.77059651089,3.32968647857,0.00628392745778,-0.0340985590152
1,1,8,711,4.76950040057,3.37730252444,0.00518781714487,0.0135174868607
2,1,16,711,4.76753053375,3.34921892459,0.0032179503197,-0.0145661129913
3,1,32,711,4.76431258343,3.36378503758,0,0
4,2,4,711,4.29906535596,3.31581462086,-0.465247227466,-0.04797041672
5,2,8,711,4.28515153153,3.29580232184,-0.479161051897,-0.067982715745
6,2,16,711,4.26686127002,3.32163404264,-0.497451313409,-0.0421509949397
7,2,32,711,4.24644842988,3.29438976368,-0.517864153546,-0.0693952739025
8,3,4,711,4.05501054076,3.307687933,-0.709302042672,-0.0560971045816
9,3,8,711,4.02863064569,3.25856931968,-0.735681937738,-0.105215717904
10,3,16,711,4.02313409121,3.28491885591,-0.741178492216,-0.0788661816727
11,3,32,711,4.39513657074,3.26173102375,-0.369176012687,-0.102054013831
0,1,4,712,3.7732395118,3.4325433296,0.011564786909,-0.0187376357114
1,1,8,712,3.77111009263,3.48349274993,0.00943536773731,0.0322117846102
2,1,16,712,3.76741933038,3.45027105971,0.00574460549513,-0.00100990560081
3,1,32,712,3.76167472489,3.45128096532,0,0
4,2,4,712,3.09058451837,3.45327405668,-0.671090206523,0.00199309135959
5,2,8,712,3.09089267965,3.44186313181,-0.670782045241,-0.00941783350523
6,2,16,712,3.0885975876,3.43775149301,-0.673077137292,-0.0135294723083
7,2,32,712,3.08315842433,3.42696615432,-0.678516300559,-0.0243148109974
8,3,4,712,2.99727391088,3.43197648823,-0.764400814013,-0.0193044770864
9,3,8,712,2.97371998492,3.39743598514,-0.787954739967,-0.0538449801744
10,3,16,712,2.97027671613,3.40799606653,-0.791398008764,-0.043284898784
11,3,32,712,2.96224229715,3.37160765951,-0.799432427743,-0.0796733058047
0,1,4,713,4.17678795481,3.0286451782,0.00100231592241,-0.0211404565483
1,1,8,713,4.17644952168,3.0525114682,0.000663882794717,0.00272583344811
2,1,16,713,4.17603870435,3.03818299947,0.000253065468586,-0.0116026352775
3,1,32,713,4.17578563888,3.04978563475,0,0
4,2,4,713,3.3104130406,2.90481121052,-0.865372598282,-0.14497442423
5,2,8,713,3.30772712302,2.90725091229,-0.868058515868,-0.142534722465
6,2,16,713,3.30428345559,2.93044599815,-0.871502183298,-0.119339636605
7,2,32,713,3.30156913454,2.93579690731,-0.87421650434,-0.113988727438
8,3,4,713,3.10745176579,2.88155008537,-1.06833387309,-0.168235549386
9,3,8,713,3.10784628451,2.86784141236,-1.06793935437,-0.181944222394
10,3,16,713,3.11067301287,2.91051390242,-1.06511262602,-0.139271732328
11,3,32,713,3.25301117109,2.91399559401,-0.922774467791,-0.135790040745
0,1,4,714,4.29828377293,3.38800818554,0.0068269273767,-0.0231688957192
1,1,8,714,4.29707554754,3.42538594139,0.0056187019889,0.0142088601234
2,1,16,714,4.29492812907,3.40704852946,0.00347128351569,-0.00412855179881
3,1,32,714,4.29145684555,3.41117708126,0,0
4,2,4,714,3.80580642181,3.45992363128,-0.485650423739,0.0487465500185
5,2,8,714,3.79382768592,3.41382106273,-0.497629159635,0.00264398146523
6,2,16,714,3.7800625614,3.4179843176,-0.511394284151,0.00680723633835
7,2,32,714,3.76669938735,3.38574711277,-0.524757458205,-0.0254299684928
8,3,4,714,3.59675231548,3.41827111957,-0.694704530072,0.00709403830963
9,3,8,714,3.56805283094,3.37306761401,-0.723404014616,-0.0381094672507
10,3,16,714,3.56139322138,3.36576413213,-0.730063624173,-0.0454129491285
11,3,32,714,3.82369517858,3.33672315408,-0.46776166697,-0.0744539271837
0,1,4,715,4.59006136656,3.38690388473,0.0119734565733,-0.0185365259365
1,1,8,715,4.58795570012,3.42037920193,0.00986779013654,0.0149387912652
2,1,16,715,4.58419533337,3.38696487666,0.00610742338692,-0.0184755340083
3,1,32,715,4.57808790998,3.40544041067,0,0
4,2,4,715,4.28830220101,3.52495102257,-0.289785708971,0.119510611901
5,2,8,715,4.26665519372,3.50451553565,-0.311432716259,0.0990751249765
6,2,16,715,4.24021458346,3.48055840118,-0.337873326524,0.0751179905144
7,2,32,715,4.21275349259,3.42056816339,-0.365334417393,0.0151277527244
8,3,4,715,4.09078230989,3.53053833326,-0.487305600092,0.125097922596
9,3,8,715,4.04032774051,3.43236429344,-0.537760169476,0.0269238827674
10,3,16,715,4.02502584552,3.41355414935,-0.553062064461,0.00811373867723
11,3,32,715,4.3427352543,3.35076406961,-0.235352655685,-0.0546763410602
0,1,4,716,3.90439736908,3.14257093307,0.00570164500612,-0.00509129020243
1,1,8,716,3.90309236088,3.16985199021,0.00439663681243,0.0221897669367
2,1,16,716,3.90111808067,3.15716233912,0.00242235660112,0.00950011584589
3,1,32,716,3.89869572407,3.14766222328,0,0
4,2,4,716,3.08776487144,3.04766197711,-0.810930852633,-0.100000246172
5,2,8,716,3.0864595086,3.02131984188,-0.81223621547,-0.1263423814
6,2,16,716,3.08609315804,3.05621126391,-0.812602566034,-0.0914509593623
7,2,32,716,3.08720139066,3.0588936884,-0.811494333414,-0.0887685348763
8,3,4,716,2.89470767315,3.02928793905,-1.00398805092,-0.118374284222
9,3,8,716,2.89564044533,3.02142329174,-1.00305527874,-0.126238931536
10,3,16,716,2.90001361873,3.07095043964,-0.998682105343,-0.076711783636
11,3,32,716,3.04286958252,3.05296372704,-0.855826141553,-0.0946984962404
0,1,4,717,3.5276623392,3.12395092269,0.004573198302,0.00516191134964
1,1,8,717,3.52657117097,3.13326275213,0.00348203007536,0.014473740788
2,1,16,717,3.52496114313,3.12213770021,0.00187200222841,0.00334868886691
3,1,32,717,3.5230891409,3.11878901134,0,0
4,2,4,717,2.72058661769,3.03340141203,-0.802502523204,-0.0853875993066
5,2,8,717,2.72241480066,3.01292282709,-0.800674340235,-0.105866184251
6,2,16,717,2.72642457081,3.03685415151,-0.796664570086,-0.0819348598339
7,2,32,717,2.73290920073,3.04128870058,-0.790179940168,-0.0775003107588
8,3,4,717,2.65044727287,3.00843262557,-0.872641868024,-0.110356385771
9,3,8,717,2.65191191342,2.99699320726,-0.871177227474,-0.121795804079
10,3,16,717,2.65768487608,3.0510699547,-0.86540426482,-0.0677190566391
11,3,32,717,2.66293962793,3.02123299508,-0.860149512968,-0.0975560162629
0,1,4,718,3.97938436637,3.33047520895,0.00778085585172,-0.0154682274545
1,1,8,718,3.97794077924,3.35778369809,0.00633726871937,0.01184026169
2,1,16,718,3.9754506683,3.33723301841,0.00384715777301,-0.00871041798987
3,1,32,718,3.97160351052,3.3459434364,0,0
4,2,4,718,3.44299657137,3.34158068901,-0.528606939154,-0.00436274739234
5,2,8,718,3.43653861899,3.32035576535,-0.535064891528,-0.0255876710556
6,2,16,718,3.42846339611,3.32868889327,-0.543140114412,-0.0172545431316
7,2,32,718,3.41994308732,3.30590308451,-0.551660423207,-0.0400403518987
8,3,4,718,3.34732830846,3.32580620712,-0.624275202063,-0.0201372292838
9,3,8,718,3.32375535092,3.28048751779,-0.647848159598,-0.0654559186129
10,3,16,718,3.32085093975,3.30688347831,-0.650752570775,-0.039059958094
11,3,32,718,3.43510151696,3.25901143569,-0.536501993561,-0.0869320007126
0,1,4,719,4.07616521128,3.3705470797,0.0058255291906,-0.0209672462792
1,1,8,719,4.07517413917,3.40600163103,0.00483445708888,0.0144873050466
2,1,16,719,4.07336570258,3.39116223858,0.00302602049198,-0.000352087406294
3,1,32,719,4.07033968209,3.39151432598,0,0
4,2,4,719,3.51589260608,3.39141043426,-0.554447076004,-0.000103891726897
5,2,8,719,3.51277171806,3.35623535796,-0.55756796403,-0.0352789680209
6,2,16,719,3.50752164525,3.37977118814,-0.562818036831,-0.0117431378438
7,2,32,719,3.50048765551,3.34814480329,-0.569852026576,-0.0433695226897
8,3,4,719,3.37897731393,3.33857440817,-0.691362368153,-0.0529399178126
9,3,8,719,3.35773815135,3.31308938392,-0.712601530741,-0.0784249420667
10,3,16,719,3.35563133855,3.32593624821,-0.714708343539,-0.0655780777742
11,3,32,719,3.47661085421,3.30662454948,-0.593728827871,-0.0848897764994
0,1,4,720,4.04725732396,3.19597519268,0.005552209761,-0.0227841497883
1,1,8,720,4.04622004553,3.21346411783,0.00451493133324,-0.00529522463606
2,1,16,720,4.04444237086,3.20364323044,0.00273725665791,-0.0151161120268
3,1,32,720,4.0417051142,3.21875934247,0,0
4,2,4,720,3.44028972691,3.22417233509,-0.601415387287,0.00541299262116
5,2,8,720,3.43112726198,3.21282436761,-0.61057785222,-0.00593497485533
6,2,16,720,3.4204135505,3.20385427443,-0.621291563702,-0.0149050680339
7,2,32,720,3.41061372358,3.1755018789,-0.631091390616,-0.0432574635662
8,3,4,720,3.28488355645,3.20570469626,-0.756821557754,-0.0130546462046
9,3,8,720,3.26022194997,3.1542061766,-0.781483164227,-0.0645531658679
10,3,16,720,3.25489408805,3.16064153446,-0.786811026149,-0.0581178080125
11,3,32,720,3.36082336738,3.11886103043,-0.68088174682,-0.099898312034
0,1,4,721,4.56223580589,3.26214094123,0.00437992638385,-0.01341104491
1,1,8,721,4.56146686151,3.2811093119,0.00361098200331,0.00555732575996
2,1,16,721,4.56009351762,3.26030480397,0.00223763811096,-0.0152471821676
3,1,32,721,4.55785587951,3.27555198614,0,0
4,2,4,721,4.15630696386,3.31988354419,-0.401548915651,0.044331558048
5,2,8,721,4.13822005886,3.28215961872,-0.419635820654,0.00660763258201
6,2,16,721,4.11811850666,3.28695524166,-0.439737372853,0.0114032555159
7,2,32,721,4.09970675737,3.24368845774,-0.458149122144,-0.0318635284035
8,3,4,721,3.95477294364,3.28808698559,-0.603082935874,0.0125349994487
9,3,8,721,3.92428550215,3.22439266761,-0.633570377361,-0.0511593185352
10,3,16,721,3.91632970506,3.22522182579,-0.641526174455,-0.050330160349
11,3,32,721,4.2755603022,3.19674432209,-0.282295577308,-0.0788076640488
0,1,4,722,4.65074696499,3.32499847849,0.0142753750268,-0.00819534806477
1,1,8,722,4.64815871882,3.3606088687,0.0116871288573,0.0274150421455
2,1,16,722,4.64362918434,3.32207574776,0.00715759437531,-0.0111180787957
3,1,32,722,4.63647158997,3.33319382655,0,0
4,2,4,722,4.28111451576,3.47388194286,-0.355357074209,0.14068811631
5,2,8,722,4.2590015078,3.45965469501,-0.377470082162,0.126460868458
6,2,16,722,4.23152351267,3.4304336715,-0.404948077291,0.0972398449432
7,2,32,722,4.20245759463,3.36166515412,-0.434013995339,0.0284713275663
8,3,4,722,4.03391357662,3.48463199403,-0.602558013346,0.151438167471
9,3,8,722,3.9825787302,3.3817086506,-0.653892859769,0.0485148240452
10,3,16,722,3.96530090628,3.35122907144,-0.671170683689,0.0180352448805
11,3,32,722,4.2887466606,3.29715193561,-0.347724929367,-0.0360418909477
0,1,4,723,3.94026302328,3.24022360706,0.0062194898014,-0.00278363808844
1,1,8,723,3.9390991837,3.25287855941,0.00505565021833,0.00987131426444
2,1,16,723,3.93710634295,3.24350151152,0.00306280946455,0.000494266374553
3,1,32,723,3.93404353348,3.24300724515,0,0
4,2,4,723,3.37887080582,3.29650388635,-0.555172727666,0.0534966412037
5,2,8,723,3.37174177988,3.26082797168,-0.562301753604,0.0178207265282
6,2,16,723,3.36397715553,3.26639867069,-0.570066377949,0.023391425537
7,2,32,723,3.35724105606,3.22263657429,-0.576802477424,-0.0203706708584
8,3,4,723,3.24328301572,3.25065137568,-0.690760517759,0.00764413052809
9,3,8,723,3.21979379395,3.20797307204,-0.714249739534,-0.035034173107
10,3,16,723,3.21546469292,3.20881374666,-0.718578840566,-0.0341934984888
11,3,32,723,3.32486125367,3.17712678927,-0.609182279814,-0.0658804558808
0,1,4,724,3.96605725691,3.17760870917,0.00350191318945,-0.0238237899233
1,1,8,724,3.9652212901,3.20688661197,0.00266594638456,0.00545411287733
2,1,16,724,3.96398514452,3.19110794143,0.00142980080106,-0.0103245576637
3,1,32,724,3.96255534372,3.20143249909,0,0
4,2,4,724,3.20985764473,3.02752135394,-0.752697698985,-0.173911145151
5,2,8,724,3.20844427232,3.01961777844,-0.754111071393,-0.181814720658
6,2,16,724,3.20722587468,3.05728446638,-0.755329469034,-0.144148032711
7,2,32,724,3.20687062111,3.07922769985,-0.755684722603,-0.122204799245
8,3,4,724,3.08720462902,3.03087980355,-0.8753507147,-0.170552695545
9,3,8,724,3.08868093991,3.01931846244,-0.873874403812,-0.182114036649
10,3,16,724,3.09515439077,3.09804156829,-0.86740095295,-0.103390930799
11,3,32,724,3.23208335947,3.06483832157,-0.730471984248,-0.136594177526
0,1,4,725,3.88179282669,3.47542771128,0.02140906986,0.00339829854388
1,1,8,725,3.8779718733,3.51018293743,0.0175881164705,0.0381535246942
2,1,16,725,3.87121616021,3.46360608082,0.010832403376,-0.00842333192046
3,1,32,725,3.86038375683,3.47202941274,0,0
4,2,4,725,3.50371805393,3.72677320767,-0.356665702904,0.254743794933
5,2,8,725,3.48988660767,3.73014120988,-0.370497149157,0.258111797143
6,2,16,725,3.4700019365,3.65804954035,-0.390381820326,0.186020127613
7,2,32,725,3.44595231861,3.57577793778,-0.414431438219,0.103748525045
8,3,4,725,3.42845531361,3.73706861387,-0.431928443222,0.265039201127
9,3,8,725,3.36196537787,3.61635289281,-0.498418378962,0.144323480073
10,3,16,725,3.34063719589,3.5561206929,-0.519746560939,0.0840912801608
11,3,32,725,3.31209275369,3.46914952946,-0.548291003144,-0.00287988327848
0,1,4,726,3.95284068589,3.48508207857,0.0184899761538,-0.00562709947429
1,1,8,726,3.94962654645,3.52390793571,0.015275836719,0.0331987576612
2,1,16,726,3.9438452802,3.48860667128,0.00949457046731,-0.0021025067696
3,1,32,726,3.93435070973,3.49070917805,0,0
4,2,4,726,3.55141790654,3.71714947815,-0.382932803192,0.226440300099
5,2,8,726,3.54138487971,3.70891491726,-0.392965830021,0.218205739213
6,2,16,726,3.52518033941,3.65985026747,-0.409170370326,0.169141089417
7,2,32,726,3.50389420522,3.57375578684,-0.430456504512,0.0830466087891
8,3,4,726,3.44423220245,3.69911580967,-0.490118507279,0.208406631623
9,3,8,726,3.3835205512,3.60183945911,-0.550830158532,0.111130281063
10,3,16,726,3.3649701255,3.54356615094,-0.569380584228,0.0528569728901
11,3,32,726,3.34008227924,3.47812586512,-0.594268430492,-0.0125833129275
0,1,4,727,4.42196907001,3.58483054482,0.0282947140178,0.0128396839076
1,1,8,727,4.41700686707,3.6285733534,0.0233325110771,0.0565824924888
2,1,16,727,4.40813118261,3.56953477782,0.0144568266172,-0.00245608309476
3,1,32,727,4.39367435599,3.57199086092,0,0
4,2,4,727,4.31216252215,3.98661234135,-0.0815118338465,0.414621480434
5,2,8,727,4.28637835338,3.97920459892,-0.107296002611,0.407213737999
6,2,16,727,4.25087892105,3.89004296063,-0.142795434941,0.318052099717
7,2,32,727,4.20890721277,3.75127773449,-0.184767143224,0.179286873571
8,3,4,727,4.14013280126,4.00651502195,-0.253541554735,0.434524161038
9,3,8,727,4.04500302529,3.83902262424,-0.348671330707,0.267031763327
10,3,16,727,4.01147634758,3.73116428966,-0.382198008416,0.159173428746
11,3,32,727,4.15522246751,3.6326201481,-0.238451888481,0.0606292871803
0,1,4,728,4.19023527507,3.39243965001,0.0133460955147,-0.00782005525071
1,1,8,728,4.18790653054,3.42639135115,0.0110173509881,0.0261316458927
2,1,16,728,4.18372828997,3.38790237812,0.0068391104195,-0.0123573271375
3,1,32,728,4.17688917955,3.40025970526,0,0
4,2,4,728,3.7526648283,3.54572450626,-0.42422435125,0.145464801008
5,2,8,728,3.73993742237,3.53806371647,-0.436951757188,0.137804011215
6,2,16,728,3.72218829911,3.5015262754,-0.454700880445,0.101266570143
7,2,32,728,3.7014759359,3.43886238389,-0.475413243649,0.0386026786366
8,3,4,728,3.62891053772,3.52805075232,-0.547978641837,0.127791047064
9,3,8,728,3.57972676386,3.43959505379,-0.597162415694,0.0393353485354
10,3,16,728,3.56479795574,3.40416605343,-0.612091223808,0.00390634816908
11,3,32,728,3.66836615157,3.35623801629,-0.508523027984,-0.0440216889705
0,1,4,729,3.55675018253,3.05781546849,0.00233975600973,-0.00108376595223
1,1,8,729,3.55609303145,3.05747382051,0.00168260492946,-0.00142541393223
2,1,16,729,3.55521196523,3.05144921547,0.000801538709644,-0.00745001897268
3,1,32,729,3.55441042652,3.05889923444,0,0
4,2,4,729,2.74477126671,2.99098443047,-0.809639159804,-0.0679148039768
5,2,8,729,2.74317781383,2.9764273894,-0.811232612684,-0.0824718450482
6,2,16,729,2.74405855068,2.9805050844,-0.81035187584,-0.0783941500397
7,2,32,729,2.74901261331,2.98413582633,-0.805397813207,-0.0747634081183
8,3,4,729,2.66378284694,2.96308061265,-0.890627579572,-0.0958186217978
9,3,8,729,2.66206018861,2.94106818239,-0.892350237911,-0.117831052056
10,3,16,729,2.6654682515,2.97903823848,-0.888942175015,-0.079860995966
11,3,32,729,2.67025188937,2.94813884939,-0.884158537146,-0.110760385049
0,1,4,730,4.31763214786,3.25093246692,0.00998490156876,-0.00349180764419
1,1,8,730,4.31571574993,3.28187804607,0.00806850363718,0.0274537715053
2,1,16,730,4.31248284316,3.25419058581,0.00483559686671,-0.000233688757265
3,1,32,730,4.30764724629,3.25442427457,0,0
4,2,4,730,3.75928880676,3.28699168103,-0.548358439528,0.0325674064601
5,2,8,730,3.7474161773,3.26426670612,-0.560231068994,0.00984243154791
6,2,16,730,3.73301258028,3.26957865838,-0.57463466601,0.0151543838148
7,2,32,730,3.71813485661,3.23040182729,-0.589512389684,-0.0240224472756
8,3,4,730,3.54905930483,3.27716949842,-0.758587941459,0.0227452238535
9,3,8,730,3.52213461284,3.22020618863,-0.785512633451,-0.0342180859362
10,3,16,730,3.51522706118,3.22754610639,-0.79242018511,-0.0268781681775
11,3,32,730,3.75776459772,3.19483268237,-0.549882648568,-0.0595915921975
0,1,4,731,4.34709234059,3.27164659915,0.00414088536559,-0.0195079599883
1,1,8,731,4.34638905293,3.29450181915,0.00343759771095,0.00334726000539
2,1,16,731,4.34510341576,3.27573090867,0.00215196053465,-0.0154236504732
3,1,32,731,4.34295145522,3.29115455914,0,0
4,2,4,731,3.87453194165,3.26316410105,-0.468419513575,-0.0279904580904
5,2,8,731,3.86489631129,3.24218062793,-0.478055143929,-0.0489739312133
6,2,16,731,3.85267929582,3.26469427975,-0.490272159403,-0.0264602793909
7,2,32,731,3.83977039077,3.23189500435,-0.503181064451,-0.0592595547866
8,3,4,731,3.7458143406,3.23681290248,-0.597137114624,-0.0543416566571
9,3,8,731,3.72255141359,3.19088096376,-0.620400041634,-0.100273595377
10,3,16,731,3.71946900226,3.22094659244,-0.623482452958,-0.070207966698
11,3,32,731,3.94149389208,3.19124689365,-0.40145756314,-0.0999076654886
0,1,4,732,3.96787652125,3.22165357115,0.00774021227469,-0.00995426964535
1,1,8,732,3.96638878494,3.23729634698,0.00625247596481,0.00568850619021
2,1,16,732,3.96388320916,3.21894507228,0.00374690018831,-0.0126627685149
3,1,32,732,3.96013630897,3.23160784079,0,0
4,2,4,732,3.38815648631,3.26981421684,-0.571979822662,0.0382063760516
5,2,8,732,3.37754947463,3.25520795517,-0.582586834348,0.0236001143749
6,2,16,732,3.3658480972,3.23805165969,-0.594288211772,0.00644381889732
7,2,32,732,3.35562725381,3.20906979802,-0.604509055164,-0.022538042777
8,3,4,732,3.25859055104,3.25821486357,-0.701545757936,0.0266070227777
9,3,8,732,3.23132466666,3.19696407141,-0.728811642314,-0.0346437693873
10,3,16,732,3.22484828318,3.20064452545,-0.735288025798,-0.03096331534
11,3,32,732,3.33727356366,3.1505488701,-0.62286274531,-0.0810589706886
0,1,4,733,3.71926819579,3.22590533392,0.00226225678,-0.0315483273851
1,1,8,733,3.71873718681,3.26546386663,0.00173124780286,0.00801020532395
2,1,16,733,3.71794714264,3.26626006302,0.000941203625,0.0088064017099
3,1,32,733,3.71700593901,3.25745366131,0,0
4,2,4,733,2.8145506156,3.10754194049,-0.902455323408,-0.149911720816
5,2,8,733,2.82232740568,3.08024590635,-0.894678533335,-0.177207754957
6,2,16,733,2.8307603933,3.12663472229,-0.886245545706,-0.130818939017
7,2,32,733,2.83873723204,3.14156492341,-0.878268706968,-0.115888737898
8,3,4,733,2.64257742433,3.0557118013,-1.07442851468,-0.201741860008
9,3,8,733,2.64967836665,3.08036328089,-1.06732757236,-0.17709038042
10,3,16,733,2.6579509713,3.12956925631,-1.05905496771,-0.127884404996
11,3,32,733,2.66676079838,3.12861029335,-1.05024514063,-0.128843367961
0,1,4,734,4.05320681461,3.36365183661,0.00913772578081,-0.0259846098113
1,1,8,734,4.05151480597,3.40644847534,0.00744571713684,0.0168120289186
2,1,16,734,4.04859203606,3.38598186215,0.00452294722461,-0.00365458427009
3,1,32,734,4.04406908883,3.38963644642,0,0
4,2,4,734,3.45871004571,3.3581084613,-0.585359043119,-0.0315279851173
5,2,8,734,3.45433841331,3.33978048488,-0.589730675517,-0.0498559615377
6,2,16,734,3.44745862112,3.35555135754,-0.596610467715,-0.0340850888801
7,2,32,734,3.43856217471,3.33788862807,-0.605506914124,-0.0517478183463
8,3,4,734,3.31192551786,3.3479314937,-0.732143570974,-0.0417049527171
9,3,8,734,3.29007237215,3.31236565154,-0.75399671668,-0.0772707948846
10,3,16,734,3.28771867831,3.34095333865,-0.756350410522,-0.0486831077759
11,3,32,734,3.40511521688,3.29808476355,-0.63895387195,-0.0915516828675
0,1,4,735,4.33576828902,3.12345931734,0.0116328726743,-0.00162177014237
1,1,8,735,4.3334529584,3.14987691823,0.00931754204842,0.0247958307537
2,1,16,735,4.32963672239,3.12138386066,0.00550130604166,-0.00369722682166
3,1,32,735,4.32413541635,3.12508108748,0,0
4,2,4,735,3.69795428299,3.13956090469,-0.62618113336,0.014479817213
5,2,8,735,3.68441324501,3.13976432752,-0.639722171342,0.0146832400455
6,2,16,735,3.66791669273,3.13331492204,-0.656218723614,0.0082338345568
7,2,32,735,3.65115251431,3.09543420201,-0.67298290204,-0.0296468854643
8,3,4,735,3.45689493471,3.16139609385,-0.867240481641,0.036315006368
9,3,8,735,3.43004865853,3.09212591491,-0.894086757823,-0.0329551725719
10,3,16,735,3.42185685588,3.10361198349,-0.902278560467,-0.0214691039868
11,3,32,735,3.64441191866,3.06099428533,-0.67972349769,-0.0640868021467
0,1,4,736,3.87253102848,3.52703403279,0.0213420567449,0.00747009620043
1,1,8,736,3.86875978078,3.56544590007,0.017570809042,0.0458819634819
2,1,16,736,3.86204825417,3.52056714471,0.0108592824319,0.00100320812425
3,1,32,736,3.85118897173,3.51956393659,0,0
4,2,4,736,3.50937031352,3.79042597064,-0.341818658214,0.270862034049
5,2,8,736,3.49792819846,3.77932673414,-0.353260773272,0.259762797546
6,2,16,736,3.48045780455,3.72010470957,-0.370731167186,0.200540772983
7,2,32,736,3.4580670838,3.62985257013,-0.393121887938,0.110288633536
8,3,4,736,3.42940740717,3.77886310106,-0.421781564564,0.259299164472
9,3,8,736,3.36402533025,3.66960896088,-0.487163641482,0.150045024289
10,3,16,736,3.34358049622,3.60475348946,-0.507608475517,0.0851895528663
11,3,32,736,3.31670598691,3.53005012147,-0.534482984824,0.0104861848819
0,1,4,737,4.76057279892,3.22661322924,-0.00159968361133,-0.0478711470644
1,1,8,737,4.76083320966,3.27007725284,-0.00133927287152,-0.00440712347246
2,1,16,737,4.76131942586,3.25375269348,-0.000853056679762,-0.0207316828242
3,1,32,737,4.76217248254,3.27448437631,0,0
4,2,4,737,4.15492299664,3.05828225093,-0.607249485898,-0.216202125374
5,2,8,737,4.14582951581,3.03594730864,-0.616342966729,-0.238537067669
6,2,16,737,4.1349302984,3.0992434504,-0.627242184138,-0.175240925904
7,2,32,737,4.12414850724,3.11644358492,-0.6380239753,-0.158040791393
8,3,4,737,3.91976545583,3.04523272792,-0.842407026702,-0.229251648392
9,3,8,737,3.91911019493,3.03686215564,-0.84306228761,-0.237622220669
10,3,16,737,3.92443638967,3.11686660222,-0.837736092867,-0.157617774089
11,3,32,737,4.34205635834,3.11217303592,-0.420116124194,-0.16231134039
0,1,4,738,3.81684060537,3.31027918743,0.0174810527826,-0.000178950491784
1,1,8,738,3.81358269692,3.34193577159,0.0142231443312,0.0314776336603
2,1,16,738,3.80798434406,3.31245155037,0.00862479146996,0.00199341244302
3,1,32,738,3.79935955259,3.31045813793,0,0
4,2,4,738,3.21796805118,3.46770298014,-0.581391501406,0.157244842215
5,2,8,738,3.20862172035,3.46591768921,-0.590737832238,0.15545955128
6,2,16,738,3.1955275738,3.41864397098,-0.603831978789,0.108185833057
7,2,32,738,3.18027394843,3.35916546998,-0.619085604159,0.0487073320548
8,3,4,738,3.05909173055,3.47154306319,-0.740267822034,0.161084925267
9,3,8,738,3.01383943135,3.38677634093,-0.785520121237,0.076318203003
10,3,16,738,2.99944491769,3.34844671421,-0.799914634903,0.0379885762803
11,3,32,738,2.98306793741,3.28338768873,-0.816291615179,-0.0270704492005
0,1,4,739,4.2652146076,3.5424979171,0.0225997260597,0.00339653967364
1,1,8,739,4.26131751679,3.58400346923,0.0187026352533,0.0449020918053
2,1,16,739,4.25426899879,3.53351063584,0.0116541172464,-0.00559074158
3,1,32,739,4.24261488154,3.53910137742,0,0
4,2,4,739,4.03751900532,3.85072679156,-0.205095876223,0.311625414133
5,2,8,739,4.01996471731,3.8465586628,-0.222650164231,0.307457285375
6,2,16,739,3.99381970993,3.78191154084,-0.248795171609,0.242810163412
7,2,32,739,3.96109372294,3.66682117254,-0.281521158601,0.12771979512
8,3,4,739,3.91714008627,3.84749654745,-0.325474795268,0.308395170027
9,3,8,739,3.83860536791,3.71467659055,-0.404009513636,0.175575213129
10,3,16,739,3.81269878244,3.63500241518,-0.429916099099,0.0959010377528
11,3,32,739,3.87808477354,3.55887467456,-0.364530108005,0.0197732971335
0,1,4,740,3.73846749857,3.24949266064,0.0117582619778,0.00239805799899
1,1,8,740,3.73619945452,3.27736872864,0.00949021793495,0.0302741260054
2,1,16,740,3.73238760715,3.24964926802,0.00567837056408,0.00255466537872
3,1,32,740,3.72670923659,3.24709460264,0,0
4,2,4,740,3.02013058994,3.30376564437,-0.706578646649,0.0566710417348
5,2,8,740,3.01643703724,3.29521556593,-0.71027219935,0.0481209632955
6,2,16,740,3.01111207981,3.2755767899,-0.715597156779,0.0284821872652
7,2,32,740,3.00495888755,3.2452691828,-0.721750349038,-0.0018254198395
8,3,4,740,2.8940612532,3.28481506476,-0.832647983389,0.0377204621234
9,3,8,740,2.86888086939,3.23415112127,-0.857828367193,-0.0129434813656
10,3,16,740,2.86257907418,3.22693311416,-0.864130162406,-0.0201614884758
11,3,32,740,2.85599462021,3.19034787498,-0.870714616374,-0.056746727661
0,1,4,741,4.25554757877,3.2897199201,0.00588247006996,-0.022622214706
1,1,8,741,4.25447551562,3.31465067303,0.00481040691667,0.00230853822583
2,1,16,741,4.25260727941,3.30131597029,0.00294217070462,-0.0110261645137
3,1,32,741,4.2496651087,3.3123421348,0,0
4,2,4,741,3.74923102016,3.34892520901,-0.500434088546,0.0365830742083
5,2,8,741,3.7358379144,3.31497198086,-0.5138271943,0.00262984605142
6,2,16,741,3.7209939816,3.31190960402,-0.528671127109,-0.000432530782041
7,2,32,741,3.70760902232,3.2795919717,-0.542056086387,-0.0327501631052
8,3,4,741,3.55296955815,3.32125541796,-0.69669555055,0.00891328315979
9,3,8,741,3.52474706616,3.26774887459,-0.724918042545,-0.044593260214
10,3,16,741,3.51800201469,3.26625946225,-0.73166309401,-0.0460826725591
11,3,32,741,3.75501875989,3.22729394404,-0.494646348816,-0.0850481907639
0,1,4,742,3.9256958743,3.06208508857,0.000487015358735,-0.0172110208532
1,1,8,742,3.9254449459,3.07150994664,0.000236086955739,-0.00778616279034
2,1,16,742,3.92519596223,3.0764868339,-1.28967078052e-05,-0.00280927552236
3,1,32,742,3.92520885894,3.07929610943,0,0
4,2,4,742,3.13578621633,3.00822091237,-0.78942264261,-0.0710751970563
5,2,8,742,3.13129562946,2.9788069517,-0.79391322948,-0.100489157726
6,2,16,742,3.1284186981,2.99730496447,-0.796790160839,-0.08199114496
7,2,32,742,3.12924609021,2.99040411754,-0.795962768726,-0.0888919918871
8,3,4,742,2.93142179529,2.96464176759,-0.993787063646,-0.114654341832
9,3,8,742,2.92897881437,2.95206265458,-0.996230044572,-0.127233454848
10,3,16,742,2.93125408294,2.97739260505,-0.993954775996,-0.101903504379
11,3,32,742,3.06142503859,2.96421815951,-0.863783820353,-0.115077949917
0,1,4,743,4.03423086678,3.15302537651,-0.000443288745505,-0.0109478683101
1,1,8,743,4.03420810745,3.17043276991,-0.000466048073232,0.00645952508313
2,1,16,743,4.03428584205,3.14945146684,-0.000388313474142,-0.0145217779858
3,1,32,743,4.03467415552,3.16397324482,0,0
4,2,4,743,3.311555408,3.02674924888,-0.723118747517,-0.137223995946
5,2,8,743,3.30975114176,3.01099203546,-0.72492301376,-0.152981209367
6,2,16,743,3.30840290701,3.04545249485,-0.726271248513,-0.118520749978
7,2,32,743,3.30850888741,3.0562519599,-0.726165268108,-0.107721284925
8,3,4,743,3.23012322768,2.98794649305,-0.804550927845,-0.176026751773
9,3,8,743,3.23118518915,2.9765507478,-0.803488966375,-0.18742249702
10,3,16,743,3.23676388274,3.03627468453,-0.797910272785,-0.127698560291
11,3,32,743,3.3882586316,3.03267555209,-0.646415523917,-0.131297692736
0,1,4,744,4.02710307136,3.32343592289,0.00777284843314,-0.0214996371413
1,1,8,744,4.02566785526,3.35779105202,0.00633763232762,0.01285549199
2,1,16,744,4.02318491688,3.34443452546,0.00385469394929,-0.000501034567777
3,1,32,744,4.01933022293,3.34493556003,0,0
4,2,4,744,3.44022562936,3.32085337804,-0.579104593569,-0.0240821819844
5,2,8,744,3.43644872312,3.29645794895,-0.582881499808,-0.0484776110756
6,2,16,744,3.43062816117,3.31895568278,-0.588702061754,-0.0259798772507
7,2,32,744,3.42326651867,3.29276730007,-0.596063704261,-0.0521682599518
8,3,4,744,3.29422234658,3.29845501389,-0.725107876345,-0.0464805461388
9,3,8,744,3.2740729364,3.26727167684,-0.745257286524,-0.0776638831827
10,3,16,744,3.27247102377,3.29492136077,-0.746859199153,-0.0500141992605
11,3,32,744,3.38246972453,3.25711662248,-0.636860498394,-0.0878189375463
0,1,4,745,4.27166923613,3.08786014673,0.00299827893169,-0.0187955655009
1,1,8,745,4.27089506871,3.10910414125,0.00222411151493,0.00244842901543
2,1,16,745,4.26980234565,3.09042726723,0.00113138845607,-0.0162284450062
3,1,32,745,4.2686709572,3.10665571223,0,0
4,2,4,745,3.5622293981,2.96911996681,-0.706441559102,-0.137535745425
5,2,8,745,3.5523166004,2.96150808853,-0.716354356799,-0.145147623701
6,2,16,745,3.54241590213,2.98450161471,-0.726255055067,-0.122154097521
7,2,32,745,3.53516820864,2.9957614627,-0.733502748558,-0.110894249534
8,3,4,745,3.37153056237,2.98062578038,-0.897140394824,-0.126029931859
9,3,8,745,3.36731066607,2.94752196071,-0.901360291127,-0.159133751526
10,3,16,745,3.36940001624,3.00914106652,-0.899270940955,-0.0975146457153
11,3,32,745,3.6377303188,2.9779203999,-0.630940638399,-0.128735312338
0,1,4,746,3.87984598174,3.28633781651,0.00602969109742,-0.0288585898256
1,1,8,746,3.87877609901,3.31795046322,0.00495980836778,0.00275405689167
2,1,16,746,3.8768772858,3.30550454718,0.00306099515472,-0.00969185915048
3,1,32,746,3.87381629064,3.31519640633,0,0
4,2,4,746,3.22086961589,3.25783115417,-0.652946674757,-0.0573652521646
5,2,8,746,3.22128716638,3.25324983373,-0.652529124267,-0.0619465726021
6,2,16,746,3.21925559694,3.26869276845,-0.654560693707,-0.0465036378766
7,2,32,746,3.2148215069,3.25041894333,-0.658994783744,-0.0647774630046
8,3,4,746,3.12861214651,3.23276590382,-0.745204144137,-0.0824305025118
9,3,8,746,3.11078385058,3.20580288465,-0.763032440064,-0.109393521686
10,3,16,746,3.11040926431,3.23703525955,-0.763407026335,-0.0781611467815
11,3,32,746,3.10355093282,3.2031544679,-0.77026535782,-0.112041938436
0,1,4,747,4.0581595056,3.49037896412,0.0126481922623,-0.0179982134536
1,1,8,747,4.05597379251,3.5301752042,0.0104624791738,0.0217980266269
2,1,16,747,4.05202527265,3.50565634318,0.00651395931437,-0.0027208343975
3,1,32,747,4.04551131334,3.50837717758,0,0
4,2,4,747,3.65498133729,3.62290246412,-0.390529976046,0.114525286537
5,2,8,747,3.64615434203,3.59303360727,-0.399356971305,0.0846564296898
6,2,16,747,3.63335958674,3.58330052325,-0.412151726599,0.0749233456717
7,2,32,747,3.61757430456,3.52728267695,-0.427937008776,0.0189054993729
8,3,4,747,3.53546340783,3.59602631117,-0.510047905512,0.087649133588
9,3,8,747,3.49222929686,3.53100770649,-0.553282016483,0.0226305289112
10,3,16,747,3.48187907237,3.51505161031,-0.563632240966,0.00667443273211
11,3,32,747,3.57978177461,3.45931895321,-0.465729538732,-0.0490582243677
0,1,4,748,4.10921415881,3.4201074377,0.0112944292948,-0.0180254005162
1,1,8,748,4.1071335587,3.47285690198,0.00921382918082,0.0347240637564
2,1,16,748,4.10352856708,3.43747337218,0.00560883756184,-0.00065946603796
3,1,32,748,4.09791972952,3.43813283822,0,0
4,2,4,748,3.49303982946,3.45911605279,-0.60487990006,0.0209832145677
5,2,8,748,3.48721672352,3.43787171237,-0.610703005998,-0.000261125854031
6,2,16,748,3.47837596595,3.43630596478,-0.619543763562,-0.00182687344561
7,2,32,748,3.46707210214,3.41671921335,-0.630847627374,-0.0214136248665
8,3,4,748,3.32578008678,3.43858940555,-0.772139642737,0.000456567330867
9,3,8,748,3.29882584268,3.39532613368,-0.799093886837,-0.0428067045459
10,3,16,748,3.29292836032,3.39737397566,-0.804991369197,-0.0407588625656
11,3,32,748,3.43408881049,3.36745707169,-0.663830919029,-0.0706757665329
0,1,4,749,4.39270796661,3.1814150177,0.00609156590275,-0.0298583316229
1,1,8,749,4.39156663759,3.20901992412,0.0049502368758,-0.0022534252002
2,1,16,749,4.38961323246,3.19405731038,0.00299683174792,-0.0172160389475
3,1,32,749,4.38661640071,3.21127334932,0,0
4,2,4,749,3.79779908192,3.19659482631,-0.588817318787,-0.0146785230082
5,2,8,749,3.78468182,3.19005968568,-0.601934580705,-0.0212136636433
6,2,16,749,3.76872749118,3.18518449137,-0.617888909531,-0.0260888579516
7,2,32,749,3.75299209415,3.15651384392,-0.633624306562,-0.0547595054026
8,3,4,749,3.56639823199,3.19292304223,-0.820218168725,-0.0183503070922
9,3,8,749,3.54003937966,3.13573359141,-0.846577021051,-0.0755397579126
10,3,16,749,3.53308377527,3.14343643669,-0.853532625442,-0.0678369126322
11,3,32,749,3.75441084015,3.10716820622,-0.63220556056,-0.104105143104
0,1,4,750,4.64564293547,3.16690829678,0.000556399643131,-0.0379048661734
1,1,8,750,4.64543216459,3.20346597268,0.000345628770869,-0.00134719027326
2,1,16,750,4.6451858647,3.19034755072,9.93288786519e-05,-0.0144656122292
3,1,32,750,4.64508653582,3.20481316295,0,0
4,2,4,750,4.01385244399,3.01085973908,-0.631234091832,-0.193953423868
5,2,8,750,4.00457218057,2.99131114333,-0.640514355258,-0.213502019623
6,2,16,750,3.99384666585,3.05020249807,-0.651239869972,-0.154610664874
7,2,32,750,3.98367942193,3.05910563367,-0.661407113893,-0.145707529274
8,3,4,750,3.76902795114,3.00988685804,-0.876058584681,-0.194926304913
9,3,8,750,3.76756213009,2.99542487092,-0.877524405729,-0.209388292029
10,3,16,750,3.7721422908,3.0736958133,-0.872944245023,-0.131117349646
11,3,32,750,4.15526163869,3.05870188629,-0.489824897131,-0.146111276659
0,1,4,751,3.72295133108,3.42257655232,0.00673972412662,-0.0100896745046
1,1,8,751,3.72180255821,3.45220378538,0.00559095125129,0.0195375585564
2,1,16,751,3.71970892518,3.42398985449,0.00349731822323,-0.00867637233234
3,1,32,751,3.71621160696,3.43266622683,0,0
4,2,4,751,3.15166456743,3.46762626952,-0.56454703953,0.0349600426946
5,2,8,751,3.15080455189,3.44221651867,-0.565407055064,0.00955029184567
6,2,16,751,3.14850596108,3.43863820807,-0.567705645881,0.00597198124801
7,2,32,751,3.14484447953,3.4171340893,-0.571367127429,-0.0155321375273
8,3,4,751,3.1384646645,3.41102439986,-0.577746942457,-0.0216418269698
9,3,8,751,3.11395938764,3.37476088557,-0.602252219321,-0.0579053412601
10,3,16,751,3.11095321171,3.37902095949,-0.605258395243,-0.0536452673317
11,3,32,751,3.10349830291,3.3510807876,-0.612713304051,-0.0815854392255
0,1,4,752,4.21241572939,3.32917094076,0.0107120940275,-0.014053775463
1,1,8,752,4.21035737557,3.36589157253,0.00865374020688,0.0226668563025
2,1,16,752,4.20688610019,3.34355222075,0.00518246483232,0.00032750452481
3,1,32,752,4.20170363536,3.34322471623,0,0
4,2,4,752,3.68107315997,3.36393401733,-0.520630475389,0.0207093010981
5,2,8,752,3.66950299362,3.33305684941,-0.532200641735,-0.0101678668187
6,2,16,752,3.65605192709,3.34076570261,-0.545651708273,-0.00245901362177
7,2,32,752,3.64261047397,3.31245755662,-0.559093161391,-0.0307671596116
8,3,4,752,3.47584891854,3.36355104848,-0.725854716814,0.0203263322505
9,3,8,752,3.44926594298,3.31101210131,-0.752437692379,-0.0322126149152
10,3,16,752,3.44365565116,3.32737205855,-0.758047984199,-0.0158526576797
11,3,32,752,3.68297752218,3.27692013627,-0.518726113182,-0.0663045799525
0,1,4,753,3.94194064291,3.17424912437,0.00850280383408,0.0155295618674
1,1,8,753,3.94028411214,3.18064177662,0.00684627306442,0.0219222141195
2,1,16,753,3.93751968884,3.15925667892,0.00408184976833,0.000537116417584
3,1,32,753,3.93343783907,3.1587195625,0,0
4,2,4,753,3.35548276177,3.25754476544,-0.577955077307,0.098825202932
5,2,8,753,3.34524718655,3.230783234,-0.588190652525,0.0720636714911
6,2,16,753,3.33433671488,3.21620878081,-0.59910112419,0.0574892183061
7,2,32,753,3.32511426134,3.16579014226,-0.60832357773,0.00707057975867
8,3,4,753,3.21862351861,3.22166769739,-0.714814320461,0.0629481348814
9,3,8,753,3.19105456809,3.16014929984,-0.742383270987,0.001429737338
10,3,16,753,3.18335589525,3.14616943647,-0.750081943827,-0.0125501260379
11,3,32,753,3.29960088817,3.11460069385,-0.633836950906,-0.0441188686542
0,1,4,754,3.94916362009,3.25559975048,0.00821407888183,-0.0121629226364
1,1,8,754,3.94759369943,3.27668323079,0.00664415822701,0.008920557679
2,1,16,754,3.94494040406,3.26234473705,0.00399086284992,-0.00541793606697
3,1,32,754,3.94094954121,3.26776267311,0,0
4,2,4,754,3.35340633257,3.31678490134,-0.58754320864,0.0490222282292
5,2,8,754,3.34391575842,3.29207987,-0.597033782782,0.0243171968889
6,2,16,754,3.33349882651,3.27943594286,-0.607450714695,0.0116732697463
7,2,32,754,3.32437537973,3.24841349603,-0.616574161473,-0.0193491770846
8,3,4,754,3.19319434808,3.29560495329,-0.747755193124,0.0278422801761
9,3,8,754,3.16657996505,3.24247171003,-0.774369576161,-0.0252909630885
10,3,16,754,3.16029701491,3.23956219835,-0.780652526294,-0.0282004747684
11,3,32,754,3.27536654107,3.19379032531,-0.665583000139,-0.0739723478022
0,1,4,755,4.15066533774,3.17462250675,0.00989370649483,-0.0112782185484
1,1,8,755,4.14869190697,3.19413288801,0.00792027572502,0.00823216271161
2,1,16,755,4.14544577901,3.18248091951,0.0046741477664,-0.0034198057905
3,1,32,755,4.14077163124,3.1859007253,0,0
4,2,4,755,3.55501428884,3.24689056398,-0.585757342405,0.0609898386828
5,2,8,755,3.53934805079,3.22276236702,-0.601423580451,0.0368616417219
6,2,16,755,3.52275743079,3.2041632643,-0.618014200455,0.018262539002
7,2,32,755,3.50878333292,3.16788681566,-0.631988298323,-0.0180139096374
8,3,4,755,3.30247224155,3.2507774137,-0.838299389698,0.0648766883965
9,3,8,755,3.27336417596,3.18406139242,-0.867407455284,-0.00183933287912
10,3,16,755,3.26448795627,3.1767900632,-0.876283674978,-0.00911066210333
11,3,32,755,3.48229386989,3.12097588715,-0.658477761353,-0.0649248381457
0,1,4,756,3.68331675548,3.33594764827,0.00720090167207,-0.0144731593396
1,1,8,756,3.6819914013,3.35996277725,0.0058755474943,0.0095419696359
2,1,16,756,3.67969452667,3.35178313654,0.0035786728668,0.00136232892813
3,1,32,756,3.67611585381,3.35042080761,0,0
4,2,4,756,3.08411379679,3.34681252088,-0.592002057016,-0.00360828673484
5,2,8,756,3.08419208976,3.31782693164,-0.591923764049,-0.0325938759748
6,2,16,756,3.08351521853,3.33575407749,-0.592600635275,-0.0146667301183
7,2,32,756,3.08202786369,3.30984889084,-0.594087990117,-0.0405719167728
8,3,4,756,3.01366141915,3.30973751587,-0.662454434657,-0.04068329174
9,3,8,756,2.99513212189,3.28390545506,-0.680983731918,-0.0665153525551
10,3,16,756,2.9950933754,3.30996112883,-0.681022478404,-0.04045967878
11,3,32,756,2.9900814785,3.26660352797,-0.686034375308,-0.0838172796369
0,1,4,757,4.63346053505,3.29973014549,0.00554874404208,-0.0175010401344
1,1,8,757,4.63247395916,3.326383365,0.00456216815498,0.00915217937606
2,1,16,757,4.6307252855,3.29744390714,0.0028134944971,-0.0197872784895
3,1,32,757,4.627911791,3.31723118563,0,0
4,2,4,757,4.23420206543,3.35925111195,-0.393709725571,0.0420199263171
5,2,8,757,4.21431993012,3.32686596924,-0.413591860886,0.00963478361231
6,2,16,757,4.19193368243,3.3230972324,-0.435978108575,0.0058660467762
7,2,32,757,4.17099683796,3.28746660973,-0.456914953048,-0.0297645758987
8,3,4,757,4.02731797904,3.33962939178,-0.600593811959,0.0223982061513
9,3,8,757,3.99418457069,3.26864682105,-0.633727220309,-0.0485843645741
10,3,16,757,3.98491525901,3.26828468188,-0.642996531992,-0.0489465037526
11,3,32,757,4.37227829138,3.23520515288,-0.255633499627,-0.0820260327466
0,1,4,758,4.03682759659,3.3967201613,0.0175039605641,0.0104240589992
1,1,8,758,4.03361688141,3.42964630562,0.0142932453797,0.0433502033209
2,1,16,758,4.02804077977,3.38929024802,0.00871714373971,0.00299414572075
3,1,32,758,4.01932363603,3.3862961023,0,0
4,2,4,758,3.58480094494,3.57894202497,-0.434522691085,0.192645922672
5,2,8,758,3.57158333534,3.55960494904,-0.447740300693,0.173308846744
6,2,16,758,3.55431532629,3.5209843733,-0.465008309744,0.134688270997
7,2,32,758,3.53484400364,3.45140842093,-0.484479632388,0.0651123186305
8,3,4,758,3.44042519802,3.57058254486,-0.57889843801,0.184286442558
9,3,8,758,3.39050332688,3.47819962615,-0.628820309151,0.0919035238547
10,3,16,758,3.37478064402,3.43770308403,-0.644542992012,0.0514069817345
11,3,32,758,3.47915277661,3.37881185214,-0.540170859424,-0.00748425015766
0,1,4,759,4.09279540403,3.14582195978,-0.00107563034808,-0.0360543984052
1,1,8,759,4.0929194179,3.17351775551,-0.000951616477757,-0.00835860267701
2,1,16,759,4.09321933813,3.16951262364,-0.000651696257336,-0.0123637345435
3,1,32,759,4.09387103438,3.18187635818,0,0
4,2,4,759,3.29742860192,3.02698024138,-0.796442432458,-0.154896116799
5,2,8,759,3.29627705559,3.01035208558,-0.797593978793,-0.171524272602
6,2,16,759,3.2951681991,3.04442161185,-0.798702835279,-0.137454746332
7,2,32,759,3.29521712249,3.05707513553,-0.798653911895,-0.124801222654
8,3,4,759,3.11880202472,2.9871840008,-0.97506900966,-0.194692357383
9,3,8,759,3.12029134343,2.9871639903,-0.973579690948,-0.194712367882
10,3,16,759,3.12544773056,3.03558997183,-0.968423303827,-0.146286386348
11,3,32,759,3.26745911076,3.0327800069,-0.826411923621,-0.14909635128
0,1,4,760,3.8472642837,3.40996810268,0.0216173423159,0.0080725011622
1,1,8,760,3.84333401878,3.43967725501,0.0176870773934,0.0377816534909
2,1,16,760,3.83646879489,3.3977536085,0.0108218535086,-0.00414199302092
3,1,32,760,3.82564694139,3.40189560152,0,0
4,2,4,760,3.43253602131,3.64305510163,-0.393110920074,0.241159500112
5,2,8,760,3.41887145927,3.64696389731,-0.406775482119,0.245068295792
6,2,16,760,3.39973386342,3.5804015448,-0.425913077965,0.178505943287
7,2,32,760,3.37707940359,3.49806488286,-0.448567537796,0.0961692813396
8,3,4,760,3.33861583355,3.66162736597,-0.487031107837,0.259731764458
9,3,8,760,3.27590047224,3.54351282369,-0.549746469145,0.141617222176
10,3,16,760,3.25575968505,3.49131534122,-0.569887256338,0.089419739704
11,3,32,760,3.22913716138,3.40148670041,-0.596509780007,-0.000408901104326
0,1,4,761,3.8437813221,3.41319238753,0.0139931957416,-0.0121989001342
1,1,8,761,3.84127976162,3.45045861886,0.0114916352595,0.0250673311915
2,1,16,761,3.83686114668,3.42843622266,0.00707302032574,0.0030449349886
3,1,32,761,3.82978812636,3.42539128767,0,0
4,2,4,761,3.3207444181,3.51655552182,-0.509043708255,0.0911642341574
5,2,8,761,3.31695324531,3.50140160433,-0.512834881048,0.0760103166639
6,2,16,761,3.30925783525,3.49313738551,-0.520530291108,0.0677460978418
7,2,32,761,3.29774648575,3.4387969685,-0.532041640611,0.0134056808303
8,3,4,761,3.21447061752,3.4984214235,-0.615317508836,0.0730301358346
9,3,8,761,3.17636819565,3.4406487431,-0.653419930704,0.0152574554337
10,3,16,761,3.16786035002,3.43265659038,-0.661927776343,0.00726530270879
11,3,32,761,3.1528316762,3.37686814935,-0.676956450162,-0.0485231383216
0,1,4,762,3.8635722404,3.12950962886,0.000248989050769,-0.0147203962847
1,1,8,762,3.86337777399,3.13903748871,5.45226459279e-05,-0.00519253642914
2,1,16,762,3.8632108934,3.13862807499,-0.000112357944299,-0.00560195015403
3,1,32,762,3.86332325135,3.14423002514,0,0
4,2,4,762,3.12815467153,3.07311180043,-0.73516857982,-0.071118224712
5,2,8,762,3.12365795213,3.03754514717,-0.739665299216,-0.106684877971
6,2,16,762,3.12129675708,3.0572166994,-0.74202649427,-0.0870133257405
7,2,32,762,3.12302066996,3.05766758999,-0.740302581386,-0.0865624351536
8,3,4,762,2.97539614376,3.02753459591,-0.887927107591,-0.116695429228
9,3,8,762,2.97298137614,3.01446485704,-0.890341875206,-0.129765168103
10,3,16,762,2.97623185091,3.04728604829,-0.887091400438,-0.0969439768459
11,3,32,762,3.11485723811,3.02873426877,-0.748466013241,-0.115495756366
0,1,4,763,4.10555566812,3.16477596104,-0.00203725942684,-0.0290672737183
1,1,8,763,4.10589306203,3.19050721202,-0.00169986551594,-0.00333602274566
2,1,16,763,4.10652154954,3.18468284726,-0.00107137801024,-0.00916038750009
3,1,32,763,4.10759292755,3.19384323476,0,0
4,2,4,763,3.34080133894,3.04043602785,-0.766791588605,-0.153407206916
5,2,8,763,3.34144971714,3.01725526741,-0.76614321041,-0.17658796735
6,2,16,763,3.34208456187,3.06343776735,-0.765508365682,-0.130405467414
7,2,32,763,3.34327044944,3.07005945945,-0.764322478113,-0.123783775314
8,3,4,763,3.18978335039,2.98414760379,-0.917809577158,-0.209695630969
9,3,8,763,3.19289686827,2.99060184537,-0.914696059279,-0.203241389396
10,3,16,763,3.19930251206,3.04249903487,-0.908290415486,-0.15134419989
11,3,32,763,3.34328700786,3.05090322512,-0.764305919691,-0.142940009643
0,1,4,764,4.12523200949,3.23807790028,0.0105591940681,-0.00394083979143
1,1,8,764,4.1232151478,3.27250424878,0.00854233238091,0.0304855087013
2,1,16,764,4.11980258603,3.24384894999,0.00512977060351,0.00183020991463
3,1,32,764,4.11467281542,3.24201874007,0,0
4,2,4,764,3.46642220923,3.25106467291,-0.648250606191,0.00904593283381
5,2,8,764,3.46064754527,3.24236520046,-0.654025270157,0.0003464603871
6,2,16,764,3.45189861725,3.2479811015,-0.662774198172,0.00596236142437
7,2,32,764,3.4410417601,3.21323696273,-0.673631055318,-0.0287817773465
8,3,4,764,3.28974604031,3.23859602774,-0.824926775114,-0.0034227123397
9,3,8,764,3.26638056206,3.19167501269,-0.848292253365,-0.0503437273886
10,3,16,764,3.26114050359,3.20252807466,-0.853532311833,-0.039490665413
11,3,32,764,3.38063511777,3.1761056667,-0.734037697657,-0.0659130733783
0,1,4,765,3.73775216874,3.35840761264,0.00711062061307,-0.0149708632892
1,1,8,765,3.73648845686,3.38351505019,0.00584690873849,0.0101365742566
2,1,16,765,3.73424803057,3.35279741233,0.00360648244341,-0.0205810636003
3,1,32,765,3.73064154813,3.37337847593,0,0
4,2,4,765,3.15139275626,3.39226296291,-0.579248791863,0.0188844869765
5,2,8,765,3.14726092364,3.3856928503,-0.583380624481,0.0123143743664
6,2,16,765,3.14156895658,3.36451799588,-0.589072591543,-0.00886048004566
7,2,32,765,3.13541378281,3.35191089719,-0.595227765311,-0.0214675787415
8,3,4,765,3.14292012969,3.36458247143,-0.587721418436,-0.00879600450185
9,3,8,765,3.11619595492,3.3121903802,-0.614445593204,-0.0611880957315
10,3,16,765,3.11171624173,3.32103317718,-0.6189253064,-0.05234529875
11,3,32,765,3.10174001217,3.27644186875,-0.628901535959,-0.0969366071754
0,1,4,766,3.83555506325,3.124372618,0.00739387518076,0.00191194000859
1,1,8,766,3.83385105803,3.14796771822,0.00568986996239,0.0255070402214
2,1,16,766,3.83128413666,3.12102925,0.00312294858723,-0.00143142799935
3,1,32,766,3.82816118807,3.12246067799,0,0
4,2,4,766,2.99874820294,3.06129572533,-0.829412985134,-0.0611649526619
5,2,8,766,2.99160641828,3.04420875895,-0.83655476979,-0.0782519190399
6,2,16,766,2.98630784978,3.04035281459,-0.84185333829,-0.0821078634072
7,2,32,766,2.98493887645,3.05762888,-0.843222311624,-0.064831797997
8,3,4,766,2.82041088239,3.06422010928,-1.00775030568,-0.0582405687153
9,3,8,766,2.81615696011,3.03102891955,-1.01200422796,-0.0914317584453
10,3,16,766,2.8166367758,3.06448875032,-1.01152441227,-0.057971927675
11,3,32,766,2.98034027022,3.03153747442,-0.847820917854,-0.0909232035785
0,1,4,767,3.89865204779,3.04727778866,0.00631565725352,-0.00798044520119
1,1,8,767,3.89717215684,3.06694578868,0.0048357663111,0.0116875548201
2,1,16,767,3.89496614336,3.05501116192,0.00262975283201,-0.000247071938448
3,1,32,767,3.89233639053,3.05525823386,0,0
4,2,4,767,3.04100453089,2.97248574702,-0.851331859644,-0.0827724868363
5,2,8,767,3.03495248026,2.96190443194,-0.85738391027,-0.093353801914
6,2,16,767,3.03005071462,2.96795811954,-0.862285675909,-0.0873001143155
7,2,32,767,3.02836172153,2.97387871674,-0.863974668997,-0.0813795171203
8,3,4,767,2.82058838886,2.9775236363,-1.07174800167,-0.0777345975567
9,3,8,767,2.81719411186,2.94957195003,-1.07514227867,-0.105686283827
10,3,16,767,2.81816096532,2.98633174333,-1.07417542522,-0.0689264905277
11,3,32,767,2.9562313753,2.95359566214,-0.936105015233,-0.101662571722
0,1,4,768,4.03254522211,3.18855183465,0.00729179616888,-0.0140601274816
1,1,8,768,4.03114465582,3.20658297394,0.00589122987915,0.0039710118038
2,1,16,768,4.02878485118,3.19139935083,0.00353142524093,-0.0112126113085
3,1,32,768,4.02525342594,3.20261196213,0,0
4,2,4,768,3.42067365985,3.20930935952,-0.604579766097,0.00669739738194
5,2,8,768,3.41185153168,3.20070617348,-0.613401894259,-0.00190578865415
6,2,16,768,3.40133528293,3.19445438352,-0.623918143013,-0.00815757861814
7,2,32,768,3.39130675842,3.16436740975,-0.633946667529,-0.0382445523888
8,3,4,768,3.2722780447,3.19997910833,-0.752975381241,-0.00263285380097
9,3,8,768,3.24793359505,3.14575504806,-0.777319830892,-0.0568569140754
10,3,16,768,3.24272871481,3.15796039211,-0.782524711133,-0.0446515700204
11,3,32,768,3.34862295958,3.11377107831,-0.676630466364,-0.0888408838205
0,1,4,769,4.08614533749,3.37572345515,0.0131613291363,-0.00635159208819
1,1,8,769,4.08381962558,3.40183300092,0.0108356172242,0.0197579536833
2,1,16,769,4.07968269015,3.36931715454,0.00669868179918,-0.012757892693
3,1,32,769,4.07298400835,3.38207504724,0,0
4,2,4,769,3.65811109435,3.55845463993,-0.414872914003,0.176379592694
5,2,8,769,3.64311840764,3.54340948215,-0.429865600715,0.161334434918
6,2,16,769,3.6242569818,3.49496217512,-0.448727026548,0.112887127889
7,2,32,769,3.60433866051,3.43176671119,-0.46864534784,0.0496916639531
8,3,4,769,3.52927366055,3.54008419378,-0.543710347804,0.158009146548
9,3,8,769,3.47842655385,3.44603083361,-0.594557454503,0.0639557863697
10,3,16,769,3.46241253871,3.4005675699,-0.610571469643,0.0184925226591
11,3,32,769,3.56431568042,3.34271636647,-0.508668327936,-0.0393586807691
0,1,4,770,4.18010843348,3.24309076964,0.00950690707795,-0.0143214557814
1,1,8,770,4.17824846484,3.26833331658,0.00764693843803,0.0109210911621
2,1,16,770,4.17514834234,3.25096961299,0.00454681593803,-0.00644261242764
3,1,32,770,4.1706015264,3.25741222542,0,0
4,2,4,770,3.63924318068,3.2692318944,-0.531358345727,0.0118196689815
5,2,8,770,3.62632769659,3.24831952525,-0.544273829817,-0.00909270016641
6,2,16,770,3.61185028539,3.24903164187,-0.558751241011,-0.00838058354367
7,2,32,770,3.59839529438,3.22031522603,-0.572206232023,-0.0370969993891
8,3,4,770,3.44554781034,3.27830036577,-0.725053716067,0.0208881403483
9,3,8,770,3.4192270549,3.21869057165,-0.751374471499,-0.0387216537668
10,3,16,770,3.41344845788,3.23842806181,-0.757153068524,-0.0189841636071
11,3,32,770,3.63129199304,3.1805983447,-0.539309533361,-0.0768138807183
0,1,4,771,4.1278239964,3.26870380022,0.00759275344296,-0.0193617879887
1,1,8,771,4.12642158247,3.30226639417,0.00619033950952,0.0142008059635
2,1,16,771,4.12399593854,3.28266385561,0.00376469558532,-0.00540173259464
3,1,32,771,4.12023124296,3.28806558821,0,0
4,2,4,771,3.51579425851,3.246425552,-0.604436984445,-0.0416400362096
5,2,8,771,3.51179488067,3.23702183321,-0.608436362289,-0.0510437549913
6,2,16,771,3.50487107366,3.25744190597,-0.615360169298,-0.0306236822329
7,2,32,771,3.49562852571,3.23048804886,-0.624602717245,-0.0575775393487
8,3,4,771,3.3730523676,3.23135302675,-0.747178875361,-0.056712561455
9,3,8,771,3.35293576385,3.19486705087,-0.767295479112,-0.0931985373327
10,3,16,771,3.35079607907,3.22556233308,-0.76943516389,-0.0625032551255
11,3,32,771,3.46042392324,3.19431093744,-0.659807319722,-0.093754650767
0,1,4,772,3.79230029379,3.10792556364,-0.00077246167385,-0.0075044074754
1,1,8,772,3.79235799935,3.12107562914,-0.0007147561177,0.00564565802225
2,1,16,772,3.79255432589,3.10759457969,-0.000518429580375,-0.00783539142526
3,1,32,772,3.79307275547,3.11542997112,0,0
4,2,4,772,2.97820013256,2.96804651963,-0.814872622903,-0.147383451488
5,2,8,772,2.98363761994,2.9602025576,-0.809435135524,-0.155227413515
6,2,16,772,2.98939151014,3.0017823322,-0.803681245323,-0.113647638913
7,2,32,772,2.99512424257,3.00560103058,-0.797948512895,-0.109828940537
8,3,4,772,2.93037238132,2.91392544307,-0.86270037415,-0.201504528049
9,3,8,772,2.93576771254,2.91720482611,-0.857305042925,-0.198225145008
10,3,16,772,2.94354976554,2.97773561295,-0.849522989923,-0.137694358162
11,3,32,772,2.94868739543,2.98404166591,-0.84438536004,-0.131388305205
0,1,4,773,4.09671806127,3.39377965044,0.0164986736239,0.00898589742063
1,1,8,773,4.0937415017,3.42350728592,0.0135221140524,0.038713532896
2,1,16,773,4.08851723146,3.37710321518,0.00829784381498,-0.00769053784386
3,1,32,773,4.08021938764,3.38479375302,0,0
4,2,4,773,3.66846900823,3.60421677431,-0.411750379414,0.219423021285
5,2,8,773,3.65230112971,3.59132868516,-0.427918257937,0.206534932135
6,2,16,773,3.63174899546,3.53275900511,-0.448470392179,0.147965252088
7,2,32,773,3.60952365622,3.46267546781,-0.470695731426,0.0778817147871
8,3,4,773,3.54039263158,3.59117188201,-0.539826756065,0.206378128986
9,3,8,773,3.48508296012,3.4854084085,-0.595136427525,0.100614655481
10,3,16,773,3.46644206489,3.4284154808,-0.613777322751,0.043621727778
11,3,32,773,3.57740988706,3.37212055634,-0.502809500586,-0.0126731966839
0,1,4,774,4.07751526214,3.23149576301,-0.00225772167357,-0.0339712616431
1,1,8,774,4.07789983327,3.25783619918,-0.00187315054095,-0.00763082546332
2,1,16,774,4.07859859987,3.23844473476,-0.00117438394784,-0.0270222898907
3,1,32,774,4.07977298381,3.26546702465,0,0
4,2,4,774,3.39846380492,3.05954335936,-0.681309178894,-0.205923665285
5,2,8,774,3.39798981793,3.05149120776,-0.68178316588,-0.213975816888
6,2,16,774,3.39738685499,3.0949679479,-0.682386128821,-0.170499076752
7,2,32,774,3.39734487804,3.12457658912,-0.682428105777,-0.14089043553
8,3,4,774,3.3554909322,3.03287078358,-0.724282051615,-0.232596241071
9,3,8,774,3.35821735521,3.02782905903,-0.721555628603,-0.237637965615
10,3,16,774,3.36642354248,3.11181851201,-0.713349441337,-0.153648512636
11,3,32,774,3.51491993885,3.09711321845,-0.564853044965,-0.168353806193
0,1,4,775,3.94769305546,3.26013709368,0.000808781787489,-0.02359487449
1,1,8,775,3.94746051797,3.29390105486,0.000576244296541,0.0101690866875
2,1,16,775,3.94715221812,3.29356950249,0.000267944452844,0.00983753432171
3,1,32,775,3.94688427367,3.28373196817,0,0
4,2,4,775,3.18761062925,3.1637089463,-0.759273644424,-0.120023021875
5,2,8,775,3.19032515574,3.11443819258,-0.756559117934,-0.16929377559
6,2,16,775,3.19408520523,3.17219736985,-0.752799068443,-0.111534598325
7,2,32,775,3.19855260502,3.17546658537,-0.74833166865,-0.108265382807
8,3,4,775,3.00616226598,3.09868897786,-0.940722007688,-0.185042990308
9,3,8,775,3.01056793907,3.1179246753,-0.936316334601,-0.16580729287
10,3,16,775,3.01808387763,3.16618430755,-0.928800396041,-0.117547660619
11,3,32,775,3.16564249899,3.16917138634,-0.781241774682,-0.114560581829
0,1,4,776,4.53382854857,3.3654901291,0.011022790518,-0.0218394510424
1,1,8,776,4.53188754687,3.39610425707,0.00908178882004,0.00877467693294
2,1,16,776,4.5284238542,3.36881130942,0.00561809614631,-0.018518270717
3,1,32,776,4.52280575805,3.38732958014,0,0
4,2,4,776,4.21974818754,3.4781096153,-0.303057570507,0.0907800351539
5,2,8,776,4.19978747606,3.45884203651,-0.323018281989,0.0715124563715
6,2,16,776,4.17536776239,3.44367995911,-0.347437995663,0.0563503789693
7,2,32,776,4.15001654661,3.38724806114,-0.372789211441,-8.15190009327e-05
8,3,4,776,4.03287540379,3.48625874433,-0.489930354264,0.0989291641884
9,3,8,776,3.98616038527,3.39505210187,-0.536645372779,0.00772252173305
10,3,16,776,3.97298503902,3.38879200659,-0.549820719031,0.00146242644344
11,3,32,776,4.26870588912,3.32280925594,-0.25409986893,-0.0645203241968
0,1,4,777,4.2555854082,3.20667838616,0.00899165876567,-0.0196651712893
1,1,8,777,4.25389512746,3.24459146098,0.00730137803485,0.0182479035243
2,1,16,777,4.25100550403,3.21372241485,0.00441175459879,-0.0126211426002
3,1,32,777,4.24659374943,3.22634355745,0,0
4,2,4,777,3.5757962578,3.1846482324,-0.670797491626,-0.0416953250525
5,2,8,777,3.56934180311,3.19704698777,-0.677251946321,-0.0292965696845
6,2,16,777,3.55882897706,3.19722950173,-0.687764772374,-0.0291140557202
7,2,32,777,3.54552173443,3.17373875253,-0.701072014998,-0.0526048049285
8,3,4,777,3.40260986313,3.18769571871,-0.843983886302,-0.0386478387389
9,3,8,777,3.37920423555,3.13645777251,-0.86738951388,-0.0898857849488
10,3,16,777,3.37390873279,3.1563573645,-0.872685016644,-0.0699861929541
11,3,32,777,3.49104423431,3.12865971124,-0.75554951512,-0.0976838462173
0,1,4,778,4.01943184634,3.22413626214,0.0104279918532,-0.00251100728636
1,1,8,778,4.01741149953,3.25047779287,0.00840764504364,0.0238305234431
2,1,16,778,4.01402524604,3.22776444919,0.00502139155411,0.00111717976525
3,1,32,778,4.00900385449,3.22664726943,0,0
4,2,4,778,3.37512837764,3.27041518836,-0.633875476844,0.0437679189375
5,2,8,778,3.36687393851,3.25413432606,-0.642129915971,0.0274870566328
6,2,16,778,3.35678903379,3.24659402312,-0.652214820691,0.0199467536946
7,2,32,778,3.34654096756,3.21071102476,-0.662462886929,-0.0159362446693
8,3,4,778,3.19433952054,3.25711890866,-0.814664333943,0.030471639235
9,3,8,778,3.16871437552,3.20355422752,-0.840289478967,-0.0230930419083
10,3,16,778,3.16215165156,3.20309484753,-0.846852202925,-0.0235524219004
11,3,32,778,3.2795944003,3.16599931433,-0.729409454182,-0.0606479550945
0,1,4,779,3.83618093548,3.20814977519,0.00823206206316,-0.0167317815213
1,1,8,779,3.83461716081,3.23440740026,0.00666828739514,0.00952584355557
2,1,16,779,3.83196411553,3.22233585749,0.00401524211791,-0.00254569921399
3,1,32,779,3.82794887341,3.22488155671,0,0
4,2,4,779,3.11641365125,3.21984983149,-0.71153522217,-0.00503172521672
5,2,8,779,3.1142729964,3.21464766956,-0.713675877013,-0.010233887148
6,2,16,779,3.11019869314,3.21292082315,-0.717750180275,-0.0119607335585
7,2,32,779,3.10494576146,3.18503634049,-0.723003111956,-0.0398452162191
8,3,4,779,2.97004556324,3.19900083645,-0.857903310175,-0.0258807202583
9,3,8,779,2.94962512068,3.16176638322,-0.878323752736,-0.0631151734876
10,3,16,779,2.94615723406,3.17102706574,-0.881791639359,-0.0538544909632
11,3,32,779,2.94055486299,3.13661103756,-0.887394010429,-0.0882705191496
0,1,4,780,3.73127862527,3.31721664087,0.000339182870769,-0.0470861946657
1,1,8,780,3.73118735088,3.36619557765,0.000247908480577,0.00189274211519
2,1,16,780,3.73106267367,3.37492986229,0.000123231274134,0.0106270267548
3,1,32,780,3.7309394424,3.36430283553,0,0
4,2,4,780,2.84499226676,3.19264060477,-0.88594717564,-0.171662230766
5,2,8,780,2.85556111729,3.15218059604,-0.875378325109,-0.212122239495
6,2,16,780,2.86677493263,3.21310633831,-0.86416450977,-0.151196497225
7,2,32,780,2.87682518742,3.23299092687,-0.854114254982,-0.131311908662
8,3,4,780,2.6655120798,3.12110774726,-1.06542736259,-0.243195088275
9,3,8,780,2.67506168625,3.16386882889,-1.05587775614,-0.200434006643
10,3,16,780,2.68549331319,3.21560154306,-1.04544612921,-0.148701292468
11,3,32,780,2.69589961416,3.22192526735,-1.03503982824,-0.142377568177
0,1,4,781,4.06111752951,3.14868712246,-0.000114687258955,-0.0224451748727
1,1,8,781,4.06105131351,3.17223141272,-0.000180903263391,0.00109911538865
2,1,16,781,4.06103458565,3.1655551602,-0.00019763111387,-0.00557713713287
3,1,32,781,4.06123221677,3.17113229733,0,0
4,2,4,781,3.31347748212,3.00616928117,-0.747754734648,-0.164963016161
5,2,8,781,3.31475404264,2.98765950938,-0.746478174124,-0.183472787955
6,2,16,781,3.315874498,3.04200567318,-0.745357718768,-0.129126624155
7,2,32,781,3.31704449119,3.04564737851,-0.744187725577,-0.125484918821
8,3,4,781,3.17941652949,2.96818525496,-0.881815687283,-0.202947042372
9,3,8,781,3.18311762397,2.9716426696,-0.878114592799,-0.199489627737
10,3,16,781,3.19049860098,3.03959265279,-0.870733615794,-0.131539644544
11,3,32,781,3.32228736536,3.03575886678,-0.738944851405,-0.135373430558
0,1,4,782,3.83101692905,3.46159212057,0.0149321053229,-0.0212792542494
1,1,8,782,3.82833952252,3.50812724714,0.0122546987918,0.0252558723296
2,1,16,782,3.8236186549,3.48843477621,0.00753383117797,0.00556340139439
3,1,32,782,3.81608482372,3.48287137482,0,0
4,2,4,782,3.29462673749,3.55767916585,-0.521458086237,0.0748077910324
5,2,8,782,3.29184842846,3.54022535494,-0.524236395263,0.0573539801281
6,2,16,782,3.28505201288,3.53614238994,-0.531032810845,0.0532710151208
7,2,32,782,3.27396008329,3.4885591623,-0.542124740433,0.00568778748517
8,3,4,782,3.16779970065,3.54611342485,-0.648285123072,0.0632420500345
9,3,8,782,3.1305170364,3.49437561222,-0.685567787321,0.0115042374088
10,3,16,782,3.12277137185,3.49104152043,-0.693313451876,0.0081701456124
11,3,32,782,3.10792783567,3.42971143802,-0.708156988049,-0.0531599367937
0,1,4,783,3.84974826034,3.43878100166,0.0151932387204,-0.008080595807
1,1,8,783,3.84703538187,3.47948715063,0.0124803602581,0.032625553157
2,1,16,783,3.84224017096,3.45156982279,0.00768514934538,0.00470822531534
3,1,32,783,3.83455502162,3.44686159747,0,0
4,2,4,783,3.32368106586,3.56758017841,-0.510873955756,0.120718580937
5,2,8,783,3.31937125404,3.55153497019,-0.515183767578,0.104673372723
6,2,16,783,3.31085500862,3.53475037381,-0.523700012995,0.087888776341
7,2,32,783,3.29821476558,3.47691023263,-0.536340256032,0.0300486351598
8,3,4,783,3.21251846198,3.54483954219,-0.622036559635,0.0979779447167
9,3,8,783,3.1712198192,3.48241754148,-0.663335202411,0.0355559440077
10,3,16,783,3.16087711128,3.46139802994,-0.673677910338,0.0145364324709
11,3,32,783,3.14510845446,3.40965617514,-0.689446567158,-0.0372054223249
0,1,4,784,4.48208129033,3.09989166878,0.00468508787803,-0.0148307612594
1,1,8,784,4.48096405591,3.12636337722,0.00356785345735,0.0116409471809
2,1,16,784,4.47931242953,3.11021925641,0.00191622707056,-0.00450317363248
3,1,32,784,4.47739620246,3.11472243004,0,0
4,2,4,784,3.82315269934,2.98955484278,-0.65424350312,-0.125167587259
5,2,8,784,3.810646242,2.96677511144,-0.666749960461,-0.147947318597
6,2,16,784,3.79785634244,3.00681532339,-0.679539860018,-0.107907106645
7,2,32,784,3.78747735749,3.00575374799,-0.689918844965,-0.108968682051
8,3,4,784,3.55773160346,3.0049534177,-0.919664598994,-0.109769012337
9,3,8,784,3.55275580779,2.97324776956,-0.924640394669,-0.141474660477
10,3,16,784,3.55437625022,3.03669381434,-0.923019952234,-0.0780286157009
11,3,32,784,3.9313577903,3.00654954403,-0.54603841216,-0.108172886009
0,1,4,785,4.22941172093,3.52389168229,0.0203111663694,-0.00801408889719
1,1,8,785,4.22587091642,3.57207875584,0.0167703618609,0.0401729846499
2,1,16,785,4.21951320508,3.52707215669,0.0104126505212,-0.00483361449156
3,1,32,785,4.20910055456,3.53190577119,0,0
4,2,4,785,3.88606200333,3.78457106387,-0.323038551231,0.252665292684
5,2,8,785,3.87031082941,3.77550254387,-0.33878972515,0.243596772688
6,2,16,785,3.84734210403,3.7170309927,-0.361758450525,0.185125221517
7,2,32,785,3.81912193375,3.62748458652,-0.389978620809,0.09557881533
8,3,4,785,3.72422004719,3.77861839451,-0.48488050737,0.246712623322
9,3,8,785,3.65635052666,3.66576556359,-0.552750027897,0.133859792401
10,3,16,785,3.63398321403,3.59552212484,-0.575117340524,0.063616353658
11,3,32,785,3.72053473155,3.52835131188,-0.48856582301,-0.00355445930203
0,1,4,786,4.23705043811,3.19098102265,0.00694849307241,-0.00134585708008
1,1,8,786,4.23571641236,3.20304896277,0.00561446732734,0.010722083035
2,1,16,786,4.2334697297,3.18437880507,0.00336778467129,-0.00794807466058
3,1,32,786,4.23010194503,3.19232687973,0,0
4,2,4,786,3.71103825091,3.27555587717,-0.519063694125,0.0832289974344
5,2,8,786,3.69540529589,3.24542420131,-0.534696649139,0.0530973215819
6,2,16,786,3.67863160771,3.23013181904,-0.551470337326,0.0378049393092
7,2,32,786,3.6642417033,3.18417231705,-0.565860241737,-0.00815456268618
8,3,4,786,3.51374300225,3.24763003364,-0.716358942779,0.0553031539127
9,3,8,786,3.48338104591,3.18052025915,-0.746720899123,-0.0118066205842
10,3,16,786,3.47422406462,3.16537304759,-0.755877880415,-0.02695383214
11,3,32,786,3.71039329117,3.13101527986,-0.519708653861,-0.061311599874
0,1,4,787,4.17157274349,3.2734622936,0.00873057631472,-0.00288210399591
1,1,8,787,4.16989852094,3.29767957175,0.00705635376701,0.0213351741629
2,1,16,787,4.16707347375,3.28381841837,0.00423130657622,0.00747402077362
3,1,32,787,4.16284216717,3.27634439759,0,0
4,2,4,787,3.64275819943,3.32859207854,-0.520083967746,0.0522476809503
5,2,8,787,3.63228989393,3.28539025093,-0.530552273246,0.00904585333764
6,2,16,787,3.62062382386,3.3002975434,-0.54221834331,0.023953145805
7,2,32,787,3.60960315569,3.25504250252,-0.553239011485,-0.0213018950708
8,3,4,787,3.43509557847,3.29931009219,-0.727746588705,0.0229656945956
9,3,8,787,3.41024166656,3.2536332602,-0.752600500609,-0.0227111373897
10,3,16,787,3.4049737709,3.25871059137,-0.757868396277,-0.01763380622
11,3,32,787,3.63062486407,3.22381124557,-0.532217303106,-0.0525331520267
0,1,4,788,4.10163443211,3.41319345925,0.0129678460708,-0.0079597433081
1,1,8,788,4.0993679808,3.44239769353,0.0107013947565,0.0212444909779
2,1,16,788,4.09530549537,3.40673914645,0.00663890932917,-0.0144140561079
3,1,32,788,4.08866658604,3.42115320256,0,0
4,2,4,788,3.70361001294,3.57169747615,-0.385056573101,0.150544273593
5,2,8,788,3.69009210387,3.55841071813,-0.398574482174,0.137257515574
6,2,16,788,3.67235212322,3.52017396771,-0.416314462821,0.0990207651583
7,2,32,788,3.65268702554,3.46091282292,-0.4359795605,0.0397596203612
8,3,4,788,3.60677402244,3.55600786764,-0.481892563601,0.134854665085
9,3,8,788,3.55732864146,3.46564425572,-0.531337944582,0.0444910531643
10,3,16,788,3.54294274343,3.43447624067,-0.545723842614,0.0133230381137
11,3,32,788,3.64438708025,3.37553805544,-0.444279505794,-0.0456151471153
0,1,4,789,4.19134267233,3.16670442022,0.00701740755691,-0.0120284003208
1,1,8,789,4.18996650842,3.17898689305,0.00564124364244,0.000254072503779
2,1,16,789,4.18767955481,3.16735006587,0.00335429003473,-0.0113827546693
3,1,32,789,4.18432526478,3.17873282054,0,0
4,2,4,789,3.64164590644,3.23097563721,-0.542679358339,0.0522428166664
5,2,8,789,3.62602664743,3.20819599641,-0.558298617347,0.0294631758637
6,2,16,789,3.60941259144,3.19221645394,-0.574912673337,0.0134836333924
7,2,32,789,3.59551178571,3.15435682666,-0.588813479062,-0.0243759938876
8,3,4,789,3.43347505205,3.22146238662,-0.75085021273,0.042729566077
9,3,8,789,3.4045670933,3.15479276828,-0.779758171472,-0.0239400522583
10,3,16,789,3.39632743285,3.15042081701,-0.78799783193,-0.0283120035334
11,3,32,789,3.61267925251,3.10176810881,-0.571646012268,-0.0769647117349
0,1,4,790,3.56185109142,3.18706122063,-0.00101791039005,-0.0280429956983
1,1,8,790,3.56194695118,3.20046085746,-0.000922050636606,-0.0146433588624
2,1,16,790,3.5622204361,3.21257654128,-0.000648565710227,-0.00252767504217
3,1,32,790,3.56286900181,3.21510421633,0,0
4,2,4,790,2.75512063782,3.1371270465,-0.807748363996,-0.0779771698269
5,2,8,790,2.7569376861,3.09609363297,-0.805931315717,-0.119010583359
6,2,16,790,2.76159889093,3.11535068167,-0.801270110879,-0.0997535346539
7,2,32,790,2.77001131318,3.12349226478,-0.792857688636,-0.0916119515452
8,3,4,790,2.62638937003,3.06967637406,-0.936479631784,-0.145427842267
9,3,8,790,2.6273590547,3.07654167594,-0.935509947109,-0.138562540387
10,3,16,790,2.63287240576,3.10303343405,-0.929996596057,-0.112070782272
11,3,32,790,2.64153015525,3.08636904033,-0.921338846559,-0.128735175991
0,1,4,791,4.04215556827,3.18392877299,0.000317295430746,-0.0248893291766
1,1,8,791,4.04201495145,3.21329329487,0.000176678608246,0.00447519270092
2,1,16,791,4.04186391339,3.2109610347,2.56405477188e-05,0.00214293252816
3,1,32,791,4.04183827284,3.20881810217,0,0
4,2,4,791,3.27609088098,3.05350544386,-0.765747391861,-0.155312658308
5,2,8,791,3.27865177743,3.02428685404,-0.763186495406,-0.184531248125
6,2,16,791,3.28124238645,3.08402988489,-0.760595886393,-0.124788217276
7,2,32,791,3.28367226673,3.08580082756,-0.758166006108,-0.123017274611
8,3,4,791,3.1095970867,3.00516311639,-0.932241186138,-0.203654985781
9,3,8,791,3.1142584697,3.01776853847,-0.927579803141,-0.191049563696
10,3,16,791,3.12196546494,3.07931658008,-0.919872807896,-0.129501522091
11,3,32,791,3.25671909851,3.0804589137,-0.785119174325,-0.128359188471
0,1,4,792,4.09281817181,3.17823922342,0.000722131877359,-0.0274758507403
1,1,8,792,4.09258475084,3.21018312758,0.000488710909812,0.0044680534192
2,1,16,792,4.0922919438,3.19622614233,0.000195903863915,-0.0094889318334
3,1,32,792,4.09209603993,3.20571507416,0,0
4,2,4,792,3.32311845748,3.02057199693,-0.76897758245,-0.185143077238
5,2,8,792,3.32416764291,3.00925904474,-0.767928397019,-0.196456029426
6,2,16,792,3.32470827956,3.05888438885,-0.767387760377,-0.146830685314
7,2,32,792,3.3249085809,3.07446922834,-0.767187459029,-0.13124584582
8,3,4,792,3.18920915859,2.99475431447,-0.90288688134,-0.21096075969
9,3,8,792,3.19305475765,2.99631563161,-0.899041282277,-0.20939944255
10,3,16,792,3.20036863659,3.06872268147,-0.89172740334,-0.136992392694
11,3,32,792,3.34217303869,3.06218389229,-0.749923001246,-0.143531181876
0,1,4,793,4.2645922941,3.28816021934,0.00450780101169,-0.00818460787114
1,1,8,793,4.26381598671,3.3063746728,0.00373149362072,0.0100298455872
2,1,16,793,4.26241338047,3.2927559169,0.00232888738587,-0.00358891031646
3,1,32,793,4.26008449309,3.29634482722,0,0
4,2,4,793,3.78760820136,3.36579354824,-0.472476291729,0.0694487210231
5,2,8,793,3.77571596478,3.31810939467,-0.484368528312,0.0217645674518
6,2,16,793,3.76259769349,3.32547331991,-0.497486799596,0.029128492691
7,2,32,793,3.75073393171,3.27745794802,-0.509350561376,-0.0188868791936
8,3,4,793,3.60804959504,3.30612526202,-0.652034898048,0.00978043480148
9,3,8,793,3.58070461767,3.25935994587,-0.679379875421,-0.0369848813482
10,3,16,793,3.57429208,3.24845579334,-0.685792413085,-0.0478890338746
11,3,32,793,3.81634063806,3.22997273713,-0.443743855027,-0.0663720900806
0,1,4,794,3.92878525814,3.32032944268,0.0103864611425,-0.00655223749008
1,1,8,794,3.92679704698,3.35073556243,0.00839824997928,0.0238538822566
2,1,16,794,3.92343716732,3.33152215784,0.00503837032118,0.00464047767283
3,1,32,794,3.918398797,3.32688168017,0,0
4,2,4,794,3.34122876919,3.36165805674,-0.577170027811,0.0347763765678
5,2,8,794,3.33478111235,3.33128495952,-0.583617684645,0.00440327934954
6,2,16,794,3.32707809036,3.33678834031,-0.591320706634,0.00990666014473
7,2,32,794,3.31913782825,3.30592717964,-0.599260968749,-0.0209545005309
8,3,4,794,3.18975054939,3.3433160934,-0.728648247612,0.0164344132304
9,3,8,794,3.16567472693,3.29947221459,-0.752724070072,-0.0274094655751
10,3,16,794,3.16142348099,3.31082411146,-0.756975316007,-0.0160575687063
11,3,32,794,3.27879169335,3.26578744748,-0.639607103653,-0.0610942326886
0,1,4,795,4.05123352075,3.26991261426,0.00829559645297,-0.0137669518119
1,1,8,795,4.04967655431,3.29879822445,0.00673863001017,0.0151186583817
2,1,16,795,4.0470130368,3.27882109774,0.00407511249775,-0.00485846833246
3,1,32,795,4.0429379243,3.28367956607,0,0
4,2,4,795,3.44230575999,3.29882676361,-0.60063216431,0.0151471975364
5,2,8,795,3.4352162341,3.2813640213,-0.607721690201,-0.00231554476987
6,2,16,795,3.42609993983,3.28148943737,-0.616837984475,-0.00219012870352
7,2,32,795,3.41640442694,3.25168469954,-0.626533497365,-0.0319948665359
8,3,4,795,3.28655528115,3.27828988858,-0.756382643151,-0.00538967748941
9,3,8,795,3.26213173216,3.23166869641,-0.780806192143,-0.0520108696642
10,3,16,795,3.25714935235,3.23978004675,-0.785788571948,-0.0438995193267
11,3,32,795,3.37417699207,3.20427135265,-0.668760932226,-0.0794082134254
0,1,4,796,3.88388613941,3.41166044105,0.0128980737696,-0.0148656086427
1,1,8,796,3.88163287258,3.44641172674,0.0106448069473,0.0198856770554
2,1,16,796,3.8775930787,3.42026679793,0.00660501306855,-0.00625925175602
3,1,32,796,3.87098806564,3.42652604969,0,0
4,2,4,796,3.37712361218,3.53467304156,-0.493864453458,0.10814699187
5,2,8,796,3.37135163087,3.52539824354,-0.499636434763,0.0988721938552
6,2,16,796,3.36139372732,3.50165375696,-0.509594338315,0.0751277072663
7,2,32,796,3.34798086949,3.44782340684,-0.523007196146,0.0212973571511
8,3,4,796,3.28742946282,3.51184659633,-0.583558602818,0.0853205466388
9,3,8,796,3.24537247735,3.44458133816,-0.62561558829,0.0180552884721
10,3,16,796,3.23477352248,3.42425081139,-0.636214543155,-0.00227523829402
11,3,32,796,3.21802776223,3.37091792197,-0.652960303408,-0.05560812772
0,1,4,797,3.62155632847,3.13983751486,0.00424227753831,-0.0267871015609
1,1,8,797,3.62055492147,3.16398738417,0.00324087053835,-0.00263723225806
2,1,16,797,3.61906835085,3.1660942945,0.00175429990979,-0.000530321925739
3,1,32,797,3.61731405094,3.16662461642,0,0
4,2,4,797,2.75630071764,3.03237711605,-0.861013333299,-0.134247500375
5,2,8,797,2.75841470851,3.01909731857,-0.858899342431,-0.147527297858
6,2,16,797,2.76191754992,3.04336816109,-0.855396501012,-0.123256455337
7,2,32,797,2.7672186636,3.05967413923,-0.850095387335,-0.106950477193
8,3,4,797,2.60494941421,3.02291424987,-1.01236463673,-0.143710366555
9,3,8,797,2.60697211421,3.02017076574,-1.01034193673,-0.14645385068
10,3,16,797,2.61298235054,3.07629133252,-1.00433170039,-0.0903332839058
11,3,32,797,2.61805960298,3.03814342278,-0.99925444796,-0.128481193648
0,1,4,798,4.41588549269,3.14245514191,0.000715151721499,-0.0336776944808
1,1,8,798,4.41559261396,3.1630238709,0.000422272991333,-0.0131089654905
2,1,16,798,4.41526612612,3.16094392412,9.57851533743e-05,-0.015188912267
3,1,32,798,4.41517034096,3.17613283639,0,0
4,2,4,798,3.81149831542,3.05892429172,-0.603672025548,-0.117208544668
5,2,8,798,3.79748722748,3.02491767605,-0.61768311348,-0.15121516034
6,2,16,798,3.7842166497,3.05571535241,-0.630953691267,-0.12041748398
7,2,32,798,3.77521796068,3.06056009438,-0.639952380287,-0.115572742012
8,3,4,798,3.56142504932,3.05584473926,-0.853745291646,-0.120288097126
9,3,8,798,3.55460273123,3.026964416,-0.860567609733,-0.149168420391
10,3,16,798,3.55617247401,3.08017847749,-0.858997866955,-0.0959543588944
11,3,32,798,3.92427212265,3.04371788416,-0.490898218318,-0.132414952231
0,1,4,799,3.82943145828,3.27546479849,0.00413815388736,-0.0154806623171
1,1,8,799,3.82848263207,3.31032588378,0.00318932768452,0.0193804229707
2,1,16,799,3.82704839419,3.30216324236,0.00175508979701,0.0112177815504
3,1,32,799,3.82529330439,3.29094546081,0,0
4,2,4,799,3.05722165802,3.19922914379,-0.768071646369,-0.0917163170187
5,2,8,799,3.05714273708,3.15024218351,-0.768150567312,-0.140703277297
6,2,16,799,3.05893413115,3.19004751027,-0.766359173241,-0.100897950544
7,2,32,799,3.06277257289,3.20169491063,-0.762520731503,-0.0892505501783
8,3,4,799,2.87585007062,3.15690433509,-0.949443233768,-0.134041125723
9,3,8,799,2.87762667777,3.16269278582,-0.947666626619,-0.128252674984
10,3,16,799,2.8834007308,3.2072173083,-0.941892573589,-0.0837281525108
11,3,32,799,3.0401735794,3.19145669453,-0.785119724986,-0.0994887662749
0,1,4,800,3.82929111633,3.42330368428,0.0131801383886,-0.00857857454539
1,1,8,800,3.82698585225,3.45114551762,0.0108748743041,0.0192632588009
2,1,16,800,3.8228557153,3.41724070476,0.00674473735835,-0.014641554066
3,1,32,800,3.81611097794,3.43188225882,0,0
4,2,4,800,3.37647311389,3.56649807426,-0.439637864048,0.134615815441
5,2,8,800,3.36795748649,3.56115051494,-0.448153491453,0.129268256114
6,2,16,800,3.3555606965,3.52100072104,-0.460550281444,0.0891184622177
7,2,32,800,3.34068451751,3.46903814703,-0.475426460436,0.0371558882088
8,3,4,800,3.33929784718,3.55016357474,-0.476813130763,0.118281315916
9,3,8,800,3.29270165884,3.46706533645,-0.523409319104,0.035183077623
10,3,16,800,3.28034032248,3.44293488115,-0.535770655459,0.0110526223289
11,3,32,800,3.26099588108,3.3788696802,-0.555115096864,-0.0530125786213
0,1,4,801,3.87455192161,3.35984279757,0.00774859315466,-0.0364104810509
1,1,8,801,3.8731696071,3.4055463843,0.00636627864397,0.00929310568362
2,1,16,801,3.87072427136,3.39021909604,0.00392094291121,-0.00603418257353
3,1,32,801,3.86680332845,3.39625327862,0,0
4,2,4,801,3.18495403136,3.3392072675,-0.681849297089,-0.0570460111215
5,2,8,801,3.18635194768,3.33187889652,-0.68045138077,-0.0643743821008
6,2,16,801,3.18496362381,3.34495806974,-0.681839704648,-0.0512952088744
7,2,32,801,3.18039849033,3.33387002023,-0.686404838124,-0.0623832583833
8,3,4,801,3.06456523597,3.31619351588,-0.802238092482,-0.0800597627341
9,3,8,801,3.04595673721,3.29386568789,-0.820846591239,-0.102387590729
10,3,16,801,3.04517265139,3.31971402523,-0.821630677068,-0.0765392533897
11,3,32,801,3.03842795546,3.28566148569,-0.828375372994,-0.110591792924
0,1,4,802,4.25556375428,3.28363087186,0.00980865331585,-0.00259969165969
1,1,8,802,4.25376081105,3.32259213628,0.00800571009359,0.036361572761
2,1,16,802,4.25063364692,3.27580550074,0.00487854596205,-0.0104250627795
3,1,32,802,4.24575510096,3.28623056352,0,0
4,2,4,802,3.62587768445,3.30825708241,-0.619877416506,0.0220265188922
5,2,8,802,3.61835117109,3.30949269733,-0.627403929872,0.0232621338139
6,2,16,802,3.60682152218,3.29917125495,-0.638933578784,0.0129406914301
7,2,32,802,3.59248185793,3.26910185057,-0.653273243033,-0.0171287129529
8,3,4,802,3.49145767517,3.28802567043,-0.754297425788,0.00179510691144
9,3,8,802,3.46327927439,3.22937892084,-0.782475826571,-0.0568516426767
10,3,16,802,3.45557566068,3.22854379555,-0.790179440285,-0.0576867679731
11,3,32,802,3.59552199764,3.21467829981,-0.650233103321,-0.0715522637074
0,1,4,803,4.3170769563,3.30316352368,0.00784655382828,-0.00792979049222
1,1,8,803,4.31561803225,3.32900472114,0.00638762977633,0.0179114069691
2,1,16,803,4.31310504338,3.29561609558,0.00387464091421,-0.0154772185917
3,1,32,803,4.30923040247,3.31109331417,0,0
4,2,4,803,3.85279079174,3.33775528745,-0.456439610725,0.0266619732775
5,2,8,803,3.83878651113,3.31729521308,-0.470443891343,0.00620189891376
6,2,16,803,3.82247408445,3.31446396949,-0.486756318017,0.00337065531869
7,2,32,803,3.80649125803,3.28469363082,-0.502739144441,-0.0263996833437
8,3,4,803,3.71995579736,3.32810422577,-0.589274605108,0.0170109115968
9,3,8,803,3.69021332339,3.26175256554,-0.619017079081,-0.0493407486241
10,3,16,803,3.68327269824,3.27569440866,-0.625957704226,-0.0353989055066
11,3,32,803,3.93776153618,3.23408775105,-0.371468866285,-0.0770055631176
0,1,4,804,3.75714943422,3.03138953587,0.00137100046995,-0.0198274139907
1,1,8,804,3.75671662424,3.04525150393,0.000938190493578,-0.00596544593803
2,1,16,804,3.75617327961,3.03888401957,0.000394845858349,-0.0123329302955
3,1,32,804,3.75577843375,3.05121694986,0,0
4,2,4,804,2.85231043552,2.93096451588,-0.90346799823,-0.120252433988
5,2,8,804,2.85239539768,2.93371887335,-0.903383036072,-0.117498076513
6,2,16,804,2.85327412571,2.93985404424,-0.90250430804,-0.111362905627
7,2,32,804,2.85629245805,2.95089162562,-0.899485975697,-0.10032532424
8,3,4,804,2.71248912532,2.90637083866,-1.04328930843,-0.144846111205
9,3,8,804,2.71283975673,2.89245511952,-1.04293867702,-0.158761830341
10,3,16,804,2.71622736982,2.92965721083,-1.03955106393,-0.121559739033
11,3,32,804,2.72099201937,2.91489733017,-1.03478641438,-0.136319619692
0,1,4,805,3.85684135076,3.06717008923,0.00268428723179,-0.00902066103964
1,1,8,805,3.85610998625,3.07350942049,0.00195292271491,-0.00268132978545
2,1,16,805,3.85511105938,3.06417745167,0.00095399584866,-0.012013298598
3,1,32,805,3.85415706353,3.07619075027,0,0
4,2,4,805,3.10433876946,2.99339247805,-0.749818294072,-0.0827982722193
5,2,8,805,3.09732551857,2.97830211218,-0.756831544963,-0.0978886380922
6,2,16,805,3.09212461899,2.98471327576,-0.762032444538,-0.0914774745159
7,2,32,805,3.09125822507,2.9910451984,-0.762898838458,-0.0851455518778
8,3,4,805,2.96648513931,2.9844899178,-0.887671924218,-0.0917008324774
9,3,8,805,2.96210982345,2.95327779467,-0.892047240085,-0.122912955599
10,3,16,805,2.96407996726,2.99654655749,-0.890077096271,-0.0796441927815
11,3,32,805,3.09789493148,2.95991763173,-0.756262132049,-0.116273118538
0,1,4,806,3.79707098905,3.20386415026,0.000289776218484,-0.0408020057953
1,1,8,806,3.79692858259,3.24400012093,0.000147369756967,-0.000666035116854
2,1,16,806,3.79678323616,3.2273544225,2.02332848342e-06,-0.0173117335531
3,1,32,806,3.79678121283,3.24466615605,0,0
4,2,4,806,2.86465833929,3.06246644019,-0.932122873543,-0.182199715862
5,2,8,806,2.86929452255,3.06403297227,-0.927486690282,-0.180633183779
6,2,16,806,2.87400694807,3.07982000721,-0.922774264762,-0.164846148843
7,2,32,806,2.87884392996,3.11934572113,-0.917937282876,-0.125320434923
8,3,4,806,2.74894044651,3.02737249366,-1.04784076632,-0.21729366239
9,3,8,806,2.75366482871,3.03370977844,-1.04311638412,-0.210956377613
10,3,16,806,2.76002098582,3.082135883,-1.03676022701,-0.162530273054
11,3,32,806,2.76558083486,3.08029980812,-1.03120037797,-0.164366347927
0,1,4,807,4.08577682367,3.40436288287,0.0174873901361,-0.00460811197913
1,1,8,807,4.08256599431,3.44861107371,0.0142765607792,0.0396400788621
2,1,16,807,4.07699225978,3.41521312655,0.0087028262483,0.00624213169866
3,1,32,807,4.06828943353,3.40897099485,0,0
4,2,4,807,3.57936983416,3.54320970766,-0.488919599369,0.134238712812
5,2,8,807,3.56917482757,3.52779477188,-0.499114605965,0.118823777028
6,2,16,807,3.55437052435,3.50592554022,-0.513918909183,0.0969545453659
7,2,32,807,3.53606156646,3.44480711838,-0.532227867073,0.035836123533
8,3,4,807,3.39450420897,3.54404639235,-0.673785224566,0.135075397502
9,3,8,807,3.34973611184,3.46700227861,-0.71855332169,0.0580312837579
10,3,16,807,3.33664615058,3.4426792807,-0.731643282955,0.0337082858541
11,3,32,807,3.4355058844,3.384384421,-0.632783549134,-0.0245865738484
0,1,4,808,4.11076480367,3.27333142463,0.00645453174408,-0.028974338922
1,1,8,808,4.10959916278,3.30863288591,0.00528889084608,0.00632712235816
2,1,16,808,4.10755619385,3.30145260901,0.00324592191672,-0.0008531545412
3,1,32,808,4.10431027193,3.30230576355,0,0
4,2,4,808,3.45978428972,3.29519681135,-0.644525982212,-0.00710895220152
5,2,8,808,3.45507058085,3.27153441079,-0.649239691079,-0.0307713527568
6,2,16,808,3.44807094931,3.28352287967,-0.656239322621,-0.0187828838802
7,2,32,808,3.43984008132,3.25244922573,-0.664470190611,-0.0498565378155
8,3,4,808,3.24918687022,3.25880920034,-0.855123401711,-0.0434965632079
9,3,8,808,3.22793022965,3.22929742202,-0.876380042282,-0.0730083415305
10,3,16,808,3.22424052372,3.23366199555,-0.880069748205,-0.068643768001
11,3,32,808,3.33682962695,3.21011905455,-0.767480644977,-0.0921867090034
0,1,4,809,4.08750606094,3.33530805592,0.00673521232688,-0.033086935735
1,1,8,809,4.08629758803,3.37164597539,0.005526739423,0.00325098373173
2,1,16,809,4.08416709423,3.35299953945,0.00339624561911,-0.0153954522089
3,1,32,809,4.08077084861,3.36839499166,0,0
4,2,4,809,3.51472778798,3.32521474028,-0.566043060628,-0.0431802513747
5,2,8,809,3.5087775483,3.31422884536,-0.571993300309,-0.0541661462941
6,2,16,809,3.5003198074,3.32206976739,-0.580451041207,-0.0463252242702
7,2,32,809,3.49054141679,3.3082297142,-0.590229431824,-0.060165277459
8,3,4,809,3.39158372481,3.31478605069,-0.689187123805,-0.0536089409687
9,3,8,809,3.36866529547,3.27364872167,-0.712105553145,-0.094746269992
10,3,16,809,3.36593368492,3.30235268939,-0.714837163689,-0.06604230227
11,3,32,809,3.48058915149,3.25765320837,-0.600181697121,-0.110741783287
0,1,4,810,4.2379437011,3.29798572935,0.000579378954404,-0.0600832781134
1,1,8,810,4.23783118612,3.36344849475,0.000466863976881,0.00537948728183
2,1,16,810,4.2376410289,3.36509455804,0.000276706757798,0.00702555057853
3,1,32,810,4.23736432214,3.35806900746,0,0
4,2,4,810,3.37489230907,3.1065301078,-0.862472013075,-0.251538899662
5,2,8,810,3.38360690167,3.08188450408,-0.85375742047,-0.276184503388
6,2,16,810,3.39030169392,3.16825172414,-0.84706262822,-0.18981728332
7,2,32,810,3.39302456538,3.18872742879,-0.844339756758,-0.169341578671
8,3,4,810,3.12251956965,3.06087208187,-1.11484475249,-0.297196925591
9,3,8,810,3.13346898937,3.10458868278,-1.10389533277,-0.253480324689
10,3,16,810,3.14455585158,3.18173278499,-1.09280847057,-0.176336222475
11,3,32,810,3.28655432345,3.197582736,-0.950809998693,-0.160486271463
0,1,4,811,3.76624666258,3.24698305062,0.00722684554753,-0.0107641028445
1,1,8,811,3.76489416662,3.2672113796,0.00587434958333,0.00946422613549
2,1,16,811,3.76257705192,3.25583584923,0.00355723488059,-0.00191130422847
3,1,32,811,3.75901981704,3.25774715346,0,0
4,2,4,811,3.11447925806,3.26230992295,-0.644540558981,0.00456276948451
5,2,8,811,3.11291098368,3.24637200017,-0.646108833353,-0.0113751532943
6,2,16,811,3.11005725687,3.25227606526,-0.648962560162,-0.00547108820655
7,2,32,811,3.10645935746,3.22174265225,-0.652560459576,-0.0360045012155
8,3,4,811,3.01721792136,3.22983118577,-0.741801895681,-0.0279159676925
9,3,8,811,2.99727649233,3.19507325227,-0.761743324707,-0.0626739011888
10,3,16,811,2.9951150152,3.21025536698,-0.763904801836,-0.0474917864815
11,3,32,811,2.989692179,3.17425378938,-0.76932763804,-0.0834933640868
0,1,4,812,4.32073927781,3.49856425727,0.0129496570816,-0.0249429966551
1,1,8,812,4.31848862796,3.54420635418,0.0106990072361,0.0206991002553
2,1,16,812,4.31443698004,3.51679354986,0.00664735931102,-0.00671370406969
3,1,32,812,4.30778962073,3.52350725393,0,0
4,2,4,812,3.9696029022,3.62500950575,-0.338186718532,0.101502251825
5,2,8,812,3.95603358368,3.5946739897,-0.351756037049,0.0711667357762
6,2,16,812,3.93791739652,3.58698269068,-0.36987222421,0.0634754367551
7,2,32,812,3.91703921486,3.53332837751,-0.390750405871,0.00982112358336
8,3,4,812,3.80032791365,3.61475945317,-0.507461707077,0.0912521992434
9,3,8,812,3.75477272734,3.54169111724,-0.553016893385,0.0181838633112
10,3,16,812,3.74316432366,3.53037138945,-0.564625297065,0.00686413551852
11,3,32,812,3.95396943645,3.46962538776,-0.353820184272,-0.0538818661706
0,1,4,813,4.70430872571,3.13358563553,0.00106460520491,-0.0333093779218
1,1,8,813,4.7039734527,3.17060309379,0.000729332200001,0.00370808033099
2,1,16,813,4.70354832106,3.15474360557,0.000304200553821,-0.0121514078826
3,1,32,813,4.7032441205,3.16689501346,0,0
4,2,4,813,4.02585973043,3.01389675219,-0.677384390069,-0.152998261265
5,2,8,813,4.01375816037,2.9909046435,-0.689485960137,-0.175990369957
6,2,16,813,4.00046298065,3.03348471057,-0.702781139851,-0.133410302882
7,2,32,813,3.98873392895,3.03904819265,-0.714510191555,-0.127846820803
8,3,4,813,3.72680083849,3.00582221438,-0.976443282009,-0.161072799071
9,3,8,813,3.72297111469,2.98510605124,-0.98027300581,-0.181788962211
10,3,16,813,3.72457888599,3.03865950611,-0.978665234511,-0.128235507347
11,3,32,813,4.14169545695,3.03318951496,-0.561548663552,-0.133705498496
0,1,4,814,4.47833380791,3.32057589141,0.00594838400674,-0.0263687133648
1,1,8,814,4.47730997503,3.36168524447,0.00492455112774,0.0147406396917
2,1,16,814,4.47545489422,3.33682272933,0.00306947032343,-0.0101218754431
3,1,32,814,4.4723854239,3.34694460478,0,0
4,2,4,814,3.94887787503,3.31346939191,-0.523507548873,-0.0334752128665
5,2,8,814,3.94024246257,3.29397650486,-0.532142961331,-0.0529680999108
6,2,16,814,3.92787518609,3.3175356302,-0.544510237807,-0.0294089745803
7,2,32,814,3.91313096451,3.2876606361,-0.559254459388,-0.0592839686759
8,3,4,814,3.76020482993,3.28683713146,-0.712180593973,-0.060107473311
9,3,8,814,3.73640839263,3.24667821902,-0.735977031273,-0.100266385757
10,3,16,814,3.7323122463,3.26786727565,-0.740073177602,-0.0790773291219
11,3,32,814,3.97864943408,3.25025951399,-0.493735989825,-0.0966850907804
0,1,4,815,4.44332586832,3.19956865369,0.00786539244296,-0.0107862803914
1,1,8,815,4.44184657582,3.22897646119,0.00638609995026,0.0186215271052
2,1,16,815,4.43931954218,3.20047907613,0.0038590663097,-0.0098758579576
3,1,32,815,4.43546047587,3.21035493409,0,0
4,2,4,815,3.86346146714,3.22303094475,-0.571999008737,0.0126760106596
5,2,8,815,3.85091542106,3.21341537705,-0.584545054813,0.00306044296429
6,2,16,815,3.83505159729,3.21327929883,-0.600408878584,0.00292436473961
7,2,32,815,3.81836624853,3.17513680302,-0.617094227342,-0.0352181310693
8,3,4,815,3.64865254711,3.21102215537,-0.78680792876,0.000667221281588
9,3,8,815,3.62136342452,3.15118946624,-0.814097051357,-0.0591654678477
10,3,16,815,3.61370392479,3.1552298949,-0.821756551081,-0.0551250391898
11,3,32,815,3.85643371105,3.13222000792,-0.579026764826,-0.0781349261606
0,1,4,816,4.03018324921,3.21054899709,0.00217852437622,-0.0271995784644
1,1,8,816,4.02962446362,3.24696779777,0.00161973878533,0.00921922220867
2,1,16,816,4.02883289732,3.22365562592,0.000828172486834,-0.0140929496367
3,1,32,816,4.02800472483,3.23774857556,0,0
4,2,4,816,3.22409999896,3.09011289022,-0.803904725866,-0.147635685338
5,2,8,816,3.22119978815,3.07728110297,-0.806804936682,-0.160467472584
6,2,16,816,3.21870551875,3.09653725982,-0.809299206082,-0.141211315739
7,2,32,816,3.21780732587,3.12695351464,-0.810197398957,-0.110795060913
8,3,4,816,3.07401575507,3.0718409873,-0.953988969759,-0.16590758826
9,3,8,816,3.074262842,3.0606503524,-0.953741882829,-0.177098223162
10,3,16,816,3.07849917266,3.11238674758,-0.949505552171,-0.125361827982
11,3,32,816,3.24530590939,3.09873186576,-0.782698815443,-0.139016709798
0,1,4,817,4.2765481691,3.30284099716,0.0135597583281,-0.00750877145187
1,1,8,817,4.27412650413,3.33993682491,0.0111380933611,0.0295870562955
2,1,16,817,4.26984641995,3.30454292779,0.00685800917753,-0.00580684081775
3,1,32,817,4.26298841077,3.31034976861,0,0
4,2,4,817,3.75676610577,3.38463495349,-0.506222305003,0.0742851848823
5,2,8,817,3.7480418971,3.39046129353,-0.514946513669,0.0801115249146
6,2,16,817,3.7334271137,3.37969881161,-0.52956129707,0.0693490429974
7,2,32,817,3.71400338576,3.3168790788,-0.548985025004,0.00652931018663
8,3,4,817,3.60286166911,3.38086130665,-0.660126741656,0.0705115380388
9,3,8,817,3.56200112108,3.30627000584,-0.700987289685,-0.00407976277506
10,3,16,817,3.5505621884,3.29712909145,-0.712426222372,-0.0132206771576
11,3,32,817,3.64246108875,3.25802136606,-0.620527322017,-0.0523284025491
0,1,4,818,3.76608261948,3.37963887782,0.00976182787679,-0.0140875539485
1,1,8,818,3.76429080547,3.42001150518,0.00797001386414,0.026285073408
2,1,16,818,3.76117986373,3.39619136482,0.00485907212651,0.0024649330454
3,1,32,818,3.7563207916,3.39372643177,0,0
4,2,4,818,3.09973887451,3.40164028133,-0.656581917091,0.00791384955916
5,2,8,818,3.1003523135,3.38253863553,-0.655968478107,-0.0111877962407
6,2,16,818,3.09891490247,3.38797608613,-0.657405889131,-0.00575034564642
7,2,32,818,3.09498522519,3.36662210721,-0.661335566413,-0.0271043245642
8,3,4,818,3.00286707257,3.3669491263,-0.75345371903,-0.0267773054755
9,3,8,818,2.98145247405,3.33745948455,-0.774868317556,-0.0562669472251
10,3,16,818,2.97898158299,3.34842942687,-0.777339208609,-0.0452970049048
11,3,32,818,2.97277740637,3.31743378194,-0.78354338523,-0.0762926498334
0,1,4,819,4.50912896686,3.40861427199,0.012654477425,-0.0152877936418
1,1,8,819,4.50695011706,3.4537385,0.0104756276249,0.0298364343764
2,1,16,819,4.50300501838,3.41866571115,0.00653052894518,-0.00523635447398
3,1,32,819,4.49647448944,3.42390206563,0,0
4,2,4,819,4.0977437383,3.53187858631,-0.398730751139,0.107976520679
5,2,8,819,4.08462084662,3.51431424907,-0.411853642821,0.090412183443
6,2,16,819,4.06553852186,3.50629982617,-0.430935967577,0.0823977605465
7,2,32,819,4.04220050475,3.43896383748,-0.454273984685,0.015061771851
8,3,4,819,3.89730531758,3.51082995677,-0.599169171864,0.086927891146
9,3,8,819,3.85151296259,3.43545790787,-0.644961526854,0.0115558422456
10,3,16,819,3.83813887312,3.41157412527,-0.658335616318,-0.0123279403614
11,3,32,819,4.05540919477,3.37786872732,-0.441065294669,-0.0460333383062
0,1,4,820,4.00201566014,3.26472372606,0.00706199456767,-0.0317129017665
1,1,8,820,4.00075361257,3.30376020814,0.00579994699552,0.00732358030849
2,1,16,820,3.9985232715,3.27749079614,0.00356960592862,-0.018945831688
3,1,32,820,3.99495366557,3.29643662783,0,0
4,2,4,820,3.30203509195,3.20977205285,-0.692918573625,-0.0866645749793
5,2,8,820,3.30197464809,3.22917346377,-0.69297901748,-0.0672631640572
6,2,16,820,3.29801251273,3.2349845159,-0.696941152844,-0.0614521119255
7,2,32,820,3.29025592517,3.22516726579,-0.704697740398,-0.0712693620331
8,3,4,820,3.21713733328,3.2046978749,-0.777816332297,-0.0917387529247
9,3,8,820,3.19782606226,3.16796434043,-0.797127603315,-0.128472287401
10,3,16,820,3.19621952205,3.20373355213,-0.798734143526,-0.0927030757009
11,3,32,820,3.1863492908,3.1721453328,-0.80860437477,-0.124291295023
0,1,4,821,4.20484588144,3.23000033492,0.00104863781553,-0.023379697567
1,1,8,821,4.2045157364,3.25898107083,0.000718492775226,0.00560103834543
2,1,16,821,4.20409844026,3.25079736701,0.000301196636984,-0.00258266547226
3,1,32,821,4.20379724362,3.25338003248,0,0
4,2,4,821,3.52620933739,3.16692669352,-0.677587906233,-0.0864533389629
5,2,8,821,3.51814487113,3.11727201858,-0.685652372491,-0.136108013901
6,2,16,821,3.51149982623,3.14999900353,-0.692297417391,-0.103381028954
7,2,32,821,3.50836626222,3.15720117642,-0.695430981399,-0.0961788560665
8,3,4,821,3.30023704562,3.12544037088,-0.903560198001,-0.1279396616
9,3,8,821,3.29716695275,3.1155813895,-0.90663029087,-0.137798642983
10,3,16,821,3.29999749807,3.15179090452,-0.903799745555,-0.101589127967
11,3,32,821,3.60068611866,3.13991870182,-0.603111124965,-0.113461330659
0,1,4,822,3.91456953932,3.31886246521,-0.00150337566697,-0.0418524291665
1,1,8,822,3.91481982155,3.34925821894,-0.00125309344,-0.011456675435
2,1,16,822,3.9152808348,3.34812364767,-0.000792080190092,-0.0125912467044
3,1,32,822,3.91607291499,3.36071489438,0,0
4,2,4,822,3.26368194122,3.1779055739,-0.652390973773,-0.182809320473
5,2,8,822,3.2650727648,3.14182247551,-0.651000150189,-0.218892418867
6,2,16,822,3.26754337578,3.19841289177,-0.648529539208,-0.162302002602
7,2,32,822,3.27120832237,3.22341406808,-0.644864592624,-0.137300826299
8,3,4,822,3.18309544045,3.13823164064,-0.732977474542,-0.22248325374
9,3,8,822,3.18672066622,3.14932071325,-0.72935224877,-0.211394181126
10,3,16,822,3.19647484867,3.22985433329,-0.71959806632,-0.130860561086
11,3,32,822,3.33490410541,3.20424955162,-0.581168809584,-0.156465342755
0,1,4,823,4.05738128972,3.4330016023,0.00712367931935,-0.0189347715174
1,1,8,823,4.05614981132,3.47007430476,0.00589220092264,0.0181379309389
2,1,16,823,4.0539248311,3.43817455554,0.00366722070652,-0.013761818283
3,1,32,823,4.0502576104,3.45193637382,0,0
4,2,4,823,3.55237661029,3.47030986484,-0.497881000108,0.0183734910213
5,2,8,823,3.54547662085,3.44430576197,-0.504780989543,-0.00763061184517
6,2,16,823,3.53640048497,3.44332793376,-0.513857125425,-0.00860844005876
7,2,32,823,3.52625252448,3.42483408603,-0.524005085918,-0.0271022877866
8,3,4,823,3.47580453261,3.43488352599,-0.574453077785,-0.0170528478267
9,3,8,823,3.44834306029,3.38836761767,-0.601914550102,-0.0635687561537
10,3,16,823,3.44373442729,3.398532718,-0.60652318311,-0.0534036558226
11,3,32,823,3.58007562347,3.36420739081,-0.470181986929,-0.0877289830142
0,1,4,824,4.11346040878,3.116502303,0.00376064220531,-0.0169315854774
1,1,8,824,4.11256108418,3.14838343373,0.00286131760704,0.014949545247
2,1,16,824,4.11123312907,3.11760918051,0.00153336250367,-0.0158247079731
3,1,32,824,4.10969976657,3.13343388848,0,0
4,2,4,824,3.29693695345,2.94805180479,-0.812762813125,-0.185382083693
5,2,8,824,3.29482496726,2.95899093964,-0.814874799312,-0.174442948843
6,2,16,824,3.29181465612,2.98761657834,-0.817885110455,-0.145817310143
7,2,32,824,3.2887560463,3.01195192289,-0.820943720268,-0.121481965592
8,3,4,824,3.17078381618,2.95715452826,-0.938915950386,-0.176279360223
9,3,8,824,3.17223362239,2.93750809375,-0.937466144183,-0.195925794734
10,3,16,824,3.1771873394,3.01222719219,-0.932512427175,-0.12120669629
11,3,32,824,3.32769348104,2.99484253553,-0.782006285529,-0.138591352949
0,1,4,825,4.6094947521,3.20130721298,-0.00250256773954,-0.0300751457417
1,1,8,825,4.60993208828,3.23970108119,-0.00206523156383,0.00831872246463
2,1,16,825,4.61071455385,3.20625308317,-0.00128276598903,-0.0251292755488
3,1,32,825,4.61199731984,3.23138235872,0,0
4,2,4,825,3.92339650044,3.04095549805,-0.688600819399,-0.190426860672
5,2,8,825,3.91703460355,3.02916257609,-0.694962716286,-0.202219782634
6,2,16,825,3.90907277757,3.07324100388,-0.702924542267,-0.158141354841
7,2,32,825,3.90113061308,3.09468132741,-0.710866706755,-0.136701031314
8,3,4,825,3.76231536877,3.0045793903,-0.849681951071,-0.226802968419
9,3,8,825,3.76274391673,2.99348519236,-0.849253403106,-0.237897166356
10,3,16,825,3.76720796575,3.05635049988,-0.844789354093,-0.175031858845
11,3,32,825,4.10434534774,3.07531269571,-0.507651972097,-0.156069663013
0,1,4,826,3.64358054405,3.32501891857,0.00829893678784,-0.0329515140571
1,1,8,826,3.64202034367,3.35692174336,0.00673873640527,-0.00104868925929
2,1,16,826,3.63935740134,3.35980107711,0.00407579406942,0.00183064449079
3,1,32,826,3.63528160727,3.35797043262,0,0
4,2,4,826,2.93767278684,3.40860651821,-0.697608820424,0.0506360855883
5,2,8,826,2.93358358629,3.37453696772,-0.701698020979,0.0165665350947
6,2,16,826,2.92944475449,3.35579501865,-0.705836852772,-0.00217541397349
7,2,32,826,2.92663722589,3.33543597883,-0.70864438138,-0.0225344537929
8,3,4,826,2.74415451406,3.37206138081,-0.89112709321,0.0140909481896
9,3,8,826,2.72010509352,3.34013931355,-0.915176513748,-0.017831119076
10,3,16,826,2.71508826879,3.32215348859,-0.920193338474,-0.0358169440311
11,3,32,826,2.71212994005,3.2729638325,-0.92315166722,-0.0850066001248
0,1,4,827,3.94916362009,3.25559975048,0.00821407888183,-0.0121629226364
1,1,8,827,3.94759369943,3.27668323079,0.00664415822701,0.008920557679
2,1,16,827,3.94494040406,3.26234473705,0.00399086284992,-0.00541793606697
3,1,32,827,3.94094954121,3.26776267311,0,0
4,2,4,827,3.35340633257,3.31678490134,-0.58754320864,0.0490222282292
5,2,8,827,3.34391575842,3.29207987,-0.597033782782,0.0243171968889
6,2,16,827,3.33349882651,3.27943594286,-0.607450714695,0.0116732697463
7,2,32,827,3.32437537973,3.24841349603,-0.616574161473,-0.0193491770846
8,3,4,827,3.19319434808,3.29560495329,-0.747755193124,0.0278422801761
9,3,8,827,3.16657996505,3.24247171003,-0.774369576161,-0.0252909630885
10,3,16,827,3.16029701491,3.23956219835,-0.780652526294,-0.0282004747684
11,3,32,827,3.27536654107,3.19379032531,-0.665583000139,-0.0739723478022
0,1,4,828,4.14393794439,3.33366416726,0.0123977318176,-0.010666907922
1,1,8,828,4.141748122,3.36155354334,0.0102079094374,0.0172224681635
2,1,16,828,4.13785180421,3.33302887017,0.00631159164186,-0.0113022050112
3,1,32,828,4.13154021257,3.34433107518,0,0
4,2,4,828,3.67493323253,3.48116836266,-0.456606980034,0.136837287475
5,2,8,828,3.66198041045,3.47215179774,-0.469559802116,0.127820722555
6,2,16,828,3.64472039517,3.43642824108,-0.486819817395,0.092097165897
7,2,32,828,3.62555819961,3.37411682797,-0.505982012956,0.0297857527872
8,3,4,828,3.52722376413,3.46546068679,-0.604316448442,0.121129611611
9,3,8,828,3.48066909345,3.38034118455,-0.650871119116,0.0360101093702
10,3,16,828,3.46648109502,3.34626000374,-0.665059117546,0.00192892856015
11,3,32,828,3.56246495327,3.29476604582,-0.569075259302,-0.0495650293615
0,1,4,829,4.05732851971,3.05221130848,-0.000440958579076,-0.0405358518982
1,1,8,829,4.05727662226,3.07000040636,-0.000492856036471,-0.0227467540184
2,1,16,829,4.05733917284,3.0713356838,-0.000430305450756,-0.0214114765787
3,1,32,829,4.05776947829,3.09274716038,0,0
4,2,4,829,3.24873614559,2.94308320988,-0.809033332704,-0.149663950495
5,2,8,829,3.24355421717,2.9418187381,-0.814215261126,-0.15092842228
6,2,16,829,3.2386343668,2.95504776018,-0.819135111496,-0.137699400202
7,2,32,829,3.23640879016,2.96884350936,-0.821360688131,-0.123903651023
8,3,4,829,3.05560456084,2.93190612009,-1.00216491745,-0.160841040284
9,3,8,829,3.05333755316,2.91356969192,-1.00443192514,-0.179177468455
10,3,16,829,3.05620276213,2.95961513734,-1.00156671617,-0.133132023043
11,3,32,829,3.18207818144,2.93438343785,-0.875691296856,-0.158363722524
0,1,4,830,4.33560313847,3.24675208118,0.000963127204485,-0.0256200829282
1,1,8,830,4.33532070514,3.28542760539,0.000680693876082,0.0130554412793
2,1,16,830,4.33494860267,3.27054316223,0.000308591409278,-0.00182900187268
3,1,32,830,4.33464001126,3.27237216411,0,0
4,2,4,830,3.6388087183,3.14121838659,-0.695831292965,-0.131153777517
5,2,8,830,3.63370187022,3.09973088688,-0.700938141045,-0.172641277228
6,2,16,830,3.62873625788,3.14916106542,-0.705903753379,-0.123211098684
7,2,32,830,3.62506115682,3.15882974564,-0.709578854441,-0.113542418466
8,3,4,830,3.41656897186,3.09999099881,-0.918071039397,-0.172381165301
9,3,8,830,3.41677082892,3.09916921003,-0.91786918234,-0.173202954072
10,3,16,830,3.42141839524,3.14979376922,-0.913221616023,-0.122578394883
11,3,32,830,3.72927304817,3.15128037365,-0.605366963092,-0.12109179046
0,1,4,831,3.92446950095,3.16960051403,0.00895563642237,-0.00395494165313
1,1,8,831,3.92269490595,3.18119803696,0.00718104142229,0.00764258127504
2,1,16,831,3.91976324371,3.16580828589,0.00424937918809,-0.00774716979366
3,1,32,831,3.91551386452,3.17355545569,0,0
4,2,4,831,3.31992112978,3.21284366311,-0.595592734748,0.0392882074231
5,2,8,831,3.30925990851,3.200122954,-0.606253956015,0.0265674983126
6,2,16,831,3.29776919009,3.18493419781,-0.617744674432,0.0113787421248
7,2,32,831,3.28804715532,3.1520177872,-0.627466709206,-0.0215376684881
8,3,4,831,3.17421153238,3.21174077712,-0.741302332142,0.0381853214337
9,3,8,831,3.14816386561,3.14897738482,-0.76734999891,-0.0245780708653
10,3,16,831,3.14188847892,3.1566710064,-0.773625385608,-0.0168844492877
11,3,32,831,3.24615939412,3.10082556757,-0.669354470402,-0.0727298881165
0,1,4,832,3.74839999411,3.34758005824,0.0164240212713,0.00554663566404
1,1,8,832,3.74536233311,3.37328176385,0.0133863602702,0.0312483412668
2,1,16,832,3.74011610683,3.34461411386,0.00814013399219,0.00258069128146
3,1,32,832,3.73197597284,3.34203342258,0,0
4,2,4,832,3.21528967017,3.5074399687,-0.516686302669,0.165406546115
5,2,8,832,3.20656014077,3.49509909023,-0.525415832069,0.153065667649
6,2,16,832,3.19473248146,3.45565989576,-0.537243491382,0.113626473178
7,2,32,832,3.18117898922,3.39382643629,-0.550796983615,0.0517930137063
8,3,4,832,3.10467195742,3.49968404251,-0.62730401542,0.157650619934
9,3,8,832,3.06008047423,3.41771184744,-0.671895498605,0.0756784248615
10,3,16,832,3.04705129778,3.38555585851,-0.684924675059,0.0435224359278
11,3,32,832,3.03093328139,3.31917749031,-0.701042691453,-0.0228559322732
0,1,4,833,3.94596948587,3.11971137855,0.000831933679578,-0.0269959205861
1,1,8,833,3.94566938031,3.13722689159,0.000531828113376,-0.00948040754789
2,1,16,833,3.94531597152,3.13765370146,0.000178419326035,-0.00905359767308
3,1,32,833,3.9451375522,3.14670729914,0,0
4,2,4,833,3.1868625512,3.01874393854,-0.758275000995,-0.127963360595
5,2,8,833,3.18389049031,2.99876901444,-0.761247061884,-0.147938284694
6,2,16,833,3.18189381191,3.02798007637,-0.763243740283,-0.118727222769
7,2,32,833,3.18238980449,3.03514951101,-0.762747747701,-0.111557788123
8,3,4,833,3.02273483682,2.99521127783,-0.922402715376,-0.151496021308
9,3,8,833,3.02214323933,2.9851695632,-0.922994312863,-0.161537735941
10,3,16,833,3.02680461369,3.03738045355,-0.918332938504,-0.10932684559
11,3,32,833,3.15461208582,3.0124194358,-0.790525466379,-0.134287863333
0,1,4,834,4.4045547776,3.24679421802,0.00501462861434,-0.0201586061629
1,1,8,834,4.40367970621,3.27641439958,0.00413955723016,0.00946157538944
2,1,16,834,4.40211105267,3.26208902623,0.00257090368912,-0.00486379795213
3,1,32,834,4.39954014898,3.26695282419,0,0
4,2,4,834,3.84934936528,3.26710570175,-0.550190783706,0.00015287756261
5,2,8,834,3.84016522017,3.23986536614,-0.559374928812,-0.02708745805
6,2,16,834,3.82815062183,3.25945669762,-0.571389527152,-0.00749612656245
7,2,32,834,3.8151155421,3.21787861295,-0.584424606877,-0.0490742112332
8,3,4,834,3.63363356276,3.2267220455,-0.765906586223,-0.0402307786831
9,3,8,834,3.61023090983,3.18752800466,-0.789309239153,-0.0794248195228
10,3,16,834,3.60539135306,3.19414154343,-0.794148795918,-0.0728112807609
11,3,32,834,3.83478641201,3.18072734959,-0.564753736968,-0.086225474599
0,1,4,835,4.36166158548,3.38681483869,0.0119590760764,-0.0244483017353
1,1,8,835,4.35956002212,3.42525457195,0.00985751271146,0.0139914315273
2,1,16,835,4.35580541951,3.40061421446,0.00610291010398,-0.010648925962
3,1,32,835,4.3497025094,3.41126314042,0,0
4,2,4,835,3.95338902865,3.49274735503,-0.396313480756,0.0814842146116
5,2,8,835,3.93939444794,3.47642553222,-0.410308061462,0.0651623917956
6,2,16,835,3.92066924115,3.46527899964,-0.429033268256,0.0540158592176
7,2,32,835,3.89944799446,3.41040004192,-0.450254514944,-0.000863098497774
8,3,4,835,3.7676862395,3.49057953044,-0.582016269905,0.0793163900141
9,3,8,835,3.72418626095,3.41438550722,-0.625516248458,0.00312236679785
10,3,16,835,3.7124693346,3.40506947557,-0.6372331748,-0.00619366485661
11,3,32,835,3.90870291908,3.34771327265,-0.440999590322,-0.0635498677739
0,1,4,836,4.15870084161,3.34704797311,0.0154605716258,0.00334130150571
1,1,8,836,4.15591261067,3.37847697361,0.0126723406851,0.034770302004
2,1,16,836,4.15101770754,3.33727477704,0.00777743755101,-0.00643189457
3,1,32,836,4.14324026999,3.34370667161,0,0
4,2,4,836,3.68605196177,3.51755168375,-0.457188308216,0.173845012145
5,2,8,836,3.67216943179,3.5110628422,-0.471070838203,0.167356170589
6,2,16,836,3.65345983767,3.46692409993,-0.489780432322,0.123217428319
7,2,32,836,3.63219956442,3.39823302571,-0.511040705569,0.054526354101
8,3,4,836,3.53746969947,3.50705767979,-0.605770570521,0.163351008186
9,3,8,836,3.48709442702,3.41171684094,-0.656145842965,0.0680101693354
10,3,16,836,3.47059855496,3.36778913319,-0.672641715029,0.0240824615834
11,3,32,836,3.57457837149,3.31828759174,-0.568661898496,-0.0254190798692
0,1,4,837,4.09581647447,3.43170330957,0.0177477720833,0.000194789552919
1,1,8,837,4.09267433808,3.46071715875,0.0146056356858,0.0292086387387
2,1,16,837,4.08708861956,3.42423428992,0.00901991717054,-0.00727423009611
3,1,32,837,4.07806870239,3.43150852001,0,0
4,2,4,837,3.77372822753,3.6323570827,-0.304340474855,0.200848562687
5,2,8,837,3.75917301604,3.62393122507,-0.318895686349,0.19242270506
6,2,16,837,3.73898669259,3.58379726308,-0.339082009796,0.152288743062
7,2,32,837,3.71518010118,3.5000729215,-0.362888601211,0.0685644014828
8,3,4,837,3.67456978257,3.63606564639,-0.403498919816,0.20455712638
9,3,8,837,3.61544557386,3.52904020634,-0.462623128526,0.097531686327
10,3,16,837,3.59790455834,3.49349375768,-0.48016414405,0.0619852376671
11,3,32,837,3.67065845099,3.41512756458,-0.407410251401,-0.0163809554366
0,1,4,838,3.56391920614,3.19211330528,0.000481868232971,-0.0124784862311
1,1,8,838,3.56370167122,3.20542441259,0.000264333316239,0.000832621076188
2,1,16,838,3.56347120747,3.19799376176,3.38695592581e-05,-0.00659802975148
3,1,32,838,3.56343733791,3.20459179152,0,0
4,2,4,838,2.774915748,3.1049848794,-0.788521589911,-0.0996069121159
5,2,8,838,2.77749479272,3.07804781966,-0.78594254519,-0.126543971855
6,2,16,838,2.78238401969,3.09965709377,-0.781053318218,-0.10493469775
7,2,32,838,2.7900044697,3.11439113723,-0.773432868203,-0.0902006542832
8,3,4,838,2.72192865365,3.05350600124,-0.841508684262,-0.15108579028
9,3,8,838,2.72398118654,3.05199652211,-0.839456151372,-0.152595269407
10,3,16,838,2.73043358642,3.09800288268,-0.833003751486,-0.106588908836
11,3,32,838,2.73672753186,3.08054655607,-0.826709806052,-0.124045235444
0,1,4,839,4.02129063221,3.132862101,0.00056971466195,-0.0186052857791
1,1,8,839,4.02104315778,3.15245479586,0.0003222402232,0.000987409078301
2,1,16,839,4.02077483291,3.13357164137,5.39153561006e-05,-0.0178957454173
3,1,32,839,4.02072091755,3.15146738678,0,0
4,2,4,839,3.2654390387,3.01248842515,-0.755281878851,-0.13897896163
5,2,8,839,3.26173337966,3.00366826322,-0.758987537897,-0.147799123567
6,2,16,839,3.2585392154,3.02528506119,-0.762181702154,-0.126182325595
7,2,32,839,3.2574394432,3.0424968083,-0.763281474355,-0.108970578483
8,3,4,839,3.15376981044,2.99115744896,-0.866951107116,-0.160309937828
9,3,8,839,3.15311439436,2.97301275386,-0.86760652319,-0.178454632924
10,3,16,839,3.15736465282,3.02894423059,-0.863356264737,-0.122523156196
11,3,32,839,3.30667306547,3.01346598533,-0.71404785208,-0.138001401457
0,1,4,840,4.02129063221,3.132862101,0.000569714661951,-0.0186052857791
1,1,8,840,4.02104315778,3.15245479586,0.000322240223201,0.000987409078301
2,1,16,840,4.02077483291,3.13357164137,5.39153561006e-05,-0.0178957454173
3,1,32,840,4.02072091755,3.15146738678,0,0
4,2,4,840,3.2654390387,3.01248842515,-0.755281878851,-0.13897896163
5,2,8,840,3.26173337966,3.00366826322,-0.758987537897,-0.147799123567
6,2,16,840,3.2585392154,3.02528506119,-0.762181702154,-0.126182325595
7,2,32,840,3.2574394432,3.0424968083,-0.763281474355,-0.108970578483
8,3,4,840,3.15376981044,2.99115744896,-0.866951107116,-0.160309937828
9,3,8,840,3.15311439436,2.97301275386,-0.86760652319,-0.178454632924
10,3,16,840,3.15736465282,3.02894423059,-0.863356264737,-0.122523156196
11,3,32,840,3.30667306547,3.01346598533,-0.71404785208,-0.138001401457
0,1,4,841,4.32289779408,3.30578340039,0.00585862857902,-0.0351254044414
1,1,8,841,4.32184376928,3.34010381349,0.00480460377933,-0.000804991341882
2,1,16,841,4.31998847466,3.32545004091,0.00294930915894,-0.0154587639274
3,1,32,841,4.3170391655,3.34090880483,0,0
4,2,4,841,3.80836201674,3.29283516638,-0.508677148763,-0.04807363845
5,2,8,841,3.79835001694,3.27486644678,-0.518689148565,-0.066042358058
6,2,16,841,3.78570812915,3.29196464364,-0.531331036358,-0.0489441611919
7,2,32,841,3.77239586916,3.27180220493,-0.544643296342,-0.0691065999009
8,3,4,841,3.63436908404,3.28703793074,-0.682670081465,-0.0538708740903
9,3,8,841,3.61087936518,3.24254353056,-0.706159800327,-0.0983652742775
10,3,16,841,3.6076542546,3.2749668726,-0.709384910903,-0.0659419322304
11,3,32,841,3.82853756929,3.2303678895,-0.488501596217,-0.110540915339
0,1,4,842,3.51101578867,3.17169753134,0.00423941698408,-0.00286272525473
1,1,8,842,3.50999646593,3.19042232397,0.00322009424587,0.015862067377
2,1,16,842,3.50850001453,3.17101970732,0.00172364284571,-0.00354054927641
3,1,32,842,3.50677637168,3.1745602566,0,0
4,2,4,842,2.64717614652,3.09480512261,-0.859600225166,-0.0797551339898
5,2,8,842,2.64812650468,3.07685153164,-0.858649867007,-0.0977087249592
6,2,16,842,2.65147401565,3.07998696078,-0.855302356033,-0.0945732958164
7,2,32,842,2.65789952524,3.10177066209,-0.848876846443,-0.0727895945101
8,3,4,842,2.57018048029,3.0653106903,-0.936595891396,-0.109249566295
9,3,8,842,2.57069705774,3.05222490599,-0.936079313949,-0.122335350602
10,3,16,842,2.57495434676,3.09022703052,-0.931822024925,-0.0843332260768
11,3,32,842,2.58104380405,3.06628613636,-0.925732567636,-0.108274120234
0,1,4,843,4.01849189039,3.4784487188,0.0210623113732,-0.00422504041768
1,1,8,843,4.01476251372,3.52644603749,0.0173329347014,0.0437722782642
2,1,16,843,4.008133501,3.48230223509,0.0107039219853,-0.000371524136163
3,1,32,843,3.99742957902,3.48267375922,0,0
4,2,4,843,3.57841977651,3.68094677195,-0.41900980251,0.198273012729
5,2,8,843,3.56944597628,3.68701171134,-0.427983602737,0.204337952117
6,2,16,843,3.55318237216,3.6419729176,-0.444247206856,0.159299158379
7,2,32,843,3.53018156041,3.55950574394,-0.467248018606,0.0768319847146
8,3,4,843,3.4608248028,3.68497286128,-0.536604776215,0.20229910206
9,3,8,843,3.40074930884,3.58544238693,-0.596680270177,0.102768627709
10,3,16,843,3.38237111613,3.53907149469,-0.615058462884,0.0563977354656
11,3,32,843,3.35577836155,3.47151495501,-0.641651217466,-0.0111588042128
0,1,4,844,4.65887920139,3.19830026724,0.0074288542794,-0.0220824520957
1,1,8,844,4.65746902218,3.23078565505,0.00601867507,0.0104029357133
2,1,16,844,4.6550726947,3.20575490891,0.00362234759333,-0.0146278104289
3,1,32,844,4.65145034711,3.22038271934,0,0
4,2,4,844,4.13920958143,3.1960751174,-0.512240765678,-0.0243076019405
5,2,8,844,4.12302672389,3.18646273681,-0.528423623212,-0.0339199825294
6,2,16,844,4.10319696618,3.19634220545,-0.548253380921,-0.0240405138874
7,2,32,844,4.08286135466,3.1628930993,-0.568588992448,-0.0574896200431
8,3,4,844,3.8869452145,3.2051193237,-0.76450513261,-0.0152633956347
9,3,8,844,3.85969178998,3.14193221792,-0.791758557122,-0.0784505014211
10,3,16,844,3.85253232086,3.16285444435,-0.798918026242,-0.0575282749852
11,3,32,844,4.19126536926,3.12821759286,-0.460184977842,-0.0921651264771
0,1,4,845,4.40062977101,3.13988843164,0.00373399535633,-0.0108423869621
1,1,8,845,4.39971452941,3.17155355058,0.00281875376,0.0208227319739
2,1,16,845,4.39838229211,3.1328633423,0.00148651646611,-0.0178674763018
3,1,32,845,4.39689577565,3.1507308186,0,0
4,2,4,845,3.68210289591,3.01151639366,-0.714792879739,-0.139214424946
5,2,8,845,3.67145078145,3.00539657319,-0.7254449942,-0.145334245412
6,2,16,845,3.66033456551,3.02516164825,-0.736561210134,-0.125569170351
7,2,32,845,3.65122436948,3.0461354417,-0.745671406167,-0.104595376899
8,3,4,845,3.50251851615,3.02010024857,-0.8943772595,-0.130630570028
9,3,8,845,3.49861024777,2.98443381363,-0.898285527881,-0.166297004968
10,3,16,845,3.50006826921,3.04394134617,-0.896827506439,-0.106789472431
11,3,32,845,3.82644638333,3.02796917401,-0.570449392314,-0.122761644592
0,1,4,846,4.05933991052,3.36426248032,0.0156636150438,-0.00185742507196
1,1,8,846,4.05646875088,3.40056458866,0.012792455401,0.0344446832717
2,1,16,846,4.05148008982,3.37463714276,0.00780379433756,0.00851723737225
3,1,32,846,4.04367629548,3.36611990539,0,0
4,2,4,846,3.55416706991,3.49627205668,-0.489509225572,0.130152151287
5,2,8,846,3.54491188519,3.47502157549,-0.498764410294,0.108901670099
6,2,16,846,3.53161890013,3.46190766077,-0.512057395351,0.0957877553813
7,2,32,846,3.51536232523,3.39574768118,-0.528313970252,0.0296277757897
8,3,4,846,3.37255728793,3.4850126614,-0.67111900755,0.118892756003
9,3,8,846,3.33089550253,3.41479880662,-0.712780792947,0.0486789012241
10,3,16,846,3.31921772459,3.39311793243,-0.724458570893,0.0269980270369
11,3,32,846,3.41242951507,3.34055650445,-0.631246780406,-0.0255634009384
0,1,4,847,3.6708025294,3.12724971209,0.000260884398243,-0.041034324103
1,1,8,847,3.67061760001,3.14689399552,7.59550091001e-05,-0.0213900406719
2,1,16,847,3.67045440472,3.15216468322,-8.72402801351e-05,-0.0161193529738
3,1,32,847,3.670541645,3.1682840362,0,0
4,2,4,847,2.80651201848,3.03651078036,-0.864029626514,-0.13177325584
5,2,8,847,2.80632110979,3.02696440055,-0.864220535209,-0.141319635643
6,2,16,847,2.80772850865,3.03242014969,-0.862813136345,-0.135863886509
7,2,32,847,2.81224636251,3.05622064252,-0.85829528249,-0.112063393681
8,3,4,847,2.66286509581,3.01160218499,-1.00767654919,-0.156681851205
9,3,8,847,2.66273069175,3.00482627598,-1.00781095325,-0.163457760219
10,3,16,847,2.66718190997,3.04441007748,-1.00335973503,-0.123873958719
11,3,32,847,2.67222317879,3.013148249,-0.998318466212,-0.1551357872
0,1,4,848,3.91448802686,3.37551361517,0.0114493330151,-0.0169553277553
1,1,8,848,3.912300066,3.41653418619,0.00926137214873,0.0240652432714
2,1,16,848,3.90859759422,3.40000814915,0.00555890036759,0.00753920622644
3,1,32,848,3.90303869385,3.39246894292,0,0
4,2,4,848,3.31132450183,3.40822420108,-0.591714192017,0.015755258159
5,2,8,848,3.30602866532,3.37514563651,-0.597010028525,-0.0173233064069
6,2,16,848,3.29935793101,3.38550870961,-0.603680762838,-0.00696023330911
7,2,32,848,3.29191442264,3.36250635223,-0.611124271206,-0.0299625906914
8,3,4,848,3.13605335218,3.39742383507,-0.766985341667,0.00495489215233
9,3,8,848,3.11297829631,3.36056884597,-0.790060397541,-0.0319000969554
10,3,16,848,3.10962030323,3.3773515842,-0.793418390622,-0.0151173587256
11,3,32,848,3.22776211384,3.32599698362,-0.675276580012,-0.0664719593
0,1,4,849,4.59415772089,3.23949887157,0.00661895571082,-0.0360564771188
1,1,8,849,4.59298053463,3.28802128253,0.00544176944844,0.0124659338488
2,1,16,849,4.59089411704,3.26608822258,0.00335535186037,-0.00946712610403
3,1,32,849,4.58753876518,3.27555534869,0,0
4,2,4,849,3.95767132627,3.20274854822,-0.629867438914,-0.0728068004678
5,2,8,849,3.95015517071,3.20107924332,-0.637383594477,-0.0744761053652
6,2,16,849,3.93773817711,3.22590306257,-0.649800588069,-0.0496522861178
7,2,32,849,3.92166248695,3.19767323012,-0.66587627823,-0.0778821185614
8,3,4,849,3.7007748974,3.19160986662,-0.886763867781,-0.0839454820614
9,3,8,849,3.67933561242,3.15498658044,-0.908203152767,-0.120568768246
10,3,16,849,3.67506643456,3.17803030425,-0.912472330624,-0.0975250444304
11,3,32,849,3.90808844498,3.16649023539,-0.679450320204,-0.109065113294
0,1,4,850,4.69571896795,3.30035588095,-0.00103069612316,-0.0415355965972
1,1,8,850,4.69588314415,3.36071570086,-0.000866519915807,0.018824223311
2,1,16,850,4.69619356038,3.32024499321,-0.000556103688194,-0.0216464843366
3,1,32,850,4.69674966407,3.34189147755,0,0
4,2,4,850,3.96028761065,3.13477320882,-0.736462053423,-0.207118268724
5,2,8,850,3.95451833263,3.11793804327,-0.742231331442,-0.223953434275
6,2,16,850,3.94675410561,3.16217335619,-0.749995558456,-0.179718121363
7,2,32,850,3.93816314392,3.1994935695,-0.758586520151,-0.14239790805
8,3,4,850,3.74821976361,3.10000826597,-0.948529900457,-0.241883211578
9,3,8,850,3.74983624591,3.09789949241,-0.94691341816,-0.243991985139
10,3,16,850,3.75431170659,3.15678778016,-0.942437957481,-0.185103697389
11,3,32,850,4.13600571903,3.1823113582,-0.560743945038,-0.159580119352
0,1,4,851,3.95928040845,3.27333114734,0.00743882387665,-0.00576520972782
1,1,8,851,3.95788558696,3.29261668573,0.00604400238314,0.0135203286671
2,1,16,851,3.95549902728,3.27657800749,0.00365744271017,-0.002518349581
3,1,32,851,3.95184158457,3.27909635707,0,0
4,2,4,851,3.39234765353,3.33114572164,-0.559493931048,0.0520493645689
5,2,8,851,3.3843838825,3.30056074915,-0.567457702074,0.0214643920877
6,2,16,851,3.37543577279,3.29827047687,-0.576405811783,0.0191741198003
7,2,32,851,3.36724409031,3.26153212947,-0.584597494265,-0.0175642275975
8,3,4,851,3.2567793928,3.29549250869,-0.69506219177,0.0163961516189
9,3,8,851,3.23137054458,3.24765765443,-0.720471039996,-0.0314387026337
10,3,16,851,3.22609999503,3.24739762017,-0.725741589543,-0.0316987368935
11,3,32,851,3.34269427766,3.21121351736,-0.609147306916,-0.06788283971
0,1,4,852,4.1813382137,3.40574874018,0.0196547552525,0.0064480547758
1,1,8,852,4.17784286152,3.43871483773,0.0161594030709,0.0394141523296
2,1,16,852,4.17164966285,3.39615006762,0.00996620439971,-0.0031506177813
3,1,32,852,4.16168345845,3.3993006854,0,0
4,2,4,852,3.8106080382,3.6537044398,-0.351075420243,0.254403754393
5,2,8,852,3.79420835013,3.64828078718,-0.367475108321,0.248980101778
6,2,16,852,3.77138787867,3.5905975429,-0.390295579773,0.191296857494
7,2,32,852,3.7445290167,3.4949782461,-0.417154441749,0.0956775606984
8,3,4,852,3.65604543026,3.65083358627,-0.505638028189,0.251532900865
9,3,8,852,3.59143045641,3.53437122087,-0.570253002033,0.135070535468
10,3,16,852,3.56964972786,3.46867821919,-0.592033730585,0.0693775337918
11,3,32,852,3.64969184429,3.40270723199,-0.511991614161,0.0034065465837
0,1,4,853,4.04183962813,3.38512692465,0.0162888413031,-0.00551905386157
1,1,8,853,4.03886583276,3.41908899593,0.0133150459313,0.0284430174247
2,1,16,853,4.03368677136,3.38647054251,0.00813598452533,-0.00417543600149
3,1,32,853,4.02555078683,3.39064597851,0,0
4,2,4,853,3.56474585879,3.57697230477,-0.460804928039,0.186326326257
5,2,8,853,3.54970509375,3.56050467313,-0.475845693084,0.169858694621
6,2,16,853,3.53085965726,3.50909797358,-0.494691129568,0.118451995073
7,2,32,853,3.51083742372,3.4475052939,-0.514713363114,0.0568593153875
8,3,4,853,3.38838136744,3.57301743293,-0.63716941939,0.182371454424
9,3,8,853,3.33722778539,3.47880087065,-0.688323001436,0.0881548921408
10,3,16,853,3.32049510779,3.43004079307,-0.705055679037,0.0393948145576
11,3,32,853,3.42349357944,3.36442784748,-0.602057207386,-0.0262181310264
0,1,4,854,3.96309731123,3.4091476902,0.00545219889961,-0.0150457616552
1,1,8,854,3.96218453038,3.44046794688,0.00453941804743,0.016274495024
2,1,16,854,3.96050236646,3.43378297484,0.00285725413506,0.00958952298421
3,1,32,854,3.95764511233,3.42419345185,0,0
4,2,4,854,3.42885370996,3.47299673192,-0.528791402367,0.0488032800662
5,2,8,854,3.42600399444,3.41396750486,-0.531641117884,-0.0102259469918
6,2,16,854,3.42226058012,3.43974060655,-0.535384532213,0.0155471546924
7,2,32,854,3.41789730792,3.398892171,-0.539747804407,-0.0253012808579
8,3,4,854,3.28063647789,3.39480746979,-0.677008634443,-0.0293859820628
9,3,8,854,3.25907124487,3.37650865618,-0.698573867458,-0.0476847956712
10,3,16,854,3.25686939907,3.37397004245,-0.700775713261,-0.0502234094061
11,3,32,854,3.38016197784,3.35849347583,-0.577483134493,-0.0656999760221
0,1,4,855,3.73232857035,3.42373839342,0.0189518207745,0.00111357627033
1,1,8,855,3.72882491043,3.46256876261,0.0154481608623,0.0399439454636
2,1,16,855,3.72277142796,3.42976397499,0.00939467839325,0.00713915784183
3,1,32,855,3.71337674957,3.42262481714,0,0
4,2,4,855,3.18010627632,3.60690427946,-0.533270473249,0.184279462313
5,2,8,855,3.17156217723,3.59126128897,-0.541814572339,0.168636471821
6,2,16,855,3.15953998114,3.54496361428,-0.55383676843,0.122338797135
7,2,32,855,3.1450998634,3.48644643504,-0.568276886172,0.0638216178995
8,3,4,855,3.04076492814,3.6025739124,-0.672611821428,0.179949095256
9,3,8,855,2.99318898329,3.52049830414,-0.720187766285,0.0978734869992
10,3,16,855,2.97870940808,3.47785538191,-0.734667341494,0.0552305647657
11,3,32,855,2.96192959898,3.40860285938,-0.75144715059,-0.014021957764
0,1,4,856,4.49067813425,3.01726033441,0.00199401860835,-0.0122893754067
1,1,8,856,4.49008633711,3.0293893133,0.00140222146789,-0.000160396517638
2,1,16,856,4.48931532153,3.01956073204,0.000631205888861,-0.00998897778312
3,1,32,856,4.48868411564,3.02954970982,0,0
4,2,4,856,3.82348090859,2.95080333126,-0.665203207054,-0.0787463785581
5,2,8,856,3.80798029045,2.92598299618,-0.680703825191,-0.103566713638
6,2,16,856,3.79280700072,2.94707300152,-0.695877114922,-0.082476708305
7,2,32,856,3.78189623741,2.93555367962,-0.706787878237,-0.0939960301975
8,3,4,856,3.54296529945,2.94557995908,-0.945718816196,-0.0839697507376
9,3,8,856,3.53485919936,2.90571656249,-0.953824916287,-0.123833147332
10,3,16,856,3.53366531378,2.94195670296,-0.955018801859,-0.0875930068587
11,3,32,856,3.90698337928,2.92160703178,-0.581700736367,-0.107942678037
0,1,4,857,4.11789963681,3.31574762145,0.0114110998354,-0.014533474156
1,1,8,857,4.11588144052,3.3411383011,0.00939290353837,0.0108572054929
2,1,16,857,4.11229326401,3.31844381192,0.00580472703184,-0.0118372836851
3,1,32,857,4.10648853698,3.3302810956,0,0
4,2,4,857,3.64795648395,3.43699189301,-0.458532053025,0.106710797409
5,2,8,857,3.63610578104,3.42836842143,-0.470382755934,0.0980873258231
6,2,16,857,3.62025153777,3.40231050716,-0.486236999211,0.0720294115528
7,2,32,857,3.60264521275,3.34374234004,-0.503843324233,0.0134612444386
8,3,4,857,3.50755439794,3.42532519932,-0.598934139039,0.0950441037157
9,3,8,857,3.46449877643,3.34632796297,-0.641989760554,0.01604686737
10,3,16,857,3.45237627641,3.32593491687,-0.654112260565,-0.00434617873588
11,3,32,857,3.5414214256,3.27045041203,-0.565067111383,-0.059830683576
0,1,4,858,4.0879400151,3.30800662798,-0.000734185100529,-0.0457021006157
1,1,8,858,4.08806602766,3.35575835341,-0.000608172540866,0.00204962482317
2,1,16,858,4.08829348945,3.35428927577,-0.000380710750048,0.00058054718375
3,1,32,858,4.0886742002,3.35370872859,0,0
4,2,4,858,3.31756141909,3.15686061619,-0.771112781116,-0.196848112402
5,2,8,858,3.32274361994,3.12086806102,-0.765930580261,-0.232840667573
6,2,16,858,3.32759513571,3.190931856,-0.761079064493,-0.16277687259
7,2,32,858,3.33116578483,3.20954157167,-0.75750841537,-0.144167156921
8,3,4,858,3.14096119758,3.1003530275,-0.947713002625,-0.253355701088
9,3,8,858,3.14827817281,3.12981131774,-0.940396027389,-0.223897410853
10,3,16,858,3.15809857649,3.19799353712,-0.930575623717,-0.155715191475
11,3,32,858,3.30612450343,3.20411236604,-0.782549696771,-0.149596362547
0,1,4,859,4.22473074241,3.17407334202,0.00772140302243,-0.00772728718815
1,1,8,859,4.22322255827,3.18798383028,0.0062132188849,0.00618320107259
2,1,16,859,4.22071018401,3.17102152206,0.00370084462914,-0.0107791071419
3,1,32,859,4.21700933938,3.1818006292,0,0
4,2,4,859,3.66979446677,3.26177078251,-0.547214872617,0.0799701533044
5,2,8,859,3.65271039577,3.23746692238,-0.56429894361,0.055666293179
6,2,16,859,3.63454438251,3.21201311377,-0.582464956875,0.0302124845684
7,2,32,859,3.61928139682,3.17179836217,-0.597727942569,-0.0100022670327
8,3,4,859,3.44856636441,3.24813548261,-0.768442974977,0.0663348534094
9,3,8,859,3.41704956167,3.17592956856,-0.799959777713,-0.00587106064066
10,3,16,859,3.4069204994,3.15827721419,-0.810088839983,-0.0235234150098
11,3,32,859,3.640593363,3.11439555637,-0.576415976382,-0.0674050728365
0,1,4,860,3.85571531198,3.12499318319,7.20267736667e-05,-0.0188621569843
1,1,8,860,3.85556096499,3.13309075094,-8.23202081666e-05,-0.0107645892312
2,1,16,860,3.8554544837,3.13718454987,-0.000188801506125,-0.00667079029967
3,1,32,860,3.8556432852,3.14385534017,0,0
4,2,4,860,3.14030564362,3.05442926956,-0.71533764158,-0.0894260706155
5,2,8,860,3.13641151198,3.02141819352,-0.719231773227,-0.122437146657
6,2,16,860,3.13449332217,3.04786006188,-0.72114996303,-0.0959952782914
7,2,32,860,3.13635948539,3.04766259985,-0.719283799818,-0.0961927403273
8,3,4,860,2.99638077023,3.01588070298,-0.859262514973,-0.12797463719
9,3,8,860,2.99451007953,3.00417313973,-0.861133205675,-0.139682200445
10,3,16,860,2.99876393793,3.047496282,-0.856879347277,-0.0963590581721
11,3,32,860,3.12600511071,3.02173082379,-0.729638174498,-0.122124516384
0,1,4,861,4.28777045053,3.36989952698,0.0141003506106,-0.00347909367225
1,1,8,861,4.28522379089,3.40046760682,0.0115536909795,0.0270889861666
2,1,16,861,4.28075693224,3.37105350012,0.00708683232492,-0.00232512053504
3,1,32,861,4.27367009991,3.37337862065,0,0
4,2,4,861,3.88918794337,3.54272495342,-0.384482156548,0.169346332767
5,2,8,861,3.87213821006,3.51435507307,-0.401531889854,0.140976452418
6,2,16,861,3.85117731838,3.48552225041,-0.422492781533,0.112143629764
7,2,32,861,3.82915565297,3.41548033921,-0.444514446949,0.0421017185598
8,3,4,861,3.6889825642,3.52962214314,-0.584687535714,0.156243522487
9,3,8,861,3.64016075867,3.44038046995,-0.63350934124,0.0670018493035
10,3,16,861,3.62477397636,3.40279991656,-0.648896123554,0.0294212959063
11,3,32,861,3.83489726145,3.34747326658,-0.438772838467,-0.0259053540736
0,1,4,862,4.43634466594,3.36719953243,0.00636147205921,-0.0225868777092
1,1,8,862,4.43524859439,3.40721958729,0.00526540051168,0.0174331771531
2,1,16,862,4.43326397159,3.37810161766,0.00328077771158,-0.0116847924811
3,1,32,862,4.42998319388,3.38978641014,0,0
4,2,4,862,3.94897736367,3.38912093059,-0.481005830208,-0.000665479550186
5,2,8,862,3.93833764442,3.36208342543,-0.491645549459,-0.0277029847145
6,2,16,862,3.92450175547,3.37539775489,-0.505481438413,-0.0143886552462
7,2,32,862,3.90921116671,3.34678658375,-0.520772027172,-0.0429998263905
8,3,4,862,3.77877618257,3.35871694016,-0.651207011313,-0.031069469981
9,3,8,862,3.75171607804,3.31159747594,-0.678267115837,-0.078188934204
10,3,16,862,3.74626019088,3.32377819498,-0.683723002999,-0.0660082151646
11,3,32,862,4.00977731273,3.30134942069,-0.420205881155,-0.0884369894472
0,1,4,863,4.25896149819,3.18327202414,5.40382086323e-05,-0.029937348082
1,1,8,863,4.25884998746,3.20847991275,-5.74725244444e-05,-0.00472945947667
2,1,16,863,4.25876901135,3.20102102224,-0.000138448629188,-0.0121883499831
3,1,32,863,4.25890745998,3.21320937222,0,0
4,2,4,863,3.61445442521,3.04455852165,-0.644453034778,-0.168650850571
5,2,8,863,3.60948589009,3.01990536038,-0.64942156989,-0.193304011845
6,2,16,863,3.6044715063,3.07317430058,-0.654435953684,-0.140035071642
7,2,32,863,3.6007787925,3.08178740248,-0.658128667485,-0.131421969739
8,3,4,863,3.4539731655,3.02716289706,-0.804934294488,-0.186046475164
9,3,8,863,3.45396039808,3.01826946257,-0.8049470619,-0.194939909653
10,3,16,863,3.4601450128,3.09393120995,-0.79876244718,-0.119278162276
11,3,32,863,3.71277207185,3.07247242796,-0.546135388135,-0.14073694426
0,1,4,864,4.47172502975,3.20404066587,0.000490248347789,-0.0265803418396
1,1,8,864,4.47150352233,3.23126087266,0.000268740934332,0.000639864949954
2,1,16,864,4.47126750838,3.22690113187,3.27269795397e-05,-0.00371987583843
3,1,32,864,4.4712347814,3.23062100771,0,0
4,2,4,864,3.87031099842,3.14200684789,-0.600923782978,-0.0886141598275
5,2,8,864,3.85764886971,3.08735409804,-0.613585911689,-0.143266909675
6,2,16,864,3.84593660828,3.12889516571,-0.625298173116,-0.101725841999
7,2,32,864,3.83809915687,3.12692236912,-0.633135624531,-0.103698638591
8,3,4,864,3.59311495728,3.10853922641,-0.878119824119,-0.122081781299
9,3,8,864,3.58772712761,3.09214078234,-0.883507653784,-0.138480225374
10,3,16,864,3.58951637655,3.13209841073,-0.881718404845,-0.0985225969871
11,3,32,864,3.99960363538,3.11762130461,-0.471631146017,-0.112999703103
0,1,4,865,4.28578409166,3.1058432096,0.00209635475595,-0.0118103668861
1,1,8,865,4.28521010953,3.12510846177,0.00152237262041,0.00745488527733
2,1,16,865,4.28442554766,3.10451904923,0.000737810750138,-0.0131345272538
3,1,32,865,4.28368773691,3.11765357649,0,0
4,2,4,865,3.60704332363,2.98173243769,-0.676644413279,-0.135921138799
5,2,8,865,3.59880822868,2.96780203579,-0.684879508222,-0.149851540699
6,2,16,865,3.59053002338,3.00252735191,-0.693157713523,-0.115126224579
7,2,32,865,3.58432584682,3.00788150568,-0.699361890086,-0.109772070812
8,3,4,865,3.4432056689,2.97759890201,-0.840482068003,-0.140054674482
9,3,8,865,3.44051992833,2.9505152382,-0.843167808577,-0.167138338291
10,3,16,865,3.44380148284,3.01564716584,-0.83988625407,-0.102006410645
11,3,32,865,3.71522366719,2.99512041394,-0.568464069719,-0.122533162546
0,1,4,866,3.7774800092,3.34249950041,0.00630795676273,-0.0198287002889
1,1,8,866,3.776376191,3.37327211425,0.00520413856333,0.0109439135518
2,1,16,866,3.77440092207,3.36333953965,0.00322886963291,0.0010113389553
3,1,32,866,3.77117205244,3.3623282007,0,0
4,2,4,866,3.1305290639,3.37379979419,-0.64064298854,0.0114715934912
5,2,8,866,3.1309824897,3.34523031951,-0.640189562733,-0.0170978811869
6,2,16,866,3.13000978585,3.35564828651,-0.641162266588,-0.00667991419021
7,2,32,866,3.1275779828,3.32727935308,-0.643594069636,-0.0350488476216
8,3,4,866,3.02267942884,3.31782761756,-0.748492623592,-0.04450058314
9,3,8,866,3.00270232619,3.29550122488,-0.768469726242,-0.0668269758152
10,3,16,866,3.00090225639,3.30043506284,-0.77026979605,-0.0618931378572
11,3,32,866,2.99675675548,3.27658925636,-0.774415296958,-0.0857389443416
0,1,4,867,4.19832202154,3.24517662802,0.00961417289838,-0.0154353203768
1,1,8,867,4.19651355547,3.28178348392,0.00780570683648,0.0211715355229
2,1,16,867,4.19342314653,3.24626156427,0.00471529789778,-0.0143503841304
3,1,32,867,4.18870784864,3.2606119484,0,0
4,2,4,867,3.54998684021,3.25100361862,-0.638721008423,-0.0096083297737
5,2,8,867,3.54168881332,3.25810738205,-0.647019035313,-0.00250456634833
6,2,16,867,3.5298429552,3.24646915397,-0.658864893434,-0.0141427944251
7,2,32,867,3.51609166509,3.22467972702,-0.672616183551,-0.035932221375
8,3,4,867,3.39626225348,3.25235793019,-0.792445595158,-0.00825401820866
9,3,8,867,3.36963520781,3.19342227963,-0.819072640826,-0.0671896687631
10,3,16,867,3.36290297067,3.20426569314,-0.825804877969,-0.0563462552535
11,3,32,867,3.4881665302,3.17106865984,-0.700541318432,-0.0895432885548
0,1,4,868,3.86759392209,3.20469556222,0.00912852448004,-0.0184947427408
1,1,8,868,3.86585105457,3.23305073453,0.00738565696696,0.00986042957224
2,1,16,868,3.86290228296,3.20992319919,0.00443688535907,-0.0132671057647
3,1,32,868,3.85846539761,3.22319030496,0,0
4,2,4,868,3.14770061556,3.2016203777,-0.710764782042,-0.021569927257
5,2,8,868,3.14389030858,3.21405643528,-0.714575089029,-0.00913386968076
6,2,16,868,3.13753232287,3.19912930353,-0.720933074734,-0.0240610014256
7,2,32,868,3.12976632906,3.18159950156,-0.728699068549,-0.0415908034011
8,3,4,868,3.03183853736,3.20277610023,-0.826626860249,-0.0204142047326
9,3,8,868,3.00899507622,3.1522978147,-0.849470321387,-0.0708924902537
10,3,16,868,3.00442111885,3.16774209218,-0.854044278757,-0.0554482127767
11,3,32,868,2.99565025348,3.1240546217,-0.86281514412,-0.099135683254
0,1,4,869,4.24079250399,3.21071008119,0.00750544092343,-0.00934112309855
1,1,8,869,4.23934695867,3.22766484863,0.00605989559769,0.00761364434822
2,1,16,869,4.23691574747,3.20762411053,0.00362868440223,-0.012427093757
3,1,32,869,4.23328706307,3.22005120428,0,0
4,2,4,869,3.71534166376,3.27378765237,-0.517945399313,0.0537364480907
5,2,8,869,3.69972372832,3.2512039329,-0.533563334751,0.0311527286208
6,2,16,869,3.68268203384,3.23605569536,-0.550605029224,0.0160044910804
7,2,32,869,3.66769150869,3.19987022452,-0.56559555438,-0.020180979761
8,3,4,869,3.52573322507,3.26285275684,-0.707553837994,0.0428015525531
9,3,8,869,3.49569802535,3.19442686975,-0.737589037723,-0.0256243345362
10,3,16,869,3.48722139817,3.19118468515,-0.746065664897,-0.0288665191324
11,3,32,869,3.72097995987,3.14627377092,-0.512307103201,-0.0737774333647
0,1,4,870,4.15113084598,3.20137949898,0.0114499391801,-0.0040650738971
1,1,8,870,4.14884864659,3.22430388857,0.00916773978127,0.0188593156968
2,1,16,870,4.1450899693,3.20444695254,0.00540906249131,-0.00099762033861
3,1,32,870,4.1396809068,3.20544457288,0,0
4,2,4,870,3.57803135738,3.24334335479,-0.561649549425,0.0378987819184
5,2,8,870,3.56405440795,3.22350791105,-0.575626498858,0.0180633381773
6,2,16,870,3.54869440191,3.2172350482,-0.590986504899,0.011790475321
7,2,32,870,3.53473592599,3.18298014013,-0.604944980815,-0.0224644327461
8,3,4,870,3.36152109411,3.25900943426,-0.778159812695,0.0535648613791
9,3,8,870,3.33410544808,3.19307275444,-0.805575458722,-0.0123718184371
10,3,16,870,3.32688684635,3.2050006216,-0.812794060457,-0.000443951280463
11,3,32,870,3.54510862757,3.1457249816,-0.594572279237,-0.0597195912739
0,1,4,871,4.40448221448,3.34178600852,0.0126968597003,-0.0175578555948
1,1,8,871,4.40222795873,3.37547592472,0.0104426039488,0.016132060601
2,1,16,871,4.39822931231,3.34407974191,0.00644395753,-0.0152641222053
3,1,32,871,4.39178535478,3.35934386412,0,0
4,2,4,871,3.98711587058,3.48325907064,-0.404669484206,0.12391520652
5,2,8,871,3.96945748743,3.47377946403,-0.42232786735,0.114435599912
6,2,16,871,3.9469172917,3.44008186458,-0.444868063086,0.0807380004603
7,2,32,871,3.92270167649,3.38011566263,-0.469083678291,0.0207717985154
8,3,4,871,3.79003505672,3.48404861064,-0.601750298057,0.124704746525
9,3,8,871,3.74117730355,3.39094177816,-0.650608051236,0.0315979140461
10,3,16,871,3.72574087925,3.3614610249,-0.666044475536,0.00211716078233
11,3,32,871,3.93375193556,3.30499258552,-0.458033419218,-0.0543512785922
0,1,4,872,3.75413884907,3.29069777675,0.0115360224894,0.000644956869355
1,1,8,872,3.75193715863,3.32203320487,0.00933433205267,0.0319803849806
2,1,16,872,3.74820983655,3.2908310844,0.00560700996972,0.000778264510784
3,1,32,872,3.74260282658,3.29005281988,0,0
4,2,4,872,3.0679313171,3.31736047096,-0.67467150948,0.0273076510746
5,2,8,872,3.06593451704,3.31080130413,-0.676668309542,0.0207484842495
6,2,16,872,3.06192258359,3.30268217433,-0.680680242993,0.0126293544477
7,2,32,872,3.05611522195,3.27691370588,-0.686487604636,-0.013139114001
8,3,4,872,2.97756298209,3.30139690782,-0.765039844488,0.0113440879367
9,3,8,872,2.95406409297,3.25504775002,-0.788538733607,-0.0350050698608
10,3,16,872,2.94962274274,3.26394815504,-0.792980083842,-0.0261046648404
11,3,32,872,2.94202668334,3.22624870558,-0.800576143241,-0.0638041143092
0,1,4,873,4.33336851092,3.07505212261,0.00054686142045,-0.0158995020936
1,1,8,873,4.33309619237,3.09254008806,0.0002745428711,0.0015884633604
2,1,16,873,4.33281960735,3.07534452785,-2.04214829935e-06,-0.0156070968491
3,1,32,873,4.3328216495,3.0909516247,0,0
4,2,4,873,3.60762918496,3.00271565244,-0.725192464545,-0.0882359722682
5,2,8,873,3.59605389885,2.98211290838,-0.73676775065,-0.10883871632
6,2,16,873,3.58500520205,2.9936482279,-0.747816447454,-0.0973033968052
7,2,32,873,3.57777922695,2.99721201375,-0.755042422551,-0.0937396109539
8,3,4,873,3.38459042368,2.97891100109,-0.948231225821,-0.11204062361
9,3,8,873,3.3787701418,2.94745583291,-0.9540515077,-0.143495791797
10,3,16,873,3.37858239553,2.97746794741,-0.954239253972,-0.113483677295
11,3,32,873,3.67520662167,2.96953970914,-0.657615027832,-0.121411915567
0,1,4,874,4.15070236383,3.54191594147,0.0177774549758,-0.0141333381424
1,1,8,874,4.14763551757,3.5908721313,0.0147106087165,0.034822851683
2,1,16,874,4.14209021888,3.56397696944,0.00916531001705,0.00792768982861
3,1,32,874,4.13292490886,3.55604927961,0,0
4,2,4,874,3.79108395823,3.76048647659,-0.341840950632,0.204437196974
5,2,8,874,3.7808426537,3.73058552284,-0.352082255163,0.174536243224
6,2,16,874,3.76445624407,3.70896035518,-0.368468664785,0.152911075565
7,2,32,874,3.74265135642,3.62080186441,-0.390273552435,0.0647525847977
8,3,4,874,3.61386496949,3.73315914811,-0.519059939366,0.177109868497
9,3,8,874,3.55677898777,3.65259356722,-0.576145921089,0.0965442876079
10,3,16,874,3.54029558569,3.60312752648,-0.592629323172,0.047078246869
11,3,32,874,3.61987764579,3.54515601611,-0.513047263065,-0.0108932635008
0,1,4,875,3.97676588631,3.37324579235,0.00636590291118,-0.0272389289835
1,1,8,875,3.97563497333,3.40553256047,0.00523498993143,0.00504783913529
2,1,16,875,3.97362945261,3.39488522957,0.00322946920613,-0.00559949176445
3,1,32,875,3.9703999834,3.40048472133,0,0
4,2,4,875,3.42952233429,3.40536517327,-0.540877649107,0.00488045193387
5,2,8,875,3.42384945825,3.37092462999,-0.546550525148,-0.0295600913443
6,2,16,875,3.41688020093,3.38102176701,-0.553519782466,-0.0194629543233
7,2,32,875,3.40972795145,3.35807867119,-0.560672031948,-0.0424060501415
8,3,4,875,3.2952559046,3.36993769655,-0.675144078805,-0.0305470247803
9,3,8,875,3.27202531079,3.33590137335,-0.69837467261,-0.0645833479833
10,3,16,875,3.26920328893,3.34947646089,-0.701196694467,-0.0510082604453
11,3,32,875,3.38614979647,3.30863821333,-0.584250186926,-0.0918465080017
0,1,4,876,4.75692638799,3.33859485909,0.00429351585905,-0.02273090779
1,1,8,876,4.75619963766,3.37016514698,0.00356676552143,0.00883938009722
2,1,16,876,4.75486857815,3.35821976487,0.00223570601159,-0.00310600200706
3,1,32,876,4.75263287213,3.36132576688,0,0
4,2,4,876,4.3990064287,3.38990541995,-0.353626443432,0.028579653075
5,2,8,876,4.38109696988,3.32894117939,-0.371535902252,-0.0323845874921
6,2,16,876,4.36098860336,3.36231770434,-0.391644268771,0.000991937465714
7,2,32,876,4.34183571121,3.31448268639,-0.410797160925,-0.046843080491
8,3,4,876,4.12230154392,3.348197526,-0.630331328212,-0.0131282408766
9,3,8,876,4.09439853933,3.30186882406,-0.658234332805,-0.0594569428217
10,3,16,876,4.08825850664,3.30971449398,-0.664374365498,-0.0516112728964
11,3,32,876,4.54706764851,3.28786592346,-0.205565223627,-0.073459843416
0,1,4,877,3.8252518022,3.32726029182,0.0168296777887,0.00588753907633
1,1,8,877,3.82214417783,3.35732093101,0.0137220534153,0.0359481782624
2,1,16,877,3.81677183949,3.32613110217,0.00834971507871,0.00475834942414
3,1,32,877,3.80842212441,3.32137275275,0,0
4,2,4,877,3.25326531347,3.4822891997,-0.555156810942,0.160916446954
5,2,8,877,3.24534552339,3.47519349294,-0.563076601025,0.153820740191
6,2,16,877,3.23360174433,3.43731533694,-0.574820380087,0.115942584188
7,2,32,877,3.21917011626,3.37227819397,-0.589252008154,0.0509054412177
8,3,4,877,3.1174066542,3.4728126021,-0.691015470214,0.151439849349
9,3,8,877,3.07313422604,3.39274528615,-0.735287898373,0.0713725333971
10,3,16,877,3.05962151165,3.35661247533,-0.74880061277,0.0352397225857
11,3,32,877,3.04364110865,3.30035385133,-0.764781015765,-0.0210189014223
0,1,4,878,3.65397569243,3.210892854,0.00961552892609,-0.0065398746308
1,1,8,878,3.65208499205,3.22628218749,0.00772482854678,0.00884945885988
2,1,16,878,3.64894634614,3.21617554707,0.00458618263897,-0.00125718156659
3,1,32,878,3.6443601635,3.21743272863,0,0
4,2,4,878,2.98420528552,3.25231260185,-0.660154877979,0.0348798732188
5,2,8,878,2.97922088719,3.23767092282,-0.665139276309,0.0202381941834
6,2,16,878,2.9738685548,3.2247944206,-0.670491608698,0.00736169196977
7,2,32,878,2.96958419964,3.19665792511,-0.674775963858,-0.0207748035215
8,3,4,878,2.86580773526,3.24178739538,-0.778552428236,0.0243546667441
9,3,8,878,2.84293403155,3.19316649218,-0.801426131954,-0.0242662364494
10,3,16,878,2.8386926579,3.20120919414,-0.805667505597,-0.0162235344925
11,3,32,878,2.83287336157,3.14452687564,-0.811486801932,-0.0729058529984
0,1,4,879,3.7897216864,3.14462717476,-0.00390464089382,-0.00951108843013
1,1,8,879,3.79045587685,3.15396791974,-0.00317045043825,-0.000170343445789
2,1,16,879,3.79171431654,3.15638791905,-0.00191201075329,0.00224965586167
3,1,32,879,3.79362632729,3.15413826319,0,0
4,2,4,879,3.0171299745,3.03460251234,-0.776496352789,-0.11953575085
5,2,8,879,3.02505348167,2.99947245104,-0.768572845624,-0.154665812144
6,2,16,879,3.03387736664,3.05976564891,-0.759748960648,-0.0943726142758
7,2,32,879,3.04274913656,3.04673181188,-0.750877190732,-0.107406451305
8,3,4,879,2.94909058748,2.93429919937,-0.844535739814,-0.219839063816
9,3,8,879,2.95624671639,2.95739489239,-0.837379610902,-0.1967433708
10,3,16,879,2.96537698997,3.00446743432,-0.828249337325,-0.149670828871
11,3,32,879,2.97417021942,3.03057523212,-0.819456107871,-0.123563031069
0,1,4,880,3.97830074045,3.19474449236,-0.00174844206802,-0.0210317580656
1,1,8,880,3.97852282717,3.2133525044,-0.00152635535048,-0.00242374602976
2,1,16,880,3.97902220721,3.18929356345,-0.00102697531234,-0.0264826869727
3,1,32,880,3.98004918252,3.21577625043,0,0
4,2,4,880,3.2336891775,3.1270313066,-0.746360005025,-0.0887449438285
5,2,8,880,3.22651145698,3.10457139237,-0.75353772554,-0.11120485806
6,2,16,880,3.22116898371,3.09893315234,-0.758880198814,-0.116843098081
7,2,32,880,3.22036688593,3.12724694137,-0.759682296591,-0.0885293090592
8,3,4,880,3.13360478417,3.07987889252,-0.846444398348,-0.135897357904
9,3,8,880,3.12961070603,3.05622631697,-0.850438476488,-0.159549933454
10,3,16,880,3.13128448675,3.08200700532,-0.848764695774,-0.133769245109
11,3,32,880,3.31136597081,3.07479388421,-0.668683211711,-0.140982366221
0,1,4,881,4.13158772459,3.11350789047,-0.000197775956485,-0.0182785855325
1,1,8,881,4.13148167722,3.12290234844,-0.000303823325397,-0.00888412756251
2,1,16,881,4.131460532,3.12537938976,-0.000324968543472,-0.00640708624268
3,1,32,881,4.13178550055,3.13178647601,0,0
4,2,4,881,3.47056071517,3.0575513886,-0.66122478538,-0.0742350874071
5,2,8,881,3.46162084851,3.01638571172,-0.67016465204,-0.115400764287
6,2,16,881,3.45433624222,3.04504326287,-0.677449258322,-0.0867432131403
7,2,32,881,3.45142342644,3.03767220661,-0.680362074106,-0.094114269397
8,3,4,881,3.26577958754,3.01956286202,-0.86600591301,-0.112223613986
9,3,8,881,3.26121107624,3.00079743373,-0.870574424304,-0.130989042274
10,3,16,881,3.2634844797,3.03727691131,-0.868301020848,-0.0945095647017
11,3,32,881,3.51364393676,3.01686307463,-0.618141563781,-0.114923401377
0,1,4,882,3.81575137904,3.23377079498,-0.00201859168731,-0.028133205534
1,1,8,882,3.81611698801,3.26505686677,-0.00165298271632,0.00315286624948
2,1,16,882,3.81675722782,3.25135077163,-0.00101274290938,-0.0105532288901
3,1,32,882,3.81776997072,3.26190400052,0,0
4,2,4,882,2.99202426188,3.0705786303,-0.825745708841,-0.191325370219
5,2,8,882,3.00058487431,3.05764921626,-0.817185096416,-0.204254784256
6,2,16,882,3.00910319056,3.1084696842,-0.80866678016,-0.153434316313
7,2,32,882,3.01640761709,3.13064807118,-0.801362353631,-0.131255929341
8,3,4,882,2.94560160906,3.00705885263,-0.872168361662,-0.25484514789
9,3,8,882,2.95393498252,3.02753448331,-0.863834988206,-0.234369517209
10,3,16,882,2.9640024765,3.0951096426,-0.853767494229,-0.16679435792
11,3,32,882,2.97001221492,3.10731406556,-0.847757755807,-0.154589934959
0,1,4,883,3.92429429008,3.09061694453,0.00212212550004,-0.00931170655511
1,1,8,883,3.92371771883,3.10371864137,0.00154555424523,0.00378999028272
2,1,16,883,3.92292934798,3.09979412915,0.000757183397745,-0.000134521936936
3,1,32,883,3.92217216458,3.09992865109,0,0
4,2,4,883,3.15758606572,3.00228020393,-0.76458609886,-0.0976484471561
5,2,8,883,3.15505240248,2.9775524201,-0.767119762099,-0.12237623099
6,2,16,883,3.15364847705,3.00995124289,-0.768523687527,-0.0899774081995
7,2,32,883,3.15461905668,3.00552839686,-0.7675531079,-0.094400254226
8,3,4,883,2.99334329283,2.97127930816,-0.928828871749,-0.12864934293
9,3,8,883,2.9929925112,2.96001986857,-0.929179653377,-0.139908782522
10,3,16,883,2.99718959267,3.00678724211,-0.924982571916,-0.0931414089813
11,3,32,883,3.12707305806,2.99016071273,-0.795099106524,-0.109767938358
0,1,4,884,3.89054060766,3.49334901309,0.020800273062,0.00937598370674
1,1,8,884,3.88686274482,3.52656261232,0.0171224102246,0.0425895829325
2,1,16,884,3.88031984781,3.47818184451,0.0105795132138,-0.00579118487663
3,1,32,884,3.86974033459,3.48397302938,0,0
4,2,4,884,3.54052877865,3.74306521021,-0.329211555947,0.259092180828
5,2,8,884,3.52806217607,3.74126401753,-0.341678158519,0.25729098815
6,2,16,884,3.50944996861,3.67819774274,-0.360290365979,0.194224713355
7,2,32,884,3.48613919871,3.59029932581,-0.383601135885,0.106326296431
8,3,4,884,3.48848346541,3.74034851065,-0.381256869187,0.256375481268
9,3,8,884,3.42279188873,3.62396669771,-0.446948445867,0.13999366833
10,3,16,884,3.40227548175,3.56572139331,-0.46746485284,0.0817483639231
11,3,32,884,3.37402678231,3.48721413217,-0.495713552286,0.0032411027869
0,1,4,885,3.65343931508,3.20117754796,0.00433271455241,-0.0203738092964
1,1,8,885,3.6524391314,3.23240210314,0.00333253087925,0.0108507458843
2,1,16,885,3.65093123947,3.21176660155,0.00182463894487,-0.00978475570382
3,1,32,885,3.64910660052,3.22155135725,0,0
4,2,4,885,2.80601648437,3.04208572776,-0.843090116151,-0.179465629492
5,2,8,885,2.81021824986,3.0434087957,-0.83888835066,-0.178142561556
6,2,16,885,2.81501626246,3.07191095451,-0.834090338066,-0.149640402746
7,2,32,885,2.82004167801,3.10519241645,-0.829064922512,-0.116358940801
8,3,4,885,2.74856598415,3.04075647761,-0.900540616373,-0.180794879647
9,3,8,885,2.75298090887,3.0361721261,-0.896125691654,-0.185379231156
10,3,16,885,2.76091935276,3.11465354367,-0.88818724776,-0.106897813581
11,3,32,885,2.76374189819,3.08236137861,-0.885364702334,-0.139189978648
0,1,4,886,3.89753654038,3.56944514551,0.0212534098258,0.00387918302216
1,1,8,886,3.89384361106,3.61089125369,0.0175604805107,0.0453252912047
2,1,16,886,3.88719963332,3.56390857782,0.0109165027713,-0.00165738466921
3,1,32,886,3.87628313055,3.56556596249,0,0
4,2,4,886,3.54803723722,3.87914452128,-0.32824589333,0.313578558795
5,2,8,886,3.53509258766,3.86448984928,-0.341190542886,0.298923886788
6,2,16,886,3.51580648943,3.78960423911,-0.360476641117,0.224038276625
7,2,32,886,3.49167002908,3.69496068053,-0.384613101466,0.129394718042
8,3,4,886,3.45719828613,3.85345322215,-0.419084844417,0.287887259661
9,3,8,886,3.38613959791,3.73841700447,-0.490143532643,0.172851041986
10,3,16,886,3.36275851806,3.64952132374,-0.513524612487,0.083955361248
11,3,32,886,3.33476183503,3.58029014866,-0.541521295522,0.0147241861767
0,1,4,887,3.96180072663,3.12382963637,0.00107756163578,-0.0235060691815
1,1,8,887,3.96144724581,3.14361595452,0.000724080814587,-0.00371975102844
2,1,16,887,3.96101108535,3.13915798096,0.000287920348853,-0.00817772459009
3,1,32,887,3.960723165,3.14733570555,0,0
4,2,4,887,3.17860207602,3.03457337906,-0.782121088976,-0.11276232649
5,2,8,887,3.17509949886,3.01314388763,-0.78562366614,-0.134191817918
6,2,16,887,3.17264687805,3.03573281567,-0.788076286943,-0.111602889885
7,2,32,887,3.17287924419,3.04420159419,-0.787843920803,-0.103134111356
8,3,4,887,3.00375834514,3.00522408177,-0.956964819854,-0.142111623779
9,3,8,887,3.00272666405,2.99394663462,-0.95799650095,-0.153389070927
10,3,16,887,3.00640636419,3.03628567194,-0.954316800806,-0.111050033608
11,3,32,887,3.1458040706,3.01870771548,-0.814919094397,-0.128627990067
0,1,4,888,4.04826473313,3.13920267521,0.000838028104585,-0.0135212544668
1,1,8,888,4.04795849729,3.16174841962,0.000531792261603,0.00902448994646
2,1,16,888,4.04759943611,3.13495492196,0.000172731088397,-0.0177690077104
3,1,32,888,4.04742670503,3.15272392967,0,0
4,2,4,888,3.26373831867,3.03089706205,-0.78368838636,-0.121826867623
5,2,8,888,3.25931668773,3.02149593218,-0.788110017301,-0.131227997498
6,2,16,888,3.25544767443,3.03433971245,-0.791979030592,-0.118384217225
7,2,32,888,3.25386287408,3.05417058057,-0.793563830945,-0.0985533490997
8,3,4,888,3.14466919891,3.00279152913,-0.902757506118,-0.149932400548
9,3,8,888,3.1434770382,2.9823079041,-0.903949666832,-0.170416025574
10,3,16,888,3.14650179288,3.02674008348,-0.900924912142,-0.125983846193
11,3,32,888,3.31202671905,3.02114957323,-0.735399985981,-0.131574356443
0,1,4,889,3.89871963161,3.45787289961,0.0146276340864,-0.0187734703729
1,1,8,889,3.89615201871,3.50095378222,0.0120600211848,0.0243074122339
2,1,16,889,3.89156204005,3.46685107394,0.00747004252475,-0.00979529604059
3,1,32,889,3.88409199753,3.47664636998,0,0
4,2,4,889,3.3905249446,3.58747322402,-0.493567052923,0.11082685404
5,2,8,889,3.38401734451,3.58530748183,-0.50007465302,0.108661111841
6,2,16,889,3.37270510471,3.55145187977,-0.511386892822,0.0748055097875
7,2,32,889,3.35732558305,3.50391332564,-0.526766414474,0.0272669556533
8,3,4,889,3.30432135429,3.57663039784,-0.579770643237,0.0999840278602
9,3,8,889,3.25893239206,3.50232740531,-0.625159605467,0.0256810353273
10,3,16,889,3.24691384239,3.47929036154,-0.63717815514,0.00264399155803
11,3,32,889,3.227855871,3.41980434383,-0.656236126526,-0.0568420261582
0,1,4,890,4.33582291992,3.10904666917,0.00248812695243,-0.00651080564116
1,1,8,890,4.33516389001,3.13098000496,0.00182909703707,0.0154225301507
2,1,16,890,4.33424684443,3.10299568831,0.000912051457374,-0.012561786496
3,1,32,890,4.33333479297,3.11555747481,0,0
4,2,4,890,3.63826883417,2.99560920293,-0.695065958801,-0.119948271884
5,2,8,890,3.62894459683,2.98065733761,-0.704390196144,-0.134900137199
6,2,16,890,3.61956162155,3.00862076303,-0.713773171419,-0.10693671178
7,2,32,890,3.61242424409,3.01523131392,-0.720910548882,-0.100326160892
8,3,4,890,3.46266057105,2.98693302382,-0.870674221924,-0.128624450992
9,3,8,890,3.45928934085,2.95685346747,-0.87404545212,-0.158704007339
10,3,16,890,3.46135765517,3.01235628273,-0.871977137795,-0.103201192079
11,3,32,890,3.75932201431,3.00038386624,-0.574012778665,-0.115173608572
0,1,4,891,4.27590421487,3.17056716264,0.00882808443656,-0.00467029395074
1,1,8,891,4.27417632761,3.19039644174,0.00710019717781,0.0151589851545
2,1,16,891,4.27129843836,3.16820254112,0.00422230792773,-0.00703491547008
3,1,32,891,4.26707613043,3.17523745659,0,0
4,2,4,891,3.71024697526,3.19779199963,-0.556829155178,0.0225545430376
5,2,8,891,3.69703925553,3.18444801938,-0.570036874907,0.00921056279348
6,2,16,891,3.68167914447,3.18288722574,-0.585396985967,0.00764976915316
7,2,32,891,3.66691115375,3.14423136801,-0.60016497668,-0.0310060885794
8,3,4,891,3.51211158794,3.19834319873,-0.754964542492,0.0231057421428
9,3,8,891,3.48548155523,3.13460639917,-0.781594575203,-0.040631057421
10,3,16,891,3.47851520931,3.14613858996,-0.788560921127,-0.0290988666316
11,3,32,891,3.69904636449,3.10443651037,-0.568029765943,-0.0708009462169
0,1,4,892,4.08395820979,3.44887724673,0.0134872507371,-0.0101609779671
1,1,8,892,4.0816027424,3.48365786725,0.0111317833514,0.0246196425545
2,1,16,892,4.07737894763,3.45188459377,0.00690798857804,-0.00715363092142
3,1,32,892,4.07047095905,3.45903822469,0,0
4,2,4,892,3.67134384628,3.62137956566,-0.399127112774,0.162341340968
5,2,8,892,3.65892276909,3.59796295563,-0.411548189958,0.138924730941
6,2,16,892,3.64242226412,3.56408170463,-0.428048694931,0.105043479938
7,2,32,892,3.62378043342,3.50251914488,-0.446690525629,0.0434809201868
8,3,4,892,3.54400686423,3.59603535777,-0.526464094816,0.136997133075
9,3,8,892,3.49503087004,3.51358051104,-0.575440089005,0.054542286344
10,3,16,892,3.48077329871,3.47550466816,-0.589697660335,0.0164664434665
11,3,32,892,3.58478139103,3.42083459326,-0.485689568022,-0.038203631437
0,1,4,893,4.33761303467,3.1596549174,-0.00076740452747,-0.0397113835534
1,1,8,893,4.33769399648,3.20506884267,-0.000686442710574,0.0057025417142
2,1,16,893,4.33790131525,3.17279159633,-0.000479123944712,-0.0265747046198
3,1,32,893,4.33838043919,3.19936630095,0,0
4,2,4,893,3.47738031082,2.97246225283,-0.861000128373,-0.226904048123
5,2,8,893,3.47707587904,2.98740593399,-0.861304560152,-0.211960366968
6,2,16,893,3.47468643889,3.01768288691,-0.863694000306,-0.181683414048
7,2,32,893,3.47090848483,3.0533012454,-0.867471954369,-0.146065055553
8,3,4,893,3.32785178461,2.9521695244,-1.01052865458,-0.247196776551
9,3,8,893,3.33151038667,2.94743730552,-1.00687005252,-0.251928995431
10,3,16,893,3.33687011379,3.01152869201,-1.0015103254,-0.187837608944
11,3,32,893,3.50764158752,3.02582023467,-0.830738851674,-0.173546066282
0,1,4,894,3.49656669686,3.28856840124,0.00444328886409,-0.0162021525779
1,1,8,894,3.49556358213,3.32172887905,0.00344017413465,0.0169583252383
2,1,16,894,3.4940330434,3.3155796796,0.00190963540621,0.0108091257854
3,1,32,894,3.49212340799,3.30477055381,0,0
4,2,4,894,2.65900005139,3.19472921285,-0.833123356606,-0.11004134096
5,2,8,894,2.66499242063,3.15566611866,-0.827130987361,-0.149104435155
6,2,16,894,2.67324272357,3.19272946742,-0.818880684428,-0.112041086397
7,2,32,894,2.68283976986,3.21297608069,-0.809283638137,-0.0917944731202
8,3,4,894,2.55127539064,3.15174746821,-0.940848017356,-0.153023085608
9,3,8,894,2.5562900373,3.16596689737,-0.935833370694,-0.138803656441
10,3,16,894,2.56444696173,3.21874613946,-0.927676446267,-0.0860244143547
11,3,32,894,2.57269960013,3.19647521059,-0.919423807869,-0.108295343228
0,1,4,895,3.99041802832,3.33635478917,0.0154468830457,-0.00576863557082
1,1,8,895,3.98754891767,3.3650886316,0.0125777723995,0.0229652068587
2,1,16,895,3.98260592656,3.33956373445,0.00763478129509,-0.00255969028953
3,1,32,895,3.97497114527,3.34212342474,0,0
4,2,4,895,3.50849321477,3.46372441333,-0.466477930499,0.121600988592
5,2,8,895,3.49621891726,3.45157200818,-0.478752228014,0.109448583443
6,2,16,895,3.48053425982,3.42385567041,-0.494436885452,0.0817322456715
7,2,32,895,3.4634704755,3.36787476471,-0.511500669771,0.025751339971
8,3,4,895,3.35694931722,3.47469447465,-0.618021828049,0.132571049908
9,3,8,895,3.31356837443,3.39120019217,-0.661402770844,0.0490767674351
10,3,16,895,3.30135651543,3.37675726766,-0.673614629844,0.0346338429254
11,3,32,895,3.38957875104,3.30283053417,-0.585392394227,-0.0392928905658
0,1,4,896,4.06601041292,3.13983963683,-0.00114989291429,-0.0385809071075
1,1,8,896,4.06614978102,3.1645806648,-0.00101052481094,-0.013839879131
2,1,16,896,4.0664738498,3.16550724831,-0.000686456029399,-0.0129132956231
3,1,32,896,4.06716030583,3.17842054393,0,0
4,2,4,896,3.29614117113,3.01149823371,-0.7710191347,-0.166922310221
5,2,8,896,3.29533753369,2.99595809113,-0.771822772143,-0.182462452803
6,2,16,896,3.29458286959,3.03582724987,-0.772577436238,-0.142593294062
7,2,32,896,3.29491490405,3.04681787802,-0.772245401783,-0.131602665913
8,3,4,896,3.12872304882,2.97847038279,-0.938437257009,-0.199950161143
9,3,8,896,3.13045443113,2.9787893307,-0.936705874697,-0.199631213231
10,3,16,896,3.13648892871,3.03676027888,-0.930671377119,-0.14166026505
11,3,32,896,3.26649796846,3.02523624802,-0.800662337374,-0.153184295919
0,1,4,897,4.19903037238,3.14184804987,0.00783034951316,-0.0139893737139
1,1,8,897,4.19753890814,3.16856082701,0.00633888526792,0.012723403428
2,1,16,897,4.1950131915,3.14864327047,0.00381316862608,-0.0071941531152
3,1,32,897,4.19120002287,3.15583742358,0,0
4,2,4,897,3.505020065,3.14826040512,-0.68617995787,-0.00757701845896
5,2,8,897,3.4978533198,3.1505189369,-0.693346703073,-0.00531848668828
6,2,16,897,3.48755082294,3.14852615066,-0.703649199935,-0.00731127292776
7,2,32,897,3.4758366752,3.11289392062,-0.715363347669,-0.0429435029604
8,3,4,897,3.3037220985,3.13535584047,-0.887477924366,-0.020481583117
9,3,8,897,3.28067897862,3.08592091294,-0.910521044251,-0.0699165106406
10,3,16,897,3.27473419015,3.09140128845,-0.91646583272,-0.0644361351353
11,3,32,897,3.38481465952,3.0686472605,-0.806385363352,-0.0871901630874
0,1,4,898,3.74682741793,3.27951936753,0.00767417803316,-0.0128743994344
1,1,8,898,3.74539770479,3.30496659329,0.00624446488937,0.0125728263279
2,1,16,898,3.74294136676,3.29746865858,0.00378812686016,0.00507489161549
3,1,32,898,3.7391532399,3.29239376696,0,0
4,2,4,898,3.0792138766,3.30699342641,-0.659939363302,0.0145996594515
5,2,8,898,3.07878053868,3.28142520003,-0.660372701221,-0.0109685669286
6,2,16,898,3.07722027697,3.29180990342,-0.661932962933,-0.000583863540948
7,2,32,898,3.07472007902,3.25932042667,-0.664433160877,-0.0330733402867
8,3,4,898,2.95301543056,3.2652234556,-0.78613780934,-0.0271703113601
9,3,8,898,2.93375250246,3.23840747863,-0.805400737441,-0.0539862883255
10,3,16,898,2.93180939391,3.24740311738,-0.807343845992,-0.0449906495823
11,3,32,898,2.92797377894,3.21563165714,-0.811179460961,-0.0767621098226
0,1,4,899,3.92853993626,3.02044219476,0.0019326146879,-0.0054329966629
1,1,8,899,3.92797132253,3.02496391515,0.00136400096118,-0.000911276267269
2,1,16,899,3.92722833215,3.01993019496,0.000621010575379,-0.00594499646403
3,1,32,899,3.92660732157,3.02587519142,0,0
4,2,4,899,3.15055125322,2.94583709945,-0.776056068357,-0.0800380919722
5,2,8,899,3.14526732377,2.92967316611,-0.781339997802,-0.0962020253089
6,2,16,899,3.14126258528,2.94636446018,-0.785344736288,-0.0795107312396
7,2,32,899,3.14068264203,2.93955415677,-0.785924679541,-0.0863210346527
8,3,4,899,2.98524170552,2.92202777581,-0.941365616057,-0.103847415611
9,3,8,899,2.98236757944,2.89802873542,-0.944239742128,-0.127846455998
10,3,16,899,2.98453869534,2.9361840379,-0.942068626231,-0.0896911535144
11,3,32,899,3.11194682831,2.91583000908,-0.814660493262,-0.110045182337
0,1,4,900,4.1923135042,3.15937890425,0.00373729051975,-0.0169305955931
1,1,8,900,4.19139000203,3.18453494197,0.00281378834485,0.00822544212693
2,1,16,900,4.19005375975,3.1665723794,0.00147754607203,-0.00973712045
3,1,32,900,4.18857621368,3.17630949985,0,0
4,2,4,900,3.49388792124,3.07713177822,-0.694688292438,-0.0991777216306
5,2,8,900,3.48308583214,3.05039270941,-0.705490381537,-0.125916790433
6,2,16,900,3.4733554295,3.0682212124,-0.715220784177,-0.108088287449
7,2,32,900,3.46742158682,3.08184465921,-0.721154626865,-0.0944648406382
8,3,4,900,3.28553116591,3.07625361235,-0.903045047769,-0.100055887495
9,3,8,900,3.28029673229,3.04622865897,-0.908279481394,-0.130080840876
10,3,16,900,3.28171374124,3.09397327824,-0.906862472443,-0.0823362216117
11,3,32,900,3.5746611517,3.06195592957,-0.613915061985,-0.114353570281
0,1,4,901,3.85006346126,3.24346789944,0.00802669631349,-0.0183173084445
1,1,8,901,3.84855961914,3.27269799555,0.00652285419278,0.0109127876635
2,1,16,901,3.84598395795,3.2576895906,0.00394719300115,-0.00409561728119
3,1,32,901,3.84203676494,3.26178520789,0,0
4,2,4,901,3.15795746416,3.23122348846,-0.684079300781,-0.0305617194239
5,2,8,901,3.15728406416,3.22774900803,-0.684752700781,-0.0340361998599
6,2,16,901,3.15434538335,3.23601293606,-0.687691381592,-0.0257722718213
7,2,32,901,3.14939382272,3.21204677171,-0.692642942225,-0.0497384361771
8,3,4,901,3.04225135483,3.2129391131,-0.799785410116,-0.0488460947857
9,3,8,901,3.02329775468,3.1794734614,-0.818739010265,-0.0823117464859
10,3,16,901,3.02144316357,3.20267927933,-0.820593601377,-0.0591059285569
11,3,32,901,3.01497358497,3.16731240027,-0.82706317997,-0.0944728076184
0,1,4,902,4.21033863768,3.09953368941,0.00245052972872,-0.0168770874044
1,1,8,902,4.20969132681,3.11900363879,0.00180321885775,0.00259286198009
2,1,16,902,4.20879061219,3.11192657558,0.000902504245149,-0.0044842012394
3,1,32,902,4.20788810795,3.11641077681,0,0
4,2,4,902,3.50032274919,3.0045755344,-0.707565358758,-0.111835242417
5,2,8,902,3.49262298061,2.9793393899,-0.715265127334,-0.137071386913
6,2,16,902,3.48542209111,3.01396245507,-0.72246601684,-0.102448321743
7,2,32,902,3.48084466108,3.01211435152,-0.727043446863,-0.104296425299
8,3,4,902,3.28187654173,2.99168647562,-0.926011566221,-0.124724301195
9,3,8,902,3.27899726952,2.97165796709,-0.928890838427,-0.144752809729
10,3,16,902,3.28182373875,3.02347602278,-0.926064369198,-0.092934754031
11,3,32,902,3.53469876628,3.00138814781,-0.673189341666,-0.115022629003
0,1,4,903,3.78323419561,3.57105075867,0.0145718376303,-0.0169684114928
1,1,8,903,3.78071722417,3.61905136571,0.0120548661919,0.0310321955487
2,1,16,903,3.77616960866,3.59381603109,0.00750725068538,0.00579686092873
3,1,32,903,3.76866235798,3.58801917016,0,0
4,2,4,903,3.31517921104,3.7315519634,-0.453483146938,0.143532793242
5,2,8,903,3.31167674422,3.69734581122,-0.456985613759,0.109326641063
6,2,16,903,3.30437459829,3.68094065093,-0.464287759682,0.0929214807656
7,2,32,903,3.29302302945,3.62622430903,-0.475639328524,0.0382051388722
8,3,4,903,3.21967030822,3.68850397978,-0.548992049761,0.100484809616
9,3,8,903,3.17603395965,3.63354886597,-0.592628398322,0.045529695808
10,3,16,903,3.16580058777,3.60327168316,-0.602861770208,0.0152525130027
11,3,32,903,3.15022264179,3.55095654046,-0.61843971619,-0.0370626296988
0,1,4,904,3.8448509279,3.1784306547,0.00263513369236,-0.0294652895424
1,1,8,904,3.84416594201,3.20411724217,0.00195014780596,-0.00377870206768
2,1,16,904,3.84320656273,3.20346515667,0.000990768521281,-0.00443078757369
3,1,32,904,3.84221579421,3.20789594424,0,0
4,2,4,904,3.03434586915,3.13340727515,-0.807869925062,-0.0744886690876
5,2,8,904,3.02863863655,3.09867809379,-0.81357715766,-0.109217850453
6,2,16,904,3.025171434,3.10355666677,-0.817044360211,-0.104339277468
7,2,32,904,3.02614840892,3.1204841476,-0.816067385286,-0.0874117966417
8,3,4,904,2.81438908672,3.10543407776,-1.02782670749,-0.102461866478
9,3,8,904,2.81094348885,3.0923977772,-1.03127230536,-0.115498167043
10,3,16,904,2.81279724802,3.11575095418,-1.02941854619,-0.0921449900594
11,3,32,904,2.96385864164,3.08695689617,-0.878357152564,-0.120939048073
0,1,4,905,4.35739274064,3.14333927623,0.00095558963065,-0.027494608277
1,1,8,905,4.35706214715,3.17041466783,0.0006249961429,-0.0004192166773
2,1,16,905,4.35666181836,3.14782726591,0.000224667351801,-0.0230066185977
3,1,32,905,4.35643715101,3.17083388451,0,0
4,2,4,905,3.66815464178,3.01518543845,-0.688282509232,-0.155648446062
5,2,8,905,3.65837880896,3.00576795274,-0.698058342048,-0.165065931776
6,2,16,905,3.64837321191,3.0299982355,-0.708063939096,-0.140835649009
7,2,32,905,3.64075452837,3.05023530502,-0.715682622636,-0.120598579494
8,3,4,905,3.49279637789,3.01513587072,-0.86364077312,-0.155698013789
9,3,8,905,3.48916998538,2.98668751962,-0.867267165624,-0.184146364893
10,3,16,905,3.49180977447,3.04855354788,-0.864627376544,-0.12228033663
11,3,32,905,3.78563327264,3.02665822155,-0.570803878372,-0.144175662965
0,1,4,906,4.1033227511,3.24575236055,-0.00188115694593,-0.0337677505405
1,1,8,906,4.10366420245,3.28143539648,-0.00153970560053,0.00191528538742
2,1,16,906,4.10426135036,3.27684687833,-0.000942557687272,-0.00267323275962
3,1,32,906,4.10520390805,3.27952011109,0,0
4,2,4,906,3.35144215806,3.10525864191,-0.753761749987,-0.17426146918
5,2,8,906,3.35526809359,3.07234795158,-0.749935814465,-0.207172159509
6,2,16,906,3.35889389438,3.13661534562,-0.74631001367,-0.142904765472
7,2,32,906,3.3618485397,3.14611430314,-0.743355368353,-0.133405807953
8,3,4,906,3.20182879515,3.0404177932,-0.903375112904,-0.239102317889
9,3,8,906,3.20786551339,3.06163359474,-0.897338394661,-0.21788651635
10,3,16,906,3.21660993944,3.12341146539,-0.888593968613,-0.156108645698
11,3,32,906,3.36361564197,3.13641966055,-0.741588266082,-0.143100450537
0,1,4,907,3.73371012938,3.09673044145,0.00318942587197,-0.0181017265111
1,1,8,907,3.73293212962,3.11812443241,0.00241142611704,0.00329226444219
2,1,16,907,3.73179920548,3.11205954268,0.00127850197695,-0.00277262528627
3,1,32,907,3.7305207035,3.11483216796,0,0
4,2,4,907,2.86633106933,2.96233210079,-0.864189634172,-0.152500067178
5,2,8,907,2.86992265234,2.95929995728,-0.860598051167,-0.155532210689
6,2,16,907,2.87394791261,2.99229390709,-0.856572790889,-0.122538260869
7,2,32,907,2.87841915479,3.00268648066,-0.852101548714,-0.112145687307
8,3,4,907,2.74378759108,2.94609521991,-0.986733112428,-0.168736948051
9,3,8,907,2.74751820014,2.94377368639,-0.983002503363,-0.171058481577
10,3,16,907,2.75416075997,3.006630848,-0.976359943532,-0.108201319965
11,3,32,907,2.75855936522,2.98541158344,-0.971961338288,-0.129420584528
0,1,4,908,3.73469669034,3.14652204698,0.00999568906569,0.018171433932
1,1,8,908,3.73272891579,3.15517153355,0.00802791452216,0.0268209205016
2,1,16,908,3.7294647984,3.13331386877,0.00476379713326,0.0049632557222
3,1,32,908,3.72470100127,3.12835061305,0,0
4,2,4,908,3.05974803688,3.17842010413,-0.664952964388,0.050069491082
5,2,8,908,3.05639063535,3.16878234784,-0.668310365919,0.0404317347985
6,2,16,908,3.05189668939,3.16590130954,-0.672804311879,0.0375506964934
7,2,32,908,3.0471035708,3.12070445726,-0.677597430472,-0.00764615578333
8,3,4,908,2.96844248606,3.15490817171,-0.756258515208,0.0265575586642
9,3,8,908,2.9467859773,3.10452837076,-0.777915023974,-0.0238222422912
10,3,16,908,2.94246386094,3.11260931707,-0.782237140336,-0.0157412959779
11,3,32,908,2.93671865829,3.07853640584,-0.787982342981,-0.0498142072053
0,1,4,909,4.20546763198,3.26666013662,0.0070438517276,-0.0171684485343
1,1,8,909,4.20413409575,3.28969712212,0.00571031549923,0.00586853695996
2,1,16,909,4.20186485758,3.27612696161,0.00344107732981,-0.00770162354194
3,1,32,909,4.19842378025,3.28382858516,0,0
4,2,4,909,3.69637744911,3.29685483306,-0.502046331147,0.0130262479042
5,2,8,909,3.68452398927,3.26781723206,-0.513899790984,-0.0160113530974
6,2,16,909,3.67119287987,3.27546822914,-0.527230900381,-0.00836035601434
7,2,32,909,3.6588103219,3.24321071652,-0.539613458355,-0.0406178686338
8,3,4,909,3.51838924595,3.28350626724,-0.680034534301,-0.000322317913333
9,3,8,909,3.49287679581,3.23151144454,-0.705546984447,-0.0523171406165
10,3,16,909,3.4879187178,3.24805730887,-0.710505062449,-0.0357712762891
11,3,32,909,3.70757267729,3.20148683024,-0.490851102964,-0.0823417549129
0,1,4,910,3.81618869283,3.37347467025,0.0158433623388,-0.00243271297232
1,1,8,910,3.81328508173,3.40853353851,0.0129397512444,0.0326261552889
2,1,16,910,3.80823938706,3.38413707171,0.00789405656581,0.00822968848515
3,1,32,910,3.80034533049,3.37590738322,0,0
4,2,4,910,3.26245815989,3.49190430213,-0.5378871706,0.115996918902
5,2,8,910,3.25765625355,3.47777583934,-0.542689076936,0.101868456116
6,2,16,910,3.24912043149,3.46286048197,-0.551224899001,0.0869530987461
7,2,32,910,3.2371296607,3.40324628009,-0.563215669791,0.0273388968616
8,3,4,910,3.13445988406,3.48005248504,-0.665885446434,0.104145101816
9,3,8,910,3.09531490092,3.41625530686,-0.705030429566,0.0403479236337
10,3,16,910,3.08543587433,3.40082678517,-0.714909456161,0.0249194019463
11,3,32,910,3.07076736863,3.34366152787,-0.72957796186,-0.032245855358
0,1,4,911,3.6480516456,3.48982030039,0.00840195732509,-0.029593724064
1,1,8,911,3.64656807637,3.53660030429,0.00691838810056,0.0171862798317
2,1,16,911,3.64392770887,3.5310031166,0.00427802059907,0.0115890921388
3,1,32,911,3.63964968827,3.51941402446,0,0
4,2,4,911,2.99899206942,3.5575946774,-0.640657618854,0.0381806529379
5,2,8,911,3.00072012308,3.50654067357,-0.638929565195,-0.0128733508918
6,2,16,911,3.00176837215,3.51647106083,-0.637881316126,-0.00294296362694
7,2,32,911,3.00151254291,3.49579160649,-0.638137145364,-0.0236224179717
8,3,4,911,2.85535555377,3.49279609835,-0.784294134503,-0.026617926108
9,3,8,911,2.83430192606,3.48193286634,-0.805347762212,-0.0374811581194
10,3,16,911,2.83255429044,3.47533413331,-0.807095397838,-0.0440798911496
11,3,32,911,2.83026815347,3.44451888548,-0.809381534801,-0.074895138973
0,1,4,912,4.48369852653,3.37295231887,0.00811702399631,-0.0259386254574
1,1,8,912,4.48225116429,3.41961104433,0.00666966175687,0.0207201000089
2,1,16,912,4.47969017729,3.38448130423,0.00410867476197,-0.0144096400901
3,1,32,912,4.47558150253,3.39889094432,0,0
4,2,4,912,3.95999392972,3.42402533854,-0.515587572815,0.0251343942138
5,2,8,912,3.9462029695,3.40182968268,-0.529378533034,0.00293873835288
6,2,16,912,3.92899056015,3.39356773372,-0.546590942376,-0.00532321060626
7,2,32,912,3.91083243103,3.36982880066,-0.564749071502,-0.0290621436663
8,3,4,912,3.7477656827,3.4041212287,-0.72781581983,0.00523028437338
9,3,8,912,3.71623047092,3.34562696921,-0.759351031612,-0.0532639751149
10,3,16,912,3.70749250894,3.33974686612,-0.768088993591,-0.0591440782004
11,3,32,912,3.99345327942,3.3138810045,-0.482128223108,-0.0850099398257
0,1,4,913,4.14420144731,3.36236931358,0.00772725130066,-0.0169595118231
1,1,8,913,4.14283804371,3.40146975951,0.00636384769657,0.0221409341055
2,1,16,913,4.14041039401,3.37008168348,0.00393619799864,-0.00924714192808
3,1,32,913,4.13647419601,3.37932882541,0,0
4,2,4,913,3.55321049227,3.42130108268,-0.583263703743,0.041972257276
5,2,8,913,3.5455510207,3.39970878417,-0.590923175305,0.0203799587663
6,2,16,913,3.5352188465,3.38880695158,-0.601255349505,0.00947812617485
7,2,32,913,3.52364547631,3.36201213731,-0.612828719703,-0.0173166881001
8,3,4,913,3.40531460447,3.37990060065,-0.731159591542,0.000571775243283
9,3,8,913,3.37678037898,3.3318140745,-0.759693817031,-0.0475147509048
10,3,16,913,3.36966915374,3.31993947492,-0.766805042271,-0.0593893504898
11,3,32,913,3.50965509037,3.30055551337,-0.626819105641,-0.0787733120401
0,1,4,914,4.50064453778,3.19916355365,0.00178223477121,-0.0390778493067
1,1,8,914,4.50021395531,3.25043370624,0.00135165230175,0.0121923032815
2,1,16,914,4.49958111583,3.23476887719,0.00071881282301,-0.00347252576883
3,1,32,914,4.49886230301,3.23824140296,0,0
4,2,4,914,3.72210553195,3.03501269806,-0.776756771059,-0.203228704891
5,2,8,914,3.71987679122,3.01787544508,-0.778985511781,-0.220365957878
6,2,16,914,3.71577031799,3.07963489118,-0.783091985011,-0.158606511779
7,2,32,914,3.71020239122,3.09372432815,-0.788659911786,-0.144517074808
8,3,4,914,3.45864749342,3.01602114563,-1.04021480959,-0.222220257322
9,3,8,914,3.46200991733,3.02167472203,-1.03685238567,-0.21656668093
10,3,16,914,3.46791452732,3.08988938117,-1.03094777568,-0.148352021789
11,3,32,914,3.75664105202,3.09633963026,-0.742221250988,-0.141901772696
0,1,4,915,4.09078257377,3.37419917006,0.00773439189697,-0.00884854671886
1,1,8,915,4.08941340199,3.40452957362,0.00636522011508,0.0214818568395
2,1,16,915,4.08698037126,3.36258034764,0.00393218938519,-0.0204673691365
3,1,32,915,4.08304818187,3.38304771678,0,0
4,2,4,915,3.56472972663,3.45513701502,-0.518318455241,0.0720892982376
5,2,8,915,3.55333380439,3.43783764351,-0.529714377481,0.0547899267269
6,2,16,915,3.5397718198,3.40628967484,-0.543276362078,0.0232419580613
7,2,32,915,3.52640561877,3.38384800413,-0.556642563101,0.000800287352757
8,3,4,915,3.48172824901,3.42095858881,-0.601319932862,0.0379108720342
9,3,8,915,3.44818196721,3.35342292399,-0.63486621466,-0.029624792787
10,3,16,915,3.43900091377,3.33715126722,-0.644047268099,-0.0458964495557
11,3,32,915,3.58658702629,3.30605586979,-0.496461155582,-0.076991846987
0,1,4,916,4.10584962023,3.33074246231,0.0128464740705,-0.0185705388486
1,1,8,916,4.10361318508,3.37550797142,0.0106100389203,0.0261949702622
2,1,16,916,4.09959508059,3.3480816172,0.00659193443464,-0.00123138395141
3,1,32,916,4.09300314616,3.34931300115,0,0
4,2,4,916,3.48850431481,3.41207811873,-0.604498831353,0.06276511758
5,2,8,916,3.48587385977,3.41869259112,-0.607129286391,0.0693795899687
6,2,16,916,3.47719928634,3.40953743779,-0.615803859816,0.0602244366395
7,2,32,916,3.46245189625,3.35004681137,-0.630551249908,0.000733810210532
8,3,4,916,3.32956259774,3.38830979821,-0.76344054842,0.0389967970544
9,3,8,916,3.29191332645,3.33243643138,-0.801089819706,-0.0168765697725
10,3,16,916,3.28192941628,3.31445593211,-0.811073729882,-0.0348570690474
11,3,32,916,3.26639276061,3.28719934492,-0.826610385551,-0.0621136562389
0,1,4,917,4.18331760788,3.59931564115,0.0265741159999,0.00868717220655
1,1,8,917,4.17863980572,3.6468911611,0.021896313831,0.0562626921631
2,1,16,917,4.17029323319,3.59157032274,0.0135497413021,0.000941853798561
3,1,32,917,4.15674349188,3.59062846894,0,0
4,2,4,917,3.96246874603,3.95539401765,-0.19427474585,0.364765548708
5,2,8,917,3.9428320636,3.9450187552,-0.213911428288,0.354390286256
6,2,16,917,3.9147955749,3.86505473531,-0.241947916981,0.274426266365
7,2,32,917,3.88054027189,3.74755238934,-0.276203219999,0.156923920396
8,3,4,917,3.8187185077,3.9631127573,-0.338024984185,0.372484288356
9,3,8,917,3.73433984216,3.819628427,-0.422403649729,0.22899995806
10,3,16,917,3.70554365327,3.72455216194,-0.451199838616,0.133923692999
11,3,32,917,3.77527486224,3.63471602011,-0.381468629644,0.0440875511659
0,1,4,918,3.77161808159,3.45760223291,0.0148083167817,-0.00820807575899
1,1,8,918,3.76896983929,3.49373287693,0.0121600744794,0.0279225682604
2,1,16,918,3.76429323003,3.46831623585,0.00748346522257,0.00250592718047
3,1,32,918,3.75680976481,3.46581030867,0,0
4,2,4,918,3.28416616209,3.59169705009,-0.47264360272,0.125886741427
5,2,8,918,3.27898097231,3.57048473434,-0.4778287925,0.104674425675
6,2,16,918,3.27032963351,3.55179257282,-0.486480131302,0.0859822641576
7,2,32,918,3.25854989544,3.49708149663,-0.498259869372,0.0312711879663
8,3,4,918,3.19815477173,3.57090361514,-0.558654993081,0.105093306469
9,3,8,918,3.15648706495,3.50627986411,-0.600322699859,0.0404695554409
10,3,16,918,3.14658420076,3.48904837005,-0.610225564053,0.0232380613791
11,3,32,918,3.1306730285,3.42699834184,-0.626136736314,-0.0388119668293
0,1,4,919,4.04619217128,3.38621252948,0.0125353240513,-0.0128058607935
1,1,8,919,4.04397661302,3.41491369519,0.0103197657847,0.0158953049108
2,1,16,919,4.04003607655,3.39251148083,0.00637922931727,-0.00650690944346
3,1,32,919,4.03365684723,3.39901839028,0,0
4,2,4,919,3.60046564601,3.55150038782,-0.433191201219,0.152481997542
5,2,8,919,3.5877973229,3.52795041788,-0.445859524328,0.1289320276
6,2,16,919,3.57168611598,3.49467246832,-0.461970731252,0.095654078048
7,2,32,919,3.55442325683,3.43337495777,-0.479233590404,0.034356567494
8,3,4,919,3.4496333484,3.52869716925,-0.584023498833,0.129678778971
9,3,8,919,3.40325025047,3.44909125177,-0.630406596762,0.0500728614947
10,3,16,919,3.38967615669,3.41255646388,-0.643980690542,0.013538073601
11,3,32,919,3.48612441429,3.35486651664,-0.547532432941,-0.0441518736352
0,1,4,920,4.45871362023,3.17832034858,-0.00241046790376,-0.0366693460068
1,1,8,920,4.45912865042,3.20834121901,-0.00199543771404,-0.00664847557742
2,1,16,920,4.45987786016,3.19093551338,-0.00124622797953,-0.0240541812056
3,1,32,920,4.46112408814,3.21498969459,0,0
4,2,4,920,3.80890484366,3.00459082515,-0.652219244474,-0.210398869438
5,2,8,920,3.80423364567,2.99431562748,-0.656890442468,-0.220674067105
6,2,16,920,3.79826931498,3.04929682745,-0.662854773163,-0.165692867135
7,2,32,920,3.79237217911,3.06553148098,-0.668751909024,-0.149458213611
8,3,4,920,3.66921532256,2.98241239127,-0.791908765582,-0.232577303314
9,3,8,920,3.67036270116,2.97403544095,-0.790761386978,-0.240954253635
10,3,16,920,3.67687139018,3.05520713377,-0.784252697961,-0.159782560819
11,3,32,920,3.95293891901,3.05122051817,-0.508185169125,-0.163769176422
0,1,4,921,4.11254853161,3.29869270482,0.00489016913847,-0.016269692685
1,1,8,921,4.11171689255,3.32269951606,0.0040585300767,0.00773711855072
2,1,16,921,4.11019833854,3.29960500517,0.0025399760678,-0.0153573923399
3,1,32,921,4.10765836247,3.31496239751,0,0
4,2,4,921,3.58470035873,3.29341782918,-0.522958003738,-0.0215445683306
5,2,8,921,3.57917240549,3.27921683016,-0.52848595698,-0.0357455673521
6,2,16,921,3.57118967187,3.29284702457,-0.536468690607,-0.0221153729381
7,2,32,921,3.56186037457,3.26543309794,-0.545797987905,-0.0495292995714
8,3,4,921,3.51050029178,3.26084787671,-0.59715807069,-0.0541145207943
9,3,8,921,3.4878283727,3.21817759127,-0.619829989776,-0.0967848062418
10,3,16,921,3.48525243635,3.24432825996,-0.622405926125,-0.0706341375446
11,3,32,921,3.60068642934,3.21566402352,-0.506971933136,-0.0992983739911
0,1,4,922,3.91802173145,3.21077311521,0.0103022337136,-0.00114050393087
1,1,8,922,3.91599804413,3.22936529779,0.00827854639257,0.017451678652
2,1,16,922,3.9126370073,3.21234735507,0.00491750956071,0.000433735929129
3,1,32,922,3.90771949774,3.21191361914,0,0
4,2,4,922,3.28762267184,3.28896277787,-0.620096825893,0.0770491587298
5,2,8,922,3.27699135279,3.2654151062,-0.630728144946,0.0535014870591
6,2,16,922,3.26562590608,3.24526449986,-0.642093591653,0.0333508807254
7,2,32,922,3.25596136972,3.20828989749,-0.651758128016,-0.00362372164668
8,3,4,922,3.10289177753,3.27487320532,-0.804827720206,0.0629595861801
9,3,8,922,3.07510072784,3.21494052887,-0.832618769898,0.00302690973473
10,3,16,922,3.06727022078,3.20363810284,-0.84044927696,-0.00827551629282
11,3,32,922,3.18274624373,3.15631231269,-0.724973254005,-0.055601306449
0,1,4,923,4.33947357023,3.14037443476,0.00108840960422,-0.0366104911669
1,1,8,923,4.33914235458,3.17220030195,0.000757193950431,-0.00478462397642
2,1,16,923,4.33871431745,3.16401616205,0.000329156819181,-0.0129687638747
3,1,32,923,4.33838516063,3.17698492592,0,0
4,2,4,923,3.62087404508,2.99637789259,-0.717511115547,-0.180607033328
5,2,8,923,3.6152520066,2.98335713226,-0.723133154025,-0.193627793665
6,2,16,923,3.60888793679,3.02871274979,-0.729497223838,-0.148272176128
7,2,32,923,3.6033895644,3.04055202587,-0.734995596227,-0.136432900054
8,3,4,923,3.40629602707,2.99179472915,-0.932089133559,-0.185190196777
9,3,8,923,3.40593268594,2.98042357701,-0.932452474683,-0.196561348914
10,3,16,923,3.41076458765,3.05014927664,-0.927620572974,-0.126835649282
11,3,32,923,3.66542042889,3.03054493256,-0.672964731733,-0.14643999336
0,1,4,924,4.32074894918,3.11082719179,0.00240887929839,-0.018625442662
1,1,8,924,4.32013498719,3.13826772812,0.00179491730983,0.00881509366417
2,1,16,924,4.31926188336,3.12556279434,0.000921813479347,-0.00388984011122
3,1,32,924,4.31834006988,3.12945263445,0,0
4,2,4,924,3.59473512726,2.97936176335,-0.723604942622,-0.150090871098
5,2,8,924,3.58953797353,2.96154529123,-0.72880209635,-0.167907343219
6,2,16,924,3.5837415653,3.01029835622,-0.734598504574,-0.119154278228
7,2,32,924,3.57867597216,3.01033395284,-0.739664097722,-0.11911868161
8,3,4,924,3.37960085117,2.96731279014,-0.938739218707,-0.162139844308
9,3,8,924,3.37948554587,2.95468588044,-0.938854524006,-0.174766754012
10,3,16,924,3.38384454421,3.01900202863,-0.934495525672,-0.110450605823
11,3,32,924,3.6417245383,3.00795993722,-0.67661553158,-0.121492697234
0,1,4,925,3.99502162851,3.26020452251,0.00128923875359,-0.0263006760105
1,1,8,925,3.99468065405,3.29713371483,0.000948264291128,0.0106285163084
2,1,16,925,3.99420532234,3.28432816046,0.000472932583692,-0.0021770380678
3,1,32,925,3.99373238976,3.28650519853,0,0
4,2,4,925,3.23147812766,3.13694671701,-0.762254262095,-0.149558481516
5,2,8,925,3.23256175848,3.10549729947,-0.76117063128,-0.181007899053
6,2,16,925,3.23418907415,3.15209395753,-0.75954331561,-0.134411240996
7,2,32,925,3.23639970255,3.17050429353,-0.757332687213,-0.116000905
8,3,4,925,3.08422791783,3.09504665878,-0.909504471933,-0.19145853975
9,3,8,925,3.08772570603,3.10281945446,-0.90600668373,-0.183685744069
10,3,16,925,3.09479858016,3.1617944467,-0.898933809602,-0.12471075182
11,3,32,925,3.25107331809,3.15658213005,-0.74265907167,-0.129923068474
0,1,4,926,3.96221321544,3.55261585747,0.0159693778187,-0.0253736938169
1,1,8,926,3.95944532469,3.61614853767,0.0132014870663,0.0381589863841
2,1,16,926,3.95445519625,3.58397428457,0.00821135862738,0.00598473328376
3,1,32,926,3.94624383762,3.57798955129,0,0
4,2,4,926,3.40985139727,3.67928906274,-0.536392440355,0.101299511451
5,2,8,926,3.40830485743,3.66404048979,-0.537938980191,0.0860509384999
6,2,16,926,3.40102376711,3.65208738089,-0.545220070516,0.0740978296076
7,2,32,926,3.3871377934,3.60082397948,-0.559106044227,0.0228344281889
8,3,4,926,3.26611510374,3.64918261328,-0.680128733886,0.0711930619901
9,3,8,926,3.22362874096,3.59798636782,-0.722615096668,0.0199968165286
10,3,16,926,3.2131356184,3.57153033847,-0.733108219222,-0.00645921281314
11,3,32,926,3.19643603443,3.53125847417,-0.749807803193,-0.0467310771166
0,1,4,927,4.50617642623,3.33855243695,0.0123501098494,-0.0115534237386
1,1,8,927,4.50402416662,3.37519213327,0.010197850237,0.025086272586
2,1,16,927,4.50015950736,3.33944257193,0.00633319097548,-0.010663288759
3,1,32,927,4.49382631638,3.35010586069,0,0
4,2,4,927,4.07990739547,3.4722664672,-0.413918920915,0.122160606513
5,2,8,927,4.06431309239,3.46270493186,-0.429513223993,0.112599071176
6,2,16,927,4.04298490133,3.4403367308,-0.450841415057,0.0902308701109
7,2,32,927,4.01847188955,3.37149488722,-0.475354426829,0.0213890265344
8,3,4,927,3.87889236577,3.45789139866,-0.614933950614,0.10778553797
9,3,8,927,3.83125782325,3.37125074991,-0.662568493133,0.021144889224
10,3,16,927,3.81617950247,3.34007442983,-0.677646813913,-0.0100314308563
11,3,32,927,4.03007169045,3.30305193561,-0.463754625936,-0.0470539250804
0,1,4,928,3.7744867821,3.34339110521,0.0076772399135,-0.0343016680657
1,1,8,928,3.7730876101,3.38080607092,0.00627806791439,0.00311329764203
2,1,16,928,3.77064806603,3.37111448457,0.00383852385131,-0.00657828870354
3,1,32,928,3.76680954218,3.37769277328,0,0
4,2,4,928,3.09998355303,3.3566165868,-0.666825989154,-0.0210761864791
5,2,8,928,3.09876083711,3.34170988876,-0.66804870507,-0.035982884521
6,2,16,928,3.09588688656,3.34153091642,-0.670922655627,-0.0361618568606
7,2,32,928,3.09179523846,3.32880973902,-0.67501430372,-0.0488830342608
8,3,4,928,2.97431192524,3.33300116339,-0.792497616942,-0.0446916098918
9,3,8,928,2.95335293595,3.30353885803,-0.81345660623,-0.074153915243
10,3,16,928,2.95115775764,3.31780612921,-0.815651784543,-0.0598866440696
11,3,32,928,2.94503313052,3.27328647197,-0.821776411657,-0.104406301309
0,1,4,929,3.83128578626,3.03406475792,0.00219171184374,0.018508501816
1,1,8,929,3.83065994268,3.02784180148,0.00156586826176,0.0122855453726
2,1,16,929,3.82982807389,3.01915230719,0.00073399947,0.00359605108311
3,1,32,929,3.82909407442,3.01555625611,0,0
4,2,4,929,3.11897922737,2.97676381152,-0.710114847043,-0.0387924445866
5,2,8,929,3.11474842095,2.9445284684,-0.714345653463,-0.0710277877117
6,2,16,929,3.11261926521,2.97228333565,-0.716474809201,-0.043272920454
7,2,32,929,3.11423286538,2.95089416236,-0.714861209031,-0.0646620937468
8,3,4,929,3.00631968844,2.93314250405,-0.822774385979,-0.0824137520597
9,3,8,929,3.00402994257,2.91036599177,-0.825064131846,-0.10519026434
10,3,16,929,3.00707402934,2.94912985871,-0.822020045076,-0.0664263974002
11,3,32,929,3.13560325526,2.93522700486,-0.693490819156,-0.0803292512513
0,1,4,930,4.27711790681,3.31363429108,0.0160312038975,0.00128342275322
1,1,8,930,4.27413749777,3.34122401434,0.013050794851,0.0288731460148
2,1,16,930,4.26900597079,3.30448562311,0.00791926787594,-0.00786524521057
3,1,32,930,4.26108670292,3.31235086833,0,0
4,2,4,930,3.8600007331,3.46890898533,-0.401085969814,0.156558117005
5,2,8,930,3.84093550549,3.45802990213,-0.420151197423,0.145679033804
6,2,16,930,3.81775126239,3.41837403758,-0.443335440531,0.106023169258
7,2,32,930,3.79377943609,3.35418971099,-0.467307266825,0.0418388426695
8,3,4,930,3.67313266283,3.48690846291,-0.587954040083,0.174557594582
9,3,8,930,3.62316165541,3.38297185383,-0.637925047503,0.0706209855056
10,3,16,930,3.60689026635,3.35516701409,-0.654196436571,0.0428161457613
11,3,32,930,3.8120632509,3.28474857811,-0.449023452021,-0.0276022902166
0,1,4,931,4.31932359022,3.2252209153,0.0019824529677,-0.0332840577474
1,1,8,931,4.3188145055,3.26590931722,0.00147336824031,0.00740434417031
2,1,16,931,4.3180938713,3.25310362915,0.000752734043367,-0.00540134390602
3,1,32,931,4.31734113726,3.25850497305,0,0
4,2,4,931,3.58841187911,3.12549847322,-0.728929258148,-0.133006499832
5,2,8,931,3.58139853411,3.09135215141,-0.735942603151,-0.167152821638
6,2,16,931,3.57458623225,3.12752380077,-0.742754905004,-0.130981172286
7,2,32,931,3.56971935385,3.14374716456,-0.747621783404,-0.114757808489
8,3,4,931,3.33675481403,3.10212417314,-0.980586323228,-0.156380799912
9,3,8,931,3.33521302159,3.09430780333,-0.982128115662,-0.164197169719
10,3,16,931,3.33851454315,3.14115535617,-0.978826594104,-0.117349616883
11,3,32,931,3.64254273154,3.13046852163,-0.674798405716,-0.128036451423
0,1,4,932,3.75916328829,3.3186141201,0.0130735283854,-0.000605614681111
1,1,8,932,3.75678749866,3.33726329649,0.0106977387572,0.0180435617124
2,1,16,932,3.7526391858,3.32057339945,0.00654942589559,0.00135366467369
3,1,32,932,3.74608975991,3.31921973478,0,0
4,2,4,932,3.23324464938,3.47688488607,-0.51284511053,0.157665151296
5,2,8,932,3.22501717487,3.45614283723,-0.521072585034,0.136923102447
6,2,16,932,3.21428684959,3.42393696567,-0.531802910314,0.104717230895
7,2,32,932,3.20264502422,3.3589766631,-0.543444735684,0.0397569283207
8,3,4,932,3.11435582321,3.4494460624,-0.631733936696,0.130226327617
9,3,8,932,3.07254833588,3.37705583434,-0.673541424026,0.0578360995578
10,3,16,932,3.06080080672,3.34277419764,-0.68528895319,0.0235544628573
11,3,32,932,3.04708455761,3.28480204427,-0.699005202299,-0.0344176905118
0,1,4,933,4.21033863768,3.09953368941,0.00245052972872,-0.0168770874044
1,1,8,933,4.20969132681,3.11900363879,0.00180321885774,0.00259286198009
2,1,16,933,4.20879061219,3.11192657558,0.000902504245148,-0.0044842012394
3,1,32,933,4.20788810795,3.11641077681,0,0
4,2,4,933,3.50032274919,3.0045755344,-0.707565358758,-0.111835242417
5,2,8,933,3.49262298061,2.9793393899,-0.715265127334,-0.137071386913
6,2,16,933,3.48542209111,3.01396245507,-0.72246601684,-0.102448321743
7,2,32,933,3.48084466108,3.01211435152,-0.727043446863,-0.104296425299
8,3,4,933,3.28187654173,2.99168647562,-0.926011566221,-0.124724301195
9,3,8,933,3.27899726952,2.97165796709,-0.928890838427,-0.144752809729
10,3,16,933,3.28182373875,3.02347602278,-0.926064369198,-0.092934754031
11,3,32,933,3.53469876628,3.00138814781,-0.673189341666,-0.115022629003
0,1,4,934,4.14555452436,3.26640605029,0.0091744318424,-0.0219747473402
1,1,8,934,4.14383123756,3.30513894443,0.00745114504391,0.0167581468014
2,1,16,934,4.14088363025,3.28112194997,0.00450353773051,-0.00725884765262
3,1,32,934,4.13638009252,3.28838079763,0,0
4,2,4,934,3.4935503413,3.26567555774,-0.642829751218,-0.0227052398918
5,2,8,934,3.48735757329,3.26167295711,-0.649022519225,-0.0267078405165
6,2,16,934,3.47806876352,3.2642762681,-0.658311328996,-0.0241045295293
7,2,32,934,3.46683069498,3.24158368772,-0.66954939754,-0.0467971099106
8,3,4,934,3.31709793057,3.26064428255,-0.81928216195,-0.0277365150726
9,3,8,934,3.29368505332,3.21526800556,-0.842695039194,-0.0731127920689
10,3,16,934,3.28899826394,3.23196631263,-0.847381828578,-0.0564144849985
11,3,32,934,3.40647042017,3.19715041975,-0.72990967235,-0.0912303778803
0,1,4,935,4.28061206852,3.21229301279,0.0056347952593,-0.0145268865011
1,1,8,935,4.27963192199,3.24272516443,0.00465464873646,0.0159052651439
2,1,16,935,4.27787151961,3.21746620715,0.00289424635764,-0.00935369213843
3,1,32,935,4.27497727326,3.22681989929,0,0
4,2,4,935,3.63475052169,3.21687153924,-0.640226751567,-0.00994836004498
5,2,8,935,3.62954500608,3.21247084611,-0.645432267179,-0.0143490531796
6,2,16,935,3.6206515199,3.22038389906,-0.654325753354,-0.00643600023227
7,2,32,935,3.6091926107,3.18269566475,-0.665784662554,-0.0441242345391
8,3,4,935,3.47133207003,3.17681661219,-0.803645203228,-0.0500032870979
9,3,8,935,3.44853491022,3.13565467274,-0.826442363035,-0.0911652265487
10,3,16,935,3.4434638301,3.13953135171,-0.83151344316,-0.0872885475827
11,3,32,935,3.56422696748,3.13583167731,-0.710750305775,-0.0909882219784
0,1,4,936,4.0004240215,3.21283487786,0.00950300361886,-0.00731885418396
1,1,8,936,3.99857748014,3.23657746799,0.00765646225722,0.0164237359526
2,1,16,936,3.99548794788,3.21976430356,0.00456693000388,-0.000389428483451
3,1,32,936,3.99092101788,3.22015373204,0,0
4,2,4,936,3.36816262426,3.23813059315,-0.622758393624,0.0179768611094
5,2,8,936,3.3607553135,3.22281799949,-0.63016570438,0.00266426744749
6,2,16,936,3.35166284699,3.22367730879,-0.639258170889,0.00352357674753
7,2,32,936,3.34244069323,3.18989132713,-0.648480324648,-0.030262404908
8,3,4,936,3.19777632915,3.22904425672,-0.79314468873,0.00889052467902
9,3,8,936,3.17439265718,3.17977889343,-0.816528360697,-0.0403748386131
10,3,16,936,3.1695054738,3.19168343146,-0.821415544079,-0.0284703005759
11,3,32,936,3.27781198204,3.14918024507,-0.713109035844,-0.0709734869709
0,1,4,937,4.36671408607,3.30532345846,0.0100837941322,-0.00138409209985
1,1,8,937,4.36497770469,3.32608727613,0.00834741275982,0.0193797255662
2,1,16,937,4.36183681065,3.30152980777,0.00520651871333,-0.00517774279326
3,1,32,937,4.35663029193,3.30670755056,0,0
4,2,4,937,3.97114396115,3.45673821361,-0.385486330782,0.150030663048
5,2,8,937,3.95616668668,3.42942315943,-0.400463605256,0.122715608864
6,2,16,937,3.93705032347,3.41391138208,-0.419579968466,0.10720383152
7,2,32,937,3.91646308724,3.33493304792,-0.440167204692,0.0282254973572
8,3,4,937,3.79259181269,3.41805722456,-0.564038479249,0.111349673999
9,3,8,937,3.74762229932,3.33820679905,-0.609007992616,0.0314992484861
10,3,16,937,3.73393558076,3.30320805193,-0.622694711178,-0.00349949863121
11,3,32,937,3.93319281339,3.26989975601,-0.423437478545,-0.0368077945539
0,1,4,938,3.66662521769,3.13409576036,0.000692890418086,0.00372979961988
1,1,8,938,3.66634905301,3.15104934775,0.000416725741482,0.0206833870128
2,1,16,938,3.66604093951,3.11906313931,0.000108612244691,-0.0113028214298
3,1,32,938,3.66593232727,3.13036596074,0,0
4,2,4,938,2.76445890742,3.05029412823,-0.901473419851,-0.0800718325125
5,2,8,938,2.76664740225,3.04091319074,-0.899284925021,-0.0894527699943
6,2,16,938,2.77035441829,3.03969956053,-0.895577908982,-0.0906664002089
7,2,32,938,2.77621885644,3.05902894546,-0.889713470832,-0.0713370152798
8,3,4,938,2.71488255819,2.98755160123,-0.951049769079,-0.14281435951
9,3,8,938,2.71669562191,2.97690097136,-0.949236705359,-0.153464989378
10,3,16,938,2.72019564279,2.99980988052,-0.945736684485,-0.130556080221
11,3,32,938,2.72732727017,3.01434877284,-0.938605057104,-0.116017187897
0,1,4,939,3.92887404032,3.14577419272,-0.000153254181793,-0.00313169323821
1,1,8,939,3.92875802432,3.15595364604,-0.000269270181957,0.00704776007429
2,1,16,939,3.92872113464,3.13438698694,-0.000306159862717,-0.0145188990162
3,1,32,939,3.9290272945,3.14890588596,0,0
4,2,4,939,3.20175850823,3.07724499723,-0.727268786274,-0.07166088873
5,2,8,939,3.19615781059,3.05066779209,-0.732869483911,-0.0982380938723
6,2,16,939,3.19242170093,3.06016643862,-0.736605593572,-0.0887394473452
7,2,32,939,3.19265800563,3.07018187465,-0.736369288871,-0.0787240113064
8,3,4,939,3.10830626919,3.02962805784,-0.820721025309,-0.119277828124
9,3,8,939,3.10545551782,3.00714183532,-0.823571776684,-0.141764050639
10,3,16,939,3.10797541396,3.04010812663,-0.821051880536,-0.108797759333
11,3,32,939,3.27214673031,3.03315252271,-0.656880564187,-0.115753363252
0,1,4,940,3.98646234785,3.13156586269,0.00592301623109,-0.0184102682753
1,1,8,940,3.98512574048,3.16584267047,0.00458640885209,0.0158665395063
2,1,16,940,3.98308498727,3.15486897064,0.00254565564609,0.00489283968061
3,1,32,940,3.98053933162,3.14997613096,0,0
4,2,4,940,3.15106923789,2.99340986365,-0.829470093736,-0.156566267306
5,2,8,940,3.1511129288,2.98249228287,-0.829426402827,-0.167483848089
6,2,16,940,3.15098341708,3.02615477396,-0.829555914543,-0.123821357005
7,2,32,940,3.15086918784,3.03560498279,-0.82967014378,-0.114371148173
8,3,4,940,2.94910022005,2.99585889612,-1.03143911158,-0.154117234845
9,3,8,940,2.95167877781,2.99075233698,-1.02886055382,-0.159223793982
10,3,16,940,2.95742769044,3.05909715174,-1.02311164118,-0.0908789792175
11,3,32,940,3.08884219728,3.03446682814,-0.891697134339,-0.115509302819
0,1,4,941,4.65738358424,3.15449868102,-0.00198703929813,-0.0393717430053
1,1,8,941,4.65769895578,3.18532991137,-0.0016716677607,-0.0085405126513
2,1,16,941,4.65830184913,3.17970764396,-0.00106877441404,-0.0141627800611
3,1,32,941,4.65937062354,3.19387042402,0,0
4,2,4,941,4.03015144777,3.02916919367,-0.629219175766,-0.164701230355
5,2,8,941,4.02050174464,2.99868157466,-0.638868878905,-0.195188849361
6,2,16,941,4.0098630652,3.05439952521,-0.64950755834,-0.13947089881
7,2,32,941,4.00060427467,3.05504097713,-0.658766348875,-0.138829446894
8,3,4,941,3.76955720619,3.00011023776,-0.889813417348,-0.193760186266
9,3,8,941,3.76741659727,2.99015825055,-0.891954026271,-0.20371217347
10,3,16,941,3.7711596021,3.04952445209,-0.888211021436,-0.144345971931
11,3,32,941,4.15628842767,3.04830405394,-0.503082195871,-0.145566370078
0,1,4,942,4.5784290648,3.35762486779,0.00854248330409,-0.0185069663629
1,1,8,942,4.57690596773,3.40249085775,0.00701938623928,0.0263590235912
2,1,16,942,4.57421087794,3.35258774462,0.00432429645072,-0.0235440895411
3,1,32,942,4.56988658149,3.37613183416,0,0
4,2,4,942,4.07115318258,3.42138891547,-0.498733398911,0.0452570813149
5,2,8,942,4.05413622686,3.41073852312,-0.515750354635,0.0346066889667
6,2,16,942,4.03312810682,3.3844606523,-0.536758474675,0.00832881814613
7,2,32,942,4.01132082361,3.36170123939,-0.558565757887,-0.0144305947722
8,3,4,942,3.88268748124,3.40770827827,-0.687199100255,0.0315764441148
9,3,8,942,3.84655370555,3.33180059121,-0.723332875941,-0.0443312429477
10,3,16,942,3.83499427037,3.31681280867,-0.734892311124,-0.0593190254904
11,3,32,942,4.14607796658,3.29371945644,-0.423808614912,-0.0824123777194
0,1,4,943,3.64571434014,3.32050001853,0.00986701118602,-0.010535143998
1,1,8,943,3.64384640536,3.34865126087,0.00799907640493,0.0176160983424
2,1,16,943,3.64067056662,3.3344689643,0.00482323766561,0.00343380177738
3,1,32,943,3.63584732895,3.33103516253,0,0
4,2,4,943,2.96324885795,3.40510585418,-0.672598471004,0.074070691651
5,2,8,943,2.95938415319,3.37623645547,-0.676463175762,0.0452012929431
6,2,16,943,2.95504781983,3.35620417148,-0.680799509126,0.0251690089483
7,2,32,943,2.95126189818,3.32883359355,-0.684585430769,-0.0022015689729
8,3,4,943,2.82499275214,3.36717193354,-0.810854576812,0.0361367710106
9,3,8,943,2.7994528781,3.32586082183,-0.836394450855,-0.00517434070091
10,3,16,943,2.79366279086,3.30883889045,-0.842184538093,-0.0221962720813
11,3,32,943,2.78910292108,3.26761791822,-0.846744407868,-0.0634172443036
0,1,4,944,4.07396418275,3.22525266868,0.00530881389959,-0.0208050783291
1,1,8,944,4.07306536754,3.25902622612,0.00440999869033,0.0129684791094
2,1,16,944,4.07142006099,3.23615804955,0.00276469214418,-0.00989969746648
3,1,32,944,4.06865536885,3.24605774701,0,0
4,2,4,944,3.37349023886,3.16416023399,-0.695165129984,-0.0818975130275
5,2,8,944,3.37629047292,3.17513751794,-0.692364895925,-0.0709202290713
6,2,16,944,3.37491563977,3.20130310322,-0.693739729076,-0.0447546437983
7,2,32,944,3.36875767252,3.17416843006,-0.699897696324,-0.0718893169542
8,3,4,944,3.28352931565,3.13028152404,-0.785126053196,-0.11577622297
9,3,8,944,3.26777999376,3.10622474302,-0.800875375085,-0.139833003998
10,3,16,944,3.26760468917,3.14034876089,-0.801050679673,-0.105708986124
11,3,32,944,3.26019881932,3.13385357423,-0.808456549522,-0.112204172785
0,1,4,945,3.96389894482,3.11586878591,0.0134603294456,0.00783982401996
1,1,8,945,3.96118160222,3.13435061112,0.0107429868484,0.0263216492299
2,1,16,945,3.95674255019,3.10747857734,0.00630393482202,-0.000550384550931
3,1,32,945,3.95043861537,3.10802896189,0,0
4,2,4,945,3.28324538334,3.14100921196,-0.667193232032,0.0329802500689
5,2,8,945,3.27262144156,3.14432006743,-0.677817173812,0.0362911055389
6,2,16,945,3.26025575,3.12687317512,-0.690182865374,0.0188442132312
7,2,32,945,3.24840649115,3.09303134971,-0.702032124227,-0.014997612181
8,3,4,945,3.10310142584,3.16996329493,-0.847337189536,0.0619343330407
9,3,8,945,3.07716026256,3.09901587507,-0.873278352817,-0.00901308681899
10,3,16,945,3.06981051181,3.11239449695,-0.880628103561,0.00436553506062
11,3,32,945,3.17467278601,3.0530234014,-0.77576582936,-0.0550055604923
0,1,4,946,4.19021205418,3.33161226479,0.00620209177848,-0.0269399991683
1,1,8,946,4.18914201298,3.37123690552,0.00513205058091,0.0126846415629
2,1,16,946,4.18720621043,3.34817249161,0.00319624802948,-0.0103797723456
3,1,32,946,4.1840099624,3.35855226396,0,0
4,2,4,946,3.60368508572,3.30911776172,-0.580324876685,-0.0494345022368
5,2,8,946,3.60029067737,3.29800336563,-0.583719285034,-0.060548898323
6,2,16,946,3.59352090143,3.31928255399,-0.590489060969,-0.0392697099691
7,2,32,946,3.58379307104,3.29695806444,-0.600216891361,-0.0615941995156
8,3,4,946,3.47816958579,3.28185448022,-0.705840376614,-0.076697783742
9,3,8,946,3.45725931675,3.24912102704,-0.726750645654,-0.109431236916
10,3,16,946,3.45524835975,3.27748657696,-0.72876160265,-0.0810656869941
11,3,32,946,3.5738947858,3.25430654152,-0.610115176604,-0.104245722435
0,1,4,947,3.48171199847,3.10220951666,0.00618336375199,-0.00247653647928
1,1,8,947,3.48027062616,3.11613529363,0.00474199143606,0.0114492404857
2,1,16,947,3.4781167544,3.11460568355,0.00258811968308,0.00991963040335
3,1,32,947,3.47552863472,3.10468605314,0,0
4,2,4,947,2.59468400733,3.05739203261,-0.880844627394,-0.0472940205362
5,2,8,947,2.59439758088,3.03026731911,-0.881131053837,-0.0744187340296
6,2,16,947,2.59689970769,3.03645497232,-0.878628927029,-0.0682310808208
7,2,32,947,2.60318656677,3.04021306347,-0.872342067949,-0.0644729896737
8,3,4,947,2.42888906384,3.03463528873,-1.04663957088,-0.0700507644159
9,3,8,947,2.42799471179,3.02197739254,-1.04753392293,-0.0827086606039
10,3,16,947,2.43100409637,3.04983885961,-1.04452453835,-0.0548471935346
11,3,32,947,2.43845710195,3.01545093787,-1.03707153277,-0.0892351152735
0,1,4,948,4.49720632269,3.11769355234,0.00157130701474,-0.034233680012
1,1,8,948,4.49678270637,3.15864533287,0.00114769069517,0.00671810051641
2,1,16,948,4.49619931166,3.14188590789,0.00056429598091,-0.0100413244576
3,1,32,948,4.49563501568,3.15192723235,0,0
4,2,4,948,3.7059914469,2.97026793084,-0.78964356878,-0.181659301509
5,2,8,948,3.70062644721,2.96277385884,-0.795008568472,-0.18915337351
6,2,16,948,3.69359707511,3.00622481831,-0.802037940574,-0.145702414042
7,2,32,948,3.68635733529,3.01732979735,-0.809277680393,-0.134597434999
8,3,4,948,3.44274275474,2.95929344127,-1.05289226094,-0.192633791078
9,3,8,948,3.44317840548,2.9501969505,-1.0524566102,-0.201730281849
10,3,16,948,3.44675142509,3.00829670644,-1.04888359059,-0.143630525906
11,3,32,948,3.73037910627,3.01017099762,-0.765255909411,-0.141756234724
0,1,4,949,4.00923804563,3.13654623308,0.00252451172219,-0.0132384392291
1,1,8,949,4.00861778948,3.16327740955,0.00190425557272,0.0134927372382
2,1,16,949,4.00771865628,3.1581129248,0.00100512237798,0.00832825248895
3,1,32,949,4.00671353391,3.14978467231,0,0
4,2,4,949,3.20655639749,3.02409697124,-0.800157136414,-0.125687701069
5,2,8,949,3.20791150656,2.9961017309,-0.798802027343,-0.15368294141
6,2,16,949,3.2094995188,3.04791007015,-0.797214015107,-0.101874602162
7,2,32,949,3.2113574579,3.04338947998,-0.795356076008,-0.106395192328
8,3,4,949,3.01414568537,2.98324929507,-0.992567848536,-0.166535377242
9,3,8,949,3.01756331107,2.98866759699,-0.989150222837,-0.161117075317
10,3,16,949,3.02363451149,3.04134418089,-0.983079022417,-0.108440491421
11,3,32,949,3.15881781931,3.04084399685,-0.847895714596,-0.108940675462
0,1,4,950,4.585963007,3.34627646154,0.00530561092856,-0.0310305599988
1,1,8,950,4.58504732387,3.38572291627,0.00438992779616,0.00841589473236
2,1,16,950,4.58339079918,3.37171853536,0.00273340310832,-0.0055884861692
3,1,32,950,4.58065739607,3.37730702153,0,0
4,2,4,950,4.13748813497,3.35577478955,-0.443169261099,-0.0215322319836
5,2,8,950,4.12516439929,3.31474099411,-0.455492996785,-0.0625660274232
6,2,16,950,4.10996639832,3.34867999908,-0.470690997754,-0.0286270224573
7,2,32,950,4.09391513588,3.3143056548,-0.486742260187,-0.0630013667322
8,3,4,950,3.89874729589,3.3277413015,-0.681910100176,-0.0495657200328
9,3,8,950,3.87442772964,3.28946217391,-0.706229666427,-0.0878448476229
10,3,16,950,3.87048418588,3.31199215269,-0.710173210193,-0.0653148688442
11,3,32,950,4.2149728435,3.28582137665,-0.365684552568,-0.0914856448864
0,1,4,951,4.30787895363,3.3387845422,0.00629514512024,-0.0374282804905
1,1,8,951,4.30675007111,3.37843525196,0.0051662625968,0.00222242926577
2,1,16,951,4.30475920391,3.36763316006,0.00317539540158,-0.00857966262648
3,1,32,951,4.30158380851,3.37621282269,0,0
4,2,4,951,3.77858187448,3.33775997612,-0.523001934031,-0.0384528465694
5,2,8,951,3.76963806231,3.31014489918,-0.531945746197,-0.0660679235086
6,2,16,951,3.75821226285,3.33181222551,-0.54337154566,-0.0444005971823
7,2,32,951,3.74592091097,3.30977570705,-0.555662897539,-0.0664371156415
8,3,4,951,3.57504525856,3.32288242781,-0.726538549952,-0.0533303948836
9,3,8,951,3.5522059909,3.28625301603,-0.749377817612,-0.089959806656
10,3,16,951,3.54919084073,3.3126261764,-0.752392967779,-0.0635866462858
11,3,32,951,3.77345035808,3.27218934698,-0.528133450428,-0.104023475709
0,1,4,952,3.77145912518,3.21716950037,0.00439419206736,-0.0045119199337
1,1,8,952,3.7706892356,3.22758863919,0.0036243024911,0.00590721888492
2,1,16,952,3.76931660877,3.22433551289,0.00225167566012,0.00265409258425
3,1,32,952,3.76706493311,3.22168142031,0,0
4,2,4,952,3.12278943903,3.28052188751,-0.644275494076,0.0588404672062
5,2,8,952,3.12092769541,3.24754307088,-0.646137237703,0.0258616505716
6,2,16,952,3.11846274654,3.25051969682,-0.648602186572,0.0288382765124
7,2,32,952,3.11630219556,3.20325369839,-0.650762737545,-0.0184277219202
8,3,4,952,3.0043185893,3.20640472701,-0.762746343807,-0.0152766932979
9,3,8,952,2.98349583829,3.1771119552,-0.78356909482,-0.0445694651085
10,3,16,952,2.97995563658,3.16395242584,-0.787109296527,-0.0577289944653
11,3,32,952,2.97769803147,3.15047104226,-0.789366901639,-0.0712103780472
0,1,4,953,4.72119603084,3.18845321147,0.00738677253844,0.00238035435969
1,1,8,953,4.71975777026,3.20484015907,0.00594851195578,0.0187673019556
2,1,16,953,4.71735394278,3.18019447072,0.00354468448195,-0.00587838639695
3,1,32,953,4.7138092583,3.18607285711,0,0
4,2,4,953,4.3247816235,3.24720816114,-0.389027634805,0.0611353040267
5,2,8,953,4.30273641407,3.208161445,-0.41107284423,0.0220885878898
6,2,16,953,4.27855516118,3.21811878172,-0.435254097119,0.032045924608
7,2,32,953,4.25645686999,3.16321359072,-0.457352388309,-0.0228592663966
8,3,4,953,4.06191203942,3.23735902437,-0.651897218884,0.0512861672582
9,3,8,953,4.03057689227,3.16271128444,-0.683232366028,-0.0233615726712
10,3,16,953,4.02115364584,3.16709725867,-0.692655612465,-0.0189755984437
11,3,32,953,4.47033727833,3.13374072148,-0.243471979967,-0.0523321356354
0,1,4,954,3.87222412953,3.29598789745,0.00862277325241,-0.0160563475596
1,1,8,954,3.87063690868,3.33155268219,0.00703555240043,0.0195084371874
2,1,16,954,3.86788588332,3.30748747552,0.00428452703677,-0.00455676948578
3,1,32,954,3.86360135628,3.31204424501,0,0
4,2,4,954,3.19313248324,3.2759022156,-0.670468873041,-0.0361420294115
5,2,8,954,3.19374889998,3.27429633934,-0.669852456299,-0.037747905667
6,2,16,954,3.19154305965,3.28551735877,-0.672058296634,-0.0265268862341
7,2,32,954,3.18622629556,3.26449522509,-0.677375060717,-0.0475490199148
8,3,4,954,3.10475999245,3.25537878604,-0.75884136383,-0.0566654589669
9,3,8,954,3.0854886977,3.22294357526,-0.778112658578,-0.0891006697437
10,3,16,954,3.0839373628,3.24970525061,-0.779663993477,-0.0623389943992
11,3,32,954,3.07641607562,3.21938677984,-0.787185280659,-0.0926574651705
0,1,4,955,3.75239327352,3.49153527817,0.0153116032967,-0.0102817737318
1,1,8,955,3.74965825695,3.53296861049,0.0125765867234,0.0311515585856
2,1,16,955,3.74482501047,3.51128902619,0.00774334024812,0.00947197428377
3,1,32,955,3.73708167022,3.5018170519,0,0
4,2,4,955,3.25050824954,3.63861352316,-0.486573420684,0.136796471253
5,2,8,955,3.24642072679,3.60780506781,-0.490660943437,0.105988015904
6,2,16,955,3.23900723679,3.59336549075,-0.498074433433,0.0915484388444
7,2,32,955,3.22825241948,3.53652406376,-0.50882925074,0.0347070118618
8,3,4,955,3.13587494243,3.60869337641,-0.601206727789,0.10687632451
9,3,8,955,3.09471001283,3.55171505035,-0.642371657396,0.0498979984513
10,3,16,955,3.08496308775,3.52809137733,-0.652118582469,0.0262743254231
11,3,32,955,3.07054442647,3.47003398752,-0.666537243748,-0.0317830643847
0,1,4,956,3.66229532034,3.29655507802,0.014137100974,0.00845608933449
1,1,8,956,3.65955718114,3.32491411605,0.0113989617682,0.036815127364
2,1,16,956,3.65496548884,3.27672185423,0.00680726946973,-0.0113771344602
3,1,32,956,3.64815821937,3.28809898869,0,0
4,2,4,956,2.97716086986,3.374042634,-0.670997349509,0.0859436453162
5,2,8,956,2.96931035465,3.37976389563,-0.678847864713,0.0916649069432
6,2,16,956,2.95986047689,3.3266189264,-0.688297742478,0.0385199377101
7,2,32,956,2.95050619694,3.31064566192,-0.697652022429,0.0225466732293
8,3,4,956,2.91775041401,3.37942251415,-0.730407805358,0.0913235254666
9,3,8,956,2.88522852158,3.30197913647,-0.762929697791,0.0138801477801
10,3,16,956,2.87554217921,3.28855232952,-0.772616040153,0.000453340831765
11,3,32,956,2.86432250987,3.23296591881,-0.783835709497,-0.0551330698829
0,1,4,957,4.10253764161,3.37084740114,0.0169630912811,-0.00256264901635
1,1,8,957,4.09941799897,3.40972923665,0.0138434486426,0.0363191864929
2,1,16,957,4.09400793793,3.37265683118,0.00843338760686,-0.00075321896949
3,1,32,957,4.08557455033,3.37341005015,0,0
4,2,4,957,3.6107124238,3.49667352748,-0.47486212653,0.123263477329
5,2,8,957,3.59945904286,3.49080926165,-0.486115507472,0.117399211494
6,2,16,957,3.58346514938,3.46471236373,-0.502109400951,0.0913023135716
7,2,32,957,3.56418248029,3.40577454638,-0.521392070037,0.0323644962212
8,3,4,957,3.45524404268,3.50646727596,-0.63033050765,0.133057225806
9,3,8,957,3.40999748517,3.42187515186,-0.675577065157,0.0484651017018
10,3,16,957,3.39677658162,3.40399995256,-0.688797968705,0.0305899024025
11,3,32,957,3.49324364049,3.34168300215,-0.592330909835,-0.0317270480026
0,1,4,958,4.05163057466,3.10643513943,-0.00135893778772,-0.00565784979658
1,1,8,958,4.05181221434,3.11970630808,-0.00117729810561,0.00761331884969
2,1,16,958,4.05220676598,3.11604474296,-0.000782746470658,0.00395175373439
3,1,32,958,4.05298951245,3.11209298923,0,0
4,2,4,958,3.30085479196,3.00755984085,-0.752134720483,-0.104533148375
5,2,8,958,3.30224779791,2.97312916081,-0.750741714536,-0.138963828419
6,2,16,958,3.30409414506,3.0277801976,-0.748895367382,-0.0843127916298
7,2,32,958,3.30667563052,3.01110861932,-0.746313881931,-0.100984369909
8,3,4,958,3.15103091198,2.93341908135,-0.901958600462,-0.178673907874
9,3,8,958,3.15433716392,2.94028935947,-0.898652348523,-0.171803629762
10,3,16,958,3.16041895024,2.98369619065,-0.892570562203,-0.128396798581
11,3,32,958,3.29640947282,3.0025324523,-0.756580039626,-0.109560536926
0,1,4,959,4.11092176183,3.42724502659,0.0114689599073,-0.014370251026
1,1,8,959,4.10895492121,3.46370427368,0.00950211929304,0.0220889960623
2,1,16,959,4.10538494648,3.4437617077,0.00593214456044,0.00214643008059
3,1,32,959,4.09945280192,3.44161527762,0,0
4,2,4,959,3.66716494909,3.54834201999,-0.432287852832,0.106726742375
5,2,8,959,3.65995636466,3.51829312543,-0.439496437257,0.0766778478137
6,2,16,959,3.6486097587,3.5184588952,-0.45084304322,0.076843617587
7,2,32,959,3.63385054946,3.454089371,-0.465602252455,0.0124740933805
8,3,4,959,3.52249439671,3.50925779524,-0.576958405214,0.0676425176224
9,3,8,959,3.48259845723,3.45235031809,-0.616854344693,0.0107350404736
10,3,16,959,3.47306421982,3.43495771994,-0.626388582095,-0.00665755768126
11,3,32,959,3.56718153624,3.39456164694,-0.532271265676,-0.0470536306736
0,1,4,960,3.79508249374,3.42110950338,0.0138904102776,-0.00914937786343
1,1,8,960,3.79262928339,3.45136853089,0.011437199932,0.0211096496421
2,1,16,960,3.78826413304,3.42447981585,0.00707204958136,-0.00577906540223
3,1,32,960,3.78119208346,3.43025888125,0,0
4,2,4,960,3.29743487375,3.60245052418,-0.483757209716,0.172191642933
5,2,8,960,3.28854681233,3.58532397137,-0.492645271134,0.15506509012
6,2,16,960,3.27627525445,3.53923302689,-0.504916829009,0.108974145638
7,2,32,960,3.26217940462,3.48106764061,-0.519012678844,0.050808759361
8,3,4,960,3.19812354105,3.57384663503,-0.583068542417,0.143587753784
9,3,8,960,3.15059711582,3.49491682729,-0.630594967645,0.0646579460383
10,3,16,960,3.13673656671,3.44961039454,-0.644455516756,0.0193515132934
11,3,32,960,3.11989626633,3.39084831772,-0.661295817137,-0.0394105635246
0,1,4,961,4.50827514143,3.05416405421,0.00174829736949,-0.0139635719259
1,1,8,961,4.50775145861,3.06940716044,0.00122461454873,0.00127953430911
2,1,16,961,4.5070710482,3.05645211178,0.000544204136101,-0.0116755143573
3,1,32,961,4.50652684407,3.06812762613,0,0
4,2,4,961,3.8708372989,2.96180805608,-0.635689545168,-0.106319570056
5,2,8,961,3.85684680049,2.93874940559,-0.649680043571,-0.129378220545
6,2,16,961,3.84283909496,2.97060420759,-0.663687749103,-0.0975234185464
7,2,32,961,3.83222616077,2.9633381966,-0.674300683296,-0.104789429534
8,3,4,961,3.62249402494,2.95938938637,-0.884032819125,-0.108738239769
9,3,8,961,3.61600639362,2.92353916368,-0.890520450444,-0.144588462457
10,3,16,961,3.61654481512,2.9747841922,-0.88998202894,-0.0933434339328
11,3,32,961,3.99054247444,2.95347880889,-0.51598436963,-0.114648817244
0,1,4,962,3.84759185064,3.14621519814,0.00636680730363,0.0104680010549
1,1,8,962,3.84611630988,3.16747686495,0.00489126653813,0.0317296678655
2,1,16,962,3.84390061147,3.1381672756,0.00267556813709,0.00242007851868
3,1,32,962,3.84122504334,3.13574719709,0,0
4,2,4,962,3.04598809002,3.0773465918,-0.795236953313,-0.0584006052805
5,2,8,962,3.04087709396,3.05262187926,-0.800347949376,-0.0831253178275
6,2,16,962,3.03756360916,3.06245878915,-0.803661434177,-0.0732884079314
7,2,32,962,3.03750343041,3.0727595622,-0.80372161293,-0.0629876348893
8,3,4,962,2.89981340304,3.06152975791,-0.9414116403,-0.0742174391711
9,3,8,962,2.89738829252,3.03551548621,-0.943836750815,-0.100231710874
10,3,16,962,2.89927189541,3.0728542389,-0.941953147924,-0.0628929581899
11,3,32,962,3.06551211914,3.05263438209,-0.775712924202,-0.0831128149935
0,1,4,963,4.12591733526,3.30933684214,0.00623955303229,-0.0306281354764
1,1,8,963,4.12481394792,3.34768290799,0.00513616569129,0.00771793036614
2,1,16,963,4.12285174552,3.33755002867,0.00317396329173,-0.00241494895189
3,1,32,963,4.11967778223,3.33996497762,0,0
4,2,4,963,3.50320762905,3.30701009864,-0.616470153176,-0.0329548789774
5,2,8,963,3.49996851924,3.28502205752,-0.619709262981,-0.0549429201022
6,2,16,963,3.49410644405,3.30717675321,-0.62557133818,-0.0327882244124
7,2,32,963,3.4861686185,3.28005581832,-0.633509163729,-0.0599091593055
8,3,4,963,3.32338366053,3.27315560227,-0.796294121698,-0.0668093753519
9,3,8,963,3.30360817694,3.24748904748,-0.816069605282,-0.0924759301394
10,3,16,963,3.30155031299,3.26594710701,-0.818127469239,-0.0740178706141
11,3,32,963,3.41373642497,3.24148552611,-0.705941357261,-0.0984794515094
0,1,4,964,4.4522309969,3.132945061,-0.00377672705943,-0.0186643138974
1,1,8,964,4.45291841376,3.15192650694,-0.00308931019237,0.000317132039574
2,1,16,964,4.45411929932,3.13767667725,-0.00188842463867,-0.0139326976531
3,1,32,964,4.45600772395,3.1516093749,0,0
4,2,4,964,3.79996115346,3.00607845878,-0.656046570492,-0.145530916127
5,2,8,964,3.79535940589,2.97867767849,-0.660648318062,-0.172931696414
6,2,16,964,3.7901122968,3.03399433397,-0.665895427158,-0.117615040928
7,2,32,964,3.78567338832,3.02839845306,-0.670334335638,-0.123210921847
8,3,4,964,3.64318535476,2.94498000592,-0.812822369191,-0.206629368984
9,3,8,964,3.64388187303,2.94017871504,-0.812125850928,-0.21143065986
10,3,16,964,3.6489784291,2.99495516976,-0.80702929486,-0.156654205147
11,3,32,964,3.93095381763,3.01546364993,-0.525053906328,-0.136145724969
0,1,4,965,3.88711636559,3.23547553984,0.00925688126069,-0.00720446621208
1,1,8,965,3.88538486161,3.26515397283,0.0075253772812,0.0224739667781
2,1,16,965,3.88241667852,3.23306191191,0.00455719419806,-0.00961809414852
3,1,32,965,3.87785948433,3.24268000606,0,0
4,2,4,965,3.17710202255,3.24850638409,-0.700757461774,0.00582637803333
5,2,8,965,3.17442452693,3.25616322509,-0.703434957395,0.0134832190306
6,2,16,965,3.16888555102,3.24210510368,-0.708973933302,-0.000574902375787
7,2,32,965,3.16117028992,3.21751445228,-0.716689194401,-0.0251655537725
8,3,4,965,3.0823487651,3.23015568781,-0.795510719228,-0.0125243182446
9,3,8,965,3.05847262353,3.18076045948,-0.819386860794,-0.0619195465706
10,3,16,965,3.05323156173,3.18610891787,-0.824627922592,-0.0565710881855
11,3,32,965,3.0446848569,3.1588536263,-0.833174627421,-0.0838263797514
0,1,4,966,4.72475265902,3.13538208035,-0.00335097468853,-0.0209369967632
1,1,8,966,4.72531905776,3.15532106492,-0.00278457594736,-0.000998012200813
2,1,16,966,4.72635868677,3.13724222829,-0.00174494693645,-0.0190768488258
3,1,32,966,4.72810363371,3.15631907712,0,0
4,2,4,966,4.14096710013,3.05451109479,-0.587136533584,-0.101807982326
5,2,8,966,4.12645802835,3.0155704507,-0.601645605364,-0.140748626412
6,2,16,966,4.11178838229,3.05170796984,-0.616315251423,-0.10461110728
7,2,32,966,4.1005300269,3.04728603967,-0.627573606815,-0.109033037447
8,3,4,966,3.90295115633,3.00520113005,-0.825152477378,-0.151117947064
9,3,8,966,3.89695097076,2.98004929777,-0.831152662946,-0.176269779348
10,3,16,966,3.8975213211,3.01550716771,-0.830582312609,-0.140811909403
11,3,32,966,4.34732531103,3.02807909769,-0.380778322683,-0.128239979425
0,1,4,967,3.97737290835,3.30411060229,0.0156059450026,-0.00438081543261
1,1,8,967,3.97445452033,3.33016037716,0.0126875569781,0.0216689594356
2,1,16,967,3.96945006193,3.30732670366,0.00768309857454,-0.00116471406093
3,1,32,967,3.96176696335,3.30849141772,0,0
4,2,4,967,3.46970349899,3.45261714141,-0.492063464362,0.144125723686
5,2,8,967,3.4561448637,3.43893464521,-0.505622099656,0.130443227489
6,2,16,967,3.4394796116,3.40231943005,-0.522287351749,0.093828012325
7,2,32,967,3.42218677496,3.34291238224,-0.539580188395,0.0344209645182
8,3,4,967,3.29058230567,3.46116540553,-0.671184657681,0.152673987803
9,3,8,967,3.24596320649,3.37444441535,-0.715803756861,0.0659529976302
10,3,16,967,3.23233061,3.34753552472,-0.729436353347,0.0390441069958
11,3,32,967,3.32099824451,3.27460566668,-0.640768718842,-0.0338857510459
0,1,4,968,3.87629725145,3.21535419705,-0.00159587811169,-0.0293241430068
1,1,8,968,3.87652350596,3.23355503728,-0.0013696236068,-0.0111233027804
2,1,16,968,3.87699426307,3.2406739849,-0.000898866492786,-0.00400435515123
3,1,32,968,3.87789312956,3.24467834006,0,0
4,2,4,968,3.15993125396,3.15362167207,-0.717961875605,-0.0910566679878
5,2,8,968,3.1579742677,3.10547671766,-0.719918861868,-0.139201622399
6,2,16,968,3.15815564706,3.13871103769,-0.7197374825,-0.105967302364
7,2,32,968,3.16179172747,3.14373523406,-0.716101402097,-0.100943105991
8,3,4,968,3.00021827059,3.08938848792,-0.877674858974,-0.155289852141
9,3,8,968,3.00004227339,3.09317425036,-0.877850856175,-0.1515040897
10,3,16,968,3.00529746219,3.12824563381,-0.87259566737,-0.116432706242
11,3,32,968,3.14662466533,3.11645007948,-0.731268464235,-0.128228260576
0,1,4,969,4.8321942681,3.28285075994,0.00715049521326,-0.0194381697143
1,1,8,969,4.83084943851,3.31359160686,0.00580566562757,0.0113026772069
2,1,16,969,4.82854841583,3.28247343772,0.00350464294971,-0.0198154919364
3,1,32,969,4.82504377289,3.30228892965,0,0
4,2,4,969,4.47762223476,3.30452048187,-0.347421538126,0.00223155221364
5,2,8,969,4.45481121419,3.27682379737,-0.370232558694,-0.0254651322803
6,2,16,969,4.4289261529,3.28686034049,-0.396117619981,-0.0154285891595
7,2,32,969,4.40418500384,3.25407578138,-0.420858769049,-0.0482131482762
8,3,4,969,4.23796785924,3.31756107353,-0.587075913646,0.0152721438795
9,3,8,969,4.20564362246,3.24090428199,-0.619400150426,-0.0613846476659
10,3,16,969,4.19714578342,3.26489243892,-0.627897989461,-0.0373964907297
11,3,32,969,4.67537569956,3.21779013249,-0.149668073326,-0.0844987971662
0,1,4,970,3.92891432074,3.34238834888,-0.00145726502945,-0.0394478364873
1,1,8,970,3.92915868117,3.37650148999,-0.00121290459904,-0.00533469537774
2,1,16,970,3.92960680071,3.36986667233,-0.000764785053567,-0.0119695130336
3,1,32,970,3.93037158576,3.38183618537,0,0
4,2,4,970,3.26196729208,3.21044270508,-0.668404293686,-0.171393480285
5,2,8,970,3.26319350389,3.17122819468,-0.667178081876,-0.210607990687
6,2,16,970,3.26559116539,3.22317832222,-0.664780420371,-0.158657863145
7,2,32,970,3.26926987862,3.25130542847,-0.661101707146,-0.130530756903
8,3,4,970,3.17761793434,3.16285565145,-0.752753651429,-0.218980533914
9,3,8,970,3.18116366973,3.17460851939,-0.749207916033,-0.207227665977
10,3,16,970,3.19032869829,3.24703192789,-0.740042887477,-0.134804257479
11,3,32,970,3.34246893483,3.229453658,-0.587902650934,-0.152382527364
0,1,4,971,4.06320667088,3.47494067309,0.0182407817861,0.00330885275502
1,1,8,971,4.05999268865,3.50910891664,0.0150267995637,0.0374770963008
2,1,16,971,4.05426292731,3.4800509686,0.00929703822321,0.00841914826389
3,1,32,971,4.04496588909,3.47163182034,0,0
4,2,4,971,3.71848582797,3.71725385061,-0.32648006112,0.245622030273
5,2,8,971,3.70570458611,3.68613930702,-0.339261302979,0.21450748668
6,2,16,971,3.68772511535,3.65291089542,-0.357240773734,0.181279075079
7,2,32,971,3.66600226356,3.55688070966,-0.378963625528,0.0852488893226
8,3,4,971,3.56331428756,3.69148531526,-0.481651601533,0.219853494919
9,3,8,971,3.5044588604,3.59813954606,-0.540507028687,0.12650772572
10,3,16,971,3.48649445449,3.54131430268,-0.558471434598,0.0696824823413
11,3,32,971,3.56449000728,3.47824105822,-0.480475881806,0.00660923787904
0,1,4,972,4.3313695645,3.23649497509,0.0043598788778,-0.0179301993486
1,1,8,972,4.33060367493,3.25642603707,0.00359398930576,0.00200086262643
2,1,16,972,4.32923620168,3.24058370947,0.00222651606016,-0.0138414649665
3,1,32,972,4.32700968562,3.25442517444,0,0
4,2,4,972,3.83050386656,3.25175439193,-0.49650581906,-0.00267078250965
5,2,8,972,3.81944763525,3.22912545047,-0.507562050375,-0.0252997239683
6,2,16,972,3.80614028979,3.24167080559,-0.520869395831,-0.0127543688495
7,2,32,972,3.79296358266,3.20501858345,-0.53404610296,-0.0494065909906
8,3,4,972,3.67141579841,3.22289032295,-0.655593887213,-0.0315348514912
9,3,8,972,3.64671443296,3.17326802933,-0.680295252669,-0.0811571451122
10,3,16,972,3.6420361944,3.18947099499,-0.684973491224,-0.0649541794456
11,3,32,972,3.86402543337,3.16069246519,-0.462984252251,-0.0937327092514
0,1,4,973,4.03000347671,3.55093139023,0.0197151022136,-0.0160363036906
1,1,8,973,4.02659033818,3.60627562943,0.0163019636782,0.0393079355075
2,1,16,973,4.02043239755,3.56793570197,0.0101440230549,0.000968008048401
3,1,32,973,4.0102883745,3.56696769392,0,0
4,2,4,973,3.60763762692,3.75101120255,-0.402650747575,0.18404350863
5,2,8,973,3.60069820363,3.74714534355,-0.40959017087,0.180177649628
6,2,16,973,3.58640121282,3.71266723925,-0.42388716168,0.145699545322
7,2,32,973,3.56477332017,3.63330682335,-0.445515054332,0.0663391294222
8,3,4,973,3.48464228642,3.74021776418,-0.525646088074,0.173250070256
9,3,8,973,3.42596073026,3.65376696759,-0.584327644238,0.086799273664
10,3,16,973,3.40905382023,3.60863922748,-0.60123455427,0.0416715335577
11,3,32,973,3.38343229764,3.54621876139,-0.626856076857,-0.0207489325306
0,1,4,974,3.6470268842,3.19511950778,0.0103093808126,-0.0123965266504
1,1,8,974,3.64497950268,3.21218601394,0.00826199929221,0.0046699795119
2,1,16,974,3.64160215285,3.20359222671,0.00488464945958,-0.00392380772304
3,1,32,974,3.63671750339,3.20751603443,0,0
4,2,4,974,2.95162515771,3.23975255831,-0.685092345682,0.0322365238835
5,2,8,974,2.9452190168,3.23037772045,-0.691498486584,0.0228616860195
6,2,16,974,2.93849338515,3.20809415223,-0.698224118233,0.000578117797376
7,2,32,974,2.93332549444,3.18513000781,-0.703392008944,-0.0223860266186
8,3,4,974,2.81051476012,3.24229883787,-0.826202743267,0.0347828034438
9,3,8,974,2.78651708614,3.18882873447,-0.850200417246,-0.018687299955
10,3,16,974,2.78134017298,3.19438044962,-0.855377330406,-0.0131355848067
11,3,32,974,2.77505456809,3.12906825967,-0.861662935303,-0.0784477747612
0,1,4,975,4.60457229803,3.09116422765,-0.000911083889222,-0.0395975860027
1,1,8,975,4.6046502894,3.12908565951,-0.000833092522124,-0.00167615414487
2,1,16,975,4.60488731807,3.10729431325,-0.000596063849948,-0.0234675004046
3,1,32,975,4.60548338192,3.13076181366,0,0
4,2,4,975,3.81271178961,2.94901136916,-0.792771592305,-0.181750444494
5,2,8,975,3.80458892355,2.94995052055,-0.800894458367,-0.180811293105
6,2,16,975,3.7946137394,2.97715533652,-0.810869642523,-0.153606477137
7,2,32,975,3.78520591472,2.99436240604,-0.820277467199,-0.136399407616
8,3,4,975,3.55844129667,2.93240637665,-1.04704208525,-0.198355437009
9,3,8,975,3.55682638201,2.91475402643,-1.04865699991,-0.216007787231
10,3,16,975,3.55862722484,2.96196697814,-1.04685615708,-0.168794835515
11,3,32,975,3.86473639593,2.97187870417,-0.740746985985,-0.158883109483
0,1,4,976,3.77371306584,3.3206828298,0.0105416881973,-0.00432118676844
1,1,8,976,3.77174819331,3.35505281144,0.00857681566146,0.030048794871
2,1,16,976,3.76837260469,3.32253980948,0.00520122704246,-0.00246420708854
3,1,32,976,3.76317137765,3.32500401657,0,0
4,2,4,976,3.07482994361,3.38201369564,-0.688341434032,0.0570096790648
5,2,8,976,3.07186784132,3.37155935945,-0.691303536326,0.0465553428825
6,2,16,976,3.06687433776,3.34909313405,-0.696297039886,0.0240891174833
7,2,32,976,3.0604527913,3.32383910815,-0.702718586348,-0.00116490842181
8,3,4,976,2.97034892269,3.34854177065,-0.792822454956,0.0235377540817
9,3,8,976,2.94376377254,3.3008800953,-0.819407605106,-0.0241239212669
10,3,16,976,2.93721401763,3.2873378638,-0.825957360021,-0.0376661527738
11,3,32,976,2.9300027232,3.25961263054,-0.833168654444,-0.0653913860348
0,1,4,977,4.59172029762,3.38972358494,0.00925671080797,-0.0209912528178
1,1,8,977,4.59000274953,3.43473414919,0.00753916272364,0.0240193114373
2,1,16,977,4.58703984692,3.40656746618,0.00457626010747,-0.00414737157088
3,1,32,977,4.58246358681,3.41071483775,0,0
4,2,4,977,4.15533495641,3.44582458178,-0.427128630401,0.0351097440248
5,2,8,977,4.13815325213,3.40227470565,-0.444310334677,-0.00844013210912
6,2,16,977,4.11833101892,3.41213912428,-0.464132567889,0.00142428652714
7,2,32,977,4.09867130295,3.38061002307,-0.48379228386,-0.030104814683
8,3,4,977,3.89566918285,3.4345432352,-0.686794403956,0.0238283974451
9,3,8,977,3.86458994391,3.37663177727,-0.717873642896,-0.0340830604882
10,3,16,977,3.85658611155,3.38159478344,-0.725877475258,-0.0291200543167
11,3,32,977,4.25276065338,3.34383422192,-0.329702933425,-0.0668806158363
0,1,4,978,4.15658188154,3.44736710215,0.0222935212918,0.00585645240117
1,1,8,978,4.15255793661,3.49005195481,0.0182695763616,0.0485413050596
2,1,16,978,4.14549506598,3.44454754118,0.0112067057398,0.00303689142584
3,1,32,978,4.13428836024,3.44151064975,0,0
4,2,4,978,3.76944506441,3.68245093927,-0.364843295831,0.240940289515
5,2,8,978,3.75429518374,3.67739421029,-0.379993176503,0.235883560539
6,2,16,978,3.73245040961,3.62604786322,-0.401837950633,0.184537213468
7,2,32,978,3.70567276029,3.53508233049,-0.428615599952,0.09357168074
8,3,4,978,3.60098227765,3.69479297215,-0.533306082596,0.2532823224
9,3,8,978,3.53723414634,3.58128172412,-0.597054213901,0.13977107437
10,3,16,978,3.51621456596,3.52515500618,-0.618073794286,0.0836443564258
11,3,32,978,3.59665929922,3.45130945413,-0.537629061026,0.00979880438175
0,1,4,979,3.64497111656,3.19222867579,0.000913816928605,-0.0197286344961
1,1,8,979,3.64468925987,3.21464545399,0.000631960244233,0.00268814369753
2,1,16,979,3.6443305732,3.21485371577,0.00027327357414,0.00289640548233
3,1,32,979,3.64405729963,3.21195731029,0,0
4,2,4,979,2.81206353087,3.09499633596,-0.831993768761,-0.116960974329
5,2,8,979,2.81723858798,3.0646885339,-0.826818711649,-0.147268776388
6,2,16,979,2.82398659034,3.10209730004,-0.820070709291,-0.109860010252
7,2,32,979,2.83198915217,3.11057456811,-0.812068147463,-0.101382742183
8,3,4,979,2.69749838909,3.03791252208,-0.946558910543,-0.174044788208
9,3,8,979,2.70201418969,3.05032206176,-0.942043109941,-0.161635248529
10,3,16,979,2.70942747837,3.09661215767,-0.934629821263,-0.115345152623
11,3,32,979,2.71726543937,3.08911655842,-0.926791860264,-0.122840751866
0,1,4,980,3.80292606115,3.35661603969,0.0208539543796,0.004172758821
1,1,8,980,3.79909694017,3.38336040603,0.0170248333962,0.0309171251592
2,1,16,980,3.79245386715,3.35582001424,0.010381760378,0.0033767333709
3,1,32,980,3.78207210677,3.35244328087,0,0
4,2,4,980,3.32382051707,3.6104137493,-0.4582515897,0.257970468432
5,2,8,980,3.3097084726,3.60295230657,-0.472363634168,0.250509025703
6,2,16,980,3.29116065974,3.53421822452,-0.490911447035,0.181774943654
7,2,32,980,3.2705654908,3.44840295851,-0.51150661597,0.0959596776478
8,3,4,980,3.15723989468,3.61851439322,-0.624832212093,0.266071112357
9,3,8,980,3.09687570902,3.50846516458,-0.685196397753,0.156021883716
10,3,16,980,3.07648501997,3.44141869047,-0.705587086799,0.0889754096077
11,3,32,980,3.0540012981,3.35549568791,-0.728070808673,0.00305240704425
0,1,4,981,4.44343776735,3.43030890324,0.0161511839893,-0.00799077691872
1,1,8,981,4.44054250373,3.47702962992,0.0132559203654,0.0387299497612
2,1,16,981,4.43543687323,3.43332236509,0.00815028986302,-0.00497731506587
3,1,32,981,4.42728658337,3.43829968015,0,0
4,2,4,981,4.042659637,3.58358860276,-0.384626946361,0.145288922604
5,2,8,981,4.02625149852,3.56815106185,-0.401035084847,0.129851381699
6,2,16,981,4.00415803182,3.54116753703,-0.423128551547,0.102867856875
7,2,32,981,3.97863626759,3.47664869538,-0.448650315777,0.0383490152261
8,3,4,981,3.84115425475,3.58418484646,-0.586132328614,0.14588516631
9,3,8,981,3.79016743856,3.4919037931,-0.637119144807,0.0536041129486
10,3,16,981,3.77408861785,3.46059097035,-0.653197965513,0.0222912901957
11,3,32,981,4.00323624406,3.40898348684,-0.424050339307,-0.0293161933123
0,1,4,982,4.10374041024,3.14971714279,0.0082857402302,-0.0199836226164
1,1,8,982,4.10213066562,3.17368975682,0.00667599560953,0.00398899140777
2,1,16,982,4.09943853358,3.15778852697,0.00398386356813,-0.0119122384394
3,1,32,982,4.09545467001,3.16970076541,0,0
4,2,4,982,3.42497752813,3.16693278036,-0.670477141883,-0.00276798505406
5,2,8,982,3.41553305635,3.1689968481,-0.679921613666,-0.000703917309219
6,2,16,982,3.40375067132,3.15510860376,-0.691703998694,-0.014592161645
7,2,32,982,3.39203627019,3.127643006,-0.703418399826,-0.0420577594132
8,3,4,982,3.22765114487,3.16927683281,-0.867803525139,-0.00042393259543
9,3,8,982,3.20279889653,3.11245319541,-0.892655773485,-0.0572475700027
10,3,16,982,3.19627913969,3.11878324304,-0.899175530321,-0.0509175223679
11,3,32,982,3.30286561821,3.07609693131,-0.792589051798,-0.0936038340953
0,1,4,983,4.1744893583,3.31864260494,0.00552198148599,0.0032688982464
1,1,8,983,4.17357660371,3.34298478176,0.00460922689731,0.0276110750581
2,1,16,983,4.17188053085,3.30620336903,0.00291315403046,-0.00917033766731
3,1,32,983,4.16896737681,3.3153737067,0,0
4,2,4,983,3.63723084456,3.38369709954,-0.531736532257,0.0683233928449
5,2,8,983,3.63006858299,3.35819936463,-0.538898793829,0.0428256579307
6,2,16,983,3.62029593814,3.35413776315,-0.548671438677,0.0387640564531
7,2,32,983,3.60925145649,3.3110161017,-0.559715920327,-0.00435760499939
8,3,4,983,3.54784272978,3.31561484172,-0.621124647037,0.000241135026903
9,3,8,983,3.51957530949,3.26565660536,-0.649392067329,-0.0497171013406
10,3,16,983,3.51262834564,3.25051724873,-0.656339031171,-0.0648564579671
11,3,32,983,3.65367551428,3.25047152697,-0.515291862535,-0.0649021797295
0,1,4,984,4.04215556827,3.18392877299,0.000317295430746,-0.0248893291766
1,1,8,984,4.04201495145,3.21329329487,0.000176678608246,0.00447519270092
2,1,16,984,4.04186391339,3.2109610347,2.56405477197e-05,0.00214293252816
3,1,32,984,4.04183827284,3.20881810217,0,0
4,2,4,984,3.27609088098,3.05350544386,-0.765747391861,-0.155312658308
5,2,8,984,3.27865177743,3.02428685404,-0.763186495406,-0.184531248125
6,2,16,984,3.28124238645,3.08402988489,-0.760595886393,-0.124788217276
7,2,32,984,3.28367226673,3.08580082756,-0.758166006108,-0.123017274611
8,3,4,984,3.1095970867,3.00516311639,-0.932241186138,-0.203654985781
9,3,8,984,3.1142584697,3.01776853847,-0.927579803141,-0.191049563696
10,3,16,984,3.12196546494,3.07931658008,-0.919872807896,-0.129501522091
11,3,32,984,3.25671909851,3.0804589137,-0.785119174325,-0.128359188471
0,1,4,985,3.83582400274,3.15855498337,0.000487427955672,-0.0211735063353
1,1,8,985,3.83559764043,3.1720984308,0.000261065644118,-0.00763005890366
2,1,16,985,3.83536173798,3.18044420603,2.51631915966e-05,0.000715716323781
3,1,32,985,3.83533657479,3.1797284897,0,0
4,2,4,985,3.10303468254,3.10018206397,-0.732301892246,-0.0795464257354
5,2,8,985,3.10032747193,3.05679026054,-0.735009102851,-0.122938229162
6,2,16,985,3.09979212979,3.08816774696,-0.735544444992,-0.0915607427442
7,2,32,985,3.10287109383,3.08614586382,-0.732465480951,-0.093582625887
8,3,4,985,2.92795680185,3.05170567484,-0.907379772932,-0.128022814866
9,3,8,985,2.92695922968,3.04863431218,-0.908377345102,-0.131094177521
10,3,16,985,2.93149912977,3.08561755377,-0.903837445018,-0.0941109359363
11,3,32,985,3.06154238234,3.06443483477,-0.773794192447,-0.115293654938
0,1,4,986,3.64409888745,3.02359297542,0.00100835646323,0.0152622148459
1,1,8,986,3.64373182977,3.02022890074,0.000641298785207,0.0118981401611
2,1,16,986,3.64330464267,3.01143703342,0.000214111679631,0.003106272847
3,1,32,986,3.64309053099,3.00833076058,0,0
4,2,4,986,2.80892658356,2.96526809427,-0.834163947428,-0.043062666304
5,2,8,986,2.81022226673,2.94212975617,-0.832868264258,-0.0662010044088
6,2,16,986,2.81353831565,2.96033716183,-0.829552215342,-0.047993598745
7,2,32,986,2.81971250878,2.94474760272,-0.823378022208,-0.0635831578527
8,3,4,986,2.71854291396,2.9000120696,-0.924547617028,-0.108318690979
9,3,8,986,2.71931160978,2.8891500601,-0.923778921209,-0.119180700475
10,3,16,986,2.72295574806,2.91398427638,-0.920134782931,-0.0943464841924
11,3,32,986,2.7305719941,2.91815913758,-0.912518536885,-0.0901716229945
0,1,4,987,4.11633157933,3.37916726553,0.0116774155153,-0.0179597451674
1,1,8,987,4.1142906868,3.41214517635,0.00963652298905,0.0150181656554
2,1,16,987,4.11063243743,3.3902086491,0.00597827361077,-0.00691836159671
3,1,32,987,4.10465416382,3.39712701069,0,0
4,2,4,987,3.6594360337,3.49077873219,-0.445218130113,0.0936517214959
5,2,8,987,3.64987223677,3.47489291213,-0.454781927044,0.0777659014374
6,2,16,987,3.63611887873,3.46183872642,-0.468535285087,0.0647117157237
7,2,32,987,3.61965596149,3.40475150417,-0.48499820233,0.00762449348077
8,3,4,987,3.52022159172,3.4730770328,-0.584432572092,0.0759500221025
9,3,8,987,3.47889020911,3.40440392637,-0.62576395471,0.0072769156796
10,3,16,987,3.46834880785,3.39075610528,-0.636305355962,-0.00637090541617
11,3,32,987,3.55909692845,3.33808390314,-0.545557235365,-0.0590431075493
0,1,4,988,4.66791675582,3.40055335303,0.0127951658275,-0.0207353891502
1,1,8,988,4.66567240855,3.44384700215,0.0105508185545,0.0225582599652
2,1,16,988,4.6616582967,3.41150468326,0.00653670670807,-0.00978405892039
3,1,32,988,4.65512158999,3.42128874218,0,0
4,2,4,988,4.31759085922,3.54645360497,-0.337530730767,0.125164862785
5,2,8,988,4.29752891024,3.52154931325,-0.357592679747,0.100260571068
6,2,16,988,4.27204536471,3.5036371913,-0.383076225277,0.0823484491194
7,2,32,988,4.24438568692,3.43826676507,-0.41073590307,0.0169780228893
8,3,4,988,4.06365011458,3.54156190405,-0.59147147541,0.120273161862
9,3,8,988,4.01386034911,3.45246394479,-0.641261240876,0.0311752026062
10,3,16,988,3.99814935896,3.42342606071,-0.65697223103,0.00213731852461
11,3,32,988,4.32537991023,3.37489444694,-0.329741679761,-0.0463942952429
0,1,4,989,4.13158772459,3.11350789047,-0.000197775956485,-0.0182785855325
1,1,8,989,4.13148167722,3.12290234844,-0.000303823325397,-0.00888412756251
2,1,16,989,4.131460532,3.12537938976,-0.000324968543472,-0.00640708624268
3,1,32,989,4.13178550055,3.13178647601,0,0
4,2,4,989,3.47056071517,3.0575513886,-0.66122478538,-0.0742350874071
5,2,8,989,3.46162084851,3.01638571172,-0.67016465204,-0.115400764287
6,2,16,989,3.45433624222,3.04504326287,-0.677449258322,-0.0867432131403
7,2,32,989,3.45142342644,3.03767220661,-0.680362074106,-0.094114269397
8,3,4,989,3.26577958754,3.01956286202,-0.86600591301,-0.112223613986
9,3,8,989,3.26121107624,3.00079743373,-0.870574424304,-0.130989042274
10,3,16,989,3.2634844797,3.03727691131,-0.868301020848,-0.0945095647017
11,3,32,989,3.51364393676,3.01686307463,-0.618141563781,-0.114923401377
0,1,4,990,3.72142290904,3.17268050235,0.0106159040041,-0.0123366864022
1,1,8,990,3.71932166842,3.19392209037,0.00851466338969,0.00890490161174
2,1,16,990,3.71584853024,3.18314535975,0.00504152521255,-0.00187182900293
3,1,32,990,3.71080700503,3.18501718875,0,0
4,2,4,990,2.98508888989,3.21075894247,-0.725718115141,0.0257417537132
5,2,8,990,2.97951899153,3.206614329,-0.731288013499,0.0215971402451
6,2,16,990,2.97295506434,3.18613866947,-0.737851940689,0.00112148072
7,2,32,990,2.96704871661,3.16060824817,-0.743758288417,-0.0244089405892
8,3,4,990,2.81855898246,3.21176358859,-0.892248022568,0.0267463998318
9,3,8,990,2.795194719,3.16061648681,-0.915612286031,-0.0244007019402
10,3,16,990,2.7896611392,3.16281980202,-0.921145865833,-0.0221973867315
11,3,32,990,2.78366340564,3.10752660522,-0.927143599393,-0.0774905835339
0,1,4,991,4.56113438634,3.32515612219,0.00677045290346,-0.0290416699934
1,1,8,991,4.5599525818,3.36969886937,0.00558864836252,0.0155010771876
2,1,16,991,4.55782965189,3.3316357664,0.00346571845168,-0.0225620257805
3,1,32,991,4.55436393344,3.35419779218,0,0
4,2,4,991,4.0457677728,3.30028029106,-0.508596160636,-0.0539175011185
5,2,8,991,4.03479767025,3.29925285458,-0.519566263185,-0.0549449375952
6,2,16,991,4.01928123345,3.31008351227,-0.535082699991,-0.0441142799114
7,2,32,991,4.00104422512,3.29152726181,-0.553319708321,-0.0626705303648
8,3,4,991,3.88771643335,3.29758534752,-0.666647500086,-0.0566124446626
9,3,8,991,3.86098414877,3.24254054909,-0.693379784669,-0.111657243093
10,3,16,991,3.85561608224,3.27146963371,-0.698747851196,-0.0827281584692
11,3,32,991,4.11728083915,3.24485065916,-0.437083094288,-0.109347133018
0,1,4,992,3.60204612774,3.12349927118,0.00415405556728,-0.0144637453413
1,1,8,992,3.60105559551,3.1451171497,0.00316352333433,0.00715413317355
2,1,16,992,3.59959596533,3.14408809987,0.00170389315594,0.00612508335244
3,1,32,992,3.59789207217,3.13796301652,0,0
4,2,4,992,2.70110430349,3.05032448952,-0.896787768679,-0.0876385269991
5,2,8,992,2.70319568903,3.02782975269,-0.894696383138,-0.11013326383
6,2,16,992,2.70711433453,3.04503695854,-0.890777737648,-0.0929260579796
7,2,32,992,2.71333189048,3.05283510827,-0.884560181692,-0.0851279082503
8,3,4,992,2.53174560902,3.01738675186,-1.06614646315,-0.120576264664
9,3,8,992,2.53333993566,3.01580521349,-1.06455213651,-0.122157803033
10,3,16,992,2.53779323615,3.04940260582,-1.06009883603,-0.0885604107053
11,3,32,992,2.54539162139,3.02926864871,-1.05250045078,-0.108694367809
0,1,4,993,3.64286395465,3.11820447082,0.00098227938392,-0.010415821531
1,1,8,993,3.64253044304,3.13317491694,0.000648767780653,0.00455462458075
2,1,16,993,3.64212839633,3.12662224895,0.000246721068794,-0.0019980434004
3,1,32,993,3.64188167526,3.12862029236,0,0
4,2,4,993,2.7640249241,3.05071496069,-0.877856751163,-0.0779053316686
5,2,8,993,2.7659912032,3.02815347076,-0.875890472063,-0.100466821599
6,2,16,993,2.76984123671,3.04022911893,-0.87204043855,-0.088391173422
7,2,32,993,2.77631130537,3.04720483224,-0.865570369894,-0.0814154601201
8,3,4,993,2.64042798325,2.99304996208,-1.00145369202,-0.135570330277
9,3,8,993,2.64185808844,2.99065624656,-1.00002358683,-0.137964045791
10,3,16,993,2.64598722117,3.01527397999,-0.995894454094,-0.113346312369
11,3,32,993,2.65394708046,3.01293824332,-0.987934594808,-0.115682049034
0,1,4,994,4.39738082689,3.30757166688,0.00521718182381,-0.0238030168358
1,1,8,994,4.39647874795,3.33791974655,0.00431510289,0.00654506282564
2,1,16,994,4.39484832621,3.31168604292,0.0026846811489,-0.0196886407979
3,1,32,994,4.39216364506,3.33137468372,0,0
4,2,4,994,3.92598476812,3.29570343367,-0.466178876942,-0.0356712500523
5,2,8,994,3.91531259982,3.28099622805,-0.476851045244,-0.050378455665
6,2,16,994,3.90155746552,3.29684124009,-0.490606179541,-0.0345334436273
7,2,32,994,3.88670366709,3.271991146,-0.505459977974,-0.059383537716
8,3,4,994,3.79781094217,3.28116857313,-0.594352702896,-0.0502061105919
9,3,8,994,3.77262124644,3.22976637581,-0.619542398619,-0.10160830791
10,3,16,994,3.76868050554,3.26094632547,-0.62348313952,-0.0704283582508
11,3,32,994,4.00658490998,3.22684388472,-0.385578735079,-0.104530798998
0,1,4,995,3.6392572229,3.12036900966,0.0105818590205,0.0129697431087
1,1,8,995,3.6371286815,3.12396293678,0.00845331762061,0.0165636702277
2,1,16,995,3.63364677154,3.10893617151,0.00497140765435,0.00153690496641
3,1,32,995,3.62867536388,3.10739926655,0,0
4,2,4,995,2.95199371432,3.18519276839,-0.676681649564,0.077793501839
5,2,8,995,2.94491690233,3.17399262583,-0.683758461554,0.0665933592778
6,2,16,995,2.93775326213,3.14990384428,-0.690922101754,0.0425045777302
7,2,32,995,2.93250977574,3.10920295288,-0.69616558814,0.00180368633118
8,3,4,995,2.83234804767,3.17436659538,-0.79632731621,0.0669673288352
9,3,8,995,2.80748594817,3.1132141489,-0.821189415718,0.00581488235603
10,3,16,995,2.80101641129,3.10865737863,-0.82765895259,0.00125811208363
11,3,32,995,2.79534438232,3.05628110846,-0.83333098156,-0.0511181580873
0,1,4,996,3.9124556238,3.28071660014,0.00101593960697,-0.0296693221327
1,1,8,996,3.91219263009,3.31686519342,0.00075294589965,0.00647927115281
2,1,16,996,3.91182282553,3.32566702407,0.000383141337018,0.0152811018025
3,1,32,996,3.91143968419,3.31038592227,0,0
4,2,4,996,3.1569557667,3.18521145175,-0.754483917491,-0.125174470523
5,2,8,996,3.16100060859,3.12879413649,-0.750439075595,-0.181591785783
6,2,16,996,3.16621018368,3.19593279933,-0.745229500509,-0.114453122943
7,2,32,996,3.17188750847,3.19641064787,-0.739552175724,-0.113975274406
8,3,4,996,2.95434828593,3.11861482125,-0.957091398256,-0.191771101025
9,3,8,996,2.95972477053,3.1458786815,-0.951714913661,-0.164507240767
10,3,16,996,2.96826864918,3.19733179832,-0.94317103501,-0.11305412395
11,3,32,996,3.10620265202,3.19596657804,-0.805237032167,-0.114419344229
0,1,4,997,4.0611666941,3.27759007979,0.00371155953733,-0.00698539416514
1,1,8,997,4.06056701105,3.29509577941,0.00311187649064,0.0105203054505
2,1,16,997,4.0594361834,3.28444706068,0.00198104883733,-0.000128413271394
3,1,32,997,4.05745513456,3.28457547395,0,0
4,2,4,997,3.52065509314,3.30771689267,-0.536800041425,0.0231414187163
5,2,8,997,3.51694536538,3.27022126657,-0.540509769181,-0.0143542073872
6,2,16,997,3.51166150068,3.29531279374,-0.545793633881,0.0107373197858
7,2,32,997,3.50556418905,3.2487420616,-0.55189094551,-0.0358334123565
8,3,4,997,3.40612942662,3.23871651684,-0.651325707941,-0.0458589571158
9,3,8,997,3.38560449544,3.21026416089,-0.671850639125,-0.0743113130612
10,3,16,997,3.38338633961,3.21818586375,-0.67406879495,-0.0663896102067
11,3,32,997,3.4959398425,3.20810671949,-0.561515292064,-0.0764687544658
0,1,4,998,4.53373950294,3.05080045035,-0.00259769561502,-0.0249213778513
1,1,8,998,4.53411973332,3.05990546416,-0.00221746524165,-0.0158163640343
2,1,16,998,4.53489251578,3.06007630378,-0.00144468278042,-0.0156455244177
3,1,32,998,4.53633719856,3.0757218282,0,0
4,2,4,998,3.90619244067,2.99686369545,-0.630144757885,-0.0788581327462
5,2,8,998,3.89149329254,2.96025053747,-0.644843906023,-0.11547129073
6,2,16,998,3.87736879681,2.98589424204,-0.658968401749,-0.0898275861581
7,2,32,998,3.86788987682,2.9724098663,-0.668447321734,-0.103311961898
8,3,4,998,3.63530558706,2.95717375063,-0.901031611498,-0.118548077565
9,3,8,998,3.62774115555,2.92860133875,-0.908596043012,-0.147120489449
10,3,16,998,3.62730851626,2.95502967316,-0.909028682299,-0.120692155037
11,3,32,998,4.00216335026,2.94962686133,-0.534173848302,-0.126094966866
0,1,4,999,4.27731692886,3.17887340796,-0.00313732236495,-0.0215247961744
1,1,8,999,4.27783991191,3.19180925246,-0.00261433931139,-0.0085889516704
2,1,16,999,4.27880825296,3.17873982296,-0.00164599825861,-0.0216583811782
3,1,32,999,4.28045425122,3.20039820413,0,0
4,2,4,999,3.67880819933,3.09165982787,-0.601646051892,-0.108738376267
5,2,8,999,3.66940987266,3.05627618514,-0.611044378559,-0.144122018993
6,2,16,999,3.66110269986,3.08626926597,-0.619351551364,-0.114128938165
7,2,32,999,3.65663109063,3.09327907018,-0.623823160595,-0.10711913395
8,3,4,999,3.54777250834,3.04474402094,-0.73268174288,-0.155654183194
9,3,8,999,3.54381621059,3.0244701268,-0.736638040631,-0.17592807733
10,3,16,999,3.54709151066,3.07176518537,-0.733362740564,-0.128633018766
11,3,32,999,3.84046505595,3.06342706267,-0.439989195278,-0.136971141469
