event_id,run_id,scene_id,prn,event_status,confirmed_event,event_utc,environment_class,geometry_join_status,geometry_join_valid,include_in_environment_modeling,include_in_elevation_modeling,exclusion_reason,alignment_id,alignment_version
F1023_v50_D0127_P1__G31__ch5__nav_sage_v2__ingestion_20260825_event_path_v1__event_964,F1023_v50_D0127_P1__G31__ch5__nav_sage_v2__ingestion_20260825_event_path_v1,F1023_v50_D0127_P1,G31,rejected_candidate,0,2026-01-27T12:43:43.260Z,Urban,valid,1,1,1,,F1023_v50_D0127_P1__tow_to_utc_v1,sage-event-context-alignment-v1
F1023_v50_D0127_P1__G31__ch5__nav_sage_v2__ingestion_20260825_event_path_v1__event_327,F1023_v50_D0127_P1__G31__ch5__nav_sage_v2__ingestion_20260825_event_path_v1,F1023_v50_D0127_P1,G31,rejected_candidate,0,2026-01-27T12:43:30.520Z,Urban,valid,1,1,1,,F1023_v50_D0127_P1__tow_to_utc_v1,sage-event-context-alignment-v1
F1023_v50_D0127_P1__G31__ch5__nav_sage_v2__ingestion_20260825_event_path_v1__event_329,F1023_v50_D0127_P1__G31__ch5__nav_sage_v2__ingestion_20260825_event_path_v1,F1023_v50_D0127_P1,G31,rejected_candidate,0,2026-01-27T12:43:30.560Z,Urban,valid,1,1,1,,F1023_v50_D0127_P1__tow_to_utc_v1,sage-event-context-alignment-v1
F1023_v50_D0127_P1__G31__ch5__nav_sage_v2__ingestion_20260825_event_path_v1__event_994,F1023_v50_D0127_P1__G31__ch5__nav_sage_v2__ingestion_20260825_event_path_v1,F1023_v50_D0127_P1,G31,rejected_candidate,0,2026-01-27T12:43:43.860Z,Urban,valid,1,1,1,,F1023_v50_D0127_P1__tow_to_utc_v1,sage-event-context-alignment-v1
F1023_v50_D0127_P1__G31__ch5__nav_sage_v2__ingestion_20260825_event_path_v1__event_1077,F1023_v50_D0127_P1__G31__ch5__nav_sage_v2__ingestion_20260825_event_path_v1,F1023_v50_D0127_P1,G31,rejected_candidate,0,2026-01-27T12:43:45.520Z,Urban,valid,1,1,1,,F1023_v50_D0127_P1__tow_to_utc_v1,sage-event-context-alignment-v1
F1023_v50_D0127_P1__G31__ch5__nav_sage_v2__ingestion_20260825_event_path_v1__event_1078,F1023_v50_D0127_P1__G31__ch5__nav_sage_v2__ingestion_20260825_event_path_v1,F1023_v50_D0127_P1,G31,rejected_candidate,0,2026-01-27T12:43:45.540Z,Urban,valid,1,1,1,,F1023_v50_D0127_P1__tow_to_utc_v1,sage-event-context-alignment-v1
F1023_v50_D0127_P1__G31__ch5__nav_sage_v2__ingestion_20260825_event_path_v1__event_1186,F1023_v50_D0127_P1__G31__ch5__nav_sage_v2__ingestion_20260825_event_path_v1,F1023_v50_D0127_P1,G31,rejected_candidate,0,2026-01-27T12:43:47.700Z,Urban,valid,1,1,1,,F1023_v50_D0127_P1__tow_to_utc_v1,sage-event-context-alignment-v1
F1023_v50_D0127_P1__G31__ch5__nav_sage_v2__ingestion_20260825_event_path_v1__event_1187,F1023_v50_D0127_P1__G31__ch5__nav_sage_v2__ingestion_20260825_event_path_v1,F1023_v50_D0127_P1,G31,rejected_candidate,0,2026-01-27T12:43:47.720Z,Urban,valid,1,1,1,,F1023_v50_D0127_P1__tow_to_utc_v1,sage-event-context-alignment-v1
F1023_V70_D0117_P4__G25__ch7__nav_sage_v2__ingestion_20260825_event_path_v1__event_348,F1023_V70_D0117_P4__G25__ch7__nav_sage_v2__ingestion_20260825_event_path_v1,F1023_V70_D0117_P4,G25,rejected_candidate,0,2026-01-17T12:18:36.940Z,Mountain/Valley,valid,1,1,1,,F1023_V70_D0117_P4__tow_to_utc_v1,sage-event-context-alignment-v1
F1023_V70_D0117_P4__G25__ch7__nav_sage_v2__ingestion_20260825_event_path_v1__event_349,F1023_V70_D0117_P4__G25__ch7__nav_sage_v2__ingestion_20260825_event_path_v1,F1023_V70_D0117_P4,G25,rejected_candidate,0,2026-01-17T12:18:36.960Z,Mountain/Valley,valid,1,1,1,,F1023_V70_D0117_P4__tow_to_utc_v1,sage-event-context-alignment-v1
F1023_V70_D0117_P4__G25__ch7__nav_sage_v2__ingestion_20260825_event_path_v1__event_347,F1023_V70_D0117_P4__G25__ch7__nav_sage_v2__ingestion_20260825_event_path_v1,F1023_V70_D0117_P4,G25,confirmed_multipath,1,2026-01-17T12:18:36.920Z,Mountain/Valley,valid,1,1,1,,F1023_V70_D0117_P4__tow_to_utc_v1,sage-event-context-alignment-v1
F1023_V70_D0117_P4__G25__ch7__nav_sage_v2__ingestion_20260825_event_path_v1__event_350,F1023_V70_D0117_P4__G25__ch7__nav_sage_v2__ingestion_20260825_event_path_v1,F1023_V70_D0117_P4,G25,confirmed_multipath,1,2026-01-17T12:18:36.980Z,Mountain/Valley,valid,1,1,1,,F1023_V70_D0117_P4__tow_to_utc_v1,sage-event-context-alignment-v1
F1023_V70_D0117_P4__G28__ch6__nav_sage_v2__ingestion_20260825_event_path_v1__event_557,F1023_V70_D0117_P4__G28__ch6__nav_sage_v2__ingestion_20260825_event_path_v1,F1023_V70_D0117_P4,G28,rejected_candidate,0,2026-01-17T12:18:41.120Z,Mountain/Valley,valid,1,1,1,,F1023_V70_D0117_P4__tow_to_utc_v1,sage-event-context-alignment-v1
F1023_V70_D0117_P4__G28__ch6__nav_sage_v2__ingestion_20260825_event_path_v1__event_558,F1023_V70_D0117_P4__G28__ch6__nav_sage_v2__ingestion_20260825_event_path_v1,F1023_V70_D0117_P4,G28,rejected_candidate,0,2026-01-17T12:18:41.140Z,Mountain/Valley,valid,1,1,1,,F1023_V70_D0117_P4__tow_to_utc_v1,sage-event-context-alignment-v1
F1023_V70_D0117_P4__G28__ch6__nav_sage_v2__ingestion_20260825_event_path_v1__event_18,F1023_V70_D0117_P4__G28__ch6__nav_sage_v2__ingestion_20260825_event_path_v1,F1023_V70_D0117_P4,G28,rejected_candidate,0,2026-01-17T12:18:30.340Z,Mountain/Valley,valid,1,1,1,,F1023_V70_D0117_P4__tow_to_utc_v1,sage-event-context-alignment-v1
F1023_V70_D0117_P4__G28__ch6__nav_sage_v2__ingestion_20260825_event_path_v1__event_58,F1023_V70_D0117_P4__G28__ch6__nav_sage_v2__ingestion_20260825_event_path_v1,F1023_V70_D0117_P4,G28,rejected_candidate,0,2026-01-17T12:18:31.140Z,Mountain/Valley,valid,1,1,1,,F1023_V70_D0117_P4__tow_to_utc_v1,sage-event-context-alignment-v1
F1023_V70_D0117_P4__G28__ch6__nav_sage_v2__ingestion_20260825_event_path_v1__event_409,F1023_V70_D0117_P4__G28__ch6__nav_sage_v2__ingestion_20260825_event_path_v1,F1023_V70_D0117_P4,G28,rejected_candidate,0,2026-01-17T12:18:38.160Z,Mountain/Valley,valid,1,1,1,,F1023_V70_D0117_P4__tow_to_utc_v1,sage-event-context-alignment-v1
F1023_V70_D0117_P4__G28__ch6__nav_sage_v2__ingestion_20260825_event_path_v1__event_556,F1023_V70_D0117_P4__G28__ch6__nav_sage_v2__ingestion_20260825_event_path_v1,F1023_V70_D0117_P4,G28,rejected_candidate,0,2026-01-17T12:18:41.100Z,Mountain/Valley,valid,1,1,1,,F1023_V70_D0117_P4__tow_to_utc_v1,sage-event-context-alignment-v1
F1023_V70_D0117_P4__G28__ch6__nav_sage_v2__ingestion_20260825_event_path_v1__event_559,F1023_V70_D0117_P4__G28__ch6__nav_sage_v2__ingestion_20260825_event_path_v1,F1023_V70_D0117_P4,G28,rejected_candidate,0,2026-01-17T12:18:41.160Z,Mountain/Valley,valid,1,1,1,,F1023_V70_D0117_P4__tow_to_utc_v1,sage-event-context-alignment-v1
F1023_V70_D0117_P4__G29__ch9__nav_sage_v2__ingestion_20260825_event_path_v1__event_307,F1023_V70_D0117_P4__G29__ch9__nav_sage_v2__ingestion_20260825_event_path_v1,F1023_V70_D0117_P4,G29,rejected_candidate,0,2026-01-17T12:18:36.120Z,Mountain/Valley,valid,1,1,1,,F1023_V70_D0117_P4__tow_to_utc_v1,sage-event-context-alignment-v1
F1023_V70_D0117_P4__G29__ch9__nav_sage_v2__ingestion_20260825_event_path_v1__event_308,F1023_V70_D0117_P4__G29__ch9__nav_sage_v2__ingestion_20260825_event_path_v1,F1023_V70_D0117_P4,G29,rejected_candidate,0,2026-01-17T12:18:36.140Z,Mountain/Valley,valid,1,1,1,,F1023_V70_D0117_P4__tow_to_utc_v1,sage-event-context-alignment-v1
F1023_V70_D0117_P4__G29__ch9__nav_sage_v2__ingestion_20260825_event_path_v1__event_309,F1023_V70_D0117_P4__G29__ch9__nav_sage_v2__ingestion_20260825_event_path_v1,F1023_V70_D0117_P4,G29,rejected_candidate,0,2026-01-17T12:18:36.160Z,Mountain/Valley,valid,1,1,1,,F1023_V70_D0117_P4__tow_to_utc_v1,sage-event-context-alignment-v1
F1023_V70_D0117_P4__G29__ch9__nav_sage_v2__ingestion_20260825_event_path_v1__event_347,F1023_V70_D0117_P4__G29__ch9__nav_sage_v2__ingestion_20260825_event_path_v1,F1023_V70_D0117_P4,G29,rejected_candidate,0,2026-01-17T12:18:36.920Z,Mountain/Valley,valid,1,1,1,,F1023_V70_D0117_P4__tow_to_utc_v1,sage-event-context-alignment-v1
F1023_V70_D0117_P4__G29__ch9__nav_sage_v2__ingestion_20260825_event_path_v1__event_348,F1023_V70_D0117_P4__G29__ch9__nav_sage_v2__ingestion_20260825_event_path_v1,F1023_V70_D0117_P4,G29,confirmed_multipath,1,2026-01-17T12:18:36.940Z,Mountain/Valley,valid,1,1,1,,F1023_V70_D0117_P4__tow_to_utc_v1,sage-event-context-alignment-v1
F1023_V70_D0117_P4__G29__ch9__nav_sage_v2__ingestion_20260825_event_path_v1__event_349,F1023_V70_D0117_P4__G29__ch9__nav_sage_v2__ingestion_20260825_event_path_v1,F1023_V70_D0117_P4,G29,rejected_candidate,0,2026-01-17T12:18:36.960Z,Mountain/Valley,valid,1,1,1,,F1023_V70_D0117_P4__tow_to_utc_v1,sage-event-context-alignment-v1
F1023_V70_D0117_P4__G29__ch9__nav_sage_v2__ingestion_20260825_event_path_v1__event_464,F1023_V70_D0117_P4__G29__ch9__nav_sage_v2__ingestion_20260825_event_path_v1,F1023_V70_D0117_P4,G29,rejected_candidate,0,2026-01-17T12:18:39.260Z,Mountain/Valley,valid,1,1,1,,F1023_V70_D0117_P4__tow_to_utc_v1,sage-event-context-alignment-v1
F1023_V70_D0117_P4__G29__ch9__nav_sage_v2__ingestion_20260825_event_path_v1__event_465,F1023_V70_D0117_P4__G29__ch9__nav_sage_v2__ingestion_20260825_event_path_v1,F1023_V70_D0117_P4,G29,rejected_candidate,0,2026-01-17T12:18:39.280Z,Mountain/Valley,valid,1,1,1,,F1023_V70_D0117_P4__tow_to_utc_v1,sage-event-context-alignment-v1
F1023_V70_D0117_P4__G31__ch1__nav_sage_v2__ingestion_20260825_event_path_v1__event_436,F1023_V70_D0117_P4__G31__ch1__nav_sage_v2__ingestion_20260825_event_path_v1,F1023_V70_D0117_P4,G31,rejected_candidate,0,2026-01-17T12:18:38.700Z,Mountain/Valley,unavailable,0,1,0,geometry_prn_missing_in_timeseries,F1023_V70_D0117_P4__tow_to_utc_v1,sage-event-context-alignment-v1
F1023_V70_D0117_P4__G32__ch3__nav_sage_v2__ingestion_20260825_event_path_v1__event_57,F1023_V70_D0117_P4__G32__ch3__nav_sage_v2__ingestion_20260825_event_path_v1,F1023_V70_D0117_P4,G32,rejected_candidate,0,2026-01-17T12:18:31.120Z,Mountain/Valley,valid,1,1,1,,F1023_V70_D0117_P4__tow_to_utc_v1,sage-event-context-alignment-v1
F1023_V70_D0117_P4__G32__ch3__nav_sage_v2__ingestion_20260825_event_path_v1__event_58,F1023_V70_D0117_P4__G32__ch3__nav_sage_v2__ingestion_20260825_event_path_v1,F1023_V70_D0117_P4,G32,rejected_candidate,0,2026-01-17T12:18:31.140Z,Mountain/Valley,valid,1,1,1,,F1023_V70_D0117_P4__tow_to_utc_v1,sage-event-context-alignment-v1
F1023_V70_D0117_P4__G32__ch3__nav_sage_v2__ingestion_20260825_event_path_v1__event_275,F1023_V70_D0117_P4__G32__ch3__nav_sage_v2__ingestion_20260825_event_path_v1,F1023_V70_D0117_P4,G32,rejected_candidate,0,2026-01-17T12:18:35.480Z,Mountain/Valley,valid,1,1,1,,F1023_V70_D0117_P4__tow_to_utc_v1,sage-event-context-alignment-v1
F1023_V70_D0117_P4__G32__ch3__nav_sage_v2__ingestion_20260825_event_path_v1__event_357,F1023_V70_D0117_P4__G32__ch3__nav_sage_v2__ingestion_20260825_event_path_v1,F1023_V70_D0117_P4,G32,confirmed_multipath,1,2026-01-17T12:18:37.120Z,Mountain/Valley,valid,1,1,1,,F1023_V70_D0117_P4__tow_to_utc_v1,sage-event-context-alignment-v1
F1023_V70_D0120_P1__G26__ch3__nav_sage_v2__ingestion_20260825_event_path_v1__event_76,F1023_V70_D0120_P1__G26__ch3__nav_sage_v2__ingestion_20260825_event_path_v1,F1023_V70_D0120_P1,G26,confirmed_multipath,1,2026-01-20T15:21:19.500Z,Urban,valid,1,1,1,,F1023_V70_D0120_P1__tow_to_utc_v1,sage-event-context-alignment-v1
F1023_V70_D0120_P1__G26__ch3__nav_sage_v2__ingestion_20260825_event_path_v1__event_77,F1023_V70_D0120_P1__G26__ch3__nav_sage_v2__ingestion_20260825_event_path_v1,F1023_V70_D0120_P1,G26,rejected_candidate,0,2026-01-20T15:21:19.520Z,Urban,valid,1,1,1,,F1023_V70_D0120_P1__tow_to_utc_v1,sage-event-context-alignment-v1
F1023_V70_D0120_P1__G26__ch3__nav_sage_v2__ingestion_20260825_event_path_v1__event_78,F1023_V70_D0120_P1__G26__ch3__nav_sage_v2__ingestion_20260825_event_path_v1,F1023_V70_D0120_P1,G26,confirmed_multipath,1,2026-01-20T15:21:19.540Z,Urban,valid,1,1,1,,F1023_V70_D0120_P1__tow_to_utc_v1,sage-event-context-alignment-v1
F1023_V70_D0120_P1__G26__ch3__nav_sage_v2__ingestion_20260825_event_path_v1__event_2581,F1023_V70_D0120_P1__G26__ch3__nav_sage_v2__ingestion_20260825_event_path_v1,F1023_V70_D0120_P1,G26,rejected_candidate,0,2026-01-20T15:22:09.600Z,Urban,valid,1,1,1,,F1023_V70_D0120_P1__tow_to_utc_v1,sage-event-context-alignment-v1
F1023_V70_D0120_P1__G26__ch3__nav_sage_v2__ingestion_20260825_event_path_v1__event_2582,F1023_V70_D0120_P1__G26__ch3__nav_sage_v2__ingestion_20260825_event_path_v1,F1023_V70_D0120_P1,G26,rejected_candidate,0,2026-01-20T15:22:09.620Z,Urban,valid,1,1,1,,F1023_V70_D0120_P1__tow_to_utc_v1,sage-event-context-alignment-v1
F1023_V70_D0120_P1__G26__ch3__nav_sage_v2__ingestion_20260825_event_path_v1__event_2583,F1023_V70_D0120_P1__G26__ch3__nav_sage_v2__ingestion_20260825_event_path_v1,F1023_V70_D0120_P1,G26,rejected_candidate,0,2026-01-20T15:22:09.640Z,Urban,valid,1,1,1,,F1023_V70_D0120_P1__tow_to_utc_v1,sage-event-context-alignment-v1
F1023_V70_D0120_P1__G26__ch3__nav_sage_v2__ingestion_20260825_event_path_v1__event_597,F1023_V70_D0120_P1__G26__ch3__nav_sage_v2__ingestion_20260825_event_path_v1,F1023_V70_D0120_P1,G26,rejected_candidate,0,2026-01-20T15:21:29.920Z,Urban,valid,1,1,1,,F1023_V70_D0120_P1__tow_to_utc_v1,sage-event-context-alignment-v1
F1023_V70_D0120_P1__G26__ch3__nav_sage_v2__ingestion_20260825_event_path_v1__event_598,F1023_V70_D0120_P1__G26__ch3__nav_sage_v2__ingestion_20260825_event_path_v1,F1023_V70_D0120_P1,G26,rejected_candidate,0,2026-01-20T15:21:29.940Z,Urban,valid,1,1,1,,F1023_V70_D0120_P1__tow_to_utc_v1,sage-event-context-alignment-v1
F1023_V70_D0120_P1__G27__ch8__nav_sage_v2__ingestion_20260825_event_path_v1__event_429,F1023_V70_D0120_P1__G27__ch8__nav_sage_v2__ingestion_20260825_event_path_v1,F1023_V70_D0120_P1,G27,rejected_candidate,0,2026-01-20T15:21:26.560Z,Urban,valid,1,1,1,,F1023_V70_D0120_P1__tow_to_utc_v1,sage-event-context-alignment-v1
F1023_V70_D0120_P1__G27__ch8__nav_sage_v2__ingestion_20260825_event_path_v1__event_430,F1023_V70_D0120_P1__G27__ch8__nav_sage_v2__ingestion_20260825_event_path_v1,F1023_V70_D0120_P1,G27,rejected_candidate,0,2026-01-20T15:21:26.580Z,Urban,valid,1,1,1,,F1023_V70_D0120_P1__tow_to_utc_v1,sage-event-context-alignment-v1
F1023_V70_D0120_P1__G27__ch8__nav_sage_v2__ingestion_20260825_event_path_v1__event_431,F1023_V70_D0120_P1__G27__ch8__nav_sage_v2__ingestion_20260825_event_path_v1,F1023_V70_D0120_P1,G27,rejected_candidate,0,2026-01-20T15:21:26.600Z,Urban,valid,1,1,1,,F1023_V70_D0120_P1__tow_to_utc_v1,sage-event-context-alignment-v1
F1023_V70_D0120_P1__G29__ch5__nav_sage_v2__ingestion_20260825_event_path_v1__event_1216,F1023_V70_D0120_P1__G29__ch5__nav_sage_v2__ingestion_20260825_event_path_v1,F1023_V70_D0120_P1,G29,rejected_candidate,0,2026-01-20T15:21:42.300Z,Urban,valid,1,1,1,,F1023_V70_D0120_P1__tow_to_utc_v1,sage-event-context-alignment-v1
F1023_V70_D0120_P1__G29__ch5__nav_sage_v2__ingestion_20260825_event_path_v1__event_1217,F1023_V70_D0120_P1__G29__ch5__nav_sage_v2__ingestion_20260825_event_path_v1,F1023_V70_D0120_P1,G29,rejected_candidate,0,2026-01-20T15:21:42.320Z,Urban,valid,1,1,1,,F1023_V70_D0120_P1__tow_to_utc_v1,sage-event-context-alignment-v1
F1023_V70_D0120_P1__G29__ch5__nav_sage_v2__ingestion_20260825_event_path_v1__event_1218,F1023_V70_D0120_P1__G29__ch5__nav_sage_v2__ingestion_20260825_event_path_v1,F1023_V70_D0120_P1,G29,confirmed_multipath,1,2026-01-20T15:21:42.340Z,Urban,valid,1,1,1,,F1023_V70_D0120_P1__tow_to_utc_v1,sage-event-context-alignment-v1
F1023_V70_D0120_P1__G29__ch5__nav_sage_v2__ingestion_20260825_event_path_v1__event_1646,F1023_V70_D0120_P1__G29__ch5__nav_sage_v2__ingestion_20260825_event_path_v1,F1023_V70_D0120_P1,G29,rejected_candidate,0,2026-01-20T15:21:50.900Z,Urban,valid,1,1,1,,F1023_V70_D0120_P1__tow_to_utc_v1,sage-event-context-alignment-v1
F1023_V70_D0120_P1__G29__ch5__nav_sage_v2__ingestion_20260825_event_path_v1__event_2098,F1023_V70_D0120_P1__G29__ch5__nav_sage_v2__ingestion_20260825_event_path_v1,F1023_V70_D0120_P1,G29,rejected_candidate,0,2026-01-20T15:21:59.940Z,Urban,valid,1,1,1,,F1023_V70_D0120_P1__tow_to_utc_v1,sage-event-context-alignment-v1
F1023_V70_D0120_P1__G29__ch5__nav_sage_v2__ingestion_20260825_event_path_v1__event_2100,F1023_V70_D0120_P1__G29__ch5__nav_sage_v2__ingestion_20260825_event_path_v1,F1023_V70_D0120_P1,G29,rejected_candidate,0,2026-01-20T15:21:59.980Z,Urban,valid,1,1,1,,F1023_V70_D0120_P1__tow_to_utc_v1,sage-event-context-alignment-v1
F1023_V70_D0120_P1__G29__ch5__nav_sage_v2__ingestion_20260825_event_path_v1__event_2593,F1023_V70_D0120_P1__G29__ch5__nav_sage_v2__ingestion_20260825_event_path_v1,F1023_V70_D0120_P1,G29,confirmed_multipath,1,2026-01-20T15:22:09.840Z,Urban,valid,1,1,1,,F1023_V70_D0120_P1__tow_to_utc_v1,sage-event-context-alignment-v1
F1023_V70_D0120_P1__G29__ch5__nav_sage_v2__ingestion_20260825_event_path_v1__event_2594,F1023_V70_D0120_P1__G29__ch5__nav_sage_v2__ingestion_20260825_event_path_v1,F1023_V70_D0120_P1,G29,confirmed_multipath,1,2026-01-20T15:22:09.860Z,Urban,valid,1,1,1,,F1023_V70_D0120_P1__tow_to_utc_v1,sage-event-context-alignment-v1
F1023_V70_D0120_P1__G31__ch9__nav_sage_v2__ingestion_20260825_event_path_v1__event_540,F1023_V70_D0120_P1__G31__ch9__nav_sage_v2__ingestion_20260825_event_path_v1,F1023_V70_D0120_P1,G31,rejected_candidate,0,2026-01-20T15:21:58.780Z,Urban,valid,1,1,1,,F1023_V70_D0120_P1__tow_to_utc_v1,sage-event-context-alignment-v1
F1023_V70_D0120_P1__G31__ch9__nav_sage_v2__ingestion_20260825_event_path_v1__event_783,F1023_V70_D0120_P1__G31__ch9__nav_sage_v2__ingestion_20260825_event_path_v1,F1023_V70_D0120_P1,G31,rejected_candidate,0,2026-01-20T15:22:03.640Z,Urban,valid,1,1,1,,F1023_V70_D0120_P1__tow_to_utc_v1,sage-event-context-alignment-v1
F1023_V70_D0120_P1__G31__ch9__nav_sage_v2__ingestion_20260825_event_path_v1__event_784,F1023_V70_D0120_P1__G31__ch9__nav_sage_v2__ingestion_20260825_event_path_v1,F1023_V70_D0120_P1,G31,confirmed_multipath,1,2026-01-20T15:22:03.660Z,Urban,valid,1,1,1,,F1023_V70_D0120_P1__tow_to_utc_v1,sage-event-context-alignment-v1
F1023_V70_D0120_P1__G31__ch9__nav_sage_v2__ingestion_20260825_event_path_v1__event_785,F1023_V70_D0120_P1__G31__ch9__nav_sage_v2__ingestion_20260825_event_path_v1,F1023_V70_D0120_P1,G31,rejected_candidate,0,2026-01-20T15:22:03.680Z,Urban,valid,1,1,1,,F1023_V70_D0120_P1__tow_to_utc_v1,sage-event-context-alignment-v1
F1023_V70_D0120_P1__G31__ch9__nav_sage_v2__ingestion_20260825_event_path_v1__event_157,F1023_V70_D0120_P1__G31__ch9__nav_sage_v2__ingestion_20260825_event_path_v1,F1023_V70_D0120_P1,G31,rejected_candidate,0,2026-01-20T15:21:51.120Z,Urban,valid,1,1,1,,F1023_V70_D0120_P1__tow_to_utc_v1,sage-event-context-alignment-v1
F1023_V70_D0120_P1__G31__ch9__nav_sage_v2__ingestion_20260825_event_path_v1__event_469,F1023_V70_D0120_P1__G31__ch9__nav_sage_v2__ingestion_20260825_event_path_v1,F1023_V70_D0120_P1,G31,confirmed_multipath,1,2026-01-20T15:21:57.360Z,Urban,valid,1,1,1,,F1023_V70_D0120_P1__tow_to_utc_v1,sage-event-context-alignment-v1
F1023_V70_D0120_P1__G31__ch9__nav_sage_v2__ingestion_20260825_event_path_v1__event_471,F1023_V70_D0120_P1__G31__ch9__nav_sage_v2__ingestion_20260825_event_path_v1,F1023_V70_D0120_P1,G31,confirmed_multipath,1,2026-01-20T15:21:57.400Z,Urban,valid,1,1,1,,F1023_V70_D0120_P1__tow_to_utc_v1,sage-event-context-alignment-v1
F1023_V70_D0120_P1__G31__ch9__nav_sage_v2__ingestion_20260825_event_path_v1__event_594,F1023_V70_D0120_P1__G31__ch9__nav_sage_v2__ingestion_20260825_event_path_v1,F1023_V70_D0120_P1,G31,confirmed_multipath,1,2026-01-20T15:21:59.860Z,Urban,valid,1,1,1,,F1023_V70_D0120_P1__tow_to_utc_v1,sage-event-context-alignment-v1
F1023_V70_D0120_P5__G18__ch2__nav_sage_v2__ingestion_20260825_event_path_v1__event_1086,F1023_V70_D0120_P5__G18__ch2__nav_sage_v2__ingestion_20260825_event_path_v1,F1023_V70_D0120_P5,G18,rejected_candidate,0,2026-01-20T15:27:39.700Z,Urban,valid,1,1,1,,F1023_V70_D0120_P5__tow_to_utc_v1,sage-event-context-alignment-v1
F1023_V70_D0120_P5__G18__ch2__nav_sage_v2__ingestion_20260825_event_path_v1__event_1087,F1023_V70_D0120_P5__G18__ch2__nav_sage_v2__ingestion_20260825_event_path_v1,F1023_V70_D0120_P5,G18,rejected_candidate,0,2026-01-20T15:27:39.720Z,Urban,valid,1,1,1,,F1023_V70_D0120_P5__tow_to_utc_v1,sage-event-context-alignment-v1
F1023_V70_D0120_P5__G18__ch2__nav_sage_v2__ingestion_20260825_event_path_v1__event_1088,F1023_V70_D0120_P5__G18__ch2__nav_sage_v2__ingestion_20260825_event_path_v1,F1023_V70_D0120_P5,G18,rejected_candidate,0,2026-01-20T15:27:39.740Z,Urban,valid,1,1,1,,F1023_V70_D0120_P5__tow_to_utc_v1,sage-event-context-alignment-v1
F1023_V70_D0120_P5__G18__ch2__nav_sage_v2__ingestion_20260825_event_path_v1__event_874,F1023_V70_D0120_P5__G18__ch2__nav_sage_v2__ingestion_20260825_event_path_v1,F1023_V70_D0120_P5,G18,confirmed_multipath,1,2026-01-20T15:27:35.460Z,Urban,valid,1,1,1,,F1023_V70_D0120_P5__tow_to_utc_v1,sage-event-context-alignment-v1
F1023_V70_D0120_P5__G23__ch0__nav_sage_v2__ingestion_20260825_event_path_v1__event_178,F1023_V70_D0120_P5__G23__ch0__nav_sage_v2__ingestion_20260825_event_path_v1,F1023_V70_D0120_P5,G23,rejected_candidate,0,2026-01-20T15:27:33.540Z,Urban,valid,1,1,1,,F1023_V70_D0120_P5__tow_to_utc_v1,sage-event-context-alignment-v1
F1023_V70_D0120_P5__G23__ch0__nav_sage_v2__ingestion_20260825_event_path_v1__event_16,F1023_V70_D0120_P5__G23__ch0__nav_sage_v2__ingestion_20260825_event_path_v1,F1023_V70_D0120_P5,G23,rejected_candidate,0,2026-01-20T15:27:30.300Z,Urban,valid,1,1,1,,F1023_V70_D0120_P5__tow_to_utc_v1,sage-event-context-alignment-v1
F1023_V70_D0120_P5__G23__ch0__nav_sage_v2__ingestion_20260825_event_path_v1__event_17,F1023_V70_D0120_P5__G23__ch0__nav_sage_v2__ingestion_20260825_event_path_v1,F1023_V70_D0120_P5,G23,rejected_candidate,0,2026-01-20T15:27:30.320Z,Urban,valid,1,1,1,,F1023_V70_D0120_P5__tow_to_utc_v1,sage-event-context-alignment-v1
F1023_V70_D0120_P5__G23__ch0__nav_sage_v2__ingestion_20260825_event_path_v1__event_18,F1023_V70_D0120_P5__G23__ch0__nav_sage_v2__ingestion_20260825_event_path_v1,F1023_V70_D0120_P5,G23,rejected_candidate,0,2026-01-20T15:27:30.340Z,Urban,valid,1,1,1,,F1023_V70_D0120_P5__tow_to_utc_v1,sage-event-context-alignment-v1
F1023_V70_D0120_P5__G23__ch0__nav_sage_v2__ingestion_20260825_event_path_v1__event_65,F1023_V70_D0120_P5__G23__ch0__nav_sage_v2__ingestion_20260825_event_path_v1,F1023_V70_D0120_P5,G23,rejected_candidate,0,2026-01-20T15:27:31.280Z,Urban,valid,1,1,1,,F1023_V70_D0120_P5__tow_to_utc_v1,sage-event-context-alignment-v1
F1023_V70_D0120_P5__G23__ch0__nav_sage_v2__ingestion_20260825_event_path_v1__event_66,F1023_V70_D0120_P5__G23__ch0__nav_sage_v2__ingestion_20260825_event_path_v1,F1023_V70_D0120_P5,G23,rejected_candidate,0,2026-01-20T15:27:31.300Z,Urban,valid,1,1,1,,F1023_V70_D0120_P5__tow_to_utc_v1,sage-event-context-alignment-v1
F1023_V70_D0120_P5__G23__ch0__nav_sage_v2__ingestion_20260825_event_path_v1__event_67,F1023_V70_D0120_P5__G23__ch0__nav_sage_v2__ingestion_20260825_event_path_v1,F1023_V70_D0120_P5,G23,rejected_candidate,0,2026-01-20T15:27:31.320Z,Urban,valid,1,1,1,,F1023_V70_D0120_P5__tow_to_utc_v1,sage-event-context-alignment-v1
F1023_V70_D0120_P5__G23__ch0__nav_sage_v2__ingestion_20260825_event_path_v1__event_84,F1023_V70_D0120_P5__G23__ch0__nav_sage_v2__ingestion_20260825_event_path_v1,F1023_V70_D0120_P5,G23,rejected_candidate,0,2026-01-20T15:27:31.660Z,Urban,valid,1,1,1,,F1023_V70_D0120_P5__tow_to_utc_v1,sage-event-context-alignment-v1
F1023_V70_D0120_P5__G26__ch7__nav_sage_v2__ingestion_20260825_event_path_v1__event_122,F1023_V70_D0120_P5__G26__ch7__nav_sage_v2__ingestion_20260825_event_path_v1,F1023_V70_D0120_P5,G26,rejected_candidate,0,2026-01-20T15:27:20.420Z,Urban,inconclusive,0,1,0,nearest_geometry_delta_exceeds_5s,F1023_V70_D0120_P5__tow_to_utc_v1,sage-event-context-alignment-v1
F1023_V70_D0120_P5__G26__ch7__nav_sage_v2__ingestion_20260825_event_path_v1__event_123,F1023_V70_D0120_P5__G26__ch7__nav_sage_v2__ingestion_20260825_event_path_v1,F1023_V70_D0120_P5,G26,rejected_candidate,0,2026-01-20T15:27:20.440Z,Urban,inconclusive,0,1,0,nearest_geometry_delta_exceeds_5s,F1023_V70_D0120_P5__tow_to_utc_v1,sage-event-context-alignment-v1
F1023_V70_D0120_P5__G26__ch7__nav_sage_v2__ingestion_20260825_event_path_v1__event_121,F1023_V70_D0120_P5__G26__ch7__nav_sage_v2__ingestion_20260825_event_path_v1,F1023_V70_D0120_P5,G26,rejected_candidate,0,2026-01-20T15:27:20.400Z,Urban,inconclusive,0,1,0,nearest_geometry_delta_exceeds_5s,F1023_V70_D0120_P5__tow_to_utc_v1,sage-event-context-alignment-v1
F1023_V70_D0120_P5__G26__ch7__nav_sage_v2__ingestion_20260825_event_path_v1__event_124,F1023_V70_D0120_P5__G26__ch7__nav_sage_v2__ingestion_20260825_event_path_v1,F1023_V70_D0120_P5,G26,confirmed_multipath,1,2026-01-20T15:27:20.460Z,Urban,inconclusive,0,1,0,nearest_geometry_delta_exceeds_5s,F1023_V70_D0120_P5__tow_to_utc_v1,sage-event-context-alignment-v1
F1023_V70_D0120_P5__G26__ch7__nav_sage_v2__ingestion_20260825_event_path_v1__event_136,F1023_V70_D0120_P5__G26__ch7__nav_sage_v2__ingestion_20260825_event_path_v1,F1023_V70_D0120_P5,G26,rejected_candidate,0,2026-01-20T15:27:20.700Z,Urban,inconclusive,0,1,0,nearest_geometry_delta_exceeds_5s,F1023_V70_D0120_P5__tow_to_utc_v1,sage-event-context-alignment-v1
F1023_V70_D0120_P5__G26__ch7__nav_sage_v2__ingestion_20260825_event_path_v1__event_137,F1023_V70_D0120_P5__G26__ch7__nav_sage_v2__ingestion_20260825_event_path_v1,F1023_V70_D0120_P5,G26,rejected_candidate,0,2026-01-20T15:27:20.720Z,Urban,inconclusive,0,1,0,nearest_geometry_delta_exceeds_5s,F1023_V70_D0120_P5__tow_to_utc_v1,sage-event-context-alignment-v1
F1023_V70_D0120_P5__G26__ch7__nav_sage_v2__ingestion_20260825_event_path_v1__event_138,F1023_V70_D0120_P5__G26__ch7__nav_sage_v2__ingestion_20260825_event_path_v1,F1023_V70_D0120_P5,G26,rejected_candidate,0,2026-01-20T15:27:20.740Z,Urban,inconclusive,0,1,0,nearest_geometry_delta_exceeds_5s,F1023_V70_D0120_P5__tow_to_utc_v1,sage-event-context-alignment-v1
F1023_V70_D0120_P5__G26__ch7__nav_sage_v2__ingestion_20260825_event_path_v1__event_286,F1023_V70_D0120_P5__G26__ch7__nav_sage_v2__ingestion_20260825_event_path_v1,F1023_V70_D0120_P5,G26,confirmed_multipath,1,2026-01-20T15:27:23.700Z,Urban,inconclusive,0,1,0,nearest_geometry_delta_exceeds_5s,F1023_V70_D0120_P5__tow_to_utc_v1,sage-event-context-alignment-v1
F1023_V70_D0120_P7__G18__ch4__nav_sage_v2__ingestion_20260825_event_path_v1__event_145,F1023_V70_D0120_P7__G18__ch4__nav_sage_v2__ingestion_20260825_event_path_v1,F1023_V70_D0120_P7,G18,rejected_candidate,0,2026-01-20T15:31:56.880Z,Urban,valid,1,1,1,,F1023_V70_D0120_P7__tow_to_utc_v1,sage-event-context-alignment-v1
F1023_V70_D0120_P7__G18__ch4__nav_sage_v2__ingestion_20260825_event_path_v1__event_352,F1023_V70_D0120_P7__G18__ch4__nav_sage_v2__ingestion_20260825_event_path_v1,F1023_V70_D0120_P7,G18,rejected_candidate,0,2026-01-20T15:32:01.020Z,Urban,valid,1,1,1,,F1023_V70_D0120_P7__tow_to_utc_v1,sage-event-context-alignment-v1
F1023_V70_D0120_P7__G18__ch4__nav_sage_v2__ingestion_20260825_event_path_v1__event_982,F1023_V70_D0120_P7__G18__ch4__nav_sage_v2__ingestion_20260825_event_path_v1,F1023_V70_D0120_P7,G18,rejected_candidate,0,2026-01-20T15:32:13.620Z,Urban,valid,1,1,1,,F1023_V70_D0120_P7__tow_to_utc_v1,sage-event-context-alignment-v1
F1023_V70_D0120_P7__G18__ch4__nav_sage_v2__ingestion_20260825_event_path_v1__event_84,F1023_V70_D0120_P7__G18__ch4__nav_sage_v2__ingestion_20260825_event_path_v1,F1023_V70_D0120_P7,G18,confirmed_multipath,1,2026-01-20T15:31:55.660Z,Urban,valid,1,1,1,,F1023_V70_D0120_P7__tow_to_utc_v1,sage-event-context-alignment-v1
F1023_V70_D0120_P7__G18__ch4__nav_sage_v2__ingestion_20260825_event_path_v1__event_350,F1023_V70_D0120_P7__G18__ch4__nav_sage_v2__ingestion_20260825_event_path_v1,F1023_V70_D0120_P7,G18,rejected_candidate,0,2026-01-20T15:32:00.980Z,Urban,valid,1,1,1,,F1023_V70_D0120_P7__tow_to_utc_v1,sage-event-context-alignment-v1
F1023_V70_D0120_P7__G18__ch4__nav_sage_v2__ingestion_20260825_event_path_v1__event_417,F1023_V70_D0120_P7__G18__ch4__nav_sage_v2__ingestion_20260825_event_path_v1,F1023_V70_D0120_P7,G18,confirmed_multipath,1,2026-01-20T15:32:02.320Z,Urban,valid,1,1,1,,F1023_V70_D0120_P7__tow_to_utc_v1,sage-event-context-alignment-v1
F1023_V70_D0120_P7__G18__ch4__nav_sage_v2__ingestion_20260825_event_path_v1__event_2197,F1023_V70_D0120_P7__G18__ch4__nav_sage_v2__ingestion_20260825_event_path_v1,F1023_V70_D0120_P7,G18,rejected_candidate,0,2026-01-20T15:32:37.920Z,Urban,valid,1,1,1,,F1023_V70_D0120_P7__tow_to_utc_v1,sage-event-context-alignment-v1
F1023_V70_D0120_P7__G26__ch6__nav_sage_v2__ingestion_20260825_event_path_v1__event_421,F1023_V70_D0120_P7__G26__ch6__nav_sage_v2__ingestion_20260825_event_path_v1,F1023_V70_D0120_P7,G26,rejected_candidate,0,2026-01-20T15:32:02.400Z,Urban,valid,1,1,1,,F1023_V70_D0120_P7__tow_to_utc_v1,sage-event-context-alignment-v1
F1023_V70_D0120_P7__G26__ch6__nav_sage_v2__ingestion_20260825_event_path_v1__event_957,F1023_V70_D0120_P7__G26__ch6__nav_sage_v2__ingestion_20260825_event_path_v1,F1023_V70_D0120_P7,G26,rejected_candidate,0,2026-01-20T15:32:13.120Z,Urban,valid,1,1,1,,F1023_V70_D0120_P7__tow_to_utc_v1,sage-event-context-alignment-v1
F1023_V70_D0120_P7__G26__ch6__nav_sage_v2__ingestion_20260825_event_path_v1__event_958,F1023_V70_D0120_P7__G26__ch6__nav_sage_v2__ingestion_20260825_event_path_v1,F1023_V70_D0120_P7,G26,rejected_candidate,0,2026-01-20T15:32:13.140Z,Urban,valid,1,1,1,,F1023_V70_D0120_P7__tow_to_utc_v1,sage-event-context-alignment-v1
F1023_V70_D0120_P7__G26__ch6__nav_sage_v2__ingestion_20260825_event_path_v1__event_959,F1023_V70_D0120_P7__G26__ch6__nav_sage_v2__ingestion_20260825_event_path_v1,F1023_V70_D0120_P7,G26,rejected_candidate,0,2026-01-20T15:32:13.160Z,Urban,valid,1,1,1,,F1023_V70_D0120_P7__tow_to_utc_v1,sage-event-context-alignment-v1
F1023_V70_D0120_P7__G26__ch6__nav_sage_v2__ingestion_20260825_event_path_v1__event_939,F1023_V70_D0120_P7__G26__ch6__nav_sage_v2__ingestion_20260825_event_path_v1,F1023_V70_D0120_P7,G26,rejected_candidate,0,2026-01-20T15:32:12.760Z,Urban,valid,1,1,1,,F1023_V70_D0120_P7__tow_to_utc_v1,sage-event-context-alignment-v1
F1023_V70_D0120_P7__G26__ch6__nav_sage_v2__ingestion_20260825_event_path_v1__event_956,F1023_V70_D0120_P7__G26__ch6__nav_sage_v2__ingestion_20260825_event_path_v1,F1023_V70_D0120_P7,G26,rejected_candidate,0,2026-01-20T15:32:13.100Z,Urban,valid,1,1,1,,F1023_V70_D0120_P7__tow_to_utc_v1,sage-event-context-alignment-v1
F1023_V70_D0120_P7__G31__ch8__nav_sage_v2__ingestion_20260825_event_path_v1__event_74,F1023_V70_D0120_P7__G31__ch8__nav_sage_v2__ingestion_20260825_event_path_v1,F1023_V70_D0120_P7,G31,confirmed_multipath,1,2026-01-20T15:31:55.460Z,Urban,valid,1,1,1,,F1023_V70_D0120_P7__tow_to_utc_v1,sage-event-context-alignment-v1
F1023_V70_D0120_P7__G31__ch8__nav_sage_v2__ingestion_20260825_event_path_v1__event_75,F1023_V70_D0120_P7__G31__ch8__nav_sage_v2__ingestion_20260825_event_path_v1,F1023_V70_D0120_P7,G31,confirmed_multipath,1,2026-01-20T15:31:55.480Z,Urban,valid,1,1,1,,F1023_V70_D0120_P7__tow_to_utc_v1,sage-event-context-alignment-v1
F1023_V70_D0120_P7__G31__ch8__nav_sage_v2__ingestion_20260825_event_path_v1__event_73,F1023_V70_D0120_P7__G31__ch8__nav_sage_v2__ingestion_20260825_event_path_v1,F1023_V70_D0120_P7,G31,rejected_candidate,0,2026-01-20T15:31:55.440Z,Urban,valid,1,1,1,,F1023_V70_D0120_P7__tow_to_utc_v1,sage-event-context-alignment-v1
F1023_V70_D0120_P7__G31__ch8__nav_sage_v2__ingestion_20260825_event_path_v1__event_76,F1023_V70_D0120_P7__G31__ch8__nav_sage_v2__ingestion_20260825_event_path_v1,F1023_V70_D0120_P7,G31,confirmed_multipath,1,2026-01-20T15:31:55.500Z,Urban,valid,1,1,1,,F1023_V70_D0120_P7__tow_to_utc_v1,sage-event-context-alignment-v1
F1023_V70_D0120_P7__G31__ch8__nav_sage_v2__ingestion_20260825_event_path_v1__event_2093,F1023_V70_D0120_P7__G31__ch8__nav_sage_v2__ingestion_20260825_event_path_v1,F1023_V70_D0120_P7,G31,confirmed_multipath,1,2026-01-20T15:32:35.840Z,Urban,valid,1,1,1,,F1023_V70_D0120_P7__tow_to_utc_v1,sage-event-context-alignment-v1
F1023_V70_D0120_P7__G31__ch8__nav_sage_v2__ingestion_20260825_event_path_v1__event_432,F1023_V70_D0120_P7__G31__ch8__nav_sage_v2__ingestion_20260825_event_path_v1,F1023_V70_D0120_P7,G31,confirmed_multipath,1,2026-01-20T15:32:02.620Z,Urban,valid,1,1,1,,F1023_V70_D0120_P7__tow_to_utc_v1,sage-event-context-alignment-v1
F1023_V70_D0120_P7__G31__ch8__nav_sage_v2__ingestion_20260825_event_path_v1__event_957,F1023_V70_D0120_P7__G31__ch8__nav_sage_v2__ingestion_20260825_event_path_v1,F1023_V70_D0120_P7,G31,rejected_candidate,0,2026-01-20T15:32:13.120Z,Urban,valid,1,1,1,,F1023_V70_D0120_P7__tow_to_utc_v1,sage-event-context-alignment-v1
F1023_V70_D0120_P7__G31__ch8__nav_sage_v2__ingestion_20260825_event_path_v1__event_958,F1023_V70_D0120_P7__G31__ch8__nav_sage_v2__ingestion_20260825_event_path_v1,F1023_V70_D0120_P7,G31,rejected_candidate,0,2026-01-20T15:32:13.140Z,Urban,valid,1,1,1,,F1023_V70_D0120_P7__tow_to_utc_v1,sage-event-context-alignment-v1
F1023_V70_D0120_P8__G16__ch4__nav_sage_v2__ingestion_20260825_event_path_v1__event_97,F1023_V70_D0120_P8__G16__ch4__nav_sage_v2__ingestion_20260825_event_path_v1,F1023_V70_D0120_P8,G16,rejected_candidate,0,2026-01-20T15:34:01.920Z,Urban,valid,1,1,1,,F1023_V70_D0120_P8__tow_to_utc_v1,sage-event-context-alignment-v1
F1023_V70_D0120_P8__G16__ch4__nav_sage_v2__ingestion_20260825_event_path_v1__event_98,F1023_V70_D0120_P8__G16__ch4__nav_sage_v2__ingestion_20260825_event_path_v1,F1023_V70_D0120_P8,G16,rejected_candidate,0,2026-01-20T15:34:01.940Z,Urban,valid,1,1,1,,F1023_V70_D0120_P8__tow_to_utc_v1,sage-event-context-alignment-v1
F1023_V70_D0120_P8__G16__ch4__nav_sage_v2__ingestion_20260825_event_path_v1__event_221,F1023_V70_D0120_P8__G16__ch4__nav_sage_v2__ingestion_20260825_event_path_v1,F1023_V70_D0120_P8,G16,rejected_candidate,0,2026-01-20T15:34:04.400Z,Urban,valid,1,1,1,,F1023_V70_D0120_P8__tow_to_utc_v1,sage-event-context-alignment-v1
F1023_V70_D0120_P8__G16__ch4__nav_sage_v2__ingestion_20260825_event_path_v1__event_222,F1023_V70_D0120_P8__G16__ch4__nav_sage_v2__ingestion_20260825_event_path_v1,F1023_V70_D0120_P8,G16,rejected_candidate,0,2026-01-20T15:34:04.420Z,Urban,valid,1,1,1,,F1023_V70_D0120_P8__tow_to_utc_v1,sage-event-context-alignment-v1
F1023_V70_D0120_P8__G16__ch4__nav_sage_v2__ingestion_20260825_event_path_v1__event_419,F1023_V70_D0120_P8__G16__ch4__nav_sage_v2__ingestion_20260825_event_path_v1,F1023_V70_D0120_P8,G16,rejected_candidate,0,2026-01-20T15:34:08.360Z,Urban,valid,1,1,1,,F1023_V70_D0120_P8__tow_to_utc_v1,sage-event-context-alignment-v1
F1023_V70_D0120_P8__G16__ch4__nav_sage_v2__ingestion_20260825_event_path_v1__event_420,F1023_V70_D0120_P8__G16__ch4__nav_sage_v2__ingestion_20260825_event_path_v1,F1023_V70_D0120_P8,G16,rejected_candidate,0,2026-01-20T15:34:08.380Z,Urban,valid,1,1,1,,F1023_V70_D0120_P8__tow_to_utc_v1,sage-event-context-alignment-v1
F1023_V70_D0120_P8__G16__ch4__nav_sage_v2__ingestion_20260825_event_path_v1__event_91,F1023_V70_D0120_P8__G16__ch4__nav_sage_v2__ingestion_20260825_event_path_v1,F1023_V70_D0120_P8,G16,rejected_candidate,0,2026-01-20T15:34:01.800Z,Urban,valid,1,1,1,,F1023_V70_D0120_P8__tow_to_utc_v1,sage-event-context-alignment-v1
F1023_V70_D0120_P8__G16__ch4__nav_sage_v2__ingestion_20260825_event_path_v1__event_92,F1023_V70_D0120_P8__G16__ch4__nav_sage_v2__ingestion_20260825_event_path_v1,F1023_V70_D0120_P8,G16,rejected_candidate,0,2026-01-20T15:34:01.820Z,Urban,valid,1,1,1,,F1023_V70_D0120_P8__tow_to_utc_v1,sage-event-context-alignment-v1
F1023_V70_D0120_P8__G18__ch9__nav_sage_v2__ingestion_20260825_event_path_v1__event_259,F1023_V70_D0120_P8__G18__ch9__nav_sage_v2__ingestion_20260825_event_path_v1,F1023_V70_D0120_P8,G18,rejected_candidate,0,2026-01-20T15:33:59.160Z,Urban,valid,1,1,1,,F1023_V70_D0120_P8__tow_to_utc_v1,sage-event-context-alignment-v1
F1023_V70_D0120_P8__G18__ch9__nav_sage_v2__ingestion_20260825_event_path_v1__event_261,F1023_V70_D0120_P8__G18__ch9__nav_sage_v2__ingestion_20260825_event_path_v1,F1023_V70_D0120_P8,G18,rejected_candidate,0,2026-01-20T15:33:59.200Z,Urban,valid,1,1,1,,F1023_V70_D0120_P8__tow_to_utc_v1,sage-event-context-alignment-v1
F1023_V70_D0120_P8__G18__ch9__nav_sage_v2__ingestion_20260825_event_path_v1__event_768,F1023_V70_D0120_P8__G18__ch9__nav_sage_v2__ingestion_20260825_event_path_v1,F1023_V70_D0120_P8,G18,rejected_candidate,0,2026-01-20T15:34:09.340Z,Urban,valid,1,1,1,,F1023_V70_D0120_P8__tow_to_utc_v1,sage-event-context-alignment-v1
F1023_V70_D0120_P8__G18__ch9__nav_sage_v2__ingestion_20260825_event_path_v1__event_850,F1023_V70_D0120_P8__G18__ch9__nav_sage_v2__ingestion_20260825_event_path_v1,F1023_V70_D0120_P8,G18,rejected_candidate,0,2026-01-20T15:34:10.980Z,Urban,valid,1,1,1,,F1023_V70_D0120_P8__tow_to_utc_v1,sage-event-context-alignment-v1
F1023_V70_D0120_P8__G18__ch9__nav_sage_v2__ingestion_20260825_event_path_v1__event_516,F1023_V70_D0120_P8__G18__ch9__nav_sage_v2__ingestion_20260825_event_path_v1,F1023_V70_D0120_P8,G18,rejected_candidate,0,2026-01-20T15:34:04.300Z,Urban,valid,1,1,1,,F1023_V70_D0120_P8__tow_to_utc_v1,sage-event-context-alignment-v1
F1023_V70_D0120_P8__G18__ch9__nav_sage_v2__ingestion_20260825_event_path_v1__event_517,F1023_V70_D0120_P8__G18__ch9__nav_sage_v2__ingestion_20260825_event_path_v1,F1023_V70_D0120_P8,G18,rejected_candidate,0,2026-01-20T15:34:04.320Z,Urban,valid,1,1,1,,F1023_V70_D0120_P8__tow_to_utc_v1,sage-event-context-alignment-v1
F1023_V70_D0120_P8__G18__ch9__nav_sage_v2__ingestion_20260825_event_path_v1__event_848,F1023_V70_D0120_P8__G18__ch9__nav_sage_v2__ingestion_20260825_event_path_v1,F1023_V70_D0120_P8,G18,confirmed_multipath,1,2026-01-20T15:34:10.940Z,Urban,valid,1,1,1,,F1023_V70_D0120_P8__tow_to_utc_v1,sage-event-context-alignment-v1
F1023_V70_D0120_P8__G18__ch9__nav_sage_v2__ingestion_20260825_event_path_v1__event_851,F1023_V70_D0120_P8__G18__ch9__nav_sage_v2__ingestion_20260825_event_path_v1,F1023_V70_D0120_P8,G18,rejected_candidate,0,2026-01-20T15:34:11.000Z,Urban,valid,1,1,1,,F1023_V70_D0120_P8__tow_to_utc_v1,sage-event-context-alignment-v1
F1023_V70_D0120_P8__G23__ch11__nav_sage_v2__ingestion_20260825_event_path_v1__event_51,F1023_V70_D0120_P8__G23__ch11__nav_sage_v2__ingestion_20260825_event_path_v1,F1023_V70_D0120_P8,G23,rejected_candidate,0,2026-01-20T15:34:01.000Z,Urban,valid,1,1,1,,F1023_V70_D0120_P8__tow_to_utc_v1,sage-event-context-alignment-v1
F1023_V70_D0120_P8__G23__ch11__nav_sage_v2__ingestion_20260825_event_path_v1__event_52,F1023_V70_D0120_P8__G23__ch11__nav_sage_v2__ingestion_20260825_event_path_v1,F1023_V70_D0120_P8,G23,rejected_candidate,0,2026-01-20T15:34:01.020Z,Urban,valid,1,1,1,,F1023_V70_D0120_P8__tow_to_utc_v1,sage-event-context-alignment-v1
F1023_V70_D0120_P8__G23__ch11__nav_sage_v2__ingestion_20260825_event_path_v1__event_53,F1023_V70_D0120_P8__G23__ch11__nav_sage_v2__ingestion_20260825_event_path_v1,F1023_V70_D0120_P8,G23,rejected_candidate,0,2026-01-20T15:34:01.040Z,Urban,valid,1,1,1,,F1023_V70_D0120_P8__tow_to_utc_v1,sage-event-context-alignment-v1
F1023_V70_D0120_P8__G23__ch11__nav_sage_v2__ingestion_20260825_event_path_v1__event_263,F1023_V70_D0120_P8__G23__ch11__nav_sage_v2__ingestion_20260825_event_path_v1,F1023_V70_D0120_P8,G23,rejected_candidate,0,2026-01-20T15:34:05.240Z,Urban,valid,1,1,1,,F1023_V70_D0120_P8__tow_to_utc_v1,sage-event-context-alignment-v1
F1023_V70_D0120_P8__G23__ch11__nav_sage_v2__ingestion_20260825_event_path_v1__event_265,F1023_V70_D0120_P8__G23__ch11__nav_sage_v2__ingestion_20260825_event_path_v1,F1023_V70_D0120_P8,G23,rejected_candidate,0,2026-01-20T15:34:05.280Z,Urban,valid,1,1,1,,F1023_V70_D0120_P8__tow_to_utc_v1,sage-event-context-alignment-v1
F1023_V70_D0120_P8__G26__ch3__nav_sage_v2__ingestion_20260825_event_path_v1__event_298,F1023_V70_D0120_P8__G26__ch3__nav_sage_v2__ingestion_20260825_event_path_v1,F1023_V70_D0120_P8,G26,rejected_candidate,0,2026-01-20T15:33:59.940Z,Urban,valid,1,1,1,,F1023_V70_D0120_P8__tow_to_utc_v1,sage-event-context-alignment-v1
F1023_V70_D0120_P8__G26__ch3__nav_sage_v2__ingestion_20260825_event_path_v1__event_299,F1023_V70_D0120_P8__G26__ch3__nav_sage_v2__ingestion_20260825_event_path_v1,F1023_V70_D0120_P8,G26,confirmed_multipath,1,2026-01-20T15:33:59.960Z,Urban,valid,1,1,1,,F1023_V70_D0120_P8__tow_to_utc_v1,sage-event-context-alignment-v1
F1023_V70_D0120_P8__G26__ch3__nav_sage_v2__ingestion_20260825_event_path_v1__event_300,F1023_V70_D0120_P8__G26__ch3__nav_sage_v2__ingestion_20260825_event_path_v1,F1023_V70_D0120_P8,G26,rejected_candidate,0,2026-01-20T15:33:59.980Z,Urban,valid,1,1,1,,F1023_V70_D0120_P8__tow_to_utc_v1,sage-event-context-alignment-v1
F1023_V70_D0120_P8__G26__ch3__nav_sage_v2__ingestion_20260825_event_path_v1__event_218,F1023_V70_D0120_P8__G26__ch3__nav_sage_v2__ingestion_20260825_event_path_v1,F1023_V70_D0120_P8,G26,rejected_candidate,0,2026-01-20T15:33:58.340Z,Urban,valid,1,1,1,,F1023_V70_D0120_P8__tow_to_utc_v1,sage-event-context-alignment-v1
F1023_V70_D0120_P8__G26__ch3__nav_sage_v2__ingestion_20260825_event_path_v1__event_849,F1023_V70_D0120_P8__G26__ch3__nav_sage_v2__ingestion_20260825_event_path_v1,F1023_V70_D0120_P8,G26,rejected_candidate,0,2026-01-20T15:34:10.960Z,Urban,valid,1,1,1,,F1023_V70_D0120_P8__tow_to_utc_v1,sage-event-context-alignment-v1
F1023_V70_D0120_P8__G26__ch3__nav_sage_v2__ingestion_20260825_event_path_v1__event_850,F1023_V70_D0120_P8__G26__ch3__nav_sage_v2__ingestion_20260825_event_path_v1,F1023_V70_D0120_P8,G26,rejected_candidate,0,2026-01-20T15:34:10.980Z,Urban,valid,1,1,1,,F1023_V70_D0120_P8__tow_to_utc_v1,sage-event-context-alignment-v1
F1023_V70_D0120_P8__G26__ch3__nav_sage_v2__ingestion_20260825_event_path_v1__event_465,F1023_V70_D0120_P8__G26__ch3__nav_sage_v2__ingestion_20260825_event_path_v1,F1023_V70_D0120_P8,G26,rejected_candidate,0,2026-01-20T15:34:03.280Z,Urban,valid,1,1,1,,F1023_V70_D0120_P8__tow_to_utc_v1,sage-event-context-alignment-v1
F1023_V70_D0120_P8__G26__ch3__nav_sage_v2__ingestion_20260825_event_path_v1__event_194,F1023_V70_D0120_P8__G26__ch3__nav_sage_v2__ingestion_20260825_event_path_v1,F1023_V70_D0120_P8,G26,rejected_candidate,0,2026-01-20T15:33:57.860Z,Urban,valid,1,1,1,,F1023_V70_D0120_P8__tow_to_utc_v1,sage-event-context-alignment-v1
F1023_V70_D0120_P9__G16__ch9__nav_sage_v2__ingestion_20260825_event_path_v1__event_92,F1023_V70_D0120_P9__G16__ch9__nav_sage_v2__ingestion_20260825_event_path_v1,F1023_V70_D0120_P9,G16,rejected_candidate,0,2026-01-20T15:35:31.820Z,Special Reflective,valid,1,1,1,,F1023_V70_D0120_P9__tow_to_utc_v1,sage-event-context-alignment-v1
F1023_V70_D0120_P9__G16__ch9__nav_sage_v2__ingestion_20260825_event_path_v1__event_2565,F1023_V70_D0120_P9__G16__ch9__nav_sage_v2__ingestion_20260825_event_path_v1,F1023_V70_D0120_P9,G16,confirmed_multipath,1,2026-01-20T15:36:21.280Z,Special Reflective,valid,1,1,1,,F1023_V70_D0120_P9__tow_to_utc_v1,sage-event-context-alignment-v1
F1023_V70_D0120_P9__G16__ch9__nav_sage_v2__ingestion_20260825_event_path_v1__event_2566,F1023_V70_D0120_P9__G16__ch9__nav_sage_v2__ingestion_20260825_event_path_v1,F1023_V70_D0120_P9,G16,rejected_candidate,0,2026-01-20T15:36:21.300Z,Special Reflective,valid,1,1,1,,F1023_V70_D0120_P9__tow_to_utc_v1,sage-event-context-alignment-v1
F1023_V70_D0120_P9__G16__ch9__nav_sage_v2__ingestion_20260825_event_path_v1__event_1899,F1023_V70_D0120_P9__G16__ch9__nav_sage_v2__ingestion_20260825_event_path_v1,F1023_V70_D0120_P9,G16,rejected_candidate,0,2026-01-20T15:36:07.960Z,Special Reflective,valid,1,1,1,,F1023_V70_D0120_P9__tow_to_utc_v1,sage-event-context-alignment-v1
F1023_V70_D0120_P9__G18__ch1__nav_sage_v2__ingestion_20260825_event_path_v1__event_2319,F1023_V70_D0120_P9__G18__ch1__nav_sage_v2__ingestion_20260825_event_path_v1,F1023_V70_D0120_P9,G18,rejected_candidate,0,2026-01-20T15:36:16.360Z,Special Reflective,valid,1,1,1,,F1023_V70_D0120_P9__tow_to_utc_v1,sage-event-context-alignment-v1
F1023_V70_D0120_P9__G18__ch1__nav_sage_v2__ingestion_20260825_event_path_v1__event_2320,F1023_V70_D0120_P9__G18__ch1__nav_sage_v2__ingestion_20260825_event_path_v1,F1023_V70_D0120_P9,G18,rejected_candidate,0,2026-01-20T15:36:16.380Z,Special Reflective,valid,1,1,1,,F1023_V70_D0120_P9__tow_to_utc_v1,sage-event-context-alignment-v1
F1023_V70_D0120_P9__G18__ch1__nav_sage_v2__ingestion_20260825_event_path_v1__event_1947,F1023_V70_D0120_P9__G18__ch1__nav_sage_v2__ingestion_20260825_event_path_v1,F1023_V70_D0120_P9,G18,rejected_candidate,0,2026-01-20T15:36:08.920Z,Special Reflective,valid,1,1,1,,F1023_V70_D0120_P9__tow_to_utc_v1,sage-event-context-alignment-v1
F1023_V70_D0120_P9__G18__ch1__nav_sage_v2__ingestion_20260825_event_path_v1__event_1948,F1023_V70_D0120_P9__G18__ch1__nav_sage_v2__ingestion_20260825_event_path_v1,F1023_V70_D0120_P9,G18,rejected_candidate,0,2026-01-20T15:36:08.940Z,Special Reflective,valid,1,1,1,,F1023_V70_D0120_P9__tow_to_utc_v1,sage-event-context-alignment-v1
F1023_V70_D0120_P9__G18__ch1__nav_sage_v2__ingestion_20260825_event_path_v1__event_1949,F1023_V70_D0120_P9__G18__ch1__nav_sage_v2__ingestion_20260825_event_path_v1,F1023_V70_D0120_P9,G18,rejected_candidate,0,2026-01-20T15:36:08.960Z,Special Reflective,valid,1,1,1,,F1023_V70_D0120_P9__tow_to_utc_v1,sage-event-context-alignment-v1
F1023_V70_D0120_P9__G18__ch1__nav_sage_v2__ingestion_20260825_event_path_v1__event_2318,F1023_V70_D0120_P9__G18__ch1__nav_sage_v2__ingestion_20260825_event_path_v1,F1023_V70_D0120_P9,G18,rejected_candidate,0,2026-01-20T15:36:16.340Z,Special Reflective,valid,1,1,1,,F1023_V70_D0120_P9__tow_to_utc_v1,sage-event-context-alignment-v1
F1023_V70_D0120_P9__G18__ch1__nav_sage_v2__ingestion_20260825_event_path_v1__event_2321,F1023_V70_D0120_P9__G18__ch1__nav_sage_v2__ingestion_20260825_event_path_v1,F1023_V70_D0120_P9,G18,rejected_candidate,0,2026-01-20T15:36:16.400Z,Special Reflective,valid,1,1,1,,F1023_V70_D0120_P9__tow_to_utc_v1,sage-event-context-alignment-v1
F1023_V70_D0120_P9__G18__ch1__nav_sage_v2__ingestion_20260825_event_path_v1__event_1278,F1023_V70_D0120_P9__G18__ch1__nav_sage_v2__ingestion_20260825_event_path_v1,F1023_V70_D0120_P9,G18,rejected_candidate,0,2026-01-20T15:35:55.540Z,Special Reflective,valid,1,1,1,,F1023_V70_D0120_P9__tow_to_utc_v1,sage-event-context-alignment-v1
F1023_V70_D0120_P9__G26__ch6__nav_sage_v2__ingestion_20260825_event_path_v1__event_1946,F1023_V70_D0120_P9__G26__ch6__nav_sage_v2__ingestion_20260825_event_path_v1,F1023_V70_D0120_P9,G26,rejected_candidate,0,2026-01-20T15:36:08.900Z,Special Reflective,valid,1,1,1,,F1023_V70_D0120_P9__tow_to_utc_v1,sage-event-context-alignment-v1
F1023_V70_D0120_P9__G26__ch6__nav_sage_v2__ingestion_20260825_event_path_v1__event_1947,F1023_V70_D0120_P9__G26__ch6__nav_sage_v2__ingestion_20260825_event_path_v1,F1023_V70_D0120_P9,G26,rejected_candidate,0,2026-01-20T15:36:08.920Z,Special Reflective,valid,1,1,1,,F1023_V70_D0120_P9__tow_to_utc_v1,sage-event-context-alignment-v1
F1023_V70_D0120_P9__G26__ch6__nav_sage_v2__ingestion_20260825_event_path_v1__event_1948,F1023_V70_D0120_P9__G26__ch6__nav_sage_v2__ingestion_20260825_event_path_v1,F1023_V70_D0120_P9,G26,rejected_candidate,0,2026-01-20T15:36:08.940Z,Special Reflective,valid,1,1,1,,F1023_V70_D0120_P9__tow_to_utc_v1,sage-event-context-alignment-v1
F1023_V70_D0120_P9__G26__ch6__nav_sage_v2__ingestion_20260825_event_path_v1__event_2283,F1023_V70_D0120_P9__G26__ch6__nav_sage_v2__ingestion_20260825_event_path_v1,F1023_V70_D0120_P9,G26,rejected_candidate,0,2026-01-20T15:36:15.640Z,Special Reflective,valid,1,1,1,,F1023_V70_D0120_P9__tow_to_utc_v1,sage-event-context-alignment-v1
F1023_V70_D0120_P9__G26__ch6__nav_sage_v2__ingestion_20260825_event_path_v1__event_2284,F1023_V70_D0120_P9__G26__ch6__nav_sage_v2__ingestion_20260825_event_path_v1,F1023_V70_D0120_P9,G26,rejected_candidate,0,2026-01-20T15:36:15.660Z,Special Reflective,valid,1,1,1,,F1023_V70_D0120_P9__tow_to_utc_v1,sage-event-context-alignment-v1
F1023_V70_D0120_P9__G26__ch6__nav_sage_v2__ingestion_20260825_event_path_v1__event_2285,F1023_V70_D0120_P9__G26__ch6__nav_sage_v2__ingestion_20260825_event_path_v1,F1023_V70_D0120_P9,G26,confirmed_multipath,1,2026-01-20T15:36:15.680Z,Special Reflective,valid,1,1,1,,F1023_V70_D0120_P9__tow_to_utc_v1,sage-event-context-alignment-v1
F1023_V70_D0120_P9__G26__ch6__nav_sage_v2__ingestion_20260825_event_path_v1__event_2303,F1023_V70_D0120_P9__G26__ch6__nav_sage_v2__ingestion_20260825_event_path_v1,F1023_V70_D0120_P9,G26,rejected_candidate,0,2026-01-20T15:36:16.040Z,Special Reflective,valid,1,1,1,,F1023_V70_D0120_P9__tow_to_utc_v1,sage-event-context-alignment-v1
F1023_V70_D0120_P9__G26__ch6__nav_sage_v2__ingestion_20260825_event_path_v1__event_2304,F1023_V70_D0120_P9__G26__ch6__nav_sage_v2__ingestion_20260825_event_path_v1,F1023_V70_D0120_P9,G26,rejected_candidate,0,2026-01-20T15:36:16.060Z,Special Reflective,valid,1,1,1,,F1023_V70_D0120_P9__tow_to_utc_v1,sage-event-context-alignment-v1
F1023_V70_D0120_P9__G27__ch5__nav_sage_v2__ingestion_20260825_event_path_v1__event_823,F1023_V70_D0120_P9__G27__ch5__nav_sage_v2__ingestion_20260825_event_path_v1,F1023_V70_D0120_P9,G27,confirmed_multipath,1,2026-01-20T15:36:16.440Z,Special Reflective,valid,1,1,1,,F1023_V70_D0120_P9__tow_to_utc_v1,sage-event-context-alignment-v1
F1023_V70_D0120_P9__G27__ch5__nav_sage_v2__ingestion_20260825_event_path_v1__event_822,F1023_V70_D0120_P9__G27__ch5__nav_sage_v2__ingestion_20260825_event_path_v1,F1023_V70_D0120_P9,G27,confirmed_multipath,1,2026-01-20T15:36:16.420Z,Special Reflective,valid,1,1,1,,F1023_V70_D0120_P9__tow_to_utc_v1,sage-event-context-alignment-v1
F1023_V70_D0120_P9__G27__ch5__nav_sage_v2__ingestion_20260825_event_path_v1__event_845,F1023_V70_D0120_P9__G27__ch5__nav_sage_v2__ingestion_20260825_event_path_v1,F1023_V70_D0120_P9,G27,confirmed_multipath,1,2026-01-20T15:36:16.880Z,Special Reflective,valid,1,1,1,,F1023_V70_D0120_P9__tow_to_utc_v1,sage-event-context-alignment-v1
F1023_V70_D0120_P9__G27__ch5__nav_sage_v2__ingestion_20260825_event_path_v1__event_846,F1023_V70_D0120_P9__G27__ch5__nav_sage_v2__ingestion_20260825_event_path_v1,F1023_V70_D0120_P9,G27,confirmed_multipath,1,2026-01-20T15:36:16.900Z,Special Reflective,valid,1,1,1,,F1023_V70_D0120_P9__tow_to_utc_v1,sage-event-context-alignment-v1
F1023_V70_D0120_P9__G27__ch5__nav_sage_v2__ingestion_20260825_event_path_v1__event_847,F1023_V70_D0120_P9__G27__ch5__nav_sage_v2__ingestion_20260825_event_path_v1,F1023_V70_D0120_P9,G27,confirmed_multipath,1,2026-01-20T15:36:16.920Z,Special Reflective,valid,1,1,1,,F1023_V70_D0120_P9__tow_to_utc_v1,sage-event-context-alignment-v1
F1023_V70_D0120_P9__G27__ch5__nav_sage_v2__ingestion_20260825_event_path_v1__event_755,F1023_V70_D0120_P9__G27__ch5__nav_sage_v2__ingestion_20260825_event_path_v1,F1023_V70_D0120_P9,G27,confirmed_multipath,1,2026-01-20T15:36:15.080Z,Special Reflective,valid,1,1,1,,F1023_V70_D0120_P9__tow_to_utc_v1,sage-event-context-alignment-v1
F1023_V70_D0120_P9__G27__ch5__nav_sage_v2__ingestion_20260825_event_path_v1__event_757,F1023_V70_D0120_P9__G27__ch5__nav_sage_v2__ingestion_20260825_event_path_v1,F1023_V70_D0120_P9,G27,confirmed_multipath,1,2026-01-20T15:36:15.120Z,Special Reflective,valid,1,1,1,,F1023_V70_D0120_P9__tow_to_utc_v1,sage-event-context-alignment-v1
F1023_V70_D0120_P9__G27__ch5__nav_sage_v2__ingestion_20260825_event_path_v1__event_796,F1023_V70_D0120_P9__G27__ch5__nav_sage_v2__ingestion_20260825_event_path_v1,F1023_V70_D0120_P9,G27,confirmed_multipath,1,2026-01-20T15:36:15.900Z,Special Reflective,valid,1,1,1,,F1023_V70_D0120_P9__tow_to_utc_v1,sage-event-context-alignment-v1
F1023_V70_D0120_P9__G28__ch11__nav_sage_v2__ingestion_20260825_event_path_v1__event_592,F1023_V70_D0120_P9__G28__ch11__nav_sage_v2__ingestion_20260825_event_path_v1,F1023_V70_D0120_P9,G28,rejected_candidate,0,2026-01-20T15:35:59.820Z,Special Reflective,unavailable,0,1,0,geometry_prn_missing_in_timeseries,F1023_V70_D0120_P9__tow_to_utc_v1,sage-event-context-alignment-v1
F1023_V70_D0120_P9__G29__ch4__nav_sage_v2__ingestion_20260825_event_path_v1__event_1305,F1023_V70_D0120_P9__G29__ch4__nav_sage_v2__ingestion_20260825_event_path_v1,F1023_V70_D0120_P9,G29,rejected_candidate,0,2026-01-20T15:35:56.080Z,Special Reflective,valid,1,1,1,,F1023_V70_D0120_P9__tow_to_utc_v1,sage-event-context-alignment-v1
F1023_V70_D0120_P9__G29__ch4__nav_sage_v2__ingestion_20260825_event_path_v1__event_1306,F1023_V70_D0120_P9__G29__ch4__nav_sage_v2__ingestion_20260825_event_path_v1,F1023_V70_D0120_P9,G29,rejected_candidate,0,2026-01-20T15:35:56.100Z,Special Reflective,valid,1,1,1,,F1023_V70_D0120_P9__tow_to_utc_v1,sage-event-context-alignment-v1
F1023_V70_D0120_P9__G29__ch4__nav_sage_v2__ingestion_20260825_event_path_v1__event_2559,F1023_V70_D0120_P9__G29__ch4__nav_sage_v2__ingestion_20260825_event_path_v1,F1023_V70_D0120_P9,G29,rejected_candidate,0,2026-01-20T15:36:21.160Z,Special Reflective,valid,1,1,1,,F1023_V70_D0120_P9__tow_to_utc_v1,sage-event-context-alignment-v1
F1023_V70_D0120_P9__G29__ch4__nav_sage_v2__ingestion_20260825_event_path_v1__event_494,F1023_V70_D0120_P9__G29__ch4__nav_sage_v2__ingestion_20260825_event_path_v1,F1023_V70_D0120_P9,G29,rejected_candidate,0,2026-01-20T15:35:39.860Z,Special Reflective,valid,1,1,1,,F1023_V70_D0120_P9__tow_to_utc_v1,sage-event-context-alignment-v1
F1023_V70_D0120_P9__G29__ch4__nav_sage_v2__ingestion_20260825_event_path_v1__event_495,F1023_V70_D0120_P9__G29__ch4__nav_sage_v2__ingestion_20260825_event_path_v1,F1023_V70_D0120_P9,G29,rejected_candidate,0,2026-01-20T15:35:39.880Z,Special Reflective,valid,1,1,1,,F1023_V70_D0120_P9__tow_to_utc_v1,sage-event-context-alignment-v1
F1023_V70_D0120_P9__G29__ch4__nav_sage_v2__ingestion_20260825_event_path_v1__event_559,F1023_V70_D0120_P9__G29__ch4__nav_sage_v2__ingestion_20260825_event_path_v1,F1023_V70_D0120_P9,G29,rejected_candidate,0,2026-01-20T15:35:41.160Z,Special Reflective,valid,1,1,1,,F1023_V70_D0120_P9__tow_to_utc_v1,sage-event-context-alignment-v1
F1023_V70_D0120_P9__G29__ch4__nav_sage_v2__ingestion_20260825_event_path_v1__event_560,F1023_V70_D0120_P9__G29__ch4__nav_sage_v2__ingestion_20260825_event_path_v1,F1023_V70_D0120_P9,G29,confirmed_multipath,1,2026-01-20T15:35:41.180Z,Special Reflective,valid,1,1,1,,F1023_V70_D0120_P9__tow_to_utc_v1,sage-event-context-alignment-v1
F1023_V70_D0120_P9__G29__ch4__nav_sage_v2__ingestion_20260825_event_path_v1__event_2539,F1023_V70_D0120_P9__G29__ch4__nav_sage_v2__ingestion_20260825_event_path_v1,F1023_V70_D0120_P9,G29,rejected_candidate,0,2026-01-20T15:36:20.760Z,Special Reflective,valid,1,1,1,,F1023_V70_D0120_P9__tow_to_utc_v1,sage-event-context-alignment-v1
F1023_V70_D0120_P9__G31__ch7__nav_sage_v2__ingestion_20260825_event_path_v1__event_1476,F1023_V70_D0120_P9__G31__ch7__nav_sage_v2__ingestion_20260825_event_path_v1,F1023_V70_D0120_P9,G31,confirmed_multipath,1,2026-01-20T15:36:17.500Z,Special Reflective,valid,1,1,1,,F1023_V70_D0120_P9__tow_to_utc_v1,sage-event-context-alignment-v1
F1023_V70_D0120_P9__G31__ch7__nav_sage_v2__ingestion_20260825_event_path_v1__event_1477,F1023_V70_D0120_P9__G31__ch7__nav_sage_v2__ingestion_20260825_event_path_v1,F1023_V70_D0120_P9,G31,rejected_candidate,0,2026-01-20T15:36:17.520Z,Special Reflective,valid,1,1,1,,F1023_V70_D0120_P9__tow_to_utc_v1,sage-event-context-alignment-v1
F1023_V70_D0120_P9__G31__ch7__nav_sage_v2__ingestion_20260825_event_path_v1__event_1478,F1023_V70_D0120_P9__G31__ch7__nav_sage_v2__ingestion_20260825_event_path_v1,F1023_V70_D0120_P9,G31,rejected_candidate,0,2026-01-20T15:36:17.540Z,Special Reflective,valid,1,1,1,,F1023_V70_D0120_P9__tow_to_utc_v1,sage-event-context-alignment-v1
F1023_V70_D0120_P9__G31__ch7__nav_sage_v2__ingestion_20260825_event_path_v1__event_449,F1023_V70_D0120_P9__G31__ch7__nav_sage_v2__ingestion_20260825_event_path_v1,F1023_V70_D0120_P9,G31,confirmed_multipath,1,2026-01-20T15:35:56.960Z,Special Reflective,valid,1,1,1,,F1023_V70_D0120_P9__tow_to_utc_v1,sage-event-context-alignment-v1
F1023_V70_D0120_P9__G31__ch7__nav_sage_v2__ingestion_20260825_event_path_v1__event_450,F1023_V70_D0120_P9__G31__ch7__nav_sage_v2__ingestion_20260825_event_path_v1,F1023_V70_D0120_P9,G31,rejected_candidate,0,2026-01-20T15:35:56.980Z,Special Reflective,valid,1,1,1,,F1023_V70_D0120_P9__tow_to_utc_v1,sage-event-context-alignment-v1
F1023_V70_D0120_P9__G31__ch7__nav_sage_v2__ingestion_20260825_event_path_v1__event_451,F1023_V70_D0120_P9__G31__ch7__nav_sage_v2__ingestion_20260825_event_path_v1,F1023_V70_D0120_P9,G31,confirmed_multipath,1,2026-01-20T15:35:57.000Z,Special Reflective,valid,1,1,1,,F1023_V70_D0120_P9__tow_to_utc_v1,sage-event-context-alignment-v1
F1023_V70_D0120_P9__G31__ch7__nav_sage_v2__ingestion_20260825_event_path_v1__event_1062,F1023_V70_D0120_P9__G31__ch7__nav_sage_v2__ingestion_20260825_event_path_v1,F1023_V70_D0120_P9,G31,rejected_candidate,0,2026-01-20T15:36:09.220Z,Special Reflective,valid,1,1,1,,F1023_V70_D0120_P9__tow_to_utc_v1,sage-event-context-alignment-v1
F1023_V70_D0120_P9__G31__ch7__nav_sage_v2__ingestion_20260825_event_path_v1__event_1063,F1023_V70_D0120_P9__G31__ch7__nav_sage_v2__ingestion_20260825_event_path_v1,F1023_V70_D0120_P9,G31,rejected_candidate,0,2026-01-20T15:36:09.240Z,Special Reflective,valid,1,1,1,,F1023_V70_D0120_P9__tow_to_utc_v1,sage-event-context-alignment-v1
F1023_V70_D0122_P1__G13__ch5__nav_sage_v2__ingestion_20260825_event_path_v1__event_67,F1023_V70_D0122_P1__G13__ch5__nav_sage_v2__ingestion_20260825_event_path_v1,F1023_V70_D0122_P1,G13,rejected_candidate,0,2026-01-22T08:22:31.320Z,Urban,valid,1,1,1,,F1023_V70_D0122_P1__tow_to_utc_v1,sage-event-context-alignment-v1
F1023_V70_D0122_P1__G13__ch5__nav_sage_v2__ingestion_20260825_event_path_v1__event_68,F1023_V70_D0122_P1__G13__ch5__nav_sage_v2__ingestion_20260825_event_path_v1,F1023_V70_D0122_P1,G13,rejected_candidate,0,2026-01-22T08:22:31.340Z,Urban,valid,1,1,1,,F1023_V70_D0122_P1__tow_to_utc_v1,sage-event-context-alignment-v1
F1023_V70_D0122_P1__G13__ch5__nav_sage_v2__ingestion_20260825_event_path_v1__event_69,F1023_V70_D0122_P1__G13__ch5__nav_sage_v2__ingestion_20260825_event_path_v1,F1023_V70_D0122_P1,G13,confirmed_multipath,1,2026-01-22T08:22:31.360Z,Urban,valid,1,1,1,,F1023_V70_D0122_P1__tow_to_utc_v1,sage-event-context-alignment-v1
F1023_V70_D0122_P1__G13__ch5__nav_sage_v2__ingestion_20260825_event_path_v1__event_208,F1023_V70_D0122_P1__G13__ch5__nav_sage_v2__ingestion_20260825_event_path_v1,F1023_V70_D0122_P1,G13,rejected_candidate,0,2026-01-22T08:22:34.140Z,Urban,valid,1,1,1,,F1023_V70_D0122_P1__tow_to_utc_v1,sage-event-context-alignment-v1
F1023_V70_D0122_P1__G13__ch5__nav_sage_v2__ingestion_20260825_event_path_v1__event_1291,F1023_V70_D0122_P1__G13__ch5__nav_sage_v2__ingestion_20260825_event_path_v1,F1023_V70_D0122_P1,G13,confirmed_multipath,1,2026-01-22T08:23:01.840Z,Urban,valid,1,1,1,,F1023_V70_D0122_P1__tow_to_utc_v1,sage-event-context-alignment-v1
F1023_V70_D0122_P1__G15__ch8__nav_sage_v2__ingestion_20260825_event_path_v1__event_431,F1023_V70_D0122_P1__G15__ch8__nav_sage_v2__ingestion_20260825_event_path_v1,F1023_V70_D0122_P1,G15,confirmed_multipath,1,2026-01-22T08:22:38.600Z,Urban,valid,1,1,1,,F1023_V70_D0122_P1__tow_to_utc_v1,sage-event-context-alignment-v1
F1023_V70_D0122_P1__G15__ch8__nav_sage_v2__ingestion_20260825_event_path_v1__event_432,F1023_V70_D0122_P1__G15__ch8__nav_sage_v2__ingestion_20260825_event_path_v1,F1023_V70_D0122_P1,G15,rejected_candidate,0,2026-01-22T08:22:38.620Z,Urban,valid,1,1,1,,F1023_V70_D0122_P1__tow_to_utc_v1,sage-event-context-alignment-v1
F1023_V70_D0122_P1__G15__ch8__nav_sage_v2__ingestion_20260825_event_path_v1__event_433,F1023_V70_D0122_P1__G15__ch8__nav_sage_v2__ingestion_20260825_event_path_v1,F1023_V70_D0122_P1,G15,confirmed_multipath,1,2026-01-22T08:22:38.640Z,Urban,valid,1,1,1,,F1023_V70_D0122_P1__tow_to_utc_v1,sage-event-context-alignment-v1
F1023_V70_D0122_P1__G15__ch8__nav_sage_v2__ingestion_20260825_event_path_v1__event_1585,F1023_V70_D0122_P1__G15__ch8__nav_sage_v2__ingestion_20260825_event_path_v1,F1023_V70_D0122_P1,G15,confirmed_multipath,1,2026-01-22T08:23:01.680Z,Urban,valid,1,1,1,,F1023_V70_D0122_P1__tow_to_utc_v1,sage-event-context-alignment-v1
F1023_V70_D0122_P1__G15__ch8__nav_sage_v2__ingestion_20260825_event_path_v1__event_1586,F1023_V70_D0122_P1__G15__ch8__nav_sage_v2__ingestion_20260825_event_path_v1,F1023_V70_D0122_P1,G15,rejected_candidate,0,2026-01-22T08:23:01.700Z,Urban,valid,1,1,1,,F1023_V70_D0122_P1__tow_to_utc_v1,sage-event-context-alignment-v1
F1023_V70_D0122_P1__G15__ch8__nav_sage_v2__ingestion_20260825_event_path_v1__event_1587,F1023_V70_D0122_P1__G15__ch8__nav_sage_v2__ingestion_20260825_event_path_v1,F1023_V70_D0122_P1,G15,confirmed_multipath,1,2026-01-22T08:23:01.720Z,Urban,valid,1,1,1,,F1023_V70_D0122_P1__tow_to_utc_v1,sage-event-context-alignment-v1
F1023_V70_D0122_P1__G17__ch2__nav_sage_v2__ingestion_20260825_event_path_v1__event_1428,F1023_V70_D0122_P1__G17__ch2__nav_sage_v2__ingestion_20260825_event_path_v1,F1023_V70_D0122_P1,G17,confirmed_multipath,1,2026-01-22T08:22:58.540Z,Urban,valid,1,1,1,,F1023_V70_D0122_P1__tow_to_utc_v1,sage-event-context-alignment-v1
F1023_V70_D0122_P1__G17__ch2__nav_sage_v2__ingestion_20260825_event_path_v1__event_1592,F1023_V70_D0122_P1__G17__ch2__nav_sage_v2__ingestion_20260825_event_path_v1,F1023_V70_D0122_P1,G17,rejected_candidate,0,2026-01-22T08:23:01.820Z,Urban,valid,1,1,1,,F1023_V70_D0122_P1__tow_to_utc_v1,sage-event-context-alignment-v1
F1023_V70_D0122_P1__G17__ch2__nav_sage_v2__ingestion_20260825_event_path_v1__event_1318,F1023_V70_D0122_P1__G17__ch2__nav_sage_v2__ingestion_20260825_event_path_v1,F1023_V70_D0122_P1,G17,confirmed_multipath,1,2026-01-22T08:22:56.340Z,Urban,valid,1,1,1,,F1023_V70_D0122_P1__tow_to_utc_v1,sage-event-context-alignment-v1
F1023_V70_D0122_P1__G17__ch2__nav_sage_v2__ingestion_20260825_event_path_v1__event_1329,F1023_V70_D0122_P1__G17__ch2__nav_sage_v2__ingestion_20260825_event_path_v1,F1023_V70_D0122_P1,G17,confirmed_multipath,1,2026-01-22T08:22:56.560Z,Urban,valid,1,1,1,,F1023_V70_D0122_P1__tow_to_utc_v1,sage-event-context-alignment-v1
F1023_V70_D0122_P1__G17__ch2__nav_sage_v2__ingestion_20260825_event_path_v1__event_1560,F1023_V70_D0122_P1__G17__ch2__nav_sage_v2__ingestion_20260825_event_path_v1,F1023_V70_D0122_P1,G17,confirmed_multipath,1,2026-01-22T08:23:01.180Z,Urban,valid,1,1,1,,F1023_V70_D0122_P1__tow_to_utc_v1,sage-event-context-alignment-v1
F1023_V70_D0122_P1__G17__ch2__nav_sage_v2__ingestion_20260825_event_path_v1__event_1562,F1023_V70_D0122_P1__G17__ch2__nav_sage_v2__ingestion_20260825_event_path_v1,F1023_V70_D0122_P1,G17,confirmed_multipath,1,2026-01-22T08:23:01.220Z,Urban,valid,1,1,1,,F1023_V70_D0122_P1__tow_to_utc_v1,sage-event-context-alignment-v1
F1023_V70_D0122_P1__G17__ch2__nav_sage_v2__ingestion_20260825_event_path_v1__event_1332,F1023_V70_D0122_P1__G17__ch2__nav_sage_v2__ingestion_20260825_event_path_v1,F1023_V70_D0122_P1,G17,confirmed_multipath,1,2026-01-22T08:22:56.620Z,Urban,valid,1,1,1,,F1023_V70_D0122_P1__tow_to_utc_v1,sage-event-context-alignment-v1
F1023_V70_D0122_P1__G17__ch2__nav_sage_v2__ingestion_20260825_event_path_v1__event_1429,F1023_V70_D0122_P1__G17__ch2__nav_sage_v2__ingestion_20260825_event_path_v1,F1023_V70_D0122_P1,G17,confirmed_multipath,1,2026-01-22T08:22:58.560Z,Urban,valid,1,1,1,,F1023_V70_D0122_P1__tow_to_utc_v1,sage-event-context-alignment-v1
F1023_V70_D0122_P1__G19__ch11__nav_sage_v2__ingestion_20260825_event_path_v1__event_1434,F1023_V70_D0122_P1__G19__ch11__nav_sage_v2__ingestion_20260825_event_path_v1,F1023_V70_D0122_P1,G19,confirmed_multipath,1,2026-01-22T08:22:58.660Z,Urban,valid,1,1,1,,F1023_V70_D0122_P1__tow_to_utc_v1,sage-event-context-alignment-v1
F1023_V70_D0122_P1__G22__ch4__nav_sage_v2__ingestion_20260825_event_path_v1__event_56,F1023_V70_D0122_P1__G22__ch4__nav_sage_v2__ingestion_20260825_event_path_v1,F1023_V70_D0122_P1,G22,rejected_candidate,0,2026-01-22T08:22:31.100Z,Urban,valid,1,1,1,,F1023_V70_D0122_P1__tow_to_utc_v1,sage-event-context-alignment-v1
F1023_V70_D0122_P1__G22__ch4__nav_sage_v2__ingestion_20260825_event_path_v1__event_57,F1023_V70_D0122_P1__G22__ch4__nav_sage_v2__ingestion_20260825_event_path_v1,F1023_V70_D0122_P1,G22,rejected_candidate,0,2026-01-22T08:22:31.120Z,Urban,valid,1,1,1,,F1023_V70_D0122_P1__tow_to_utc_v1,sage-event-context-alignment-v1
F1023_V70_D0122_P1__G22__ch4__nav_sage_v2__ingestion_20260825_event_path_v1__event_55,F1023_V70_D0122_P1__G22__ch4__nav_sage_v2__ingestion_20260825_event_path_v1,F1023_V70_D0122_P1,G22,rejected_candidate,0,2026-01-22T08:22:31.080Z,Urban,valid,1,1,1,,F1023_V70_D0122_P1__tow_to_utc_v1,sage-event-context-alignment-v1
F1023_V70_D0122_P1__G22__ch4__nav_sage_v2__ingestion_20260825_event_path_v1__event_58,F1023_V70_D0122_P1__G22__ch4__nav_sage_v2__ingestion_20260825_event_path_v1,F1023_V70_D0122_P1,G22,rejected_candidate,0,2026-01-22T08:22:31.140Z,Urban,valid,1,1,1,,F1023_V70_D0122_P1__tow_to_utc_v1,sage-event-context-alignment-v1
F1023_V70_D0122_P1__G22__ch4__nav_sage_v2__ingestion_20260825_event_path_v1__event_1606,F1023_V70_D0122_P1__G22__ch4__nav_sage_v2__ingestion_20260825_event_path_v1,F1023_V70_D0122_P1,G22,rejected_candidate,0,2026-01-22T08:23:02.100Z,Urban,valid,1,1,1,,F1023_V70_D0122_P1__tow_to_utc_v1,sage-event-context-alignment-v1
F1023_V70_D0122_P1__G22__ch4__nav_sage_v2__ingestion_20260825_event_path_v1__event_1604,F1023_V70_D0122_P1__G22__ch4__nav_sage_v2__ingestion_20260825_event_path_v1,F1023_V70_D0122_P1,G22,rejected_candidate,0,2026-01-22T08:23:02.060Z,Urban,valid,1,1,1,,F1023_V70_D0122_P1__tow_to_utc_v1,sage-event-context-alignment-v1
F1023_V70_D0122_P1__G22__ch4__nav_sage_v2__ingestion_20260825_event_path_v1__event_446,F1023_V70_D0122_P1__G22__ch4__nav_sage_v2__ingestion_20260825_event_path_v1,F1023_V70_D0122_P1,G22,confirmed_multipath,1,2026-01-22T08:22:38.900Z,Urban,valid,1,1,1,,F1023_V70_D0122_P1__tow_to_utc_v1,sage-event-context-alignment-v1
F1023_V70_D0122_P1__G22__ch4__nav_sage_v2__ingestion_20260825_event_path_v1__event_434,F1023_V70_D0122_P1__G22__ch4__nav_sage_v2__ingestion_20260825_event_path_v1,F1023_V70_D0122_P1,G22,confirmed_multipath,1,2026-01-22T08:22:38.660Z,Urban,valid,1,1,1,,F1023_V70_D0122_P1__tow_to_utc_v1,sage-event-context-alignment-v1
F1023_V70_D0122_P1__G24__ch7__nav_sage_v2__ingestion_20260825_event_path_v1__event_8,F1023_V70_D0122_P1__G24__ch7__nav_sage_v2__ingestion_20260825_event_path_v1,F1023_V70_D0122_P1,G24,rejected_candidate,0,2026-01-22T08:22:30.140Z,Urban,valid,1,1,1,,F1023_V70_D0122_P1__tow_to_utc_v1,sage-event-context-alignment-v1
F1023_V70_D0122_P1__G24__ch7__nav_sage_v2__ingestion_20260825_event_path_v1__event_9,F1023_V70_D0122_P1__G24__ch7__nav_sage_v2__ingestion_20260825_event_path_v1,F1023_V70_D0122_P1,G24,rejected_candidate,0,2026-01-22T08:22:30.160Z,Urban,valid,1,1,1,,F1023_V70_D0122_P1__tow_to_utc_v1,sage-event-context-alignment-v1
F1023_V70_D0122_P1__G24__ch7__nav_sage_v2__ingestion_20260825_event_path_v1__event_930,F1023_V70_D0122_P1__G24__ch7__nav_sage_v2__ingestion_20260825_event_path_v1,F1023_V70_D0122_P1,G24,rejected_candidate,0,2026-01-22T08:22:48.580Z,Urban,valid,1,1,1,,F1023_V70_D0122_P1__tow_to_utc_v1,sage-event-context-alignment-v1
F1023_V70_D0122_P1__G24__ch7__nav_sage_v2__ingestion_20260825_event_path_v1__event_931,F1023_V70_D0122_P1__G24__ch7__nav_sage_v2__ingestion_20260825_event_path_v1,F1023_V70_D0122_P1,G24,rejected_candidate,0,2026-01-22T08:22:48.600Z,Urban,valid,1,1,1,,F1023_V70_D0122_P1__tow_to_utc_v1,sage-event-context-alignment-v1
F1023_V70_D0122_P1__G24__ch7__nav_sage_v2__ingestion_20260825_event_path_v1__event_932,F1023_V70_D0122_P1__G24__ch7__nav_sage_v2__ingestion_20260825_event_path_v1,F1023_V70_D0122_P1,G24,confirmed_multipath,1,2026-01-22T08:22:48.620Z,Urban,valid,1,1,1,,F1023_V70_D0122_P1__tow_to_utc_v1,sage-event-context-alignment-v1
F1023_V70_D0122_P1__G24__ch7__nav_sage_v2__ingestion_20260825_event_path_v1__event_1361,F1023_V70_D0122_P1__G24__ch7__nav_sage_v2__ingestion_20260825_event_path_v1,F1023_V70_D0122_P1,G24,confirmed_multipath,1,2026-01-22T08:22:57.200Z,Urban,valid,1,1,1,,F1023_V70_D0122_P1__tow_to_utc_v1,sage-event-context-alignment-v1
F1023_V70_D0122_P1__G24__ch7__nav_sage_v2__ingestion_20260825_event_path_v1__event_1362,F1023_V70_D0122_P1__G24__ch7__nav_sage_v2__ingestion_20260825_event_path_v1,F1023_V70_D0122_P1,G24,confirmed_multipath,1,2026-01-22T08:22:57.220Z,Urban,valid,1,1,1,,F1023_V70_D0122_P1__tow_to_utc_v1,sage-event-context-alignment-v1
F1023_V70_D0122_P1__G24__ch7__nav_sage_v2__ingestion_20260825_event_path_v1__event_1363,F1023_V70_D0122_P1__G24__ch7__nav_sage_v2__ingestion_20260825_event_path_v1,F1023_V70_D0122_P1,G24,rejected_candidate,0,2026-01-22T08:22:57.240Z,Urban,valid,1,1,1,,F1023_V70_D0122_P1__tow_to_utc_v1,sage-event-context-alignment-v1
F1023_V70_D0122_P2__G12__ch2__nav_sage_v2__ingestion_20260825_event_path_v1__event_594,F1023_V70_D0122_P2__G12__ch2__nav_sage_v2__ingestion_20260825_event_path_v1,F1023_V70_D0122_P2,G12,confirmed_multipath,1,2026-01-22T08:31:17.860Z,Special Reflective,unavailable,0,1,0,geometry_prn_missing_in_timeseries,F1023_V70_D0122_P2__tow_to_utc_v1,sage-event-context-alignment-v1
F1023_V70_D0122_P2__G12__ch2__nav_sage_v2__ingestion_20260825_event_path_v1__event_451,F1023_V70_D0122_P2__G12__ch2__nav_sage_v2__ingestion_20260825_event_path_v1,F1023_V70_D0122_P2,G12,rejected_candidate,0,2026-01-22T08:31:15.000Z,Special Reflective,unavailable,0,1,0,geometry_prn_missing_in_timeseries,F1023_V70_D0122_P2__tow_to_utc_v1,sage-event-context-alignment-v1
F1023_V70_D0122_P2__G12__ch2__nav_sage_v2__ingestion_20260825_event_path_v1__event_535,F1023_V70_D0122_P2__G12__ch2__nav_sage_v2__ingestion_20260825_event_path_v1,F1023_V70_D0122_P2,G12,confirmed_multipath,1,2026-01-22T08:31:16.680Z,Special Reflective,unavailable,0,1,0,geometry_prn_missing_in_timeseries,F1023_V70_D0122_P2__tow_to_utc_v1,sage-event-context-alignment-v1
F1023_V70_D0122_P2__G12__ch2__nav_sage_v2__ingestion_20260825_event_path_v1__event_653,F1023_V70_D0122_P2__G12__ch2__nav_sage_v2__ingestion_20260825_event_path_v1,F1023_V70_D0122_P2,G12,confirmed_multipath,1,2026-01-22T08:31:19.040Z,Special Reflective,unavailable,0,1,0,geometry_prn_missing_in_timeseries,F1023_V70_D0122_P2__tow_to_utc_v1,sage-event-context-alignment-v1
F1023_V70_D0122_P2__G12__ch2__nav_sage_v2__ingestion_20260825_event_path_v1__event_694,F1023_V70_D0122_P2__G12__ch2__nav_sage_v2__ingestion_20260825_event_path_v1,F1023_V70_D0122_P2,G12,confirmed_multipath,1,2026-01-22T08:31:19.860Z,Special Reflective,unavailable,0,1,0,geometry_prn_missing_in_timeseries,F1023_V70_D0122_P2__tow_to_utc_v1,sage-event-context-alignment-v1
F1023_V70_D0122_P2__G12__ch2__nav_sage_v2__ingestion_20260825_event_path_v1__event_848,F1023_V70_D0122_P2__G12__ch2__nav_sage_v2__ingestion_20260825_event_path_v1,F1023_V70_D0122_P2,G12,confirmed_multipath,1,2026-01-22T08:31:22.940Z,Special Reflective,unavailable,0,1,0,geometry_prn_missing_in_timeseries,F1023_V70_D0122_P2__tow_to_utc_v1,sage-event-context-alignment-v1
F1023_V70_D0122_P2__G12__ch2__nav_sage_v2__ingestion_20260825_event_path_v1__event_471,F1023_V70_D0122_P2__G12__ch2__nav_sage_v2__ingestion_20260825_event_path_v1,F1023_V70_D0122_P2,G12,confirmed_multipath,1,2026-01-22T08:31:15.400Z,Special Reflective,unavailable,0,1,0,geometry_prn_missing_in_timeseries,F1023_V70_D0122_P2__tow_to_utc_v1,sage-event-context-alignment-v1
F1023_V70_D0122_P2__G12__ch2__nav_sage_v2__ingestion_20260825_event_path_v1__event_595,F1023_V70_D0122_P2__G12__ch2__nav_sage_v2__ingestion_20260825_event_path_v1,F1023_V70_D0122_P2,G12,confirmed_multipath,1,2026-01-22T08:31:17.880Z,Special Reflective,unavailable,0,1,0,geometry_prn_missing_in_timeseries,F1023_V70_D0122_P2__tow_to_utc_v1,sage-event-context-alignment-v1
F1023_V70_D0122_P2__G19__ch11__nav_sage_v2__ingestion_20260825_event_path_v1__event_4191,F1023_V70_D0122_P2__G19__ch11__nav_sage_v2__ingestion_20260825_event_path_v1,F1023_V70_D0122_P2,G19,rejected_candidate,0,2026-01-22T08:32:29.840Z,Special Reflective,valid,1,1,1,,F1023_V70_D0122_P2__tow_to_utc_v1,sage-event-context-alignment-v1
F1023_V70_D0122_P2__G19__ch11__nav_sage_v2__ingestion_20260825_event_path_v1__event_4189,F1023_V70_D0122_P2__G19__ch11__nav_sage_v2__ingestion_20260825_event_path_v1,F1023_V70_D0122_P2,G19,rejected_candidate,0,2026-01-22T08:32:29.800Z,Special Reflective,valid,1,1,1,,F1023_V70_D0122_P2__tow_to_utc_v1,sage-event-context-alignment-v1
F1023_V70_D0122_P2__G19__ch11__nav_sage_v2__ingestion_20260825_event_path_v1__event_4190,F1023_V70_D0122_P2__G19__ch11__nav_sage_v2__ingestion_20260825_event_path_v1,F1023_V70_D0122_P2,G19,rejected_candidate,0,2026-01-22T08:32:29.820Z,Special Reflective,valid,1,1,1,,F1023_V70_D0122_P2__tow_to_utc_v1,sage-event-context-alignment-v1
F1023_V70_D0122_P2__G19__ch11__nav_sage_v2__ingestion_20260825_event_path_v1__event_3267,F1023_V70_D0122_P2__G19__ch11__nav_sage_v2__ingestion_20260825_event_path_v1,F1023_V70_D0122_P2,G19,rejected_candidate,0,2026-01-22T08:32:11.360Z,Special Reflective,valid,1,1,1,,F1023_V70_D0122_P2__tow_to_utc_v1,sage-event-context-alignment-v1
F1023_V70_D0122_P2__G23__ch10__nav_sage_v2__ingestion_20260825_event_path_v1__event_987,F1023_V70_D0122_P2__G23__ch10__nav_sage_v2__ingestion_20260825_event_path_v1,F1023_V70_D0122_P2,G23,rejected_candidate,0,2026-01-22T08:31:19.720Z,Special Reflective,valid,1,1,1,,F1023_V70_D0122_P2__tow_to_utc_v1,sage-event-context-alignment-v1
F1023_V70_D0122_P2__G23__ch10__nav_sage_v2__ingestion_20260825_event_path_v1__event_889,F1023_V70_D0122_P2__G23__ch10__nav_sage_v2__ingestion_20260825_event_path_v1,F1023_V70_D0122_P2,G23,confirmed_multipath,1,2026-01-22T08:31:17.760Z,Special Reflective,valid,1,1,1,,F1023_V70_D0122_P2__tow_to_utc_v1,sage-event-context-alignment-v1
F1023_V70_D0122_P2__G23__ch10__nav_sage_v2__ingestion_20260825_event_path_v1__event_1071,F1023_V70_D0122_P2__G23__ch10__nav_sage_v2__ingestion_20260825_event_path_v1,F1023_V70_D0122_P2,G23,confirmed_multipath,1,2026-01-22T08:31:21.400Z,Special Reflective,valid,1,1,1,,F1023_V70_D0122_P2__tow_to_utc_v1,sage-event-context-alignment-v1
F1023_V70_D0122_P2__G23__ch10__nav_sage_v2__ingestion_20260825_event_path_v1__event_2143,F1023_V70_D0122_P2__G23__ch10__nav_sage_v2__ingestion_20260825_event_path_v1,F1023_V70_D0122_P2,G23,confirmed_multipath,1,2026-01-22T08:32:12.880Z,Special Reflective,valid,1,1,1,,F1023_V70_D0122_P2__tow_to_utc_v1,sage-event-context-alignment-v1
F1023_V70_D0122_P2__G23__ch10__nav_sage_v2__ingestion_20260825_event_path_v1__event_877,F1023_V70_D0122_P2__G23__ch10__nav_sage_v2__ingestion_20260825_event_path_v1,F1023_V70_D0122_P2,G23,confirmed_multipath,1,2026-01-22T08:31:17.520Z,Special Reflective,valid,1,1,1,,F1023_V70_D0122_P2__tow_to_utc_v1,sage-event-context-alignment-v1
F1023_V70_D0122_P2__G23__ch10__nav_sage_v2__ingestion_20260825_event_path_v1__event_878,F1023_V70_D0122_P2__G23__ch10__nav_sage_v2__ingestion_20260825_event_path_v1,F1023_V70_D0122_P2,G23,confirmed_multipath,1,2026-01-22T08:31:17.540Z,Special Reflective,valid,1,1,1,,F1023_V70_D0122_P2__tow_to_utc_v1,sage-event-context-alignment-v1
F1023_V70_D0122_P2__G23__ch10__nav_sage_v2__ingestion_20260825_event_path_v1__event_888,F1023_V70_D0122_P2__G23__ch10__nav_sage_v2__ingestion_20260825_event_path_v1,F1023_V70_D0122_P2,G23,confirmed_multipath,1,2026-01-22T08:31:17.740Z,Special Reflective,valid,1,1,1,,F1023_V70_D0122_P2__tow_to_utc_v1,sage-event-context-alignment-v1
F1023_V70_D0122_P2__G23__ch10__nav_sage_v2__ingestion_20260825_event_path_v1__event_891,F1023_V70_D0122_P2__G23__ch10__nav_sage_v2__ingestion_20260825_event_path_v1,F1023_V70_D0122_P2,G23,confirmed_multipath,1,2026-01-22T08:31:17.800Z,Special Reflective,valid,1,1,1,,F1023_V70_D0122_P2__tow_to_utc_v1,sage-event-context-alignment-v1
F1023_V70_D0122_P2__G24__ch3__nav_sage_v2__ingestion_20260825_event_path_v1__event_2198,F1023_V70_D0122_P2__G24__ch3__nav_sage_v2__ingestion_20260825_event_path_v1,F1023_V70_D0122_P2,G24,confirmed_multipath,1,2026-01-22T08:31:43.940Z,Special Reflective,inconclusive,0,1,0,nearest_geometry_delta_exceeds_5s,F1023_V70_D0122_P2__tow_to_utc_v1,sage-event-context-alignment-v1
F1023_V70_D0122_P2__G24__ch3__nav_sage_v2__ingestion_20260825_event_path_v1__event_2199,F1023_V70_D0122_P2__G24__ch3__nav_sage_v2__ingestion_20260825_event_path_v1,F1023_V70_D0122_P2,G24,confirmed_multipath,1,2026-01-22T08:31:43.960Z,Special Reflective,inconclusive,0,1,0,nearest_geometry_delta_exceeds_5s,F1023_V70_D0122_P2__tow_to_utc_v1,sage-event-context-alignment-v1
F1023_V70_D0122_P2__G24__ch3__nav_sage_v2__ingestion_20260825_event_path_v1__event_2197,F1023_V70_D0122_P2__G24__ch3__nav_sage_v2__ingestion_20260825_event_path_v1,F1023_V70_D0122_P2,G24,confirmed_multipath,1,2026-01-22T08:31:43.920Z,Special Reflective,inconclusive,0,1,0,nearest_geometry_delta_exceeds_5s,F1023_V70_D0122_P2__tow_to_utc_v1,sage-event-context-alignment-v1
F1023_V70_D0122_P2__G24__ch3__nav_sage_v2__ingestion_20260825_event_path_v1__event_3071,F1023_V70_D0122_P2__G24__ch3__nav_sage_v2__ingestion_20260825_event_path_v1,F1023_V70_D0122_P2,G24,confirmed_multipath,1,2026-01-22T08:32:01.400Z,Special Reflective,valid,1,1,1,,F1023_V70_D0122_P2__tow_to_utc_v1,sage-event-context-alignment-v1
F1023_V70_D0122_P2__G24__ch3__nav_sage_v2__ingestion_20260825_event_path_v1__event_3330,F1023_V70_D0122_P2__G24__ch3__nav_sage_v2__ingestion_20260825_event_path_v1,F1023_V70_D0122_P2,G24,rejected_candidate,0,2026-01-22T08:32:06.580Z,Special Reflective,valid,1,1,1,,F1023_V70_D0122_P2__tow_to_utc_v1,sage-event-context-alignment-v1
F1023_V70_D0122_P2__G24__ch3__nav_sage_v2__ingestion_20260825_event_path_v1__event_3332,F1023_V70_D0122_P2__G24__ch3__nav_sage_v2__ingestion_20260825_event_path_v1,F1023_V70_D0122_P2,G24,rejected_candidate,0,2026-01-22T08:32:06.620Z,Special Reflective,valid,1,1,1,,F1023_V70_D0122_P2__tow_to_utc_v1,sage-event-context-alignment-v1
F1023_V70_D0122_P2__G24__ch3__nav_sage_v2__ingestion_20260825_event_path_v1__event_1493,F1023_V70_D0122_P2__G24__ch3__nav_sage_v2__ingestion_20260825_event_path_v1,F1023_V70_D0122_P2,G24,confirmed_multipath,1,2026-01-22T08:31:29.840Z,Special Reflective,inconclusive,0,1,0,nearest_geometry_delta_exceeds_5s,F1023_V70_D0122_P2__tow_to_utc_v1,sage-event-context-alignment-v1
F1023_V70_D0122_P2__G24__ch3__nav_sage_v2__ingestion_20260825_event_path_v1__event_3317,F1023_V70_D0122_P2__G24__ch3__nav_sage_v2__ingestion_20260825_event_path_v1,F1023_V70_D0122_P2,G24,rejected_candidate,0,2026-01-22T08:32:06.320Z,Special Reflective,valid,1,1,1,,F1023_V70_D0122_P2__tow_to_utc_v1,sage-event-context-alignment-v1
F1023_V80_D0117_P8__G12__ch4__nav_sage_v2__ingestion_20260825_event_path_v1__event_395,F1023_V80_D0117_P8__G12__ch4__nav_sage_v2__ingestion_20260825_event_path_v1,F1023_V80_D0117_P8,G12,rejected_candidate,0,2026-01-17T12:40:55.880Z,Highway/Open,valid,1,1,1,,F1023_V80_D0117_P8__tow_to_utc_v1,sage-event-context-alignment-v1
F1023_V80_D0117_P8__G12__ch4__nav_sage_v2__ingestion_20260825_event_path_v1__event_475,F1023_V80_D0117_P8__G12__ch4__nav_sage_v2__ingestion_20260825_event_path_v1,F1023_V80_D0117_P8,G12,rejected_candidate,0,2026-01-17T12:40:57.480Z,Highway/Open,valid,1,1,1,,F1023_V80_D0117_P8__tow_to_utc_v1,sage-event-context-alignment-v1
F1023_V80_D0117_P8__G28__ch6__nav_sage_v2__ingestion_20260825_event_path_v1__event_431,F1023_V80_D0117_P8__G28__ch6__nav_sage_v2__ingestion_20260825_event_path_v1,F1023_V80_D0117_P8,G28,rejected_candidate,0,2026-01-17T12:40:56.600Z,Highway/Open,valid,1,1,1,,F1023_V80_D0117_P8__tow_to_utc_v1,sage-event-context-alignment-v1
F1023_V80_D0117_P8__G28__ch6__nav_sage_v2__ingestion_20260825_event_path_v1__event_432,F1023_V80_D0117_P8__G28__ch6__nav_sage_v2__ingestion_20260825_event_path_v1,F1023_V80_D0117_P8,G28,confirmed_multipath,1,2026-01-17T12:40:56.620Z,Highway/Open,valid,1,1,1,,F1023_V80_D0117_P8__tow_to_utc_v1,sage-event-context-alignment-v1
F1023_V80_D0117_P8__G28__ch6__nav_sage_v2__ingestion_20260825_event_path_v1__event_433,F1023_V80_D0117_P8__G28__ch6__nav_sage_v2__ingestion_20260825_event_path_v1,F1023_V80_D0117_P8,G28,confirmed_multipath,1,2026-01-17T12:40:56.640Z,Highway/Open,valid,1,1,1,,F1023_V80_D0117_P8__tow_to_utc_v1,sage-event-context-alignment-v1
F1023_V80_D0117_P8__G28__ch6__nav_sage_v2__ingestion_20260825_event_path_v1__event_1067,F1023_V80_D0117_P8__G28__ch6__nav_sage_v2__ingestion_20260825_event_path_v1,F1023_V80_D0117_P8,G28,rejected_candidate,0,2026-01-17T12:41:09.320Z,Highway/Open,valid,1,1,1,,F1023_V80_D0117_P8__tow_to_utc_v1,sage-event-context-alignment-v1
F1023_V80_D0117_P8__G28__ch6__nav_sage_v2__ingestion_20260825_event_path_v1__event_434,F1023_V80_D0117_P8__G28__ch6__nav_sage_v2__ingestion_20260825_event_path_v1,F1023_V80_D0117_P8,G28,confirmed_multipath,1,2026-01-17T12:40:56.660Z,Highway/Open,valid,1,1,1,,F1023_V80_D0117_P8__tow_to_utc_v1,sage-event-context-alignment-v1
F1023_V80_D0117_P8__G28__ch6__nav_sage_v2__ingestion_20260825_event_path_v1__event_1035,F1023_V80_D0117_P8__G28__ch6__nav_sage_v2__ingestion_20260825_event_path_v1,F1023_V80_D0117_P8,G28,rejected_candidate,0,2026-01-17T12:41:08.680Z,Highway/Open,valid,1,1,1,,F1023_V80_D0117_P8__tow_to_utc_v1,sage-event-context-alignment-v1
F1023_V80_D0117_P8__G28__ch6__nav_sage_v2__ingestion_20260825_event_path_v1__event_1036,F1023_V80_D0117_P8__G28__ch6__nav_sage_v2__ingestion_20260825_event_path_v1,F1023_V80_D0117_P8,G28,rejected_candidate,0,2026-01-17T12:41:08.700Z,Highway/Open,valid,1,1,1,,F1023_V80_D0117_P8__tow_to_utc_v1,sage-event-context-alignment-v1
F1023_V80_D0117_P8__G28__ch6__nav_sage_v2__ingestion_20260825_event_path_v1__event_95,F1023_V80_D0117_P8__G28__ch6__nav_sage_v2__ingestion_20260825_event_path_v1,F1023_V80_D0117_P8,G28,rejected_candidate,0,2026-01-17T12:40:49.880Z,Highway/Open,valid,1,1,1,,F1023_V80_D0117_P8__tow_to_utc_v1,sage-event-context-alignment-v1
F1023_V80_D0117_P8__G29__ch9__nav_sage_v2__ingestion_20260825_event_path_v1__event_457,F1023_V80_D0117_P8__G29__ch9__nav_sage_v2__ingestion_20260825_event_path_v1,F1023_V80_D0117_P8,G29,rejected_candidate,0,2026-01-17T12:40:57.120Z,Highway/Open,valid,1,1,1,,F1023_V80_D0117_P8__tow_to_utc_v1,sage-event-context-alignment-v1
F1023_V80_D0117_P8__G29__ch9__nav_sage_v2__ingestion_20260825_event_path_v1__event_458,F1023_V80_D0117_P8__G29__ch9__nav_sage_v2__ingestion_20260825_event_path_v1,F1023_V80_D0117_P8,G29,rejected_candidate,0,2026-01-17T12:40:57.140Z,Highway/Open,valid,1,1,1,,F1023_V80_D0117_P8__tow_to_utc_v1,sage-event-context-alignment-v1
F1023_V80_D0117_P8__G29__ch9__nav_sage_v2__ingestion_20260825_event_path_v1__event_459,F1023_V80_D0117_P8__G29__ch9__nav_sage_v2__ingestion_20260825_event_path_v1,F1023_V80_D0117_P8,G29,rejected_candidate,0,2026-01-17T12:40:57.160Z,Highway/Open,valid,1,1,1,,F1023_V80_D0117_P8__tow_to_utc_v1,sage-event-context-alignment-v1
F1023_V80_D0117_P8__G29__ch9__nav_sage_v2__ingestion_20260825_event_path_v1__event_1066,F1023_V80_D0117_P8__G29__ch9__nav_sage_v2__ingestion_20260825_event_path_v1,F1023_V80_D0117_P8,G29,rejected_candidate,0,2026-01-17T12:41:09.300Z,Highway/Open,valid,1,1,1,,F1023_V80_D0117_P8__tow_to_utc_v1,sage-event-context-alignment-v1
F1023_V80_D0117_P8__G29__ch9__nav_sage_v2__ingestion_20260825_event_path_v1__event_1067,F1023_V80_D0117_P8__G29__ch9__nav_sage_v2__ingestion_20260825_event_path_v1,F1023_V80_D0117_P8,G29,rejected_candidate,0,2026-01-17T12:41:09.320Z,Highway/Open,valid,1,1,1,,F1023_V80_D0117_P8__tow_to_utc_v1,sage-event-context-alignment-v1
F1023_V80_D0117_P8__G29__ch9__nav_sage_v2__ingestion_20260825_event_path_v1__event_1068,F1023_V80_D0117_P8__G29__ch9__nav_sage_v2__ingestion_20260825_event_path_v1,F1023_V80_D0117_P8,G29,rejected_candidate,0,2026-01-17T12:41:09.340Z,Highway/Open,valid,1,1,1,,F1023_V80_D0117_P8__tow_to_utc_v1,sage-event-context-alignment-v1
F1023_V80_D0117_P8__G29__ch9__nav_sage_v2__ingestion_20260825_event_path_v1__event_734,F1023_V80_D0117_P8__G29__ch9__nav_sage_v2__ingestion_20260825_event_path_v1,F1023_V80_D0117_P8,G29,rejected_candidate,0,2026-01-17T12:41:02.660Z,Highway/Open,valid,1,1,1,,F1023_V80_D0117_P8__tow_to_utc_v1,sage-event-context-alignment-v1
F1023_V80_D0117_P8__G29__ch9__nav_sage_v2__ingestion_20260825_event_path_v1__event_733,F1023_V80_D0117_P8__G29__ch9__nav_sage_v2__ingestion_20260825_event_path_v1,F1023_V80_D0117_P8,G29,confirmed_multipath,1,2026-01-17T12:41:02.640Z,Highway/Open,valid,1,1,1,,F1023_V80_D0117_P8__tow_to_utc_v1,sage-event-context-alignment-v1
F1023_v90_D0117_P7__G12__ch10__nav_sage_v2__ingestion_20260825_event_path_v1__event_56,F1023_v90_D0117_P7__G12__ch10__nav_sage_v2__ingestion_20260825_event_path_v1,F1023_v90_D0117_P7,G12,rejected_candidate,0,2026-01-17T12:37:01.100Z,Mountain/Valley,valid,1,1,1,,F1023_v90_D0117_P7__tow_to_utc_v1,sage-event-context-alignment-v1
F1023_v90_D0117_P7__G12__ch10__nav_sage_v2__ingestion_20260825_event_path_v1__event_57,F1023_v90_D0117_P7__G12__ch10__nav_sage_v2__ingestion_20260825_event_path_v1,F1023_v90_D0117_P7,G12,rejected_candidate,0,2026-01-17T12:37:01.120Z,Mountain/Valley,valid,1,1,1,,F1023_v90_D0117_P7__tow_to_utc_v1,sage-event-context-alignment-v1
F1023_v90_D0117_P7__G12__ch10__nav_sage_v2__ingestion_20260825_event_path_v1__event_58,F1023_v90_D0117_P7__G12__ch10__nav_sage_v2__ingestion_20260825_event_path_v1,F1023_v90_D0117_P7,G12,rejected_candidate,0,2026-01-17T12:37:01.140Z,Mountain/Valley,valid,1,1,1,,F1023_v90_D0117_P7__tow_to_utc_v1,sage-event-context-alignment-v1
F1023_v90_D0117_P7__G12__ch10__nav_sage_v2__ingestion_20260825_event_path_v1__event_82,F1023_v90_D0117_P7__G12__ch10__nav_sage_v2__ingestion_20260825_event_path_v1,F1023_v90_D0117_P7,G12,rejected_candidate,0,2026-01-17T12:37:01.620Z,Mountain/Valley,valid,1,1,1,,F1023_v90_D0117_P7__tow_to_utc_v1,sage-event-context-alignment-v1
F1023_v90_D0117_P7__G25__ch0__nav_sage_v2__ingestion_20260825_event_path_v1__event_45,F1023_v90_D0117_P7__G25__ch0__nav_sage_v2__ingestion_20260825_event_path_v1,F1023_v90_D0117_P7,G25,rejected_candidate,0,2026-01-17T12:37:00.880Z,Mountain/Valley,valid,1,1,1,,F1023_v90_D0117_P7__tow_to_utc_v1,sage-event-context-alignment-v1
F1023_v90_D0117_P7__G25__ch0__nav_sage_v2__ingestion_20260825_event_path_v1__event_46,F1023_v90_D0117_P7__G25__ch0__nav_sage_v2__ingestion_20260825_event_path_v1,F1023_v90_D0117_P7,G25,rejected_candidate,0,2026-01-17T12:37:00.900Z,Mountain/Valley,valid,1,1,1,,F1023_v90_D0117_P7__tow_to_utc_v1,sage-event-context-alignment-v1
F1023_v90_D0117_P7__G25__ch0__nav_sage_v2__ingestion_20260825_event_path_v1__event_47,F1023_v90_D0117_P7__G25__ch0__nav_sage_v2__ingestion_20260825_event_path_v1,F1023_v90_D0117_P7,G25,confirmed_multipath,1,2026-01-17T12:37:00.920Z,Mountain/Valley,valid,1,1,1,,F1023_v90_D0117_P7__tow_to_utc_v1,sage-event-context-alignment-v1
F1023_v90_D0117_P7__G25__ch0__nav_sage_v2__ingestion_20260825_event_path_v1__event_84,F1023_v90_D0117_P7__G25__ch0__nav_sage_v2__ingestion_20260825_event_path_v1,F1023_v90_D0117_P7,G25,confirmed_multipath,1,2026-01-17T12:37:01.660Z,Mountain/Valley,valid,1,1,1,,F1023_v90_D0117_P7__tow_to_utc_v1,sage-event-context-alignment-v1
F1023_v90_D0117_P7__G28__ch4__nav_sage_v2__ingestion_20260825_event_path_v1__event_7,F1023_v90_D0117_P7__G28__ch4__nav_sage_v2__ingestion_20260825_event_path_v1,F1023_v90_D0117_P7,G28,rejected_candidate,0,2026-01-17T12:37:30.120Z,Mountain/Valley,valid,1,1,1,,F1023_v90_D0117_P7__tow_to_utc_v1,sage-event-context-alignment-v1
F1023_v90_D0117_P7__G28__ch4__nav_sage_v2__ingestion_20260825_event_path_v1__event_8,F1023_v90_D0117_P7__G28__ch4__nav_sage_v2__ingestion_20260825_event_path_v1,F1023_v90_D0117_P7,G28,rejected_candidate,0,2026-01-17T12:37:30.140Z,Mountain/Valley,valid,1,1,1,,F1023_v90_D0117_P7__tow_to_utc_v1,sage-event-context-alignment-v1
F1023_v90_D0117_P7__G28__ch4__nav_sage_v2__ingestion_20260825_event_path_v1__event_9,F1023_v90_D0117_P7__G28__ch4__nav_sage_v2__ingestion_20260825_event_path_v1,F1023_v90_D0117_P7,G28,confirmed_multipath,1,2026-01-17T12:37:30.160Z,Mountain/Valley,valid,1,1,1,,F1023_v90_D0117_P7__tow_to_utc_v1,sage-event-context-alignment-v1
F1023_v90_D0117_P7__G28__ch4__nav_sage_v2__ingestion_20260825_event_path_v1__event_43,F1023_v90_D0117_P7__G28__ch4__nav_sage_v2__ingestion_20260825_event_path_v1,F1023_v90_D0117_P7,G28,rejected_candidate,0,2026-01-17T12:37:30.840Z,Mountain/Valley,valid,1,1,1,,F1023_v90_D0117_P7__tow_to_utc_v1,sage-event-context-alignment-v1
F1023_v90_D0117_P7__G28__ch4__nav_sage_v2__ingestion_20260825_event_path_v1__event_50,F1023_v90_D0117_P7__G28__ch4__nav_sage_v2__ingestion_20260825_event_path_v1,F1023_v90_D0117_P7,G28,rejected_candidate,0,2026-01-17T12:37:30.980Z,Mountain/Valley,valid,1,1,1,,F1023_v90_D0117_P7__tow_to_utc_v1,sage-event-context-alignment-v1
F1023_v90_D0117_P7__G28__ch4__nav_sage_v2__ingestion_20260825_event_path_v1__event_74,F1023_v90_D0117_P7__G28__ch4__nav_sage_v2__ingestion_20260825_event_path_v1,F1023_v90_D0117_P7,G28,rejected_candidate,0,2026-01-17T12:37:31.460Z,Mountain/Valley,valid,1,1,1,,F1023_v90_D0117_P7__tow_to_utc_v1,sage-event-context-alignment-v1
F1023_v90_D0117_P7__G29__ch11__nav_sage_v2__ingestion_20260825_event_path_v1__event_199,F1023_v90_D0117_P7__G29__ch11__nav_sage_v2__ingestion_20260825_event_path_v1,F1023_v90_D0117_P7,G29,rejected_candidate,0,2026-01-17T12:37:03.960Z,Mountain/Valley,valid,1,1,1,,F1023_v90_D0117_P7__tow_to_utc_v1,sage-event-context-alignment-v1
F1023_v90_D0117_P7__G29__ch11__nav_sage_v2__ingestion_20260825_event_path_v1__event_1549,F1023_v90_D0117_P7__G29__ch11__nav_sage_v2__ingestion_20260825_event_path_v1,F1023_v90_D0117_P7,G29,rejected_candidate,0,2026-01-17T12:37:30.960Z,Mountain/Valley,valid,1,1,1,,F1023_v90_D0117_P7__tow_to_utc_v1,sage-event-context-alignment-v1
F1023_v90_D0117_P7__G29__ch11__nav_sage_v2__ingestion_20260825_event_path_v1__event_1551,F1023_v90_D0117_P7__G29__ch11__nav_sage_v2__ingestion_20260825_event_path_v1,F1023_v90_D0117_P7,G29,rejected_candidate,0,2026-01-17T12:37:31.000Z,Mountain/Valley,valid,1,1,1,,F1023_v90_D0117_P7__tow_to_utc_v1,sage-event-context-alignment-v1
F1023_v90_D0117_P7__G29__ch11__nav_sage_v2__ingestion_20260825_event_path_v1__event_1581,F1023_v90_D0117_P7__G29__ch11__nav_sage_v2__ingestion_20260825_event_path_v1,F1023_v90_D0117_P7,G29,rejected_candidate,0,2026-01-17T12:37:31.600Z,Mountain/Valley,valid,1,1,1,,F1023_v90_D0117_P7__tow_to_utc_v1,sage-event-context-alignment-v1
F1023_v90_D0117_P7__G29__ch11__nav_sage_v2__ingestion_20260825_event_path_v1__event_1518,F1023_v90_D0117_P7__G29__ch11__nav_sage_v2__ingestion_20260825_event_path_v1,F1023_v90_D0117_P7,G29,rejected_candidate,0,2026-01-17T12:37:30.340Z,Mountain/Valley,valid,1,1,1,,F1023_v90_D0117_P7__tow_to_utc_v1,sage-event-context-alignment-v1
F1023_v90_D0117_P7__G29__ch11__nav_sage_v2__ingestion_20260825_event_path_v1__event_1555,F1023_v90_D0117_P7__G29__ch11__nav_sage_v2__ingestion_20260825_event_path_v1,F1023_v90_D0117_P7,G29,rejected_candidate,0,2026-01-17T12:37:31.080Z,Mountain/Valley,valid,1,1,1,,F1023_v90_D0117_P7__tow_to_utc_v1,sage-event-context-alignment-v1
F1023_v90_D0117_P7__G32__ch5__nav_sage_v2__ingestion_20260825_event_path_v1__event_664,F1023_v90_D0117_P7__G32__ch5__nav_sage_v2__ingestion_20260825_event_path_v1,F1023_v90_D0117_P7,G32,rejected_candidate,0,2026-01-17T12:37:13.260Z,Mountain/Valley,valid,1,1,1,,F1023_v90_D0117_P7__tow_to_utc_v1,sage-event-context-alignment-v1
F1023_v90_D0117_P7__G32__ch5__nav_sage_v2__ingestion_20260825_event_path_v1__event_665,F1023_v90_D0117_P7__G32__ch5__nav_sage_v2__ingestion_20260825_event_path_v1,F1023_v90_D0117_P7,G32,rejected_candidate,0,2026-01-17T12:37:13.280Z,Mountain/Valley,valid,1,1,1,,F1023_v90_D0117_P7__tow_to_utc_v1,sage-event-context-alignment-v1
F1023_v90_D0117_P7__G32__ch5__nav_sage_v2__ingestion_20260825_event_path_v1__event_666,F1023_v90_D0117_P7__G32__ch5__nav_sage_v2__ingestion_20260825_event_path_v1,F1023_v90_D0117_P7,G32,rejected_candidate,0,2026-01-17T12:37:13.300Z,Mountain/Valley,valid,1,1,1,,F1023_v90_D0117_P7__tow_to_utc_v1,sage-event-context-alignment-v1
F1023_v90_D0117_P7__G32__ch5__nav_sage_v2__ingestion_20260825_event_path_v1__event_150,F1023_v90_D0117_P7__G32__ch5__nav_sage_v2__ingestion_20260825_event_path_v1,F1023_v90_D0117_P7,G32,confirmed_multipath,1,2026-01-17T12:37:02.980Z,Mountain/Valley,valid,1,1,1,,F1023_v90_D0117_P7__tow_to_utc_v1,sage-event-context-alignment-v1
F1023_v90_D0117_P7__G32__ch5__nav_sage_v2__ingestion_20260825_event_path_v1__event_148,F1023_v90_D0117_P7__G32__ch5__nav_sage_v2__ingestion_20260825_event_path_v1,F1023_v90_D0117_P7,G32,confirmed_multipath,1,2026-01-17T12:37:02.940Z,Mountain/Valley,valid,1,1,1,,F1023_v90_D0117_P7__tow_to_utc_v1,sage-event-context-alignment-v1
F1023_v90_D0117_P7__G32__ch5__nav_sage_v2__ingestion_20260825_event_path_v1__event_149,F1023_v90_D0117_P7__G32__ch5__nav_sage_v2__ingestion_20260825_event_path_v1,F1023_v90_D0117_P7,G32,confirmed_multipath,1,2026-01-17T12:37:02.960Z,Mountain/Valley,valid,1,1,1,,F1023_v90_D0117_P7__tow_to_utc_v1,sage-event-context-alignment-v1
F1023_v90_D0117_P7__G32__ch5__nav_sage_v2__ingestion_20260825_event_path_v1__event_1542,F1023_v90_D0117_P7__G32__ch5__nav_sage_v2__ingestion_20260825_event_path_v1,F1023_v90_D0117_P7,G32,rejected_candidate,0,2026-01-17T12:37:30.820Z,Mountain/Valley,valid,1,1,1,,F1023_v90_D0117_P7__tow_to_utc_v1,sage-event-context-alignment-v1
F1023_v90_D0117_P7__G32__ch5__nav_sage_v2__ingestion_20260825_event_path_v1__event_1543,F1023_v90_D0117_P7__G32__ch5__nav_sage_v2__ingestion_20260825_event_path_v1,F1023_v90_D0117_P7,G32,confirmed_multipath,1,2026-01-17T12:37:30.840Z,Mountain/Valley,valid,1,1,1,,F1023_v90_D0117_P7__tow_to_utc_v1,sage-event-context-alignment-v1
F1023_V70_D0117_P2__G06__ch4__G06_nav_sage_v1__ingestion_20260825_event_path_v1__event_203,F1023_V70_D0117_P2__G06__ch4__G06_nav_sage_v1__ingestion_20260825_event_path_v1,F1023_V70_D0117_P2,G06,confirmed_multipath,0,,Mountain/Valley,unavailable,0,0,0,legacy_context_missing_excluded_from_modeling,,sage-event-context-alignment-v1
F1023_V70_D0117_P2__G06__ch4__G06_nav_sage_v1__ingestion_20260825_event_path_v1__event_264,F1023_V70_D0117_P2__G06__ch4__G06_nav_sage_v1__ingestion_20260825_event_path_v1,F1023_V70_D0117_P2,G06,confirmed_multipath,0,,Mountain/Valley,unavailable,0,0,0,legacy_context_missing_excluded_from_modeling,,sage-event-context-alignment-v1
F1023_V70_D0117_P2__G11__ch5__nav_sage_v2__ingestion_20260825_event_path_v1__event_641,F1023_V70_D0117_P2__G11__ch5__nav_sage_v2__ingestion_20260825_event_path_v1,F1023_V70_D0117_P2,G11,rejected_candidate,0,2026-01-17T11:48:30.800Z,Mountain/Valley,valid,1,1,1,,F1023_V70_D0117_P2__tow_to_utc_v1,sage-event-context-alignment-v1
F1023_V70_D0117_P2__G11__ch5__nav_sage_v2__ingestion_20260825_event_path_v1__event_642,F1023_V70_D0117_P2__G11__ch5__nav_sage_v2__ingestion_20260825_event_path_v1,F1023_V70_D0117_P2,G11,rejected_candidate,0,2026-01-17T11:48:30.820Z,Mountain/Valley,valid,1,1,1,,F1023_V70_D0117_P2__tow_to_utc_v1,sage-event-context-alignment-v1
F1023_V70_D0117_P2__G11__ch5__nav_sage_v2__ingestion_20260825_event_path_v1__event_317,F1023_V70_D0117_P2__G11__ch5__nav_sage_v2__ingestion_20260825_event_path_v1,F1023_V70_D0117_P2,G11,rejected_candidate,0,2026-01-17T11:48:24.320Z,Mountain/Valley,valid,1,1,1,,F1023_V70_D0117_P2__tow_to_utc_v1,sage-event-context-alignment-v1
F1023_V70_D0117_P2__G11__ch5__nav_sage_v2__ingestion_20260825_event_path_v1__event_640,F1023_V70_D0117_P2__G11__ch5__nav_sage_v2__ingestion_20260825_event_path_v1,F1023_V70_D0117_P2,G11,confirmed_multipath,1,2026-01-17T11:48:30.780Z,Mountain/Valley,valid,1,1,1,,F1023_V70_D0117_P2__tow_to_utc_v1,sage-event-context-alignment-v1
F1023_V70_D0117_P2__G11__ch5__nav_sage_v2__ingestion_20260825_event_path_v1__event_643,F1023_V70_D0117_P2__G11__ch5__nav_sage_v2__ingestion_20260825_event_path_v1,F1023_V70_D0117_P2,G11,rejected_candidate,0,2026-01-17T11:48:30.840Z,Mountain/Valley,valid,1,1,1,,F1023_V70_D0117_P2__tow_to_utc_v1,sage-event-context-alignment-v1
F1023_V70_D0117_P2__G11__ch5__nav_sage_v2__ingestion_20260825_event_path_v1__event_730,F1023_V70_D0117_P2__G11__ch5__nav_sage_v2__ingestion_20260825_event_path_v1,F1023_V70_D0117_P2,G11,rejected_candidate,0,2026-01-17T11:48:32.580Z,Mountain/Valley,valid,1,1,1,,F1023_V70_D0117_P2__tow_to_utc_v1,sage-event-context-alignment-v1
F1023_V70_D0117_P2__G11__ch5__nav_sage_v2__ingestion_20260825_event_path_v1__event_769,F1023_V70_D0117_P2__G11__ch5__nav_sage_v2__ingestion_20260825_event_path_v1,F1023_V70_D0117_P2,G11,rejected_candidate,0,2026-01-17T11:48:33.360Z,Mountain/Valley,valid,1,1,1,,F1023_V70_D0117_P2__tow_to_utc_v1,sage-event-context-alignment-v1
F1023_V70_D0117_P2__G12__ch6__nav_sage_v2__ingestion_20260825_event_path_v1__event_972,F1023_V70_D0117_P2__G12__ch6__nav_sage_v2__ingestion_20260825_event_path_v1,F1023_V70_D0117_P2,G12,rejected_candidate,0,2026-01-17T11:48:37.420Z,Mountain/Valley,valid,1,1,1,,F1023_V70_D0117_P2__tow_to_utc_v1,sage-event-context-alignment-v1
F1023_V70_D0117_P2__G12__ch6__nav_sage_v2__ingestion_20260825_event_path_v1__event_970,F1023_V70_D0117_P2__G12__ch6__nav_sage_v2__ingestion_20260825_event_path_v1,F1023_V70_D0117_P2,G12,confirmed_multipath,1,2026-01-17T11:48:37.380Z,Mountain/Valley,valid,1,1,1,,F1023_V70_D0117_P2__tow_to_utc_v1,sage-event-context-alignment-v1
F1023_V70_D0117_P2__G12__ch6__nav_sage_v2__ingestion_20260825_event_path_v1__event_971,F1023_V70_D0117_P2__G12__ch6__nav_sage_v2__ingestion_20260825_event_path_v1,F1023_V70_D0117_P2,G12,confirmed_multipath,1,2026-01-17T11:48:37.400Z,Mountain/Valley,valid,1,1,1,,F1023_V70_D0117_P2__tow_to_utc_v1,sage-event-context-alignment-v1
F1023_V70_D0117_P2__G12__ch6__nav_sage_v2__ingestion_20260825_event_path_v1__event_651,F1023_V70_D0117_P2__G12__ch6__nav_sage_v2__ingestion_20260825_event_path_v1,F1023_V70_D0117_P2,G12,rejected_candidate,0,2026-01-17T11:48:31.000Z,Mountain/Valley,valid,1,1,1,,F1023_V70_D0117_P2__tow_to_utc_v1,sage-event-context-alignment-v1
F1023_V70_D0117_P2__G28__ch1__nav_sage_v2__ingestion_20260825_event_path_v1__event_693,F1023_V70_D0117_P2__G28__ch1__nav_sage_v2__ingestion_20260825_event_path_v1,F1023_V70_D0117_P2,G28,rejected_candidate,0,2026-01-17T11:48:31.840Z,Mountain/Valley,valid,1,1,1,,F1023_V70_D0117_P2__tow_to_utc_v1,sage-event-context-alignment-v1
F1023_V70_D0117_P2__G28__ch1__nav_sage_v2__ingestion_20260825_event_path_v1__event_298,F1023_V70_D0117_P2__G28__ch1__nav_sage_v2__ingestion_20260825_event_path_v1,F1023_V70_D0117_P2,G28,rejected_candidate,0,2026-01-17T11:48:23.940Z,Mountain/Valley,valid,1,1,1,,F1023_V70_D0117_P2__tow_to_utc_v1,sage-event-context-alignment-v1
F1023_V70_D0117_P2__G29__ch7__nav_sage_v2__ingestion_20260825_event_path_v1__event_80,F1023_V70_D0117_P2__G29__ch7__nav_sage_v2__ingestion_20260825_event_path_v1,F1023_V70_D0117_P2,G29,confirmed_multipath,1,2026-01-17T11:48:19.580Z,Mountain/Valley,valid,1,1,1,,F1023_V70_D0117_P2__tow_to_utc_v1,sage-event-context-alignment-v1
F1023_V70_D0117_P2__G32__ch11__nav_sage_v2__ingestion_20260825_event_path_v1__event_83,F1023_V70_D0117_P2__G32__ch11__nav_sage_v2__ingestion_20260825_event_path_v1,F1023_V70_D0117_P2,G32,rejected_candidate,0,2026-01-17T11:48:19.640Z,Mountain/Valley,valid,1,1,1,,F1023_V70_D0117_P2__tow_to_utc_v1,sage-event-context-alignment-v1
F1023_V70_D0117_P2__G32__ch11__nav_sage_v2__ingestion_20260825_event_path_v1__event_82,F1023_V70_D0117_P2__G32__ch11__nav_sage_v2__ingestion_20260825_event_path_v1,F1023_V70_D0117_P2,G32,confirmed_multipath,1,2026-01-17T11:48:19.620Z,Mountain/Valley,valid,1,1,1,,F1023_V70_D0117_P2__tow_to_utc_v1,sage-event-context-alignment-v1
F1023_V70_D0117_P2__G32__ch11__nav_sage_v2__ingestion_20260825_event_path_v1__event_84,F1023_V70_D0117_P2__G32__ch11__nav_sage_v2__ingestion_20260825_event_path_v1,F1023_V70_D0117_P2,G32,confirmed_multipath,1,2026-01-17T11:48:19.660Z,Mountain/Valley,valid,1,1,1,,F1023_V70_D0117_P2__tow_to_utc_v1,sage-event-context-alignment-v1
F1023_V70_D0117_P2__G32__ch11__nav_sage_v2__ingestion_20260825_event_path_v1__event_143,F1023_V70_D0117_P2__G32__ch11__nav_sage_v2__ingestion_20260825_event_path_v1,F1023_V70_D0117_P2,G32,rejected_candidate,0,2026-01-17T11:48:20.840Z,Mountain/Valley,valid,1,1,1,,F1023_V70_D0117_P2__tow_to_utc_v1,sage-event-context-alignment-v1
F1023_V70_D0117_P2__G32__ch11__nav_sage_v2__ingestion_20260825_event_path_v1__event_144,F1023_V70_D0117_P2__G32__ch11__nav_sage_v2__ingestion_20260825_event_path_v1,F1023_V70_D0117_P2,G32,rejected_candidate,0,2026-01-17T11:48:20.860Z,Mountain/Valley,valid,1,1,1,,F1023_V70_D0117_P2__tow_to_utc_v1,sage-event-context-alignment-v1
F1023_V70_D0117_P2__G32__ch11__nav_sage_v2__ingestion_20260825_event_path_v1__event_145,F1023_V70_D0117_P2__G32__ch11__nav_sage_v2__ingestion_20260825_event_path_v1,F1023_V70_D0117_P2,G32,rejected_candidate,0,2026-01-17T11:48:20.880Z,Mountain/Valley,valid,1,1,1,,F1023_V70_D0117_P2__tow_to_utc_v1,sage-event-context-alignment-v1
F1023_V70_D0117_P2__G32__ch11__nav_sage_v2__ingestion_20260825_event_path_v1__event_759,F1023_V70_D0117_P2__G32__ch11__nav_sage_v2__ingestion_20260825_event_path_v1,F1023_V70_D0117_P2,G32,rejected_candidate,0,2026-01-17T11:48:33.160Z,Mountain/Valley,valid,1,1,1,,F1023_V70_D0117_P2__tow_to_utc_v1,sage-event-context-alignment-v1
F1023_V70_D0117_P2__G32__ch11__nav_sage_v2__ingestion_20260825_event_path_v1__event_760,F1023_V70_D0117_P2__G32__ch11__nav_sage_v2__ingestion_20260825_event_path_v1,F1023_V70_D0117_P2,G32,rejected_candidate,0,2026-01-17T11:48:33.180Z,Mountain/Valley,valid,1,1,1,,F1023_V70_D0117_P2__tow_to_utc_v1,sage-event-context-alignment-v1
